T,AI2_filter1
0,1.24868724936071E-21
1,8.80666078787407E-07
2,1.33178565856585E-06
3,-1.59502665226471E-07
4,-1.09232427563653E-06
5,2.26139511824036E-06
6,5.32861650552551E-06
7,5.53206616016873E-07
8,-6.29368460087651E-06
9,-1.42207346931164E-06
10,1.05624432786159E-05
11,7.77452846189606E-06
12,-1.11678169369354E-05
13,-1.45297953088438E-05
14,1.07935326103446E-05
15,2.47558631382536E-05
16,-5.09641546197847E-06
17,-3.5214234518157E-05
18,-6.11003439745859E-06
19,4.45577379254029E-05
20,2.44627006513233E-05
21,-4.93535427945127E-05
22,-4.98650551362926E-05
23,4.56657127901293E-05
24,8.05020948954434E-05
25,-3.11039025631131E-05
26,-0.000116270821884687
27,-2.73848272743738E-06
28,0.000147986653978972
29,5.56165747695115E-05
30,-0.000173301297686386
31,-0.000136094563425046
32,0.000179757932436894
33,0.000248082346976504
34,-0.00015700977684067
35,-0.000411620019138262
36,8.06606042761114E-05
37,0.00070377061355447
38,0.000128142812081102
39,-0.00190057224964268
40,-0.00413429869938461
41,-0.0056822649748598
42,-0.00752368098731913
43,-0.0111665580087674
44,-0.0160787166752579
45,-0.0196345725154889
46,-0.0199748518309378
47,-0.0180366825050642
48,-0.016132446066622
49,-0.0151736124474982
50,-0.0141571191241649
51,-0.0120651763325377
52,-0.00925108583139
53,-0.00675804843254814
54,-0.00505610096170877
55,-0.00388885399089973
56,-0.00287574528867128
57,-0.00181612187757875
58,-0.000726435768815275
59,3.50221357162457E-05
60,3.92794900737999E-05
61,-0.000307864002943654
62,0.000527689861256498
63,0.00376902761073699
64,0.00850449763157614
65,0.0120552034686357
66,0.0125914001015177
67,0.0109299119401425
68,0.00931758659110839
69,0.008846205110847
70,0.00865934133872131
71,0.00747722621045024
72,0.00514897660847763
73,0.00252913490095936
74,0.000391904604111851
75,-0.00115292241006951
76,-0.00244298480509234
77,-0.00378018172010326
78,-0.00504897826903057
79,-0.00571785122592136
80,-0.00552738279370905
81,-0.00535957906462716
82,-0.00693766830977633
83,-0.0110360619004533
84,-0.0161181049675471
85,-0.0194173751399916
86,-0.0195709379849734
87,-0.0177310746456676
88,-0.01591354251579
89,-0.0148066260076728
90,-0.0136288284489443
91,-0.0116587651119623
92,-0.00915229072064014
93,-0.00679639183828555
94,-0.00493291595966581
95,-0.00352660527998065
96,-0.00243066200172367
97,-0.00143800158803841
98,-0.000440683132678904
99,0.000250315401720841
100,0.000206861482609155
101,-0.000110467568085659
102,0.000863704042834829
103,0.00423116703843014
104,0.00890380981967489
105,0.0122155043269147
106,0.0125688324572105
107,0.0109593195762565
108,0.00954010782019121
109,0.00916300803289858
110,0.00887244387326913
111,0.00750319820470505
112,0.00504655048019616
113,0.00237620884795958
114,0.000226638955571195
115,-0.00127807119563353
116,-0.00244606738747475
117,-0.00364193776869019
118,-0.00487465827748062
119,-0.00564921900207437
120,-0.00560456361030393
121,-0.00550762315402318
122,-0.00707247005669343
123,-0.0111306003349656
124,-0.0161583445168477
125,-0.0193611571972486
126,-0.0194029314381926
127,-0.0175320555996299
128,-0.0158182399286619
129,-0.0148830953493159
130,-0.0138239639954467
131,-0.0118627561681805
132,-0.00928928662320111
133,-0.0068550656277621
134,-0.0049520500196515
135,-0.00357619216781402
136,-0.0025712762513991
137,-0.00165433027205003
138,-0.000626518425864287
139,0.00019393433273338
140,0.000249596125602055
141,-0.000109070774605967
142,0.000741740029303953
143,0.00407782096387941
144,0.0088852798802985
145,0.0123660780723487
146,0.0127354841911853
147,0.0109698484258182
148,0.00938819763492556
149,0.00899199149523255
150,0.00880022060668554
151,0.00751443056614326
152,0.00505987347481751
153,0.00236314112581968
154,0.000222338326821125
155,-0.00125776360152026
156,-0.00244612952585135
157,-0.00371618423809961
158,-0.00502709035558002
159,-0.00584767070389543
160,-0.00582635618411438
161,-0.00573987509558461
162,-0.00728149979066637
163,-0.0112773841637257
164,-0.0162621402975267
165,-0.0195148884297887
166,-0.0196893410280302
167,-0.0179284880437359
168,-0.0162101053178597
169,-0.0151711899727813
170,-0.0139962315230889
171,-0.0119625662977837
172,-0.00935255330058745
173,-0.00690376463110071
174,-0.00501961949690659
175,-0.00368848831620694
176,-0.00269669435145269
177,-0.0017128910558922
178,-0.000572318475485046
179,0.00032030568222141
180,0.000369521732905608
181,-3.3874232706233E-05
182,0.000777716187459334
183,0.00407611032625537
184,0.0088470501673089
185,0.0123445875262296
186,0.012820678654588
187,0.0111758732560827
188,0.00958986184775544
189,0.00902994361235016
190,0.00864462221772299
191,0.0072795088277718
192,0.00485887809297323
193,0.00220396370116252
194,6.52029152492873E-05
195,-0.00140147726615554
196,-0.00253004062728364
197,-0.00374082205283759
198,-0.0050321207201956
199,-0.00581882199769796
200,-0.00568200355014271
201,-0.00545069294991159
202,-0.00695849275304176
203,-0.0110826743607737
204,-0.0162407009248501
205,-0.0195592414165427
206,-0.0196705093084015
207,-0.0178201948366965
208,-0.016074771107656
209,-0.0150716380860308
210,-0.0139584014549033
211,-0.0119971517643091
212,-0.00945844855252713
213,-0.00704079747380463
214,-0.00511706467853863
215,-0.00370720335712392
216,-0.00266811788641574
217,-0.00169672003237252
218,-0.000586357508349289
219,0.000305955025164775
220,0.000376707672189769
221,-2.1393541701334E-05
222,0.000775599148084564
223,0.00406872604298282
224,0.00884265507847044
225,0.0123032759866567
226,0.0126789939165931
227,0.0109323799835106
228,0.00934171644332027
229,0.00890266472415223
230,0.00869154819232522
231,0.00745406530114387
232,0.00505933372226411
233,0.00232696158256356
234,4.65812616617809E-05
235,-0.00154381990291876
236,-0.00268968567303082
237,-0.00380760613887425
238,-0.00500812688364155
239,-0.00581735848802356
240,-0.00578478669437183
241,-0.00560288644893114
242,-0.00704826887596505
243,-0.0110901051527174
244,-0.0162353245704802
245,-0.0195580143835851
246,-0.0195958012162591
247,-0.017647758561432
248,-0.0159431544053055
249,-0.0151445995531641
250,-0.0142005524013219
251,-0.0121905139806563
252,-0.009465804729439
253,-0.00696356739374393
254,-0.00513510508933453
255,-0.00383651156648257
256,-0.00277481875811663
257,-0.00172001746889342
258,-0.000625389649250869
259,0.000164476512718155
260,0.00021913813366174
261,-3.50351435529921E-05
262,0.000923341621104461
263,0.00423371590027264
264,0.00891842683465732
265,0.0123507613585321
266,0.0128174499518321
267,0.0111676543692798
268,0.00956740141634899
269,0.00903668300427923
270,0.00873822063160462
271,0.00744367598978726
272,0.00501115257636517
273,0.00229380614959763
274,0.000112673120793451
275,-0.00137539465686466
276,-0.00255399482379014
277,-0.00383464069101984
278,-0.00514137910373841
279,-0.00587301920298005
280,-0.00570789518401754
281,-0.00555762533548816
282,-0.00718458580598907
283,-0.0113079777229221
284,-0.0163015938124037
285,-0.0194225974145329
286,-0.0194446580688715
287,-0.0176064981414648
288,-0.0158693116862485
289,-0.0148262576123863
290,-0.0136785007286727
291,-0.0117364792094416
292,-0.00925323374100328
293,-0.00689987290654024
294,-0.00505384487541657
295,-0.00371811179197268
296,-0.00268134333801359
297,-0.00161434506874001
298,-0.000411438236565839
299,0.0004378201455702
300,0.000348290961945439
301,-0.000155473451521902
302,0.000706607500687761
303,0.00415477627139973
304,0.00901434403544058
305,0.0124531249427271
306,0.0127883766943132
307,0.0110389858111036
308,0.00943607324717548
309,0.00892790573155065
310,0.00863896384025919
311,0.00740566276644156
312,0.00512114580682664
313,0.00254085144787174
314,0.000362342387351578
315,-0.00123964340152271
316,-0.0025073887653122
317,-0.00376757686265085
318,-0.0050055107650735
319,-0.00571257388339601
320,-0.0055532923096943
321,-0.00536485291106016
322,-0.00692840141296089
323,-0.0110869950320528
324,-0.0162660946292624
325,-0.0195884403696722
326,-0.0196526940417553
327,-0.017712676766584
328,-0.015921331601703
329,-0.0149809534475597
330,-0.0139702518630961
331,-0.0120170346755663
332,-0.00937576533845111
333,-0.0068779186943982
334,-0.00499124137321109
335,-0.00365940490897044
336,-0.00262160732569498
337,-0.00161551837562346
338,-0.000584770790515762
339,9.99657818843357E-05
340,3.2063184629438E-05
341,-0.000269079638971232
342,0.000762599608955089
343,0.00417166532594732
344,0.00884554335857328
345,0.0121664340735801
346,0.0125831693608037
347,0.0110541976438957
348,0.00964350595103374
349,0.00917355380972839
350,0.00876924780821068
351,0.00738016831513919
352,0.00503083696524693
353,0.00251546644636808
354,0.000451924491613294
355,-0.00109424977072767
356,-0.00240255104580285
357,-0.00375672490495284
358,-0.00508089718147402
359,-0.0058292706602609
360,-0.00565820677231037
361,-0.00542842610739105
362,-0.00696355514393245
363,-0.0111156532166393
364,-0.0162580838008872
365,-0.0194726568436213
366,-0.019419758952973
367,-0.0174713925029731
368,-0.0158015856023982
369,-0.0149931253533833
370,-0.0140121149656242
371,-0.012014718518915
372,-0.00935487086164781
373,-0.00688226623270922
374,-0.00500242011564509
375,-0.0036456954232559
376,-0.0026121526489826
377,-0.00164895276902016
378,-0.000604906738988326
379,0.000209004592930697
380,0.000283083169010179
381,-2.23303587398376E-05
382,0.000862351987972331
383,0.00416231553852471
384,0.00888774039031767
385,0.0123123369653286
386,0.0126794409847883
387,0.0109260595511286
388,0.00934113680873499
389,0.00896140602145903
390,0.00884144759452479
391,0.00762583217758303
392,0.00513431693122326
393,0.00228908311250998
394,2.53125209792171E-05
395,-0.0014329820749629
396,-0.0025061380574195
397,-0.00371471361235887
398,-0.0050499520299904
399,-0.00585060279637849
400,-0.00566524242149071
401,-0.00536333401338542
402,-0.00682135812537526
403,-0.010906363145332
404,-0.0160031681441942
405,-0.0192448631692546
406,-0.0193156034671401
407,-0.0175007661025292
408,-0.015840914428848
409,-0.0148973627785076
410,-0.013768365047413
411,-0.0117541935194444
412,-0.00921735804091538
413,-0.00689602369416396
414,-0.00509232583510464
415,-0.0037201198753801
416,-0.00262455322392085
417,-0.001604569831391
418,-0.000542667406899526
419,0.000243906047842506
420,0.000277243512634653
421,-2.82921572735175E-05
422,0.000919146047765736
423,0.00429829641708752
424,0.00904598520645889
425,0.0124222044238057
426,0.0127381389052907
427,0.0109939952646202
428,0.00944688421145837
429,0.00904546207146468
430,0.00883056834282168
431,0.00754691801615842
432,0.00510084306613633
433,0.0023634029999643
434,0.000147739577555496
435,-0.00133965741749746
436,-0.00240738949831184
437,-0.00350533293500313
438,-0.00471161276127524
439,-0.00549835684384186
440,-0.00542326298117584
441,-0.00525792853669906
442,-0.0068258511230815
443,-0.011025104763928
444,-0.016245352029691
445,-0.0195508488480728
446,-0.0195845378127744
447,-0.0176886501265017
448,-0.0159711051587889
449,-0.0149785874811663
450,-0.0137774787043579
451,-0.0117162759150135
452,-0.00921677459799926
453,-0.00695194378998639
454,-0.00509377484182864
455,-0.00357709309660428
456,-0.00244798391795974
457,-0.00161845147657313
458,-0.000796528989436329
459,-3.2957498410744E-05
460,0.000192965476276533
461,7.33829222803711E-06
462,0.000801289312832223
463,0.00391274563145393
464,0.0086005997230639
465,0.0122046387278524
466,0.0127832145878803
467,0.011065999869979
468,0.00932386886124401
469,0.00873866677756814
470,0.00851215422753985
471,0.00733994609429912
472,0.00500089674966423
473,0.00232174641847512
474,0.000136417766935169
475,-0.00136661908313197
476,-0.00253761457365133
477,-0.00377919831101332
478,-0.0050351939918568
479,-0.00572052841688262
480,-0.00551179910532741
481,-0.00533814014735119
482,-0.00701701566904705
483,-0.0112941027830642
484,-0.016468791088886
485,-0.0196738501849009
486,-0.0196453487252507
487,-0.0177144855861871
488,-0.0159506387198585
489,-0.0149526833333987
490,-0.0138506276554549
491,-0.0119070109009233
492,-0.00937264940220053
493,-0.00691546840829376
494,-0.00491756898486903
495,-0.00345829245020649
496,-0.00244773418119473
497,-0.00157567220732672
498,-0.000577537579952687
499,0.000250717525049134
500,0.000336928759354874
501,2.00677276591651E-05
502,0.000900235028234937
503,0.00419524391838398
504,0.00886063110686847
505,0.0121706767272129
506,0.0124632842384763
507,0.0107491935933303
508,0.00926248515240553
509,0.00892636956222296
510,0.0087759218134708
511,0.00754262746161418
512,0.00509424397935245
513,0.00228146715667486
514,-4.24952801729581E-05
515,-0.00160643692958285
516,-0.00269938005205104
517,-0.00380107301539459
518,-0.00501610179466102
519,-0.00581685112043679
520,-0.00575711574844804
521,-0.00560266416138079
522,-0.00714718933448056
523,-0.0112556668324299
524,-0.0163404635877631
525,-0.0195429793837879
526,-0.019553769129456
527,-0.0176835677038626
528,-0.0159863115001085
529,-0.0149952304396758
530,-0.0137740203937594
531,-0.0116381825681011
532,-0.00900780183341107
533,-0.00665541587346425
534,-0.00486095058175209
535,-0.00350270755651898
536,-0.00243103743647631
537,-0.00147662598859463
538,-0.000515895080565515
539,0.000198658338476523
540,0.000241897777999355
541,-1.38958320330678E-05
542,0.000912418970134776
543,0.00415672697666647
544,0.00876480281535904
545,0.0121536517126084
546,0.0126491829885186
547,0.0110901277233344
548,0.00958339386230739
549,0.00911075233887385
550,0.00886286641114992
551,0.00764702661849282
552,0.00528691635711867
553,0.00256956209451371
554,0.000333938164719285
555,-0.00115798397302656
556,-0.00225035856414337
557,-0.00347506733415844
558,-0.00489386713444674
559,-0.00584273008829248
560,-0.00576614910761506
561,-0.00546182189194069
562,-0.00687342460073534
563,-0.0109875927366328
564,-0.0161879433206652
565,-0.0194711416895006
566,-0.0194305587439682
567,-0.017446236379218
568,-0.0157427032011561
569,-0.0149387452376068
570,-0.0139987038276648
571,-0.0120543326434281
572,-0.00943959493849525
573,-0.00699887885166285
574,-0.00513231754968548
575,-0.00375179778531619
576,-0.00264514769736485
577,-0.00159017018253745
578,-0.00050720166092771
579,0.000244628543904256
580,0.000192898568542942
581,-0.000204969554111326
582,0.000675550436714279
583,0.00401568194581266
584,0.00875044097077091
585,0.0121537724095895
586,0.0125375266901164
587,0.0108540260213804
588,0.0093000843625948
589,0.00883396747648159
590,0.00858451964238481
591,0.00735652830257258
592,0.00499851306525116
593,0.00226852205928746
594,-4.64427696995054E-05
595,-0.00164949732935257
596,-0.00276437134675116
597,-0.00385947688198148
598,-0.00508299780527739
599,-0.00592216812505765
600,-0.00588742049079474
601,-0.00571502303316155
602,-0.00723459001164708
603,-0.0113542598259705
604,-0.0164664047970376
605,-0.0196698537674447
606,-0.0196757935375838
607,-0.0178580419043965
608,-0.0162698613426553
609,-0.0153636083721768
610,-0.0141544599333778
611,-0.0120091982261966
612,-0.00941027222166695
613,-0.0070995788488281
614,-0.00528407792646845
615,-0.00385087894518084
616,-0.00273155033926261
617,-0.00177697483695753
618,-0.00078629736868224
619,2.59944485261445E-05
620,0.000140041404858754
621,-0.000173059752545427
622,0.000638012361040608
623,0.00389158130175731
624,0.00867442631784959
625,0.0122098168123174
626,0.0126260171392006
627,0.0108244204543492
628,0.00917138218212171
629,0.00879145453740871
630,0.00874795576763225
631,0.00763676502102882
632,0.00523226045307691
633,0.00242239357038807
634,0.000106324890398488
635,-0.00149016746105008
636,-0.00270508252909959
637,-0.00395302256600805
638,-0.00521739432955068
639,-0.00594709967218919
640,-0.00578706367282454
641,-0.00557646711186887
642,-0.00709482404078445
643,-0.011184779592858
644,-0.0162939274915194
645,-0.0195893783972183
646,-0.0197034088090832
647,-0.0178704923217119
648,-0.0161634499933788
649,-0.0152032622398365
650,-0.0140748079446784
651,-0.0120162286511447
652,-0.0093922370482428
653,-0.00702235624974671
654,-0.00524634755518992
655,-0.00389883710861241
656,-0.00273327040544604
657,-0.00158822608292464
658,-0.000488338769094908
659,0.00017969741776136
660,2.72841537655978E-05
661,-0.000398390947531757
662,0.000517064498175967
663,0.00387767158271229
664,0.00858714930969639
665,0.0119686655948517
666,0.0123862074082817
667,0.0107769863703727
668,0.00927797385376745
669,0.0088085514075596
670,0.00850836328235387
671,0.00722594408857863
672,0.00485581995801276
673,0.0021679600565535
674,-9.46549524801493E-05
675,-0.00170275069362683
676,-0.00289401216893926
677,-0.00407193637207167
678,-0.00531818655776894
679,-0.0061336835116596
680,-0.00608965284884982
681,-0.00593409737282392
682,-0.00745514521780713
683,-0.0115618806716353
684,-0.0167160981177389
685,-0.0200416994481837
686,-0.0201500540070053
687,-0.0182974864332194
688,-0.0165661775210077
689,-0.0155595400677815
690,-0.0143733882177462
691,-0.0123004743216707
692,-0.00973247214560207
693,-0.00743917905163092
694,-0.00569385046231324
695,-0.00433135682887886
696,-0.00315621289199129
697,-0.00202339426529768
698,-0.000913286152082985
699,-0.00017209175676277
700,-0.000208310759738818
701,-0.000535877352328411
702,0.000407316396134904
703,0.00370285513045373
704,0.00826778150296975
705,0.011489886228283
706,0.0118434423591018
707,0.0103508786700307
708,0.00911603842627418
709,0.00890037776938704
710,0.00868400087197654
711,0.00730752187764005
712,0.00482895101447238
713,0.00219436447518304
714,0.000144580828695667
715,-0.0012809098553263
716,-0.00249608786779668
717,-0.00386989307077412
718,-0.00527544113763424
719,-0.006062977628175
720,-0.00586304998202155
721,-0.00559345973245389
722,-0.00711316218977181
723,-0.0112453692766537
724,-0.0163491756064798
725,-0.0195656636579616
726,-0.0196122306469288
727,-0.0178060669149728
728,-0.0161827349783716
729,-0.0152548184534417
730,-0.0140746792092882
731,-0.0119582632472483
732,-0.00933752960033048
733,-0.00699264834583135
734,-0.00518334742572733
735,-0.00374998806136054
736,-0.00253936444189156
737,-0.00144074157845364
738,-0.000400962505400889
739,0.000317772853743983
740,0.000341823050693692
741,8.85087748860292E-05
742,0.00103839210015603
743,0.00430992843799493
744,0.00894321888888226
745,0.0123432271111018
746,0.0128048051573003
747,0.011159902013449
748,0.00956642272779509
749,0.00905922957213309
750,0.00880074153704645
751,0.00751496955242726
752,0.00501137097263838
753,0.00217560725922807
754,-6.27965938024733E-05
755,-0.00148061973594654
756,-0.00252401252233416
757,-0.00372599458420492
758,-0.00504008053401524
759,-0.00577015532857955
760,-0.00551097417323039
761,-0.00522837053561117
762,-0.00681863291738764
763,-0.0110417975965988
764,-0.0161623871733637
765,-0.0193208055695179
766,-0.0193219494283271
767,-0.0175397127283198
768,-0.0159829009409706
769,-0.0151228431366923
770,-0.0140114290558341
771,-0.0119586464848666
772,-0.00934388802431068
773,-0.00691953913507512
774,-0.0050254985313963
775,-0.00361817305651366
776,-0.00253307613501605
777,-0.00151107129515132
778,-0.000412193719887178
779,0.000390755895667214
780,0.000362269848116069
781,-5.04486623676728E-05
782,0.000837226436731318
783,0.00424520380939461
784,0.0090645017850665
785,0.0125002510613304
786,0.0128633367038273
787,0.0111716178465079
788,0.00966280935771594
789,0.00925043552267887
790,0.00898231401792598
791,0.00764898291997742
792,0.00518201813885748
793,0.00243065831460058
794,0.00016885668500327
795,-0.00141806548200297
796,-0.00263250324603136
797,-0.00388689496162128
798,-0.00519851816035943
799,-0.00599660086094376
800,-0.00585329797893745
801,-0.00558769245749938
802,-0.00704369505138286
803,-0.0111142658238847
804,-0.0162222945649034
805,-0.0195120144579318
806,-0.0196614609127025
807,-0.0179367095648994
808,-0.0163251803476645
809,-0.0153198065866261
810,-0.0140142833969484
811,-0.011810823276675
812,-0.00920160429219127
813,-0.00694964141898711
814,-0.00524532527457124
815,-0.00387029178119838
816,-0.00265561502094535
817,-0.00151314123386042
818,-0.000436838287313881
819,0.000264388555146246
820,0.000214528206159048
821,-0.00010833221193637
822,0.000842571909333822
823,0.00417248943081441
824,0.00883160476977437
825,0.0121660190663175
826,0.012525187849131
827,0.010849813550119
828,0.00933195755385888
829,0.00893447307863693
830,0.00874305951245317
831,0.00748912426348628
832,0.00503193952295028
833,0.00225280684221189
834,1.71497871480052E-05
835,-0.00148425680804316
836,-0.00265150339755446
837,-0.00395432523767415
838,-0.00533478301842726
839,-0.00611355049657159
840,-0.00587288581707873
841,-0.00555507175957692
842,-0.00708269029784882
843,-0.0112751073319437
844,-0.0164019568381705
845,-0.0195438453140755
846,-0.0194831622601123
847,-0.0176585031301885
848,-0.0161212487617187
849,-0.0152568060389166
850,-0.0140040991851841
851,-0.0117338406526344
852,-0.00904440536835805
853,-0.00679444580273298
854,-0.00515126129653009
855,-0.00382102002692446
856,-0.00262901936686837
857,-0.00153855453528088
858,-0.000537486662899912
859,0.00014872833878694
860,0.000178319930613112
861,-6.9900530814234E-05
862,0.000823729119432478
863,0.00398173557561254
864,0.0085222943678573
865,0.0119296806389194
866,0.0125085419530952
867,0.0110245142391837
868,0.00955261487391422
869,0.00910553944659676
870,0.00890210194951281
871,0.00772029847379734
872,0.00532306101440614
873,0.00247729378373506
874,7.51071977149016E-05
875,-0.00153184897811402
876,-0.00262905202784203
877,-0.00376176953738047
878,-0.00506618335321462
879,-0.00596533309913022
880,-0.00594623068464325
881,-0.00577336998691481
882,-0.00730457565677145
883,-0.0114602222107402
884,-0.0166400213926675
885,-0.0199237597354199
886,-0.0199649790210313
887,-0.0181074792752776
888,-0.0164673157733474
889,-0.0155813045932287
890,-0.0144364440803067
891,-0.0122863303324543
892,-0.00960502715487996
893,-0.00728535418666564
894,-0.00562172913211836
895,-0.00433329005583908
896,-0.00311091720482714
897,-0.00185192460371998
898,-0.000691625182477299
899,-3.75280821360915E-05
900,-0.000169685757063271
901,-0.000448126416109654
902,0.000653774165924847
903,0.00403342193679841
904,0.00852796267681223
905,0.0116580817875878
906,0.0120374888320686
907,0.0106071558408305
908,0.00927614398391009
909,0.00881427455175177
910,0.00846855374942821
911,0.00726206462667345
912,0.00506481861973003
913,0.00246990384808318
914,0.000161845346827433
915,-0.00148976767399545
916,-0.00260434094267253
917,-0.00366154388810006
918,-0.00487733153680924
919,-0.00573045915349877
920,-0.00566008879188088
921,-0.00539203940437686
922,-0.00682781877288946
923,-0.0109169836799051
924,-0.0160054788015933
925,-0.0191547239535501
926,-0.0191343736476854
927,-0.0173860260546091
928,-0.0158978923979755
929,-0.0149668320906061
930,-0.0135706062541741
931,-0.0112417083212962
932,-0.00864336016921028
933,-0.00648571434850354
934,-0.00477243169751223
935,-0.00327270385549991
936,-0.00201822551963631
937,-0.00102646448592766
938,-0.000117590679492249
939,0.000617707164105263
940,0.000753504679549043
941,0.000522233645984615
942,0.00137151330980066
943,0.00456489297640677
944,0.00921776877789626
945,0.0126363494225472
946,0.0130394991871186
947,0.0113607163281674
948,0.00988596773923477
949,0.00959323092269195
950,0.00947510691464795
951,0.00820883670855582
952,0.00570356717659386
953,0.0028883090427797
954,0.000606692719617641
955,-0.000954285846230531
956,-0.00211621767017198
957,-0.00329978131609005
958,-0.00454601692031767
959,-0.00532321787044526
960,-0.00520579871210793
961,-0.00497433810063696
962,-0.00646302683816021
963,-0.0105998607344567
964,-0.0157947279088706
965,-0.0190857040970057
966,-0.019081219921
967,-0.017157341550371
968,-0.0155058870977229
969,-0.0146788877873969
970,-0.0136105204141696
971,-0.0115207739443139
972,-0.00888825291324028
973,-0.00658044271691732
974,-0.00484709203995901
975,-0.00346036812304685
976,-0.00226964370190714
977,-0.00123752357680845
978,-0.000332423532038091
979,0.000261188667468286
980,0.000257070529303974
981,8.53657368947456E-05
982,0.00118379964147565
983,0.00462045995123314
984,0.00937870277450333
985,0.0128046911249255
986,0.0131858327052016
987,0.0114263951668045
988,0.00977251262643946
989,0.00928229336535154
990,0.00908260527656905
991,0.00786150679152244
992,0.00540264761761179
993,0.00255826911465142
994,0.00024990832438559
995,-0.00123586617283651
996,-0.00227045414487471
997,-0.00342143021246244
998,-0.00477120659247167
999,-0.00566700543079419
1000,-0.00556355393721387
1001,-0.00526577538470535
1002,-0.00670999688073606
1003,-0.0108563405114263
1004,-0.0160651588413998
1005,-0.0193488238825214
1006,-0.0193487289997649
1007,-0.0174561556230924
1008,-0.0158179058316618
1009,-0.0149453532500648
1010,-0.0137959154013191
1011,-0.0116384657118349
1012,-0.00896870338532525
1013,-0.00665614198354085
1014,-0.00497012921038031
1015,-0.00367450934643887
1016,-0.00252873386058715
1017,-0.00139567623678072
1018,-0.00027685278144554
1019,0.000474717149323588
1020,0.000451816706858113
1021,0.000150487359387588
1022,0.00116469641823835
1023,0.0046120866191874
1024,0.00939220002228927
1025,0.0127941636562523
1026,0.0131700637678979
1027,0.0115028266948344
1028,0.00999500308570249
1029,0.00958218286729152
1030,0.00934506974370165
1031,0.00804157489560354
1032,0.0055270078205344
1033,0.00264509670735301
1034,0.000288610329879483
1035,-0.00123276420199208
1036,-0.00225961237149905
1037,-0.00339677910407417
1038,-0.00478980492062798
1039,-0.0057677715780182
1040,-0.00569826232121597
1041,-0.00536320905337492
1042,-0.0067853819948743
1043,-0.0109902699703262
1044,-0.0162696797536038
1045,-0.0195230127286809
1046,-0.0194043485145996
1047,-0.0174364184226813
1048,-0.0158363709045622
1049,-0.0150310963794171
1050,-0.0138599556433365
1051,-0.0115926801545637
1052,-0.00881963646766828
1053,-0.0064636180427672
1054,-0.0047655034075787
1055,-0.00346230446906559
1056,-0.00233448803092984
1057,-0.00125430188723767
1058,-0.000177880773675847
1059,0.000574865852659149
1060,0.000542521849672951
1061,0.000139323322189225
1062,0.000987580482566214
1063,0.00435404910016004
1064,0.00923739303682151
1065,0.0128300318928132
1066,0.0132787506643866
1067,0.0114850502663535
1068,0.00977903959885287
1069,0.00926259697802746
1070,0.00903020448010541
1071,0.00774272110238055
1072,0.00523295081165839
1073,0.002425388940377
1074,0.000220387062986871
1075,-0.00122175353570389
1076,-0.00236068432842712
1077,-0.00368553849053818
1078,-0.00510444980362456
1079,-0.00590013422517274
1080,-0.00565597529750544
1081,-0.00534251450009535
1082,-0.00689544687025283
1083,-0.0111141805802444
1084,-0.016240600268302
1085,-0.0193495845889976
1086,-0.0192377265852104
1087,-0.0173569606907981
1088,-0.0157670831721308
1089,-0.0148702988961913
1090,-0.0136259799098505
1091,-0.0114024330425482
1092,-0.00876849971166999
1093,-0.00656112665168996
1094,-0.00495061649011737
1095,-0.00362772891236803
1096,-0.00235238539323261
1097,-0.00104790500402148
1098,0.000198119428806296
1099,0.000962521356512793
1100,0.000834386359181774
1101,0.000390374127929409
1102,0.00132359651793497
1103,0.00476254324737614
1104,0.00951290833847495
1105,0.0127840792719536
1106,0.0129774506873564
1107,0.0112066234433566
1108,0.00972537571776
1109,0.00938085275446791
1110,0.00915235619570842
1111,0.007824787098472
1112,0.00536597321778019
1113,0.00264465605915841
1114,0.000426817177882642
1115,-0.00110946725884787
1116,-0.00226921602844989
1117,-0.00348510450133297
1118,-0.00479612840302243
1119,-0.00561137261272448
1120,-0.00545809977477011
1121,-0.00516762315657624
1122,-0.00666798335192337
1123,-0.0108907155328696
1124,-0.0161508201498561
1125,-0.0194290747561869
1126,-0.0193867877777384
1127,-0.017466200348513
1128,-0.015831467870924
1129,-0.0149586709018211
1130,-0.0137730232815565
1131,-0.0115589387060472
1132,-0.00884154059466788
1133,-0.00648170806040871
1134,-0.00472135518531413
1135,-0.00334478372701337
1136,-0.00218506432901325
1137,-0.00114970849816394
1138,-0.000189132042164513
1139,0.000450924353108216
1140,0.000419924230173828
1141,0.000167081114830632
1142,0.0011890903166805
1143,0.00454860417858817
1144,0.00917213787766696
1145,0.0124242718949095
1146,0.0127232218177998
1147,0.0110755271090784
1148,0.00965886114475559
1149,0.00934937386796206
1150,0.00917074719790306
1151,0.00787263581236069
1152,0.00535842959527998
1153,0.0025168563471751
1154,0.000219531182228141
1155,-0.00128245604501211
1156,-0.00232953019303814
1157,-0.0034472988755712
1158,-0.0047356392051897
1159,-0.00560910560901815
1160,-0.00557014710884962
1161,-0.00540661676164483
1162,-0.00699065664618762
1163,-0.0112179519647892
1164,-0.0164176224658666
1165,-0.0196142620309594
1166,-0.0194986461987604
1167,-0.0175232111737165
1168,-0.0158676992456837
1169,-0.0150250029479407
1170,-0.0139040203448162
1171,-0.0117400095938112
1172,-0.00902599697692576
1173,-0.00663957228434567
1174,-0.00486020033801305
1175,-0.00349168845995778
1176,-0.00236753800443272
1177,-0.00138776593161682
1178,-0.000477547610781478
1179,0.000155424232795774
1180,0.00016260942235713
1181,-6.64685026699858E-05
1182,0.000916903145830049
1183,0.00423511248923757
1184,0.00894235793640745
1185,0.0124265669762881
1186,0.0129388865807218
1187,0.0112756011567486
1188,0.00959109475308478
1189,0.00895860668627354
1190,0.00861355971987152
1191,0.00733921819778498
1192,0.00492245198006056
1193,0.0021481890295623
1194,-0.000131116334476035
1195,-0.00166018264187558
1196,-0.00279309005290315
1197,-0.00402438645015224
1198,-0.00534061536139556
1199,-0.00606586650071616
1200,-0.0057705789339466
1201,-0.00542537109526217
1202,-0.0069933938139832
1203,-0.0112651879081145
1204,-0.0164180334483359
1205,-0.0194876160144902
1206,-0.0193209599943212
1207,-0.0174533021027819
1208,-0.0159601839717768
1209,-0.0151812594837981
1210,-0.0140050075815013
1211,-0.0117617554873954
1212,-0.00900793319549733
1213,-0.00660936426340311
1214,-0.00484091495417364
1215,-0.00352922272863827
1216,-0.0024710806535649
1217,-0.00146220089381647
1218,-0.000404337612998483
1219,0.000354973419448134
1220,0.000328912725945921
1221,-2.31297532262661E-05
1222,0.000942880553903812
1223,0.00438232074048471
1224,0.00915649149238445
1225,0.0125245385568652
1226,0.0128948413419874
1227,0.0112987132050104
1228,0.00984311433814355
1229,0.00930693451326231
1230,0.00879990425010728
1231,0.00734213715877177
1232,0.00499106477380988
1233,0.00245512702236093
1234,0.00028961075277666
1235,-0.00133014776777624
1236,-0.00253014921750556
1237,-0.00365344678004364
1238,-0.00486878990573802
1239,-0.00574100972510965
1240,-0.00574917670145484
1241,-0.00554166996842065
1242,-0.00698336810539778
1243,-0.0111208513345454
1244,-0.016360754939699
1245,-0.0196256671035342
1246,-0.0195085964012633
1247,-0.0175258652319867
1248,-0.0159485288863037
1249,-0.0151922675627216
1250,-0.0140106903133987
1251,-0.0116604154417358
1252,-0.00883801173666431
1253,-0.00652720119781317
1254,-0.0048681043651439
1255,-0.00348149041119954
1256,-0.00221053204693637
1257,-0.00109173982484627
1258,-0.000104632672757486
1259,0.00057359206909767
1260,0.000557226527488527
1261,0.000155575103076241
1262,0.000890506675473917
1263,0.00410477083249843
1264,0.0089252482536659
1265,0.0125221331589184
1266,0.0129370585856763
1267,0.0110992960621369
1268,0.00946994043870454
1269,0.00912720074365731
1270,0.00893945154203163
1271,0.00744120961014618
1272,0.00465106200723563
1273,0.00177061750902595
1274,-0.000278523406204844
1275,-0.0015465066052416
1276,-0.00261469376796512
1277,-0.00388991975809799
1278,-0.00521818212064467
1279,-0.00599313157396553
1280,-0.00590328799667907
1281,-0.00581261640355695
1282,-0.0074594421693169
1283,-0.0116222268424574
1284,-0.0166908273732532
1285,-0.0197975717347058
1286,-0.0196213125646496
1287,-0.0175516447003229
1288,-0.0158098720210355
1289,-0.0149930363646297
1290,-0.0140007805180714
1291,-0.0119320352468307
1292,-0.00920110379970099
1293,-0.00676552519049061
1294,-0.00500805506814034
1295,-0.00369753020689602
1296,-0.00254811931162326
1297,-0.00143597964418033
1298,-0.000398891169104525
1299,0.0002506701535285
1300,0.000185762719609104
1301,-0.00010784354941893
1302,0.000869119617830101
1303,0.00421586529719405
1304,0.00895120653239291
1305,0.0124590575983698
1306,0.0130054831358745
1307,0.0114000326613053
1308,0.00980270538851369
1309,0.00927119150515262
1310,0.00899295258224525
1311,0.0077023249444209
1312,0.0051970746120852
1313,0.00234120160991897
1314,6.06068327896867E-05
1315,-0.00139938593529099
1316,-0.00247499430316882
1317,-0.0037319262215876
1318,-0.00515298860894492
1319,-0.00599590168775467
1320,-0.00576505645268236
1321,-0.00542267810275946
1322,-0.00699017839945323
1323,-0.011330955772974
1324,-0.0166324616974233
1325,-0.0198543089118085
1326,-0.0197505504453663
1327,-0.0178353333891211
1328,-0.0162357834889546
1329,-0.015341504780219
1330,-0.014056400669356
1331,-0.0117389672073028
1332,-0.00900169614893055
1333,-0.00670672373563084
1334,-0.00500365362435665
1335,-0.00358832294568142
1336,-0.00230917779181972
1337,-0.00118232040568076
1338,-0.000243614387121355
1339,0.000288373907787054
1340,0.000163290125205652
1341,-0.000107432865843243
1342,0.000957383973678919
1343,0.00439071207960878
1344,0.00912688399752303
1345,0.0125308583841654
1346,0.0129510026634198
1347,0.011290616724747
1348,0.00970105989777835
1349,0.00914681762839935
1350,0.00876797351021017
1351,0.00736414413009991
1352,0.00482651562628886
1353,0.0020289719783403
1354,-0.000168354193540687
1355,-0.00156177458554819
1356,-0.00256655899129369
1357,-0.00373424856804062
1358,-0.00510138523265628
1359,-0.00598998988877384
1360,-0.00587314775783148
1361,-0.00559185708883526
1362,-0.00709513230802503
1363,-0.0113195782965069
1364,-0.0165840568510055
1365,-0.0198672160459887
1366,-0.0198057864432601
1367,-0.017822667775631
1368,-0.0161094883006466
1369,-0.0151898154596871
1370,-0.013987910572771
1371,-0.0117447458039809
1372,-0.00898276765887974
1373,-0.00662550471494193
1374,-0.00495143871748016
1375,-0.00368173708603654
1376,-0.00255077268570549
1377,-0.00144915074685928
1378,-0.000403954092535913
1379,0.000262516766324421
1380,0.000191622311510977
1381,-0.000118762776414647
1382,0.000902072884183416
1383,0.00438574795959565
1384,0.00926017466312013
1385,0.0127721037904592
1386,0.0131712165187934
1387,0.0114039654460835
1388,0.00975934826097094
1389,0.00927181272761228
1390,0.0090171477135833
1391,0.00769676255443961
1392,0.00517588912538247
1393,0.00235110156128361
1394,8.68350381134901E-05
1395,-0.00141167692556092
1396,-0.00251346699175024
1397,-0.00372083669703131
1398,-0.00509103739568062
1399,-0.006000073177155
1400,-0.00590762390284651
1401,-0.00559482873777556
1402,-0.00703564458581127
1403,-0.0112828126898122
1404,-0.0166812249359148
1405,-0.020052678269442
1406,-0.0198867484366286
1407,-0.0177015670164094
1408,-0.0159382947119657
1409,-0.0152053722675298
1410,-0.0142372634512392
1411,-0.0120562809032732
1412,-0.00918772931184688
1413,-0.00671711920501064
1414,-0.00501915511995419
1415,-0.00378077065154169
1416,-0.00267953857367261
1417,-0.00158653445131221
1418,-0.000507379809143409
1419,0.000250690262118033
1420,0.000269882887471035
1421,-5.35397519882501E-05
1422,0.000845173208043988
1423,0.00421864534432269
1424,0.0090839768057551
1425,0.012625070122784
1426,0.0129894598155735
1427,0.0111574216564764
1428,0.00954006324815861
1429,0.00917135405809785
1430,0.00896032876099914
1431,0.00749494210835716
1432,0.00476194272776807
1433,0.00188850735970936
1434,-0.000205107409320584
1435,-0.0015067002866396
1436,-0.00259891954460094
1437,-0.0039720064850884
1438,-0.00547898098681623
1439,-0.00635913807221583
1440,-0.0061638044061885
1441,-0.00585491365039124
1442,-0.0074163188953496
1443,-0.0117088874284159
1444,-0.016948363820699
1445,-0.0201034757609273
1446,-0.019928607298392
1447,-0.0179709032927882
1448,-0.0163978803237495
1449,-0.0155799101147044
1450,-0.0143457738371394
1451,-0.0119975092264011
1452,-0.00915696660650833
1453,-0.00674885646966223
1454,-0.00501026336147384
1455,-0.00370108567749656
1456,-0.00262201411391855
1457,-0.00160579674235225
1458,-0.000535448215375765
1459,0.000274878209004226
1460,0.000282048877366598
1461,-0.000147229945921082
1462,0.000680473278560482
1463,0.00411280120233933
1464,0.00908874483508754
1465,0.0126624334337783
1466,0.0129740280688533
1467,0.0110840096619022
1468,0.009427199050952
1469,0.00900629479965149
1470,0.00876289111849268
1471,0.007367881059862
1472,0.00477926121779524
1473,0.00194968598728654
1474,-0.000306837402524973
1475,-0.00183242538416604
1476,-0.00294837864921956
1477,-0.00408360336063603
1478,-0.00531699212836288
1479,-0.00613805643133102
1480,-0.00608952264645342
1481,-0.00591100537213091
1482,-0.00744544515781073
1483,-0.0116515355815892
1484,-0.0169103736839575
1485,-0.020168880364602
1486,-0.0199915144027164
1487,-0.0178461109851273
1488,-0.0160863111581861
1489,-0.0153238007974215
1490,-0.0143678635049619
1491,-0.0122532765532672
1492,-0.0094244682067887
1493,-0.00691629139633308
1494,-0.0051546048238222
1495,-0.00387781027025907
1496,-0.00272244485666338
1497,-0.00152159474711654
1498,-0.000372837090930126
1499,0.000290031642301938
1500,9.57605951782583E-05
1501,-0.00036001555372696
1502,0.000581590181988159
1503,0.00404845403877042
1504,0.00892300638673007
1505,0.0124452975161835
1506,0.0128826749243527
1507,0.0111581762082525
1508,0.00950828932219773
1509,0.00896728781839313
1510,0.00867799999461774
1511,0.00738749475703542
1512,0.00492236432439867
1513,0.00211054501536894
1514,-0.000195804075857394
1515,-0.00174587696650515
1516,-0.00286568642475569
1517,-0.00404206882739026
1518,-0.00533542652815832
1519,-0.00615507911870645
1520,-0.00602578773407216
1521,-0.00575684623479317
1522,-0.00724928347749831
1523,-0.0114573433144466
1524,-0.0167563959536612
1525,-0.0201227690628037
1526,-0.0201116566352076
1527,-0.0180849938725229
1528,-0.0162808333750887
1529,-0.0153280931735945
1530,-0.0141867454690891
1531,-0.0120143923503748
1532,-0.00922526666411998
1533,-0.00673542314439006
1534,-0.00492634055361695
1535,-0.00361460415189522
1536,-0.00251704175357233
1537,-0.00142687089419049
1538,-0.000322642644545562
1539,0.000413101262573195
1540,0.000334526163540665
1541,-6.56718166052586E-05
1542,0.000849768141141262
1543,0.00425430492759606
1544,0.00906038042943624
1545,0.0125047771618781
1546,0.0128664298789353
1547,0.0111018358446093
1548,0.00945152087960772
1549,0.00891161201289245
1550,0.00859924884064774
1551,0.00727480949591437
1552,0.00477326500315462
1553,0.00190578390403398
1554,-0.000457074713317268
1555,-0.00198456153552804
1556,-0.00295828602172936
1557,-0.00395006295104138
1558,-0.00515345204838335
1559,-0.00599114157374892
1560,-0.00587939348824582
1561,-0.00557465409283808
1562,-0.00706006730002396
1563,-0.0113498926418173
1564,-0.0167130849625866
1565,-0.01997963866658
1566,-0.019754167238165
1567,-0.0176184631974996
1568,-0.0159154183189192
1569,-0.015120322099475
1570,-0.0139939794860667
1571,-0.0117155842976613
1572,-0.00888478084918822
1573,-0.00649060494380877
1574,-0.0047903668080143
1575,-0.00348870609695528
1576,-0.00236757747129658
1577,-0.00133872169098408
1578,-0.000346157153598199
1579,0.000379070445658715
1580,0.000435375761514594
1581,0.000178299012576028
1582,0.00110784879730224
1583,0.00442995841359049
1584,0.00918957577719523
1585,0.0126738948523838
1586,0.0130935028195064
1587,0.0113387194548029
1588,0.00966507233919211
1589,0.00911443144223452
1590,0.00881634738240317
1591,0.00752572645825451
1592,0.00508216195823153
1593,0.00228173544699099
1594,-6.68963290916208E-05
1595,-0.00168521833299995
1596,-0.00282139044870421
1597,-0.00395247516141989
1598,-0.00522108439039121
1599,-0.00608313959418962
1600,-0.00599280274432284
1601,-0.00567249988776914
1602,-0.00704835076581562
1603,-0.011170443268229
1604,-0.0164479743482285
1605,-0.0198150473744708
1606,-0.0198058303649591
1607,-0.0178030442110009
1608,-0.0160250896025286
1609,-0.0150321144915032
1610,-0.0137815858392626
1611,-0.0115435207968474
1612,-0.00882779802825474
1613,-0.00649529474827369
1614,-0.00478894336885286
1615,-0.00347586159539931
1616,-0.00234421808275132
1617,-0.00125470348720823
1618,-0.000176654498027368
1619,0.000529941895156139
1620,0.000404126265335409
1621,-5.74048798859438E-05
1622,0.000845279097318835
1623,0.00432096319248722
1624,0.00920734373328425
1625,0.0126429256810937
1626,0.0129373965918088
1627,0.0111804237128589
1628,0.00965002954333006
1629,0.00920551883727992
1630,0.00883808368091102
1631,0.00739044730466763
1632,0.00489499577339482
1633,0.00219751084234309
1634,-3.40610449906673E-05
1635,-0.00165477452510284
1636,-0.002866209534227
1637,-0.00398943219288782
1638,-0.00511253234168551
1639,-0.00581836750659654
1640,-0.00572561568550596
1641,-0.00557452003764733
1642,-0.00715121694136699
1643,-0.0113580754861982
1644,-0.0165737998614174
1645,-0.0198049861942525
1646,-0.0196777004047408
1647,-0.0176390163747065
1648,-0.0159342380330607
1649,-0.0150920188898119
1650,-0.0139741077642637
1651,-0.0117585853948633
1652,-0.00896038434168081
1653,-0.00653991789137479
1654,-0.00482132319100823
1655,-0.00355369544550036
1656,-0.00245788312644734
1657,-0.00137259493086407
1658,-0.000291678947516235
1659,0.000419059889090384
1660,0.000314813488204016
1661,-0.000134051649784377
1662,0.000707704188505876
1663,0.00405569402807521
1664,0.00887543956278114
1665,0.0124218572002764
1666,0.0129460310884831
1667,0.0113477499373871
1668,0.00980191269185371
1669,0.00925809323656485
1670,0.00884645361831181
1671,0.00741270721684513
1672,0.00488818468208746
1673,0.0020952428529995
1674,-0.000192891538124343
1675,-0.00175071931504054
1676,-0.00285253291258485
1677,-0.00396087659757612
1678,-0.00519803688180454
1679,-0.00604168500987572
1680,-0.00599793457225484
1681,-0.00579439945425569
1682,-0.00727723380577197
1683,-0.0114034337361441
1684,-0.0165774857662164
1685,-0.019818185480636
1686,-0.0197460703974811
1687,-0.0177756467168226
1688,-0.0161154425802099
1689,-0.0152813860433522
1690,-0.0141404482936561
1691,-0.0118795292827388
1692,-0.00904245262887662
1693,-0.0066416517723964
1694,-0.00501350995878615
1695,-0.00382410199016247
1696,-0.00269045432872483
1697,-0.00147559829599697
1698,-0.000328615932970897
1699,0.00030453253400597
1700,0.000124756002221086
1701,-0.000186689159217208
1702,0.000971631830495825
1703,0.00450482668362624
1704,0.00914099571915852
1705,0.0122767366021679
1706,0.0125340422697907
1707,0.0109833583174827
1708,0.00960989521412063
1709,0.00910657161994175
1710,0.00860760299247128
1711,0.00715627907922112
1712,0.00475647629385888
1713,0.00208114675566986
1714,-0.000226558924644883
1715,-0.00185446015251736
1716,-0.00291524596580553
1717,-0.00389234349008642
1718,-0.00508568135463908
1719,-0.00602968481912506
1720,-0.00605627807079029
1721,-0.00573037629463874
1722,-0.00700311814051184
1723,-0.0110938828017143
1724,-0.0164827919473844
1725,-0.0199692142313431
1726,-0.0199360792645905
1727,-0.0178307156553115
1728,-0.0160917225199799
1729,-0.0153555070485949
1730,-0.0143733282892095
1731,-0.0121610696092692
1732,-0.00924318919357608
1733,-0.00674424187781039
1734,-0.00508683933950223
1735,-0.00392720651080842
1736,-0.00282651867975448
1737,-0.00159597831181192
1738,-0.000353885243097543
1739,0.000423746362282952
1740,0.000323277000947482
1741,-7.88512121410879E-05
1742,0.000871606155171865
1743,0.00427440968412699
1744,0.00897664885927298
1745,0.0122687808827364
1746,0.012579555499676
1747,0.0109491938199507
1748,0.00951583575696746
1749,0.00908193284216399
1750,0.00870410558415472
1751,0.00728768571582997
1752,0.00482701338586853
1753,0.00209905301784668
1754,-0.000195405157861549
1755,-0.00178857437494947
1756,-0.00284410809207303
1757,-0.00383465114022526
1758,-0.00504146534836777
1759,-0.00602904374374761
1760,-0.00616211513743477
1761,-0.00596727718504023
1762,-0.00730304455945884
1763,-0.0113283245587885
1764,-0.0165475322009115
1765,-0.0198515798397653
1766,-0.0197263852588797
1767,-0.0176610279393105
1768,-0.0160243512055676
1769,-0.0153179165930674
1770,-0.0142345802297919
1771,-0.0118862006159443
1772,-0.00893132773257404
1773,-0.00648663084926126
1774,-0.00483883298951306
1775,-0.00359163639753142
1776,-0.00244034774431157
1777,-0.00133449630995076
1778,-0.000314509935167759
1779,0.000360593318580141
1780,0.00034603124652491
1781,5.36780551214052E-05
1782,0.000986490339770051
1783,0.00432449810883002
1784,0.00909261422966466
1785,0.0125715375919437
1786,0.0129865405326393
1787,0.0112679406253728
1788,0.0096950038308651
1789,0.00926303954384995
1790,0.00901539348451048
1791,0.00768599891276545
1792,0.00519028748242508
1793,0.00239211859268412
1794,7.19464622919295E-05
1795,-0.00154506829323866
1796,-0.00267172305045873
1797,-0.00371307990499763
1798,-0.00485941208536415
1799,-0.00572111570980647
1800,-0.00579411192684797
1801,-0.00562534878001024
1802,-0.00696164616644692
1803,-0.0109195099226972
1804,-0.0161271750876579
1805,-0.0195749089525633
1806,-0.0196278998572286
1807,-0.0175674191815462
1808,-0.0157694939081592
1809,-0.0149797708486855
1810,-0.0140496087680313
1811,-0.0119472618463709
1812,-0.00908936498504336
1813,-0.00658154913085842
1814,-0.00491300193778412
1815,-0.00378251704154305
1816,-0.00273481188839149
1817,-0.00156328994760316
1818,-0.000391033249227038
1819,0.000319921123035787
1820,0.000195836348689216
1821,-0.000176024536355582
1822,0.00082690428759184
1823,0.00429864860399908
1824,0.00913350054478396
1825,0.0126235918042935
1826,0.0130710955782327
1827,0.0113658390692563
1828,0.00967039892437076
1829,0.00900358486855166
1830,0.00860830425826371
1831,0.00735500503919525
1832,0.00505343624446892
1833,0.00235827811252704
1834,-1.27542403292697E-05
1835,-0.00172672823916106
1836,-0.00290051914223212
1837,-0.00394488919947448
1838,-0.00506646197031668
1839,-0.0058440966115433
1840,-0.00578805605060099
1841,-0.00556678681539264
1842,-0.00702206448584491
1843,-0.0111824152662692
1844,-0.016489604894613
1845,-0.0198925604800547
1846,-0.0199143080272402
1847,-0.0179579025749174
1848,-0.0162888068228822
1849,-0.0154474589098935
1850,-0.0142765837337849
1851,-0.0119617721971198
1852,-0.00907759304042623
1853,-0.00662982993319379
1854,-0.0049195727439916
1855,-0.00365504273309741
1856,-0.00256433323161252
1857,-0.00150126437546365
1858,-0.000412145177340641
1859,0.000391579435481501
1860,0.000402923777328903
1861,-4.95367307520375E-05
1862,0.000652702957590219
1863,0.00390619656976627
1864,0.00883517129152079
1865,0.0125976085519431
1866,0.0131910645968368
1867,0.0114245052147451
1868,0.00965309742737544
1869,0.00904539532176849
1870,0.00874967097548279
1871,0.00747522586913697
1872,0.00505918449960103
1873,0.00232777315712714
1874,6.44475681162346E-05
1875,-0.00152870438745805
1876,-0.00272370413192936
1877,-0.00393333726757836
1878,-0.00523729813414276
1879,-0.00610042159262098
1880,-0.00600793421815389
1881,-0.00567113766508959
1882,-0.00700238596759397
1883,-0.0110969289228906
1884,-0.0164163886912999
1885,-0.0198569925822868
1886,-0.0198636407146187
1887,-0.0178281870607098
1888,-0.0160993176416928
1889,-0.0153053201633332
1890,-0.0142706259233685
1891,-0.0120626376994672
1892,-0.0091669022108548
1893,-0.00662840922049235
1894,-0.0048592299449494
1895,-0.00361022742761832
1896,-0.00254926898048392
1897,-0.00148012207885652
1898,-0.000391285561931024
1899,0.000359441885736457
1900,0.00033696918076414
1901,-1.3317829690681E-05
1902,0.000875776128176457
1903,0.00415479028635895
1904,0.00878885134993287
1905,0.0121191839725053
1906,0.0125248936020794
1907,0.010978508034484
1908,0.00960270309011594
1909,0.0092134101011261
1910,0.00886084307959651
1911,0.00743594387406582
1912,0.00495154003670912
1913,0.0022196530337176
1914,-6.66729587984588E-05
1915,-0.00169218959334589
1916,-0.00284395406796566
1917,-0.00394033240293565
1918,-0.0051777359065469
1919,-0.00608464593219808
1920,-0.00605845520243285
1921,-0.00569852396521609
1922,-0.00695223547019263
1923,-0.0110489801368685
1924,-0.0164743894181451
1925,-0.0199814336593039
1926,-0.019905881913444
1927,-0.0177372358295277
1928,-0.0159997142904247
1929,-0.0153172038833955
1930,-0.0143290671066046
1931,-0.0120168710285048
1932,-0.00902845899385827
1933,-0.00659264143662315
1934,-0.00503790126722485
1935,-0.00384566742901476
1936,-0.00259210564598391
1937,-0.00130672097903906
1938,-0.000235294993666143
1939,0.000298025228209743
1940,0.000119272477305457
1941,-0.000170051753409094
1942,0.000897143213618039
1943,0.00429626571901117
1944,0.00895927446391265
1945,0.0123101565975407
1946,0.0127543052826908
1947,0.0111849358632079
1948,0.00966068134241142
1949,0.0090564772541712
1950,0.00856111785655293
1951,0.00715930868248866
1952,0.0048428480220242
1953,0.00231391671136736
1954,0.000144433701283069
1955,-0.00150645224156024
1956,-0.00277609208411038
1957,-0.00396567345201437
1958,-0.0051975106687823
1959,-0.00605070737705518
1960,-0.00603959218320898
1961,-0.00579233080162849
1962,-0.00713752872334322
1963,-0.0111766184768316
1964,-0.0164352121731907
1965,-0.0198477974404759
1966,-0.0198511727366282
1967,-0.0178231954944442
1968,-0.0161072076204419
1969,-0.0153108763417954
1970,-0.0142297049367261
1971,-0.0119469070659359
1972,-0.00901888116120958
1973,-0.00653643992810521
1974,-0.00486265755871677
1975,-0.00365743326890735
1976,-0.00257032978904059
1977,-0.00147383884191224
1978,-0.000409204798693382
1979,0.000290929642456501
1980,0.000232321415466974
1981,-0.000146763808931386
1982,0.000718566903626385
1983,0.00405045273668096
1984,0.00887996160810582
1985,0.0124567022908792
1986,0.0129370506542248
1987,0.0111843003695677
1988,0.00948794684175859
1989,0.00894424276977824
1990,0.00868989710557872
1991,0.00744195769792025
1992,0.00502113333793635
1993,0.00224260107537601
1994,-7.76635555271004E-05
1995,-0.00168661489517573
1996,-0.00283873442539542
1997,-0.00396782330313067
1998,-0.00518505779042988
1999,-0.00598616776881842
2000,-0.00588558599277269
2001,-0.00559447294099698
2002,-0.00697221054630221
2003,-0.0110491625042028
2004,-0.0162850466980846
2005,-0.0196439419141927
2006,-0.0196283807254479
2007,-0.0176150038712252
2008,-0.0158971030644695
2009,-0.015079296350224
2010,-0.0140064880109325
2011,-0.0117707651033689
2012,-0.00887027267614527
2013,-0.00636844005873152
2014,-0.00469341570708609
2015,-0.00356707122998
2016,-0.00258441208543505
2017,-0.00150924964068807
2018,-0.000385105053433397
2019,0.000331968989320679
2020,0.000188776566065714
2021,-0.000261753858163409
2022,0.000679995104839679
2023,0.00417908564754764
2024,0.00906780004480643
2025,0.0125220588451647
2026,0.0128623901751305
2027,0.0111415471925357
2028,0.00960902191113997
2029,0.009144413414025
2030,0.0087752702346514
2031,0.00735124530505215
2032,0.00488859457379399
2033,0.00222693284797787
2034,4.2828682033283E-05
2035,-0.00151860146210357
2036,-0.00268347085807745
2037,-0.00381135413513025
2038,-0.00500985075199333
2039,-0.00582666967971264
2040,-0.00579416572389424
2041,-0.005584798058306
2042,-0.00701660015962276
2043,-0.0111131470577662
2044,-0.0163465739664539
2045,-0.0196943647480999
2046,-0.0196740184268266
2047,-0.0176691552253681
2048,-0.0159524808719533
2049,-0.0150976445423784
2050,-0.0139555777632057
2051,-0.0116672437490423
2052,-0.00876485355137201
2053,-0.00629050890804162
2054,-0.00463049949151972
2055,-0.0034976870179031
2056,-0.00250234785828666
2057,-0.00140643142879731
2058,-0.000239381043588177
2059,0.000530148813357773
2060,0.000411761517976694
2061,-5.94122089109996E-05
2062,0.000832079236332441
2063,0.00427506476299189
2064,0.00912817799514298
2065,0.0126091348798635
2066,0.0130568352490486
2067,0.0114529533267538
2068,0.00992642939283228
2069,0.00933749410193327
2070,0.00885343605477973
2071,0.00745844884527462
2072,0.00511172840833386
2073,0.00247120187918693
2074,0.000156330058308899
2075,-0.00154009362758753
2076,-0.00269959829786536
2077,-0.00373814643945957
2078,-0.00492807670021187
2079,-0.00585147743380753
2080,-0.00590414305230637
2081,-0.00565100836160171
2082,-0.00698050631742761
2083,-0.0110656217492129
2084,-0.0164135807818652
2085,-0.019887809525525
2086,-0.0198887435652559
2087,-0.0178117509093372
2088,-0.0160460014167367
2089,-0.0152527570716108
2090,-0.0142506675940498
2091,-0.012067217436334
2092,-0.00916022099013416
2093,-0.00660769385905322
2094,-0.00488957426868772
2095,-0.00375733529532157
2096,-0.00276486123955229
2097,-0.00160027403243512
2098,-0.000298053781002086
2099,0.000585931608783694
2100,0.000479493134938122
2101,-7.92273024440951E-05
2102,0.000707450091918188
2103,0.00410971315855609
2104,0.0089876607077679
2105,0.0124828955860059
2106,0.0128726843953502
2107,0.0111756617371309
2108,0.00962147858329689
2109,0.00911083817226582
2110,0.00873595820476202
2111,0.00738445982195685
2112,0.00501414632698402
2113,0.00235552845321967
2114,5.43076809493414E-05
2115,-0.00165125279274343
2116,-0.00287891288590324
2117,-0.00398846901367421
2118,-0.00517425450975757
2119,-0.0060295496451157
2120,-0.00603639034874031
2121,-0.00580326237005161
2122,-0.00716539650708576
2123,-0.0112244632168065
2124,-0.0164931124604286
2125,-0.0199064120337554
2126,-0.0199132759159043
2127,-0.0178814142249955
2128,-0.016133108590944
2129,-0.0153032091688224
2130,-0.0142602925766941
2131,-0.0121086318461415
2132,-0.00931454492335684
2133,-0.00685961235846758
2134,-0.00510721268735196
2135,-0.0038076593654586
2136,-0.00265767388413946
2137,-0.001497132805226
2138,-0.000362473307642358
2139,0.000340551926072603
2140,0.000184460012363625
2141,-0.000287602869091827
2142,0.000614347456705157
2143,0.00406826945996192
2144,0.00893117896383622
2145,0.0123941579092602
2146,0.012769761380061
2147,0.011081106620657
2148,0.00955200078055936
2149,0.00907298671280779
2150,0.00871406416452906
2151,0.00734078649423197
2152,0.00491706768008263
2153,0.0022103988850341
2154,-9.68384589073318E-05
2155,-0.00175736402457387
2156,-0.00290829407414855
2157,-0.00394949329061699
2158,-0.00512494394446116
2159,-0.00605038064863349
2160,-0.00615703581208635
2161,-0.00595451937203911
2162,-0.00724397336175732
2163,-0.0112239054121808
2164,-0.0165297848116511
2165,-0.020074848572823
2166,-0.0201481191435504
2167,-0.0180279794791082
2168,-0.0161511675496999
2169,-0.0153193686478793
2170,-0.0143813999972634
2171,-0.012254399703385
2172,-0.00931751474705161
2173,-0.00670387441262514
2174,-0.00497408674774314
2175,-0.00386288256442367
2176,-0.00286837270904429
2177,-0.00170534924449057
2178,-0.000482758211911108
2179,0.000264046755877602
2180,8.78369524477181E-05
2181,-0.00040464705991295
2182,0.000501926388980928
2183,0.00395747056354132
2184,0.00881606467327626
2185,0.0123049236334535
2186,0.0127409994871019
2187,0.011098152766562
2188,0.00956857192626337
2189,0.00907283281247103
2190,0.00871396139582229
2191,0.00733284371540615
2192,0.00485291882093346
2193,0.0020629455605026
2194,-0.000288877552496736
2195,-0.00193432878481764
2196,-0.00305647123006606
2197,-0.00408754311676647
2198,-0.00523800944399077
2199,-0.00608548323371134
2200,-0.00609637345944943
2201,-0.00585192119310816
2202,-0.00715485801488632
2203,-0.0111225706048813
2204,-0.0163405194518281
2205,-0.0197868755572284
2206,-0.0198587944406613
2207,-0.0178506128699086
2208,-0.0161030954214661
2209,-0.015327974988879
2210,-0.0143840709474817
2211,-0.012252984630354
2212,-0.00932867916985429
2213,-0.00669721206927033
2214,-0.0048983170224475
2215,-0.00372305673916687
2216,-0.00273421492450881
2217,-0.00162281032183831
2218,-0.000401965915805451
2219,0.000439449172499845
2220,0.000380760196932067
2221,-8.4221651285253E-05
2222,0.000742150999816764
2223,0.00410611845360283
2224,0.0089526829004678
2225,0.0124941399538911
2226,0.0129686213906388
2227,0.0113190678730225
2228,0.00977682694307208
2229,0.00929013938215087
2230,0.00893375167003252
2231,0.00752876246303455
2232,0.00505168138784029
2233,0.00235711878764277
2234,0.000156156812976764
2235,-0.0014195080306658
2236,-0.0026406844273605
2237,-0.00386905491575045
2238,-0.00515984043692123
2239,-0.00601816833224887
2240,-0.00597922108206703
2241,-0.00573079548499902
2242,-0.00709544311993718
2243,-0.0111189642708577
2244,-0.0163206055864623
2245,-0.0196920068487149
2246,-0.0196988178468917
2247,-0.0176739826258481
2248,-0.0159197977560542
2249,-0.0150779828758723
2250,-0.0140012356707422
2251,-0.0117629809323784
2252,-0.00886133029599907
2253,-0.00637663582776382
2254,-0.00472181238684711
2255,-0.00356774693112961
2256,-0.00248738641378359
2257,-0.00128786974318678
2258,-7.19655448238431E-05
2259,0.000687527605359777
2260,0.000545458269227269
2261,4.61207552945275E-05
2262,0.00088769333879629
2263,0.00428755946987451
2264,0.00914573974051248
2265,0.0126306132258823
2266,0.012985876489155
2267,0.0112350637436446
2268,0.00969922923075897
2269,0.00932032934269257
2270,0.00906630164772866
2271,0.00766817702963703
2272,0.00511645696867544
2273,0.00233370928975167
2274,6.01537775733988E-05
2275,-0.00157156906029817
2276,-0.00278668268401564
2277,-0.00388048180796519
2278,-0.0049413538955428
2279,-0.00563199071617723
2280,-0.00561397163696685
2281,-0.00552380277345893
2282,-0.0070252034064151
2283,-0.0110955286909185
2284,-0.0163311582276267
2285,-0.019798082635887
2286,-0.0199124170490866
2287,-0.0179156589838511
2288,-0.0161252652744526
2289,-0.0152887156970221
2290,-0.0142945071571467
2291,-0.0121163059409805
2292,-0.00915072041573418
2293,-0.00652454743917653
2294,-0.00480195595036746
2295,-0.00372770131411404
2296,-0.00278236444477042
2297,-0.00162325522703188
2298,-0.000308028909978137
2299,0.000602730047797066
2300,0.000556242903953048
2301,7.23972616944663E-05
2302,0.000893617121651685
2303,0.00426872748051843
2304,0.00908385306224168
2305,0.0124941837858076
2306,0.0127742752875006
2307,0.0109953965053924
2308,0.00948296231892353
2309,0.00913626220544653
2310,0.00889560903125475
2311,0.00751965552406826
2312,0.00504065652842244
2313,0.00236854208564798
2314,0.000179573933330164
2315,-0.00143587285437623
2316,-0.00268007607128908
2317,-0.00380493506414413
2318,-0.00489635420092997
2319,-0.00563766797120284
2320,-0.00566534607430704
2321,-0.00554325141104033
2322,-0.00691172923468993
2323,-0.0108438189832484
2324,-0.0160730416169492
2325,-0.0196855118374845
2326,-0.0199563666908631
2327,-0.0179673656414911
2328,-0.0160285267705661
2329,-0.0150338347309803
2330,-0.0140124822340529
2331,-0.0119415276876759
2332,-0.00910879733407445
2333,-0.00653440769806139
2334,-0.00475187401026942
2335,-0.00355221970032988
2336,-0.00251053495837127
2337,-0.00137271996911923
2338,-0.000197968172876426
2339,0.00056831627155878
2340,0.000499005902099396
2341,9.7258073277644E-05
2342,0.000957660926473161
2343,0.00425184649032304
2344,0.00898884643500025
2345,0.0124947398067693
2346,0.0130126485542246
2347,0.011388198735657
2348,0.00980300111759467
2349,0.00926048294772127
2350,0.00888775276668708
2351,0.00747371886337588
2352,0.0049545376501241
2353,0.00222734456762128
2354,6.60758265050367E-05
2355,-0.00142959849254473
2356,-0.00262176719141421
2357,-0.00388120221766864
2358,-0.00517640925516396
2359,-0.00597599935236329
2360,-0.0058970680891126
2361,-0.00569780012967186
2362,-0.00714039008297502
2363,-0.0111742703273186
2364,-0.0163492574159205
2365,-0.0197734569043517
2366,-0.0199206479367274
2367,-0.0179886499707468
2368,-0.0162020394689107
2369,-0.0153162276211861
2370,-0.014331521886361
2371,-0.0122706548081058
2372,-0.00942457532647455
2373,-0.00678386817739684
2374,-0.00491563634940641
2375,-0.00369673877349742
2376,-0.00271599950040273
2377,-0.00162787730537687
2378,-0.000428083290681171
2379,0.000373118243697178
2380,0.000260051328388133
2381,-0.000215774428023159
2382,0.000676830718999823
2383,0.00411973837533434
2384,0.00895153186674408
2385,0.0123703572138274
2386,0.0127255715582893
2387,0.0110702123284123
2388,0.00961853784857583
2389,0.00921536306668218
2390,0.00888931150645074
2391,0.00750942366651577
2392,0.00507802282496285
2393,0.00237799813669036
2394,5.77954252604716E-05
2395,-0.00166700887225953
2396,-0.00290196805787476
2397,-0.00397996701098092
2398,-0.00513031695836751
2399,-0.00602747199571868
2400,-0.00615274571897141
2401,-0.00598501518623614
2402,-0.00725130119538389
2403,-0.0111282482735509
2404,-0.0163136274770579
2405,-0.0198055461358512
2406,-0.0199245508436835
2407,-0.0179079213131688
2408,-0.0161155867075978
2409,-0.0152947722572008
2410,-0.0143019968156924
2411,-0.0121104434686094
2412,-0.00914450241068566
2413,-0.00653206586201084
2414,-0.00480923264871836
2415,-0.00371590292381233
2416,-0.00276663472696181
2417,-0.00164243316817465
2418,-0.000382998493081302
2419,0.000476112673239562
2420,0.000374744771499246
2421,-0.000184467770690457
2422,0.000566189972222712
2423,0.00394513321749135
2424,0.00889003878209131
2425,0.0125253660810574
2426,0.013013234364064
2427,0.0113064067628055
2428,0.00970091055300179
2429,0.00918460120666599
2430,0.00882518582929189
2431,0.00743514457157073
2432,0.0050047912685668
2433,0.00238846095101659
2434,0.00025037512612582
2435,-0.00133213136718598
2436,-0.00262225611831104
2437,-0.00390789845203423
2438,-0.00518394922703866
2439,-0.00597705533162145
2440,-0.00589637053350024
2441,-0.00566582294824853
2442,-0.0070742402725233
2443,-0.0111300456888689
2444,-0.0163757149407469
2445,-0.0198449318238451
2446,-0.0199740719039102
2447,-0.018006951507944
2448,-0.0162233412365071
2449,-0.015371106956368
2450,-0.0144080468397367
2451,-0.0123405976080128
2452,-0.00947186934626617
2453,-0.00680327865072232
2454,-0.00491146090798571
2455,-0.00368938051723847
2456,-0.00272376139710271
2457,-0.00163561699256455
2458,-0.000407686049872963
2459,0.000392834503691858
2460,0.000180171808847117
2461,-0.000463391755849062
2462,0.00032994732968289
2463,0.00384167389174718
2464,0.00885662169975301
2465,0.0124271480938874
2466,0.0128216169941882
2467,0.0111316895498685
2468,0.00964088814882942
2469,0.00920386458346294
2470,0.00881887050518662
2471,0.00735709064308401
2472,0.0048735546591762
2473,0.00220417329777817
2474,-3.58671516186552E-06
2475,-0.00159969136494855
2476,-0.00278343969071671
2477,-0.00393938557404225
2478,-0.00524263259674451
2479,-0.00622722020812488
2480,-0.00627600435329457
2481,-0.00593294570284551
2482,-0.00710923066281325
2483,-0.0110884859738384
2484,-0.0164691143244496
2485,-0.0200489469182392
2486,-0.0200707724552602
2487,-0.0178926380427614
2488,-0.0160416377948001
2489,-0.0152974911397345
2490,-0.0144140962258727
2491,-0.0122717780512237
2492,-0.00930282317081848
2493,-0.00669111568771128
2494,-0.00498274499925884
2495,-0.00387510095248387
2496,-0.00285771340760969
2497,-0.00164773247726326
2498,-0.000347009355816271
2499,0.000488528540203489
2500,0.000344295679996291
2501,-0.000211537345232893
2502,0.000602065463332539
2503,0.00404032484218836
2504,0.0089598365112974
2505,0.0124755920938352
2506,0.0128356581694909
2507,0.0110986898688008
2508,0.00959021423670443
2509,0.00923227422784359
2510,0.00899751300070011
2511,0.00764409202831078
2512,0.00516504944037429
2513,0.00245730666047245
2514,0.000250173465331576
2515,-0.0013187077277562
2516,-0.00250753521432448
2517,-0.00368241173927755
2518,-0.00494429943895138
2519,-0.00584400693586159
2520,-0.00589246261425296
2521,-0.00568824448574656
2522,-0.00700239445611921
2523,-0.0109462371317112
2524,-0.0161589129778018
2525,-0.0196577495957668
2526,-0.0197964778184419
2527,-0.017795021965253
2528,-0.0159940337631284
2529,-0.0151853800860652
2530,-0.0142843499309045
2531,-0.0122358836935773
2532,-0.00935804924917764
2533,-0.00671470934679865
2534,-0.00488701826678821
2535,-0.00370668999859163
2536,-0.00273427577926498
2537,-0.00163580980999272
2538,-0.000410904576009078
2539,0.000445876194128563
2540,0.000398276135995539
2541,-7.65076162895412E-05
2542,0.000714279521222313
2543,0.00403173446472638
2544,0.00884112966842921
2545,0.0123557799066269
2546,0.0128018898236922
2547,0.0111317901646129
2548,0.00961488067634545
2549,0.00921992301016016
2550,0.00898337203860436
2551,0.00765404150713423
2552,0.00516698833781114
2553,0.00239520495889059
2554,0.000103548069869385
2555,-0.00151988947832816
2556,-0.00270606335910071
2557,-0.00381978640103452
2558,-0.00498408069922376
2559,-0.00579965236453921
2560,-0.00583183029642675
2561,-0.00568656844193622
2562,-0.00707605698044643
2563,-0.0110434059612124
2564,-0.0162303358349754
2565,-0.0197296531900123
2566,-0.0199470116007712
2567,-0.0180482176541032
2568,-0.0162633830119184
2569,-0.0153571744253643
2570,-0.014348008050342
2571,-0.0122848659881349
2572,-0.00944685602487893
2573,-0.00676833902900133
2574,-0.00480710317044889
2575,-0.00353707410963787
2576,-0.00264012753827363
2577,-0.00170129325057799
2578,-0.000531989359947424
2579,0.000416341122854166
2580,0.000452779675932676
2581,-7.24120801372709E-05
2582,0.000613917347857485
2583,0.00393892543390986
2584,0.00888056754247672
2585,0.0124992346421007
2586,0.0129174598826226
2587,0.0111528628241296
2588,0.00957707983485378
2589,0.00914017935087847
2590,0.00880108445267877
2591,0.00734585484043255
2592,0.00486131564172542
2593,0.00228574209508338
2594,0.000240040149080976
2595,-0.00130079432533624
2596,-0.00261833483164065
2597,-0.00392744239868562
2598,-0.00518184952165322
2599,-0.00595549027217701
2600,-0.00590275521855758
2601,-0.00570399977562154
2602,-0.00707097031686272
2603,-0.0110139845878722
2604,-0.0161617552341707
2605,-0.019618712506609
2606,-0.0198115947800047
2607,-0.0179232391270493
2608,-0.0161757460455901
2609,-0.0152883840067583
2610,-0.0142385499756305
2611,-0.0121075603795674
2612,-0.00927168445167426
2613,-0.00671072807672437
2614,-0.00488818754379875
2615,-0.00362906133330111
2616,-0.00259454494611975
2617,-0.00152383200463597
2618,-0.000381267941528389
2619,0.000418385573597342
2620,0.000366591929153007
2621,-8.56642137138024E-05
2622,0.000738771489617968
2623,0.00411927807586583
2624,0.00903450761303067
2625,0.0126707838394388
2626,0.0131931382122437
2627,0.0114940136212596
2628,0.00983344730135013
2629,0.00925331238061181
2630,0.00890661372860684
2631,0.00759740393990095
2632,0.00519689484925787
2633,0.00247308734709927
2634,0.000167930945327712
2635,-0.00146997140709846
2636,-0.00264299659917693
2637,-0.00377017309979547
2638,-0.00501382310566032
2639,-0.00590482823138772
2640,-0.00590037285085819
2641,-0.00561622621036678
2642,-0.00691509928559527
2643,-0.0109690792843956
2644,-0.0163688444742501
2645,-0.0200105794712274
2646,-0.0201517935026263
2647,-0.018004883077388
2648,-0.0159889561746129
2649,-0.0150084059651053
2650,-0.014051454440368
2651,-0.0120475546169632
2652,-0.00923574425463684
2653,-0.00661693063999984
2654,-0.00477103448210891
2655,-0.00355844156840124
2656,-0.00255563681507516
2657,-0.00144187209306653
2658,-0.000247766084104886
2659,0.000519180709644575
2660,0.000370153697812504
2661,-0.000155115480231677
2662,0.000623772248426453
2663,0.00389464791181516
2664,0.00861512568182172
2665,0.012108260815728
2666,0.0126909979280061
2667,0.0112315548371891
2668,0.00979912261134569
2669,0.00927529366965926
2670,0.00883398801176562
2671,0.00743618152007011
2672,0.00507869641033873
2673,0.00250405044450952
2674,0.000310345850270178
2675,-0.0013603356245167
2676,-0.00265219183177543
2677,-0.00381381035538327
2678,-0.00492704246041195
2679,-0.00564827659617947
2680,-0.00562918670111226
2681,-0.00550710776976447
2682,-0.00695492529879748
2683,-0.0109687718917124
2684,-0.0161822199472066
2685,-0.0196866184844993
2686,-0.0198562374400073
2687,-0.0178445611934507
2688,-0.0159542660103284
2689,-0.0150513957900169
2690,-0.014150852632561
2691,-0.0121832458333889
2692,-0.00934825519019527
2693,-0.00663422643387974
2694,-0.00467112636984053
2695,-0.00338602587339603
2696,-0.00237609596263637
2697,-0.00128803621772002
2698,-0.000107618154233117
2699,0.000675267184379323
2700,0.00055804922438957
2701,6.58505732113911E-05
2702,0.000895484925934948
2703,0.00426507814152739
2704,0.0091101417055422
2705,0.0126499122308721
2706,0.0131050083356896
2707,0.0113900314723767
2708,0.00976362414240745
2709,0.00925495468108175
2710,0.00897697995341946
2711,0.0076907651871247
2712,0.00528756791597459
2713,0.00260482104900673
2714,0.000388413845980176
2715,-0.0012145950423373
2716,-0.00247685020550145
2717,-0.00372777849275096
2718,-0.00497911079821944
2719,-0.00576121011184372
2720,-0.00569229885181722
2721,-0.00548564288697611
2722,-0.00689060481535116
2723,-0.0108984219987354
2724,-0.0160944039514581
2725,-0.0195701480266741
2726,-0.0197663836137521
2727,-0.0178760790375279
2728,-0.0161212593342154
2729,-0.01521644743585
2730,-0.014128570985055
2731,-0.01193807444588
2732,-0.00905668702798333
2733,-0.00651735214568
2734,-0.00479039692801602
2735,-0.00364366917506343
2736,-0.00268213021677283
2737,-0.00163670407972735
2738,-0.000471279291211551
2739,0.000426155599552099
2740,0.000530016020023216
2741,0.000167557978574966
2742,0.000892978738798017
2743,0.0040444882417983
2744,0.00881765600393754
2745,0.0125219538521284
2746,0.0132007418388107
2747,0.0115496727555173
2748,0.0098094767738758
2749,0.00916694066635578
2750,0.00885707638810999
2751,0.00761055618822914
2752,0.00521599158285423
2753,0.00246998127568262
2754,0.000172117397333556
2755,-0.0014548787004903
2756,-0.00266884159432696
2757,-0.00386254284502887
2758,-0.00512611421267931
2759,-0.00599089985496273
2760,-0.00597619916040408
2761,-0.00569384540493671
2762,-0.00691847614394252
2763,-0.0107924184791012
2764,-0.0160175370892574
2765,-0.0196269548606467
2766,-0.0198893528514583
2767,-0.017917714304053
2768,-0.0160484154848782
2769,-0.015175394927188
2770,-0.0143022201962542
2771,-0.0123599091719249
2772,-0.00958056576487642
2773,-0.00695032596561515
2774,-0.00503002630715632
2775,-0.00370494791402476
2776,-0.00264659950693512
2777,-0.00160872130488319
2778,-0.00055300292766876
2779,0.000180370389878915
2780,0.000169240608365705
2781,-0.000164101480120399
2782,0.000722509236519877
2783,0.00403398347430264
2784,0.00883159155730023
2785,0.0124331854062732
2786,0.0130348876400631
2787,0.0114630261603382
2788,0.00991213759734778
2789,0.00939043247832065
2790,0.00902524891289564
2791,0.00762902688279714
2792,0.00515150264812239
2793,0.00243709310539544
2794,0.000188488710220413
2795,-0.0014644237897337
2796,-0.00275147590195417
2797,-0.0039736870166805
2798,-0.00519028585971557
2799,-0.00598254114312093
2800,-0.00591840940561245
2801,-0.00560856403846246
2802,-0.00681283819762395
2803,-0.0106871561080376
2804,-0.0159591049457819
2805,-0.0196569256098478
2806,-0.0200048348568254
2807,-0.0180630247421399
2808,-0.0161493346789459
2809,-0.0151929107283134
2810,-0.0142554315144031
2811,-0.012284192556152
2812,-0.0094694674107155
2813,-0.00677103559270897
2814,-0.00480655820185272
2815,-0.00353428541809936
2816,-0.00257939582859244
2817,-0.0015422265579444
2818,-0.000324783134650086
2819,0.000573997733287649
2820,0.000520176021191886
2821,-6.04575524672107E-05
2822,0.000598449568297882
2823,0.00386884166705645
2824,0.0087351581820509
2825,0.0123386045048237
2826,0.0128485369785999
2827,0.011223508252801
2828,0.00973892064300269
2829,0.00932124990447441
2830,0.0089770665705036
2831,0.00751745335341446
2832,0.00499156522282506
2833,0.00230713996134634
2834,0.000131848792580067
2835,-0.00147195012012837
2836,-0.00275294642886333
2837,-0.00397978832490869
2838,-0.00518342394531938
2839,-0.00596119618766636
2840,-0.00592440569512833
2841,-0.00569389075460011
2842,-0.00696888435680739
2843,-0.0108197231889238
2844,-0.0159622762703789
2845,-0.0195225620874725
2846,-0.0198399448334003
2847,-0.0179826878075179
2848,-0.0161623916742113
2849,-0.015207119788594
2850,-0.014183999177853
2851,-0.0121250561393465
2852,-0.00928146430354094
2853,-0.00659992481511762
2854,-0.00465450662959822
2855,-0.00339425799693199
2856,-0.00247441815712735
2857,-0.00151102671691482
2858,-0.000366262934264533
2859,0.000525518903851816
2860,0.000544462528823344
2861,5.40963213114676E-05
2862,0.000750525721401652
2863,0.00400977270552286
2864,0.00887481606037234
2865,0.0125014824627228
2866,0.0130004960144627
2867,0.0112948914645666
2868,0.00972816718254755
2869,0.00932283620724724
2870,0.00906878712407782
2871,0.00765078817037368
2872,0.00504564398593787
2873,0.00224214039231833
2874,3.38853657274486E-05
2875,-0.00151461599126149
2876,-0.00276684747838031
2877,-0.00405581775585486
2878,-0.00533334650987296
2879,-0.00608305283882444
2880,-0.00593019398359537
2881,-0.00563812946137166
2882,-0.00701382983807275
2883,-0.0110700770273393
2884,-0.016352909466521
2885,-0.0198786350159868
2886,-0.0200388951236738
2887,-0.018043877434747
2888,-0.01618070894249
2889,-0.015224305054609
2890,-0.0141553261759098
2891,-0.0120149069857532
2892,-0.00915528935104103
2893,-0.00657928193267227
2894,-0.00477614959509584
2895,-0.00354866284095125
2896,-0.00251813147126265
2897,-0.00143460021946506
2898,-0.000315095729706772
2899,0.000417252082847783
2900,0.000317585757118958
2901,-0.000117555378585874
2902,0.000729777974694319
2903,0.00402848143334886
2904,0.00873362768727996
2905,0.0121421414023414
2906,0.0125623606599544
2907,0.0109298946517106
2908,0.00941458039567404
2909,0.00891596889560282
2910,0.00851210581516683
2911,0.00706601652219469
2912,0.00459313723992816
2913,0.00195166772927787
2914,-0.000176935650633742
2915,-0.00168977680530799
2916,-0.00285933568657924
2917,-0.00403970423258649
2918,-0.00529946008003256
2919,-0.00615695406349112
2920,-0.0061098309131392
2921,-0.00577933351901677
2922,-0.00700501802310871
2923,-0.0109791859691516
2924,-0.0163502549973757
2925,-0.0200266697020282
2926,-0.0202171330712697
2927,-0.0181055208677263
2928,-0.0161363349293204
2929,-0.0152195715110316
2930,-0.0142867915058477
2931,-0.0122308935258067
2932,-0.00935215653535667
2933,-0.00673716330324853
2934,-0.0049535917196083
2935,-0.00377122255865262
2936,-0.00272395611338643
2937,-0.00153162901566929
2938,-0.000263604616341398
2939,0.000573288704963418
2940,0.000471940309693475
2941,-6.3833031376314E-05
2942,0.000696182020776166
2943,0.00407654779672165
2944,0.00905823562491785
2945,0.0127435718978886
2946,0.0131954216856186
2947,0.0113350785082732
2948,0.00958416608439262
2949,0.00907200225886672
2950,0.00882665233413477
2951,0.00747482560830006
2952,0.00490937882393773
2953,0.00209102742512978
2954,-0.000147055841866572
2955,-0.00168239359578577
2956,-0.00285820762272431
2957,-0.00404883449247909
2958,-0.00528357310700632
2959,-0.00608940028623938
2960,-0.0060416768188782
2961,-0.00579354041631026
2962,-0.00710222944054764
2963,-0.0110690476395259
2964,-0.016384339556793
2965,-0.0200905229088387
2966,-0.0204284333311569
2967,-0.0184319483509893
2968,-0.0163870184510035
2969,-0.015250548747828
2970,-0.0141630770187813
2971,-0.0121227618353134
2972,-0.00929891031055096
2973,-0.00660249677004093
2974,-0.0046376902972781
2975,-0.00338677081415231
2976,-0.00248988794903735
2977,-0.00152639599488975
2978,-0.000356471403716079
2979,0.000555586035521707
2980,0.000583365362914234
2981,0.000120908284431715
2982,0.000872733567784635
2983,0.00416399672613011
2984,0.00898896713963293
2985,0.0125349369174999
2986,0.0129889228954458
2987,0.0112838939469146
2988,0.00969295760187846
2989,0.00921034610267533
2990,0.0089128643159565
2991,0.00757420627291843
2992,0.0051117621190305
2993,0.00235767389868628
2994,5.99100367962415E-05
2995,-0.00157686658404823
2996,-0.00277529277554739
2997,-0.00392539925215651
2998,-0.00517085009658393
2999,-0.00607623830906144
3000,-0.00613480041085218
3001,-0.00593146318053488
3002,-0.00725385949434347
3003,-0.0112415381655574
3004,-0.0165307537372843
3005,-0.0200966158384331
3006,-0.0202556488517987
3007,-0.0182346522160682
3008,-0.0164008995094461
3009,-0.0155443545719722
3010,-0.0145620990372766
3011,-0.0124221308448793
3012,-0.00950467634477021
3013,-0.00688786992267418
3014,-0.00507948342492928
3015,-0.00384621689183941
3016,-0.00279846617362658
3017,-0.00170729393316887
3018,-0.000571193960187097
3019,0.000239553024304537
3020,0.000258329610259394
3021,-0.000134550376724788
3022,0.00063122382258482
3023,0.00386592894747928
3024,0.00869959110066682
3025,0.0123794419373607
3026,0.0129628188284668
3027,0.0112542053036014
3028,0.00959176182800067
3029,0.00911462032382354
3030,0.00888735003434726
3031,0.00753661245715021
3032,0.00494383533486232
3033,0.00209057590874629
3034,-0.00016145236668222
3035,-0.00170098555594459
3036,-0.00290310427673907
3037,-0.0041295639460876
3038,-0.00535027453742862
3039,-0.00606692175954783
3040,-0.00591791177593522
3041,-0.00564774437569226
3042,-0.00702343345257095
3043,-0.0110552469585961
3044,-0.0163435681983196
3045,-0.0199468659568737
3046,-0.0202114507670737
3047,-0.018249460416714
3048,-0.0163177580265539
3049,-0.0152826218592942
3050,-0.0142407919929864
3051,-0.0122314009336794
3052,-0.00948039859233629
3053,-0.00689139190489632
3054,-0.00500685014229065
3055,-0.003765112426457
3056,-0.00281546133950452
3057,-0.00176971008416839
3058,-0.000514700117186085
3059,0.000455525745364682
3060,0.000482673287901625
3061,-2.77147510971238E-05
3062,0.000705833030550047
3063,0.00407746841523235
3064,0.00904171701139887
3065,0.0126578177518866
3066,0.0130464666854525
3067,0.0112312603384174
3068,0.00963125106162093
3069,0.00925538469218759
3070,0.00903794492461104
3071,0.00763598031186581
3072,0.00503457691636702
3073,0.00223642551758853
3074,3.87946827347163E-05
3075,-0.00149870788076556
3076,-0.00275445375041627
3077,-0.00407697145432732
3078,-0.00541346235826227
3079,-0.00622017116526918
3080,-0.00610075787432581
3081,-0.00582065038253762
3082,-0.00719109683376906
3083,-0.0112121307457762
3084,-0.0164258307151103
3085,-0.0198856792200149
3086,-0.0200362188460365
3087,-0.0180972592434444
3088,-0.0163155711931064
3089,-0.0154294372128569
3090,-0.014416348762703
3091,-0.0123085982913302
3092,-0.00941395189832724
3093,-0.00670883935236769
3094,-0.00474896692930939
3095,-0.003465176214686
3096,-0.00252949633560072
3097,-0.00158213639823641
3098,-0.000470929675655713
3099,0.00041551212287309
3100,0.000476782604663534
3101,3.58785039476684E-05
3102,0.000729793615079296
3103,0.00392837999366066
3104,0.00873273422466923
3105,0.0123526615915714
3106,0.0128846618473299
3107,0.0111934816064495
3108,0.00960488991300884
3109,0.00919951813516282
3110,0.00903605943714672
3111,0.00778849081473004
3112,0.00533682559417869
3113,0.00257647648263858
3114,0.000296686134494949
3115,-0.00135736733805406
3116,-0.00266596890772082
3117,-0.00394777423460995
3118,-0.00520761792299098
3119,-0.00598536641253041
3120,-0.00590522104284554
3121,-0.00567316331969018
3122,-0.00704335818984002
3123,-0.0110383332127159
3124,-0.0162678050135385
3125,-0.0198002517543115
3126,-0.020017613316221
3127,-0.0180780488353223
3128,-0.0162366820100149
3129,-0.0152909208030635
3130,-0.014270288420781
3131,-0.0122279080764804
3132,-0.00945949772901249
3133,-0.00688602726053966
3134,-0.00497981850669886
3135,-0.00362966929455993
3136,-0.00255939669404074
3137,-0.00150596810097219
3138,-0.000358194933677237
3139,0.000534034406295175
3140,0.000614791058359002
3141,0.0002041091570207
3142,0.000924946930842135
3143,0.00416776687733215
3144,0.00905735153295774
3145,0.0127716860740993
3146,0.013333929585339
3147,0.0115692023524484
3148,0.00983267153631174
3149,0.00926787248941676
3150,0.0089883844087229
3151,0.00770369801005887
3152,0.00529670846569869
3153,0.00261312797494548
3154,0.000370059910629598
3155,-0.00130202610060219
3156,-0.00261488666798855
3157,-0.00382915246034263
3158,-0.00500195156048563
3159,-0.00578745868280183
3160,-0.00583090303798838
3161,-0.00571566708754723
3162,-0.00707022984029009
3163,-0.0109422086014248
3164,-0.0160792320671562
3165,-0.0196253648413776
3166,-0.019901213330503
3167,-0.0179777464280322
3168,-0.0161188360874017
3169,-0.0151852706501946
3170,-0.0141985401170582
3171,-0.0121256151596547
3172,-0.00923401577335986
3173,-0.00655470696134677
3174,-0.00469490634024359
3175,-0.0035281582816992
3176,-0.00261145321040066
3177,-0.00155566820583457
3178,-0.000315300663713712
3179,0.00058445071238209
3180,0.000520592030886392
3181,-6.06572431021708E-05
3182,0.000632987256691318
3183,0.00400661463956699
3184,0.00903673110212031
3185,0.0127675801801724
3186,0.0132423387112855
3187,0.0114060383201719
3188,0.00968132298754328
3189,0.0091682673889353
3190,0.00890494815228887
3191,0.00758352347444579
3192,0.00512812259413762
3193,0.0024257506760486
3194,0.000199413405055533
3195,-0.00144442693977258
3196,-0.00275120432212045
3197,-0.00399606610714668
3198,-0.00520294500550149
3199,-0.00596012570159353
3200,-0.00588652732687018
3201,-0.00562941731303447
3202,-0.00691806674470499
3203,-0.0108305105541159
3204,-0.016052151678201
3205,-0.0196627321641981
3206,-0.0199867960733428
3207,-0.0181214712802842
3208,-0.0163038166301953
3209,-0.0153445533675739
3210,-0.0142858465544477
3211,-0.012187273740744
3212,-0.00936141759918039
3213,-0.00676080155079953
3214,-0.00488077192284861
3215,-0.00359698345577211
3216,-0.00258544337681426
3217,-0.00153972685848791
3218,-0.000351522659104399
3219,0.000576082010823635
3220,0.000626106397375576
3221,0.000103811010990481
3222,0.000685030530309077
3223,0.00384801481513839
3224,0.00876980838264549
3225,0.0125927062730964
3226,0.0132425491596978
3227,0.0114846630159935
3228,0.00971943208712017
3229,0.00918162836631889
3230,0.00899276691567583
3231,0.00776035373111319
3232,0.00528820709217671
3233,0.00248778219983452
3234,0.000215561887146915
3235,-0.00137102116221803
3236,-0.00261316708837303
3237,-0.00388445087928684
3238,-0.00517963293139664
3239,-0.00599062752484164
3240,-0.00590685922097765
3241,-0.00562385985580023
3242,-0.00690522777789094
3243,-0.0108188059569112
3244,-0.0160486896720195
3245,-0.0196942296315262
3246,-0.0200607390648703
3247,-0.0181802697075849
3248,-0.0162736014949403
3249,-0.0152391074761964
3250,-0.0142154681574191
3251,-0.0122357733118254
3252,-0.00948223389679606
3253,-0.00682507300929837
3254,-0.00481119753996644
3255,-0.00342614028446833
3256,-0.00240178989593976
3257,-0.00142075492700631
3258,-0.000350635702276783
3259,0.000434817221147043
3260,0.000386799625039233
3261,-0.000108814921450124
3262,0.000619056857041588
3263,0.00392005509621982
3264,0.00883173040304219
3265,0.0125034239755036
3266,0.013019277686142
3267,0.0112760659067155
3268,0.00962847062037964
3269,0.00915416418502863
3270,0.00890686531230308
3271,0.00759104942763971
3272,0.00513122426702516
3273,0.0024210112658612
3274,0.000195681189216913
3275,-0.00144056238485117
3276,-0.00274724328665555
3277,-0.00400006468118258
3278,-0.00520745773413821
3279,-0.00595535915511798
3280,-0.00588086699864433
3281,-0.00563599875868317
3282,-0.00692511764138704
3283,-0.0108173651457288
3284,-0.0160437416486454
3285,-0.0197293045691101
3286,-0.0201568568903263
3287,-0.0183236912689312
3288,-0.0164500472194854
3289,-0.015463687188835
3290,-0.0145070162361644
3291,-0.0125592947238629
3292,-0.00974621171809167
3293,-0.00697167364897356
3294,-0.00490231704615409
3295,-0.00359641070189977
3296,-0.00270540118471138
3297,-0.00175462297876969
3298,-0.000554797406666906
3299,0.000421529351494526
3300,0.000497234638804275
3301,2.67686023603082E-05
3302,0.000727869524144553
3303,0.00399064947080247
3304,0.00887360076253337
3305,0.0125578054966295
3306,0.0131421484898119
3307,0.0114708724993162
3308,0.00981840637431741
3309,0.00925938094800287
3310,0.00893352817419881
3311,0.00760782383967618
3312,0.00516944599290176
3313,0.00244619383478694
3314,0.000181684305043317
3315,-0.00146070577540968
3316,-0.00273655098356971
3317,-0.00399113136037463
3318,-0.00527311115886982
3319,-0.00610695287118477
3320,-0.00603628405233397
3321,-0.00570972421155729
3322,-0.00692929026126029
3323,-0.0108430338235615
3324,-0.0161405976300149
3325,-0.0198338451685129
3326,-0.0201625463318463
3327,-0.0182065458090258
3328,-0.0162866704931749
3329,-0.0153201824422244
3330,-0.0143589736356415
3331,-0.0123618926265495
3332,-0.00955240824089212
3333,-0.0069087070922716
3334,-0.0050153205082438
3335,-0.00377078914824522
3336,-0.00278119200534816
3337,-0.00168272618074725
3338,-0.00040739977121388
3339,0.000553208095518437
3340,0.000556484507794366
3341,-2.56394354687806E-05
3342,0.000562699877122282
3343,0.0038057101675506
3344,0.00881118908715172
3345,0.012655562221086
3346,0.0132747013270324
3347,0.011504639633718
3348,0.00978522140042217
3349,0.00929462403362167
3350,0.00905773026331041
3351,0.00766967679588582
3352,0.00504649030364664
3353,0.00222776398358992
3354,8.14328181377471E-05
3355,-0.00134135623416719
3356,-0.00248803403651152
3357,-0.00374984435764924
3358,-0.00507332990117802
3359,-0.0059037942045379
3360,-0.00581396896348659
3361,-0.0055058176545901
3362,-0.00676799692465139
3363,-0.0107012463910836
3364,-0.0159977606650779
3365,-0.0197213374597572
3366,-0.0201322907898386
3367,-0.0182551373347569
3368,-0.0163356730376035
3369,-0.0152859691692263
3370,-0.0142366526938008
3371,-0.0122281773890514
3372,-0.00948042094814218
3373,-0.00688767832043763
3374,-0.00496345581907911
3375,-0.00362722048482392
3376,-0.00257560824740672
3377,-0.00150941525886048
3378,-0.000334733307377357
3379,0.000542366172801605
3380,0.00053583147283631
3381,-1.14914686413687E-05
3382,0.000574250659108745
3383,0.00373802411090987
3384,0.00865087830322783
3385,0.0124941324728874
3386,0.013215122710597
3387,0.0115250558238087
3388,0.00974203748219267
3389,0.00909794174519849
3390,0.00881071696978503
3391,0.00757139568370756
3392,0.00515187142222464
3393,0.00236284602163865
3394,2.60388928794322E-05
3395,-0.00163335157764899
3396,-0.00289133169399013
3397,-0.00414552066594555
3398,-0.00544841594000967
3399,-0.00628080673534134
3400,-0.00616730187033829
3401,-0.00579726336056219
3402,-0.00702022837131079
3403,-0.0109760031584871
3404,-0.016308228728278
3405,-0.0200090002793553
3406,-0.0203328425723331
3407,-0.0183580879148221
3408,-0.0163793788474371
3409,-0.0153252563659499
3410,-0.014318039628421
3411,-0.0123578575791848
3412,-0.00959969178059947
3413,-0.0069157206491876
3414,-0.00490016445390818
3415,-0.00359126150123409
3416,-0.00269460335335992
3417,-0.0017703397092833
3418,-0.000583311585196615
3419,0.000438550423509059
3420,0.000556291273956074
3421,1.87065551080749E-05
3422,0.000568749996960365
3423,0.00377403565979995
3424,0.00880851518671127
3425,0.0127268958364156
3426,0.0133844201116324
3427,0.0115605688329853
3428,0.00972628792625868
3429,0.00916739199188515
3430,0.00899581533954356
3431,0.00777160597044528
3432,0.0052703177234537
3433,0.00242577534442331
3434,0.000139395067018433
3435,-0.00142199903002404
3436,-0.00264432500721844
3437,-0.0039460361581527
3438,-0.00530261233924021
3439,-0.00613723881178895
3440,-0.00601124511424452
3441,-0.00568358348763793
3442,-0.00700314224695447
3443,-0.0110305027475505
3444,-0.016342930829923
3445,-0.0199575691217778
3446,-0.0202266662200645
3447,-0.0183027445441843
3448,-0.0164498003550533
3449,-0.0154817009024699
3450,-0.0144411524160496
3451,-0.0123823914714532
3452,-0.00959239894957219
3453,-0.00698219799126457
3454,-0.00501923676935073
3455,-0.00360508762256039
3456,-0.00250457453459871
3457,-0.00150027039738127
3458,-0.000475019931579169
3459,0.000293059414799707
3460,0.000312356397896333
3461,-0.000115849951126154
3462,0.000569444481349951
3463,0.00376406897448686
3464,0.00867177649778722
3465,0.0124922516806445
3466,0.013143618326336
3467,0.0113492946133117
3468,0.0095257403677256
3469,0.00897342756390976
3470,0.00882782607010046
3471,0.00762642657446436
3472,0.00511778921929603
3473,0.00225621606742904
3474,-1.74133173880505E-05
3475,-0.00153490232043684
3476,-0.00271048122165158
3477,-0.00397398821266961
3478,-0.00529638089187848
3479,-0.00611404522204142
3480,-0.00600612114149802
3481,-0.00570763729084541
3482,-0.00701781520909082
3483,-0.011001965178347
3484,-0.016310494719244
3485,-0.0199971658683973
3486,-0.0203339496268029
3487,-0.0183640801534017
3488,-0.0163719557095156
3489,-0.0153188896556301
3490,-0.0143345292953935
3491,-0.0123754095847434
3492,-0.00957067210491103
3493,-0.00682975828601128
3494,-0.00478951751182702
3495,-0.00347610257100972
3496,-0.00256956366657678
3497,-0.00165227123243164
3498,-0.000516094744823091
3499,0.000460311370376351
3500,0.000617511755829803
3501,0.000173251425970465
3502,0.000717383299858132
3503,0.00372721855866376
3504,0.00849371817609959
3505,0.0122836365018419
3506,0.0130216906347433
3507,0.0113585966323517
3508,0.00962076248079374
3509,0.00909476823582052
3510,0.00898122273526834
3511,0.00785693810202083
3512,0.00541088661077665
3513,0.00250682671149541
3514,8.85919218547409E-05
3515,-0.00156623083220695
3516,-0.0027804961260004
3517,-0.00400909665626513
3518,-0.00531037292562381
3519,-0.00614374245299907
3520,-0.00601974764319267
3521,-0.00561604197515322
3522,-0.00677477111201208
3523,-0.0106631263691506
3524,-0.0159814645549022
3525,-0.0197433636035672
3526,-0.0201561116394485
3527,-0.0182418089446506
3528,-0.016298856944867
3529,-0.0152921582624364
3530,-0.0143371769987047
3531,-0.0123892064844399
3532,-0.00959730740801354
3533,-0.00687949004166489
3534,-0.00484491994170761
3535,-0.00348294182680676
3536,-0.00248058392194031
3537,-0.00148550363841505
3538,-0.000360436214393321
3539,0.000510363214904422
3540,0.00053936177217308
3541,2.93171097975641E-05
3542,0.000596179524393819
3543,0.0036842162179477
3544,0.00854890927727505
3545,0.0124470596791004
3546,0.0132872676986981
3547,0.0116753988291512
3548,0.00990269883746543
3549,0.00927646870032032
3550,0.00905147595864623
3551,0.00783521018272939
3552,0.00532043258185027
3553,0.00239294843971839
3554,3.4805859948825E-05
3555,-0.00148808588245857
3556,-0.00258282207432033
3557,-0.00378605045391949
3558,-0.00516054766345733
3559,-0.00611801282930602
3560,-0.00613687247517639
3561,-0.00587573315895782
3562,-0.00712429823482492
3563,-0.0109890464615974
3564,-0.016188972112536
3565,-0.0198458093103994
3566,-0.0202535776088151
3567,-0.0184099205247048
3568,-0.0165280888795078
3569,-0.0155373382239589
3570,-0.0145847557199296
3571,-0.0126457836662729
3572,-0.00983552759653055
3573,-0.00704130415313861
3574,-0.0049148595126189
3575,-0.00353770253079541
3576,-0.0026373397022212
3577,-0.00178905679619193
3578,-0.000729889476480377
3579,0.000208410836735014
3580,0.000362299593294428
3581,-8.31293123553848E-05
3582,0.000460493410737302
3583,0.00351573364944542
3584,0.00840811386919694
3585,0.0123686509593258
3586,0.013232257712472
3587,0.0115780016860274
3588,0.0097254752948976
3589,0.00901295327732251
3590,0.00872649671050581
3591,0.007533902275147
3592,0.00516961891502015
3593,0.00244888385965451
3594,0.000196276492733409
3595,-0.00140130515391544
3596,-0.00265561935775221
3597,-0.00394503549048153
3598,-0.00528165304806947
3599,-0.00614827571499027
3600,-0.00610205609343261
3601,-0.00582685811179989
3602,-0.00711306024330413
3603,-0.0110516174120066
3604,-0.0163042289616239
3605,-0.0199324893203324
3606,-0.0202504899595304
3607,-0.0183367816320975
3608,-0.0164264246141114
3609,-0.0153873613107268
3610,-0.0143566473915148
3611,-0.0124214098259326
3612,-0.00978026693452507
3613,-0.00721237261913504
3614,-0.00516833124384063
3615,-0.00368075135381204
3616,-0.00261762467187669
3617,-0.00166962967592651
3618,-0.000538497780216666
3619,0.000491782987902257
3620,0.000681944077640627
3621,0.000137152605261013
3622,0.000541446449227505
3623,0.0035957865694757
3624,0.00862164904767314
3625,0.0126405891372696
3626,0.013365341638721
3627,0.0115281494437015
3628,0.00967103489498539
3629,0.00911483331893475
3630,0.00892087335205754
3631,0.00764171428132999
3632,0.00514406403523836
3633,0.00240655200092096
3634,0.000220675609138257
3635,-0.00136907755216027
3636,-0.00268853951617221
3637,-0.00398209491247155
3638,-0.00518949495119752
3639,-0.00589227540430914
3640,-0.00577325775839631
3641,-0.00550648781508344
3642,-0.00679134849773591
3643,-0.0107047302786782
3644,-0.015981474371719
3645,-0.0197124554817641
3646,-0.0201486773353366
3647,-0.0183144788857756
3648,-0.0164675732638388
3649,-0.0154993645943569
3650,-0.0144959777468455
3651,-0.0124916454141378
3652,-0.00973781929050008
3653,-0.00712171760975596
3654,-0.00510846313819275
3655,-0.00364161679530679
3656,-0.00255199612360019
3657,-0.00161760307689702
3658,-0.000607855848819408
3659,0.00028576142230239
3660,0.0004710190768444
3661,3.69543580905873E-05
3662,0.000493085311733354
3663,0.0034559701647078
3664,0.00838760695968481
3665,0.0124825409351762
3666,0.0134040347240257
3667,0.0116662355563779
3668,0.00972037052915906
3669,0.00904562967755086
3670,0.00888773795373189
3671,0.00775948151171181
3672,0.00533103683489923
3673,0.00250144024031536
3674,0.000193993573242551
3675,-0.00140203391876122
3676,-0.00265149319864798
3677,-0.00395200229040625
3678,-0.00529348560629851
3679,-0.00613891757082878
3680,-0.00603288796000393
3681,-0.00564029523080285
3682,-0.00676168213750495
3683,-0.0105710445155423
3684,-0.0158353296200276
3685,-0.0196254639563297
3686,-0.0201417337002643
3687,-0.0183464153713348
3688,-0.01647209894107
3689,-0.015461924083154
3690,-0.0144863448471383
3691,-0.0125959657134646
3692,-0.0099614226798628
3693,-0.00738106881967788
3694,-0.00531604752603671
3695,-0.00377128476328428
3696,-0.00261915004523451
3697,-0.00163512425380723
3698,-0.000590858636530171
3699,0.000300087564829072
3700,0.000455160413854802
3701,1.90388698278693E-05
3702,0.000519927921742275
3703,0.00349107017963078
3704,0.00829568801423229
3705,0.0121706335226906
3706,0.012965923256198
3707,0.0113286507302015
3708,0.00962331750408438
3709,0.00911079395885019
3710,0.0089303586718575
3711,0.00769734029523991
3712,0.00523840630085754
3713,0.00247364737956948
3714,0.00022349392819366
3715,-0.00138780238058549
3716,-0.00267406792399789
3717,-0.00396129252025845
3718,-0.00526200722858807
3719,-0.0061277086442246
3720,-0.00613190566229101
3721,-0.00586049474679976
3722,-0.00702033686450581
3723,-0.0107890459738043
3724,-0.0160202908701612
3725,-0.0198334624929968
3726,-0.0203723206812194
3727,-0.0185193444708915
3728,-0.0165261903581179
3729,-0.0154393155983664
3730,-0.0144704157260047
3731,-0.0125783119403847
3732,-0.00983821583000238
3733,-0.00711145767390298
3734,-0.00502579639991095
3735,-0.0036304739509002
3736,-0.00263616038018495
3737,-0.00164697505340109
3738,-0.000468758692252219
3739,0.000504172927562218
3740,0.000599306387185933
3741,4.62382173262613E-05
3742,0.000484288752631052
3743,0.00345400464285608
3744,0.0082777973446081
3745,0.0121985730497797
3746,0.0130831731542592
3747,0.0115299921453492
3748,0.00983470267167845
3749,0.00926929404643835
3750,0.00904040519322362
3751,0.00777355960034383
3752,0.00524361660905304
3753,0.00237662399473813
3754,9.0710441385725E-05
3755,-0.00143897860355515
3756,-0.00262341940019219
3757,-0.00391612192879003
3758,-0.00530307310696128
3759,-0.0061778316611437
3760,-0.0060380855008557
3761,-0.00558629589672436
3762,-0.00669317590409736
3763,-0.01054438754366
3764,-0.0158500193377641
3765,-0.0196267918122374
3766,-0.02007890481615
3767,-0.0182165332698794
3768,-0.016311155064095
3769,-0.0152974218343071
3770,-0.0142939507457546
3771,-0.0123075933067077
3772,-0.00953740015315739
3773,-0.00688711591883541
3774,-0.00490963788766261
3775,-0.00358073712201398
3776,-0.00262902973344705
3777,-0.00170705440064478
3778,-0.000602336203896356
3779,0.000350680628577335
3780,0.00048433005490733
3781,-2.22238896667216E-05
3782,0.000460315473390193
3783,0.00352323465944018
3784,0.00849371976683311
3785,0.01251079354731
3786,0.0133333621745983
3787,0.0115877618858013
3788,0.00971657603896898
3789,0.00910817592812424
3790,0.00896359965613061
3791,0.0078247586355459
3792,0.0053878393998181
3793,0.00254009796518685
3794,0.000206927921186783
3795,-0.00138216848767139
3796,-0.00257437832402718
3797,-0.00382089812102562
3798,-0.0051803457519761
3799,-0.00610814645054784
3800,-0.00606839782007288
3801,-0.00566879411410431
3802,-0.00674279391586556
3803,-0.0105481684053781
3804,-0.0158931170063701
3805,-0.0197989950839871
3806,-0.0203682847354522
3807,-0.0185110142394468
3808,-0.0165061943084048
3809,-0.0153894734930682
3810,-0.0143621722487038
3811,-0.012418751607
3812,-0.00969134935814892
3813,-0.0070490763835153
3814,-0.00505658843735614
3815,-0.00369335863714356
3816,-0.0026681261087617
3817,-0.00164525733516835
3818,-0.00047818804786845
3819,0.000454041871641909
3820,0.00053351282065651
3821,2.9748357625817E-05
3822,0.000579915067565414
3823,0.00368184884391003
3824,0.00858632829583753
3825,0.0124683827364255
3826,0.0131861502955991
3827,0.0114165998879554
3828,0.0095770684755766
3829,0.00901986202803459
3830,0.00894331089672926
3831,0.00789172110101076
3832,0.00553112319474921
3833,0.00270333517412908
3834,0.000322087557170903
3835,-0.00134155998541531
3836,-0.00257286491007339
3837,-0.00379397795175822
3838,-0.00509363512476676
3839,-0.00598817309671345
3840,-0.00597243713261906
3841,-0.00562126433603204
3842,-0.00670377821054631
3843,-0.0104468929729567
3844,-0.0156900602770268
3845,-0.0195166599781461
3846,-0.0200707880153767
3847,-0.0182603794423106
3848,-0.0163285599653506
3849,-0.0152687541131199
3850,-0.0142629579236952
3851,-0.012319567411411
3852,-0.00959317879921549
3853,-0.00694924632387616
3854,-0.00492809062635447
3855,-0.00350925699527101
3856,-0.0024422506833738
3857,-0.00141896213021248
3858,-0.000255543043119421
3859,0.000725754072553218
3860,0.000878977387906797
3861,0.000350088354663634
3862,0.000696004637944288
3863,0.00351248761449706
3864,0.008268969544104
3865,0.0122657548658647
3866,0.0132611083319433
3867,0.0117099966093831
3868,0.00989969748758573
3869,0.00923195322594868
3870,0.00903493177706152
3871,0.00792795516096016
3872,0.00557283273549676
3873,0.00278531364682545
3874,0.000459190684410755
3875,-0.00117176980485973
3876,-0.00244477911033849
3877,-0.00378992950892118
3878,-0.00522193894224042
3879,-0.00615789941072337
3880,-0.00606909224162067
3881,-0.00560986453774481
3882,-0.00665245215317355
3883,-0.0104548536251285
3884,-0.0158049207956681
3885,-0.0197180154255108
3886,-0.0203106041799171
3887,-0.018499538578339
3888,-0.0165428770273492
3889,-0.0154451134642835
3890,-0.0144016961208575
3891,-0.0124312386404662
3892,-0.00968495677932994
3893,-0.00702091075056598
3894,-0.00498669651838178
3895,-0.00357645043151416
3896,-0.00253525484651813
3897,-0.00153529453800347
3898,-0.000392707392061047
3899,0.000550203455667293
3900,0.000662781436780335
3901,0.000162812464070056
3902,0.000652466408417042
3903,0.00365064498695932
3904,0.00847665949370719
3905,0.0123761704632753
3906,0.0132232818663853
3907,0.0116255437215574
3908,0.00988348150910087
3909,0.00927987504968558
3910,0.00905572267844866
3911,0.00786955991190546
3912,0.0054709518752643
3913,0.00270356823919945
3914,0.000433084196129312
3915,-0.00112420448607607
3916,-0.0023075564922223
3917,-0.003575417523597
3918,-0.00498548281429401
3919,-0.00594856669449446
3920,-0.00587362408303172
3921,-0.00537627389749357
3922,-0.00636954234830875
3923,-0.0101784979224198
3924,-0.0155909109578253
3925,-0.019549604110297
3926,-0.0201176669221736
3927,-0.0182484735323722
3928,-0.0162859813505838
3929,-0.0152652255347284
3930,-0.014311668939301
3931,-0.0123433854259667
3932,-0.00948985804461885
3933,-0.00669212692419503
3934,-0.00460181808710117
3935,-0.00324585163599438
3936,-0.0023260437518493
3937,-0.00145071294008643
3938,-0.000382310280958757
3939,0.000577564295169653
3940,0.000792731468412553
3941,0.000393049670578973
3942,0.000871017882580829
3943,0.00374905607881083
3944,0.00848712977661891
3945,0.0124410622391464
3946,0.0134095295841131
3947,0.0118308300799527
3948,0.00997525159677061
3949,0.00928046146232353
3950,0.00911061368540648
3951,0.00804311474740298
3952,0.00565842456787671
3953,0.00277111876270975
3954,0.000376191771517433
3955,-0.00121180177450279
3956,-0.00237131028578175
3957,-0.00363856648405209
3958,-0.00507319689527522
3959,-0.00605206967296418
3960,-0.00600406887215972
3961,-0.00558591608765458
3962,-0.00666852402397047
3963,-0.0104646787948051
3964,-0.0157260559412379
3965,-0.0195123653742313
3966,-0.020035901636975
3967,-0.0182529467964671
3968,-0.0163610493228961
3969,-0.0152876352453852
3970,-0.0142345836315203
3971,-0.012288274139502
3972,-0.00961497769204158
3973,-0.00699579075394426
3974,-0.00491754918279818
3975,-0.00343920201693485
3976,-0.00243040953851922
3977,-0.00156776379674781
3978,-0.000510641068497421
3979,0.000521873299956502
3980,0.000799221207225418
3981,0.000312710971401264
3982,0.000606863508052041
3983,0.00341912768913725
3984,0.00831115333506889
3985,0.0124888413126608
3986,0.0135430934418762
3987,0.0118925499812345
3988,0.0099472675003042
3989,0.00922768676304681
3990,0.00904682529183655
3991,0.00792699616539359
3992,0.00548400059211205
3993,0.00258261501191285
3994,0.000193545871577442
3995,-0.00141269996158881
3996,-0.0025864381604774
3997,-0.00380458770046125
3998,-0.00515149461694291
3999,-0.0061020520215936
4000,-0.00611513217146157
4001,-0.00575231354264746
4002,-0.0067940459040561
4003,-0.010499446986513
4004,-0.0157397501930584
4005,-0.0195997747512141
4006,-0.02019690882344
4007,-0.0184180546265518
4008,-0.0165058749654051
4009,-0.0154521890451108
4010,-0.0144284246128381
4011,-0.0124522806922679
4012,-0.00971385315363885
4013,-0.0070871790350111
4014,-0.00506395724074267
4015,-0.00358730235872462
4016,-0.00246349393509072
4017,-0.00148347055218553
4018,-0.000463069964638663
4019,0.000401524062590332
4020,0.000569065377512604
4021,0.000149273412841906
4022,0.000597443693094947
4023,0.00348761068509715
4024,0.00834081905859565
4025,0.0124538015165927
4026,0.0135013968983519
4027,0.0119043345931238
4028,0.010036816198585
4029,0.00939624416381821
4030,0.00928341304448341
4031,0.00821657485159491
4032,0.0058289868663538
4033,0.0030022058222518
4034,0.000676425260525463
4035,-0.000936963321856571
4036,-0.00218678955632727
4037,-0.00346245260766326
4038,-0.00477809323841621
4039,-0.00565480917285468
4040,-0.00565872953173148
4041,-0.00538102227993771
4042,-0.00652895774152275
4043,-0.0103013969837532
4044,-0.0155929998982994
4045,-0.0195159211355192
4046,-0.0201316789102282
4047,-0.0182584531035012
4048,-0.0161964944342889
4049,-0.0150986182611755
4050,-0.0142059280229637
4051,-0.0124072565070586
4052,-0.00971492842617517
4053,-0.00699723412546223
4054,-0.00490676187621237
4055,-0.0034911298792307
4056,-0.002472637570204
4057,-0.00149986272016349
4058,-0.000383811659424291
4059,0.00055385096891582
4060,0.000689956552000146
4061,0.000178227330751729
4062,0.000549086060687297
4063,0.00338916853874332
4064,0.00821109523011877
4065,0.012344141397672
4066,0.0134799251971302
4067,0.0119594895261979
4068,0.0100531212207391
4069,0.00928660638503477
4070,0.00911181684497613
4071,0.00811440063862722
4072,0.00579798661372938
4073,0.00288870079589355
4074,0.000370985304500544
4075,-0.00135295933575167
4076,-0.00256231971920958
4077,-0.00378778907285068
4078,-0.00517307425214927
4079,-0.00615250538668055
4080,-0.00610862658822038
4081,-0.00561809347979058
4082,-0.00656682174270299
4083,-0.0102869400403205
4084,-0.0156178770395876
4085,-0.0195609515133473
4086,-0.0201786132192859
4087,-0.0183490621521579
4088,-0.0163412727027061
4089,-0.0152078234467299
4090,-0.0141870534132234
4091,-0.01230167063656
4092,-0.00966821262925873
4093,-0.00709269182102011
4094,-0.00507866741793403
4095,-0.00361259807473235
4096,-0.00248823772904223
4097,-0.00145295583042309
4098,-0.000340895304567796
4099,0.000583771259864224
4100,0.000771860494203463
4101,0.00039082920393543
4102,0.000883558979409743
4103,0.00370246268469236
4104,0.00831969663285539
4105,0.0122021542854342
4106,0.013249523773373
4107,0.0118689329237833
4108,0.0101810938555172
4109,0.00950585426676868
4110,0.00923905879697545
4111,0.00808492621038393
4112,0.00569339624916914
4113,0.00283585001822017
4114,0.00044816967091423
4115,-0.00113368611766778
4116,-0.00223413121614475
4117,-0.00341720329519694
4118,-0.00484382921143171
4119,-0.00592054903277116
4120,-0.00595917907467301
4121,-0.0054899667568145
4122,-0.00644107667615046
4123,-0.0102379967528302
4124,-0.0157421148228963
4125,-0.0198494605917496
4126,-0.020496523981631
4127,-0.0185644630796651
4128,-0.0164492584910637
4129,-0.0152956777791975
4130,-0.014300782713453
4131,-0.0123980959916857
4132,-0.00969785958451014
4133,-0.00707415771929347
4134,-0.00506301698180265
4135,-0.00361425437965351
4136,-0.002488615028816
4137,-0.00144987559169522
4138,-0.000358147583779171
4139,0.000522852981259302
4140,0.000650511947611478
4141,0.000198521373044881
4142,0.000653384426944019
4143,0.00353692783562905
4144,0.00831960405415548
4145,0.0123471131215862
4146,0.013387534800363
4147,0.011849104407599
4148,0.00997527445192447
4149,0.00919320387454936
4150,0.00891828506858314
4151,0.00783069572539868
4152,0.00554474818529696
4153,0.00275858658530127
4154,0.000323260137541713
4155,-0.00141271800794242
4156,-0.00263793274248824
4157,-0.00380467742720719
4158,-0.00512620790617528
4159,-0.00615203881541639
4160,-0.00623720923522497
4161,-0.00581499754649332
4162,-0.00672611757162949
4163,-0.0104258685039233
4164,-0.0158513316142213
4165,-0.0199122304783937
4166,-0.0205183131938299
4167,-0.0185667608081654
4168,-0.0164976537543765
4169,-0.0154394538802965
4170,-0.0145060964964812
4171,-0.0125828048227525
4172,-0.00982881211468033
4173,-0.00719866628301533
4174,-0.00524502111513232
4175,-0.00386934230312423
4176,-0.00279100351683365
4177,-0.00177516562977295
4178,-0.000695749577027407
4179,0.000188675056847797
4180,0.000348406217243842
4181,-4.62287454576375E-05
4182,0.000471035209275935
4183,0.00339893028566162
4184,0.00818943032748549
4185,0.0121838443362485
4186,0.0131768112099685
4187,0.0116306321365674
4188,0.0098233830996945
4189,0.00915036678718257
4190,0.00894980228942709
4191,0.00786151926239023
4192,0.00554445295431973
4193,0.00277191577779485
4194,0.000409969338970305
4195,-0.00125007518927865
4196,-0.00244507083868278
4197,-0.00360837561530619
4198,-0.00490890307170884
4199,-0.00589600868535123
4200,-0.00595630385742726
4201,-0.00551829125973176
4202,-0.0063788683596103
4203,-0.0099932596773942
4204,-0.0153786120589638
4205,-0.0195138167001234
4206,-0.0202624704799244
4207,-0.0183994016534405
4208,-0.0163122680140215
4209,-0.0152039434142343
4210,-0.0142825736438761
4211,-0.0124273095448038
4212,-0.00971526349615598
4213,-0.00705859186799737
4214,-0.00504561057173149
4215,-0.00362199977258791
4216,-0.00250606493120786
4217,-0.00144914436473169
4218,-0.000341562559179862
4219,0.000531411349195859
4220,0.000640098204662
4221,0.000171782496592982
4222,0.00060701645298083
4223,0.00347890264307149
4224,0.00830267258748218
4225,0.0124358735942031
4226,0.0135680211750776
4227,0.0120147366138327
4228,0.0100495131203812
4229,0.00924235597663449
4230,0.0090831369383167
4231,0.00814786148215195
4232,0.00589826703330148
4233,0.00302845998904522
4234,0.000522144668401769
4235,-0.00119420442058517
4236,-0.00237163889998623
4237,-0.00354280844549252
4238,-0.00490247591164104
4239,-0.00594309930223629
4240,-0.00602937438590745
4241,-0.00563588596620811
4242,-0.00657707097174991
4243,-0.0102461495190181
4244,-0.0156080099792185
4245,-0.019684898336554
4246,-0.0204174801787416
4247,-0.0185720908987329
4248,-0.0164515207813359
4249,-0.0152326868508563
4250,-0.0142195915879037
4251,-0.0123972161395935
4252,-0.0098144180233927
4253,-0.00724193698599882
4254,-0.00518322925859436
4255,-0.00365589895980808
4256,-0.00250403490427895
4257,-0.00148554578141837
4258,-0.000368373363507612
4259,0.000637769237310892
4260,0.00090350872234289
4261,0.000443190381359623
4262,0.000701770904874943
4263,0.0033638781047544
4264,0.00811583545231552
4265,0.0123406610186031
4266,0.0136283893613856
4267,0.0121957171860425
4268,0.0102727205521742
4269,0.00941448095374087
4270,0.00912489471753768
4271,0.00805295520594214
4272,0.00575391722406635
4273,0.00293567233263469
4274,0.000499751297476358
4275,-0.00119316141912731
4276,-0.00235657223717667
4277,-0.00345281476804858
4278,-0.00469739709544925
4279,-0.00568271694692301
4280,-0.00581765615289587
4281,-0.00550066346010712
4282,-0.00644513130694
4283,-0.0100389318804559
4284,-0.0153266522411468
4285,-0.0193885250335671
4286,-0.0201496131174893
4287,-0.0183403289818276
4288,-0.016265835164175
4289,-0.0151181205976765
4290,-0.0141695870512944
4291,-0.0123400381464557
4292,-0.0096660726410767
4293,-0.00699940567788101
4294,-0.00493776915915628
4295,-0.00349997495735936
4296,-0.00244810528302587
4297,-0.00148682672523199
4298,-0.00041273593162234
4299,0.000535045406927432
4300,0.000778932879630065
4301,0.000406514415154466
4302,0.000831706556583649
4303,0.00360377873733374
4304,0.00831171912447463
4305,0.0123755868591242
4306,0.0134933816968961
4307,0.0119542693023312
4308,0.0100158582584145
4309,0.00925505685377891
4310,0.00916403536098631
4311,0.00829650860627798
4312,0.00608395492039471
4313,0.00320888725268157
4314,0.000663751637535096
4315,-0.00111162431038369
4316,-0.00235297815575015
4317,-0.00356847396393707
4318,-0.0049283322344998
4319,-0.00592446431479253
4320,-0.00594826081899667
4321,-0.00549835480070641
4322,-0.00638887957186804
4323,-0.0100106154758848
4324,-0.015356083630342
4325,-0.0194882367812231
4326,-0.0203484848094209
4327,-0.0186507387218758
4328,-0.016641770486324
4329,-0.0154777747153717
4330,-0.0144553185048284
4331,-0.0125419645274273
4332,-0.00980102032691561
4333,-0.00709213811198624
4334,-0.00501743822020037
4335,-0.0035852186024466
4336,-0.00252925360651228
4337,-0.00154662410997609
4338,-0.000472463736508325
4339,0.000419706699267398
4340,0.000591920057720294
4341,0.00021875602736187
4342,0.000735799645255552
4343,0.00360402171942974
4344,0.00831611315057512
4345,0.0123054215014673
4346,0.0133646884158722
4347,0.0118277174685519
4348,0.00990086787947838
4349,0.00910847022873171
4350,0.00897363630456927
4351,0.00811422944350376
4352,0.00595946154601681
4353,0.00312350936720186
4354,0.000562490361455653
4355,-0.00123895797954579
4356,-0.00245471990096308
4357,-0.00359701646116911
4358,-0.00489853399699999
4359,-0.0058948791107851
4360,-0.00595693564328995
4361,-0.00553010086666412
4362,-0.00640112188152147
4363,-0.00997663050049691
4364,-0.0152750553083342
4365,-0.0193638128865038
4366,-0.0201796093292554
4367,-0.0184534809314212
4368,-0.0164616260951195
4369,-0.0153554106121038
4370,-0.0143865779253263
4371,-0.0125003866023708
4372,-0.00979944258213742
4373,-0.00718076862725297
4374,-0.0052005052983415
4375,-0.0037804450053655
4376,-0.00265186055945745
4377,-0.00160477524023134
4378,-0.000522842046970258
4379,0.000390801329689501
4380,0.000656879470521775
4381,0.000355185111112658
4382,0.000774466511248973
4383,0.00341271509564774
4384,0.00799844180477412
4385,0.0121266666741941
4386,0.0134709882748597
4387,0.0121043974623258
4388,0.0101213080989311
4389,0.00915490401043359
4390,0.00887466867730817
4391,0.00793049331053824
4392,0.00571513283705154
4393,0.00284773570932263
4394,0.000328370398416997
4395,-0.00135568916278921
4396,-0.0024452356948405
4397,-0.00353221719862199
4398,-0.00487361448244935
4399,-0.00595609388826873
4400,-0.00607133636823056
4401,-0.00562899307294337
4402,-0.00645979144733162
4403,-0.0100376532744115
4404,-0.0153768829986225
4405,-0.0194645161933541
4406,-0.0201902336447073
4407,-0.0183503159457029
4408,-0.0163297497369444
4409,-0.0153007441316893
4410,-0.0144261330595342
4411,-0.012557012239396
4412,-0.00978721450944838
4413,-0.00707522650692
4414,-0.00503842470781207
4415,-0.00361351604355858
4416,-0.0025005256031795
4417,-0.00144986364356622
4418,-0.00035282416019033
4419,0.000522123979174755
4420,0.000654329037028704
4421,0.000198859732219848
4422,0.000591611695442916
4423,0.00337917005868698
4424,0.00815649780002544
4425,0.012337135907737
4426,0.013561975871863
4427,0.0120375447895434
4428,0.00999613855634004
4429,0.00908842735729201
4430,0.00891511393689426
4431,0.00806575865272497
4432,0.0059123647234109
4433,0.00307184744443442
4434,0.000551340295009155
4435,-0.00114934538077224
4436,-0.00226970916231313
4437,-0.00341062738579332
4438,-0.00481467861637848
4439,-0.00592280421203711
4440,-0.00600146171873481
4441,-0.00549543933149732
4442,-0.00628803142592042
4443,-0.00985936453700253
4444,-0.0152007954275436
4445,-0.0193106602295133
4446,-0.0201099299951985
4447,-0.0183631356238902
4448,-0.016356175562822
4449,-0.0152155476026427
4450,-0.0141945096176982
4451,-0.0122792178002835
4452,-0.00958667892711269
4453,-0.0069719691192899
4454,-0.00496038419979542
4455,-0.00350661751089828
4456,-0.00238100424654928
4457,-0.00134739471340219
4458,-0.000245118520146711
4459,0.000689964991999604
4460,0.000898973329629339
4461,0.000467978000627927
4462,0.000802366312030982
4463,0.00347622604330472
4464,0.00813905550516118
4465,0.0122518459520146
4466,0.0134829013949547
4467,0.0120402691268892
4468,0.010122216628331
4469,0.00931558352278035
4470,0.00916646630788109
4471,0.00826498415332815
4472,0.00603718864415613
4473,0.00314713439278815
4474,0.000591204176181397
4475,-0.00117081290901995
4476,-0.00237455066595383
4477,-0.00355795717961391
4478,-0.00491692637434406
4479,-0.00593110433897968
4480,-0.0059586166243668
4481,-0.00549165762906499
4482,-0.00637479164780271
4483,-0.0100176927358339
4484,-0.0153813220825529
4485,-0.0194812493310304
4486,-0.0202627906056749
4487,-0.0184968732278447
4488,-0.0164687483592221
4489,-0.0153119713864936
4490,-0.014289801701873
4491,-0.0123868326302747
4492,-0.00970489077212609
4493,-0.00708547006858674
4494,-0.00505901990939369
4495,-0.00360050424148402
4496,-0.00248972365717759
4497,-0.00147187542887084
4498,-0.000361263504908362
4499,0.000600607880743082
4500,0.000824224708361367
4501,0.00038933372031551
4502,0.000737035765425572
4503,0.00346550025909523
4504,0.00818521662977889
4505,0.0122946596035427
4506,0.0134638568392141
4507,0.0119712103855632
4508,0.0100560010735346
4509,0.00925709399838561
4510,0.00905761600682977
4511,0.00807411158677407
4512,0.00582371776253687
4513,0.00300310431647342
4514,0.00053970512535178
4515,-0.00118070048771956
4516,-0.00238242278783464
4517,-0.0035530326559032
4518,-0.00489379903335214
4519,-0.00592914843591993
4520,-0.00599962203157754
4521,-0.00550808083408911
4522,-0.00626326130855762
4523,-0.00977304042745373
4524,-0.0151296738453643
4525,-0.0193567793850215
4526,-0.0202866828985675
4527,-0.0186051610151947
4528,-0.0166164687839785
4529,-0.0154908366588555
4530,-0.0144605605991322
4531,-0.0124748843464189
4532,-0.00969247972341282
4533,-0.00705085956861679
4534,-0.00507505976814278
4535,-0.00363502267331552
4536,-0.00246954977312875
4537,-0.00142021253931685
4538,-0.000385247888913895
4539,0.000470763529438635
4540,0.000692975433805493
4541,0.00033584961220369
4542,0.000666128442280331
4543,0.00321337519334348
4544,0.00775541049114405
4545,0.0118896075342415
4546,0.0132558706444185
4547,0.0119238664613917
4548,0.0100256601686734
4549,0.0092059418731622
4550,0.0090780020412931
4551,0.00821871884586559
4552,0.00600222698744049
4553,0.00307912124393844
4554,0.000478964877762015
4555,-0.00129528638455378
4556,-0.00245386807984114
4557,-0.0035536860507659
4558,-0.00486359340140199
4559,-0.00592275702355301
4560,-0.00603211649660133
4561,-0.00553528752772362
4562,-0.0062244452572673
4563,-0.00966589431812885
4564,-0.0150199060753449
4565,-0.0192826736442211
4566,-0.0201745850581099
4567,-0.0183353507080873
4568,-0.0161883207817573
4569,-0.0150759857640419
4570,-0.0142511429052887
4571,-0.0124949697993517
4572,-0.00979480351234909
4573,-0.00708949077803653
4574,-0.00503967703798063
4575,-0.0036066956302521
4576,-0.00248953892003624
4577,-0.00144725185998778
4578,-0.000373961906922536
4579,0.000498546694379628
4580,0.000686043981822779
4581,0.000306846191872969
4582,0.000707888776928022
4583,0.00340384995143893
4584,0.00806019943669176
4585,0.0121791223234264
4586,0.0134193097878242
4587,0.0119538519254599
4588,0.00999534289527942
4589,0.00918270710126808
4590,0.00906885081360296
4591,0.00818743909679281
4592,0.0059281082777796
4593,0.00300058427752774
4594,0.000476928758926875
4595,-0.00117337099977455
4596,-0.00225805555689556
4597,-0.00339919113430473
4598,-0.0048160329831803
4599,-0.00593172867586551
4600,-0.00600121783965279
4601,-0.00544205514695164
4602,-0.00613378317716652
4603,-0.00962998581363131
4604,-0.0150171241537599
4605,-0.019280470538015
4606,-0.0202101459981185
4607,-0.0184809892652394
4608,-0.0164424908119078
4609,-0.0153347635212758
4610,-0.0144044809837082
4611,-0.0125271966389054
4612,-0.0097763136676271
4613,-0.0070916472290724
4614,-0.00507899962282347
4615,-0.00366092043419599
4616,-0.00254090333822481
4617,-0.00149957405339935
4618,-0.000436183219934123
4619,0.000434723716630834
4620,0.000647741663268985
4621,0.000315324731781753
4622,0.00075294721410716
4623,0.00345148000431772
4624,0.00809622542451759
4625,0.0122428469525496
4626,0.0135743573453577
4627,0.0122058188268543
4628,0.0102404762262454
4629,0.00927234344001984
4630,0.00895887716342906
4631,0.00801608297687762
4632,0.00589727294440134
4633,0.00315583674186054
4634,0.000641068068979372
4635,-0.00120605295738572
4636,-0.0024899152436262
4637,-0.00365429741176354
4638,-0.00498940424755145
4639,-0.00612178551396296
4640,-0.00634538847105144
4641,-0.00589466981268426
4642,-0.00650393653385142
4643,-0.00981723461854984
4644,-0.0151057282700759
4645,-0.0193808355506494
4646,-0.0203067432194824
4647,-0.0185042518458788
4648,-0.0164231112832789
4649,-0.0153865330795417
4650,-0.0145680545805994
4651,-0.0127225141099151
4652,-0.00993142565920787
4653,-0.0072442447900447
4654,-0.00530085858585248
4655,-0.0039274075632208
4656,-0.00273865690915631
4657,-0.00155932744097185
4658,-0.000415421960692844
4659,0.000407009319548737
4660,0.000482369739432754
4661,2.11111489473435E-05
4662,0.000413827107195847
4663,0.00315744714744284
4664,0.00787530832440506
4665,0.0120454107939878
4666,0.0133349601629343
4667,0.0119308563648103
4668,0.0100245872738024
4669,0.00921218978336742
4670,0.00905056791848435
4671,0.00814554593774039
4672,0.0059353528068473
4673,0.00306400827797669
4674,0.000490522813118149
4675,-0.00131283517821443
4676,-0.00251094409419579
4677,-0.0036168115860632
4678,-0.00491070956349851
4679,-0.00594786865884826
4680,-0.006003260632477
4681,-0.00540911123736274
4682,-0.00602620331500172
4683,-0.00950896323851064
4684,-0.0150050255665857
4685,-0.0194007712832263
4686,-0.0203451790575937
4687,-0.0185172852472767
4688,-0.0163992107630402
4689,-0.0153058372639047
4690,-0.0144219172815587
4691,-0.0125444182619749
4692,-0.00976665321572831
4693,-0.00709425379891825
4694,-0.00513357850837684
4695,-0.00374562375248046
4696,-0.0026043487892458
4697,-0.00152998526026005
4698,-0.00047682278093344
4699,0.00032248980645633
4700,0.000422895373073487
4701,-1.53697338684853E-05
4702,0.000385154691249376
4703,0.00314330420350593
4704,0.00788646235027151
4705,0.0120651579506344
4706,0.0133337111608816
4707,0.0119098044635487
4708,0.0100179384854415
4709,0.00923442400945513
4710,0.00906560615973283
4711,0.00811801792222475
4712,0.00590690826688298
4713,0.00314212453821159
4714,0.000739515542125873
4715,-0.000952970144266093
4716,-0.00217464750208578
4717,-0.00339339361883977
4718,-0.00480242137165609
4719,-0.00593844922544703
4720,-0.00611627946815106
4721,-0.00566142143450977
4722,-0.00634803221907062
4723,-0.00976558815393614
4724,-0.0151200885320258
4725,-0.0194351507453875
4726,-0.0204315945078784
4727,-0.0187277507132062
4728,-0.0166931338752358
4729,-0.0155949387249422
4730,-0.0146554679239574
4731,-0.0127261906932259
4732,-0.00991992579788753
4733,-0.00723908646873127
4734,-0.00528838848563384
4735,-0.00391965421941521
4736,-0.00277397803142592
4737,-0.00163765289563818
4738,-0.00047054036902882
4739,0.000447755559634881
4740,0.000627188848816147
4741,0.000218856053965707
4742,0.000616847317788542
4743,0.00335816312202071
4744,0.00808365048832228
4745,0.0122527623670726
4746,0.0135141869547394
4747,0.0120695581992234
4748,0.0101481143407047
4749,0.0093663968731114
4750,0.00925954032985424
4751,0.00839280521521214
4752,0.00619245188373624
4753,0.00332769183190044
4754,0.000774928534342783
4755,-0.00101261060143763
4756,-0.00221374563731173
4757,-0.00330924408830808
4758,-0.00455455922672012
4759,-0.00557494382559297
4760,-0.00576429569268004
4761,-0.00544558258460082
4762,-0.00627622489891545
4763,-0.00971361144246551
4764,-0.0149677584969223
4765,-0.0192106315589634
4766,-0.0202819711998597
4767,-0.0187470507960971
4768,-0.0168248516297937
4769,-0.015722670655304
4770,-0.0147461633939903
4771,-0.0128397280393376
4772,-0.010095238844374
4773,-0.00742227818090369
4774,-0.00538967910591614
4775,-0.00391372618650917
4776,-0.00272365132980503
4777,-0.00162547769247869
4778,-0.000516089579335304
4779,0.000407765503682138
4780,0.000674010278707194
4781,0.000352329755376942
4782,0.000722369865422273
4783,0.00330401216544264
4784,0.00787380693524089
4785,0.0120586313008223
4786,0.0135112890542309
4787,0.0122379149104981
4788,0.0102738674694904
4789,0.00926411850830333
4790,0.00896690420419616
4791,0.00811217699877184
4792,0.0060605396705861
4793,0.00329581397637877
4794,0.000725816272068843
4795,-0.0010947526709565
4796,-0.00225458524982725
4797,-0.00330443829523044
4798,-0.00462988457377907
4799,-0.00583220943444656
4800,-0.00610765835754634
4801,-0.00564256144263942
4802,-0.0062136176357626
4803,-0.00953747373543693
4804,-0.0149152035600336
4805,-0.0193214542853043
4806,-0.0203423516463916
4807,-0.018539704283946
4808,-0.0163813591724809
4809,-0.0152748565483253
4810,-0.0144552314987031
4811,-0.0126513501302719
4812,-0.00987879384881303
4813,-0.00717020596498368
4814,-0.0052007345868293
4815,-0.00381710209887061
4816,-0.00262779394501848
4817,-0.00147343497088542
4818,-0.000406607331484418
4819,0.000329721611761739
4820,0.000412351138051819
4821,6.91516633393115E-05
4822,0.000557455076594871
4823,0.00325274492098284
4824,0.00785286150831794
4825,0.0120199967697557
4826,0.0134530938608219
4827,0.0121624524389904
4828,0.0101960062355557
4829,0.00923301955950639
4830,0.00901722516345093
4831,0.00820708817563596
4832,0.00613657449602878
4833,0.00335178164736772
4834,0.000799973850234702
4835,-0.00103303670115501
4836,-0.00229837963156453
4837,-0.00345432944641293
4838,-0.00472915447426624
4839,-0.00574527701239525
4840,-0.00592324266199225
4841,-0.00559508495482699
4842,-0.00639427677902801
4843,-0.00977616323297821
4844,-0.0149912396777222
4845,-0.0192188258296728
4846,-0.0202256305078294
4847,-0.0185228550335456
4848,-0.016417654533694
4849,-0.0152884683259727
4850,-0.0144954535994561
4851,-0.0128447628864433
4852,-0.0102495150087748
4853,-0.00757818191871268
4854,-0.00548971550646531
4855,-0.00398734597413508
4856,-0.00281208051070317
4857,-0.00174345399352002
4858,-0.000662028464864535
4859,0.000235097693899751
4860,0.000469235602986755
4861,0.000113287950443958
4862,0.000481803226948127
4863,0.00314189650370273
4864,0.00784946541340459
4865,0.0121110360540531
4866,0.0134789174931126
4867,0.0120300887218664
4868,0.00999148109288464
4869,0.00908664764749732
4870,0.00893261958278519
4871,0.00808522205453178
4872,0.00592454372973409
4873,0.00309458080683843
4874,0.00056060822478949
4875,-0.00123708372909792
4876,-0.00248019126730863
4877,-0.00364111360846495
4878,-0.00497162702598774
4879,-0.00607704593898779
4880,-0.00627917305971475
4881,-0.00583014586988587
4882,-0.00644286339999765
4883,-0.00976447271379377
4884,-0.0151303201798227
4885,-0.0195875322540532
4886,-0.0207004630835571
4887,-0.0189145604387438
4888,-0.0166273966908263
4889,-0.0153271960132864
4890,-0.0144151966381844
4891,-0.0126966920212515
4892,-0.0100789950865229
4893,-0.00740970688008744
4894,-0.00531164519500431
4895,-0.00377684716552664
4896,-0.00257818022086935
4897,-0.00153003700429947
4898,-0.000510709250780779
4899,0.000308945673509159
4900,0.000465355926294721
4901,3.13167621767398E-05
4902,0.000328468858105456
4903,0.00295052169820414
4904,0.00768870739024516
4905,0.0120638117646184
4906,0.0135832943280043
4907,0.0122170311706086
4908,0.0101020466454643
4909,0.00900060157320505
4910,0.00869486501846421
4911,0.00787194182058637
4912,0.00585833186163768
4913,0.00311651782112821
4914,0.000514366044113016
4915,-0.00141282129372846
4916,-0.00268445484495153
4917,-0.00373828288314952
4918,-0.00494495740495621
4919,-0.00602855073359616
4920,-0.00629563914814021
4921,-0.00588340338133077
4922,-0.00643368253380234
4923,-0.0096481453324085
4924,-0.0149746779646785
4925,-0.0194954933016604
4926,-0.0206946210565789
4927,-0.0189395923819317
4928,-0.0166786052283121
4929,-0.0155188844950006
4930,-0.0148480922222503
4931,-0.0132675566224904
4932,-0.0105186528350072
4933,-0.00756719614724425
4934,-0.0053404253777865
4935,-0.00395796765782482
4936,-0.00298835948107503
4937,-0.00198092444290975
4938,-0.000817700182002195
4939,0.00011324515685814
4940,0.000246383819145968
4941,-0.000216403899869118
4942,0.000170542501905978
4943,0.00291389959192015
4944,0.00763538341113244
4945,0.0118555399842245
4946,0.0132546036942411
4947,0.0119255390264034
4948,0.00995394064599974
4949,0.00898028395713764
4950,0.00873323066208872
4951,0.00791849424466611
4952,0.00589504557353883
4953,0.00315783389287936
4954,0.000601807173006967
4955,-0.00125934042984341
4956,-0.00251961484248886
4957,-0.00365086740673044
4958,-0.00494697847108542
4959,-0.0060311246510187
4960,-0.00623113621631209
4961,-0.00581029326437242
4962,-0.00645666930665063
4963,-0.00974713675933325
4964,-0.0149960982041747
4965,-0.0193602935727507
4966,-0.0205603824433994
4967,-0.0190624125984836
4968,-0.0170898908530487
4969,-0.0159102742901586
4970,-0.0148538371802201
4971,-0.0128563883181267
4972,-0.0100407315052344
4973,-0.00738985257846813
4974,-0.00549270290831242
4975,-0.0041765810106162
4976,-0.00305023238246879
4977,-0.00188199981831632
4978,-0.000628454143106343
4979,0.000426741877661957
4980,0.0007459435863253
4981,0.000365234170010369
4982,0.000591462486364393
4983,0.00305203547236747
4984,0.00763472098574799
4985,0.0119544653643899
4986,0.0135285638323777
4987,0.0122677628738313
4988,0.010262581776587
4989,0.00925583579312993
4990,0.0089810037026403
4991,0.00806464561081484
4992,0.00587985596731927
4993,0.00306411785028896
4994,0.000597317719254548
4995,-0.00111512356197369
4996,-0.0023419626914865
4997,-0.00357798091510637
4998,-0.00497722262035464
4999,-0.00605531538627245
5000,-0.00618413480405683
5001,-0.00572378788846351
5002,-0.00637162655422987
5003,-0.00964344366221884
5004,-0.0148314190170062
5005,-0.0191218361043494
5006,-0.020239821360438
5007,-0.0186278621465183
5008,-0.0165504821723419
5009,-0.0153927699257386
5010,-0.0145402098443446
5011,-0.0128124242134406
5012,-0.0101400890705783
5013,-0.00742694008043667
5014,-0.00534290180996963
5015,-0.00384303266194018
5016,-0.0026189240196719
5017,-0.00148976701316673
5018,-0.000434032169182722
5019,0.000336719362253116
5020,0.000457118938370487
5021,9.17863227775987E-05
5022,0.000489246030324633
5023,0.00309118017496062
5024,0.00767889339898542
5025,0.0119350105205553
5026,0.0134946281676507
5027,0.0122773866496862
5028,0.010290344481831
5029,0.00924659596508328
5030,0.00895937504793172
5031,0.008126225096493
5032,0.00605424341724564
5033,0.00323083649567616
5034,0.000593322691110986
5035,-0.00129849114751576
5036,-0.0025158291402143
5037,-0.00354372146297508
5038,-0.00473518614200133
5039,-0.0057834465478164
5040,-0.00601723606795837
5041,-0.00561242737382056
5042,-0.00618652254757017
5043,-0.00937231438245428
5044,-0.0146127382677932
5045,-0.019089199103737
5046,-0.0203786231921547
5047,-0.0187971937007634
5048,-0.0166137524478588
5049,-0.0153136441085685
5050,-0.0143785201769982
5051,-0.0126533122351692
5052,-0.0100219274160203
5053,-0.00733075844712615
5054,-0.00525496140503691
5055,-0.00381023433429929
5056,-0.00270177349900089
5057,-0.00165218193010347
5058,-0.000532889966611695
5059,0.00040756890884466
5060,0.000637993348387304
5061,0.00022282318829942
5062,0.000490426006561597
5063,0.00302215393563079
5064,0.0076224321444374
5065,0.0118930925925875
5066,0.0134326846331937
5067,0.0122092830700732
5068,0.0102546719362816
5069,0.00922859040897134
5070,0.00891103226886396
5071,0.00806671782562673
5072,0.00608331541897024
5073,0.00341065950616094
5074,0.000860330468883942
5075,-0.00106727070887424
5076,-0.00237330424524535
5077,-0.00344563829264948
5078,-0.00462578156735803
5079,-0.00566980204444096
5080,-0.00595885527533438
5081,-0.00566529067093708
5082,-0.0063567700961094
5083,-0.00959603757146841
5084,-0.0147795249870474
5085,-0.0191204383178239
5086,-0.0203039606642005
5087,-0.0187326438924458
5088,-0.0166433689288313
5089,-0.0154069858837978
5090,-0.0144479996395011
5091,-0.0126769598987225
5092,-0.0100704320757091
5093,-0.00746311917232091
5094,-0.00542103663656092
5095,-0.00389076393501404
5096,-0.00264187110367268
5097,-0.00152847486639269
5098,-0.000474197168784649
5099,0.000350118242797158
5100,0.000519900098296734
5101,0.000108502541058077
5102,0.000362092679033382
5103,0.00281687607390956
5104,0.00734773582162583
5105,0.0116601789042788
5106,0.0133535268283764
5107,0.0122888633092813
5108,0.0104151167145841
5109,0.00941140495097403
5110,0.00910233934384863
5111,0.00822793784177371
5112,0.00613484198926438
5113,0.00333564753991667
5114,0.00077514843507289
5115,-0.00102884065244818
5116,-0.00224863715096953
5117,-0.00343653882833243
5118,-0.00485772107426792
5119,-0.00600342387104254
5120,-0.00610687883567761
5121,-0.00548981553749282
5122,-0.00599715172097428
5123,-0.00929628816863433
5124,-0.0146451901055841
5125,-0.0190819653934449
5126,-0.0202742395064249
5127,-0.0187271915071051
5128,-0.016728848817058
5129,-0.0155829211201537
5130,-0.0146250564640139
5131,-0.0127664338380077
5132,-0.0100653321857967
5133,-0.00742625097470754
5134,-0.00541470171130954
5135,-0.00393045191685385
5136,-0.00270460392134212
5137,-0.00158698077824019
5138,-0.000521932201647339
5139,0.000298603128599261
5140,0.000454391421542153
5141,5.52664261671873E-05
5142,0.000377570521996733
5143,0.00292096941250801
5144,0.0074555989513947
5145,0.0116155242228658
5146,0.0130704258308407
5147,0.0118601785020095
5148,0.010046832792632
5149,0.00924000221229088
5150,0.00909972584738029
5151,0.00828667988841948
5152,0.0061957570675931
5153,0.00338995954255818
5154,0.000784510040710814
5155,-0.00112818435763805
5156,-0.00244425237753554
5157,-0.00361698044705703
5158,-0.00494700126746431
5159,-0.00607944211407537
5160,-0.00631712415574329
5161,-0.00585992029002727
5162,-0.00639418974489023
5163,-0.00959803794825638
5164,-0.0148776228486627
5165,-0.0193392246330855
5166,-0.0205530769976519
5167,-0.0189221653651504
5168,-0.0167928353962133
5169,-0.0156154136052836
5170,-0.014757230985316
5171,-0.0129958147522325
5172,-0.0102578084703427
5173,-0.00747786082900101
5174,-0.00536959597999065
5175,-0.00392408280483217
5176,-0.0028149041005749
5177,-0.00175932198741741
5178,-0.000624467483570073
5179,0.000367992362344622
5180,0.00070565601937267
5181,0.000412693235967079
5182,0.000726798462861197
5183,0.00316796691496419
5184,0.00757875766691784
5185,0.0116799158995323
5186,0.0131763818663682
5187,0.0120517432038028
5188,0.0102639988241765
5189,0.00937209972439409
5190,0.00909523113502717
5191,0.00820511984464457
5192,0.0061461888769365
5193,0.00342640258907044
5194,0.000869495451357958
5195,-0.00106143900682991
5196,-0.00241121566709222
5197,-0.0035700495700375
5198,-0.00483655914642555
5199,-0.00591154889239981
5200,-0.00614370632199326
5201,-0.00571634431434777
5202,-0.00625805895008123
5203,-0.00941594751877127
5204,-0.014626222155474
5205,-0.0190493012887935
5206,-0.020273988030883
5207,-0.0186771451662116
5208,-0.0165770190165821
5209,-0.0154270738192179
5210,-0.0146129245986102
5211,-0.0129141928195943
5212,-0.0102394965518052
5213,-0.00750188880017769
5214,-0.00539854922474379
5215,-0.00391214504850391
5216,-0.00272843669761876
5217,-0.00160278767300597
5218,-0.000441793300811016
5219,0.000523372486493128
5220,0.000798339347460263
5221,0.000428849866590778
5222,0.000681114376705294
5223,0.00313021581663973
5224,0.00767020869540483
5225,0.0119927794281572
5226,0.0136782275380417
5227,0.0125967074186436
5228,0.0107163729378533
5229,0.00970296834576835
5230,0.00934754905698259
5231,0.00840598154718811
5232,0.00630149336486762
5233,0.00358375612440513
5234,0.00111648964962674
5235,-0.000696692383355701
5236,-0.00202016915334316
5237,-0.00328282212940833
5238,-0.00469102201873199
5239,-0.0058313122343662
5240,-0.00602885223326819
5241,-0.00551640275607319
5242,-0.00596460054661062
5243,-0.00904463895881065
5244,-0.0142399246369153
5245,-0.0187583649713325
5246,-0.0201588582344436
5247,-0.0187103595336171
5248,-0.016657625894973
5249,-0.0154928248517291
5250,-0.0146844781630867
5251,-0.013021393505161
5252,-0.0103479278200998
5253,-0.00754785011610971
5254,-0.00537406561236846
5255,-0.00387242394790603
5256,-0.00272056105353636
5257,-0.00163246162734009
5258,-0.000522491771348381
5259,0.000337069877861918
5260,0.00047191826074682
5261,2.56128472072923E-05
5262,0.000328893653694453
5263,0.00289937278563593
5264,0.00751654016473254
5265,0.0118333158926755
5266,0.0134876800514242
5267,0.0124001635127467
5268,0.0105199160310901
5269,0.00948860837272517
5270,0.00913912921357667
5271,0.00827684881152381
5272,0.00627206741988717
5273,0.00354171148088762
5274,0.000900277417934786
5275,-0.00111613496971753
5276,-0.002479089317769
5277,-0.00357820282948479
5278,-0.00478752992974602
5279,-0.00589049137687466
5280,-0.00623465571167434
5281,-0.00589863414307488
5282,-0.00640764358321476
5283,-0.00944274015804215
5284,-0.0145995097286324
5285,-0.0191376030041213
5286,-0.0205479299489666
5287,-0.019017438469192
5288,-0.0168084412805851
5289,-0.0155045534816993
5290,-0.0146315157299215
5291,-0.0129677175549054
5292,-0.0103375802460076
5293,-0.00762383762326381
5294,-0.0055521232072782
5295,-0.00410127050515736
5296,-0.00291271039666648
5297,-0.00174185107906148
5298,-0.000560267946476723
5299,0.000354498488081822
5300,0.000530285887452529
5301,5.43878386058193E-05
5302,0.000212570041275028
5303,0.00261214992527016
5304,0.00720204782293895
5305,0.0116703256050744
5306,0.0134900220347009
5307,0.0124279170416813
5308,0.0104842143202441
5309,0.00944808357621958
5310,0.0091586279590227
5311,0.00829627833199201
5312,0.00620901455791364
5313,0.00346300855862724
5314,0.000967589678272904
5315,-0.000873525122311596
5316,-0.00222429165760233
5317,-0.00345547988257009
5318,-0.00473367665294399
5319,-0.00572707337292343
5320,-0.0058979784575684
5321,-0.00549706799364025
5322,-0.00606786090944536
5323,-0.00918211526237726
5324,-0.014369462957941
5325,-0.0189268242062065
5326,-0.0203941900411159
5327,-0.0189462534558049
5328,-0.0168061065809701
5329,-0.0155446990146797
5330,-0.0146913359441226
5331,-0.0130140404158307
5332,-0.0103302856839986
5333,-0.00755344567351458
5334,-0.00545736860674998
5335,-0.00402581956556026
5336,-0.00284998729069064
5337,-0.00164415300018295
5338,-0.000401310311962826
5339,0.000558750479521037
5340,0.000779483157909892
5341,0.000402457918265479
5342,0.000689230564792451
5343,0.00310807238826957
5344,0.00750824593584738
5345,0.0116864496433379
5346,0.0133544280208345
5347,0.0123714105640565
5348,0.0105686619458509
5349,0.00952854171725555
5350,0.00911817463397866
5351,0.0082224690121108
5352,0.00626702859174494
5353,0.00365703005509718
5354,0.00113948247070346
5355,-0.000809946477114358
5356,-0.00215699414285699
5357,-0.00323428919381634
5358,-0.00438553608488897
5359,-0.00543483835472118
5360,-0.00579452790812763
5361,-0.00555494627371612
5362,-0.00618605668679697
5363,-0.00930101063006575
5364,-0.014467519154624
5365,-0.018967536640456
5366,-0.0203467731807297
5367,-0.0188489711647795
5368,-0.0167525614593563
5369,-0.0155878776099794
5370,-0.0147870470532154
5371,-0.0130743410407023
5372,-0.01031400645044
5373,-0.00748884946581203
5374,-0.00539469520286457
5375,-0.00399608028460171
5376,-0.00286689051406662
5377,-0.00171708478879609
5378,-0.000528084527982556
5379,0.000400594021141746
5380,0.000619382429147781
5381,0.000259916348283655
5382,0.000582477866895364
5383,0.00307000590431955
5384,0.00756293755771833
5385,0.0117969349535368
5386,0.013418201421855
5387,0.0123017235277368
5388,0.0103851286670516
5389,0.00934665799774161
5390,0.00903756058846826
5391,0.0082359960173532
5392,0.00628322809437725
5393,0.00359515262067567
5394,0.000987701032690056
5395,-0.00101776017653736
5396,-0.00239529911984251
5397,-0.00350963760896827
5398,-0.0047161061380546
5399,-0.0058087850052027
5400,-0.00614093022881124
5401,-0.00576403435456879
5402,-0.00618918452323862
5403,-0.00915056653647957
5404,-0.0143188209073681
5405,-0.0189463836995792
5406,-0.0204257469687719
5407,-0.0188781354844309
5408,-0.0166295478761319
5409,-0.0153844568476304
5410,-0.014686078691094
5411,-0.0131853002793188
5412,-0.0105723518359556
5413,-0.00774299553538958
5414,-0.00556609633571536
5415,-0.0041286803492965
5416,-0.00302973265986032
5417,-0.00189545879534421
5418,-0.000633592707689682
5419,0.000424590113759175
5420,0.000724959988296484
5421,0.000333669233209934
5422,0.000548342594277481
5423,0.00294716134673356
5424,0.00742832474224138
5425,0.0117008349986075
5426,0.0133422744685193
5427,0.0121962088006306
5428,0.0102319250267924
5429,0.0091746308201433
5430,0.0088872372901861
5431,0.00813560222967811
5432,0.00626280000305838
5433,0.00368709606649011
5434,0.00117800494197924
5435,-0.000818487971437855
5436,-0.00227954209810228
5437,-0.00345892247959802
5438,-0.00460699460206336
5439,-0.0055696822975629
5440,-0.00587298188795979
5441,-0.00565296756149099
5442,-0.00629761570602833
5443,-0.00934597296924902
5444,-0.0144257456253105
5445,-0.0189292852686627
5446,-0.0203850886851678
5447,-0.0188914824870333
5448,-0.0166530880118654
5449,-0.0153238953676509
5450,-0.0145195556756644
5451,-0.0129725276182389
5452,-0.0103536823024861
5453,-0.00747938542569935
5454,-0.00520946557044396
5455,-0.00372836600369729
5456,-0.00272334532069621
5457,-0.00178083821838124
5458,-0.000678982081999364
5459,0.000321956142892887
5460,0.000619122882617971
5461,0.000208929309931057
5462,0.000406994937806167
5463,0.00286292988481198
5464,0.00748311647450015
5465,0.0118941065043839
5466,0.013591599082634
5467,0.0124157221526437
5468,0.0103922605537766
5469,0.00929964329552708
5470,0.00901324551323044
5471,0.00826213152911088
5472,0.0063298019068274
5473,0.00362921491496037
5474,0.00103065480929953
5475,-0.000906765950887614
5476,-0.00220633605672592
5477,-0.00332319581017584
5478,-0.00461321489651011
5479,-0.00575237986830178
5480,-0.00600966084426008
5481,-0.0055219701890877
5482,-0.0059560641938129
5483,-0.00905377815628903
5484,-0.0143305803502502
5485,-0.0189488058874243
5486,-0.0204091886839495
5487,-0.0189656234210365
5488,-0.0168766552197452
5489,-0.0156528647992869
5490,-0.0147956306913103
5491,-0.0131391930710835
5492,-0.0105417254942429
5493,-0.00784202230710569
5494,-0.00573010740923792
5495,-0.00423161035645836
5496,-0.00304804350889042
5497,-0.00191517252809082
5498,-0.000745483141912248
5499,0.000188952209499166
5500,0.000390547729846834
5501,-2.96789232232463E-05
5502,0.000243014133815061
5503,0.00273424537070276
5504,0.00724938011057957
5505,0.0114769833720029
5506,0.0130843565468979
5507,0.0119962230343056
5508,0.0101418715046537
5509,0.00915192952848623
5510,0.00888279709687807
5511,0.00817265327995314
5512,0.00637141856234143
5513,0.00380267422635253
5514,0.00118771575341025
5515,-0.000928795030458018
5516,-0.0024021227605364
5517,-0.00351401516451577
5518,-0.00464561411545252
5519,-0.00566650241664514
5520,-0.00596420389111368
5521,-0.0055760447478278
5522,-0.00600703105720848
5523,-0.00901435653129802
5524,-0.0142795251449002
5525,-0.0190199031661208
5526,-0.02057480671144
5527,-0.0190413753155084
5528,-0.0167529242054618
5529,-0.0154233208490205
5530,-0.0146102399755964
5531,-0.013012274717367
5532,-0.0103805029710131
5533,-0.00761042277981072
5534,-0.00548938181812861
5535,-0.00403516708519159
5536,-0.00288588563808388
5537,-0.00177096262115136
5538,-0.00062848808359475
5539,0.000292868686878122
5540,0.000522823008318051
5541,0.000111626025719841
5542,0.000293524949962377
5543,0.00265362797609489
5544,0.00717032619703199
5545,0.0115897935619553
5546,0.0134160211599882
5547,0.0123808052631095
5548,0.0104149080062449
5549,0.00929171723418677
5550,0.00893369917762652
5551,0.00812174935214969
5552,0.00618705785312722
5553,0.00355178096132468
5554,0.00101149398641891
5555,-0.000972277350471209
5556,-0.00239787896906092
5557,-0.00356261547706942
5558,-0.00473720327700534
5559,-0.00573765537340049
5560,-0.00603642484347356
5561,-0.0057519267839692
5562,-0.00631811583393411
5563,-0.00934480354045678
5564,-0.0144885242381174
5565,-0.0191028234637476
5566,-0.0206479761312049
5567,-0.0191849497002215
5568,-0.0169335009765779
5569,-0.0155817812427435
5570,-0.0147576905426114
5571,-0.0131885595566602
5572,-0.0105626765075599
5573,-0.00773623056653556
5574,-0.00556404628530149
5575,-0.00413738900369464
5576,-0.00304116460297863
5577,-0.00188432645185868
5578,-0.000601632718668205
5579,0.000411788369910946
5580,0.000572849075207302
5581,-4.77178109863076E-06
5582,5.98285225172583E-05
5583,0.00240282889116369
5584,0.00694432145940044
5585,0.0113930428426708
5586,0.0132865992127287
5587,0.0123730313938876
5588,0.010525373193421
5589,0.00945849774520006
5590,0.00910666999703389
5591,0.0082817666371262
5592,0.00629339342543901
5593,0.00354098350443573
5594,0.000893323535757989
5595,-0.00106598058549764
5596,-0.00233081031984326
5597,-0.00335512078632583
5598,-0.00455058806863023
5599,-0.00568237627430592
5600,-0.00604892940039427
5601,-0.00569389398824264
5602,-0.00615170990909184
5603,-0.00915040696360504
5604,-0.0143306266587799
5605,-0.0189574894139032
5606,-0.0204885362253198
5607,-0.0190680245924942
5608,-0.0169287403649913
5609,-0.0156463247235324
5610,-0.0147687340269192
5611,-0.0131186713493278
5612,-0.0105404738235057
5613,-0.00787196570022317
5614,-0.00576873354419132
5615,-0.00420752900703698
5616,-0.00291512564122301
5617,-0.00171703160414509
5618,-0.000547402076897112
5619,0.000403994016588744
5620,0.000667690247003219
5621,0.00022833980967378
5622,0.000295764388943356
5623,0.00253233150498754
5624,0.00701449798632919
5625,0.0114951526205675
5626,0.0134032840242858
5627,0.0124178681061356
5628,0.0104799383622201
5629,0.00937218976607069
5630,0.00898510845978066
5631,0.00808824005071177
5632,0.00607986939639155
5633,0.00346340440629011
5634,0.00102308177708877
5635,-0.000870438724209898
5636,-0.00227115820651969
5637,-0.00345618181882132
5638,-0.00467762210425578
5639,-0.00577051854278893
5640,-0.00618002526814711
5641,-0.00590803482072283
5642,-0.00631418045462048
5643,-0.00911804408379448
5644,-0.0141800582783488
5645,-0.0189128193337634
5646,-0.0206312572592949
5647,-0.0192480805715409
5648,-0.0169949593697857
5649,-0.0156388889374967
5650,-0.0147938064228294
5651,-0.0131252453782466
5652,-0.0103654952978571
5653,-0.00749410637791153
5654,-0.0053815631575217
5655,-0.00399335893960714
5656,-0.00284613095607129
5657,-0.00165593102277681
5658,-0.000470777987019231
5659,0.000393414230222529
5660,0.00052936436006531
5661,7.03780590277248E-05
5662,0.000240714439730493
5663,0.00258002470833264
5664,0.00708956219611414
5665,0.0115646756809718
5666,0.0134724862884408
5667,0.0124514256473446
5668,0.0104284544800288
5669,0.00928586394582023
5670,0.0090075814293224
5671,0.00828203949825424
5672,0.00631317309171658
5673,0.00353929852944055
5674,0.00090049801439788
5675,-0.00104781053062305
5676,-0.00235895356183425
5677,-0.00345148077185828
5678,-0.00465888617717166
5679,-0.00576872119534597
5680,-0.00617422895474106
5681,-0.00591362656584312
5682,-0.00639083631784155
5683,-0.00927085676788642
5684,-0.0143126296966269
5685,-0.018920725995384
5686,-0.0205121727038131
5687,-0.0190801215276256
5688,-0.0168324609517031
5689,-0.0154864184660855
5690,-0.0146773187632909
5691,-0.0131164105592351
5692,-0.0104916590774736
5693,-0.00766583324404687
5694,-0.00547118417550675
5695,-0.00397717927064342
5696,-0.0028150132910496
5697,-0.00167905027347708
5698,-0.0005058940555075
5699,0.0004257176904197
5700,0.00063331099671091
5701,0.000186209882003316
5702,0.00033260221826319
5703,0.00264386374172814
5704,0.00708566307123251
5705,0.011428184888772
5706,0.0132240782424409
5707,0.012227201904767
5708,0.0103367649507534
5709,0.00927626859037157
5710,0.00895761233576306
5711,0.00819345957537822
5712,0.00632910528044746
5713,0.0037445846346089
5714,0.00119123636963836
5715,-0.000837933629051148
5716,-0.00226166724322238
5717,-0.00337234301688396
5718,-0.00454532045622717
5719,-0.00566281663559164
5720,-0.00608248849240376
5721,-0.00573265637952906
5722,-0.00604548813111198
5723,-0.00887161074188554
5724,-0.014069512719289
5725,-0.0188939713105984
5726,-0.0205368343021856
5727,-0.0189830119943786
5728,-0.0166588494434188
5729,-0.0154367138757961
5730,-0.0148447216675105
5731,-0.0133725227068946
5732,-0.0106507914341965
5733,-0.0076900694414981
5734,-0.00546073526168477
5735,-0.00401078803024715
5736,-0.00288591873008839
5737,-0.00178241024955134
5738,-0.000693306076375026
5739,0.000132787274958149
5740,0.000323141153881097
5741,-3.27952761332636E-05
5742,0.000178948241257782
5743,0.00241569208049565
5744,0.00672807382595394
5745,0.011081032002945
5746,0.0130749269055805
5747,0.01229396788727
5748,0.0104618126510727
5749,0.00932038549170391
5750,0.00892543028770353
5751,0.00815288743297763
5752,0.00628146796009495
5753,0.00363080107535834
5754,0.000987013986117306
5755,-0.00109950665757463
5756,-0.00255308718837129
5757,-0.00369665666381858
5758,-0.00488968626695564
5759,-0.00598610690312498
5760,-0.00637866829542974
5761,-0.00605252637391347
5762,-0.00639908206785839
5763,-0.00914619453548573
5764,-0.0141354427868544
5765,-0.0188110814588571
5766,-0.0205727043428443
5767,-0.019351249910123
5768,-0.0172657529159808
5769,-0.0159642664803209
5770,-0.015092829414008
5771,-0.0134500667338938
5772,-0.0107945840189452
5773,-0.00796602367359066
5774,-0.00573032339524075
5775,-0.00416560967125172
5776,-0.00299636993102016
5777,-0.00196003807485376
5778,-0.000895407194195608
5779,4.7357363256213E-05
5780,0.000363252125107484
5781,-3.88939488145803E-05
5782,1.3916493473769E-05
5783,0.00223318202739407
5784,0.00676659381491656
5785,0.0113457385187403
5786,0.0132846339711338
5787,0.0122051919087499
5788,0.0101649169614694
5789,0.0091322654562392
5790,0.00902497850310908
5791,0.00841559844580695
5792,0.00647881330135067
5793,0.00369952080186925
5794,0.00104383434424527
5795,-0.000950007750437522
5796,-0.00233432758228269
5797,-0.0034835394337849
5798,-0.00469329104469179
5799,-0.00575667884078935
5800,-0.00608515398330347
5801,-0.0057126446913836
5802,-0.00604746955193275
5803,-0.00882166988818349
5804,-0.0138998681171324
5805,-0.0187225108426514
5806,-0.0205981430180249
5807,-0.0193336097223863
5808,-0.0170359122832171
5809,-0.015504702940907
5810,-0.0145643467346561
5811,-0.0130426866904289
5812,-0.0105757274066885
5813,-0.00788571384358455
5814,-0.0057271528177849
5815,-0.00420597934365012
5816,-0.00302085372800114
5817,-0.00187128164967395
5818,-0.000646728660858074
5819,0.000390161398684646
5820,0.000697096636232924
5821,0.000255739134486581
5822,0.000287626353615599
5823,0.00243957773787984
5824,0.0068032380977781
5825,0.0112179874070064
5826,0.0131810789117891
5827,0.0123166644004671
5828,0.0104420475109187
5829,0.00930799815099984
5830,0.00889908483781092
5831,0.00805960910972646
5832,0.00613492017011683
5833,0.00353509339141456
5834,0.00104887487042467
5835,-0.000875010846534019
5836,-0.00226895139284237
5837,-0.00346045673037062
5838,-0.00470817686669792
5839,-0.00577392233230394
5840,-0.00606995987509458
5841,-0.00568301832458639
5842,-0.00606842184356707
5843,-0.00892474467398791
5844,-0.0140329861760029
5845,-0.018809078373213
5846,-0.0206308381862876
5847,-0.019379967386642
5848,-0.0171579495213709
5849,-0.015698709997469
5850,-0.0147728123446344
5851,-0.0131967907199753
5852,-0.0106274219000255
5853,-0.0078325501321375
5854,-0.0056181465135687
5855,-0.00410003081968339
5856,-0.00292750668450496
5857,-0.00175512512277422
5858,-0.000503402354791539
5859,0.000492544794599699
5860,0.000684915007667419
5861,0.000144602043406043
5862,0.000174820043127917
5863,0.00239861468212778
5864,0.00681313265558581
5865,0.0112054476748295
5866,0.0131091749858441
5867,0.0122157040476898
5868,0.0103699208903387
5869,0.00930085326303841
5870,0.00895700887535463
5871,0.00816191444417803
5872,0.00625963280277282
5873,0.00366507936992952
5874,0.00116444007315267
5875,-0.00079900256477305
5876,-0.00224580598557568
5877,-0.00347259493793578
5878,-0.00472025389662846
5879,-0.00577002364028706
5880,-0.00606414343138753
5881,-0.00568743974243846
5882,-0.00607122715238011
5883,-0.00891582636842687
5884,-0.0140304114239279
5885,-0.0188282758967595
5886,-0.0206357504513721
5887,-0.0193046051683053
5888,-0.0169880757685338
5889,-0.0155017543360435
5890,-0.0146292901949003
5891,-0.0131260812310489
5892,-0.0106011714288362
5893,-0.00783454823153429
5894,-0.005657101873759
5895,-0.0041769065883736
5896,-0.0030283224122608
5897,-0.00187388954780395
5898,-0.000636950639695091
5899,0.00037323416742221
5900,0.000619449263515168
5901,0.000129949625350799
5902,0.000168135697440453
5903,0.00238990265479066
5904,0.00684008492693715
5905,0.0112489400921065
5906,0.0130262287938397
5907,0.0118735131905248
5908,0.00985552634709712
5909,0.00890602588107419
5910,0.00889211011617975
5911,0.00832814370587546
5912,0.00636813319969178
5913,0.00356015539534731
5914,0.00096176630467243
5915,-0.000891951711633791
5916,-0.00217022584912916
5917,-0.00334332258026233
5918,-0.00466833458241457
5919,-0.0058267855204589
5920,-0.00618405719147442
5921,-0.0058133013867943
5922,-0.00614890174515943
5923,-0.00888945749711408
5924,-0.0138747298461106
5925,-0.0185855123050893
5926,-0.0203903016502257
5927,-0.0191154315969695
5928,-0.0168683727178094
5929,-0.0154685419390449
5930,-0.0147326011153695
5931,-0.0133880713788331
5932,-0.0109396693096697
5933,-0.00810472211799022
5934,-0.00579748616969525
5935,-0.00427841668176417
5936,-0.00321688919612885
5937,-0.00214722919865098
5938,-0.000876208006012018
5939,0.000231597549971661
5940,0.000495764451169556
5941,-7.64694359916879E-05
5942,-9.24321605759179E-05
5943,0.00218994518393139
5944,0.00674291344930779
5945,0.0112044997508983
5946,0.0130376313816693
5947,0.0120513862938013
5948,0.0102519465446548
5949,0.00936339724605379
5950,0.0091687752458852
5951,0.00836506739319798
5952,0.00632770871113234
5953,0.0035810783869617
5954,0.000983763721948829
5955,-0.00098914828270972
5956,-0.00234503579325644
5957,-0.0034387728549978
5958,-0.00465570885834096
5959,-0.0058593268540488
5960,-0.00635800989248025
5961,-0.00599281107967415
5962,-0.00613363572159086
5963,-0.00869538116482562
5964,-0.0137261480439397
5965,-0.0186398913928593
5966,-0.0205908982735272
5967,-0.0193404964156316
5968,-0.0170989354462131
5969,-0.0157241382785939
5970,-0.0149408181842125
5971,-0.0134574242052641
5972,-0.0109319225287824
5973,-0.00818562453990195
5974,-0.00598589810654192
5975,-0.00438111700466157
5976,-0.00309792283033932
5977,-0.00195612330825904
5978,-0.000871410975562815
5979,3.98113532511776E-05
5980,0.000368197718927806
5981,3.28013249678804E-05
5982,0.000101015698470977
5983,0.00220808028444198
5984,0.00658037567573216
5985,0.0111131451098111
5986,0.0131807872345687
5987,0.0122816598477837
5988,0.0102856948902389
5989,0.00910304512924762
5990,0.00878933744765704
5991,0.008123019357918
5992,0.00634969277682464
5993,0.00381568344267395
5994,0.00127866801417226
5995,-0.000786955163815366
5996,-0.00230205624307739
5997,-0.0034885910976161
5998,-0.00465499001727869
5999,-0.00573593751188547
6000,-0.00620436918170027
6001,-0.00597168594595196
6002,-0.00628160078241291
6003,-0.00886393503262438
6004,-0.013751170941593
6005,-0.0185330149990351
6006,-0.0205020005647567
6007,-0.0193430072873078
6008,-0.0170960780644273
6009,-0.0156054372005723
6010,-0.0147533951271116
6011,-0.0133322823142741
6012,-0.0108771229457292
6013,-0.00807723205623738
6014,-0.00579206879085059
6015,-0.0042722732009252
6016,-0.00323360266227806
6017,-0.00223276353996259
6018,-0.00101822930235903
6019,0.000118833843764168
6020,0.000480654248461993
6021,-2.7638903882324E-05
6022,-8.36797983549084E-05
6023,0.00209495548481952
6024,0.00658346709998758
6025,0.0110818589274509
6026,0.0130229079373758
6027,0.012120378593893
6028,0.0102909881983067
6029,0.0092502792150544
6030,0.00888433691142247
6031,0.00803925583790769
6032,0.00615286616123977
6033,0.00364752514877249
6034,0.00118950571710286
6035,-0.000854762617467571
6036,-0.00240873740839455
6037,-0.00361808070187724
6038,-0.00473045653353514
6039,-0.0056894849945862
6040,-0.00603933348112617
6041,-0.0057737769639644
6042,-0.00616082077544368
6043,-0.00886704442998099
6044,-0.0138313843155082
6045,-0.0186149253459271
6046,-0.0205683071686206
6047,-0.0194412578591578
6048,-0.0172645124719919
6049,-0.0158158976205568
6050,-0.0149380741401237
6051,-0.0134513111017235
6052,-0.0109417044160549
6053,-0.00811081742852254
6054,-0.00579527554429931
6055,-0.00424479048066172
6056,-0.00321190550431836
6057,-0.0022596651562009
6058,-0.00105663595487779
6059,0.000195051908846972
6060,0.000743375629448101
6061,0.000290792650113743
6062,3.33931450267455E-05
6063,0.00190782013638057
6064,0.00630016042646584
6065,0.0110193787986017
6066,0.0132600127482639
6067,0.0124338605936295
6068,0.0104513962326781
6069,0.00928442928680401
6070,0.00897153852644468
6071,0.0082172346921246
6072,0.00625602753025286
6073,0.0035513028067839
6074,0.00100654507399457
6075,-0.000900161921586373
6076,-0.00225236837406261
6077,-0.00342480982514434
6078,-0.00470185628417411
6079,-0.00586674212640499
6080,-0.00630380764616846
6081,-0.00598213204318248
6082,-0.00625113866084184
6083,-0.00887791578091137
6084,-0.0138631308888425
6085,-0.0187522539833279
6086,-0.0207961594457263
6087,-0.0196387980658197
6088,-0.0173140700387666
6089,-0.0157151885483945
6090,-0.0147770373623892
6091,-0.013293915276805
6092,-0.0107866294407392
6093,-0.00797093864467458
6094,-0.00573091948913047
6095,-0.00425832755043469
6096,-0.00317539030356581
6097,-0.00205892790078544
6098,-0.000800135106723129
6099,0.000235707762103003
6100,0.000464889284990024
6101,-6.06999979543346E-05
6102,-5.29869890116877E-05
6103,0.00211325397016195
6104,0.00648063198945454
6105,0.0108937723776508
6106,0.0128824122727271
6107,0.0120648223053105
6108,0.0102344675912288
6109,0.00916009647869858
6110,0.00886549573301167
6111,0.00817615873808936
6112,0.00635871577994466
6113,0.00377881502455236
6114,0.00126822217185943
6115,-0.000657721497832729
6116,-0.00202644726600276
6117,-0.00321325448001962
6118,-0.00450536678630569
6119,-0.00564257256971246
6120,-0.00599657124641076
6121,-0.00562889689886323
6122,-0.00598899212800106
6123,-0.00878880054721144
6124,-0.0138492110248464
6125,-0.0186378171750099
6126,-0.0205493430665243
6127,-0.0194211427916
6128,-0.0172845099146924
6129,-0.0158460251476065
6130,-0.0149148110970138
6131,-0.0133558665106909
6132,-0.0108142469013441
6133,-0.00799895369529127
6134,-0.0057053871332883
6135,-0.00413670894855755
6136,-0.003032932322738
6137,-0.00200241614167094
6138,-0.000800399718612129
6139,0.000324817012507715
6140,0.000699639523131767
6141,0.000190430492517411
6142,6.99744812117033E-05
6143,0.00214712587939042
6144,0.00658794161251207
6145,0.0111304473188673
6146,0.0131274175625547
6147,0.0121935423123057
6148,0.0102716366311923
6149,0.00921281428885931
6150,0.00897476598189991
6151,0.00830582005852433
6152,0.00648382252496936
6153,0.00388975687368762
6154,0.0013004976056982
6155,-0.000795201883918502
6156,-0.00231479079128641
6157,-0.00349637137718627
6158,-0.00466070177801929
6159,-0.00572325663872993
6160,-0.00612447447606881
6161,-0.00578215679323722
6162,-0.00600564124253151
6163,-0.00860283945330842
6164,-0.0136243494386337
6165,-0.0185935120699914
6166,-0.0207044233520176
6167,-0.0195904330460061
6168,-0.0173113049244908
6169,-0.0157543034629115
6170,-0.0148236950830932
6171,-0.0133295092642004
6172,-0.0108464804207072
6173,-0.00808257614541208
6174,-0.0058361969357322
6175,-0.00427002246155515
6176,-0.00311759307589001
6177,-0.00206799239693003
6178,-0.000937385894774155
6179,0.000104318783260466
6180,0.000517655097210415
6181,0.000160954796578229
6182,0.000148073496358213
6183,0.00220168768954077
6184,0.00660819111495564
6185,0.011258107838961
6186,0.0134480883051373
6187,0.0125837641102027
6188,0.0105329260253547
6189,0.00930986338963288
6190,0.00904420933299182
6191,0.00843963203018079
6192,0.0066089251799041
6193,0.00390223173279107
6194,0.00122883923155704
6195,-0.000838909658307768
6196,-0.00229695183426597
6197,-0.00348004943560793
6198,-0.00467722805652903
6199,-0.00572648760752533
6200,-0.00609612277463128
6201,-0.00578543861800293
6202,-0.00606457800293688
6203,-0.00859925171451746
6204,-0.0134246921147707
6205,-0.018266195270964
6206,-0.020500623548444
6207,-0.0196644676058583
6208,-0.0175363744470374
6209,-0.0158838510297913
6210,-0.0147855397151744
6211,-0.0132679879413309
6212,-0.0108823945180152
6213,-0.00813568429691576
6214,-0.00574212649881574
6215,-0.00400926878311602
6216,-0.00284015697682905
6217,-0.00189748357407681
6218,-0.000833035471063076
6219,0.000254917544808231
6220,0.000728738810354316
6221,0.000341606881017256
6222,0.000246924353892411
6223,0.00228014423460559
6224,0.00673787056915899
6225,0.0114036428089227
6226,0.0135176011612406
6227,0.0125792227756402
6228,0.0105772659863598
6229,0.00949762363245048
6230,0.00931553957112843
6231,0.00865222585682985
6232,0.00671795707607219
6233,0.00401979690922508
6234,0.00150098230693869
6235,-0.000384077700364254
6236,-0.00177351052413059
6237,-0.0030510244126625
6238,-0.0044457764937091
6239,-0.00567919894646545
6240,-0.00612333246237278
6241,-0.00577910364919658
6242,-0.00602418652608278
6243,-0.00861923989128002
6244,-0.0135429202438564
6245,-0.0183533172447309
6246,-0.0203694770270874
6247,-0.0192993784895213
6248,-0.0171439929940745
6249,-0.0156701937154839
6250,-0.0147331620312442
6251,-0.0132014117340338
6252,-0.010722253062113
6253,-0.00799468293865322
6254,-0.00575292554368428
6255,-0.00414754266287427
6256,-0.00297921225614604
6257,-0.00197498829572497
6258,-0.000871923032852364
6259,0.000263120080183722
6260,0.000841224681655931
6261,0.000520880211740996
6262,0.000296025911897317
6263,0.00202460682589475
6264,0.00625490342853484
6265,0.0109806907674222
6266,0.0133590569448598
6267,0.0126102941221133
6268,0.0105655830500641
6269,0.00931587442129131
6270,0.00903349675919765
6271,0.0084036891683717
6272,0.00654548536025708
6273,0.00385763874270678
6274,0.00125536388060183
6275,-0.000759166752801266
6276,-0.00223904554467152
6277,-0.0034854951839098
6278,-0.00471280083502012
6279,-0.0057395747958668
6280,-0.00607695588953055
6281,-0.00576136096708022
6282,-0.00606336922624278
6283,-0.00863695355743331
6284,-0.0134982628648927
6285,-0.0183274899107282
6286,-0.0204661641153235
6287,-0.0195056348914589
6288,-0.0173596170608041
6289,-0.0158616205954367
6290,-0.014970896381188
6291,-0.0135159257278635
6292,-0.0110083361995482
6293,-0.00813770283149715
6294,-0.00579948235570427
6295,-0.00424116779891047
6296,-0.00313251528173506
6297,-0.00203491743844339
6298,-0.000770299173559402
6299,0.000342626622408049
6300,0.000678282901286409
6301,0.000187157417231529
6302,0.000100183435662151
6303,0.00209498280257546
6304,0.00633183975574271
6305,0.0107405222468986
6306,0.0128518319083093
6307,0.0122182417699258
6308,0.01053848044793
6309,0.0094973199032115
6310,0.00910012934339488
6311,0.00825523436171524
6312,0.00635628057082594
6313,0.00381113363945698
6314,0.00136016106415207
6315,-0.000590210617094922
6316,-0.00204828808074704
6317,-0.0032795151569271
6318,-0.00455064437331045
6319,-0.00571926965555557
6320,-0.00621901810564335
6321,-0.00595404107972624
6322,-0.00615986128151749
6323,-0.00860129754988956
6324,-0.0134351417632962
6325,-0.018362065398556
6326,-0.0206063244449808
6327,-0.0196355774161977
6328,-0.01736215376201
6329,-0.015724165986474
6330,-0.0147720931353043
6331,-0.0133439516071422
6332,-0.0109144607267034
6333,-0.00813380821475967
6334,-0.00584943523940153
6335,-0.00426716016891836
6336,-0.00308708926343213
6337,-0.00197431006320524
6338,-0.000804306424143518
6339,0.000186614539529087
6340,0.000483468489022399
6341,1.90380737128843E-05
6342,-6.70983305406402E-05
6343,0.00192996231009414
6344,0.0063051076387452
6345,0.0109731145197638
6346,0.0132056397968033
6347,0.0123550368924935
6348,0.0102939575050863
6349,0.00908940696873656
6350,0.00886621437470644
6351,0.00825444593027954
6352,0.00635435887038818
6353,0.00362311685701173
6354,0.00105754292951541
6355,-0.000843519150777261
6356,-0.00222675699427263
6357,-0.00345852096598024
6358,-0.00471552059560704
6359,-0.00574842623724574
6360,-0.00606985261250237
6361,-0.00576911070662958
6362,-0.00613209589168442
6363,-0.0087676250725001
6364,-0.0136425059155766
6365,-0.0184278495281238
6366,-0.0204946017725103
6367,-0.0194888271793311
6368,-0.0173733955111461
6369,-0.0159619761305051
6370,-0.0151097913094213
6371,-0.0135685749796359
6372,-0.010924201470771
6373,-0.00802895180859258
6374,-0.00582172450132659
6375,-0.00441064418803766
6376,-0.00333562013732926
6377,-0.00221049773334544
6378,-0.000983003413264477
6379,4.56596352181192E-05
6380,0.000384463439994004
6381,3.51327458831812E-06
6382,-1.17416062163117E-05
6383,0.00194697396859863
6384,0.00619722376983117
6385,0.0108299186768028
6386,0.0132477808170621
6387,0.0126879955305013
6388,0.0107483740865637
6389,0.00937536838024917
6390,0.00887923547638674
6391,0.00816157360516077
6392,0.00636237963530829
6393,0.00373745311822169
6394,0.00112993069164626
6395,-0.00088240965340646
6396,-0.00228372039012678
6397,-0.00343469473057
6398,-0.00465457800882734
6399,-0.00576837992398974
6400,-0.00619610716418268
6401,-0.00590840336955434
6402,-0.00620285503677605
6403,-0.00879241599052291
6404,-0.0136987154256332
6405,-0.0185567862711633
6406,-0.0206824158254509
6407,-0.0196936436141828
6408,-0.0175337218015067
6409,-0.0160120020529906
6410,-0.0150413734614758
6411,-0.013468802636228
6412,-0.0108981549726296
6413,-0.00807500648713439
6414,-0.00583081622282501
6415,-0.00430967529443619
6416,-0.00318179726524768
6417,-0.00210063337795182
6418,-0.000912504672397248
6419,0.000156031968181042
6420,0.000529109579791559
6421,5.67378325059437E-05
6422,-0.000115824515633632
6423,0.00182467432762935
6424,0.00626325391175335
6425,0.0110816297336989
6426,0.0134381031038819
6427,0.0126177917749165
6428,0.0105201641238528
6429,0.00926514823012636
6430,0.0089863753921115
6431,0.00829683165569959
6432,0.00631526222759967
6433,0.00355940743892465
6434,0.00106467778944926
6435,-0.000707853403520324
6436,-0.00199609895458764
6437,-0.0032339871756947
6438,-0.00458857251456085
6439,-0.0057385038617585
6440,-0.00612274388095534
6441,-0.00580553940204915
6442,-0.00610026771522625
6443,-0.00866295456124037
6444,-0.0134943765088813
6445,-0.0182791074642325
6446,-0.0203893559694901
6447,-0.0194578847630364
6448,-0.0174092927515604
6449,-0.0160090448510957
6450,-0.0151033919264681
6451,-0.013498973829387
6452,-0.0108506421895804
6453,-0.00801541891178912
6454,-0.00586682206837883
6455,-0.00445471862792558
6456,-0.00332509268506774
6457,-0.00213311206528788
6458,-0.000853018168272498
6459,0.000196354425915052
6460,0.000494925912038749
6461,1.19839744472853E-05
6462,-9.36710160151494E-05
6463,0.0018724236071686
6464,0.00620583058127576
6465,0.0108702257629841
6466,0.0131976439652607
6467,0.0125175888261994
6468,0.0105693727775953
6469,0.00930513738794428
6470,0.00890864050312326
6471,0.0082005799005174
6472,0.00637626449341201
6473,0.00377026328119336
6474,0.0012025392570419
6475,-0.000823830816637214
6476,-0.00228986163402317
6477,-0.00347509402887991
6478,-0.00466273444993026
6479,-0.00573774472211513
6480,-0.00618098855776639
6481,-0.00593485554774493
6482,-0.00622642705717435
6483,-0.00876074324484436
6484,-0.0136221065677483
6485,-0.018488390439473
6486,-0.0206444572888119
6487,-0.0196548819164865
6488,-0.0174645403502497
6489,-0.0159417908310209
6490,-0.0150454533587744
6491,-0.0135979502671893
6492,-0.0111235521653854
6493,-0.00830473842517426
6494,-0.0059825624772947
6495,-0.00436899085378592
6496,-0.00318806145488925
6497,-0.00208232888401503
6498,-0.00085329377494085
6499,0.000280139939373278
6500,0.000699157639688236
6501,0.000221561188919137
6502,1.38718463612536E-05
6503,0.00192177042277104
6504,0.00631640672760895
6505,0.0110490067090334
6506,0.0133091896877589
6507,0.0124670955851727
6508,0.0104541025142604
6509,0.00932074277536914
6510,0.00912627561309311
6511,0.00850345037562432
6512,0.00662317208524017
6513,0.00395464782355548
6514,0.00140759984814326
6515,-0.00057658723186587
6516,-0.00207655565465961
6517,-0.00336584387393377
6518,-0.00464843192953044
6519,-0.00576942242659536
6520,-0.00621993382272136
6521,-0.00593415476183734
6522,-0.0061195550050481
6523,-0.00852872564283991
6524,-0.0133510914633722
6525,-0.0183063373779711
6526,-0.0206017969096667
6527,-0.0197044986973418
6528,-0.0175459202441786
6529,-0.0160271141039887
6530,-0.0151041636581911
6531,-0.0135919187101257
6532,-0.0110800952935685
6533,-0.00833602717646193
6534,-0.0061663452449507
6535,-0.00463612521687352
6536,-0.00339900851225731
6537,-0.00220694139743116
6538,-0.000997708952396786
6539,4.26844638772033E-05
6540,0.000438956223269083
6541,3.2700159045898E-05
6542,-0.000157614374105446
6543,0.0016146731307045
6544,0.00584846160201928
6545,0.0106118885721859
6546,0.0131206859553479
6547,0.0125355350052557
6548,0.0105898061112176
6549,0.00935746492700269
6550,0.00906170692715583
6551,0.0084155244568518
6552,0.00652953895304222
6553,0.00382202546882221
6554,0.00126835306376696
6555,-0.00060552608044032
6556,-0.00192494742234668
6557,-0.00311226569883795
6558,-0.00444161961937172
6559,-0.0056627405688945
6560,-0.00612941540178383
6561,-0.00576125470756938
6562,-0.00586836222324291
6563,-0.00827880416160331
6564,-0.0131502614016077
6565,-0.0181285421932062
6566,-0.0203962344306594
6567,-0.0194483424336457
6568,-0.0172541959743401
6569,-0.0157514577983006
6570,-0.0149226130427113
6571,-0.0135472074772215
6572,-0.0110956387051254
6573,-0.0082365069718757
6574,-0.005841570340687
6575,-0.00417780194768658
6576,-0.00301839200842745
6577,-0.00200175151742137
6578,-0.000849587969042693
6579,0.000308486901259623
6580,0.000835086479901513
6581,0.000406587577939945
6582,7.87162082826851E-05
6583,0.00177715118330956
6584,0.00609155262350475
6585,0.0109900879198059
6586,0.0135300437400843
6587,0.0128376681134673
6588,0.0107535064694316
6589,0.00946086401262374
6590,0.00918030155775876
6591,0.00854242250813463
6592,0.00660972819468147
6593,0.00383640151763894
6594,0.00125487283925991
6595,-0.000608405411953912
6596,-0.00192116356367126
6597,-0.00311880963632405
6598,-0.00444520617728954
6599,-0.00564409554653259
6600,-0.00612166886053388
6601,-0.0058361930945023
6602,-0.0060441465797755
6603,-0.00847712790728863
6604,-0.013280554250479
6605,-0.0181963430176688
6606,-0.0204880506369377
6607,-0.019611147516351
6608,-0.0174268742709642
6609,-0.0158290931654715
6610,-0.014868435008064
6611,-0.0134313404227382
6612,-0.0110396292489659
6613,-0.0083217623573666
6614,-0.00604767060110601
6615,-0.0044028008695714
6616,-0.00318640547121288
6617,-0.00215929745268404
6618,-0.00111372478002147
6619,-7.41436181874927E-05
6620,0.000504558089625638
6621,0.000315686043785016
6622,0.000198806663734539
6623,0.00186988168591519
6624,0.00597311574509277
6625,0.010728181409771
6626,0.0133328501728269
6627,0.0127988953189094
6628,0.0107833784222607
6629,0.00945314634308859
6630,0.00915838350943417
6631,0.0086037513007749
6632,0.00678303658068886
6633,0.00404898965821356
6634,0.00141490774066627
6635,-0.000549841681780658
6636,-0.00197906334861646
6637,-0.00328279839056299
6638,-0.00465699446202627
6639,-0.00580902852125224
6640,-0.00618329230691494
6641,-0.00582688213148321
6642,-0.00603571431245132
6643,-0.00849240457014876
6644,-0.0132838676973775
6645,-0.0181686181696296
6646,-0.0204783348855397
6647,-0.019699927912474
6648,-0.0176541444707966
6649,-0.0161629166205376
6650,-0.0152224388468218
6651,-0.0137065006330149
6652,-0.0111799287478577
6653,-0.00835623377839842
6654,-0.00605931107296102
6655,-0.00442536244851213
6656,-0.00314689878449133
6657,-0.0019644946074356
6658,-0.000793623624787248
6659,0.000210530119123671
6660,0.000623483325871889
6661,0.000303084781244576
6662,0.000190721181247218
6663,0.00193019105697477
6664,0.00602810441450534
6665,0.0106750925956579
6666,0.0131699997984787
6667,0.0126245211147246
6668,0.0106860152385362
6669,0.00942840798332354
6670,0.009129877857076
6671,0.00850861897707499
6672,0.00662870054044788
6673,0.00388687557562551
6674,0.00126789126192143
6675,-0.000711781994820313
6676,-0.00217504714823892
6677,-0.00345454891673005
6678,-0.00470944002194843
6679,-0.00572935754013184
6680,-0.00608142274016263
6681,-0.00582458850923431
6682,-0.00613114858568138
6683,-0.00856903784855748
6684,-0.0132510381613267
6685,-0.0180616003696461
6686,-0.0204084070909306
6687,-0.0197259942296108
6688,-0.0177214646208108
6689,-0.0161640434189336
6690,-0.0151071180492485
6691,-0.0135242699069405
6692,-0.011015460381994
6693,-0.00823885190946713
6694,-0.00596284288318116
6695,-0.0043551318680186
6696,-0.00317191036913415
6697,-0.00211610566729851
6698,-0.000966340366049665
6699,0.000174391356829122
6700,0.000732718583965065
6701,0.000371339222541585
6702,4.15710064278877E-05
6703,0.00160566521408077
6704,0.00573746739675602
6705,0.0105634360997401
6706,0.013201269427822
6707,0.0126784241079787
6708,0.0106931605981719
6709,0.00939252576605231
6710,0.00908922246490384
6711,0.0085215528888829
6712,0.00675032417186877
6713,0.00410797200629411
6714,0.00150347018723636
6715,-0.000529447608418046
6716,-0.00202094943478992
6717,-0.00327938431124387
6718,-0.00455106000944299
6719,-0.00566974277070364
6720,-0.00609078448211892
6721,-0.00574846387122709
6722,-0.00588997980994469
6723,-0.00829584826937149
6724,-0.0131384243252102
6725,-0.0181028682262208
6726,-0.0203966183263736
6727,-0.0195304910507177
6728,-0.0174714504279492
6729,-0.0160963566365807
6730,-0.0152894150944052
6731,-0.013806261046878
6732,-0.0112232290400118
6733,-0.0083274032591645
6734,-0.00597409685303506
6735,-0.00432760738963426
6736,-0.00315146899570728
6737,-0.00218169738174035
6738,-0.00114596686907766
6739,-7.6413033185484E-06
6740,0.000702902597456666
6741,0.000486467618117322
6742,0.000114393482110106
6743,0.00150623420121256
6744,0.00556595265412642
6745,0.0104952580699605
6746,0.0132118526618059
6747,0.0125565879730435
6748,0.0103435813089005
6749,0.00899562327359705
6750,0.00887706831752401
6751,0.0084809247807236
6752,0.0066665945328696
6753,0.00387155397483378
6754,0.00124226333466792
6755,-0.000647317524652277
6756,-0.00200017491363592
6757,-0.00324150511425035
6758,-0.00455007268692577
6759,-0.00567212018075949
6760,-0.00610245861089125
6761,-0.00583364544710635
6762,-0.00603299047733075
6763,-0.00835133204737365
6764,-0.0129982547790215
6765,-0.0178531548044658
6766,-0.0202142910061068
6767,-0.0194458916150211
6768,-0.0173363928294389
6769,-0.0158063037878589
6770,-0.0149380840217531
6771,-0.0135568009457351
6772,-0.0111036555904179
6773,-0.00825126083757358
6774,-0.00591773881532921
6775,-0.00435195506600057
6776,-0.00323437264787226
6777,-0.00217348472458853
6778,-0.000978524217620048
6779,0.000164994272342931
6780,0.000713689140377171
6781,0.00044198276678889
6782,0.000287955019075303
6783,0.00192807074357525
6784,0.00591783280999541
6785,0.0105298254182189
6786,0.013126338169292
6787,0.0127543276268027
6788,0.0108878874767734
6789,0.00952279102104208
6790,0.00908784787588802
6791,0.00850900548451382
6792,0.00683239378576
6793,0.00422426874081387
6794,0.00154398883405606
6795,-0.000542268818570864
6796,-0.00196970668609311
6797,-0.00314436180495067
6798,-0.00446760449925607
6799,-0.00577299738230659
6800,-0.00636408260484582
6801,-0.00604899246004831
6802,-0.00607527513934866
6803,-0.00830258186340269
6804,-0.0129912362320361
6805,-0.0178941187747108
6806,-0.0202264249293801
6807,-0.0194137150289435
6808,-0.0173170412298353
6809,-0.0158257070082027
6810,-0.014965983458496
6811,-0.0135954014350204
6812,-0.0112209226913412
6813,-0.00848217651122445
6814,-0.00618652413548243
6815,-0.00455586519099396
6816,-0.00337658433191471
6817,-0.00234044001897473
6818,-0.00118760795952239
6819,1.16795457247516E-05
6820,0.000683255955774501
6821,0.00044737452130948
6822,0.00018935055349447
6823,0.00173044789784235
6824,0.00577765341680777
6825,0.0105515786958103
6826,0.0132336778459507
6827,0.012807412029427
6828,0.0108564821732002
6829,0.00946599493122814
6830,0.00900259788907278
6831,0.00830810700246232
6832,0.00649338234837727
6833,0.00386740596301056
6834,0.00129772474378984
6835,-0.000700651343137855
6836,-0.00216100132684271
6837,-0.00339323503194017
6838,-0.00464460074018035
6839,-0.00575458178566667
6840,-0.00619126393511837
6841,-0.00588267363451158
6842,-0.00602981809114179
6843,-0.00837367143169122
6844,-0.0131282797114945
6845,-0.0180812232470389
6846,-0.0204751721568027
6847,-0.0197202644085115
6848,-0.0176549856309733
6849,-0.0161553187584947
6850,-0.0152252527821947
6851,-0.0137112749945826
6852,-0.0111725413173735
6853,-0.0083443004575869
6854,-0.00606867904474733
6855,-0.00449699895193435
6856,-0.003338926341534
6857,-0.00230770656289069
6858,-0.00121305532156263
6859,-0.000117554635663631
6860,0.00048501124082047
6861,0.000240390772561218
6862,-2.83763019047662E-05
6863,0.00147446488016864
6864,0.00553265112645994
6865,0.0104150479933435
6866,0.0132009728086885
6867,0.0127443516722178
6868,0.0106890808468281
6869,0.00932974076417477
6870,0.00910437139670583
6871,0.00865876118401097
6872,0.00687880837343959
6873,0.0041059279176017
6874,0.0014366381733053
6875,-0.000496869772423817
6876,-0.00184719353739615
6877,-0.0030845343442813
6878,-0.00445061188574047
6879,-0.00566408724281668
6880,-0.00613687682069363
6881,-0.00584259985220752
6882,-0.00601271687037379
6883,-0.00834413808018768
6884,-0.0130138886765496
6885,-0.0178560919933036
6886,-0.0201932071749458
6887,-0.019450649775931
6888,-0.0174181638946195
6889,-0.0159453885694016
6890,-0.0150674929659599
6891,-0.0136498541263222
6892,-0.0111946802644388
6893,-0.00835650484698384
6894,-0.00598223948975723
6895,-0.00432342667006926
6896,-0.00316509647822928
6897,-0.00217499711239419
6898,-0.00105861264670972
6899,0.000138911798192531
6900,0.000817421674934448
6901,0.000513189161875158
6902,6.12466156930551E-05
6903,0.00137438740790035
6904,0.00534585968077732
6905,0.0102753351164669
6906,0.0132040765202672
6907,0.012905002323316
6908,0.0109187717350292
6909,0.00947687456024208
6910,0.0090756484346204
6911,0.00852352805180729
6912,0.00681761594784324
6913,0.00422309349598404
6914,0.00164263301470843
6915,-0.00038236272872445
6916,-0.00188577576756438
6917,-0.00315731380368188
6918,-0.00441584091099856
6919,-0.0055264374774726
6920,-0.00601247940883174
6921,-0.00578165980937594
6922,-0.00593188791430623
6923,-0.00816307850551739
6924,-0.0128048002663869
6925,-0.0177939333178046
6926,-0.0203638781623843
6927,-0.0197619758023217
6928,-0.0177105916949485
6929,-0.0161408246290956
6930,-0.0151813410431299
6931,-0.0137078612315209
6932,-0.0112066541458254
6933,-0.00836305460950059
6934,-0.00605085789136222
6935,-0.00446164102210377
6936,-0.00328657248201064
6937,-0.00220754991116183
6938,-0.00106362342589434
6939,2.35620661523926E-05
6940,0.000566634509731161
6941,0.000285682049895914
6942,3.21280844383738E-05
6943,0.00152653506514624
6944,0.00548595009083866
6945,0.0102551251591906
6946,0.0130671526313794
6947,0.0127944281047763
6948,0.0108982254048954
6949,0.009498539037535
6950,0.00908996708392194
6951,0.00853504676539998
6952,0.00681589512789363
6953,0.00413670677885664
6954,0.00142411907722588
6955,-0.000661313597154917
6956,-0.00209359299391002
6957,-0.00325456352474601
6958,-0.00448641122831765
6959,-0.00564520663659111
6960,-0.00614716599992589
6961,-0.00586949003784097
6962,-0.00600177960024392
6963,-0.00830463595587529
6964,-0.0130208515334298
6965,-0.0179567293794602
6966,-0.0203529974450675
6967,-0.0196076705089064
6968,-0.0175654169484025
6969,-0.0161298248034846
6970,-0.0153077516201996
6971,-0.0138815656850473
6972,-0.0113203950830721
6973,-0.00834970974450598
6974,-0.00592202060992524
6975,-0.00431107273116689
6976,-0.00321534081613451
6977,-0.00220946025917489
6978,-0.00100839956664539
6979,0.000250740584881794
6980,0.000917927581815379
6981,0.000588933023147702
6982,0.00018402076008083
6983,0.00159726210189631
6984,0.00559806798963673
6985,0.0104011011508955
6986,0.0131185509115048
6987,0.0126944000076837
6988,0.0107701569521646
6989,0.00950931808060148
6990,0.00924046944615569
6991,0.00866027894775189
6992,0.00680244849850043
6993,0.00407756626297107
6994,0.00151491955153113
6995,-0.000346833625265174
6996,-0.00167514705119241
6997,-0.00290723357301073
6998,-0.00428872512407573
6999,-0.00557288241799672
7000,-0.0061490759930358
7001,-0.00588821705156354
7002,-0.00594560743832482
7003,-0.00808298146423431
7004,-0.0126485105883759
7005,-0.0175826705487741
7006,-0.0201267520157957
7007,-0.0195133322999652
7008,-0.0174295974893529
7009,-0.0158202528211459
7010,-0.0149046788921883
7011,-0.0136189981202288
7012,-0.0113528215221618
7013,-0.00859593417933898
7014,-0.00615008836767626
7015,-0.00436525130025929
7016,-0.00314523173704442
7017,-0.00218669051966518
7018,-0.00114330167726885
7019,1.67733939600059E-06
7020,0.000688393852411861
7021,0.000476471539057675
7022,0.000184263989697514
7023,0.0016355620548007
7024,0.00561016735074912
7025,0.0103908379976192
7026,0.0131438647152312
7027,0.0127895095051453
7028,0.0108823261829003
7029,0.00953629903831053
7030,0.00915197806635004
7031,0.00855899409957473
7032,0.00682032219405799
7033,0.00420341058237974
7034,0.00156822248080903
7035,-0.000535624303890609
7036,-0.00207398048769226
7037,-0.00330596295222293
7038,-0.00450653235193955
7039,-0.00560864890075336
7040,-0.00612741142458992
7041,-0.00590848707128676
7042,-0.0060222281198146
7043,-0.00820510879909835
7044,-0.0128333729843059
7045,-0.0178463037418677
7046,-0.0204381770141995
7047,-0.0198167148375624
7048,-0.0177036823573351
7049,-0.0160833488407479
7050,-0.0151578764810601
7051,-0.0138202848279509
7052,-0.0114730611711578
7053,-0.00868116070801699
7054,-0.00628747823719956
7055,-0.00457787604475308
7056,-0.00335435816003826
7057,-0.00230297323691595
7058,-0.0011759302915987
7059,-3.84001648297671E-05
7060,0.00058654914555297
7061,0.000354715425909788
7062,0.0001064535865725
7063,0.00159496280532535
7064,0.00555249220242989
7065,0.0103137166864807
7066,0.0131210562960582
7067,0.0128790985636774
7068,0.0110418579487862
7069,0.0096573248028702
7070,0.00916854370827324
7071,0.00850521539234836
7072,0.00678590522218765
7073,0.00424644334629772
7074,0.0016662181769072
7075,-0.000459850814701015
7076,-0.00207319412681056
7077,-0.00334644486677889
7078,-0.0044962234085574
7079,-0.00550078750656074
7080,-0.00598121914220462
7081,-0.00582079341025132
7082,-0.00600629548103553
7083,-0.0081708727898648
7084,-0.0126951815078242
7085,-0.0176171538869991
7086,-0.0201991226512569
7087,-0.0196242741369993
7088,-0.017561350331974
7089,-0.0159840941879645
7090,-0.0151038283545184
7091,-0.0137894420594738
7092,-0.011404803901343
7093,-0.00852460791108618
7094,-0.00605568991079343
7095,-0.0043384461042715
7096,-0.00317202658757794
7097,-0.00219875738710804
7098,-0.00112628597090279
7099,4.37174634129267E-06
7100,0.000665751625137605
7101,0.00048199933643602
7102,0.000264597439646985
7103,0.00177930618418499
7104,0.00579363230472113
7105,0.0106223240153973
7106,0.0134097899757139
7107,0.0129939326946584
7108,0.0109194065994674
7109,0.00943222279501691
7110,0.00906721947984376
7111,0.00861824474157134
7112,0.00699314758246506
7113,0.00439573161487318
7114,0.00177832778735931
7115,-0.000234047050722076
7116,-0.0016876140490855
7117,-0.00296527769796959
7118,-0.00431645464042735
7119,-0.00552312247181881
7120,-0.0060301430984938
7121,-0.00577481984875428
7122,-0.0059284711201598
7123,-0.00819427514838465
7124,-0.0128532706805589
7125,-0.0178404761787956
7126,-0.0204286484182129
7127,-0.0198506748069349
7128,-0.0177651385273628
7129,-0.0161174327254353
7130,-0.015157591176222
7131,-0.0138238199099021
7132,-0.0114786133491335
7133,-0.00863276682115373
7134,-0.00616888765444528
7135,-0.00446115656680086
7136,-0.00330663030362857
7137,-0.00227982355717706
7138,-0.00106854828888389
7139,0.000179469495910614
7140,0.000813982979830861
7141,0.000479649608275354
7142,0.000122659756665465
7143,0.00157882943112495
7144,0.00555698227044275
7145,0.0103222650492463
7146,0.0130939404857764
7147,0.0128143906441813
7148,0.0109910713667438
7149,0.0096993911456829
7150,0.00935672864715962
7151,0.00880938447993553
7152,0.0070939663735868
7153,0.00446340461326892
7154,0.001823002392989
7155,-0.000236696033790922
7156,-0.00172641636067178
7157,-0.00298504664990531
7158,-0.0042789511755821
7159,-0.00543830762421601
7160,-0.00591316375572381
7161,-0.00560289760766993
7162,-0.00567086478816924
7163,-0.00787009427965652
7164,-0.0125227829485756
7165,-0.0175338942161904
7166,-0.020117188206655
7167,-0.0195066630453119
7168,-0.0174214349321461
7169,-0.0158318003658992
7170,-0.0149332732833339
7171,-0.0136101979131637
7172,-0.0112537374780405
7173,-0.00843886389100333
7174,-0.00604224554355285
7175,-0.00436904972211587
7176,-0.0031984942565425
7177,-0.00217528174742881
7178,-0.00103363093835859
7179,0.000142308670656414
7180,0.000785654454651884
7181,0.000508236465579509
7182,0.000150390447884107
7183,0.00154387128078712
7184,0.00552376072853379
7185,0.0104171483913644
7186,0.0133036049794597
7187,0.0129408680116499
7188,0.0108685501235612
7189,0.00940408225299473
7190,0.00912238494292152
7191,0.00875026391400954
7192,0.00708963928660365
7193,0.0043329938022297
7194,0.00153854922691206
7195,-0.000560435498126878
7196,-0.00200038330489609
7197,-0.0032250272816189
7198,-0.00452302346433127
7199,-0.00566216533263764
7200,-0.00606238163339423
7201,-0.00566383506039602
7202,-0.0056637328923722
7203,-0.00779751404110173
7204,-0.0123818273447838
7205,-0.0173838910357455
7206,-0.0200804774016274
7207,-0.0196581119101113
7208,-0.017690979510765
7209,-0.0160563471872922
7210,-0.0150168516719573
7211,-0.0136119797727576
7212,-0.0113028642351498
7213,-0.00857924033594222
7214,-0.00618758422697243
7215,-0.00440997523057034
7216,-0.00312218023019031
7217,-0.00205795773561197
7218,-0.000938446922537915
7219,0.000216286443669422
7220,0.000849443109889409
7221,0.00052692891549611
7222,8.32010042808073E-05
7223,0.00142174699166546
7224,0.0054385863259124
7225,0.0104247996944077
7226,0.0133713166924679
7227,0.0129999624874688
7228,0.0108781545932461
7229,0.00933778781261552
7230,0.00893922455362956
7231,0.00844366060437999
7232,0.0067571098148727
7233,0.00412815445476786
7234,0.00152414004248652
7235,-0.000470894403083858
7236,-0.00192708067541316
7237,-0.00319091166389291
7238,-0.00448518383777464
7239,-0.005637905257558
7240,-0.00614737175865685
7241,-0.00591304196869793
7242,-0.00601306291478354
7243,-0.00812930257468267
7244,-0.0126222002021418
7245,-0.0175050317114202
7246,-0.0200615659666211
7247,-0.0195145966072731
7248,-0.0175245663982122
7249,-0.0159989357649383
7250,-0.0151013259191272
7251,-0.0137477074073333
7252,-0.0114053758539678
7253,-0.00868033450277551
7254,-0.00638030658830865
7255,-0.00472078460519544
7256,-0.0034877934394358
7257,-0.00240913325811496
7258,-0.00124533171864394
7259,-1.52186548185528E-05
7260,0.000744192081234672
7261,0.00055039913865801
7262,0.000131444377458373
7263,0.00134660430936032
7264,0.00518168277517755
7265,0.0100760876701454
7266,0.0130923658577188
7267,0.0128961926480155
7268,0.0109363716274291
7269,0.00946489298522244
7270,0.00905006342062081
7271,0.00851472424301609
7272,0.00680324414737015
7273,0.00414535330770903
7274,0.00148059710822072
7275,-0.00058015640995342
7276,-0.002046928149668
7277,-0.00326166455600776
7278,-0.00452105368002124
7279,-0.00571029561706301
7280,-0.00627878976031742
7281,-0.00602737550547911
7282,-0.00602813657455549
7283,-0.00808468246998482
7284,-0.0126699030962459
7285,-0.0177511096102817
7286,-0.0204336861885343
7287,-0.0198122159117278
7288,-0.0176071159856461
7289,-0.0159100065115147
7290,-0.0149929783670821
7291,-0.0136935561732339
7292,-0.0113219745053087
7293,-0.00844858961407704
7294,-0.00600684962925373
7295,-0.00432643352406171
7296,-0.0031478363009004
7297,-0.00208185997798524
7298,-0.000899341244085526
7299,0.000238644157160854
7300,0.000741522546026916
7301,0.000292380160268354
7302,-0.000167896077092462
7303,0.00122347826039406
7304,0.00525048955535815
7305,0.0101909018743602
7306,0.0131352721771346
7307,0.0128584575443133
7308,0.0108451250863764
7309,0.00932852577533486
7310,0.00890397550138978
7311,0.00844654828802206
7312,0.00686974188090693
7313,0.00429428876276585
7314,0.00161063019162394
7315,-0.000494358297005639
7316,-0.00194160552288037
7317,-0.00309371973773151
7318,-0.00433033300057439
7319,-0.00554220296125614
7320,-0.00609013458562157
7321,-0.00572357415622406
7322,-0.00558438772399229
7323,-0.00757960791713676
7324,-0.0121890646615806
7325,-0.017304184264894
7326,-0.0200015358459086
7327,-0.0194414018013512
7328,-0.0173916812312346
7329,-0.0158679793747677
7330,-0.015015456643088
7331,-0.0136594141023401
7332,-0.01123434267082
7333,-0.00840590049232432
7334,-0.0060527968579587
7335,-0.00439781307230206
7336,-0.00319019068751104
7337,-0.00214298583840855
7338,-0.00103820947378249
7339,9.83977010497829E-05
7340,0.000775022458706303
7341,0.000574825102116869
7342,0.000245535076193422
7343,0.00159217937552452
7344,0.00550892931356456
7345,0.0103752284531362
7346,0.0132773073393171
7347,0.0129798034511307
7348,0.0110236020775413
7349,0.00965181863994669
7350,0.00932632520085276
7351,0.00878843839361158
7352,0.00703063612030813
7353,0.00440311963873885
7354,0.00187881419525825
7355,-3.52501262541787E-05
7356,-0.00146167475710162
7357,-0.00273428543523652
7358,-0.00406473998271539
7359,-0.00530802023557441
7360,-0.00595468411234572
7361,-0.0058088319424448
7362,-0.00586349953268749
7363,-0.00786548754945829
7364,-0.0123507275426289
7365,-0.0174054634944921
7366,-0.0201670992707761
7367,-0.0196494151164917
7368,-0.0174953806408614
7369,-0.0158159757040065
7370,-0.0149559940425855
7371,-0.0137729305447314
7372,-0.0115119247079661
7373,-0.00866192700897677
7374,-0.00614454208758422
7375,-0.0043650216881506
7376,-0.00316152130192888
7377,-0.00216742874146668
7378,-0.00106168821725403
7379,0.000121779741501692
7380,0.000812743732498909
7381,0.000557057829673674
7382,0.000125054005758671
7383,0.00135626774931765
7384,0.00518486999060843
7385,0.0100448485817065
7386,0.0130291583449696
7387,0.0128012611065075
7388,0.0107912861497562
7389,0.00930064465235601
7390,0.00900033186938855
7391,0.00872413446129443
7392,0.00726583965703294
7393,0.00468308280024877
7394,0.00190604621706334
7395,-0.000309605144551566
7396,-0.00184831213248347
7397,-0.00305078201713972
7398,-0.0042780421646241
7399,-0.00545092765031148
7400,-0.00601251890900516
7401,-0.0057429996662846
7402,-0.00568781838531048
7403,-0.00763771701087319
7404,-0.0121157652603535
7405,-0.01719904477263
7406,-0.0200562556807267
7407,-0.0197011100341502
7408,-0.0176812602836751
7409,-0.0159896225681082
7410,-0.014965589226274
7411,-0.0135961353130542
7412,-0.0112631693588572
7413,-0.00846920785553023
7414,-0.00603456297463969
7415,-0.0042738062643702
7416,-0.00304185497350209
7417,-0.00205779424178835
7418,-0.00103186955594855
7419,7.61559791754636E-05
7420,0.000780087799888284
7421,0.000595993752407078
7422,0.000175511105527626
7423,0.00131171533841762
7424,0.00505115776087898
7425,0.00997917156820663
7426,0.0131917812405552
7427,0.0131885099740271
7428,0.0112366329811983
7429,0.00962453710669354
7430,0.00913502037462243
7431,0.00871404485151079
7432,0.00719898782328033
7433,0.00464071684202506
7434,0.00194410748619145
7435,-0.000174273097908294
7436,-0.00164657003050719
7437,-0.00284566831899101
7438,-0.00413200578169122
7439,-0.00539509619469413
7440,-0.00602537212327714
7441,-0.00574774876722592
7442,-0.00559437372462484
7443,-0.00742261009176131
7444,-0.0118638037992605
7445,-0.0170335205258814
7446,-0.0200070043467542
7447,-0.0196648644457187
7448,-0.0175460426987925
7449,-0.0157883565923902
7450,-0.0148577425366452
7451,-0.0136725527716735
7452,-0.0114062596855039
7453,-0.0084605628998205
7454,-0.00580519865494109
7455,-0.00400137879751854
7456,-0.00296921163759573
7457,-0.00224010855967385
7458,-0.00130103259175186
7459,-8.90045110121746E-05
7460,0.000752185785532997
7461,0.000619805560555185
7462,0.000211555254534127
7463,0.00142360633891503
7464,0.00529094005209809
7465,0.010271878327196
7466,0.0133819004855701
7467,0.0131915005867153
7468,0.011109575779796
7469,0.00948342067813334
7470,0.0090335340958895
7471,0.00862264552576308
7472,0.0070834089602094
7473,0.00452823692934707
7474,0.00190094489448305
7475,-0.000120706279965002
7476,-0.00154932567766284
7477,-0.00279417617398741
7478,-0.00416136089161976
7479,-0.00544683574855801
7480,-0.00601614934617887
7481,-0.00568135330453929
7482,-0.00558049806346229
7483,-0.00755964456277053
7484,-0.0121158907755372
7485,-0.0172581214228713
7486,-0.0201061040966122
7487,-0.0196703078831914
7488,-0.0175374305504447
7489,-0.0157695840468517
7490,-0.0147708972079248
7491,-0.0135309017673166
7492,-0.011354007128524
7493,-0.0086513867598738
7494,-0.00621956024772597
7495,-0.00441187922285972
7496,-0.00311314439511135
7497,-0.00204319099067497
7498,-0.000934818235227586
7499,0.000200799609764056
7500,0.000877218783255301
7501,0.000694782394830216
7502,0.000364016118578967
7503,0.0015958212671693
7504,0.00528738734371861
7505,0.0100049721490587
7506,0.0130080592948008
7507,0.0129656948860573
7508,0.0111453009788375
7509,0.00970563662116811
7510,0.00933406646076599
7511,0.00897546676409989
7512,0.00748631982873295
7513,0.00490671086681748
7514,0.00214187792402172
7515,-5.25762936704954E-05
7516,-0.00157741310812918
7517,-0.00281811859056914
7518,-0.00414721429897469
7519,-0.00542365260269179
7520,-0.00601610198046454
7521,-0.00570520525046206
7522,-0.00560324204888077
7523,-0.0075419420779359
7524,-0.0120139004904112
7525,-0.01705590039469
7526,-0.0198591135787607
7527,-0.019497864595991
7528,-0.0175307231252135
7529,-0.0158914192972882
7530,-0.0148750279063278
7531,-0.0135119265120485
7532,-0.0112625185666164
7533,-0.00862340870081378
7534,-0.00630404310026915
7535,-0.00452884324407105
7536,-0.00319733256968618
7537,-0.00215307694469476
7538,-0.00115228554445803
7539,-7.13302233874227E-05
7540,0.000691435926710116
7541,0.00061951348344696
7542,0.000258318883079825
7543,0.00136249843430352
7544,0.00503715276860255
7545,0.00991152757479376
7546,0.0130438685169738
7547,0.0129040857901128
7548,0.0108428512734796
7549,0.00927870517480991
7550,0.00899723121829706
7551,0.00877728370395691
7552,0.00728712334149024
7553,0.00458688119268264
7554,0.00174782852403552
7555,-0.000374710547243341
7556,-0.00173035420029842
7557,-0.00281690813461191
7558,-0.0040875164752233
7559,-0.00541872450247372
7560,-0.00612645036002231
7561,-0.00588829216508191
7562,-0.00575031951812164
7563,-0.00759879653416742
7564,-0.0120512735420553
7565,-0.0171813047889301
7566,-0.0200692926627796
7567,-0.0196743413153206
7568,-0.0176007354376826
7569,-0.0159416447854721
7570,-0.0150530151484036
7571,-0.013835502623403
7572,-0.0115891776151846
7573,-0.00882043820369033
7574,-0.00639300355709668
7575,-0.00462199988936324
7576,-0.00333179515602256
7577,-0.00225542620470353
7578,-0.00116381347326889
7579,-3.70559298450444E-05
7580,0.000695178059969672
7581,0.000594311202037515
7582,0.00025969165949084
7583,0.00139175853926915
7584,0.00503363895213104
7585,0.00986543190993628
7586,0.0130448743932593
7587,0.0130252806366393
7588,0.0110156625120681
7589,0.00935020488728141
7590,0.00890920068405186
7591,0.00863342980690081
7592,0.00722778007536293
7593,0.00464309350228361
7594,0.0018457971528088
7595,-0.000303986620009067
7596,-0.00169332637602675
7597,-0.00279789881268775
7598,-0.0040949598723592
7599,-0.00546959781289417
7600,-0.00620837551105926
7601,-0.00596350006942241
7602,-0.00579496009450189
7603,-0.00762313850894749
7604,-0.0120794412170321
7605,-0.0172249012459334
7606,-0.0201296956198083
7607,-0.0197618213538927
7608,-0.0177293218944186
7609,-0.0160948197565387
7610,-0.0151718046634982
7611,-0.0138669725660848
7612,-0.0115473161683256
7613,-0.00877502459387485
7614,-0.00638935338408599
7615,-0.00463727252998795
7616,-0.00332871840524501
7617,-0.00225335426601772
7618,-0.00122248193353353
7619,-0.000183895799707437
7620,0.000478039878371111
7621,0.000314857583958615
7622,-9.51957443274186E-05
7623,0.000997635810701325
7624,0.00472102451767005
7625,0.00975419858425331
7626,0.0131493479744186
7627,0.0132702458115465
7628,0.0113297394341126
7629,0.00968321888242299
7630,0.00916762261646529
7631,0.00869097107714613
7632,0.00705773670624174
7633,0.00439243935905371
7634,0.0017066442674358
7635,-0.00028710489447592
7636,-0.00163478747408254
7637,-0.00279909740325427
7638,-0.00413228743432609
7639,-0.00547352912710107
7640,-0.00618203460476504
7641,-0.00595973772521375
7642,-0.00581472086179485
7643,-0.00761930792729528
7644,-0.0120637119855407
7645,-0.0172868738512381
7646,-0.0203027706402964
7647,-0.0199250961422664
7648,-0.0177202203454035
7649,-0.0159141850800782
7650,-0.0150105392589111
7651,-0.0139049182261477
7652,-0.0117708453959427
7653,-0.00902417947309641
7654,-0.00654295340421538
7655,-0.00469565085174987
7656,-0.00333673624912569
7657,-0.0022219574707293
7658,-0.00115603378200099
7659,-0.000127342540115879
7660,0.000477130655984619
7661,0.000267234961201646
7662,-0.000154098505387516
7663,0.000900170977820571
7664,0.00450563499019858
7665,0.00940923936368415
7666,0.0127814599890191
7667,0.0129856165706856
7668,0.0111030827980503
7669,0.00941404331510714
7670,0.00885823738463228
7671,0.00848423469124946
7672,0.00705654677234734
7673,0.0044988003200986
7674,0.00170520889227399
7675,-0.000505616028881015
7676,-0.00199226076108838
7677,-0.00315911131698621
7678,-0.00443466651945519
7679,-0.00571933329210643
7680,-0.00636187608978093
7681,-0.00606746514310049
7682,-0.00589880613364484
7683,-0.00774105304832608
7684,-0.0122022606014146
7685,-0.0173584341150541
7686,-0.0203010070408729
7687,-0.019978996456832
7688,-0.0179535446635354
7689,-0.01627664774074
7690,-0.0153070021008635
7691,-0.0139849853829852
7692,-0.0116418793368422
7693,-0.00878764700255952
7694,-0.00628882913509633
7695,-0.00448259860852085
7696,-0.0032097840037942
7697,-0.00218394612236826
7698,-0.00113908633793525
7699,-4.05287106481866E-05
7700,0.000676629308522777
7701,0.000580909129455543
7702,0.000278071686602721
7703,0.00142088570811004
7704,0.00496991655516261
7705,0.00961135301497737
7706,0.0126628309808482
7707,0.0127457134765757
7708,0.0110245690941299
7709,0.00958251968031217
7710,0.0091155515019704
7711,0.00865540135552409
7712,0.00713913112024256
7713,0.00459287977138946
7714,0.0018377487783199
7715,-0.000395629302090945
7716,-0.00192059535764096
7717,-0.0030481892532477
7718,-0.00422701378572122
7719,-0.00546740443457238
7720,-0.00615034335252491
7721,-0.00588855225877732
7722,-0.00567103261175586
7723,-0.00743906094713439
7724,-0.0118997991980917
7725,-0.0171275203664481
7726,-0.0201273119266507
7727,-0.0198137430473842
7728,-0.0178056010311069
7729,-0.0161959818867041
7730,-0.0152962627506884
7731,-0.0139923168295731
7732,-0.0116501114332951
7733,-0.00884993415248486
7734,-0.00644359620952727
7735,-0.00468037316020781
7736,-0.00337398025415539
7737,-0.00231326686422947
7738,-0.00129134614754008
7739,-0.000235715276969961
7740,0.000459562447150713
7741,0.000306676592544292
7742,-0.000143462228012728
7743,0.000871180102295581
7744,0.00450568975025346
7745,0.00944351757287245
7746,0.0127252247455992
7747,0.012731019234351
7748,0.0107304751861063
7749,0.0091284791683041
7750,0.0087535218474643
7751,0.00845454766951285
7752,0.00697598374530576
7753,0.0044109225191618
7754,0.0017565986599247
7755,-0.000283699178436424
7756,-0.00174378989171665
7757,-0.00303471464855325
7758,-0.0044389994092184
7759,-0.00575920598503223
7760,-0.00638005888010527
7761,-0.00606605763083059
7762,-0.00586930563354433
7763,-0.00765523560034215
7764,-0.012077757065176
7765,-0.0172633957374751
7766,-0.0202617859607217
7767,-0.0199326433328286
7768,-0.0178360443167244
7769,-0.0161302859781576
7770,-0.0152540984380929
7771,-0.0141066969572454
7772,-0.0119206455441786
7773,-0.00915687345883196
7774,-0.00669066389319796
7775,-0.00487517451186507
7776,-0.00357110024894358
7777,-0.00253237653052846
7778,-0.00150865526215321
7779,-0.000409188008104721
7780,0.000388581136353886
7781,0.000396191196472545
7782,9.43545717681036E-05
7783,0.00114319738055123
7784,0.00470021077064419
7785,0.00959799014756314
7786,0.0130060545912765
7787,0.0132283268236049
7788,0.011318960816536
7789,0.00958814781178014
7790,0.00900300643580779
7791,0.00859969546378853
7792,0.00713339008654498
7793,0.00456471804282467
7794,0.00182994402333568
7795,-0.000275843767567071
7796,-0.00168350164388863
7797,-0.00282931351129951
7798,-0.00410513781032773
7799,-0.00538107735827231
7800,-0.00603340459510121
7801,-0.00579035828277865
7802,-0.00566147476793082
7803,-0.00746130161387457
7804,-0.0118287414169387
7805,-0.0169599937039802
7806,-0.0200027545107474
7807,-0.0198194887869279
7808,-0.0178594301584409
7809,-0.0161835528217371
7810,-0.0152472901740272
7811,-0.0140221419030107
7812,-0.0117612056413382
7813,-0.00890753465568471
7814,-0.00637100885241544
7815,-0.00458324961577542
7816,-0.00341043444820126
7817,-0.00249987028559295
7818,-0.00150793056720931
7819,-0.000383612411226797
7820,0.000386770648558572
7821,0.000298648222053254
7822,-6.36064941068635E-05
7823,0.00103692785735529
7824,0.00469843617592349
7825,0.00963823380735132
7826,0.013005950031716
7827,0.0131936915182676
7828,0.0113233287503048
7829,0.00967309614442263
7830,0.00914736567616853
7831,0.00878317644720499
7832,0.00737425202956729
7833,0.00486432456236581
7834,0.00211856113852994
7835,-8.46254574659926E-05
7836,-0.00159180069947517
7837,-0.00276223835064477
7838,-0.00403381550831668
7839,-0.00538121245013939
7840,-0.00617028776814687
7841,-0.00597975901906944
7842,-0.00572717518640552
7843,-0.00734689868611646
7844,-0.0116793677434661
7845,-0.0169390017529751
7846,-0.0200781374738582
7847,-0.0198194371267136
7848,-0.0177309933246115
7849,-0.0160935433235346
7850,-0.0153727928237704
7851,-0.0143158628268309
7852,-0.0120182062495796
7853,-0.0090364483316103
7854,-0.00648620938102822
7855,-0.00479702709007712
7856,-0.003633032080763
7857,-0.00253653976740118
7858,-0.00131019578048257
7859,-0.000104049140782453
7860,0.000591668977686309
7861,0.000422874135547255
7862,4.27743533317701E-05
7863,0.00110698653158791
7864,0.00465504841118784
7865,0.00948787473538978
7866,0.0128578476985975
7867,0.013113514106109
7868,0.0112418347151084
7869,0.00948867881678407
7870,0.00887294575268255
7871,0.00852919620437514
7872,0.00720857630718931
7873,0.00475485438161635
7874,0.00201409492731679
7875,-0.000188867969853191
7876,-0.00169861452499805
7877,-0.00291638093714249
7878,-0.00425230666978118
7879,-0.0055721791081466
7880,-0.00620736488637529
7881,-0.00587298166450717
7882,-0.0056449541776741
7883,-0.00742236439126366
7884,-0.0118515266983559
7885,-0.0170568884434172
7886,-0.0201254787736226
7887,-0.0199312673655171
7888,-0.017966800548394
7889,-0.0162970245180222
7890,-0.0153414881223995
7891,-0.0140578608513078
7892,-0.0117384012434513
7893,-0.00887453206655204
7894,-0.00637502772644631
7895,-0.00462005254997643
7896,-0.0034232962911133
7897,-0.00241595802457586
7898,-0.00127254460370266
7899,1.58844094330842E-05
7900,0.000894045993595327
7901,0.000774323601450118
7902,0.000202549342670171
7903,0.000983830476907976
7904,0.00437098430902835
7905,0.00920713570984377
7906,0.0126342363174867
7907,0.0129244185208924
7908,0.011092060680935
7909,0.00940993211967977
7910,0.00885048050669813
7911,0.00850837442888477
7912,0.00718757054939269
7913,0.00481016053098196
7914,0.0022003825893876
7915,8.30614340165194E-05
7916,-0.00141206158056615
7917,-0.00259726006729723
7918,-0.00383932059934708
7919,-0.00512453005904065
7920,-0.0059203900813016
7921,-0.0058536210994119
7922,-0.00573139664494936
7923,-0.00733658690159861
7924,-0.0115287386826275
7925,-0.0167131620030709
7926,-0.0199577553964997
7927,-0.0198561517930422
7928,-0.0177578687042607
7929,-0.0159199800920792
7930,-0.0150161289364276
7931,-0.0139774811338948
7932,-0.0118489322366131
7933,-0.00898927441196423
7934,-0.00641236989825253
7935,-0.00463608870822161
7936,-0.00347038455980505
7937,-0.00248891823039927
7938,-0.00138737585644785
7939,-0.000192552979057054
7940,0.000614396004557827
7941,0.00056269416568369
7942,0.000182375098023934
7943,0.00113000332653678
7944,0.00456700395182004
7945,0.00939843145983467
7946,0.0128568942569815
7947,0.0132011793095484
7948,0.0113802103880985
7949,0.00966622862857568
7950,0.00907801437247992
7951,0.00869674296349811
7952,0.00725518682841129
7953,0.00466848108568416
7954,0.00187104830267848
7955,-0.00029166339413714
7956,-0.00168825447093353
7957,-0.00274210981747393
7958,-0.0039235053818658
7959,-0.00521925397595822
7960,-0.00600958740447567
7961,-0.00584747643621574
7962,-0.00557028248782641
7963,-0.00708159663758204
7964,-0.0113316319860668
7965,-0.0166839292742872
7966,-0.0200738925909035
7967,-0.0200130709820019
7968,-0.0178831599696917
7969,-0.016009634749727
7970,-0.0150844176621926
7971,-0.0140292917765961
7972,-0.0119077501766987
7973,-0.00909456756267038
7974,-0.00655850956139275
7975,-0.00475807040100793
7976,-0.00353357857095562
7977,-0.00255823737502832
7978,-0.00154928088309942
7979,-0.000425267596531005
7980,0.000423946231045164
7981,0.000462309371195188
7982,8.1375796096487E-05
7983,0.000920104356314371
7984,0.00426567820804498
7985,0.00911655708837437
7986,0.0126509624932578
7987,0.0130221354323128
7988,0.0111691337020415
7989,0.00944331648644896
7990,0.00891189406442074
7991,0.00862387346672191
7992,0.00725924087315594
7993,0.00471505043801891
7994,0.00192933998629761
7995,-0.000251903510310418
7996,-0.0016938890748184
7997,-0.00280980999160163
7998,-0.00406683677770559
7999,-0.00544840014969452
8000,-0.00630206358300796
8001,-0.0061309430577367
8002,-0.00576968272277489
8003,-0.00718795125019057
8004,-0.0113943239946666
8005,-0.016729217513143
8006,-0.0200729074012923
8007,-0.0199589299875944
8008,-0.0178614928964969
8009,-0.0161305071120093
8010,-0.0153398436951959
8011,-0.014272419041172
8012,-0.0120067990023981
8013,-0.00908058290023544
8014,-0.00658343112338229
8015,-0.00491705820787715
8016,-0.00376605280626413
8017,-0.00272892256559843
8018,-0.00159467060728039
8019,-0.000401383755253844
8020,0.000416175721567193
8021,0.000372862304600906
8022,-5.94546391434732E-05
8023,0.000801016781356802
8024,0.00422891184107554
8025,0.00917484218977826
8026,0.0127656803319592
8027,0.0131254006329029
8028,0.011196488780657
8029,0.00936157972977741
8030,0.00873515835796039
8031,0.00841356394054452
8032,0.0071009966487786
8033,0.00467165158440383
8034,0.00199241010069115
8035,-0.000170051834288972
8036,-0.00170154147858642
8037,-0.00293858086340936
8038,-0.00422164464719321
8039,-0.00547842511439221
8040,-0.00615586384598782
8041,-0.00593879464172301
8042,-0.00573435974757909
8043,-0.00737712120384681
8044,-0.0116714675244499
8045,-0.0169142813317765
8046,-0.0201348131091314
8047,-0.0200020855169803
8048,-0.0179527161141721
8049,-0.0162274574890126
8050,-0.0154106796280431
8051,-0.0143936179570593
8052,-0.0122601920079164
8053,-0.00939343934104071
8054,-0.00676620285845199
8055,-0.004869087217597
8056,-0.00357143952480886
8057,-0.00252694694139751
8058,-0.00142232523423665
8059,-0.000208848280287594
8060,0.000647851246193107
8061,0.000594663608413018
8062,9.6552744440148E-05
8063,0.000871839167714459
8064,0.00422305669754327
8065,0.00913044466967509
8066,0.0127622094705012
8067,0.0132408240457004
8068,0.0114319966469641
8069,0.00964392726488656
8070,0.00900950173484397
8071,0.00870048304214397
8072,0.00744254472509323
8073,0.00505684498901307
8074,0.00236757101949541
8075,0.00016175477401494
8076,-0.00140408339600712
8077,-0.00264670721664451
8078,-0.00390550990301297
8079,-0.00512463949445632
8080,-0.00579798979314164
8081,-0.00564823859230461
8082,-0.00553786033080032
8083,-0.0071989993859182
8084,-0.0114127439282206
8085,-0.0165853065266603
8086,-0.019842236342072
8087,-0.0197821400957691
8088,-0.017684738030593
8089,-0.0157689129219468
8090,-0.0147818304231982
8091,-0.0137706158702499
8092,-0.0117999264538102
8093,-0.0091152449549825
8094,-0.0065903854598908
8095,-0.00470852749404337
8096,-0.00338020877096158
8097,-0.00232278673904291
8098,-0.0012907731156152
8099,-0.000233977387091641
8100,0.000499054046927501
8101,0.000484146665001725
8102,0.000159909970670983
8103,0.00106254908616829
8104,0.0043547398363461
8105,0.00907075312042072
8106,0.0125494692945312
8107,0.0130137640228857
8108,0.0112940852637712
8109,0.00961348694813321
8110,0.00905590530712358
8111,0.0087784489231119
8112,0.00749686536535298
8113,0.00503796738883692
8114,0.00227322538136084
8115,5.89645963702692E-05
8116,-0.00142057812020776
8117,-0.00253954956273525
8118,-0.00373952728767522
8119,-0.00500476787368332
8120,-0.0057471758487994
8121,-0.00556912735371896
8122,-0.00532730164260253
8123,-0.00688424166249459
8124,-0.0111246429764587
8125,-0.0163982701148298
8126,-0.0197091300742399
8127,-0.0196587108372746
8128,-0.0176403402630964
8129,-0.0158846003494992
8130,-0.0149726245982403
8131,-0.0138259378281664
8132,-0.0116325570676709
8133,-0.00887729738151512
8134,-0.00647736575476866
8135,-0.00471379752973015
8136,-0.00333047680777277
8137,-0.00212143443780498
8138,-0.00101944669043655
8139,-2.02390828736996E-06
8140,0.000704543100676014
8141,0.000737085029324574
8142,0.000448360987883994
8143,0.00128977472507216
8144,0.0044767468575031
8145,0.0091622601828276
8146,0.0127103029326737
8147,0.0132525061898858
8148,0.0115335842712114
8149,0.00978911542068736
8150,0.0091752387191722
8151,0.00888603644502731
8152,0.00760628432322801
8153,0.00512045198751203
8154,0.00231459706079118
8155,0.000105720154013336
8156,-0.00130603257224615
8157,-0.0023817345683701
8158,-0.0036749042618255
8159,-0.00515415737329114
8160,-0.00605542234824406
8161,-0.00581246468153555
8162,-0.00531277556313616
8163,-0.00663303776334256
8164,-0.0108423421553363
8165,-0.0162797289722183
8166,-0.0197943022280554
8167,-0.0198600744042846
8168,-0.0178604254027053
8169,-0.0160839406115378
8170,-0.0151520679286731
8171,-0.0139842771221095
8172,-0.0117547465083482
8173,-0.00895390453580524
8174,-0.0065247904536781
8175,-0.00477150791880498
8176,-0.0034368292494435
8177,-0.00229060867665164
8178,-0.00123960840663355
8179,-0.000249393644966273
8180,0.000451617930094024
8181,0.000489625834585711
8182,0.000206249517201042
8183,0.00105991769682741
8184,0.0043025425847187
8185,0.00911535922889044
8186,0.0128167414717361
8187,0.0134239119026699
8188,0.0116149648607149
8189,0.00970698080747887
8190,0.00902027192725984
8191,0.00881653694583621
8192,0.00767819143321998
8193,0.00524255757194722
8194,0.00236326357588442
8195,4.51982273393285E-05
8196,-0.00142136987372883
8197,-0.00247929355398229
8198,-0.00371204693562701
8199,-0.00512898580705279
8200,-0.0060109262301508
8201,-0.00582011722746623
8202,-0.00541533646154799
8203,-0.0068002367111928
8204,-0.0110058829267066
8205,-0.0164090290487307
8206,-0.0199102438022781
8207,-0.0199755414312185
8208,-0.0179505769362824
8209,-0.0161385304037145
8210,-0.0152243356290915
8211,-0.0141438281562219
8212,-0.0119926922198556
8213,-0.00917036149667663
8214,-0.00662733271973895
8215,-0.00476946497381751
8216,-0.00341767367348272
8217,-0.00230537217891515
8218,-0.00123095318329157
8219,-0.000111690218252453
8220,0.000740805311545063
8221,0.000818275111894442
8222,0.000427118193965383
8223,0.0011333515835405
8224,0.00431667769419127
8225,0.00917190348630191
8226,0.0129410851435482
8227,0.0136041695325491
8228,0.0118701101105247
8229,0.0100462545743166
8230,0.00935308947483042
8231,0.00899414916464944
8232,0.00766394568751039
8233,0.00517798186988491
8234,0.00239989223769532
8235,0.000146769078829949
8236,-0.00142447018538697
8237,-0.00263847810911626
8238,-0.00385502000692388
8239,-0.00506381959861611
8240,-0.00578153416193841
8241,-0.00566828679538988
8242,-0.00548385752713192
8243,-0.00695182905879018
8244,-0.0109877407422469
8245,-0.0161542493243327
8246,-0.0196029641158249
8247,-0.019815820793819
8248,-0.0179261656645118
8249,-0.0160794078962204
8250,-0.0150397879893712
8251,-0.013924019257002
8252,-0.011866346521498
8253,-0.00913730949402566
8254,-0.00658691110175827
8255,-0.00466992569967398
8256,-0.00330325266942654
8257,-0.0022250589269398
8258,-0.00118111361833025
8259,-9.20881828138933E-05
8260,0.000688846591799431
8261,0.000689361735771586
8262,0.000318610708270392
8263,0.00115212507397426
8264,0.00442808025039143
8265,0.00921769602307479
8266,0.0128239661287157
8267,0.0133894353697775
8268,0.0116753977047501
8269,0.00989821169465831
8270,0.00921509433311959
8271,0.00888669937776588
8272,0.00766186823772028
8273,0.00528070084524334
8274,0.00248832188705788
8275,0.000113889746105365
8276,-0.00155251586231049
8277,-0.00276427167403408
8278,-0.00395662232452472
8279,-0.00520739424786081
8280,-0.00599044347694179
8281,-0.00586005116706955
8282,-0.00558381717409107
8283,-0.00702106986607972
8284,-0.0111636648616624
8285,-0.0164650859626689
8286,-0.0199088388388559
8287,-0.0199703663973772
8288,-0.0179547168922026
8289,-0.0161393148407083
8290,-0.015218470040324
8291,-0.0141419468730201
8292,-0.0119990567703954
8293,-0.00917536099412679
8294,-0.00662245376733736
8295,-0.00475967926037812
8296,-0.0034154166956095
8297,-0.00232261741714438
8298,-0.00128738503815305
8299,-0.000239391226846393
8300,0.000525149428486688
8301,0.000555366326111205
8302,0.000210657891986359
8303,0.00103692669887324
8304,0.00431734210994203
8305,0.00915590381587343
8306,0.0127937776566057
8307,0.0132991831349377
8308,0.0114826058488197
8309,0.00969748189844685
8310,0.00914422312008261
8311,0.00896406340452377
8312,0.00777274009772035
8313,0.00532508941189972
8314,0.00249129991518202
8315,0.000172168254134891
8316,-0.00139411287531988
8317,-0.00255722856939131
8318,-0.00379297197969055
8319,-0.00514088133311855
8320,-0.00599245864841832
8321,-0.00583133492521843
8322,-0.00543232526629566
8323,-0.00676116743757602
8324,-0.0109271051553584
8325,-0.0163757750247824
8326,-0.0199445438289164
8327,-0.0199832837118438
8328,-0.0178396045057076
8329,-0.0159496806354674
8330,-0.0150912318388263
8331,-0.0141297381243843
8332,-0.0120142769579996
8333,-0.00910191948115435
8334,-0.00645364274270822
8335,-0.00460299199164846
8336,-0.00336469777932369
8337,-0.00234158098704314
8338,-0.0012322080113848
8339,-1.37751668561726E-06
8340,0.000904497924356121
8341,0.000916032756952465
8342,0.000411398683047777
8343,0.00104788545136921
8344,0.00419562940708152
8345,0.0089823331832346
8346,0.0126597209403219
8347,0.01330259519359
8348,0.0116535951494556
8349,0.00991776254478728
8350,0.00921328219491334
8351,0.00880004018762684
8352,0.00751247579107551
8353,0.00516778647068543
8354,0.00246352676997541
8355,0.000119340375755422
8356,-0.00157880202351178
8357,-0.00278332120702689
8358,-0.0039114445912265
8359,-0.00517039282389402
8360,-0.00610200427753603
8361,-0.00609303734588575
8362,-0.00568900383129466
8363,-0.00680093794108571
8364,-0.0107346245323249
8365,-0.0161339202910174
8366,-0.019809013730906
8367,-0.019942435898868
8368,-0.0178119147732905
8369,-0.0159291890767611
8370,-0.015129064955443
8371,-0.0142240590426407
8372,-0.0121122516239799
8373,-0.00920761149188602
8374,-0.00664213563206821
8375,-0.00489153401411801
8376,-0.00364454692850901
8377,-0.00250921328938003
8378,-0.00134547783030215
8379,-0.00021622937894381
8380,0.00054530361923552
8381,0.000539973667715468
8382,0.000137026909569293
8383,0.000839637282098526
8384,0.00396379443386668
8385,0.00875487961232515
8386,0.0125414072847345
8387,0.0132832758162526
8388,0.0115891180538313
8389,0.00974755543735304
8390,0.00908692536135329
8391,0.00888565484852108
8392,0.00773988530236103
8393,0.00528514056219528
8394,0.0023438677932167
8395,-0.000104669882353148
8396,-0.00171078744186569
8397,-0.00277683891289315
8398,-0.00381618633411105
8399,-0.00497551608714211
8400,-0.00577975818163333
8401,-0.00576408050399024
8402,-0.00557485722194658
8403,-0.00694960925260311
8404,-0.0109155342240894
8405,-0.0161121151126218
8406,-0.0196556300710007
8407,-0.0199477313233691
8408,-0.018107728759784
8409,-0.0163273874224156
8410,-0.015370174706087
8411,-0.0142768629991047
8412,-0.012147887294407
8413,-0.00935177297198526
8414,-0.00686462855500293
8415,-0.00511890222878459
8416,-0.00386329104428443
8417,-0.00271812759312326
8418,-0.00149417577404111
8419,-0.000266927266582137
8420,0.000534907752185908
8421,0.000470217171189083
8422,-6.00708236520258E-06
8423,0.00070521250902271
8424,0.00389434226105001
8425,0.00871648929351871
8426,0.0124952019783389
8427,0.0132747914882786
8428,0.0116893483566679
8429,0.00993229890145319
8430,0.00924489117358779
8431,0.00895294040463494
8432,0.00776408267558011
8433,0.00533423149256548
8434,0.00241116792600796
8435,-5.71971850932203E-05
8436,-0.00166607380455766
8437,-0.00269897778595886
8438,-0.00375844622717823
8439,-0.00505497288165161
8440,-0.00600559217706273
8441,-0.00596826436031055
8442,-0.00559309057706227
8443,-0.00684006611730292
8444,-0.0109114467679583
8445,-0.01634941968908
8446,-0.020019976138531
8447,-0.0202191650108863
8448,-0.0181928263973154
8449,-0.0162983265643944
8450,-0.0153305604861905
8451,-0.0142717244266422
8452,-0.0121889828821123
8453,-0.00943605618557672
8454,-0.00693376141020598
8455,-0.00507261151079775
8456,-0.00367689161845574
8457,-0.00251180937209402
8458,-0.00141528675326741
8459,-0.000310931916542766
8460,0.000519050688025848
8461,0.000581195422124158
8462,0.000148094885092906
8463,0.000749255221288632
8464,0.00380518538187072
8465,0.0086241920836653
8466,0.0125200396046975
8467,0.0134072868962477
8468,0.0118460641438053
8469,0.010063458581085
8470,0.00934172097472345
8471,0.00900085627443395
8472,0.00777409041226349
8473,0.00541511544198704
8474,0.00271551175663684
8475,0.000482837326663174
8476,-0.00109821707241664
8477,-0.00235469826623287
8478,-0.00368762150888814
8479,-0.00509817535801847
8480,-0.00601827298723069
8481,-0.00596052413429386
8482,-0.00560777917209861
8483,-0.00678358536033623
8484,-0.0106200101820766
8485,-0.0158151712896931
8486,-0.0194524198284385
8487,-0.0198441389967592
8488,-0.0180530784590561
8489,-0.0162894640951623
8490,-0.0153608940739785
8491,-0.0143064991935319
8492,-0.0121800124428788
8493,-0.0093261084772324
8494,-0.00676115694783388
8495,-0.00498311806597518
8496,-0.00376447368338132
8497,-0.00269188132556713
8498,-0.00152375358742561
8499,-0.000301902213125422
8500,0.000549842941348269
8501,0.000565647829442861
8502,0.00014553811240324
8503,0.000829705871132613
8504,0.00390132916441311
8505,0.00858863292078217
8506,0.0123214509762792
8507,0.0131899418250002
8508,0.0117636075131105
8509,0.0101081748762542
8510,0.00938355035658072
8511,0.00895822579512371
8512,0.00767809143821324
8513,0.00530595328701789
8514,0.00255170068832048
8515,0.000207343968961657
8516,-0.00143469904331218
8517,-0.00260709411400786
8518,-0.00376884372339419
8519,-0.00507032343678238
8520,-0.00599991919121029
8521,-0.00598035582003679
8522,-0.00560734583946489
8523,-0.00675731744522492
8524,-0.0106791757001356
8525,-0.0160626196800713
8526,-0.0198238874831644
8527,-0.0201350014814949
8528,-0.0181137602703201
8529,-0.0161589629290655
8530,-0.0151962592049289
8531,-0.0142195386104186
8532,-0.0121724928448485
8533,-0.00934989045984043
8534,-0.00678098191947807
8535,-0.0049717790625945
8536,-0.00368718577680526
8537,-0.00253580598356816
8538,-0.00133087007085685
8539,-0.000144279135616078
8540,0.000629464136421413
8541,0.000576209097435993
8542,0.000122224798240929
8543,0.000808424245039056
8544,0.00391042956519426
8545,0.00862875279028176
8546,0.0123344788730421
8547,0.0130758671117929
8548,0.0114692402457778
8549,0.00970555312218123
8550,0.00903741030550295
8551,0.00879735204099335
8552,0.00769648406677225
8553,0.00538868352364442
8554,0.00258539069010954
8555,0.000162657927650435
8556,-0.00150985581385364
8557,-0.0026516495352581
8558,-0.00376291532226165
8559,-0.00504158738211781
8560,-0.00598893767700248
8561,-0.00599975920433052
8562,-0.00563153861351096
8563,-0.00675118556203695
8564,-0.0106345704678161
8565,-0.0160042616609634
8566,-0.0197851781697943
8567,-0.0201393069601168
8568,-0.0181796504512102
8569,-0.0163062236256628
8570,-0.0154292627220507
8571,-0.0145057540206133
8572,-0.0124486478546511
8573,-0.00955675899974919
8574,-0.00689717656486809
8575,-0.0050278222572388
8576,-0.00375704596826731
8577,-0.00269811536481139
8578,-0.00160381125783878
8579,-0.00044814030599476
8580,0.000417417518464592
8581,0.000504720523970389
8582,0.000116476080933974
8583,0.000763617105608437
8584,0.00382510617007084
8585,0.00860963106591285
8586,0.012466492768587
8587,0.0133286291328502
8588,0.0117532400980505
8589,0.00997919828787665
8590,0.00930650687829688
8591,0.00902695463704851
8592,0.00779856958486197
8593,0.00533523047648457
8594,0.00249052963553041
8595,0.00019033667273447
8596,-0.00132275667929263
8597,-0.00243676725386977
8598,-0.00366864395821655
8599,-0.00507459465730817
8600,-0.00603600547784443
8601,-0.00598165606433891
8602,-0.00558448194077646
8603,-0.0067503244515597
8604,-0.0106900021472443
8605,-0.01607589446977
8606,-0.0198702044987944
8607,-0.0202743485024508
8608,-0.0183368341524534
8609,-0.0163509455429476
8610,-0.0152483112377735
8611,-0.0141675056914019
8612,-0.0121701505859282
8613,-0.00948224956068892
8614,-0.00694396898498605
8615,-0.00498378488168345
8616,-0.00350852708527345
8617,-0.00232578037364955
8618,-0.00126735328827135
8619,-0.000222006956065601
8620,0.000582716778098291
8621,0.00069473153888467
8622,0.000358385331208099
8623,0.00101270144879546
8624,0.00402769464070366
8625,0.00877425485062739
8626,0.0126649413575146
8627,0.0136120696971324
8628,0.0120703204969097
8629,0.0102080882490413
8630,0.00938619140085217
8631,0.00903222646917272
8632,0.00785502519765999
8633,0.00547313086735082
8634,0.0026194073341474
8635,0.000220629281436971
8636,-0.00137144562014917
8637,-0.0024717491128626
8638,-0.00364349892379118
8639,-0.00503550187563826
8640,-0.00604645282264121
8641,-0.00602890578278381
8642,-0.00558553785069324
8643,-0.00664804892568763
8644,-0.010518583034992
8645,-0.0159115500998995
8646,-0.0197311947943006
8647,-0.0201114310309204
8648,-0.0181418003663766
8649,-0.016232388115686
8650,-0.0153411450359505
8651,-0.0144668174602931
8652,-0.0125087953542862
8653,-0.00969879110595068
8654,-0.00703431905368831
8655,-0.00505881537979969
8656,-0.00364234971395978
8657,-0.00249661391376916
8658,-0.0014240432473283
8659,-0.000344551380186009
8660,0.000493106956209551
8661,0.000627437161477973
8662,0.000273672177271063
8663,0.000856000354664647
8664,0.00379294833007983
8665,0.00851833857309069
8666,0.0124289027396403
8667,0.013363337391302
8668,0.0117650042647717
8669,0.0098793980075833
8670,0.00911143823383438
8671,0.00882198023133304
8672,0.00763880274131873
8673,0.0052074062651402
8674,0.00235163591087614
8675,1.5056287890659E-05
8676,-0.00152804221695799
8677,-0.0026469469255781
8678,-0.00386896146295055
8679,-0.00528380933310812
8680,-0.00628047374594057
8681,-0.00622455398865221
8682,-0.00570582790499769
8683,-0.00664911060329062
8684,-0.0104144241069292
8685,-0.0158080878949774
8686,-0.0197590581168686
8687,-0.0203161036733743
8688,-0.0184417625151932
8689,-0.01647869318509
8690,-0.0154184003140282
8691,-0.0143640033276814
8692,-0.0123249752683218
8693,-0.00958579948375689
8694,-0.0071069645648463
8695,-0.00532387058558355
8696,-0.00399247300207627
8697,-0.00278229691863728
8698,-0.00156827383985028
8699,-0.000416727222598602
8700,0.000327586183697754
8701,0.000265399051754889
8702,-0.000213532799338055
8703,0.000417002420342201
8704,0.00349373320777929
8705,0.00830262050041264
8706,0.0122243817481409
8707,0.0132081349141172
8708,0.0117281828440706
8709,0.00989539754241339
8710,0.00901233640717982
8711,0.00857162085400669
8712,0.00743523978382855
8713,0.00526091107786684
8714,0.00260732445175122
8715,0.000203055572443307
8716,-0.00156329760663881
8717,-0.00276752635455503
8718,-0.00383516403209993
8719,-0.0050467353069335
8720,-0.0060104846384732
8721,-0.0060941885204786
8722,-0.00573627279241657
8723,-0.00676596346919068
8724,-0.0105583237590161
8725,-0.0159408608458233
8726,-0.019821126527693
8727,-0.0202567559732743
8728,-0.0182925678397497
8729,-0.0163460548215088
8730,-0.0153850359326632
8731,-0.0144163780003853
8732,-0.0123804512806486
8733,-0.0095657329862863
8734,-0.00697808524742801
8735,-0.00510590107153746
8736,-0.0037602306311755
8737,-0.00264142514183401
8738,-0.00157392494474205
8739,-0.000490639579728923
8740,0.000365947911766184
8741,0.000534376912015711
8742,0.000201650181255909
8743,0.000751245371543176
8744,0.00359832777441538
8745,0.0082368164319744
8746,0.0121348331112019
8747,0.0131252375545334
8748,0.011570290629473
8749,0.00968314793231266
8750,0.00896655237055053
8751,0.00889452053069856
8752,0.00803168135258902
8753,0.00579391904474143
8754,0.00285532659117435
8755,0.000265942237918451
8756,-0.00146422824822457
8757,-0.00260001892471068
8758,-0.00375847288878732
8759,-0.00514518826751624
8760,-0.0061588202889146
8761,-0.00612256391815689
8762,-0.00562607418949999
8763,-0.00661488729327534
8764,-0.0104264429268968
8765,-0.0158273053094345
8766,-0.0197575583607845
8767,-0.0203086178240287
8768,-0.0184433047438776
8769,-0.0164731836235266
8770,-0.0154108393344627
8771,-0.0144243603199514
8772,-0.0125076070147059
8773,-0.0098061858111773
8774,-0.00717612675409757
8775,-0.00515182803472341
8776,-0.00371727699818637
8777,-0.00263753726483132
8778,-0.00162550611059274
8779,-0.000504363136449257
8780,0.000436572616301479
8781,0.000616069006082643
8782,0.000210419897613315
8783,0.000713338050670296
8784,0.00360977863633073
8785,0.00833945165550343
8786,0.0123038897865644
8787,0.0133738715234142
8788,0.0119758262280893
8789,0.0102498557464118
8790,0.00951563294283598
8791,0.00918715242107603
8792,0.0080172791497533
8793,0.00567144304514075
8794,0.0028557533116239
8795,0.000429076290775738
8796,-0.00125064689737613
8797,-0.00240000525281172
8798,-0.00353207505573597
8799,-0.00489454035655106
8800,-0.00601089464031228
8801,-0.00617881477416672
8802,-0.00578514584405113
8803,-0.00665259913103616
8804,-0.0102567797525756
8805,-0.0155928095606361
8806,-0.0196251558341363
8807,-0.0202591487246318
8808,-0.0183424518447312
8809,-0.016301424620933
8810,-0.015312288300978
8811,-0.0145090405666355
8812,-0.0126950580933326
8813,-0.00992381982422199
8814,-0.00716326131620796
8815,-0.00509904577441583
8816,-0.00372811987080547
8817,-0.00272683511594652
8818,-0.00176395287859163
8819,-0.000692722070111169
8820,0.000184540224837447
8821,0.000329219918525579
8822,-5.2333823034128E-05
8823,0.000501253519063282
8824,0.00342531876943115
8825,0.00814808934170856
8826,0.012078544366055
8827,0.0130740826246791
8828,0.0115527050355809
8829,0.00970215223082936
8830,0.00892210476378432
8831,0.00865394546784672
8832,0.00759535615268247
8833,0.00534085360893697
8834,0.00257896055050207
8835,0.000191084169811084
8836,-0.00145680785634547
8837,-0.00259685688141962
8838,-0.00374441498426285
8839,-0.00512110596551486
8840,-0.0062295119843099
8841,-0.0063808991364148
8842,-0.00599036306510245
8843,-0.006879957942021
8844,-0.0104880799208104
8845,-0.0157822770378501
8846,-0.0197595658184031
8847,-0.020401172198516
8848,-0.0185820732284912
8849,-0.0166390674719667
8850,-0.0156093001833973
8851,-0.0146077055219142
8852,-0.0126080324289565
8853,-0.00985863099481392
8854,-0.00730807325477643
8855,-0.00540229760962481
8856,-0.00395086797614254
8857,-0.00271715532071336
8858,-0.00161043735928517
8859,-0.000570661184719242
8860,0.000249072425779215
8861,0.000452938471757409
8862,0.000169079835864868
8863,0.00067728253171963
8864,0.00340310183274266
8865,0.00797465929239098
8866,0.0119598391157552
8867,0.0131419982999253
8868,0.0117404336628342
8869,0.00985622379395752
8870,0.00897488834383673
8871,0.00865716921375254
8872,0.00763180111685771
8873,0.0054469330715958
8874,0.00272544816443074
8875,0.000291033087178445
8876,-0.00150218652865396
8877,-0.00280003051797833
8878,-0.00397240675887927
8879,-0.0051931263004432
8880,-0.0061032587909538
8881,-0.00619977145862751
8882,-0.00591099895455065
8883,-0.00689803106359599
8884,-0.010494891720998
8885,-0.0157592841615437
8886,-0.0198156544410089
8887,-0.0205942325654815
8888,-0.0188020326336532
8889,-0.0167482426876123
8890,-0.0156435625082845
8891,-0.0147302872635154
8892,-0.0128668606674255
8893,-0.0101002453569873
8894,-0.00738426090132002
8895,-0.00537962105330842
8896,-0.00402450000075568
8897,-0.00295224530644615
8898,-0.00186872469180462
8899,-0.000706219414795173
8900,0.000207963716967638
8901,0.000365252452169918
8902,-3.41443384190021E-05
8903,0.000415204615876693
8904,0.00315458125869792
8905,0.00773746552982862
8906,0.0116942175560157
8907,0.0128487662803437
8908,0.0114662344189225
8909,0.00964201242156646
8910,0.00883132267871071
8911,0.00857896821085716
8912,0.00759918831468018
8913,0.00540737505360627
8914,0.00261003612837824
8915,8.33538702924166E-05
8916,-0.0017254584428722
8917,-0.00293316784702863
8918,-0.00399752628931521
8919,-0.00520614753638793
8920,-0.00620117323873558
8921,-0.00636065283416792
8922,-0.00601949302270672
8923,-0.00688115905249762
8924,-0.0103902107113797
8925,-0.0156407573011545
8926,-0.0197028040234395
8927,-0.0204717130653244
8928,-0.0186890552531798
8929,-0.0166850245442628
8930,-0.0156137867778618
8931,-0.0146600386481233
8932,-0.0127206106442597
8933,-0.00992700828875102
8934,-0.00723379751553309
8935,-0.00521510203724763
8936,-0.00377519922033966
8937,-0.00263668389856876
8938,-0.00160645182045832
8939,-0.00059431026012299
8940,0.000189765099165107
8941,0.000311286260248483
8942,-5.3287135639606E-05
8943,0.000452062264705757
8944,0.00325840752097805
8945,0.00792054541411652
8946,0.011936861573852
8947,0.0130930838407681
8948,0.0116710097912549
8949,0.00983509895268556
8950,0.009083063628798
8951,0.00891626220250621
8952,0.00796082329011046
8953,0.00570406385161981
8954,0.00283034188035284
8955,0.000313922392415314
8956,-0.0014050231182619
8957,-0.00255910487636626
8958,-0.00368640455684508
8959,-0.005007865276014
8960,-0.00603222684461474
8961,-0.00611256578323676
8962,-0.00569591907590821
8963,-0.00657537715936778
8964,-0.0101413313357338
8965,-0.0153781139539013
8966,-0.0193523041731558
8967,-0.0200622078733066
8968,-0.0183099229979578
8969,-0.016372037398975
8970,-0.0153337892910645
8971,-0.0144000508479505
8972,-0.0125313273894708
8973,-0.00985492376968754
8974,-0.00725055713030993
8975,-0.00525214608980205
8976,-0.00380991385571754
8977,-0.00270663011577021
8978,-0.0017360342618484
8979,-0.000740153964782408
8980,0.000100784088903076
8981,0.000303410348603771
8982,-2.4893684146627E-05
8983,0.000460501809588639
8984,0.00323933249596373
8985,0.00790796870575309
8986,0.0119512729671019
8987,0.0131134832804462
8988,0.0116653929744874
8989,0.00979889857059267
8990,0.00903221989810155
8991,0.00885883993518249
8992,0.00790487243687973
8993,0.00569104431776785
8994,0.00292098612517858
8995,0.00051841944694084
8996,-0.00116028095742967
8997,-0.00236491334856058
8998,-0.00356193626249433
8999,-0.00490671708536979
9000,-0.00592648489239858
9001,-0.00602883528334883
9002,-0.00566101745221271
9003,-0.00657306705610797
9004,-0.0101575372909591
9005,-0.0154579314860462
9006,-0.0195612214675908
9007,-0.0203942536015305
9008,-0.0186784446147557
9009,-0.016701769924488
9010,-0.0156203097741736
9011,-0.0146560804476598
9012,-0.0127178148308926
9013,-0.00992101781698465
9014,-0.00723290065647511
9015,-0.00527216483979893
9016,-0.00393931058991947
9017,-0.00286503962713202
9018,-0.00176411380127377
9019,-0.000567599112749256
9020,0.000393001848790249
9021,0.000586156927666574
9022,0.000192538415341801
9023,0.000628396129979492
9024,0.00336998628611894
9025,0.00799996705063266
9026,0.0120472001149203
9027,0.0132914421607496
9028,0.0119267716229636
9029,0.0100115305230789
9030,0.00905706528368886
9031,0.00872315215179542
9032,0.00777286530053093
9033,0.00564246201212116
9034,0.00283918740161834
9035,0.000264385527491811
9036,-0.00151968505268258
9037,-0.002611951875173
9038,-0.00361554183172004
9039,-0.00494661908677344
9040,-0.0061628958702258
9041,-0.00641522398256229
9042,-0.00593280391282438
9043,-0.00655973817820152
9044,-0.00996552979816531
9045,-0.0153180911070482
9046,-0.0195688194104229
9047,-0.0204584207149214
9048,-0.0186868281632819
9049,-0.0166560552490599
9050,-0.0155976516844813
9051,-0.0146908295047946
9052,-0.0127592923590792
9053,-0.00989495098905479
9054,-0.00712090171932325
9055,-0.00513022792347201
9056,-0.00384683483183684
9057,-0.00285379843794856
9058,-0.00179285086689638
9059,-0.000572393531379726
9060,0.000421058633716476
9061,0.00058499874683724
9062,0.000102520426855794
9063,0.000475052898760137
9064,0.00325241592784316
9065,0.00798715873546954
9066,0.0121001071568374
9067,0.0133109433463325
9068,0.0118799297761317
9069,0.00998305178913339
9070,0.00915159760011458
9071,0.00892818030797194
9072,0.00795446783044166
9073,0.00568784065675256
9074,0.00276970314187886
9075,0.00017599721351249
9076,-0.00160021708698345
9077,-0.00274988107831892
9078,-0.00383333143910109
9079,-0.00512545729989274
9080,-0.00614082744998361
9081,-0.00617754163346837
9082,-0.00565293728779756
9083,-0.00642707503041982
9084,-0.010000621093576
9085,-0.0153867515005036
9086,-0.0195602122093448
9087,-0.0204017154415226
9088,-0.0186757959400114
9089,-0.0167034265228438
9090,-0.0156292898056445
9091,-0.0146927391749813
9092,-0.0128590268703259
9093,-0.0102197060032006
9094,-0.00758742419294844
9095,-0.00546767905146163
9096,-0.00387986430138455
9097,-0.00270784083140547
9098,-0.0017465043930704
9099,-0.000735166012180688
9100,0.000195259792588712
9101,0.000466284873407509
9102,7.90360301839397E-05
9103,0.00043824859943209
9104,0.00319691457586916
9105,0.00800674758822508
9106,0.0122050123150961
9107,0.0133689972759736
9108,0.0117812870891143
9109,0.00978227454667308
9110,0.00898570303875616
9111,0.00885116226521972
9112,0.00792989504524363
9113,0.00571498310209678
9114,0.00292050307913248
9115,0.00048029805742962
9116,-0.00123846696287823
9117,-0.0024692309815562
9118,-0.00367632891875773
9119,-0.00502975583687704
9120,-0.00605291298799898
9121,-0.00612065863664158
9122,-0.00566629304293834
9123,-0.00648231559076609
9124,-0.0100201007150853
9125,-0.0153312295439547
9126,-0.0194592357941739
9127,-0.020298402601803
9128,-0.0185856951932106
9129,-0.0166438924271343
9130,-0.0156370167981823
9131,-0.0147594385668525
9132,-0.0128818358819239
9133,-0.0100977768748371
9134,-0.00737739910541213
9135,-0.00535844910173056
9136,-0.00396336705209509
9137,-0.00284384035971155
9138,-0.00173398460119765
9139,-0.000567177147699675
9140,0.000359355139959408
9141,0.000563327625549416
9142,0.00022566900878112
9143,0.000687946411938013
9144,0.00334707684026287
9145,0.00779920220605758
9146,0.01168175197856
9147,0.0128815519637805
9148,0.0116149202089348
9149,0.0098779233728499
9150,0.00908372622296026
9151,0.00881082293471077
9152,0.00781422749954348
9153,0.00561711442673908
9154,0.00283045882493571
9155,0.000348247146375479
9156,-0.00138655767750724
9157,-0.00253820673762464
9158,-0.00360861097857844
9159,-0.00487538147458137
9160,-0.00592745229245799
9161,-0.00608931968022696
9162,-0.00566557342979006
9163,-0.00637799004086336
9164,-0.00977158485680549
9165,-0.0150805525467114
9166,-0.0194065140947495
9167,-0.0204829091918995
9168,-0.0188402188961222
9169,-0.0167863259703596
9170,-0.0156582126985509
9171,-0.0147820826690673
9172,-0.0129796776515037
9173,-0.0102249636761262
9174,-0.00746483088356389
9175,-0.0054069010519467
9176,-0.00401843129345678
9177,-0.0029307553400425
9178,-0.00185348705173503
9179,-0.000722323126720673
9180,0.00017257052581092
9181,0.000375782159098405
9182,7.08426405583631E-05
9183,0.000568419985630652
9184,0.00325852960662794
9185,0.00777993571045158
9186,0.0117974215116582
9187,0.0131472032293113
9188,0.0119571570640774
9189,0.0101869264032561
9190,0.00928804060801775
9191,0.00890851268023147
9192,0.00786901537148877
9193,0.00573736917427471
9194,0.00310369446782086
9195,0.000747899680707649
9196,-0.00101094080128436
9197,-0.00233014117696175
9198,-0.00356529545595789
9199,-0.00487806243790405
9200,-0.00590383679798078
9201,-0.0060823901573655
9202,-0.0057163071501631
9203,-0.00640631158868548
9204,-0.00964872988785316
9205,-0.0148031712561368
9206,-0.0191222048564087
9207,-0.0203209510570967
9208,-0.018771678719659
9209,-0.0166903075259125
9210,-0.0154867841838095
9211,-0.0146030203424636
9212,-0.0128634784611774
9213,-0.0101459219725396
9214,-0.00734043912701508
9215,-0.00520537923278132
9216,-0.00378990802014853
9217,-0.00273406625669885
9218,-0.00168053838951326
9219,-0.000512812073124415
9220,0.000449184339042281
9221,0.000673122068334914
9222,0.000311022579938424
9223,0.000728147505003755
9224,0.00339656593915014
9225,0.00797620317287609
9226,0.0120741358767355
9227,0.0134538353243215
9228,0.0122243570355633
9229,0.0103880243036861
9230,0.00945567610903487
9231,0.00909517605659407
9232,0.00808300497283901
9233,0.00591163867095502
9234,0.00314738160985233
9235,0.000647660853288178
9236,-0.00115776291981194
9237,-0.00241381492437523
9238,-0.00358653355088955
9239,-0.00493162156162955
9240,-0.0060365667024479
9241,-0.00622518007689138
9242,-0.00579612691956602
9243,-0.0064777203657358
9244,-0.00983734212760541
9245,-0.0151220222773359
9246,-0.0194211197715366
9247,-0.0204523905489276
9248,-0.0187521543166042
9249,-0.0166471172551097
9250,-0.0154872001802352
9251,-0.0146124298048448
9252,-0.0128651838519793
9253,-0.0102142701461838
9254,-0.00754515288381427
9255,-0.00549371339388698
9256,-0.00403229665110903
9257,-0.00287729646453233
9258,-0.00179816838157792
9259,-0.000697062186181861
9260,0.000190162131853285
9261,0.000382396110803044
9262,-2.87454865264813E-06
9263,0.00036667461125758
9264,0.00299838514456391
9265,0.00759512821902244
9266,0.0117387804004109
9267,0.0131377378818957
9268,0.011899636977441
9269,0.0100661809922514
9270,0.00915034459250013
9271,0.00878993765893114
9272,0.00777749448733978
9273,0.0056622111061204
9274,0.00299836299531119
9275,0.000544723483110761
9276,-0.00130228422681805
9277,-0.00256110365506377
9278,-0.00357392805883342
9279,-0.00469327301002697
9280,-0.00574512588150312
9281,-0.00611364853187745
9282,-0.00586913644768279
9283,-0.00651327513794466
9284,-0.00969377260338353
9285,-0.0149352557290854
9286,-0.019429812740038
9287,-0.0207020513100181
9288,-0.0190682020383369
9289,-0.0168685859489975
9290,-0.0156176117371857
9291,-0.0147217224594945
9292,-0.0129445192571054
9293,-0.0102035547927409
9294,-0.00746142999337099
9295,-0.00544854439940896
9296,-0.00411058573042493
9297,-0.00304460032591094
9298,-0.0019397479897718
9299,-0.000716993364092155
9300,0.000312809151443148
9301,0.000590048675434952
9302,0.000175483519095466
9303,0.000406719969668116
9304,0.00289201258922313
9305,0.00746616244597518
9306,0.011728647779132
9307,0.0132435797654792
9308,0.0119689969424506
9309,0.00998089539080133
9310,0.00897527293175157
9311,0.00868542137201447
9312,0.0077928234714234
9313,0.00569627819122937
9314,0.00297257676938141
9315,0.000518008574193815
9316,-0.00125667159902626
9317,-0.00252050183813827
9318,-0.00369247750990449
9319,-0.00497141986344908
9320,-0.00599014735570121
9321,-0.00617834826974601
9322,-0.00584237862663814
9323,-0.00659504927244983
9324,-0.0099351157711424
9325,-0.0151933673700629
9326,-0.0195572754278821
9327,-0.0206840141555837
9328,-0.0189698114895038
9329,-0.0167510719575
9330,-0.0155539603776704
9331,-0.0148096358230368
9332,-0.0132129792342995
9333,-0.010534948927354
9334,-0.00768320394864359
9335,-0.00550036497027894
9336,-0.00406639589750852
9337,-0.0029805270482474
9338,-0.00185899331743721
9339,-0.000624704694590916
9340,0.000343421827666134
9341,0.000497861988680197
9342,2.47724085944218E-05
9343,0.000340435749335304
9344,0.00295519352853601
9345,0.00753073416823115
9346,0.0116378120436382
9347,0.0130153949258222
9348,0.0118146450063208
9349,0.0101024228639192
9350,0.00935901333459824
9351,0.00911279177307248
9352,0.00804676229532328
9353,0.00573487772676359
9354,0.00290333942886658
9355,0.000446430254614693
9356,-0.00131355606654042
9357,-0.00259277812307744
9358,-0.00378994483631027
9359,-0.00507453018576929
9360,-0.00606555395906099
9361,-0.00617566731413993
9362,-0.00570906939985904
9363,-0.006335214131985
9364,-0.00963762210017662
9365,-0.0149630322526135
9366,-0.0194228112098619
9367,-0.0206000465957812
9368,-0.0188913527403699
9369,-0.016661615214938
9370,-0.0154343876220363
9371,-0.0146458212819752
9372,-0.0130496801142441
9373,-0.0104570075929404
9374,-0.007703684898324
9375,-0.00552047921786452
9376,-0.00400518175290849
9377,-0.0029064709927511
9378,-0.00191336645853093
9379,-0.000818993681391887
9380,0.000172640922609082
9381,0.000499757943186076
9382,0.0001544490713719
9383,0.000415022623580564
9384,0.0028680100924358
9385,0.00737412409715133
9386,0.0116195073602226
9387,0.0132649049275766
9388,0.012248504423596
9389,0.010465623844417
9390,0.00943543002602641
9391,0.00893651196363812
9392,0.00788677808605615
9393,0.00582576325868422
9394,0.00320120691792428
9395,0.000703709114693404
9396,-0.001235333472011
9397,-0.00255913714356639
9398,-0.00358432209928375
9399,-0.0046961318346838
9400,-0.00575092300319136
9401,-0.00611470497511117
9402,-0.0058061754284213
9403,-0.00629994072054151
9404,-0.00928939271679973
9405,-0.0144007090815757
9406,-0.0188960669885648
9407,-0.0202648744550409
9408,-0.0187218236243311
9409,-0.0165570586536179
9410,-0.0153309699494764
9411,-0.014503290086947
9412,-0.0128080477824039
9413,-0.0100954048039672
9414,-0.00732857152204618
9415,-0.00530117129767863
9416,-0.00398072509997593
9417,-0.00291813789718043
9418,-0.00178931789116243
9419,-0.000587349611924881
9420,0.000325803457560615
9421,0.000469577018857904
9422,3.49557059892506E-05
9423,0.00036573315513078
9424,0.00293951470705752
9425,0.00750707461970567
9426,0.0117495581060567
9427,0.0133575882787142
9428,0.0122695542299263
9429,0.0104048474482159
9430,0.00936379879696692
9431,0.00896063258420159
9432,0.00801647072101169
9433,0.0059457303702434
9434,0.00321495789278532
9435,0.000657328955521878
9436,-0.0012263841932781
9437,-0.0024736943621335
9438,-0.00351554781510443
9439,-0.00471073840824526
9440,-0.00579975208222929
9441,-0.00611473868517147
9442,-0.00576173733119484
9443,-0.00629472307931281
9444,-0.00938079430268875
9445,-0.0145675937679256
9446,-0.019080795775063
9447,-0.0204195896908064
9448,-0.018808645764099
9449,-0.0165567603550486
9450,-0.0152923120136696
9451,-0.014553514898961
9452,-0.0130531702350999
9453,-0.0104900640512782
9454,-0.00767835574803126
9455,-0.00543144410146628
9456,-0.00390171502239185
9457,-0.00279913457937796
9458,-0.00176721383418667
9459,-0.000627799584128307
9460,0.000360878479913906
9461,0.000644810296758913
9462,0.000277081100384336
9463,0.000576654968475866
9464,0.00311808409370925
9465,0.00771196745136359
9466,0.0119702926240064
9467,0.013495679692048
9468,0.012271158068423
9469,0.0103575504205699
9470,0.00940709014836156
9471,0.0091214859117319
9472,0.00819098806999503
9473,0.00604893159216224
9474,0.00329368309315639
9475,0.000820634884630492
9476,-0.00095765607327777
9477,-0.00219995802124506
9478,-0.0033409522501347
9479,-0.00462713024434328
9480,-0.00570298098687803
9481,-0.00592201901834485
9482,-0.00549765308095441
9483,-0.00606143461689617
9484,-0.00925235601463762
9485,-0.0145269794761337
9486,-0.0190722677434205
9487,-0.0204492150975282
9488,-0.0189491070735057
9489,-0.0168261554761495
9490,-0.0155625999590868
9491,-0.0146408751441227
9492,-0.0129091273348699
9493,-0.0102575815758695
9494,-0.0075373074425349
9495,-0.0054262385142492
9496,-0.00394825521765187
9497,-0.00281877733888949
9498,-0.00175534773247052
9499,-0.000607725342546426
9500,0.000379647918560401
9501,0.000637196756333564
9502,0.000182402529455519
9503,0.0003539006882632
9504,0.00280794097860338
9505,0.00741456299214287
9506,0.0117656836730206
9507,0.0133980311658038
9508,0.0122389600591617
9509,0.0103201102750956
9510,0.00929875710516665
9511,0.00893589865787596
9512,0.00800786741980584
9513,0.00596503897883126
9514,0.00330406146601108
9515,0.00080017228474047
9516,-0.00111848388427271
9517,-0.00245891029154792
9518,-0.00355043189867756
9519,-0.00472058760556324
9520,-0.00578213581382428
9521,-0.00611658647007
9522,-0.00577099517263061
9523,-0.00622980867753647
9524,-0.00921642592368428
9525,-0.0144147273670591
9526,-0.0190808607073268
9527,-0.020574664336193
9528,-0.0189742124912194
9529,-0.0166135556461887
9530,-0.0152742893107937
9531,-0.0145732597848748
9532,-0.0131383501158199
9533,-0.0105508258227686
9534,-0.00763719414723678
9535,-0.00533150477503461
9536,-0.00385134386676556
9537,-0.00283279784223521
9538,-0.00180176563187665
9539,-0.000559334608676455
9540,0.000545043756607121
9541,0.000860924465284324
9542,0.000428366993413208
9543,0.000620179221282383
9544,0.00306147951367559
9545,0.00758236757412417
9546,0.0118109755442312
9547,0.0133785905792286
9548,0.0122723492215762
9549,0.0104938659944349
9550,0.00960898390714236
9551,0.00929794161979464
9552,0.00832540098708807
9553,0.00619942858605861
9554,0.00347962600894152
9555,0.000943181990029951
9556,-0.00102770606648872
9557,-0.00245209346601363
9558,-0.00359888941681145
9559,-0.00472840557268694
9560,-0.00566802875729295
9561,-0.00589323668341114
9562,-0.00553451639891755
9563,-0.00607369526537327
9564,-0.00915231481295843
9565,-0.0143664852527457
9566,-0.0189623772462162
9567,-0.0203922571481635
9568,-0.0188464879138458
9569,-0.0166534869776408
9570,-0.0154398719984965
9571,-0.0146779332232569
9572,-0.0130489902560438
9573,-0.0103498406433859
9574,-0.00753562436598479
9575,-0.00542761678310696
9576,-0.00403316788098824
9577,-0.00293629646588909
9578,-0.0018061191938762
9579,-0.000580663398133274
9580,0.000412961174786671
9581,0.000633255966330896
9582,0.000166418233455267
9583,0.000353272076037715
9584,0.00280161144000291
9585,0.00736715925307521
9586,0.0116815525590676
9587,0.0133276444990954
9588,0.0122551045692082
9589,0.0104866117274702
9590,0.00962007753856397
9591,0.00931980127602683
9592,0.00832003330718351
9593,0.00615932448523148
9594,0.00347302287792722
9595,0.00105566697502195
9596,-0.000796537886883452
9597,-0.00220577559272653
9598,-0.0034552612381332
9599,-0.00473613509555126
9600,-0.00580753054540207
9601,-0.00611652657189027
9602,-0.00577859775164132
9603,-0.00627044491854203
9604,-0.00928062935322902
9605,-0.0144964959836116
9606,-0.0191994780198992
9607,-0.0207511865967429
9608,-0.0192079890293961
9609,-0.0168755414257808
9610,-0.0154988654231666
9611,-0.0146774454902107
9612,-0.0131049471640987
9613,-0.0104976403812167
9614,-0.00773454394850143
9615,-0.00560612626769886
9616,-0.00412307264514868
9617,-0.00291612857590055
9618,-0.00174479980253052
9619,-0.000598428720187522
9620,0.000275362156961716
9621,0.000480626462795387
9622,0.000126769565536396
9623,0.000404861196983089
9624,0.00280012930064589
9625,0.00726006959568388
9626,0.0116011590546771
9627,0.0133984380448704
9628,0.0123736742194275
9629,0.0104132623937921
9630,0.00929134422882653
9631,0.00895133325047234
9632,0.00813751032183496
9633,0.00611041255006575
9634,0.00330718112127147
9635,0.000657853692476493
9636,-0.00125759851521662
9637,-0.00247599862481935
9638,-0.00345070244936536
9639,-0.0045561935227865
9640,-0.00557304624000709
9641,-0.00588362725305843
9642,-0.00558442451380441
9643,-0.00616174015306905
9644,-0.00925589010790959
9645,-0.0144699883126052
9646,-0.0190753946538967
9647,-0.0205305752988497
9648,-0.0190014465397383
9649,-0.0168084830919614
9650,-0.0156036389101131
9651,-0.0148613728995764
9652,-0.0132211275129207
9653,-0.0104739516493028
9654,-0.00765261676994048
9655,-0.00563207568742428
9656,-0.0043343359748568
9657,-0.00320934230161413
9658,-0.00194097055413464
9659,-0.000626174863665435
9660,0.000333842486430467
9661,0.000511651690940275
9662,9.53974639330468E-05
9663,0.000327048994563203
9664,0.00266662625138361
9665,0.00705165407644417
9666,0.0113639766550167
9667,0.0132372591936243
9668,0.0123447339961071
9669,0.0104581648513837
9670,0.0093093790177502
9671,0.00892566058884122
9672,0.00816264464700187
9673,0.00629453753421255
9674,0.00365865213482615
9675,0.0010650536960969
9676,-0.000947519594147372
9677,-0.00235309116421509
9678,-0.00349395502827116
9679,-0.00467388969622036
9680,-0.00569021907660821
9681,-0.00599019975984168
9682,-0.00569853580959916
9683,-0.00626343112583257
9684,-0.0092897092281717
9685,-0.014426987197036
9686,-0.0190430622290993
9687,-0.0206170433017394
9688,-0.0192027697487083
9689,-0.0169920677115277
9690,-0.0156583573871596
9691,-0.0148413362796255
9692,-0.0132829626704229
9693,-0.0106602622039049
9694,-0.00779973843890293
9695,-0.00555335546980585
9696,-0.00406931683153861
9697,-0.00301261042887428
9698,-0.00200363980684874
9699,-0.000877717019591515
9700,9.55249546796566E-05
9701,0.000348352572540118
9702,-0.000117126276871201
9703,-2.13375766994736E-05
9704,0.00229697761250106
9705,0.00684813588233342
9706,0.0113491745657983
9707,0.0132498230328875
9708,0.0122537408275379
9709,0.0103154207401866
9710,0.00925190946898231
9711,0.00898247224265389
9712,0.00822332562925673
9713,0.00625599004826115
9714,0.00354505616207091
9715,0.0009820632335262
9716,-0.000942233232301761
9717,-0.00230568466866863
9718,-0.0034978257192468
9719,-0.00478613325278681
9720,-0.00590050618345283
9721,-0.00624094329397923
9722,-0.00591934707116807
9723,-0.00640359241531578
9724,-0.00934297633639414
9725,-0.0144303808851325
9726,-0.0190411978736758
9727,-0.0206234947023915
9728,-0.0192021125673932
9729,-0.0169770249620544
9730,-0.015649703495133
9731,-0.0148664060478892
9732,-0.0133520729648644
9733,-0.0107787547889345
9734,-0.00798781771291817
9735,-0.00582426265000724
9736,-0.00438294191811784
9737,-0.00327174950322451
9738,-0.00211091564025005
9739,-0.000792355382909243
9740,0.000350024379191437
9741,0.000704397088786961
9742,0.000240727498330087
9743,0.000224703169417435
9744,0.00235636939117703
9745,0.00674286026124162
9746,0.0111987849392917
9747,0.013199716683542
9748,0.0123795317735729
9749,0.0105661705240623
9750,0.00947339706092012
9751,0.00902781876551066
9752,0.00808226687065222
9753,0.00607658348097029
9754,0.00349401844609462
9755,0.00107956047881824
9756,-0.000815472769226644
9757,-0.00222835868735137
9758,-0.00338712954096489
9759,-0.00450164393133644
9760,-0.00543858913334246
9761,-0.0057602131387398
9762,-0.00556338660354605
9763,-0.0061516143593964
9764,-0.00906804350599859
9765,-0.0140701469796328
9766,-0.0186626659232727
9767,-0.0203249069586325
9768,-0.0189988596088806
9769,-0.0168086176894856
9770,-0.0154737165635391
9771,-0.0147024844376677
9772,-0.0132216635902386
9773,-0.010633896455927
9774,-0.00774418307380998
9775,-0.00547263687777212
9776,-0.00403088377891274
9777,-0.00304457166145784
9778,-0.00203180616764309
9779,-0.000799916895607543
9780,0.000283681140623394
9781,0.000544735816594467
9782,5.89716449047063E-06
9783,5.7983384796938E-05
9784,0.0023974177126288
9785,0.00693415643046763
9786,0.0112998635046901
9787,0.0130340456913022
9788,0.0120348750064515
9789,0.0103182014157582
9790,0.00952845397005164
9791,0.00935586763999972
9792,0.00847175026934929
9793,0.00631802512965387
9794,0.00353053426306533
9795,0.00102497756947251
9796,-0.000797012267442566
9797,-0.00208774572994857
9798,-0.00324384347119599
9799,-0.00451784739334304
9800,-0.00564320546027988
9801,-0.00602192834781607
9802,-0.00573354327705717
9803,-0.00619832005137003
9804,-0.00906422649195296
9805,-0.014097768815043
9806,-0.0187601923640494
9807,-0.0204884738514361
9808,-0.0191757458741641
9809,-0.0168985796580381
9810,-0.0154001907174101
9811,-0.0145122509329855
9812,-0.0130768148448354
9813,-0.0106613564160808
9814,-0.00789430043585663
9815,-0.00555240131526395
9816,-0.00388473561186524
9817,-0.00269634444433065
9818,-0.00165243259917729
9819,-0.000546452525023175
9820,0.000399157510848177
9821,0.000643460404208051
9822,0.000214287212233674
9823,0.000393351034342761
9824,0.00277586232087611
9825,0.00727793937169954
9826,0.0116153519302975
9827,0.013367950714741
9828,0.012362947998116
9829,0.0105103420992165
9830,0.00945800225889843
9831,0.00905803324529629
9832,0.00817428620344942
9833,0.00626984845054209
9834,0.00376604613598528
9835,0.00130991147715158
9836,-0.000747791215321647
9837,-0.00233185680682438
9838,-0.00358066409783707
9839,-0.00473303751635174
9840,-0.00571871692199316
9841,-0.0060605730562609
9842,-0.00574521729258952
9843,-0.00607779909985268
9844,-0.00878556998654604
9845,-0.0138094238786775
9846,-0.0186109005983379
9847,-0.0204335781335889
9848,-0.0190593811217818
9849,-0.0166925262703139
9850,-0.0152447944209853
9851,-0.0145060570039817
9852,-0.0131379451744677
9853,-0.0106614027849165
9854,-0.00785367207901421
9855,-0.00561436753856887
9856,-0.00412836447310957
9857,-0.00305496746120677
9858,-0.00200190927294398
9859,-0.000794822186098865
9860,0.000304883350063065
9861,0.000696839273702875
9862,0.000287937597631521
9863,0.000282095104965564
9864,0.00239641091933578
9865,0.00680513378750541
9866,0.011337096376875
9867,0.0133949547629463
9868,0.0125441477492322
9869,0.0106490971320391
9870,0.00953711136968092
9871,0.00919187971832771
9872,0.0083871855360087
9873,0.00642084876746424
9874,0.00372337238286825
9875,0.00114008279010512
9876,-0.000823463188271178
9877,-0.00216140403961945
9878,-0.00322241904861652
9879,-0.00437422819385353
9880,-0.00549517164506541
9881,-0.00597787201568228
9882,-0.00574031777531008
9883,-0.00610264726531754
9884,-0.008822009310235
9885,-0.0138464096467161
9886,-0.018647251337158
9887,-0.0204989949544591
9888,-0.0192064635828172
9889,-0.0169563889089195
9890,-0.0156062504203518
9891,-0.0148827179361176
9892,-0.0134077081279935
9893,-0.0107248079662873
9894,-0.0077104115282514
9895,-0.00537637190764097
9896,-0.00392555102305247
9897,-0.00292374880598416
9898,-0.00189511697981116
9899,-0.00069768491745005
9900,0.000325063383370558
9901,0.000589940227476971
9902,0.000122570062217897
9903,0.000182510959252307
9904,0.00238936866261606
9905,0.00679445097458393
9906,0.0112404530655122
9907,0.0132402432828913
9908,0.0123944326847048
9909,0.0104875881307591
9910,0.00929289459798031
9911,0.00886043773993537
9912,0.00805817164887308
9913,0.0061757005363022
9914,0.00355542247744549
9915,0.000994551104490812
9916,-0.000972583098106597
9917,-0.00230302857102187
9918,-0.00334616418244867
9919,-0.00447999737681218
9920,-0.00558065481970627
9921,-0.0060473067774432
9922,-0.00581491795690437
9923,-0.00619243089172221
9924,-0.00889616967976138
9925,-0.0138686114158198
9926,-0.0186388515262522
9927,-0.0205216056062532
9928,-0.0192624977105066
9929,-0.0169491768065139
9930,-0.0154491967256595
9931,-0.0146409796358398
9932,-0.0132850055522248
9933,-0.0108829344554747
9934,-0.00811413477701733
9935,-0.00583109464445797
9936,-0.00425865010191107
9937,-0.00311060275740801
9938,-0.00201252100402612
9939,-0.000788452783480474
9940,0.000304809979803162
9941,0.000688318141458672
9942,0.000293890824439211
9943,0.000307146120236107
9944,0.00238953006700954
9945,0.00670690156971198
9946,0.0111755614797187
9947,0.013295661092539
9948,0.0126084868956063
9949,0.0108330384001516
9950,0.00968321441982035
9951,0.00919179127999557
9952,0.00829570998162701
9953,0.00639741501295427
9954,0.00386817922968439
9955,0.00139905791987532
9956,-0.000596148316890572
9957,-0.00206222250385837
9958,-0.00322849142169585
9959,-0.00440007742640554
9960,-0.00549370750765076
9961,-0.00596958919240414
9962,-0.00575283405773626
9963,-0.00610622544074646
9964,-0.00874139055043672
9965,-0.0136385185699405
9966,-0.0183641812615155
9967,-0.0202639368628445
9968,-0.019105112272635
9969,-0.0169361816019675
9970,-0.0155072637281096
9971,-0.0146163637387242
9972,-0.0131110564822019
9973,-0.0106754484708334
9974,-0.00803147005291088
9975,-0.00585790813176204
9976,-0.0042191880379432
9977,-0.00292439782868716
9978,-0.00184692454789927
9979,-0.000871133914244585
9980,-1.42001933594359E-05
9981,0.000393951701855246
9982,0.000228971482011988
9983,0.000394877249829303
9984,0.00240301208529015
9985,0.00655317194314682
9986,0.0109536494733929
9987,0.0131002293331516
9988,0.0124021495140595
9989,0.010565201831088
9990,0.00944136956239255
9991,0.00912339216134714
9992,0.00839786333971901
9993,0.00648842409717566
9994,0.00380138782370072
9995,0.00122919338120578
9996,-0.000713370156522837
9997,-0.00208080155873477
9998,-0.00324167097005613
9999,-0.00447675747024106
