T,AI2_filter1
0,6.93715138533728E-22
1,4.8925893265967E-07
2,6.14848083079113E-07
3,-4.71886786342061E-07
4,-1.34788424199067E-06
5,2.34741030262489E-07
6,2.35402304580591E-06
7,5.28493004948922E-07
8,-3.59591672265678E-06
9,-3.24668498672289E-06
10,2.25924377104089E-06
11,4.17972797195223E-06
12,-2.24972924590526E-06
13,-7.58102151068857E-06
14,-1.08101036388805E-06
15,8.61585435754271E-06
16,3.94453750078804E-06
17,-1.00129691500181E-05
18,-9.0526739678192E-06
19,9.17371449462415E-06
20,1.48221972353999E-05
21,-5.6445636585603E-06
22,-2.00509086769703E-05
23,2.77697264344974E-07
24,2.56284632875464E-05
25,9.31134039590618E-06
26,-2.80990952892779E-05
27,-2.05865185445884E-05
28,2.95345402011493E-05
29,3.81036492690477E-05
30,-2.32600205038415E-05
31,-5.56916616765903E-05
32,1.55018044873926E-05
33,8.43861580472998E-05
34,3.91411898063027E-06
35,-0.000127440455487788
36,-3.71179361560499E-05
37,0.000235234826407407
38,0.000125660492584275
39,-0.000844855675170102
40,-0.00223129896926465
41,-0.00281655023424403
42,-0.00191997156626523
43,-0.000371379015585906
44,0.000300606204666391
45,-0.000202405993309631
46,-0.000241501150974413
47,0.00208605077244997
48,0.00663197240044919
49,0.0109851553539522
50,0.0127520445838055
51,0.0117891686278783
52,0.00997105132423229
53,0.00901295894378829
54,0.00891439700303108
55,0.00846266842671742
56,0.00677619468391079
57,0.00410112183640889
58,0.00136179938546989
59,-0.000732648350009411
60,-0.00216809875113694
61,-0.00342587768790778
62,-0.004821918080993
63,-0.00600706414284925
64,-0.00634853537368587
65,-0.00604567638779248
66,-0.00659667425081959
67,-0.00953122476014074
68,-0.0144812146396398
69,-0.0189924853140353
70,-0.0207056929945426
71,-0.0195469683552825
72,-0.0174138700670036
73,-0.0159151772201867
74,-0.0149625953786011
75,-0.0135557711072461
76,-0.0112828457726666
77,-0.00865832376807973
78,-0.00637433305604553
79,-0.00470844794208961
80,-0.00353415629681267
81,-0.00251908270446998
82,-0.0013766644705146
83,-0.000254786974392634
84,0.000253691272560464
85,-1.7331874672413E-05
86,5.09957549295149E-05
87,0.00214075142769023
88,0.00647736067876858
89,0.0109784925816913
90,0.0130594981326178
91,0.0122034297316172
92,0.0102395558009317
93,0.0091137581305
94,0.00895353607480046
95,0.00848451661816998
96,0.00677944424619277
97,0.00411987247482148
98,0.00141972743964383
99,-0.00067886522207247
100,-0.00215090208248463
101,-0.00339280178978833
102,-0.00473266341933273
103,-0.00595756652079013
104,-0.00648496823949706
105,-0.00635640687996755
106,-0.00689006837616249
107,-0.00964999454132248
108,-0.0144629235682106
109,-0.0189804036752247
110,-0.0207709451683437
111,-0.019659133336561
112,-0.0175421727655007
113,-0.0160781087810749
114,-0.0151718382480564
115,-0.0137662334782349
116,-0.0114277065459273
117,-0.00871214076642781
118,-0.00636877280400776
119,-0.00469843884446538
120,-0.00355782453595419
121,-0.00257951761736123
122,-0.00144977258496421
123,-0.000306792073586268
124,0.000262663085189633
125,9.30593728854755E-05
126,0.000259862207515849
127,0.00235213087194654
128,0.00654872550097293
129,0.0108715187768948
130,0.0129221552981296
131,0.0122340073021715
132,0.0104642948930846
133,0.00936617396821944
134,0.00910019192890577
135,0.00859681234651847
136,0.00701235070918367
137,0.00446982825645165
138,0.00170608716177665
139,-0.0005823434926211
140,-0.00215331689684614
141,-0.00330165213360371
142,-0.00447831494401745
143,-0.00564521737739438
144,-0.00624976174087949
145,-0.00622656378188166
146,-0.00679608936160497
147,-0.00952287655777853
148,-0.0143015038088305
149,-0.0188395043377175
150,-0.0206973044686345
151,-0.0196360265929183
152,-0.0175020187044699
153,-0.0159805757253929
154,-0.015058972554438
155,-0.0137134041834376
156,-0.0114415995812848
157,-0.00870939577339848
158,-0.0062690859468288
159,-0.00451377683775298
160,-0.0033648200021427
161,-0.00241950347763374
162,-0.00128971308401657
163,-0.00010935207390046
164,0.000450295866861508
165,0.00014685236552688
166,9.46034272075206E-05
167,0.00203356400928506
168,0.00627159909255072
169,0.0107971953242056
170,0.013029753882568
171,0.0123524034790234
172,0.0104566310511772
173,0.00925950113423385
174,0.00901729254939042
175,0.00859420299078721
176,0.00703217932144849
177,0.00444422090884188
178,0.0016559747652182
179,-0.000581197610302558
180,-0.00207735207700319
181,-0.0032179577898952
182,-0.00447093970933854
183,-0.00571468257970911
184,-0.00629143780617987
185,-0.00611737093586059
186,-0.00651578822968095
187,-0.00918755291974717
188,-0.0140617470833317
189,-0.0187503648230669
190,-0.0207108142672505
191,-0.0197083843660407
192,-0.0176493233983816
193,-0.0162068575574229
194,-0.0152939269876922
195,-0.0138924055990515
196,-0.0116137668066371
197,-0.00897846163202534
198,-0.00662349457437308
199,-0.00480553499272502
200,-0.00349762135575927
201,-0.00247801366432408
202,-0.00141396549276831
203,-0.000300177813965701
204,0.000303420243106365
205,6.99479125177546E-05
206,-2.32743358022362E-05
207,0.00179666948569704
208,0.00599329969255515
209,0.01060088040205
210,0.0129239888907541
211,0.0122604195979178
212,0.010360235480809
213,0.00920975443610623
214,0.00900862087995637
215,0.00853202115199014
216,0.00686460849543601
217,0.00424673448768358
218,0.00152525105219559
219,-0.00066011697211435
220,-0.00218443607691308
221,-0.00335537281927133
222,-0.00455788559332188
223,-0.00572070281062197
224,-0.00628232214885022
225,-0.00613623289279703
226,-0.00650175152323859
227,-0.00908063705462313
228,-0.0139324498239545
229,-0.0187316798600332
230,-0.0208154073370904
231,-0.0198097458262732
232,-0.0176675793299898
233,-0.0162253617827985
234,-0.0154317441646665
235,-0.014126367755393
236,-0.0118175551460646
237,-0.00910986195243839
238,-0.00677047565626491
239,-0.00503114025701904
240,-0.00373677299048247
241,-0.00264507940952147
242,-0.00153407221404689
243,-0.000441699934988515
244,0.000182304291591278
245,8.98273221156453E-05
246,0.000142039622199582
247,0.00194549982422423
248,0.00600270383894578
249,0.0105568740870555
250,0.0129919769630757
251,0.0124388078604276
252,0.0104831736167889
253,0.0091995115494131
254,0.00900352550548589
255,0.00870297777648417
256,0.00718894395835198
257,0.00455380207227848
258,0.00172007791703184
259,-0.000520217685026455
260,-0.00202671439173901
261,-0.00320251351401042
262,-0.00446824499509519
263,-0.00569802262559829
264,-0.00629657705564701
265,-0.00617285257079849
266,-0.00652316271724687
267,-0.0089888462359915
268,-0.0136653542104083
269,-0.0183866268573043
270,-0.020577860591725
271,-0.0197335019987254
272,-0.0176126923718232
273,-0.0160645916223448
274,-0.0152365456776748
275,-0.0140578146693849
276,-0.0118831080223418
277,-0.00915466347969138
278,-0.00671572425030195
279,-0.00499549302117293
280,-0.0038518817859083
281,-0.00284216281333019
282,-0.0016266346483945
283,-0.000388425017287118
284,0.000216282071674854
285,-4.42943702504019E-05
286,-0.000105775590748565
287,0.00174906132678798
288,0.00592453926654885
289,0.0105337871747815
290,0.0129730133431841
291,0.0124565403759518
292,0.0105581561983902
293,0.00925165834479702
294,0.00892897463993921
295,0.00851998646493022
296,0.00704859696508508
297,0.00459038565419856
298,0.00191748755418723
299,-0.000303282590076987
300,-0.00191778840762438
301,-0.00321457103191982
302,-0.00452237840972449
303,-0.00572123096066381
304,-0.00628904017437154
305,-0.00618654869380249
306,-0.00658543623156197
307,-0.00905564561305964
308,-0.0136585363889787
309,-0.018284873262282
310,-0.0204688746125304
311,-0.0197580143974104
312,-0.0178341477522721
313,-0.0163895953141091
314,-0.0154865524560256
315,-0.0141392483474067
316,-0.0118738501972343
317,-0.00919388368511096
318,-0.00681573367978574
319,-0.00500931185374076
320,-0.00365266427283853
321,-0.00249571887383905
322,-0.00133342187116978
323,-0.000266194668236145
324,0.000232115574628348
325,-1.68705796166733E-05
326,-6.04042238194782E-05
327,0.00172147883074068
328,0.00577910713504694
329,0.010330104257822
330,0.0127893395323745
331,0.0123073548545465
332,0.0104244875003985
333,0.0091481292409432
334,0.00889526800075446
335,0.00856444393357048
336,0.00714069668820154
337,0.00470355428272015
338,0.00204305870364156
339,-0.000183936562249873
340,-0.00183876893549626
341,-0.00318971000296109
342,-0.00452987537889328
343,-0.00573656511290335
344,-0.00630454364924962
345,-0.00618063312946277
346,-0.00650736762130984
347,-0.00888658908080915
348,-0.0134742038725561
349,-0.0181983603486947
350,-0.0204874748999172
351,-0.0197422026317156
352,-0.0176470369665403
353,-0.0160759045366511
354,-0.0152530049901909
355,-0.0141394976781621
356,-0.0120446946697359
357,-0.00933581700317442
358,-0.00682283888632243
359,-0.00498452710580005
360,-0.0037850288484264
361,-0.00284525843067951
362,-0.00175812316565617
363,-0.000558005340932338
364,0.000150731913175421
365,-7.02852948055113E-06
366,-0.000159653991933014
367,0.00141474717740056
368,0.00535440750438186
369,0.00998281054749312
370,0.0126496229890845
371,0.0123462714473219
372,0.0105255472704874
373,0.00925428469318816
374,0.00905148937200179
375,0.00880648701770432
376,0.00738681323806919
377,0.00481382311726288
378,0.00198534575385591
379,-0.000284055154692431
380,-0.00184440526888871
381,-0.00311468847129776
382,-0.00450879636615227
383,-0.0058456348236242
384,-0.00646244816685875
385,-0.00624321528227077
386,-0.00642762253790706
387,-0.00875635101072876
388,-0.0134251327692257
389,-0.0182853181065044
390,-0.0206592338398886
391,-0.0199023620544924
392,-0.0177430460990694
393,-0.016142565837214
394,-0.0153696950292405
395,-0.0143352045802627
396,-0.0122535514767751
397,-0.00946656038957987
398,-0.00686631904029396
399,-0.00501994350246067
400,-0.00386655940141046
401,-0.00291542407915285
402,-0.0017106226188679
403,-0.000377455668876328
404,0.000351381182402661
405,8.78918502237133E-05
406,-0.000183559905672096
407,0.00136458217799883
408,0.00536948596787195
409,0.0100837875326684
410,0.0128049633805362
411,0.0125095468772223
412,0.0106387609798309
413,0.0092584778870037
414,0.00894330108827028
415,0.00867923723420473
416,0.00737119096819104
417,0.00495902043354803
418,0.00221841657764524
419,-6.61754278173763E-05
420,-0.00166649431159913
421,-0.00292870365059902
422,-0.00428915784938997
423,-0.00563647248823296
424,-0.00632098778942771
425,-0.00616434626807022
426,-0.00634323826460654
427,-0.00859399300841051
428,-0.0131550536475051
429,-0.0179355884486562
430,-0.0203178614289601
431,-0.0196888955676571
432,-0.0177206567381191
433,-0.0162315191981072
434,-0.0153857569839898
435,-0.0141637627378502
436,-0.0119791431095107
437,-0.00928676053146416
438,-0.00687297824294818
439,-0.00511405277510637
440,-0.00390972543097777
441,-0.00290384828530098
442,-0.00173182482131042
443,-0.000430434286373774
444,0.000382241067898959
445,0.000244485862564765
446,-5.43181110428696E-05
447,0.00127590713058828
448,0.00507464101710938
449,0.00978157746165113
450,0.0126295122424437
451,0.0123959053066532
452,0.0104752707288233
453,0.00907379630608032
454,0.00885314257706417
455,0.00870095482139385
456,0.00739989510980004
457,0.00492183953187105
458,0.00215344603758389
459,-0.000109896620082312
460,-0.00171724314360698
461,-0.00302678730617808
462,-0.00440022765275009
463,-0.00570495020107805
464,-0.00636869994776692
465,-0.00625428208593857
466,-0.0064629028213231
467,-0.00866588611063254
468,-0.0131764288404795
469,-0.0180182258645672
470,-0.020535891089753
471,-0.0199472542651256
472,-0.0178456078295614
473,-0.0161687033031945
474,-0.0152459756248798
475,-0.0140804421796351
476,-0.0119776682044156
477,-0.00929592983779119
478,-0.00680447026056507
479,-0.00490998602538355
480,-0.00357526829564281
481,-0.0025475627298092
482,-0.00153487892442716
483,-0.000493767279211111
484,0.000177871166523542
485,0.000168607497780753
486,0.000163370819371496
487,0.00168301536621039
488,0.00542403492055696
489,0.00996245121709767
490,0.0127748366069292
491,0.0127021557013432
492,0.0109626729055604
493,0.00957407232342181
494,0.00921530213939181
495,0.00894598512706875
496,0.00764693693018675
497,0.00521488688386578
498,0.00242148888498502
499,6.79980983752069E-05
500,-0.00159507305313284
501,-0.00288065082077812
502,-0.00421214493582198
503,-0.00552758431831685
504,-0.0062435409588764
505,-0.00616259813003456
506,-0.00636231107230626
507,-0.00854565426966597
508,-0.0130698865504088
509,-0.0179823823178088
510,-0.020618645478419
511,-0.0201420144512915
512,-0.0180699903005226
513,-0.0163307184398899
514,-0.0153643135915589
515,-0.0143033670102881
516,-0.0124227439418099
517,-0.00987855191404253
518,-0.00728850099868754
519,-0.00514994748373294
520,-0.00365089841021104
521,-0.00261804009544636
522,-0.00161591063054474
523,-0.000469366903455886
524,0.000329293397654907
525,0.000263460153591938
526,-4.90941255232015E-06
527,0.0012647018905702
528,0.00496862353928449
529,0.00962973191746855
530,0.0125177270224511
531,0.0123886460643821
532,0.0105781943205478
533,0.00923710060969934
534,0.00902869479550272
535,0.00890733998680218
536,0.00770127151506523
537,0.00531510933913631
538,0.00251061455136124
539,7.6063562408447E-05
540,-0.00167009922825184
541,-0.00293344214880757
542,-0.00415398707716331
543,-0.0054327024546666
544,-0.00627306610597423
545,-0.00632025620173899
546,-0.00642676330468051
547,-0.00832259631564467
548,-0.0126440804187668
549,-0.017618436928623
550,-0.0204477771978273
551,-0.0200723125711824
552,-0.0180097208011158
553,-0.016343945821948
554,-0.0155086562387496
555,-0.0144306988157178
556,-0.0123095428583445
557,-0.0095376750110032
558,-0.00699691351896419
559,-0.00512122909610539
560,-0.00380313358315189
561,-0.00273887798003623
562,-0.00164995542702421
563,-0.000522311566244048
564,0.000203189178139506
565,0.000122500338801914
566,-0.000139874502405248
567,0.00106559749046111
568,0.004711594398902
569,0.00949988973884549
570,0.0126919386350205
571,0.0127917214162594
572,0.0109362811291169
573,0.00936173433909865
574,0.0089481163533994
575,0.00872275193571716
576,0.00744415218493272
577,0.00501145314736517
578,0.00227615292774888
579,1.61136103787051E-05
580,-0.00163175868960584
581,-0.00300344336182599
582,-0.00441449714360489
583,-0.00572283077616078
584,-0.00637641243077149
585,-0.00620624546838119
586,-0.00623594724014934
587,-0.00815908453901127
588,-0.0124882263425182
589,-0.017452106787683
590,-0.0203546137376355
591,-0.0201326721851023
592,-0.0181492662699808
593,-0.016392969934214
594,-0.015424589268536
595,-0.0143747077191505
596,-0.0124482009073323
597,-0.00982465081909437
598,-0.0072274980376994
599,-0.00518510854774632
600,-0.003798285894334
601,-0.00281243439896729
602,-0.00180344256146874
603,-0.000637057675129123
604,0.000192583427489776
605,0.000161841137307901
606,-0.000125073852869218
607,0.00104223303044597
608,0.00465102295798594
609,0.00936377839881287
610,0.0124622746920176
611,0.0125500272102721
612,0.0108082796248185
613,0.0093842431465854
614,0.0090530967714167
615,0.0088591663652616
616,0.00763740469166801
617,0.00525735526719315
618,0.00244825131822193
619,-1.87013155033723E-05
620,-0.00180940476511968
621,-0.00307679007788824
622,-0.00423026758672373
623,-0.00542606653472625
624,-0.00625669381592602
625,-0.00635391968798727
626,-0.00643788043235854
627,-0.00816537507952647
628,-0.0123054602841464
629,-0.0172971379632509
630,-0.0203616160474191
631,-0.020220544193867
632,-0.018203114911388
633,-0.0164617922148981
634,-0.0156332518381769
635,-0.0146938671190678
636,-0.0126918664770463
637,-0.00990312501339652
638,-0.00727814793089914
639,-0.00536667832635449
640,-0.00404255232399914
641,-0.0029127849170391
642,-0.00172218088609449
643,-0.000577695289928262
644,6.01347873363789E-05
645,-7.57227589502525E-05
646,-0.000264460304389625
647,0.00104661680223734
648,0.00467882111111433
649,0.00935981572311256
650,0.0125325972940183
651,0.0127881331991891
652,0.0111302670129734
653,0.00960915429134903
654,0.00909255979521141
655,0.00876584720612453
656,0.00751453368783228
657,0.00519800701302754
658,0.00253400786888598
659,0.000238150600705652
660,-0.00147664585124224
661,-0.00283090636613648
662,-0.00413257990818325
663,-0.00536356388645803
664,-0.00608458189657338
665,-0.00607833168636651
666,-0.00619577785252839
667,-0.0080340900429418
668,-0.0122088520208291
669,-0.0171378414252196
670,-0.0201907188312975
671,-0.0201965949653449
672,-0.0183766724531072
673,-0.0166727270247352
674,-0.0156787029855606
675,-0.0145672754713177
676,-0.0125819216340733
677,-0.00994950336901457
678,-0.00740930473759053
679,-0.00543391615397562
680,-0.00404851933367076
681,-0.00299520047465359
682,-0.00191680260111774
683,-0.000725199324199961
684,9.00301294486396E-05
685,-4.12687408200417E-06
686,-0.000437334947253807
687,0.000551467510450534
688,0.00413084782641224
689,0.00910151366493161
690,0.0126235923797268
691,0.0129823993376343
692,0.0111729048941647
693,0.00948516963093365
694,0.00898149514596957
695,0.00881708391302712
696,0.00770484422390261
697,0.00538052495329042
698,0.00257883967484185
699,0.00011750202916296
700,-0.00171349536650371
701,-0.00312945895903376
702,-0.00446039860815951
703,-0.00567791314933119
704,-0.00631696437355374
705,-0.0061898555519082
706,-0.00624149596872018
707,-0.00813200115063965
708,-0.0124240231160704
709,-0.0174141961879891
710,-0.0204111314624855
711,-0.0202931547572045
712,-0.0183704466848279
713,-0.0166329189585097
714,-0.0156761057880121
715,-0.0146511412278342
716,-0.0127517962631881
717,-0.0101349939980171
718,-0.00751203238436162
719,-0.00541762305416091
720,-0.00397567669798679
721,-0.00296119483627953
722,-0.0019594833857423
723,-0.00080575245240694
724,4.83821678792767E-05
725,6.96818505033813E-05
726,-0.000218827755289961
727,0.000824069129776096
728,0.0042400584194884
729,0.00885953827213213
730,0.0120834686045355
731,0.0124406185117437
732,0.0108988686126655
733,0.00946605716854094
734,0.00898717174002397
735,0.00869609808013824
736,0.00753752369071206
737,0.00532582312531811
738,0.00265972515222863
739,0.000231991974956229
740,-0.0016140753100026
741,-0.00298212064547553
742,-0.00423461489992662
743,-0.00549357020125861
744,-0.00633262825840095
745,-0.00638593743068845
746,-0.00639210583635968
747,-0.00803333439421836
748,-0.0121182275882865
749,-0.0171397408356011
750,-0.0203381370789077
751,-0.0203568665816335
752,-0.0183823414119297
753,-0.0165102970270131
754,-0.0155108850203548
755,-0.0145680188352211
756,-0.0127617929459064
757,-0.0101542054843224
758,-0.00748146939978885
759,-0.00535849619796462
760,-0.00393742693483846
761,-0.00294893332580165
762,-0.00191270710765119
763,-0.000632146598204231
764,0.000396905209866885
765,0.000515700500545828
766,0.000132451047034454
767,0.000929134392466089
768,0.00415398788577834
769,0.00880389967751707
770,0.0122061032225371
771,0.0126630485494204
772,0.0110534338571077
773,0.00953991340292717
774,0.00913877838795132
775,0.00902864281948305
776,0.00795168321709112
777,0.00564869717453177
778,0.00285043006313035
779,0.000384905916100435
780,-0.00143286128072409
781,-0.00280827682635847
782,-0.00411315513711033
783,-0.00539907201073828
784,-0.00622262846952915
785,-0.00627287520577274
786,-0.00630414236664818
787,-0.00793992960671993
788,-0.0119654882284187
789,-0.0169569302972652
790,-0.0202438427807299
791,-0.0204325954157135
792,-0.0185771848510114
793,-0.0166945046646286
794,-0.0155970260139716
795,-0.0145595045422814
796,-0.0127184876415988
797,-0.010150309862402
798,-0.00757368203743498
799,-0.00553937285887976
800,-0.0041152071836605
801,-0.0030229381579695
802,-0.00189404704331744
803,-0.000657137917476326
804,0.000202658909981729
805,0.000166898059661681
806,-0.000245001151052712
807,0.000631392989738128
808,0.0039716715957278
809,0.00875364569373765
810,0.0123155771299809
811,0.0129035039097789
812,0.011288385104353
813,0.00961494325522927
814,0.00903910051442785
815,0.00890648341421956
816,0.00796880950464239
817,0.00581094850270778
818,0.00302755505413942
819,0.000480989220772316
820,-0.00137070374633685
821,-0.00267022840414758
822,-0.00388221998169921
823,-0.00518040370782491
824,-0.00610735272949431
825,-0.00620911101357936
826,-0.00613920358591883
827,-0.00758672001989095
828,-0.0114992767582466
829,-0.0165434095641079
830,-0.0200000414865338
831,-0.020372118574154
832,-0.0186556787958574
833,-0.0168602736988472
834,-0.0157952146099373
835,-0.0147333156880917
836,-0.0128380932178886
837,-0.0102280570993269
838,-0.00763144296719626
839,-0.00557707471297556
840,-0.00413793738415099
841,-0.00308250176676829
842,-0.00205207571631586
843,-0.000884355479833837
844,5.37851911704684E-05
845,0.000241292984809283
846,4.62216150412039E-05
847,0.000983221321398695
848,0.00423205189107381
849,0.00889897353304623
850,0.0124171778641478
851,0.0130169947959557
852,0.0114176344676418
853,0.00975993381287152
854,0.00921412606831554
855,0.00909165804349379
856,0.00809218637294032
857,0.00582274535862529
858,0.00297263958122888
859,0.000453379550435238
860,-0.00134680513904808
861,-0.00267282055967072
862,-0.00398929936450452
863,-0.00536190567918387
864,-0.00624581815616567
865,-0.00622126624479267
866,-0.00606245556103542
867,-0.00754941747718064
868,-0.0116130820240236
869,-0.0168133350900929
870,-0.0203235665377944
871,-0.0206288552144076
872,-0.0188100559612925
873,-0.0169791866987861
874,-0.0159681662756823
875,-0.0149890050457581
876,-0.0131427988223715
877,-0.0105384225328272
878,-0.00792396517713489
879,-0.00584051532300527
880,-0.00436697854799659
881,-0.00327017528283688
882,-0.00216035131431325
883,-0.000843965399592402
884,0.000247689921091356
885,0.000422182702413754
886,-5.40440165186933E-05
887,0.000485402091677737
888,0.00353589649713761
889,0.00836382363581326
890,0.0122359858305787
891,0.0130829048506596
892,0.0114985172864094
893,0.00973010110026853
894,0.00909505749104538
895,0.00894856543977265
896,0.00797107692583762
897,0.00576360655338264
898,0.00300369898341583
899,0.000553774489503955
900,-0.00123127243015391
901,-0.00256195158104447
902,-0.00385518385484737
903,-0.00520468049513909
904,-0.00613671760233341
905,-0.00622087635564932
906,-0.00611033792516189
907,-0.0074912540661436
908,-0.0113614869145375
909,-0.0164539253609887
910,-0.0200305555676831
911,-0.0204849212957503
912,-0.0187408150269779
913,-0.0168700804037923
914,-0.0158091245706504
915,-0.0148682244680132
916,-0.0131111978608075
917,-0.0105291172462256
918,-0.00782371784848039
919,-0.00560875995082453
920,-0.00406169795996937
921,-0.00299155614001726
922,-0.00200542050000463
923,-0.000876439627375946
924,6.30082916789498E-05
925,0.000255884517389039
926,-1.86920617992223E-05
927,0.000700015259059274
928,0.00366311375056786
929,0.00815251128308182
930,0.0117336898034895
931,0.0125910921146574
932,0.011251865209071
933,0.00969479593768806
934,0.00909669424820935
935,0.00891145697885856
936,0.00796571064305763
937,0.00586609321181039
938,0.00319321978217727
939,0.000753507383522189
940,-0.00107200948269292
941,-0.00244997324164661
942,-0.00378750566080635
943,-0.00518764971509711
944,-0.00617009212224033
945,-0.00626908950277878
946,-0.00610255128885584
947,-0.00737787582285241
948,-0.0111863044744406
949,-0.0163417892509034
950,-0.0200669931142729
951,-0.0206196105020545
952,-0.0188435191760656
953,-0.0168684833348806
954,-0.0157289274652373
955,-0.0147574257000229
956,-0.012998951917307
957,-0.010471738352376
958,-0.00790492044212378
959,-0.00583220268758205
960,-0.00429429785438069
961,-0.00308481145526388
962,-0.0019496201833338
963,-0.000778390790962578
964,0.000120873781671112
965,0.000255464774395181
966,-0.000104377048900007
967,0.000500553701963238
968,0.00343051024062086
969,0.00806545061812787
970,0.0118599849239607
971,0.0127591589695584
972,0.0112331443951883
973,0.00948452575519813
974,0.00891095941217218
975,0.00890909043630017
976,0.00807705832929293
977,0.0059260882785896
978,0.00314365868549647
979,0.000643308757724275
980,-0.00121372750560663
981,-0.00263660163827857
982,-0.00398561213521987
983,-0.00530542641151754
984,-0.00616659682598476
985,-0.00621466006780171
986,-0.00608929509839355
987,-0.00740999292049498
988,-0.0112052213469249
989,-0.0163349055722553
990,-0.0200912070601488
991,-0.0207085502901984
992,-0.018943540040296
993,-0.016906218047529
994,-0.0157204584659329
995,-0.0147993364924314
996,-0.0131384342433043
997,-0.010624981788708
998,-0.00794554675107784
999,-0.00575250925931739
1000,-0.00423474170813087
1001,-0.00318405775559214
1002,-0.00219431839939966
1003,-0.00103183181439635
1004,-3.94448123585581E-05
1005,0.000168922240453304
1006,-0.000185285756668254
1007,0.000416934485910845
1008,0.00339709297307391
1009,0.00811165586291231
1010,0.0119458615336878
1011,0.0128138942611483
1012,0.0112117424200894
1013,0.00938364057759435
1014,0.00876171906875148
1015,0.00877451389232195
1016,0.00803238291739675
1017,0.00600786993738176
1018,0.00331827737063765
1019,0.000847687844878102
1020,-0.0010038119640767
1021,-0.00240860366796894
1022,-0.00376952961814207
1023,-0.00520633434724593
1024,-0.00626680682147672
1025,-0.00644127652734671
1026,-0.00622635596589252
1027,-0.00727943505343356
1028,-0.0108348416955236
1029,-0.0159372490030104
1030,-0.0198855568181326
1031,-0.0207660117167134
1032,-0.0191717054636998
1033,-0.0171425824964389
1034,-0.0158468965588297
1035,-0.0148154429267355
1036,-0.0131479632770324
1037,-0.0107281990510584
1038,-0.00812668161798545
1039,-0.0058981628585762
1040,-0.00428346412699095
1041,-0.00321985485026797
1042,-0.00233795607645589
1043,-0.00125775223787691
1044,-0.000182781854209867
1045,0.000185879856463121
1046,-0.000170621142340248
1047,0.000186479748726195
1048,0.00290675577161197
1049,0.00764185284432095
1050,0.0117869146686248
1051,0.0129626048247946
1052,0.0114137740764715
1053,0.00945504516476116
1054,0.00878090270295538
1055,0.00892003679551128
1056,0.00830063676087189
1057,0.00618625171366166
1058,0.00324220677691566
1059,0.000603816675887794
1060,-0.00117504730251745
1061,-0.0023682459642444
1062,-0.00357832103944459
1063,-0.00499721578589516
1064,-0.0061004794969996
1065,-0.0063113732124583
1066,-0.00613912527390848
1067,-0.00726094288486754
1068,-0.0108695820772883
1069,-0.0159493093298637
1070,-0.0197955635577853
1071,-0.0205548890173845
1072,-0.0188956114077446
1073,-0.0169032204649908
1074,-0.0157282692724527
1075,-0.0148086167424669
1076,-0.0131383825939842
1077,-0.0105999700278137
1078,-0.00789270632097659
1079,-0.00568645530213594
1080,-0.00417377914503256
1081,-0.0031377272860521
1082,-0.00215023140528093
1083,-0.000935729386740851
1084,0.000187090062482671
1085,0.000527648066614857
1086,0.00013172193216887
1087,0.000425724850053145
1088,0.00301459012251774
1089,0.00761750513905333
1090,0.0117805342896007
1091,0.0131445320799398
1092,0.0117597559791196
1093,0.00974530836282977
1094,0.00884829999712794
1095,0.00884307222678047
1096,0.00830942108005995
1097,0.00641699443083939
1098,0.00362996778077385
1099,0.000979828455745677
1100,-0.000950907187802276
1101,-0.00235909361102844
1102,-0.00376691843083067
1103,-0.00528256664618087
1104,-0.00633854523276497
1105,-0.00640953497618847
1106,-0.0061111414339364
1107,-0.00717855080386797
1108,-0.0107872689287759
1109,-0.0158990117369564
1110,-0.0198168001149838
1111,-0.0206700643086599
1112,-0.0190599857898726
1113,-0.0170345489507164
1114,-0.0158066747940152
1115,-0.0149101895796899
1116,-0.013348207203245
1117,-0.0109180379558169
1118,-0.00824103171070021
1119,-0.00597599841135805
1120,-0.00434158709793717
1121,-0.00315910722121111
1122,-0.00206613995580061
1123,-0.000851198441791987
1124,0.000189742451911632
1125,0.000482385611171349
1126,0.000151177631017833
1127,0.000552047115062563
1128,0.0031456644534313
1129,0.00761085209202277
1130,0.0116095940557925
1131,0.0129267473337027
1132,0.0116456247455699
1133,0.00980062179787173
1134,0.00902392134579918
1135,0.009022065754417
1136,0.00838210412578657
1137,0.00634651344343597
1138,0.00347018328710433
1139,0.000829213131051955
1140,-0.0010197245058558
1141,-0.0023334710371127
1142,-0.00367480872358121
1143,-0.0051532634723231
1144,-0.00617659014879402
1145,-0.00619926962825068
1146,-0.00585036613925507
1147,-0.00690689458975564
1148,-0.0105620022805015
1149,-0.0157348705700235
1150,-0.0196755557821407
1151,-0.0205288280750066
1152,-0.0189568491676196
1153,-0.0170109834227077
1154,-0.0158353121793113
1155,-0.0149388749926494
1156,-0.0133947945447693
1157,-0.0110383589590821
1158,-0.00839721120706848
1159,-0.00604147000302789
1160,-0.0042924255154587
1161,-0.00316365198706344
1162,-0.00227632744722299
1163,-0.00116418367539906
1164,1.9367796252492E-05
1165,0.000497393870114732
1166,0.00011533452422427
1167,0.000282745824965758
1168,0.00278714518964763
1169,0.00744685320420381
1170,0.0116803431038992
1171,0.0129916533830624
1172,0.0115203647451628
1173,0.00957515692199431
1174,0.00889162750441897
1175,0.00902755004649514
1176,0.00845171294557768
1177,0.00647923175941816
1178,0.00374058638028883
1179,0.00120610012540462
1180,-0.000708641339177506
1181,-0.00219444413147766
1182,-0.003613543495564
1183,-0.00503991584168474
1184,-0.00606686508167001
1185,-0.00625292937002608
1186,-0.00604367711494527
1187,-0.0069804275022395
1188,-0.0103329109463912
1189,-0.0153638567506964
1190,-0.0195089300841284
1191,-0.0207106123924372
1192,-0.0193068567829502
1193,-0.0172773126999667
1194,-0.0159435207362699
1195,-0.014948017254821
1196,-0.013326477211759
1197,-0.0108641607041103
1198,-0.0081501654752564
1199,-0.00582313114816557
1200,-0.00416452435091379
1201,-0.0031202453797989
1202,-0.0023316475334737
1203,-0.00136351544340789
1204,-0.000275367779753632
1205,0.00028995650057911
1206,0.0001282332032953
1207,0.000418463162591977
1208,0.0028261143816865
1209,0.00733216012598112
1210,0.0115890441035788
1211,0.0130884706598323
1212,0.0117349022009071
1213,0.00970371976249177
1214,0.00886264743391189
1215,0.00895553681608174
1216,0.0084225341207732
1217,0.0063923984745576
1218,0.00344393578136248
1219,0.000747201130410381
1220,-0.0010619806972694
1221,-0.00221799668201058
1222,-0.00336594450676001
1223,-0.00479154368861004
1224,-0.0060033087043897
1225,-0.00629599790906013
1226,-0.00597779976849202
1227,-0.00671279852005199
1228,-0.0099852035238902
1229,-0.0151182701287705
1230,-0.0194131437184804
1231,-0.0206602765391906
1232,-0.0191971426560375
1233,-0.0171344384239011
1234,-0.0158926980381811
1235,-0.0150644605272014
1236,-0.0135420366645572
1237,-0.0110425256080672
1238,-0.00824983794363947
1239,-0.00594381588461528
1240,-0.00439347276899672
1241,-0.00336229242197878
1242,-0.00237188587701557
1243,-0.0011271990827543
1244,4.49577299104456E-05
1245,0.000435468639185585
1246,6.22982628214298E-05
1247,0.000329336407645145
1248,0.00285698795612059
1249,0.00742229069615669
1250,0.0116308317607477
1251,0.0131372455954284
1252,0.0119420447157378
1253,0.0100663169242305
1254,0.00916820362532507
1255,0.009027918741397
1256,0.00834813880852292
1257,0.00642551800035526
1258,0.00371496801355393
1259,0.00113285990033015
1260,-0.000776943446530097
1261,-0.0021129607698984
1262,-0.00334751396476683
1263,-0.004739672368856
1264,-0.00589555498592624
1265,-0.00618686797919696
1266,-0.00590513858385267
1267,-0.00665970674439454
1268,-0.00991703074191998
1269,-0.0150206084974508
1270,-0.0192919294391639
1271,-0.0205336923268651
1272,-0.019092122971707
1273,-0.0170571385326255
1274,-0.0157902989327152
1275,-0.0148643916187133
1276,-0.0132713517280495
1277,-0.0108637604773378
1278,-0.0082918814066393
1279,-0.00609830015023763
1280,-0.00438048537056371
1281,-0.00305386815661196
1282,-0.00197550564709927
1283,-0.000958132748978966
1284,-6.7428665989173E-05
1285,0.000281503238773697
1286,6.62090690700389E-05
1287,0.000407779462161008
1288,0.00279992105804441
1289,0.00719623448868718
1290,0.0114072461930111
1291,0.0130445193390536
1292,0.0119143865577528
1293,0.00998331509761282
1294,0.00905479069870249
1295,0.00902581493119193
1296,0.00850911906428483
1297,0.00661820795464338
1298,0.00376928221275761
1299,0.00103377048783573
1300,-0.000887266012132221
1301,-0.00211464500869522
1302,-0.00327938292469634
1303,-0.00473865719278152
1304,-0.00603435700215487
1305,-0.00640945809227045
1306,-0.00611139042086908
1307,-0.00680552025012028
1308,-0.0100166369443161
1309,-0.0150967784450161
1310,-0.0193680391845353
1311,-0.0206547087365259
1312,-0.0193066714780706
1313,-0.0173772668798537
1314,-0.0161962613666037
1315,-0.0153320189558617
1316,-0.0137469297091998
1317,-0.0112293978571372
1318,-0.00844700864657176
1319,-0.00611377319695025
1320,-0.00448996644325219
1321,-0.00341001815197117
1322,-0.0024545354370656
1323,-0.00129724490346648
1324,-0.000177135373860531
1325,0.000246300784010219
1326,-4.43355940358105E-05
1327,0.000267019377628298
1328,0.00272802714645889
1329,0.00711541649272858
1330,0.0111234879480881
1331,0.0125342756298256
1332,0.011418027654683
1333,0.00975236418158763
1334,0.00908730966205
1335,0.00912753014384179
1336,0.00856485956700169
1337,0.00669952227144468
1338,0.00396548815799587
1339,0.00126915474390179
1340,-0.000795841055830275
1341,-0.00224040465401033
1342,-0.00349073810144105
1343,-0.00484247765583754
1344,-0.00597587684330013
1345,-0.00629082346226638
1346,-0.00602904104662648
1347,-0.00673003727221038
1348,-0.00986353320502317
1349,-0.0148703783137136
1350,-0.0191679743152622
1351,-0.0205408365796768
1352,-0.0192233719183574
1353,-0.0172419715457587
1354,-0.016015703214479
1355,-0.0151874593851239
1356,-0.0136992345783508
1357,-0.01128787969904
1358,-0.00860441562177115
1359,-0.00634524556183795
1360,-0.00472587511538077
1361,-0.00358241280856725
1362,-0.00258385950023904
1363,-0.00146252618749453
1364,-0.000380356636287124
1365,9.60350878373662E-05
1366,-0.000134870052521179
1367,6.62413344537843E-05
1368,0.00228791795024751
1369,0.00662252898099312
1370,0.0109686919872552
1371,0.0128635480176355
1372,0.011913174916499
1373,0.0099618937343069
1374,0.00890420712743919
1375,0.00882320353155326
1376,0.00839437379619412
1377,0.00662948062162085
1378,0.00382748055510477
1379,0.00104009274046583
1380,-0.000981227018840626
1381,-0.0022943218433021
1382,-0.00346803821905972
1383,-0.00483196881560146
1384,-0.00599208862316151
1385,-0.00630337615353331
1386,-0.0060263026844976
1387,-0.00670695672419856
1388,-0.00980131304859486
1389,-0.0147919363605313
1390,-0.0191768984448817
1391,-0.0207209418984586
1392,-0.019493573435665
1393,-0.0173933136674351
1394,-0.0159418965225598
1395,-0.015028714209216
1396,-0.0136864372669157
1397,-0.0114590931471901
1398,-0.00875270137526675
1399,-0.00627309074183102
1400,-0.00448485238090236
1401,-0.0033960178347814
1402,-0.00256134978971727
1403,-0.00147346947344775
1404,-0.000234991065566168
1405,0.000412062604108356
1406,0.000197673541690397
1407,0.00029585331461061
1408,0.00244129477618409
1409,0.00676889752524182
1410,0.0110875255467241
1411,0.0128803243905692
1412,0.0118304501825075
1413,0.00987900754311502
1414,0.00890376815789028
1415,0.00890153201235852
1416,0.00852347064553157
1417,0.00682320042922173
1418,0.00409818069192382
1419,0.0013346936714434
1420,-0.000737253906719869
1421,-0.00210961062120888
1422,-0.00331141318815992
1423,-0.00473890001484005
1424,-0.00605659191005985
1425,-0.00652393786008617
1426,-0.00623545707893153
1427,-0.00673465173629119
1428,-0.00968196869887283
1429,-0.0147327116193559
1430,-0.0193221848588109
1431,-0.021015652833098
1432,-0.0197899945670627
1433,-0.0176188399289972
1434,-0.0161200554377527
1435,-0.0151938752054367
1436,-0.0138491162465532
1437,-0.0116344185676674
1438,-0.00895283206244713
1439,-0.00645669980746685
1440,-0.00456632746496793
1441,-0.00333875194562425
1442,-0.00244167943895264
1443,-0.00142375325497989
1444,-0.00032531909779245
1445,0.000221848537901567
1446,-1.01679179661424E-05
1447,9.30962941372761E-05
1448,0.00219200654615381
1449,0.00645089846113496
1450,0.0108129862738812
1451,0.0128422137907236
1452,0.012099944164795
1453,0.0102829157704469
1454,0.00917161502199799
1455,0.00894750905213184
1456,0.00852254321907983
1457,0.00697639050551836
1458,0.00437728684301577
1459,0.0015235570138858
1460,-0.000774503042400147
1461,-0.00227544577106954
1462,-0.00339947242486379
1463,-0.00465003954861828
1464,-0.00585812008382177
1465,-0.00633535556624663
1466,-0.00610390861343761
1467,-0.00661572672827648
1468,-0.00950404057074372
1469,-0.0144654087513752
1470,-0.0189980287339503
1471,-0.020704019043847
1472,-0.0195534485773934
1473,-0.0174822227796222
1474,-0.0160581248349006
1475,-0.0151390403465063
1476,-0.0137338370226768
1477,-0.0114596109404912
1478,-0.00880835863318923
1479,-0.00643639256813263
1480,-0.00465143008647516
1481,-0.00339914200633206
1482,-0.00237228545006053
1483,-0.0012528632932254
1484,-0.000172738077643929
1485,0.000259675387570605
1486,-0.000108575667400585
1487,-9.68889242300157E-05
1488,0.00202135545001123
1489,0.00644649206428999
1490,0.0110342160456579
1491,0.0131593451325767
1492,0.0123005463689184
1493,0.010311521502568
1494,0.00918309834004818
1495,0.00906849681144983
1496,0.0086459906832526
1497,0.00690077674226761
1498,0.00411155647141487
1499,0.00131878128011829
1500,-0.000725167251987646
1501,-0.00205961206870029
1502,-0.00324646253473127
1503,-0.00465573699116208
1504,-0.00594178295288663
1505,-0.00641641200359517
1506,-0.00619535802950771
1507,-0.00672781507440785
1508,-0.00956840661381365
1509,-0.0144274684147452
1510,-0.0189266203284159
1511,-0.0207252716834184
1512,-0.019689901091578
1513,-0.0176287329893331
1514,-0.0161242085496156
1515,-0.0151479080317438
1516,-0.0137464171102875
1517,-0.0114562353057401
1518,-0.00871657274806204
1519,-0.0062679594578739
1520,-0.00454166424502027
1521,-0.00346998126745374
1522,-0.00257956298900792
1523,-0.00140325605535339
1524,-8.58573837653314E-05
1525,0.0006178372368174
1526,0.000403164312479087
1527,0.000372344573906322
1528,0.00225814626089984
1529,0.00635816301437888
1530,0.0106998725566574
1531,0.0127956683039207
1532,0.0120912139121433
1533,0.0102511186054676
1534,0.0091262204292042
1535,0.0089450309505796
1536,0.00857871445979917
1537,0.00706556786993346
1538,0.0045111482037479
1539,0.00175949937129398
1540,-0.000429734114304764
1541,-0.00192094681871356
1542,-0.00316043665577575
1543,-0.00456521990745217
1544,-0.00587133610583954
1545,-0.00637180683362067
1546,-0.00611987873247942
1547,-0.00658709198129767
1548,-0.0094072406727212
1549,-0.0142842961897412
1550,-0.0187452025946248
1551,-0.0204422172607738
1552,-0.019396827607601
1553,-0.0175341218735925
1554,-0.016301271371105
1555,-0.0154064453341103
1556,-0.0138489928895113
1557,-0.0114146552613263
1558,-0.00875366897530652
1559,-0.00648445993284342
1560,-0.00475996958934084
1561,-0.00348659868987751
1562,-0.00246692563488255
1563,-0.00142071081748455
1564,-0.000323977852405661
1565,0.0003518131325512
1566,0.000304587447187989
1567,0.000377198374350453
1568,0.00216379296178737
1569,0.00612436751227893
1570,0.0104912866463178
1571,0.0127383057883349
1572,0.0121242545747807
1573,0.0102685750017547
1574,0.00914726852181223
1575,0.00903915005031348
1576,0.00868460821875087
1577,0.00701982317461862
1578,0.00427167708307465
1579,0.00149272018211016
1580,-0.000540834434701936
1581,-0.0018854417135157
1582,-0.00312504000491788
1583,-0.00459821823486715
1584,-0.00588980928428644
1585,-0.00627602966826599
1586,-0.00590967300521427
1587,-0.00631837540913821
1588,-0.00911339839889767
1589,-0.0140019739477777
1590,-0.0185607267115075
1591,-0.0204210759327935
1592,-0.0194722165163061
1593,-0.0175467115578124
1594,-0.0161768341432102
1595,-0.0152370076291962
1596,-0.0137648002837009
1597,-0.0114269604377911
1598,-0.00877347865528872
1599,-0.00645643014401852
1600,-0.00470628056974319
1601,-0.00343122054316488
1602,-0.00239510524199829
1603,-0.0013383190802543
1604,-0.000294254900936891
1605,0.000279657135422789
1606,0.000173608389550867
1607,0.000285128946753225
1608,0.00216540630759547
1609,0.00621377618569104
1610,0.0106657787252565
1611,0.013017028744854
1612,0.0124824241313296
1613,0.0105979549404412
1614,0.00933135542969733
1615,0.00906599437851458
1616,0.00865971730685056
1617,0.00706060804713439
1618,0.00440099767679792
1619,0.00163867861406374
1620,-0.000450955473765592
1621,-0.0018444300062438
1622,-0.00306664390543395
1623,-0.00449084630005198
1624,-0.00578139977855489
1625,-0.00621973017755074
1626,-0.0058624390327096
1627,-0.00616876804620203
1628,-0.00883729179645529
1629,-0.0137474593309221
1630,-0.018516656776882
1631,-0.0206003417917279
1632,-0.0196818422591582
1633,-0.017601312241629
1634,-0.0161061888350459
1635,-0.0152391398461403
1636,-0.0139660035506877
1637,-0.011735248874246
1638,-0.00898529902857925
1639,-0.00647586293426161
1640,-0.00462595578166949
1641,-0.00340243306746551
1642,-0.00245270186970351
1643,-0.00138194751469951
1644,-0.000241063432063145
1645,0.000353913117988624
1646,7.90186729421419E-05
1647,-8.87239672608909E-05
1648,0.00160971350866765
1649,0.00570178139953869
1650,0.0103582962419746
1651,0.0129103502532838
1652,0.012468657813304
1653,0.0105725208501269
1654,0.0092411780211597
1655,0.00891928347304484
1656,0.0085334961969476
1657,0.00705648879574206
1658,0.00452764211961065
1659,0.00175205637809227
1660,-0.000517863069534321
1661,-0.00207764705228639
1662,-0.00326664555667854
1663,-0.00451454883015804
1664,-0.00572968985556693
1665,-0.00631296878122476
1666,-0.00615912787129683
1667,-0.00649252858083419
1668,-0.00898760866450767
1669,-0.0137039575188335
1670,-0.0184057160862313
1671,-0.0205345976458875
1672,-0.0196895079402418
1673,-0.01765742315126
1674,-0.0161518745309768
1675,-0.0151946314193128
1676,-0.0138138933774735
1677,-0.0115958644016092
1678,-0.00902428310221174
1679,-0.00670264826140955
1680,-0.00485491542633108
1681,-0.00346581468903859
1682,-0.00239031991178918
1683,-0.00134640250987797
1684,-0.00026334325969617
1685,0.000393922334685332
1686,0.000243949929865675
1687,7.93037536544803E-05
1688,0.00161687059242909
1689,0.00553809422129394
1690,0.0101403162382267
1691,0.0127025675042391
1692,0.0122393366115393
1693,0.0103319412874408
1694,0.00911351973946709
1695,0.00900428704647087
1696,0.00875541878406213
1697,0.00724231051655209
1698,0.00462680915397138
1699,0.00189068001722564
1700,-0.000231539008396765
1701,-0.00172751105710386
1702,-0.00303586862765545
1703,-0.00444695864292781
1704,-0.00567061152790998
1705,-0.00611071010462303
1706,-0.00585820461226524
1707,-0.00626715874297897
1708,-0.0089129861775439
1709,-0.0136672512601703
1710,-0.0182603516629791
1711,-0.0202853311878427
1712,-0.0194801136711906
1713,-0.0176013853449899
1714,-0.0162251856452972
1715,-0.0152939913523634
1716,-0.0138732990025205
1717,-0.0116219789287867
1718,-0.00904646238812973
1719,-0.00672468001328199
1720,-0.00485780026548994
1721,-0.00344001465225604
1722,-0.00236189807379868
1723,-0.00137135353635702
1724,-0.000374907145876467
1725,0.000253552735398359
1726,0.000217800812786716
1727,0.000268210373641335
1728,0.00194446222056947
1729,0.00579364538859294
1730,0.010201936644467
1731,0.0126901573699899
1732,0.0123848787392828
1733,0.0106975008660241
1734,0.00950522078033575
1735,0.00919662678048234
1736,0.00874020133232481
1737,0.00719032026354651
1738,0.0046437812005166
1739,0.00191518214288499
1740,-0.000268872716334946
1741,-0.0017489007185203
1742,-0.00291229432628824
1743,-0.00420841989399725
1744,-0.00550780619704223
1745,-0.00613577451960661
1746,-0.00594277637228884
1747,-0.00618817840015415
1748,-0.00862853814984899
1749,-0.0133736202502221
1750,-0.0181622636151659
1751,-0.0203642516804517
1752,-0.0195291105997284
1753,-0.0174660983571694
1754,-0.0159662871426107
1755,-0.0151035784124169
1756,-0.0138625435509256
1757,-0.0117192215321432
1758,-0.00909889797389788
1759,-0.00666916484976776
1760,-0.00476731065014478
1761,-0.0034100829869727
1762,-0.00238276420929585
1763,-0.00133653496899651
1764,-0.00020909906729779
1765,0.000495570485738978
1766,0.000384972914121816
1767,0.000237903482384988
1768,0.00172001319563807
1769,0.00550165937830696
1770,0.0100001860887252
1771,0.0126486675762203
1772,0.012424614566162
1773,0.0106537821505166
1774,0.00928819305330612
1775,0.00890587201709384
1776,0.0085957690199968
1777,0.00732115239009503
1778,0.00494796106213297
1779,0.00215237849958899
1780,-0.000243284888978745
1781,-0.00186224858229829
1782,-0.00299517081594666
1783,-0.00420638852984054
1784,-0.00553258551772983
1785,-0.00630152176339656
1786,-0.00619608247769177
1787,-0.00634569106552066
1788,-0.00858022649600181
1789,-0.0132063893250951
1790,-0.0180625271071204
1791,-0.0204288059709275
1792,-0.0197077872309713
1793,-0.0176694926675462
1794,-0.0161711473152127
1795,-0.0153372071057563
1796,-0.0141348754830175
1797,-0.0120155556639671
1798,-0.00941656845661229
1799,-0.00701154841462464
1800,-0.00510669503455468
1801,-0.00370263506130162
1802,-0.00262769076938266
1803,-0.00157484536670653
1804,-0.000450839910032692
1805,0.00029093685157698
1806,0.000222567178181671
1807,3.74328871508228E-05
1808,0.00142191550503294
1809,0.00519376858904304
1810,0.00984535795864812
1811,0.0126698374236588
1812,0.0124505730387317
1813,0.0105322916276289
1814,0.00908374989678959
1815,0.00879805777905136
1816,0.00861767586454209
1817,0.00730714268239959
1818,0.00475990260344754
1819,0.00186051195513201
1820,-0.000465891889076958
1821,-0.00196009823104076
1822,-0.00306158466921686
1823,-0.00432066202145864
1824,-0.00565551354935478
1825,-0.00635037747207833
1826,-0.00615127802908489
1827,-0.0062415436473174
1828,-0.00843959819573296
1829,-0.0130453952590567
1830,-0.0179393552906953
1831,-0.020422924953081
1832,-0.0198316300764551
1833,-0.017836615729397
1834,-0.0162728203677223
1835,-0.0153297015900782
1836,-0.0140399105488446
1837,-0.0118655751359741
1838,-0.00923435880355734
1839,-0.00683063387710825
1840,-0.00496963429243808
1841,-0.00362676361197784
1842,-0.00259147014206527
1843,-0.00154413799399992
1844,-0.000395406857324937
1845,0.000411066111505111
1846,0.000448385757081949
1847,0.000351720244662244
1848,0.001719855161082
1849,0.00536934688105859
1850,0.00992166742127078
1851,0.0127997327620734
1852,0.0127532786701921
1853,0.0109543482791532
1854,0.00946238357165232
1855,0.00905372957500638
1856,0.00883572026082395
1857,0.00761634217088232
1858,0.00517243345655785
1859,0.00226691558183685
1860,-0.000164613869504391
1861,-0.00175804367409016
1862,-0.00288467556259486
1863,-0.00412099151677314
1864,-0.00545249553423689
1865,-0.00619984191386386
1866,-0.00609927273305992
1867,-0.00630154168669011
1868,-0.0085905858046658
1869,-0.013239862305455
1870,-0.0181231438697609
1871,-0.0205608905320926
1872,-0.0199215917112864
1873,-0.0178985912887243
1874,-0.0163279158007468
1875,-0.0153952545072288
1876,-0.014144326159997
1877,-0.0120477594366306
1878,-0.00950022616680046
1879,-0.00710749857237985
1880,-0.00513955692631476
1881,-0.00363939046401911
1882,-0.00253173267234932
1883,-0.00154896606643205
1884,-0.000504209979074911
1885,0.000277623398268847
1886,0.00034569077191276
1887,0.000209683326932895
1888,0.00144521749351797
1889,0.00501524082978596
1890,0.00966560422286152
1891,0.0127365512335383
1892,0.0127897121027391
1893,0.0109537391347963
1894,0.009423804498031
1895,0.0090663378388978
1896,0.00890253655317848
1897,0.00763888513085437
1898,0.00512351621392394
1899,0.00226250612335074
1900,-3.33914258354502E-05
1901,-0.00158453857154029
1902,-0.00284356583931138
1903,-0.00424456450857253
1904,-0.00561189194229871
1905,-0.00629281827412492
1906,-0.00613627061250611
1907,-0.00628157842681914
1908,-0.00842665316803423
1909,-0.0129097084365269
1910,-0.0178062025559131
1911,-0.0204817417962492
1912,-0.020074918279754
1913,-0.0180712815574487
1914,-0.016416651009577
1915,-0.0155547830440609
1916,-0.0145306351591455
1917,-0.0125358849022712
1918,-0.00981559957899896
1919,-0.00719177774869665
1920,-0.00520776845483507
1921,-0.00384206740647451
1922,-0.00273007426012884
1923,-0.00153814226570183
1924,-0.000338929951574071
1925,0.000353557449003831
1926,0.000257546243725624
1927,0.000146404922126157
1928,0.0015384137003746
1929,0.00508799013543426
1930,0.00944883351660948
1931,0.0122607644983212
1932,0.0123893336968236
1933,0.0108654295767102
1934,0.00952372588247689
1935,0.00907868286714465
1936,0.00875944041494684
1937,0.00751155857174379
1938,0.00514383015841879
1939,0.00235997869304762
1940,1.50014072032581E-05
1941,-0.0015756429597892
1942,-0.00277278106208118
1943,-0.0040963620169457
1944,-0.00548030780500154
1945,-0.00622601245345757
1946,-0.00605135290487916
1947,-0.0060794979111261
1948,-0.00813252189951591
1949,-0.0126379911924977
1950,-0.0176206177222583
1951,-0.0203592140614784
1952,-0.0199951870911292
1953,-0.0180483556746811
1954,-0.0164057249846421
1955,-0.0154114426938788
1956,-0.0141574115817647
1957,-0.012042955721234
1958,-0.00943770395534789
1959,-0.00703070045450614
1960,-0.00515247406854434
1961,-0.00378832613381234
1962,-0.00277168621206032
1963,-0.0018178706023676
1964,-0.000761145034535515
1965,9.13047159209725E-05
1966,0.000295671823360862
1967,0.000264693576496469
1968,0.00143878909479573
1969,0.00478889854793301
1970,0.0092409701310744
1971,0.0122843100097019
1972,0.0124261777331208
1973,0.0106323188430608
1974,0.00905823773058339
1975,0.00870455924510041
1976,0.00870588953247549
1977,0.00768431014933167
1978,0.00528371507011039
1979,0.00232590146347422
1980,-0.000136619290632156
1981,-0.00171780635929368
1982,-0.00283723874597255
1983,-0.00409673949082933
1984,-0.00547023388221883
1985,-0.00624383560306784
1986,-0.00607567577797927
1987,-0.0060383634300971
1988,-0.00798288966425912
1989,-0.0124336896380335
1990,-0.0174657426893508
1991,-0.0202830924223588
1992,-0.0199108692113642
1993,-0.017869404142556
1994,-0.0161831246446747
1995,-0.0153062171606637
1996,-0.0142630119779004
1997,-0.0122701635811482
1998,-0.00960801651134568
1999,-0.00706764215041479
2000,-0.00513578507577967
2001,-0.003813761991915
2002,-0.00281138211934893
2003,-0.00177264084364327
2004,-0.000633632425490158
2005,0.00014687493319917
2006,0.00013544401902152
2007,-6.4274314485301E-05
2008,0.00115440482742312
2009,0.00473116589071298
2010,0.00942415143067682
2011,0.0126089992530389
2012,0.0128143976017116
2013,0.0110723320515914
2014,0.00954282689703825
2015,0.00918224673094735
2016,0.00911418641667479
2017,0.00800584404675639
2018,0.00554237908038506
2019,0.00253651885727085
2020,1.43713119738065E-05
2021,-0.00162336287650022
2022,-0.00275033432905149
2023,-0.00396725320358458
2024,-0.00532076154569809
2025,-0.00616026831246391
2026,-0.00609648697732214
2027,-0.00607303600381907
2028,-0.00788519402442244
2029,-0.012172704500045
2030,-0.0171996360368668
2031,-0.0202333243641872
2032,-0.0201579275427529
2033,-0.0182801928113091
2034,-0.0165415655601079
2035,-0.0155079614811958
2036,-0.0143791589423946
2037,-0.0124273565134943
2038,-0.00982662190012814
2039,-0.00724188517089113
2040,-0.00517594096393681
2041,-0.00377285420125647
2042,-0.00283020758643594
2043,-0.00190424592100813
2044,-0.000769248845138676
2045,0.000150815643384222
2046,0.000282060234905194
2047,6.7854317620395E-05
2048,0.00109634500964039
2049,0.00442959231639153
2050,0.00897117543210324
2051,0.0121641940968635
2052,0.01249308238964
2053,0.0108592526634061
2054,0.00930553287651171
2055,0.00881326439479444
2056,0.00868048925705407
2057,0.00771417723792626
2058,0.00552258286030596
2059,0.00269638045578012
2060,0.000154705148229639
2061,-0.00158435791769385
2062,-0.00274467351372874
2063,-0.00395739508456541
2064,-0.005406790373281
2065,-0.00644456933166304
2066,-0.00651016774508398
2067,-0.0064386853342146
2068,-0.0081421711509324
2069,-0.0124393320707338
2070,-0.0175751484200435
2071,-0.0206235983868939
2072,-0.0203810983189039
2073,-0.0183038072018346
2074,-0.0165143332056271
2075,-0.0155549060265214
2076,-0.0144723082497491
2077,-0.0125099362073076
2078,-0.00996909895111211
2079,-0.00755865493510281
2080,-0.00561851394862891
2081,-0.00413305564255604
2082,-0.00298097595995624
2083,-0.00193738604213636
2084,-0.000836826007726938
2085,3.9471961820845E-05
2086,0.000207246840861647
2087,1.05027011852578E-05
2088,0.000950399805020101
2089,0.004213826969688
2090,0.00888460849948606
2091,0.0123459676189937
2092,0.0128180316568379
2093,0.0110839319217417
2094,0.00937252614520106
2095,0.00888862791814989
2096,0.00888473788409967
2097,0.00793713746623595
2098,0.0055698541579083
2099,0.0025443692615012
2100,-2.5982242078464E-05
2101,-0.0016300534920012
2102,-0.00264144168523219
2103,-0.00378559839129212
2104,-0.00522198209825049
2105,-0.00625172464787149
2106,-0.00630114088691166
2107,-0.0061892386350477
2108,-0.00778429039607871
2109,-0.0119097690138619
2110,-0.0169343749593638
2111,-0.0200925595965713
2112,-0.02019223523169
2113,-0.018486109795059
2114,-0.0168508877549076
2115,-0.015777876320872
2116,-0.0144846511390314
2117,-0.0123955988116415
2118,-0.00982186388609012
2119,-0.00737135893478633
2120,-0.00534983623246008
2121,-0.00381231932469868
2122,-0.00269172594770189
2123,-0.00173406137877012
2124,-0.000733670196707841
2125,2.67834171351759E-05
2126,8.71433045106994E-05
2127,-0.000124284167671381
2128,0.00091364575549628
2129,0.00423983473706749
2130,0.00877381989298729
2131,0.0119780785626049
2132,0.0123682169018347
2133,0.0108812389438458
2134,0.00953022779716873
2135,0.00917420923913983
2136,0.00900894392885064
2137,0.00789324032926355
2138,0.00559676573066429
2139,0.00278837397956356
2140,0.000293999799884606
2141,-0.00149224040027902
2142,-0.00277203049352622
2143,-0.00403476173158558
2144,-0.00538927377981858
2145,-0.00626773797821518
2146,-0.00622917671795604
2147,-0.00611734322904023
2148,-0.00776384386083791
2149,-0.01197117582553
2150,-0.0170944944756472
2151,-0.0203140255250162
2152,-0.0203707959500984
2153,-0.0185339629396508
2154,-0.0168037600011028
2155,-0.0157840005341164
2156,-0.0146603137075262
2157,-0.0127046673723072
2158,-0.0101176659490907
2159,-0.00754119872355058
2160,-0.00539585002702957
2161,-0.00380707153779755
2162,-0.0026927794063764
2163,-0.00173718993050591
2164,-0.000672218174732123
2165,0.000234680576457843
2166,0.000441406779575455
2167,0.000231035337901426
2168,0.00107419206101451
2169,0.00416271927279261
2170,0.00863703239597359
2171,0.0119893147370915
2172,0.0125356270474821
2173,0.0110403508634803
2174,0.00957626097417876
2175,0.00917505614049115
2176,0.00907115302135166
2177,0.00801097904517985
2178,0.00569535543973197
2179,0.00285092610498723
2180,0.000363348738420129
2181,-0.00140387162895962
2182,-0.00269197731554827
2183,-0.00396191795936324
2184,-0.00529679691378667
2185,-0.00617351692331877
2186,-0.006177527171102
2187,-0.00606877636633142
2188,-0.00759247979496034
2189,-0.0116307092061356
2190,-0.0167199377050851
2191,-0.0200800276949951
2192,-0.0202890366411739
2193,-0.0184736209190724
2194,-0.016687878318055
2195,-0.0156609235223651
2196,-0.0145699065627089
2197,-0.0125858352842909
2198,-0.00991994929959254
2199,-0.00735914334323197
2200,-0.00539438957482389
2201,-0.0040248839264471
2202,-0.00299466946174014
2203,-0.00197170770358435
2204,-0.000816319051896069
2205,0.000106144659876731
2206,0.000272334924300634
2207,3.35208569159041E-05
2208,0.000903645557169077
2209,0.0040969414588327
2210,0.00875767577183587
2211,0.012316732738066
2212,0.0129614981208319
2213,0.0113704586977363
2214,0.00968284622505635
2215,0.0091033520864743
2216,0.00898069629014469
2217,0.00802219769017875
2218,0.00581073418659749
2219,0.00300887355284952
2220,0.000524909125901452
2221,-0.00124077561659814
2222,-0.00253639237462157
2223,-0.00384659399200355
2224,-0.00524056164776021
2225,-0.00614553881578413
2226,-0.00611578309404374
2227,-0.00593400313069349
2228,-0.00740069499705961
2229,-0.0114377838768459
2230,-0.0165799563059012
2231,-0.020011872226098
2232,-0.0202672886925588
2233,-0.0184439194705499
2234,-0.0166016210685063
2235,-0.0155178091546458
2236,-0.0144399035510991
2237,-0.0125781692942165
2238,-0.0101000273956703
2239,-0.00767082880294128
2240,-0.0056702902121374
2241,-0.00410579582028702
2242,-0.00286308821955582
2243,-0.00176489942553643
2244,-0.000695215506674252
2245,9.54307688496362E-05
2246,0.000196183546042762
2247,-5.14406890776855E-05
2248,0.000783380525593089
2249,0.0038999831079809
2250,0.00852732952220197
2251,0.012152878162443
2252,0.012892685681128
2253,0.0113135120991963
2254,0.00956663034591416
2255,0.00899195887530909
2256,0.0090096869965153
2257,0.00821582309284351
2258,0.00602729571147452
2259,0.00309959764186818
2260,0.000502886740310801
2261,-0.00123985918156071
2262,-0.00243853902843949
2263,-0.00372365367004326
2264,-0.00519994876485197
2265,-0.00618841065416115
2266,-0.00614113282088008
2267,-0.00585720049503469
2268,-0.00722993641947812
2269,-0.0112414704017353
2270,-0.0164129224416226
2271,-0.0198792931428779
2272,-0.0201401799388335
2273,-0.0183036089044295
2274,-0.0164827001464747
2275,-0.0155018327218339
2276,-0.0145800440643404
2277,-0.0128212201787899
2278,-0.0103093840890113
2279,-0.00774926848573459
2280,-0.0056468175793598
2281,-0.00408070003617532
2282,-0.00288104216428537
2283,-0.0017733017330838
2284,-0.00063071846352269
2285,0.000208142370398296
2286,0.000249040475293141
2287,-0.000156245363077887
2288,0.000514471574485067
2289,0.00355983649074533
2290,0.0082568583139253
2291,0.0120655766934626
2292,0.0130029843988458
2293,0.0115098212004483
2294,0.00967443360855423
2295,0.00890917144373304
2296,0.00880324859541301
2297,0.00806817482688743
2298,0.00606357179307119
2299,0.00326664790000446
2300,0.000630640345706568
2301,-0.00126292706329463
2302,-0.0025689892501304
2303,-0.00383676598036539
2304,-0.00522658772161877
2305,-0.00615918168610888
2306,-0.00611896194667035
2307,-0.00586447407740908
2308,-0.00724522757834367
2309,-0.011241863485195
2310,-0.0164087475277992
2311,-0.0199197289168144
2312,-0.0202832040330032
2313,-0.0185533296786224
2314,-0.0167421849472359
2315,-0.015615768393625
2316,-0.0144629355548599
2317,-0.0125501029570981
2318,-0.0100704123510048
2319,-0.00768285384746537
2320,-0.00575109059966048
2321,-0.00426014285395832
2322,-0.00305934866707902
2323,-0.00193523823517865
2324,-0.000764377034601653
2325,0.000165162418288947
2326,0.000366056175467527
2327,9.35500637985356E-05
2328,0.000745757952946627
2329,0.00360991703764766
2330,0.00809840280446737
2331,0.0118246916624164
2332,0.0128287601054237
2333,0.01144950342216
2334,0.00968386780268915
2335,0.00894422622487528
2336,0.00885477622837651
2337,0.00811862488299511
2338,0.00606502805019815
2339,0.00319055359855369
2340,0.00051776279665078
2341,-0.00133022321466986
2342,-0.00254800406769258
2343,-0.00378105582613573
2344,-0.00526714458257828
2345,-0.0064068996080245
2346,-0.00653867371281802
2347,-0.00624192558682419
2348,-0.00734370337387359
2349,-0.011042654126216
2350,-0.0161604973102306
2351,-0.0198870188238923
2352,-0.0204627278498217
2353,-0.0187090569887112
2354,-0.0167207562227982
2355,-0.0155379873914349
2356,-0.0145526588318639
2357,-0.0128361672984973
2358,-0.0103403712160331
2359,-0.00772000583807975
2360,-0.00555208473928064
2361,-0.00401361033308421
2362,-0.00296492002524545
2363,-0.00205488312773161
2364,-0.000996451674998073
2365,3.41255968098701E-06
2366,0.000397024633929964
2367,0.000275293342891698
2368,0.000914842103895086
2369,0.0036537367314689
2370,0.00807364282792844
2371,0.011872879041791
2372,0.0129852405227738
2373,0.0115847669724928
2374,0.00965651522418823
2375,0.00878136788537746
2376,0.00874186764531856
2377,0.00820788128305004
2378,0.00631888399071407
2379,0.00342880633240698
2380,0.000608212240395457
2381,-0.0013456250312501
2382,-0.00251788089412903
2383,-0.0036101374191972
2384,-0.00498966294640418
2385,-0.00610231764078673
2386,-0.00622377334927209
2387,-0.00589063464716057
2388,-0.00699585787918463
2389,-0.01082322699596
2390,-0.0161464028098669
2391,-0.0199844855790768
2392,-0.0204797452549539
2393,-0.018565067177292
2394,-0.0165431385583581
2395,-0.0155180518086919
2396,-0.0147304145616889
2397,-0.0130701613572696
2398,-0.0104823074710494
2399,-0.00776237809076833
2400,-0.00557444449125838
2401,-0.00403018420245817
2402,-0.0028963029716553
2403,-0.00185946799336108
2404,-0.00077052028910147
2405,0.000103247126962837
2406,0.000314676806326111
2407,0.000102597915522694
2408,0.000786961823809651
2409,0.00363268670072742
2410,0.00813614431349781
2411,0.0119706537750118
2412,0.0130890627932081
2413,0.0116887078628007
2414,0.00976693903338297
2415,0.00890003555759756
2416,0.00884668529563601
2417,0.0082599479316185
2418,0.00630737700823802
2419,0.0034038884982916
2420,0.000648920222147904
2421,-0.0012031075030259
2422,-0.00231455504767645
2423,-0.00343868562981295
2424,-0.00494788389889798
2425,-0.00624757884149154
2426,-0.0065225939828849
2427,-0.00620092497773592
2428,-0.00714710039229812
2429,-0.0107651800912304
2430,-0.0160173418507556
2431,-0.0199999621140873
2432,-0.020738709247282
2433,-0.0189685527254496
2434,-0.0168974223234415
2435,-0.015707003140468
2436,-0.0147969391901155
2437,-0.0131528656733766
2438,-0.0106785645016423
2439,-0.00804198738792167
2440,-0.00582358139159709
2441,-0.00418102013605152
2442,-0.00299507734736939
2443,-0.00198735835625207
2444,-0.000919157174916808
2445,2.72170902211642E-05
2446,0.000352715246794446
2447,0.000165756744344859
2448,0.000753466604783107
2449,0.00349180348417208
2450,0.00798454542011487
2451,0.0118829103101893
2452,0.0130520201543285
2453,0.0116690675135598
2454,0.0097779779971737
2455,0.00896370937151873
2456,0.00893835288201851
2457,0.00834872243984701
2458,0.00642710269380106
2459,0.00361104350226904
2460,0.000901976945862504
2461,-0.00105085445910619
2462,-0.00235399414649231
2463,-0.00357781480878012
2464,-0.0050098146120914
2465,-0.0061843197526968
2466,-0.00646157418327759
2467,-0.00625353378130024
2468,-0.00722869971843554
2469,-0.0106678100023789
2470,-0.0156492420002748
2471,-0.0194958810512147
2472,-0.0203193060963079
2473,-0.018735643634431
2474,-0.0167970951271638
2475,-0.0156541129053797
2476,-0.0147737492461642
2477,-0.013177830803943
2478,-0.0107293527984739
2479,-0.00805248008276158
2480,-0.00575413660174804
2481,-0.00406891073838314
2482,-0.00292847419598965
2483,-0.00203190143978772
2484,-0.00106537108890285
2485,-0.000151120106106731
2486,0.000201130158678392
2487,2.94833676359816E-05
2488,0.000569771641684914
2489,0.00323144179625328
2490,0.00770491077629923
2491,0.0116769097777946
2492,0.012945929121615
2493,0.0115906534030642
2494,0.00963401392690872
2495,0.00873522964065225
2496,0.00868858083082941
2497,0.00815154333482953
2498,0.00630476169659867
2499,0.00353960761429058
2500,0.000855034384685042
2501,-0.00107713803114964
2502,-0.0023542952790455
2503,-0.00356135905718105
2504,-0.00500111062873159
2505,-0.00619708994639175
2506,-0.00647840597830094
2507,-0.00624412954103135
2508,-0.00719603866821304
2509,-0.0106688170241066
2510,-0.0157527271763342
2511,-0.0197114729276433
2512,-0.0205763623509252
2513,-0.0189447613865318
2514,-0.0169337356734261
2515,-0.0157728460633262
2516,-0.0149362773511517
2517,-0.0133781882117785
2518,-0.0109059045147467
2519,-0.00817372663356567
2520,-0.0058666625047526
2521,-0.00423342940884575
2522,-0.00311438898206485
2523,-0.0021159668383034
2524,-0.000967362133885203
2525,4.3528230867835E-05
2526,0.000294280477146812
2527,-9.94255044968229E-05
2528,0.000288806002249286
2529,0.0029667740743858
2530,0.00754452584087128
2531,0.0115754476612123
2532,0.0128329794039834
2533,0.0114760250877974
2534,0.0095796944129641
2535,0.0087601628575185
2536,0.00874890791397039
2537,0.00820706876453722
2538,0.00636106340702694
2539,0.00360952357268228
2540,0.00091441062651335
2541,-0.00106888371422198
2542,-0.00240667517443903
2543,-0.00365426684218182
2544,-0.00512012189260384
2545,-0.00633166383020737
2546,-0.00658536919284446
2547,-0.0062546567642234
2548,-0.00708617551640762
2549,-0.0105047160008776
2550,-0.0156412616958946
2551,-0.0197127524121084
2552,-0.0206783522542388
2553,-0.0191039975736669
2554,-0.0171092195299254
2555,-0.0159328335607242
2556,-0.0150829182525144
2557,-0.0135782526878331
2558,-0.0112444263011049
2559,-0.00863257568659075
2560,-0.00628436984149804
2561,-0.00445264854911376
2562,-0.00316770141454197
2563,-0.00219515910114687
2564,-0.00117999649267991
2565,-0.000180519908151754
2566,0.000246651591018483
2567,1.39796875021647E-05
2568,0.000338389079049053
2569,0.00279692898628259
2570,0.00726767761854219
2571,0.0114337059020821
2572,0.0129157442982803
2573,0.0116522547202561
2574,0.00968672194694685
2575,0.00876837989362626
2576,0.00872285274633103
2577,0.0081893222283189
2578,0.00635450515351226
2579,0.00362983135712953
2580,0.000991626024267179
2581,-0.000925252647789965
2582,-0.00219114008477249
2583,-0.00332851361764905
2584,-0.00466283341810932
2585,-0.00583091920980486
2586,-0.0062021159316893
2587,-0.00604540736971484
2588,-0.00691391843290826
2589,-0.0101930089102506
2590,-0.0151932465680064
2591,-0.0193105117011267
2592,-0.0204680063041655
2593,-0.019047846955173
2594,-0.017064570350658
2595,-0.0158060904000249
2596,-0.0148599790973121
2597,-0.0132658098330398
2598,-0.0108708707639939
2599,-0.00829995969206161
2600,-0.00612874973213965
2601,-0.00450822578685172
2602,-0.00331854327175851
2603,-0.00230842880712336
2604,-0.00125158177620331
2605,-0.000288895607984034
2606,0.000106017539845394
2607,-4.23897241650206E-05
2608,0.000427852581308787
2609,0.00292243222931417
2610,0.00727704450027908
2611,0.0113449575925316
2612,0.0129065042897518
2613,0.011822579258074
2614,0.00991866458317878
2615,0.00887853524863459
2616,0.00869637099116572
2617,0.00817611638258639
2618,0.00645100837659522
2619,0.0037600029868505
2620,0.00103568002750167
2621,-0.000963324649470514
2622,-0.00221575369405244
2623,-0.00331533171919216
2624,-0.00470367603365233
2625,-0.0059978918539095
2626,-0.00642199290222287
2627,-0.00615238696218409
2628,-0.00681763982021837
2629,-0.00997019486475077
2630,-0.0150114601461333
2631,-0.0192656773028441
2632,-0.0204944993826609
2633,-0.0189931367428996
2634,-0.0168637228941453
2635,-0.0155765700559151
2636,-0.0148011171521595
2637,-0.0134580951473478
2638,-0.0111964425534069
2639,-0.00856613921869067
2640,-0.00623984237409751
2641,-0.00449863088368503
2642,-0.00325764887640049
2643,-0.00222649082024622
2644,-0.00115275688018791
2645,-0.000181152734581333
2646,0.000219923723022667
2647,8.97510510153233E-05
2648,0.00058194311267303
2649,0.00308322791092605
2650,0.00744705651786944
2651,0.0115686378048854
2652,0.0132200903095221
2653,0.0121870544946067
2654,0.0102407356231776
2655,0.00910626779949912
2656,0.00886225336087047
2657,0.00833215408316019
2658,0.0065945777120847
2659,0.00385371994365631
2660,0.00107581285530397
2661,-0.000945599258850063
2662,-0.0022195910890146
2663,-0.00338659291246863
2664,-0.00485466207624831
2665,-0.00614355283978366
2666,-0.00644841754580356
2667,-0.00605231984973444
2668,-0.00671415319378593
2669,-0.00998220423220337
2670,-0.0151262339423691
2671,-0.0193842135991925
2672,-0.0205870891809173
2673,-0.019151148234704
2674,-0.017169053632528
2675,-0.0159564984865644
2676,-0.0150627353574606
2677,-0.0134694800947194
2678,-0.0110032239506808
2679,-0.00832847853778242
2680,-0.00608922668638447
2681,-0.00446921953447642
2682,-0.00331298746270862
2683,-0.00230347178526637
2684,-0.00119135375051904
2685,-0.000170930945331075
2686,0.000196981264544977
2687,-9.93869285678567E-05
2688,0.000170061495549478
2689,0.00254722302726456
2690,0.00695854504920525
2691,0.011212201724759
2692,0.0129452618112904
2693,0.0119202600601378
2694,0.00999951471050843
2695,0.00897161010653748
2696,0.0088702202681111
2697,0.0084451358581514
2698,0.00677039401171924
2699,0.00407991537807406
2700,0.00131321053667684
2701,-0.000788691161475028
2702,-0.00219039769648869
2703,-0.00338854457075454
2704,-0.00472834867965711
2705,-0.00586668535683717
2706,-0.0061882368042226
2707,-0.00597117993002455
2708,-0.00677067146462449
2709,-0.00999331124032746
2710,-0.0150037565599655
2711,-0.0192249501649263
2712,-0.0205150205074752
2713,-0.0191549027151887
2714,-0.0171514532144128
2715,-0.0158894613936818
2716,-0.015013628063704
2717,-0.0134902435610653
2718,-0.0110708832628513
2719,-0.00840394545692219
2720,-0.0061642401561996
2721,-0.00452063175311622
2722,-0.00327042689876785
2723,-0.00212260003214454
2724,-0.000932790893072221
2725,5.7483494677513E-05
2726,0.000375252849135184
2727,0.000118501484902983
2728,0.00049206468265379
2729,0.00289342364452914
2730,0.00715774846426453
2731,0.0111710532387899
2732,0.0127486299095344
2733,0.0117633423564864
2734,0.0100223560457379
2735,0.00915216629465092
2736,0.00907173372475528
2737,0.00856382605817546
2738,0.00682501227191509
2739,0.00415179970883832
2740,0.00142928641871373
2741,-0.000671357320808566
2742,-0.00209674888714179
2743,-0.00329300184101135
2744,-0.0046348744638658
2745,-0.00584927043593348
2746,-0.00627156113316903
2747,-0.00600757696420893
2748,-0.00654831548965018
2749,-0.00950078456359044
2750,-0.0145027063319847
2751,-0.0189916842913202
2752,-0.0205557608518731
2753,-0.0192485053534577
2754,-0.0171400010819948
2755,-0.0158261441367163
2756,-0.015012913448667
2757,-0.0135413032161386
2758,-0.0110776521844397
2759,-0.00835302084003666
2760,-0.00615364431886426
2761,-0.00462237342615956
2762,-0.00344525024432038
2763,-0.00229319725306914
2764,-0.00107207983383174
2765,-4.62067298360019E-05
2766,0.000342635509265702
2767,0.000172382914049401
2768,0.000548875250995287
2769,0.0028377507416412
2770,0.00701180470276512
2771,0.0111187048865207
2772,0.0129299317606781
2773,0.0120916355436417
2774,0.0102782673513379
2775,0.00924515973209375
2776,0.00913001258837735
2777,0.0087463573329537
2778,0.00711295525860561
2779,0.00438021519603689
2780,0.00148975459783567
2781,-0.000723415676622286
2782,-0.00213141376451602
2783,-0.00324564202801405
2784,-0.00454088991056805
2785,-0.00577945737379472
2786,-0.00626406631593954
2787,-0.00604144998865742
2788,-0.00655263425666512
2789,-0.00939940164973118
2790,-0.0142836141149264
2791,-0.0187393046677811
2792,-0.0203894129114256
2793,-0.0192110998496864
2794,-0.0171604397363863
2795,-0.0158134751983374
2796,-0.0149804682902589
2797,-0.0136022710047106
2798,-0.0112957354476523
2799,-0.00862265805269063
2800,-0.00627917736409861
2801,-0.00453126372201729
2802,-0.00328013591776852
2803,-0.00225155322425183
2804,-0.00118127090345666
2805,-0.000162692257886452
2806,0.000308806640306577
2807,0.00011676186710143
2808,0.000319747443425902
2809,0.00247648506339661
2810,0.00675171585192248
2811,0.0111314483406011
2812,0.013147649068494
2813,0.0123148562328212
2814,0.0103915028542872
2815,0.00925602294198162
2816,0.00904400973582229
2817,0.00851959444852556
2818,0.00676433310440748
2819,0.00406920115791718
2820,0.00140012408587599
2821,-0.000568043877890427
2822,-0.00188599701791164
2823,-0.0030793556246464
2824,-0.00449449134698663
2825,-0.00578783252292096
2826,-0.00626594052823216
2827,-0.00603028867474154
2828,-0.00654711984183986
2829,-0.00941516908741684
2830,-0.0143423987285105
2831,-0.0188721085834454
2832,-0.0206043937016668
2833,-0.0194644773666775
2834,-0.0173744463813582
2835,-0.0159271567409007
2836,-0.0149873554031286
2837,-0.0135526163190245
2838,-0.0112669038831931
2839,-0.00866786713782002
2840,-0.0063788765023647
2841,-0.00459522241563561
2842,-0.00322357486412128
2843,-0.00208007238271902
2844,-0.000984214159282207
2845,-9.62146205574723E-06
2846,0.000442179275274699
2847,0.00029035918167783
2848,0.00051091047033243
2849,0.00256935669103274
2850,0.00666657975690832
2851,0.0109291847797506
2852,0.0129634250848624
2853,0.0122040552263228
2854,0.0102953007386193
2855,0.00913306808214883
2856,0.00898062692458305
2857,0.0086532057237453
2858,0.0071071780262008
2859,0.0044589097547902
2860,0.0016470532448157
2861,-0.00051035181368845
2862,-0.0019160803599578
2863,-0.00308941206802735
2864,-0.00447508491369397
2865,-0.00578568823051809
2866,-0.00627785230887466
2867,-0.00598314558674574
2868,-0.006387178421516
2869,-0.00918185037661157
2870,-0.0141218982608493
2871,-0.0186891576897996
2872,-0.0204008831642486
2873,-0.0192028972909286
2874,-0.0171297125987072
2875,-0.0158323397898186
2876,-0.0150863840549094
2877,-0.013739881738039
2878,-0.0113850556889506
2879,-0.00864564294084627
2880,-0.00626839070215451
2881,-0.00450997897415125
2882,-0.00326189656123
2883,-0.00227294358767473
2884,-0.00126651428616168
2885,-0.00025629978411981
2886,0.000292695324047142
2887,0.00013834943639923
2888,0.000181198884998681
2889,0.00203374644929085
2890,0.00613415677778436
2891,0.0106516651379373
2892,0.0129658637360655
2893,0.0122715634480105
2894,0.0102313589070412
2895,0.00896592041360325
2896,0.00888416945582228
2897,0.00872125051094189
2898,0.00726770560810944
2899,0.00458565899440524
2900,0.00168394209108728
2901,-0.00054377724477203
2902,-0.00198205547471794
2903,-0.00315893258085336
2904,-0.00453721485676065
2905,-0.00587312488146143
2906,-0.00646005098781057
2907,-0.00628355797682144
2908,-0.00671404630297426
2909,-0.00939763512916958
2910,-0.014201474102569
2911,-0.018762557070551
2912,-0.0205996296941632
2913,-0.0194942765027943
2914,-0.0173505571549608
2915,-0.0158711496294526
2916,-0.014978635493276
2917,-0.0135902445362857
2918,-0.011269855107239
2919,-0.0086197038521624
2920,-0.006386839508445
2921,-0.00475486604003133
2922,-0.00348080677679864
2923,-0.00229447735167405
2924,-0.00109666603821012
2925,-7.19971214484391E-05
2926,0.000385438682509692
2927,0.000248696490667855
2928,0.000445943804497215
2929,0.00234785677156699
2930,0.00621244863259545
2931,0.010384242236968
2932,0.0125917461757171
2933,0.0121194630449428
2934,0.0103593043498854
2935,0.00915304322685086
2936,0.0089374750177605
2937,0.00867031206430379
2938,0.00724325018764981
2939,0.00462539442036399
2940,0.00173692859867449
2941,-0.000491925355182426
2942,-0.00189263184976659
2943,-0.00303606254581177
2944,-0.00444151162655812
2945,-0.00580925268307068
2946,-0.00632454738733801
2947,-0.00598761610091625
2948,-0.00632473105267542
2949,-0.0090934584363772
2950,-0.0140914582124176
2951,-0.0187992430184004
2952,-0.0206730926196668
2953,-0.0195576862348821
2954,-0.0174324733596615
2955,-0.0160180805664456
2956,-0.01523133517025
2957,-0.0139771591466419
2958,-0.0117533275316812
2959,-0.00905620043552641
2960,-0.00661386233233257
2961,-0.00474890969915556
2962,-0.00338225118592593
2963,-0.00224844740972958
2964,-0.00111639362331454
2965,-0.000100770376011762
2966,0.000336849863966879
2967,0.000118505373676174
2968,0.000263242093093211
2969,0.00225585532333768
2970,0.00630666222184529
2971,0.0105966551375846
2972,0.0127899130984954
2973,0.0122631266700947
2974,0.0104838889279079
2975,0.00924292197165675
2976,0.00892872560258255
2977,0.00859248452069134
2978,0.00724669299932123
2979,0.00479564030668927
2980,0.00195136517740692
2981,-0.000423937765330278
2982,-0.00197227294515248
2983,-0.00306220158143111
2984,-0.00428242019947375
2985,-0.00559599665722998
2986,-0.00629797290263445
2987,-0.00619136569742415
2988,-0.00653537119400501
2989,-0.00906478972970708
2990,-0.0138054193329951
2991,-0.0184475248180234
2992,-0.0204420545553953
2993,-0.0194815631343145
2994,-0.0174260175340557
2995,-0.0159801404485798
2996,-0.0151044137961365
2997,-0.0137663065108621
2998,-0.0115309347730983
2999,-0.00891998078984812
3000,-0.00659928847202913
3001,-0.00479541994700271
3002,-0.00341907919115062
3003,-0.00229006605656752
3004,-0.0012211863733929
3005,-0.000247199700142942
3006,0.00025336886018174
3007,0.000136454086954673
3008,0.000276195206625796
3009,0.0021508324636101
3010,0.00613639623618821
3011,0.0105230983601934
3012,0.0128629466476012
3013,0.0123510083469004
3014,0.0104553874413975
3015,0.00913426217473139
3016,0.00886143835340065
3017,0.00858318832432587
3018,0.00719328365920289
3019,0.00463956916425886
3020,0.00175749298089525
3021,-0.000578716641390359
3022,-0.00211189876934089
3023,-0.00325428649297639
3024,-0.00450964862952557
3025,-0.0057517172168148
3026,-0.00630264980052509
3027,-0.00606390819110216
3028,-0.0063505767892509
3029,-0.00888974026994564
3030,-0.0136885137504625
3031,-0.0184189118192186
3032,-0.0204893812488205
3033,-0.0195533594075644
3034,-0.0174948998495928
3035,-0.0160848225183188
3036,-0.0152885428086178
3037,-0.0139871481965521
3038,-0.0116808727952657
3039,-0.00895510721824503
3040,-0.00660187074654845
3041,-0.00487550917195904
3042,-0.00358499552925417
3043,-0.00246278085735863
3044,-0.00136104689306268
3045,-0.000407955603548326
3046,8.97282710204767E-06
3047,-0.00017891739283056
3048,-5.58918690870931E-05
3049,0.00182214920646926
3050,0.0058114713797042
3051,0.0102502950475961
3052,0.0127169509520888
3053,0.0123245196976481
3054,0.0104339669231646
3055,0.00902826793630122
3056,0.00872841210221804
3057,0.00856054517100045
3058,0.00731887450837203
3059,0.00480116083589325
3060,0.00183925126956704
3061,-0.000552516415751478
3062,-0.00202671239205387
3063,-0.0030792962340658
3064,-0.00437170488148339
3065,-0.00581696682229679
3066,-0.00659935150408122
3067,-0.00643659568199074
3068,-0.00659388995519944
3069,-0.00894043616609506
3070,-0.0136999486008942
3071,-0.018635844087713
3072,-0.0210184331423886
3073,-0.0202471981108732
3074,-0.0180855476467892
3075,-0.0164495966551627
3076,-0.0155702599044679
3077,-0.0144287137947692
3078,-0.0123530917759664
3079,-0.00968265295045959
3080,-0.00716274202427275
3081,-0.00523083859041348
3082,-0.0038756204060056
3083,-0.0028048793211769
3084,-0.00171063688928525
3085,-0.00065031970982899
3086,-0.000113398213005053
3087,-0.000295759041513345
3088,-0.000274183801196552
3089,0.00150565967474945
3090,0.00546739735004778
3091,0.00992911347175973
3092,0.0124449417613596
3093,0.0121422085150186
3094,0.0103666336558182
3095,0.00901768517144886
3096,0.00866105231527948
3097,0.00839518424262641
3098,0.00714305418340839
3099,0.0047196145860483
3100,0.00183588528625135
3101,-0.000593231178548079
3102,-0.00217429069686636
3103,-0.00328677837809461
3104,-0.0045541122016203
3105,-0.00594427433042751
3106,-0.00668394533346409
3107,-0.00647220641473172
3108,-0.00655823084965249
3109,-0.00884373446913362
3110,-0.0135840070236841
3111,-0.0185235457087919
3112,-0.020903654066983
3113,-0.0201382875241652
3114,-0.0180057535838159
3115,-0.0163644782121815
3116,-0.0153638458499016
3117,-0.0140211070631363
3118,-0.0118296373206719
3119,-0.00923312303781825
3120,-0.00686907768537295
3121,-0.00498169875843873
3122,-0.0035377890229209
3123,-0.00241330340013667
3124,-0.00139638517543058
3125,-0.00041383272079994
3126,0.000194761959289118
3127,0.0001359486811531
3128,9.72157189529663E-05
3129,0.00162346963465077
3130,0.00542238249431426
3131,0.0100089391425714
3132,0.0127538884296784
3133,0.0124640749253009
3134,0.0104718968294416
3135,0.00897706204342722
3136,0.00872812191527605
3137,0.00865584860475553
3138,0.00743777244532269
3139,0.00490654509769526
3140,0.00197803173064485
3141,-0.000358386606276354
3142,-0.00183650630626342
3143,-0.0029428852493865
3144,-0.00425072409825298
3145,-0.00563806963094628
3146,-0.00633500383115126
3147,-0.00609522595444299
3148,-0.00617839888009255
3149,-0.00846138089855966
3150,-0.013190358331561
3151,-0.0181117368267277
3152,-0.0204726108865216
3153,-0.0197337675474163
3154,-0.0177445813908012
3155,-0.0163438779142575
3156,-0.0155309055654667
3157,-0.0142005328895378
3158,-0.0119192466078845
3159,-0.0093141912217195
3160,-0.00707374947650083
3161,-0.00530125756304079
3162,-0.00383325633337827
3163,-0.00259462141446254
3164,-0.0015123515036019
3165,-0.000552922737746506
3166,2.96197781629095E-05
3167,1.57987534608499E-05
3168,6.22985540246588E-05
3169,0.00162847831077342
3170,0.00538751668147522
3171,0.0099152578113696
3172,0.0126844535532878
3173,0.0125354548016416
3174,0.0107048468201357
3175,0.00924709908612684
3176,0.00888203077658366
3177,0.00867544141216451
3178,0.00744202796422458
3179,0.00497817247901662
3180,0.00204399875427658
3181,-0.000426297180331919
3182,-0.00203793833935517
3183,-0.00313745521694953
3184,-0.0043410232675689
3185,-0.0057059601294402
3186,-0.00655140645829183
3187,-0.00650828192217349
3188,-0.00663180729697984
3189,-0.00874189115640399
3190,-0.0132471694810072
3191,-0.0181064434553955
3192,-0.0205970260859738
3193,-0.0199962512412059
3194,-0.0179748465436654
3195,-0.0164132726455964
3196,-0.0155102950921072
3197,-0.014249915880341
3198,-0.0120545365672471
3199,-0.00937030247064329
3200,-0.00691932205834659
3201,-0.00502066195016095
3202,-0.00364087773222465
3203,-0.00260133312662379
3204,-0.0016345773593023
3205,-0.000641414636158594
3206,2.68893743330944E-05
3207,3.37309327093092E-05
3208,1.92559165004744E-05
3209,0.00151743998099419
3210,0.00527789009365751
3211,0.00988211003092007
3212,0.0127367434285543
3213,0.0126150503324707
3214,0.0107573748566378
3215,0.00927939042916247
3216,0.00893369133325479
3217,0.00875838164875372
3218,0.00754864059129319
3219,0.00513908492816005
3220,0.00231223382671316
3221,-7.2222457098479E-05
3222,-0.00171661659486781
3223,-0.00293447284795537
3224,-0.00418873199882934
3225,-0.00545577247408956
3226,-0.00615233822848056
3227,-0.00604712127177706
3228,-0.0061943165713791
3229,-0.00831518504101464
3230,-0.0127990102273589
3231,-0.0176938051503367
3232,-0.0203203306940153
3233,-0.0198684342958599
3234,-0.0179054497061436
3235,-0.0163238564589378
3236,-0.0154082499194865
3237,-0.0141772738491216
3238,-0.0120229555791536
3239,-0.00937689660300556
3240,-0.00698031559087516
3241,-0.00513869470110461
3242,-0.00376108743758176
3243,-0.00264863949976078
3244,-0.00159006626393793
3245,-0.000542954069709449
3246,0.000155560284613732
3247,0.000204404631473245
3248,0.000217438931895505
3249,0.00167087618346293
3250,0.00533351729494994
3251,0.00989026835827336
3252,0.012803704604413
3253,0.0127649144362875
3254,0.0108893800838311
3255,0.00929190523508152
3256,0.00886215280012559
3257,0.00874382414970107
3258,0.00766913481547794
3259,0.00531595689850557
3260,0.00240800071183278
3261,-9.11107476115796E-05
3262,-0.00175716210962152
3263,-0.00291327910905076
3264,-0.00414114848217107
3265,-0.0054793746396565
3266,-0.00627136880485776
3267,-0.00618166422384531
3268,-0.00626632194014505
3269,-0.00834212129260275
3270,-0.0128595892700372
3271,-0.0178281982466595
3272,-0.020498311831832
3273,-0.0200468671529515
3274,-0.0180819297669027
3275,-0.0165229388804082
3276,-0.0156351916811427
3277,-0.014401105693622
3278,-0.0121992099005341
3279,-0.00948329318766162
3280,-0.0070364877233827
3281,-0.00519132137064129
3282,-0.0038362995980033
3283,-0.00271531645488839
3284,-0.0015884810624542
3285,-0.000463953725417734
3286,0.000233675500193079
3287,0.000178857034830892
3288,5.65780237421791E-05
3289,0.00143285553978807
3290,0.00509750368585462
3291,0.00969660238474848
3292,0.012664630677343
3293,0.0126988444046718
3294,0.0109090612744922
3295,0.00936453493442143
3296,0.00891228782382313
3297,0.00871353793380434
3298,0.00757195919418277
3299,0.00522645943560775
3300,0.00240225933846191
3301,7.68157567772725E-06
3302,-0.00160451229286699
3303,-0.0027963296779477
3304,-0.00412125328054912
3305,-0.00553473726642531
3306,-0.00631199703485999
3307,-0.00613486935012272
3308,-0.0061475565503871
3309,-0.0082276897141396
3310,-0.0127929836537394
3311,-0.0177793937803626
3312,-0.0204220561521911
3313,-0.0199462659500512
3314,-0.0179806754730447
3315,-0.016398269157094
3316,-0.0154379438873543
3317,-0.014157880152926
3318,-0.012038038292844
3319,-0.00950506866686195
3320,-0.00718195313408818
3321,-0.00529393857329331
3322,-0.00381113078195716
3323,-0.00263991825967483
3324,-0.00157472335942788
3325,-0.000504741553030744
3326,0.000233193373482411
3327,0.000247318540534307
3328,0.000107843973594177
3329,0.00137988705641787
3330,0.00495155484275208
3331,0.00952083532724658
3332,0.0124819492601105
3333,0.0125013970838383
3334,0.0107301856883513
3335,0.00927081132138425
3336,0.0089215079085273
3337,0.00877980706115289
3338,0.00766645025342212
3339,0.00536901145741362
3340,0.00256916613302784
3341,6.86716709561289E-05
3342,-0.00176973539929863
3343,-0.00312332990955022
3344,-0.00438665516228428
3345,-0.00559290683754665
3346,-0.00624920315669964
3347,-0.00613946291399385
3348,-0.00627360346772078
3349,-0.00836507192716662
3350,-0.0128619519810924
3351,-0.0178608256790957
3352,-0.0206437000576965
3353,-0.0202964904662084
3354,-0.018316319811653
3355,-0.0166343587484446
3356,-0.0156598964448336
3357,-0.0145117566256382
3358,-0.0125500538242778
3359,-0.0100507443012754
3360,-0.00761349283715044
3361,-0.00555492467027558
3362,-0.00393823688392469
3363,-0.00270985301372692
3364,-0.00167056695841205
3365,-0.000686731014104858
3366,-2.63057284526894E-05
3367,-1.0771444695893E-05
3368,-8.43405803456046E-05
3369,0.00122863309139059
3370,0.0047831209022734
3371,0.00937059992280782
3372,0.0124763897999771
3373,0.0126893025502968
3374,0.0109726571555044
3375,0.00937457161883816
3376,0.0088630494038419
3377,0.00871646291052471
3378,0.00771162029524392
3379,0.0054422471060211
3380,0.00253411988706648
3381,-3.70953656674907E-05
3382,-0.00174569817595011
3383,-0.00286735649930673
3384,-0.0040702106523986
3385,-0.00550829603473679
3386,-0.00648737794580081
3387,-0.00646240761423988
3388,-0.00633034992639591
3389,-0.0080306217429528
3390,-0.012352486940801
3391,-0.0175114290185529
3392,-0.020582141604227
3393,-0.0203544142753261
3394,-0.0182574240031997
3395,-0.0164246339919672
3396,-0.0154677799152984
3397,-0.0144651404964093
3398,-0.0125726253679439
3399,-0.00997774660789872
3400,-0.00741658151579956
3401,-0.00538256903851835
3402,-0.00393619232762098
3403,-0.00285829990587546
3404,-0.00181961333438084
3405,-0.000718282511972185
3406,4.29464874236863E-05
3407,4.63813213305044E-05
3408,-0.000130945989794453
3409,0.00109196997707196
3410,0.00465315428949995
3411,0.00931784205430836
3412,0.0124627866512891
3413,0.0126158815489181
3414,0.0108061922050059
3415,0.00918883345340615
3416,0.00873746424418524
3417,0.00863402205897324
3418,0.00759307000383975
3419,0.00525250399654938
3420,0.00230581851022886
3421,-0.000261429443425733
3422,-0.00192929158206571
3423,-0.00293983916548674
3424,-0.00395815562056414
3425,-0.00524814045032467
3426,-0.00624474377165637
3427,-0.00637097923187516
3428,-0.00634148231092588
3429,-0.00798788219675866
3430,-0.0121930676910021
3431,-0.0173142014075489
3432,-0.0204209400776997
3433,-0.0202047307411754
3434,-0.0180927601262562
3435,-0.0163134409920691
3436,-0.0154809613994444
3437,-0.0145335550588735
3438,-0.012548000183061
3439,-0.00983660249701408
3440,-0.0072985415497324
3441,-0.00538851068158929
3442,-0.00398580416088876
3443,-0.002822445609048
3444,-0.001720749165191
3445,-0.000684775066293373
3446,-5.54090602990028E-06
3447,4.83267160250585E-05
3448,-1.58860989048897E-05
3449,0.00117356134878294
3450,0.00452426655501221
3451,0.00903214499287292
3452,0.0122735548592741
3453,0.0126852707362928
3454,0.0110403254369952
3455,0.00938726278538593
3456,0.00881999928559943
3457,0.0086637945228747
3458,0.00764387701640482
3459,0.00534493803588193
3460,0.00245075789337042
3461,-5.62674625806346E-05
3462,-0.00172224467158485
3463,-0.00284971364201859
3464,-0.00403924320789167
3465,-0.00540952638036167
3466,-0.00635064733080919
3467,-0.00640038505949014
3468,-0.00638524856363908
3469,-0.00809033527659312
3470,-0.0122736299034289
3471,-0.0172917765587133
3472,-0.0203607406173339
3473,-0.0202585940659199
3474,-0.0182923088102642
3475,-0.0165043899820905
3476,-0.0155114183543859
3477,-0.0144583331098905
3478,-0.0125691323139625
3479,-0.0100530063978007
3480,-0.00759914250894904
3481,-0.0056227138663384
3482,-0.00415385555677754
3483,-0.00301203523505063
3484,-0.00189843672120272
3485,-0.000679044698306671
3486,0.000261524174201724
3487,0.000403903720092091
3488,0.000164490123337413
3489,0.00110727982265559
3490,0.00437794941368119
3491,0.00898492932930593
3492,0.0123283795718646
3493,0.0127282334169933
3494,0.0110143001603716
3495,0.00934318186616335
3496,0.00882889879880117
3497,0.00874893956616648
3498,0.00780598402574787
3499,0.00559374564641913
3500,0.00276684843891032
3501,0.000228998654164158
3502,-0.00160435244355522
3503,-0.00295519285011707
3504,-0.00427411728555569
3505,-0.00559983190552283
3506,-0.00638642485701014
3507,-0.00630186129541718
3508,-0.0062364599374137
3509,-0.00794591992449688
3510,-0.0121542552740904
3511,-0.0172345815385671
3512,-0.020412377456849
3513,-0.0204115450007555
3514,-0.0184797628378402
3515,-0.0166776082188835
3516,-0.0156774858789039
3517,-0.0146135776507697
3518,-0.0126486573039563
3519,-0.0100048074392356
3520,-0.00747322767329378
3521,-0.00551291657437808
3522,-0.00406774852764548
3523,-0.00288705974223233
3524,-0.00176109680687166
3525,-0.000688201354869653
3526,-5.67426550126821E-06
3527,-2.65756817556153E-05
3528,-0.000229341311682294
3529,0.000832163453747342
3530,0.00415269869704816
3531,0.0087652571319603
3532,0.0121935139599395
3533,0.0127585606033816
3534,0.011148692233593
3535,0.00944178895262404
3536,0.00885291191889301
3537,0.00879746577839638
3538,0.00795787765602464
3539,0.00577756948932573
3540,0.00284599414347479
3541,0.000201343512589804
3542,-0.00155713482206024
3543,-0.0026616723750754
3544,-0.00379499990475631
3545,-0.00519816394390623
3546,-0.00625168633971808
3547,-0.00634241044189905
3548,-0.00618838652444637
3549,-0.00766542665281795
3550,-0.0117480098231938
3551,-0.0169078641678002
3552,-0.0202584245169728
3553,-0.0203777514117328
3554,-0.0184756847839134
3555,-0.0166548918731437
3556,-0.0156336766951715
3557,-0.0145841759441847
3558,-0.0126903173588811
3559,-0.0101328384041957
3560,-0.00761232041947941
3561,-0.00555889610595731
3562,-0.00400341036584115
3563,-0.00278499181677613
3564,-0.0016592225351739
3565,-0.000526462078038089
3566,0.0002728331474026
3567,0.000306187181563163
3568,2.08534131289142E-05
3569,0.000927768563753853
3570,0.00412633070852188
3571,0.00867191744598458
3572,0.0120576328047673
3573,0.0126142248399171
3574,0.0110635745290898
3575,0.00944926839331872
3576,0.00889131900546212
3577,0.00876980185399022
3578,0.00784962513483584
3579,0.00567374905491323
3580,0.0028190643970269
3581,0.000214505329247839
3582,-0.00160405459241308
3583,-0.00280197415908848
3584,-0.00394537466974694
3585,-0.00525038246134062
3586,-0.00618401965111696
3587,-0.00620766344540127
3588,-0.00601151072205953
3589,-0.00741203667399313
3590,-0.0114131823658239
3591,-0.0165771417570394
3592,-0.0200231092150007
3593,-0.0202224414089555
3594,-0.0183254235880818
3595,-0.0165242219768224
3596,-0.0156335387904575
3597,-0.0147432735176435
3598,-0.0128593931298279
3599,-0.010153417536232
3600,-0.00753264400210697
3601,-0.00557854230610305
3602,-0.00421117456803941
3603,-0.00305570996842717
3604,-0.00183754182565152
3605,-0.000613379350342311
3606,0.000184134551490011
3607,0.000206575618922908
3608,-4.45604994470819E-06
3609,0.00101345764782957
3610,0.00426036695596075
3611,0.00880601034638407
3612,0.0122411212170563
3613,0.0129102095406167
3614,0.011426148752941
3615,0.0097459299109952
3616,0.00904545632828752
3617,0.00884582838933196
3618,0.0079886213749319
3619,0.00595665948064792
3620,0.00319106844658309
3621,0.000537259640547056
3622,-0.00141858330094968
3623,-0.00270704458784532
3624,-0.00383129743211821
3625,-0.0051094770873871
3626,-0.0061600625715442
3627,-0.00642991621207111
3628,-0.00639788419429886
3629,-0.00770981067305373
3630,-0.0114658890336953
3631,-0.0165016924543406
3632,-0.0200743508812025
3633,-0.0205066568842536
3634,-0.0187001401051845
3635,-0.0167752414689002
3636,-0.0156933688041865
3637,-0.0147117223125984
3638,-0.0128532750314979
3639,-0.0101848299280244
3640,-0.00752970828642522
3641,-0.00548733314814076
3642,-0.00406097324010361
3643,-0.00293489713798298
3644,-0.00181392079108917
3645,-0.000676325154708092
3646,9.60369446286863E-05
3647,0.000114354222262185
3648,-0.000165210843922314
3649,0.000712958781545119
3650,0.00386525310186759
3651,0.00847842762811664
3652,0.0121046456385287
3653,0.0129137680571364
3654,0.0113995254811306
3655,0.00958524712237845
3656,0.00880470882960682
3657,0.00864189904911496
3658,0.00786361469793774
3659,0.00586718085175216
3660,0.00309582052990731
3661,0.000437864846021913
3662,-0.00152260450163736
3663,-0.00284596208847686
3664,-0.00401321960070098
3665,-0.0052672048362692
3666,-0.0061913269219712
3667,-0.00629411793363841
3668,-0.00615288876569828
3669,-0.00745401121152721
3670,-0.0112671741304577
3671,-0.0163886083708603
3672,-0.0200643605841958
3673,-0.0206059219619814
3674,-0.0188745572523954
3675,-0.016955115311403
3676,-0.0158356977728438
3677,-0.0148538216586485
3678,-0.0130785405130104
3679,-0.0105236097920809
3680,-0.0079087201718797
3681,-0.00579435455246356
3682,-0.00425162960035437
3683,-0.0030559488116087
3684,-0.00192339680438836
3685,-0.000766977295457304
3686,8.13384758360754E-05
3687,0.000204486917113344
3688,-2.03409504580879E-05
3689,0.000802776076757164
3690,0.00380205162937262
3691,0.00826154791398988
3692,0.0118720857206678
3693,0.0128695248187499
3694,0.0116427310117239
3695,0.00999870750056269
3696,0.00915451820878288
3697,0.00880937202729527
3698,0.00794833830625944
3699,0.00603840608883678
3700,0.00338397298626693
3701,0.000724727572720326
3702,-0.00133377622350793
3703,-0.00273175356915174
3704,-0.00392266427903187
3705,-0.00523731039199846
3706,-0.00629361086000421
3707,-0.00648692901377622
3708,-0.00626709774300361
3709,-0.00735884904841392
3710,-0.0110083026693539
3711,-0.0161213251280434
3712,-0.019872438941523
3713,-0.0204355692904529
3714,-0.0186485123778035
3715,-0.016701317385065
3716,-0.0156661252522703
3717,-0.0148365277119302
3718,-0.0131724613924389
3719,-0.0106399233642851
3720,-0.00799967504687746
3721,-0.00586248779864319
3722,-0.00430156992531434
3723,-0.00307304256859052
3724,-0.00189767915431526
3725,-0.000712661058073519
3726,0.000133913775176373
3727,0.000225091232967356
3728,-4.45804399725345E-05
3729,0.000760501200529998
3730,0.00380107601516697
3731,0.00832316162143779
3732,0.0119096152301759
3733,0.0127404547273656
3734,0.0113075261496145
3735,0.00959574203097497
3736,0.0088686049512493
3737,0.00868411358765856
3738,0.00787794611651058
3739,0.00593324688284702
3740,0.00327465297026875
3741,0.000685978661188312
3742,-0.00129431915792452
3743,-0.0026609976236446
3744,-0.00384747022132462
3745,-0.00516557018961759
3746,-0.00626283417058438
3747,-0.00653640631141854
3748,-0.00635839578264782
3749,-0.00739285551360918
3750,-0.0109498125857932
3751,-0.0160568747505751
3752,-0.0199083845848377
3753,-0.0205742718525229
3754,-0.0188028840827521
3755,-0.0168004968550571
3756,-0.0157019717792542
3757,-0.014830512654413
3758,-0.013154912691431
3759,-0.0106596429716976
3760,-0.00809338653834437
3761,-0.00599773448626927
3762,-0.00439759258016082
3763,-0.00310387051715837
3764,-0.0019279315453867
3765,-0.000792426898012923
3766,6.5424407266428E-05
3767,0.000263704292061253
3768,7.65969561446861E-05
3769,0.000820952894993473
3770,0.00372371418575626
3771,0.00821659279676586
3772,0.0119455210720035
3773,0.0129427545793442
3774,0.0115319218106895
3775,0.00971699211494784
3776,0.0089207326919289
3777,0.00878014787837155
3778,0.00803910396619742
3779,0.00605697291924889
3780,0.00326494863139962
3781,0.000561203180593853
3782,-0.00143812622242294
3783,-0.00275306453465711
3784,-0.00387621215760494
3785,-0.00513692219257611
3786,-0.00617302269990077
3787,-0.00639241840201833
3788,-0.00618973254730854
3789,-0.00722352231003918
3790,-0.0107806727079859
3791,-0.0158983691312772
3792,-0.0198103054614653
3793,-0.0205854680115603
3794,-0.0188987989110934
3795,-0.0168883247946281
3796,-0.0157177293842662
3797,-0.0148045478331371
3798,-0.0131504871264519
3799,-0.0106683116429128
3800,-0.00804471678346516
3801,-0.00588283386484115
3802,-0.00433063596273969
3803,-0.00321400291792293
3804,-0.00221075934341059
3805,-0.00112129550964685
3806,-0.000223779454939303
3807,-4.12747035992473E-05
3808,-0.00034702494354979
3809,0.000292916621084856
3810,0.00325098083315228
3811,0.00796893944171682
3812,0.0119608072153
3813,0.0131137949835804
3814,0.0117049807294798
3815,0.00980165612918561
3816,0.00893632997945147
3817,0.00881781044870688
3818,0.00816883668145557
3819,0.00626029966359682
3820,0.0034650052246921
3821,0.000717617079469617
3822,-0.00128894707973246
3823,-0.00256434137852212
3824,-0.00366963512731627
3825,-0.00498085454247414
3826,-0.00608979674333742
3827,-0.00632379637081348
3828,-0.00606546649702828
3829,-0.00703923516553927
3830,-0.0105901452721059
3831,-0.0157426826787202
3832,-0.0196764556422421
3833,-0.0204339853562912
3834,-0.0187178821569372
3835,-0.0167082702503621
3836,-0.0155696015392437
3837,-0.0146735427119286
3838,-0.0129906714576967
3839,-0.0104708137321967
3840,-0.00786479425548637
3841,-0.00576623466852906
3842,-0.00422566661748643
3843,-0.00300532041384321
3844,-0.00185304581498658
3845,-0.0006927662785555
3846,0.000180459267256416
3847,0.000337847881533592
3848,4.98877817015176E-05
3849,0.000663871044399829
3850,0.00346749332972578
3851,0.00796527856935672
3852,0.0118177965561616
3853,0.0129649668842317
3854,0.0116122359461411
3855,0.00976411619203844
3856,0.00896995904744925
3857,0.00894767744699124
3858,0.00835466287005885
3859,0.00640982392112132
3860,0.00354901751007454
3861,0.000815822116516835
3862,-0.00109737709787858
3863,-0.00231986839040919
3864,-0.00349237450284275
3865,-0.00492805984694575
3866,-0.00610490319522835
3867,-0.0063311347391678
3868,-0.00606620892682132
3869,-0.00708202667789425
3870,-0.010677221477736
3871,-0.0158169810850779
3872,-0.0197116009733555
3873,-0.0205014086575713
3874,-0.0189281034026393
3875,-0.017087746062756
3876,-0.0160228901153092
3877,-0.0150804396710051
3878,-0.0133206448485073
3879,-0.0107805316467815
3880,-0.0081973684517887
3881,-0.00609280557657844
3882,-0.0044962135343056
3883,-0.00322080491223789
3884,-0.00205284180627472
3885,-0.000891434034188384
3886,-1.81843789267907E-06
3887,0.000157431924200836
3888,-0.000190232136450837
3889,0.000329904144069412
3890,0.00310102366176926
3891,0.00768019076107403
3892,0.0116707547005519
3893,0.0129114410022521
3894,0.0115659556000446
3895,0.00967515141389078
3896,0.00884904089969758
3897,0.00885321305555746
3898,0.00836842573029475
3899,0.00657945074378955
3900,0.00381167753575201
3901,0.00100598400396449
3902,-0.00110020142824469
3903,-0.00244366687502506
3904,-0.00352968121291707
3905,-0.00476946207905176
3906,-0.00586772434536116
3907,-0.00620710355802042
3908,-0.0060779407641702
3909,-0.00706697044362526
3910,-0.0105128138237226
3911,-0.0155778696508288
3912,-0.0195581681950918
3913,-0.0204715753670321
3914,-0.0189142095766011
3915,-0.0169978982781776
3916,-0.0158870599984326
3917,-0.0149808967974719
3918,-0.0132790526984584
3919,-0.0107528351234378
3920,-0.00814648808824814
3921,-0.00602480448441326
3922,-0.00444105347282686
3923,-0.00321043424107851
3924,-0.00210686311069079
3925,-0.000987246179896486
3926,-6.09981172417549E-05
3927,0.000216836646830913
3928,-5.19140166106675E-06
3929,0.000566134372737071
3930,0.00331276603867803
3931,0.00786006222300862
3932,0.0118650433686388
3933,0.0131618839748587
3934,0.0118841305918887
3935,0.0100513844667504
3936,0.00925504322847604
3937,0.00923990394954046
3938,0.0086891094254099
3939,0.00682860689135121
3940,0.00403180694582819
3941,0.00125242101056874
3942,-0.000800456731546689
3943,-0.0021104077626318
3944,-0.0032313626558284
3945,-0.00460273677895599
3946,-0.00589243321128003
3947,-0.00636206176972099
3948,-0.0061758130954845
3949,-0.00692843751184324
3950,-0.0101401228961969
3951,-0.0151742298842808
3952,-0.0193365578955091
3953,-0.0204478008719808
3954,-0.0189227266054522
3955,-0.0169115252912919
3956,-0.0157644208938208
3957,-0.0149606063131094
3958,-0.0133808605538904
3959,-0.0108674780322271
3960,-0.00821745695500344
3961,-0.00613923635812835
3962,-0.00467976883229768
3963,-0.00347664242350764
3964,-0.00220516221418149
3965,-0.000867723133655202
3966,0.000107498618986993
3967,0.000245507541659281
3968,-0.000129541322611975
3969,0.000396728253932762
3970,0.00314319278827389
3971,0.00763521262150237
3972,0.0115634263075191
3973,0.0128684445621672
3974,0.0116864546489201
3975,0.00991906517354819
3976,0.00908122453006923
3977,0.00898695961659591
3978,0.0084451324129124
3979,0.00671013856821343
3980,0.00405569174987538
3981,0.00131072814310059
3982,-0.000850231690643546
3983,-0.00232660606811746
3984,-0.00353285698214234
3985,-0.00482026151647586
3986,-0.00589213518317013
3987,-0.00614567836759111
3988,-0.00587558355997104
3989,-0.00670705534691026
3990,-0.0100870138615499
3991,-0.0152769800697823
3992,-0.0195282096238229
3993,-0.0206690916639356
3994,-0.0191450872373643
3995,-0.0171181834577252
3996,-0.0159347178206972
3997,-0.0150894424280023
3998,-0.0134985822605037
3999,-0.0110052046026213
4000,-0.00834210697261319
4001,-0.00616438442823185
4002,-0.00458166701680631
4003,-0.00337615412770079
4004,-0.00227415921852247
4005,-0.00114240277043983
4006,-0.000230600191163567
4007,-2.90007389536904E-06
4008,-0.000284749279515883
4009,0.000241658775596926
4010,0.00297185208952094
4011,0.00754916379890272
4012,0.0116401972949144
4013,0.0130429191150773
4014,0.0118134496727884
4015,0.00992474963853061
4016,0.00902044705686814
4017,0.00897035407875141
4018,0.0085385857800945
4019,0.00689285229288664
4020,0.00424740347486252
4021,0.00144762411175483
4022,-0.000743009593054951
4023,-0.00214883391065955
4024,-0.00323153539190287
4025,-0.00449666293678371
4026,-0.00574263517135777
4027,-0.00626927429875976
4028,-0.00616168955239833
4029,-0.00693988246051099
4030,-0.0101509561984002
4031,-0.0152401425464106
4032,-0.0195365971265387
4033,-0.0207904740890554
4034,-0.0193201823315381
4035,-0.017238347601319
4036,-0.0159477355652305
4037,-0.0150386754677089
4038,-0.0134774909829445
4039,-0.0110746751336203
4040,-0.00848085103015551
4041,-0.0062932462709603
4042,-0.00463979552634762
4043,-0.00337719462164193
4044,-0.00228169239704657
4045,-0.00118686005982058
4046,-0.00026256321900367
4047,4.7588683682078E-05
4048,-0.000168815879329168
4049,0.000303637495822037
4050,0.00288362621407284
4051,0.00736701162861688
4052,0.0115353653196702
4053,0.0131228827675921
4054,0.0120145732398491
4055,0.0101001812359762
4056,0.00909597295895686
4057,0.00897522946344798
4058,0.00851889555005584
4059,0.00686734801308262
4060,0.00425210340155843
4061,0.00154246188021556
4062,-0.000568019049040362
4063,-0.00202994609584254
4064,-0.00331913699138772
4065,-0.00477823703118855
4066,-0.00601921195028656
4067,-0.00631910310540163
4068,-0.00590682662758408
4069,-0.00646804123552875
4070,-0.0096309824463158
4071,-0.0148320822589702
4072,-0.0193213571597692
4073,-0.0207230572651982
4074,-0.019262657231565
4075,-0.0170868698471438
4076,-0.0157359554423993
4077,-0.0148922998798511
4078,-0.0134695349205795
4079,-0.0111548116671838
4080,-0.00854381140408968
4081,-0.00627652308747492
4082,-0.00454212206902836
4083,-0.00322259921719713
4084,-0.00210132615869844
4085,-0.00101724197749058
4086,-0.000129478323316953
4087,0.000140353985444092
4088,-0.000121262005389799
4089,0.000277924605828449
4090,0.00275957364256001
4091,0.00716334383046846
4092,0.0113043677547063
4093,0.0129074413511585
4094,0.0118452366674478
4095,0.0100264871575963
4096,0.00916977313514521
4097,0.00918234847398568
4098,0.00876485066303706
4099,0.00706231035475346
4100,0.0043862391779739
4101,0.00165045564487405
4102,-0.000481134509138051
4103,-0.00197475642325137
4104,-0.00325298955220908
4105,-0.00462857358343895
4106,-0.00580370724074119
4107,-0.00618281867736964
4108,-0.00597607047551714
4109,-0.00668153375419109
4110,-0.00977336055916801
4111,-0.0147507310437875
4112,-0.0190785710991769
4113,-0.0205181753308205
4114,-0.019229517656736
4115,-0.0171890541232454
4116,-0.0158373817772618
4117,-0.0148903322651898
4118,-0.0133584131413507
4119,-0.0110035704539766
4120,-0.00844798223498215
4121,-0.00631317467261952
4122,-0.00472165248366095
4123,-0.00346358788150221
4124,-0.00227660462004466
4125,-0.00104894884387304
4126,-2.94769297211639E-05
4127,0.00032622228478846
4128,0.000124145606991572
4129,0.000537430665032206
4130,0.00292663789897877
4131,0.0071651208191174
4132,0.0112475460055277
4133,0.0130161581810452
4134,0.0121722815354441
4135,0.0103018525751554
4136,0.00906623355718844
4137,0.00872103007820208
4138,0.00832050274992235
4139,0.00691894403541162
4140,0.00441308687590983
4141,0.00152651570441704
4142,-0.000808885291447186
4143,-0.00222385258807011
4144,-0.00320174628865612
4145,-0.00441751513650027
4146,-0.00574553183232758
4147,-0.00636525711248813
4148,-0.00618936311369259
4149,-0.00672695402075503
4150,-0.00971628364296728
4151,-0.0148113780555326
4152,-0.0193490410311786
4153,-0.0208807082632677
4154,-0.0195432785996458
4155,-0.0174719521690023
4156,-0.0162162532848072
4157,-0.0154112402478304
4158,-0.0139100379292151
4159,-0.0114381730692863
4160,-0.00873320112546814
4161,-0.00653127032137659
4162,-0.00494349778060692
4163,-0.00366746692636437
4164,-0.0023944991867106
4165,-0.00105844104457263
4166,8.56833261150082E-06
4167,0.000294059171803773
4168,-9.01115738751804E-05
4169,0.000126292812668637
4170,0.00246471248991534
4171,0.00688203180982883
4172,0.0112446812033372
4173,0.0131466741791913
4174,0.0122058884652614
4175,0.0102104876649356
4176,0.00905591286502605
4177,0.00894342684661021
4178,0.00864818578570596
4179,0.00709992808323402
4180,0.00439209804805214
4181,0.00148813594048447
4182,-0.000712112901870044
4183,-0.00205691294772908
4184,-0.00311005980105701
4185,-0.00441593344749195
4186,-0.00574076929721279
4187,-0.00631931481093504
4188,-0.00613865020707843
4189,-0.00666134804021683
4190,-0.00956896898667187
4191,-0.0145981826838545
4192,-0.0192062110700293
4193,-0.020892750783814
4194,-0.0196113385133351
4195,-0.017443690636902
4196,-0.0160996033668093
4197,-0.0153558415898171
4198,-0.0139847380962379
4199,-0.0115288610167627
4200,-0.00869175018682519
4201,-0.00635026223669338
4202,-0.00474107839351726
4203,-0.00356244501737708
4204,-0.00244897388051783
4205,-0.00128110192238866
4206,-0.000304292135219261
4207,7.3880891025056E-05
4208,-5.29959885150968E-05
4209,0.000372662955990508
4210,0.00264309087954295
4211,0.00673380470842695
4212,0.010798876566169
4213,0.0127086639341021
4214,0.0120656128528567
4215,0.010369709647562
4216,0.00924465879007581
4217,0.00889787103719525
4218,0.00836669844169398
4219,0.00682369219118466
4220,0.00433587129239267
4221,0.00161211316269295
4222,-0.000641073330690825
4223,-0.00219276111233309
4224,-0.00336432218855146
4225,-0.00458143316426358
4226,-0.00572929853155095
4227,-0.00622442328296171
4228,-0.00608263807395629
4229,-0.00664689425708538
4230,-0.00950834095951542
4231,-0.0144518597251903
4232,-0.0190547293713723
4233,-0.0208750023853385
4234,-0.0198027519037687
4235,-0.0177821911957768
4236,-0.0164246261408044
4237,-0.0155423168497572
4238,-0.0140588733056938
4239,-0.0116324483352491
4240,-0.00891064849271755
4241,-0.00660183479069512
4242,-0.00487201595178493
4243,-0.0035404417112592
4244,-0.00239327234759051
4245,-0.00129159969074791
4246,-0.000339215228077954
4247,8.59477644795034E-05
4248,-7.15211828610141E-05
4249,0.00015087200137733
4250,0.00221128781769835
4251,0.00635657144946099
4252,0.0107601486326524
4253,0.0129868508708971
4254,0.0123590660626606
4255,0.0104574121725043
4256,0.0092289882434791
4257,0.00903353490384792
4258,0.0087215207768974
4259,0.00720709664974578
4260,0.0045489718814831
4261,0.00166368271168366
4262,-0.000602971378671562
4263,-0.00208509305283344
4264,-0.00323594231731146
4265,-0.00451797131662506
4266,-0.00576769399034195
4267,-0.00635091077935676
4268,-0.00624057523609775
4269,-0.00673370266891686
4270,-0.0094362239394367
4271,-0.014254386506599
4272,-0.018879733565343
4273,-0.020812050244915
4274,-0.0197517268612346
4275,-0.0175686419468159
4276,-0.0160393838341596
4277,-0.0151847375644748
4278,-0.0139094412665874
4279,-0.011653791896621
4280,-0.00893959845115127
4281,-0.00658829988067186
4282,-0.00492072951101142
4283,-0.00370874073994593
4284,-0.00255728747165958
4285,-0.00128905339129185
4286,-0.00018080773393955
4287,0.000251508150137863
4288,3.91560003268985E-05
4289,0.000292250498607593
4290,0.00240415538013239
4291,0.00640288578339805
4292,0.010436489452755
4293,0.0123628654144491
4294,0.0117868410969571
4295,0.0102057797577188
4296,0.00923491136889599
4297,0.00908245498144584
4298,0.00876795320874457
4299,0.00738229860407725
4300,0.00488791365730376
4301,0.00198897406843895
4302,-0.000471350529378586
4303,-0.00211714491427208
4304,-0.00327879232685216
4305,-0.00452060689558239
4306,-0.00580398257281814
4307,-0.00644586517239851
4308,-0.00630042626326781
4309,-0.00668363944194291
4310,-0.00933540832773687
4311,-0.0142118226606189
4312,-0.0189162302082294
4313,-0.0208756805576931
4314,-0.0198308618604421
4315,-0.0177024991289784
4316,-0.0162209000444728
4317,-0.0153385159548449
4318,-0.0139999411133728
4319,-0.0117489985525129
4320,-0.00911114544364141
4321,-0.00678786451682646
4322,-0.00502633160332399
4323,-0.00368513569268999
4324,-0.0025004814110356
4325,-0.00129537450722533
4326,-0.000239247742082122
4327,0.000191651238822785
4328,-4.50825926133936E-05
4329,0.000134185838468315
4330,0.00224748697865892
4331,0.00644376505337827
4332,0.0107722014763294
4333,0.0128337032569828
4334,0.012121318039534
4335,0.0103079381980279
4336,0.00924851257326996
4337,0.00916579432388391
4338,0.00890261906995374
4339,0.00746094468925771
4340,0.00491837708427636
4341,0.00210745359415122
4342,-0.000180724242962694
4343,-0.00172976321855581
4344,-0.00293444878345986
4345,-0.00428540610314264
4346,-0.00565556749937008
4347,-0.00633106437953388
4348,-0.00615099349502148
4349,-0.00641869055918781
4350,-0.00892488720389689
4351,-0.0137348286426208
4352,-0.0184951428742501
4353,-0.0205449851903066
4354,-0.0195244531543498
4355,-0.0173844031368714
4356,-0.0159653638819542
4357,-0.0152359441809998
4358,-0.014026189125998
4359,-0.0117897308153052
4360,-0.00910045364481809
4361,-0.00676107420211491
4362,-0.00503113990241401
4363,-0.00370460245674006
4364,-0.00249650522004074
4365,-0.00127976892124701
4366,-0.000246961320967185
4367,0.000175785595897043
4368,-2.50783616200125E-05
4369,0.000159373851579446
4370,0.00216077927781372
4371,0.00619116474150784
4372,0.0104929246746208
4373,0.0127625164344854
4374,0.0123348705122064
4375,0.0106132980675873
4376,0.00936646474671512
4377,0.0090056047318745
4378,0.00862085269647398
4379,0.00726777925640605
4380,0.00488176209111413
4381,0.00215211227606039
4382,-0.000147068511761087
4383,-0.00173697159583619
4384,-0.00296279866003326
4385,-0.00430099117977173
4386,-0.00563637023247234
4387,-0.00629604929537872
4388,-0.00615537466501133
4389,-0.00647697758084303
4390,-0.00894678117407399
4391,-0.0136030992668473
4392,-0.0182277853525432
4393,-0.0203124296247264
4394,-0.0194542236318011
4395,-0.0173988507722444
4396,-0.0158850473602735
4397,-0.0150116734531136
4398,-0.0137747317703217
4399,-0.0115962579326936
4400,-0.0088938710092175
4401,-0.00644657866965538
4402,-0.00466889491165231
4403,-0.00345646748882752
4404,-0.00241455385739507
4405,-0.0012417245612466
4406,-0.000119898817043142
4407,0.000382124514821841
4408,0.000161739686180445
4409,0.000291881477758768
4410,0.00229918587522847
4411,0.00637815853346682
4412,0.0106712792160721
4413,0.0128347217746963
4414,0.0122841913626052
4415,0.0105374261918546
4416,0.00938534749821782
4417,0.00914414200613949
4418,0.00878830007320646
4419,0.0073482675304545
4420,0.00483473093905807
4421,0.00202684363741483
4422,-0.000270817334958227
4423,-0.00179871842327866
4424,-0.00293060509337437
4425,-0.0041776699449596
4426,-0.00547006473377343
4427,-0.00614933709919407
4428,-0.00604163701848661
4429,-0.0063545134773168
4430,-0.00880041976839055
4431,-0.0135001243440786
4432,-0.0182548782247708
4433,-0.0204802320257654
4434,-0.0197083296577953
4435,-0.0176991415147404
4436,-0.0162064867546958
4437,-0.0152800074256764
4438,-0.0139012875602392
4439,-0.0116167265523915
4440,-0.00898674633549512
4441,-0.00673565832166718
4442,-0.0050592714732852
4443,-0.00375223610929532
4444,-0.00256452041743603
4445,-0.00136520123831224
4446,-0.000304655371125612
4447,0.00017592640489366
4448,-4.37067207098888E-05
4449,-1.53004267730342E-05
4450,0.0018197183842816
4451,0.00588309286306159
4452,0.0104404547270758
4453,0.0129613657849662
4454,0.0125711531553103
4455,0.0107302931608266
4456,0.00942125106909223
4457,0.00912947942466879
4458,0.00881923732881813
4459,0.00744173478586351
4460,0.00499460318924254
4461,0.00227119751441097
4462,3.28125703706756E-05
4463,-0.00152104627769483
4464,-0.00274339473825799
4465,-0.00405681255375295
4466,-0.00534157463180181
4467,-0.00597648900380561
4468,-0.00585001740348008
4469,-0.00618484594500388
4470,-0.00866270010719469
4471,-0.0133767939710931
4472,-0.0181315044141124
4473,-0.0203623212695651
4474,-0.019610424552656
4475,-0.0176265616118736
4476,-0.0161579048379862
4477,-0.0152663182985824
4478,-0.0139434949883331
4479,-0.0117085281169533
4480,-0.00907072609182643
4481,-0.00673924585269511
4482,-0.00495313214218119
4483,-0.00355766549156613
4484,-0.00231121415919001
4485,-0.00107173188958162
4486,4.8635611680177E-06
4487,0.000476755590770896
4488,0.000253339598154488
4489,0.000284377594391028
4490,0.00204218943078694
4491,0.00586685169942282
4492,0.0101178231653738
4493,0.0125109481271007
4494,0.0122998345310969
4495,0.0107675553855398
4496,0.00959913677946345
4497,0.00921276016412028
4498,0.00878956092743582
4499,0.00746760397018993
4500,0.00515258185252222
4501,0.00241914163951839
4502,4.63335752558797E-06
4503,-0.00168318671707585
4504,-0.00284885492110401
4505,-0.00402998598858861
4506,-0.00531772625159829
4507,-0.00609274074153929
4508,-0.00602200056283472
4509,-0.00618979148438008
4510,-0.008438395529658
4511,-0.0131408161146039
4512,-0.0181422707614204
4513,-0.0206080624348951
4514,-0.0198194523145273
4515,-0.0175910035399667
4516,-0.01597338471653
4517,-0.0152084097743883
4518,-0.0141559559020644
4519,-0.0120797040512451
4520,-0.00940136398039055
4521,-0.00695535595599636
4522,-0.00512515189712501
4523,-0.00376585511224815
4524,-0.00255253594064949
4525,-0.00128863967898209
4526,-0.000149766204199824
4527,0.000374215121578389
4528,0.000169974454165335
4529,0.000206854089986274
4530,0.00199952106999323
4531,0.00590557122972959
4532,0.0102376671473383
4533,0.0126298315410197
4534,0.0123140014965851
4535,0.0106640617618798
4536,0.00948520042336423
4537,0.0092072906394525
4538,0.00889400697087881
4539,0.00757250048275505
4540,0.00516952924983917
4541,0.00237253317685722
4542,-1.96442566264369E-05
4543,-0.00164896438023714
4544,-0.00279854363468527
4545,-0.00401712366056157
4546,-0.00534247296476803
4547,-0.00610018482559723
4548,-0.00592987495837847
4549,-0.00591975291804546
4550,-0.00797315277940104
4551,-0.0125865535393877
4552,-0.0177010517834777
4553,-0.0204300951511725
4554,-0.019871682316964
4555,-0.0176991153232227
4556,-0.0159934999753654
4557,-0.0151271144948572
4558,-0.0140289070084084
4559,-0.0119295810755773
4560,-0.00921182278186464
4561,-0.0067332581981178
4562,-0.00492525485409808
4563,-0.00366131769050298
4564,-0.00259964517408564
4565,-0.0014979009147328
4566,-0.000458421846475222
4567,7.44665193872387E-05
4568,-7.13255819584215E-05
4569,-4.69956055263385E-05
4570,0.00164777790621583
4571,0.00552658900554427
4572,0.0100426250511072
4573,0.012737308938825
4574,0.012585334547239
4575,0.0108314037835088
4576,0.00941588698515838
4577,0.00898400344034374
4578,0.00866789513882785
4579,0.00742619921638287
4580,0.00512939420872026
4581,0.00245093669195727
4582,0.000134794408033752
4583,-0.00154380146542872
4584,-0.00285110576958772
4585,-0.00419211793809768
4586,-0.00549817120399464
4587,-0.00616596040582577
4588,-0.00599429383647618
4589,-0.00610857064061436
4590,-0.00827455074287459
4591,-0.0128460319402352
4592,-0.0177866785531021
4593,-0.0203634124826596
4594,-0.0197808880260713
4595,-0.0176741206579445
4596,-0.0160254082546905
4597,-0.0151853315379155
4598,-0.0141453846702228
4599,-0.0121615743582067
4600,-0.00953529387494988
4601,-0.00702752781159882
4602,-0.00508522019477946
4603,-0.00368952801889302
4604,-0.00255960001359161
4605,-0.00141538648385333
4606,-0.000325009752538049
4607,0.000221483225186233
4608,8.18035971504609E-06
4609,-5.52030018390377E-05
4610,0.00162856526906476
4611,0.00555525846224861
4612,0.0100648319056882
4613,0.0126762423616197
4614,0.0124956233184203
4615,0.0108661702008572
4616,0.00962755156454104
4617,0.00924862252405263
4618,0.00885542792381185
4619,0.00756849216210206
4620,0.00533838687206325
4621,0.00272035712355123
4622,0.000339839111412827
4623,-0.00144398688529119
4624,-0.0027240441611786
4625,-0.00391165422518187
4626,-0.00513861165132288
4627,-0.00592327818993455
4628,-0.00593974069865433
4629,-0.00611663180569357
4630,-0.00820497886250052
4631,-0.0127053855979072
4632,-0.0176619678612939
4633,-0.0202712328986087
4634,-0.0196726029076128
4635,-0.017560626542038
4636,-0.0159897595956796
4637,-0.0152422067936866
4638,-0.0141746441978828
4639,-0.0120516040781599
4640,-0.00934648583571821
4641,-0.00692594754615004
4642,-0.00512111541586278
4643,-0.00372950171836422
4644,-0.00246751679921688
4645,-0.0012206408834614
4646,-0.000148864773552015
4647,0.000340886943480443
4648,0.000113308611770634
4649,3.79654984294036E-06
4650,0.00151896710399798
4651,0.00526120348302601
4652,0.00978407277875673
4653,0.0126134611165306
4654,0.0125905337558194
4655,0.0108550821837453
4656,0.00938674246082984
4657,0.00895214286194638
4658,0.00872905415263277
4659,0.00758812082135924
4660,0.00528705290599619
4661,0.00249742426098926
4662,7.74435870310315E-05
4663,-0.0015912835396649
4664,-0.00278762453833418
4665,-0.00403250422286821
4666,-0.00535439470079408
4667,-0.00612578167990957
4668,-0.00602295921950741
4669,-0.00607952719450697
4670,-0.00809967783576137
4671,-0.0125699334391458
4672,-0.0175540829718251
4673,-0.0203057344862761
4674,-0.0199311387496809
4675,-0.0179547831894027
4676,-0.0162861800219566
4677,-0.0152784125518984
4678,-0.0140303502010895
4679,-0.0119593940926728
4680,-0.00943824061692701
4681,-0.00712091481180297
4682,-0.00528186419318538
4683,-0.00386149275720663
4684,-0.00268424018580043
4685,-0.00153024691723263
4686,-0.000380033801870752
4687,0.000348029111705386
4688,0.000309633562763351
4689,0.000201140083042619
4690,0.00161536540612283
4691,0.00529850423372382
4692,0.00979573116828184
4693,0.0125498303581895
4694,0.0124598040637004
4695,0.0108270043206713
4696,0.00962088983486812
4697,0.00935682922192238
4698,0.00902955409854395
4699,0.0076619421065425
4700,0.00531108321303202
4701,0.00269116921637209
4702,0.000399815100151583
4703,-0.00137185986422847
4704,-0.00276979508551045
4705,-0.0040766950019289
4706,-0.00532238084208536
4707,-0.006086899456023
4708,-0.0061228996950967
4709,-0.0062838144131898
4710,-0.00820405608438525
4711,-0.0124654818167891
4712,-0.0173614303635849
4713,-0.0201947433244965
4714,-0.0199024493171203
4715,-0.0178955246310299
4716,-0.0161931885311706
4717,-0.0152967481284189
4718,-0.0142398531532085
4719,-0.0122218495859864
4720,-0.00953636941085146
4721,-0.00700552091199275
4722,-0.00510249106155744
4723,-0.00376823055774242
4724,-0.00268412738152253
4725,-0.00155114487106921
4726,-0.000388970608900934
4727,0.000345067785878366
4728,0.000322637419219465
4729,0.000229922275589154
4730,0.00159981883800472
4731,0.00519068389695927
4732,0.00968835456166786
4733,0.0126275779863934
4734,0.0127575170807927
4735,0.0111047016419489
4736,0.00958140847919091
4737,0.00897926895603927
4738,0.00860033377345009
4739,0.00745146144376337
4740,0.00529285899829756
4741,0.00262872565837377
4742,0.000150793238085987
4743,-0.0017196020034938
4744,-0.00304885181037558
4745,-0.00423400427507016
4746,-0.00542359202461572
4747,-0.00618379212995142
4748,-0.0061837108813686
4749,-0.00625188239722859
4750,-0.00807989423481035
4751,-0.0123173011200785
4752,-0.0172793432470785
4753,-0.0202415896700795
4754,-0.0200774357617457
4755,-0.0181200680266104
4756,-0.0163532012224527
4757,-0.0153388925999836
4758,-0.0142314240757941
4759,-0.0122857247905998
4760,-0.00971418019028607
4761,-0.00721020967618
4762,-0.00522903355832707
4763,-0.00382814863648451
4764,-0.00278812444720974
4765,-0.00176213444130719
4766,-0.000644416844473597
4767,0.00013529900929923
4768,0.000144855120127451
4769,-4.21825426818024E-06
4770,0.00130028642358446
4771,0.00494703012894995
4772,0.00960898505344454
4773,0.0126641835240353
4774,0.012772632736949
4775,0.0110682935192964
4776,0.00961742208397884
4777,0.00918753304048942
4778,0.00889878905492831
4779,0.00766195411331063
4780,0.00535229634704
4781,0.00264085756955016
4782,0.0002295541896712
4783,-0.00158480051324885
4784,-0.00294444259592483
4785,-0.00420254624863076
4786,-0.00544239321625524
4787,-0.00621839497644947
4788,-0.00620163090614244
4789,-0.00621186627098842
4790,-0.00798116917642895
4791,-0.0122499687246435
4792,-0.0173404833742115
4793,-0.020380381369941
4794,-0.020110195858954
4795,-0.0179593988110394
4796,-0.0161581224551121
4797,-0.015352351121721
4798,-0.0144991143767671
4799,-0.0126244677215914
4800,-0.00994880841554843
4801,-0.00733691587035428
4802,-0.00531268808750624
4803,-0.00384290119371742
4804,-0.00265291484181305
4805,-0.00148799495650036
4806,-0.000348693189757612
4807,0.000358328818385356
4808,0.000285860915558387
4809,4.85885887016988E-05
4810,0.00120411071298489
4811,0.00467478579936668
4812,0.00927135370847727
4813,0.0124456790919689
4814,0.0127476977786686
4815,0.0111223676159094
4816,0.00957905575007241
4817,0.00902168871565333
4818,0.00874351266639493
4819,0.00767214186338659
4820,0.00553118594896422
4821,0.00284718958277733
4822,0.000345261522265747
4823,-0.00152701665741549
4824,-0.00282325638251784
4825,-0.00397490066957533
4826,-0.00520482378449125
4827,-0.00609514609437236
4828,-0.00620972718166831
4829,-0.00626062096637496
4830,-0.00797870749535361
4831,-0.0121781259027612
4832,-0.0172409087532378
4833,-0.0203066653310591
4834,-0.0200990351558389
4835,-0.0180134080790742
4836,-0.0162344423639201
4837,-0.0153766521082096
4838,-0.0144102441971054
4839,-0.0124232963063998
4840,-0.00972020567583725
4841,-0.00722279126048112
4842,-0.00542324253989563
4843,-0.00415177498677321
4844,-0.00299117558195554
4845,-0.00168992840040601
4846,-0.000416107654300741
4847,0.000269922411639123
4848,5.49797609350257E-05
4849,-0.00027613146638568
4850,0.000936838170786431
4851,0.00455913138088701
4852,0.00928517617544126
4853,0.0125081258449487
4854,0.0127801215145207
4855,0.0110734055096705
4856,0.00945394341813669
4857,0.00889357864963301
4858,0.00868634050548596
4859,0.0076707379616237
4860,0.00550036383758478
4861,0.00275102469299005
4862,0.000248493308462845
4863,-0.00154469830368683
4864,-0.00275439298044689
4865,-0.00385484057733372
4866,-0.00504247113724904
4867,-0.00588151668484924
4868,-0.00596118241942372
4869,-0.00599803685648189
4870,-0.00768600041783775
4871,-0.011843474461596
4872,-0.0169291497336382
4873,-0.0201197230815227
4874,-0.0200486939017265
4875,-0.0179933578877171
4876,-0.016145321996947
4877,-0.0152324735453407
4878,-0.0142884796715484
4879,-0.01234935183323
4880,-0.00964180975177815
4881,-0.00707280293419459
4882,-0.00517517900979435
4883,-0.00383793392148112
4884,-0.0026979929349655
4885,-0.00150437173625272
4886,-0.000331823282747654
4887,0.00037209858565705
4888,0.000283386891244908
4889,4.35220812073017E-05
4890,0.00120331206269677
4891,0.00466700140000152
4892,0.00922715054609537
4893,0.0123098584936702
4894,0.0124727297692576
4895,0.010755851572433
4896,0.00928489518400714
4897,0.00894286495722137
4898,0.0088423821367584
4899,0.00777116946489376
4900,0.00552645086564712
4901,0.00281444750647785
4902,0.000400074433820367
4903,-0.00140586237044454
4904,-0.00276007346093269
4905,-0.00402570770007985
4906,-0.00530013462958866
4907,-0.0061417203588569
4908,-0.00616227523997275
4909,-0.00607830686892199
4910,-0.00760653437150761
4911,-0.0116435828993463
4912,-0.0167200509800069
4913,-0.020004457168463
4914,-0.0200555967264639
4915,-0.0180797705217052
4916,-0.0162498110801389
4917,-0.015326627856013
4918,-0.0143959453301086
4919,-0.0125114235663394
4920,-0.00985211173889893
4921,-0.00726036427195791
4922,-0.00527755195223347
4923,-0.00388894690466706
4924,-0.00281062766638098
4925,-0.00175072680472392
4926,-0.000653791870541455
4927,0.000116968285473465
4928,0.000184960150416355
4929,4.96340420571539E-05
4930,0.00117418569915812
4931,0.00453692357463496
4932,0.0091158551396088
4933,0.012438187768866
4934,0.012933122446272
4935,0.011387991407128
4936,0.00982786617739144
4937,0.00929980664359351
4938,0.00913219089158913
4939,0.00811062286565462
4940,0.00584787823752596
4941,0.00296303965427048
4942,0.000354170340289113
4943,-0.00150316641675581
4944,-0.00278050927226395
4945,-0.00398149611606521
4946,-0.00527164831827415
4947,-0.00615539905456181
4948,-0.00618593834878857
4949,-0.00608756645060938
4950,-0.00759915422971284
4951,-0.011611889138424
4952,-0.0166596303965268
4953,-0.019940752013465
4954,-0.0200237371602273
4955,-0.0180876195754129
4956,-0.0162963640666305
4957,-0.0154391498895806
4958,-0.0145914109275768
4959,-0.0127221772382007
4960,-0.00996113797568311
4961,-0.00724371542829814
4962,-0.00525458212327097
4963,-0.00397025466637244
4964,-0.00292801339996179
4965,-0.00171266304449734
4966,-0.000376538869900842
4967,0.000495059833628862
4968,0.000447478098170568
4969,0.000115863593817767
4970,0.00113340241218804
4971,0.00450975195414329
4972,0.00914615258890718
4973,0.0125190999846176
4974,0.013068008133039
4975,0.0115738086299194
4976,0.0100070886437877
4977,0.00939640859521131
4978,0.00915921497752302
4979,0.00820429719462838
4980,0.00615023325631697
4981,0.00346979336508902
4982,0.000907356522264554
4983,-0.00106198680885017
4984,-0.00246961491020146
4985,-0.00370307899400296
4986,-0.00495003599610638
4987,-0.00581187141597403
4988,-0.00587150127492967
4989,-0.00578085066340729
4990,-0.00721469494899942
4991,-0.0111200344049205
4992,-0.016177189653312
4993,-0.0196709107699075
4994,-0.0200805557793023
4995,-0.0183722046838246
4996,-0.0165643083730653
4997,-0.0155191618770936
4998,-0.0145451878058601
4999,-0.012764960278309
5000,-0.01021050912084
5001,-0.00757427124451196
5002,-0.00543827892795445
5003,-0.00395005839746624
5004,-0.00289643972667935
5005,-0.00189816795600682
5006,-0.000799425572369354
5007,7.60170231952178E-06
5008,3.79705190743848E-05
5009,-0.000233730126296315
5010,0.00076631730426071
5011,0.00413566522396767
5012,0.00884109066003567
5013,0.0122901040909632
5014,0.0128227074951759
5015,0.0112384333635029
5016,0.00961442784901781
5017,0.00902248826509472
5018,0.00881520210840183
5019,0.00783624174192867
5020,0.00572715879559534
5021,0.00302635972885765
5022,0.00050540864395524
5023,-0.00137717739123446
5024,-0.00268295611658207
5025,-0.0038505805301833
5026,-0.00513505136233679
5027,-0.00614502246194241
5028,-0.00635755939868202
5029,-0.00630084471503241
5030,-0.00766014285775911
5031,-0.0115145960591745
5032,-0.0166133946523258
5033,-0.0201491442483728
5034,-0.0204837492709309
5035,-0.0186084560723079
5036,-0.0166680818684129
5037,-0.0155835362288764
5038,-0.0146202788134778
5039,-0.0128751019049028
5040,-0.0104149780927538
5041,-0.00792246446440686
5042,-0.00587285975689756
5043,-0.0043286515190075
5044,-0.00312138336935082
5045,-0.00196684484935618
5046,-0.000731120701863265
5047,0.000192711825175059
5048,0.000219114161236112
5049,-0.000293195442348931
5050,0.000333357309706415
5051,0.00352251151009907
5052,0.00844759130663431
5053,0.0123316225025147
5054,0.0131287750610229
5055,0.0114827119637072
5056,0.00967289877514583
5057,0.00903286765691722
5058,0.00893849949752764
5059,0.0080746953506186
5060,0.00598443644845288
5061,0.00324255901632778
5062,0.000670019103761509
5063,-0.00128403354557847
5064,-0.0026796723257534
5065,-0.00389434758557457
5066,-0.0051371567300365
5067,-0.00605762989485632
5068,-0.00620419752862516
5069,-0.0061132744332487
5070,-0.00743552957336228
5071,-0.0112651989698548
5072,-0.0164141139698824
5073,-0.020075469959661
5074,-0.0205133547644773
5075,-0.0186454038130704
5076,-0.0166780570275871
5077,-0.0156459061094642
5078,-0.0147999397203634
5079,-0.0130863222575371
5080,-0.0104886100010298
5081,-0.00780924153373806
5082,-0.00570526728889713
5083,-0.00424693869649529
5084,-0.0031009657562022
5085,-0.00188406997806604
5086,-0.000553685795432294
5087,0.00038460134894949
5088,0.000403177726482951
5089,-1.12125471658647E-05
5090,0.000763389268315681
5091,0.00391750160131825
5092,0.00852954145405396
5093,0.0120589933707811
5094,0.0127911324326551
5095,0.011414710914116
5096,0.00993386185657969
5097,0.00941781381059532
5098,0.00924414887248516
5099,0.00827016414170694
5100,0.00614935388044196
5101,0.00344307081724153
5102,0.000929444923368656
5103,-0.000968028052759182
5104,-0.0023514156111251
5105,-0.00364370374821246
5106,-0.00503289183238785
5107,-0.00607837781960716
5108,-0.00625849643564948
5109,-0.00611360497869652
5110,-0.00733304839802493
5111,-0.0110486315918459
5112,-0.0161322655797673
5113,-0.0198524351593024
5114,-0.0204711433460923
5115,-0.0187779301432833
5116,-0.0168389785703288
5117,-0.0156955511840499
5118,-0.0147436427373333
5119,-0.0130341911021744
5120,-0.0104972782536301
5121,-0.00780762048694444
5122,-0.00558907567710984
5123,-0.00401978413764886
5124,-0.00289807935339698
5125,-0.0018490293664877
5126,-0.000696483238072795
5127,0.000193224282213419
5128,0.000281170970742713
5129,-9.93542499362406E-05
5130,0.000569826262826088
5131,0.00357437699623331
5132,0.00817878061898089
5133,0.0118668228144372
5134,0.0127316136764795
5135,0.011295567970992
5136,0.0096407701355778
5137,0.00905113707464477
5138,0.00897495896839815
5139,0.00812795886543799
5140,0.00601625305759628
5141,0.00321797288417057
5142,0.000623673164322805
5143,-0.00128352477180066
5144,-0.0026172733566394
5145,-0.00382148892112577
5146,-0.00510991520872508
5147,-0.00609276191751107
5148,-0.00627146283380654
5149,-0.00612693132582365
5150,-0.00727833059544563
5151,-0.0108942244839556
5152,-0.0159570284485048
5153,-0.019760852986749
5154,-0.0204661577208135
5155,-0.018779002324288
5156,-0.0168091576483566
5157,-0.0156764908643181
5158,-0.0147585873063148
5159,-0.0130381945208031
5160,-0.0104678544346874
5161,-0.00782285841114875
5162,-0.00573957559368364
5163,-0.004261693106373
5164,-0.00306440283281293
5165,-0.00182483234385355
5166,-0.000539023046987504
5167,0.000326997910325344
5168,0.00029555859958138
5169,-0.000166350012586121
5170,0.000538072174111845
5171,0.00367701530038148
5172,0.00843572100106136
5173,0.0122109684078127
5174,0.0130538824638789
5175,0.0115204793572196
5176,0.00977426485018269
5177,0.00915873429278532
5178,0.0091271751998652
5179,0.00837930050893951
5180,0.00641337169511028
5181,0.00377822516033234
5182,0.00128375925600976
5183,-0.000660701139706079
5184,-0.00214049932515013
5185,-0.00347656980807841
5186,-0.00479622010496723
5187,-0.00574974909790198
5188,-0.00593091564049399
5189,-0.00583182704265871
5190,-0.00700212881766124
5191,-0.0105901511274573
5192,-0.0156646180090414
5193,-0.0195944615643423
5194,-0.0204715393379108
5195,-0.0188447914043934
5196,-0.0167630502744089
5197,-0.0154596878890652
5198,-0.014471924894307
5199,-0.0128179614807819
5200,-0.0103465567154601
5201,-0.00772083453780118
5202,-0.00557204452525497
5203,-0.00403661500742397
5204,-0.00288153510721074
5205,-0.00178396382522894
5206,-0.0006430713775971
5207,0.000179489616116915
5208,0.000211339503143888
5209,-0.000183512374153372
5210,0.000494162230269661
5211,0.00353210574802497
5212,0.00822506077302224
5213,0.0120381220666371
5214,0.0129823486680329
5215,0.0115348866732396
5216,0.00983556367766797
5217,0.00925511672816599
5218,0.00925333169877651
5219,0.00849162762630643
5220,0.00643760342707592
5221,0.00366760684748625
5222,0.0010675871489005
5223,-0.000885356086740895
5224,-0.00227428950723982
5225,-0.00350195420225979
5226,-0.00480289378221088
5227,-0.00584690779879934
5228,-0.00610929325507072
5229,-0.00593942512585214
5230,-0.00690180226357729
5231,-0.010334667968905
5232,-0.0154606740053343
5233,-0.0195737456825789
5234,-0.0205504205026998
5235,-0.018858945256115
5236,-0.0167028607288759
5237,-0.0154872045337514
5238,-0.0146948071633826
5239,-0.0131287611864116
5240,-0.0105482495176408
5241,-0.00776488353621329
5242,-0.00558912382821502
5243,-0.00413743016704435
5244,-0.00301269714622851
5245,-0.00181450079609258
5246,-0.000523575890121884
5247,0.000400698376749607
5248,0.000473071832352542
5249,5.77552596527659E-05
5250,0.000609881449399081
5251,0.00343489882743705
5252,0.00799337669290963
5253,0.0119104532552563
5254,0.0131204525427501
5255,0.0118346677555202
5256,0.0100544640758304
5257,0.00930338962539513
5258,0.00927230445131015
5259,0.00864386591774502
5260,0.0067162629199599
5261,0.00395189319263143
5262,0.00128234167769737
5263,-0.000735216593599743
5264,-0.00217489163223834
5265,-0.00344434941602391
5266,-0.00474275205124881
5267,-0.00573817642920416
5268,-0.00599694925410325
5269,-0.00594631357239889
5270,-0.00708332993206651
5271,-0.0105925486040403
5272,-0.0156440788854068
5273,-0.0196333903608186
5274,-0.0205509424491
5275,-0.0188673870805851
5276,-0.0167243494530801
5277,-0.0155104107822645
5278,-0.0147439917390737
5279,-0.0132435403524865
5280,-0.0107362982085036
5281,-0.0079956459349748
5282,-0.00581609629551371
5283,-0.00430934716912954
5284,-0.00308319252737755
5285,-0.00177294577959643
5286,-0.000419243624103171
5287,0.000488261651721634
5288,0.000502546691095964
5289,5.65178475589541E-05
5290,0.000624013652040615
5291,0.00345303541125289
5292,0.00793967611724027
5293,0.0117247602645245
5294,0.0128331255538559
5295,0.0115423084067397
5296,0.00982287415145992
5297,0.00911875149172133
5298,0.00909162960854891
5299,0.0084609066944661
5300,0.00655218237298814
5301,0.00380994704904845
5302,0.0011573418755811
5303,-0.000815635680168665
5304,-0.00217793540254534
5305,-0.00341564986963265
5306,-0.0048007887748989
5307,-0.00593558395087216
5308,-0.00621893354725222
5309,-0.00600456007249341
5310,-0.0069060149751077
5311,-0.0102808816552128
5312,-0.0153518452373144
5313,-0.0194457638108728
5314,-0.0204823422687219
5315,-0.0189059935801513
5316,-0.0168329018048766
5317,-0.0156248544472362
5318,-0.0148220075553515
5319,-0.013292891873581
5320,-0.0107594318123982
5321,-0.00794588291573555
5322,-0.00567727890532567
5323,-0.0041964826975358
5324,-0.00316345685213881
5325,-0.00204987252067909
5326,-0.000677925992872625
5327,0.000448269033095149
5328,0.000624223827776534
5329,9.86577192361411E-05
5330,0.000458776486755204
5331,0.0031994978681364
5332,0.0077861062953381
5333,0.0117102799876827
5334,0.0128636882849495
5335,0.0115517566349047
5336,0.00982150355198664
5337,0.00910601257779724
5338,0.00902920105539171
5339,0.00836220386592724
5340,0.00651056217663473
5341,0.00386842043069544
5342,0.00120329392738309
5343,-0.00093702835440492
5344,-0.00245420009858149
5345,-0.0036583733609991
5346,-0.00487438093235175
5347,-0.00592053468968955
5348,-0.00628615132406692
5349,-0.00617348506973809
5350,-0.00701758061863833
5351,-0.0102186507330489
5352,-0.0152133739363308
5353,-0.0194435078242206
5354,-0.0207074916195138
5355,-0.0192415149075408
5356,-0.0170964249036975
5357,-0.0157587482508932
5358,-0.0149345157011709
5359,-0.0135377115305747
5360,-0.0111840893028911
5361,-0.00844021886035058
5362,-0.00606554881248933
5363,-0.00440170865750297
5364,-0.00329045131810244
5365,-0.00228437119363793
5366,-0.00108760487901212
5367,-9.74582481346945E-06
5368,0.000293348711021191
5369,-8.15610685009277E-05
5370,0.000292810007034256
5371,0.00294529232419967
5372,0.00752185749118277
5373,0.0116067181168465
5374,0.0129745100465453
5375,0.0117442778550644
5376,0.00992470454086513
5377,0.00908717900950892
5378,0.0089960246298892
5379,0.00841579590793265
5380,0.00663929379528268
5381,0.00399283765919631
5382,0.00128673159949002
5383,-0.000856072032402783
5384,-0.00232996888594242
5385,-0.00350135765054985
5386,-0.00473421883156656
5387,-0.00583002566460532
5388,-0.00624953264313313
5389,-0.00619855520745796
5390,-0.00711822055784651
5391,-0.0103679799929624
5392,-0.0153262021142519
5393,-0.0194488750347496
5394,-0.0206417208410014
5395,-0.0192333804528529
5396,-0.0172336155968798
5397,-0.0159819454429603
5398,-0.0150901854329641
5399,-0.0135402693979755
5400,-0.0111058129659929
5401,-0.00842713594877373
5402,-0.00617310197842364
5403,-0.00453579381980823
5404,-0.00331670079035122
5405,-0.00217572048507805
5406,-0.000941957522702028
5407,7.06338951577328E-05
5408,0.00030329642367617
5409,-8.44896366486391E-05
5410,0.000297317958443475
5411,0.00292197500746486
5412,0.00745482782728552
5413,0.0115376291092961
5414,0.0129389646683093
5415,0.0117103593712921
5416,0.00983778218203774
5417,0.00895570607518983
5418,0.00888220638026922
5419,0.00834466055674405
5420,0.00657538682476885
5421,0.00393050055749787
5422,0.00131069228958722
5423,-0.000662339997507715
5424,-0.00202798793763857
5425,-0.00329157294193786
5426,-0.00476484928271946
5427,-0.00602189550485057
5428,-0.00633900603552381
5429,-0.00597256447178894
5430,-0.0066102510217669
5431,-0.00981912821296556
5432,-0.0149557436880518
5433,-0.0192763314440424
5434,-0.0205359745220071
5435,-0.0191021008202671
5436,-0.0171140537675853
5437,-0.0159470846141062
5438,-0.0151299194115658
5439,-0.0135788057340026
5440,-0.0110973484808962
5441,-0.00838011866587532
5442,-0.00610668083279353
5443,-0.00447937096234319
5444,-0.0033413474730634
5445,-0.00233786134819106
5446,-0.00116899519806512
5447,-4.97345005295418E-05
5448,0.000350756903719836
5449,-3.29075310313406E-05
5450,0.000151290572840486
5451,0.00260862120066999
5452,0.00721512487718467
5453,0.0115266431705723
5454,0.013052241847055
5455,0.0117460927717154
5456,0.00974466337924057
5457,0.00885201487583005
5458,0.00889461536018197
5459,0.00851784968760698
5460,0.00689742475655002
5461,0.00433264482861587
5462,0.00163780444299934
5463,-0.000560238086530739
5464,-0.00210883798164811
5465,-0.00330404909005317
5466,-0.00451131830875624
5467,-0.00560766871930557
5468,-0.00606981894173893
5469,-0.00600402770536197
5470,-0.00678868173270564
5471,-0.00990538710291517
5472,-0.0149211704592324
5473,-0.0192845985933506
5474,-0.0206673100550812
5475,-0.0192176457462394
5476,-0.0170466394541131
5477,-0.0157464174760196
5478,-0.0150223437922254
5479,-0.0137022500377051
5480,-0.0113711525867381
5481,-0.00865630152723259
5482,-0.00635093947858602
5483,-0.00472912926633383
5484,-0.00355750870259837
5485,-0.00242419059066933
5486,-0.00113627093033736
5487,-3.63868638232994E-05
5488,0.000273756896599239
5489,-8.7824535480443E-05
5490,0.000243163351237295
5491,0.00276300210225447
5492,0.00721668797296551
5493,0.0113268259462917
5494,0.0128731078502966
5495,0.011838767371631
5496,0.0101148160791372
5497,0.00927494743217245
5498,0.00914713798457632
5499,0.00854332412029134
5500,0.00679828047676184
5501,0.00427984342146891
5502,0.00176561037181805
5503,-0.000254967933186986
5504,-0.00177995239413664
5505,-0.0031200637590594
5506,-0.00449330184582904
5507,-0.00563175733905566
5508,-0.00601135314608537
5509,-0.00581902317178929
5510,-0.00646871881904259
5511,-0.00945559517519807
5512,-0.0144272313266138
5513,-0.0189135420646726
5514,-0.0205140454247589
5515,-0.019191403992238
5516,-0.0169871732160926
5517,-0.0156234004930062
5518,-0.0149314451897632
5519,-0.0136768848976195
5520,-0.0113048631069519
5521,-0.00844602332621198
5522,-0.00603466635975796
5523,-0.00442947138471075
5524,-0.00334992699682419
5525,-0.00231332561570885
5526,-0.00110285921677551
5527,-3.49763242984259E-05
5528,0.000318361565874136
5529,1.39843282040828E-05
5530,0.000282624280997504
5531,0.00261555999881818
5532,0.0069672222197577
5533,0.0112390217443724
5534,0.0130748770056938
5535,0.0121241506206255
5536,0.0101668130752992
5537,0.00904760138583429
5538,0.00890666344863235
5539,0.00851721205734844
5540,0.00689764045906824
5541,0.00423941871607651
5542,0.00148214346302985
5543,-0.000628982386156042
5544,-0.00205900415741445
5545,-0.00329184483483433
5546,-0.00466415766283254
5547,-0.00585076510746493
5548,-0.00623255253662082
5549,-0.00600855717444169
5550,-0.00665624635076695
5551,-0.00965744035235699
5552,-0.0145923458200819
5553,-0.0190018407397178
5554,-0.020585416509164
5555,-0.0193436037567075
5556,-0.0172161722810097
5557,-0.0158199408654867
5558,-0.0150359399644337
5559,-0.0137703292973781
5560,-0.0115034676680467
5561,-0.0087594871973166
5562,-0.00638765096150173
5563,-0.00477681998711348
5564,-0.00367973245760779
5565,-0.00255122152154212
5566,-0.0011290314334168
5567,0.000154725509283453
5568,0.00055430134651716
5569,0.000135054888972002
5570,0.0003235283451515
5571,0.0027214419413782
5572,0.00715734695402997
5573,0.0113802312598855
5574,0.0131124864809776
5575,0.0122140858905391
5576,0.0104856611012244
5577,0.00954147370294325
5578,0.00934503810036295
5579,0.00878051495131494
5580,0.00709512887829049
5581,0.00451025800235848
5582,0.00178677191040602
5583,-0.00042944562426906
5584,-0.00197108513847651
5585,-0.00315936361540233
5586,-0.00439141051230329
5587,-0.00555947330105138
5588,-0.00612073500617138
5589,-0.00608999766150336
5590,-0.00672485039052484
5591,-0.00952466590239171
5592,-0.014298178231573
5593,-0.0187523885680821
5594,-0.02052307453506
5595,-0.019435614387426
5596,-0.0173513478707792
5597,-0.0159418858700073
5598,-0.0151519711713101
5599,-0.0138803233794238
5600,-0.0115715228391645
5601,-0.00874176091080491
5602,-0.00625510178099967
5603,-0.00453134524308256
5604,-0.00339066698068464
5605,-0.00235605567794417
5606,-0.00112965436108163
5607,8.67648470848477E-06
5608,0.000417468283581981
5609,7.41812357448263E-05
5610,0.000235365122866928
5611,0.00249464846341279
5612,0.00685993276518226
5613,0.0111976472479835
5614,0.0131137318148499
5615,0.0122723018341816
5616,0.0104484783066022
5617,0.00939489531051538
5618,0.00917071688961297
5619,0.00863271066481628
5620,0.00699679427972345
5621,0.00451352702440429
5622,0.00193129051704058
5623,-0.000215618154637544
5624,-0.00183665801191842
5625,-0.00316465885923738
5626,-0.00443493124358518
5627,-0.00549491036587164
5628,-0.0058956273118653
5629,-0.00574778616620763
5630,-0.00633923994101352
5631,-0.00918497727688142
5632,-0.0140997866877663
5633,-0.0187113258613629
5634,-0.0205103455387763
5635,-0.0192744148919005
5636,-0.016994933997699
5637,-0.0155040486024087
5638,-0.0147615898556349
5639,-0.0135748602512155
5640,-0.0113524878066948
5641,-0.00865081443108281
5642,-0.00632709465482015
5643,-0.00471417324421363
5644,-0.00358235982174018
5645,-0.00250225675678339
5646,-0.00122603491163823
5647,-1.66642129335873E-05
5648,0.000480087932966377
5649,0.000141599830878031
5650,0.000150552480835983
5651,0.00221291728827512
5652,0.00655172915945708
5653,0.0110867198989377
5654,0.01323241443173
5655,0.0124463024107953
5656,0.0105178774147632
5657,0.00937643353182887
5658,0.00917679350679349
5659,0.00869348608020981
5660,0.00701796205508331
5661,0.00439390151565945
5662,0.00168185672559284
5663,-0.000470119095018717
5664,-0.00195935313775987
5665,-0.00312719337234005
5666,-0.00436166108218334
5667,-0.00557086023003552
5668,-0.00619033993587721
5669,-0.00612390924550809
5670,-0.00656654954944781
5671,-0.00916198063426243
5672,-0.0139478620600795
5673,-0.0186442126495317
5674,-0.0206334504542375
5675,-0.0195278504565447
5676,-0.0172660734280129
5677,-0.0157519585549197
5678,-0.0150180724739767
5679,-0.0138531001386299
5680,-0.0115910837571613
5681,-0.00876292261290715
5682,-0.00629121415348042
5683,-0.00459373773215147
5684,-0.003450590609035
5685,-0.0023733408916901
5686,-0.0010853386819826
5687,0.000101650779286672
5688,0.000500390452885267
5689,4.60951230273603E-05
5690,1.57257517633304E-05
5691,0.00209464206406622
5692,0.00636584973516363
5693,0.0106836840295208
5694,0.0126063777175414
5695,0.0118026836579427
5696,0.0100828651569578
5697,0.00917761913312144
5698,0.00907079686840594
5699,0.00858548321670351
5700,0.00697342554894788
5701,0.00450565933299143
5702,0.00189082870651593
5703,-0.000355160401757486
5704,-0.00206902269582331
5705,-0.00340179302633422
5706,-0.0046216641927338
5707,-0.00568437209417873
5708,-0.00615481393985281
5709,-0.00601133879494615
5710,-0.00642999561216822
5711,-0.00900711739475588
5712,-0.01377125344479
5713,-0.0184650320541163
5714,-0.0204772512726826
5715,-0.0193996965513241
5716,-0.0171638082226581
5717,-0.0156995238210525
5718,-0.0150548897618197
5719,-0.0139775227238866
5720,-0.0117406803343411
5721,-0.00887794625491339
5722,-0.00638503553256325
5723,-0.00472849501574666
5724,-0.00364710670199642
5725,-0.00257911142565157
5726,-0.00124038133416271
5727,1.10282174402733E-06
5728,0.000421903441788856
5729,-2.67791646057328E-05
5730,-5.22107025110451E-05
5731,0.00201875685698679
5732,0.00627696408402536
5733,0.0106253505393755
5734,0.012635402999375
5735,0.0118952422595327
5736,0.0101269320093135
5737,0.00910068010292867
5738,0.00893798351946138
5739,0.00851474737858283
5740,0.00697030207924226
5741,0.00445858920376462
5742,0.00174968535749619
5743,-0.00046791863690645
5744,-0.0019904320020438
5745,-0.00313958469704449
5746,-0.00435776584317234
5747,-0.00556162671822825
5748,-0.00612484124274347
5749,-0.00592394997332837
5750,-0.00621666598263505
5751,-0.0087199393686714
5752,-0.0134813564027932
5753,-0.0182144044551687
5754,-0.0203392499268162
5755,-0.0194839445571433
5756,-0.017470924620851
5757,-0.0160101074279622
5758,-0.0150778624691198
5759,-0.0136532404558374
5760,-0.0113298606799811
5761,-0.00868575725899434
5762,-0.00643294733382752
5763,-0.00477634467554063
5764,-0.00352717823721002
5765,-0.00240395848746625
5766,-0.00122429567049279
5767,-0.000151263539666955
5768,0.000313432335070557
5769,5.61936547969245E-05
5770,0.000110641967993225
5771,0.0020473866243422
5772,0.00614660530377981
5773,0.0105440311112902
5774,0.0127924453780569
5775,0.0122384121070231
5776,0.0104271610841219
5777,0.00919808993629188
5778,0.00887848596210818
5779,0.00845807757318931
5780,0.00701458029465488
5781,0.0045693071017787
5782,0.00182938877983653
5783,-0.00047818810504232
5784,-0.00207958638045902
5785,-0.00327281149212592
5786,-0.00453204761896669
5787,-0.00580524790337983
5788,-0.00644594289166879
5789,-0.00627501977956751
5790,-0.00652459585446484
5791,-0.00895206057776798
5792,-0.0136709139572649
5793,-0.0184155222198191
5794,-0.0205650587475504
5795,-0.0196972792320495
5796,-0.0176329510540112
5797,-0.0161295746003486
5798,-0.0152097217463213
5799,-0.0138501490432923
5800,-0.0115944922172599
5801,-0.00896905553520031
5802,-0.00668150173305123
5803,-0.00498195451274974
5804,-0.00372526312013545
5805,-0.00262072395517165
5806,-0.00143688592185742
5807,-0.000316024964678517
5808,0.000194518826291159
5809,-7.93267228250243E-05
5810,-9.6389596752157E-05
5811,0.00179465096774534
5812,0.00593615142834233
5813,0.0104287774883169
5814,0.0127285806745898
5815,0.0121341488290802
5816,0.0102412771333094
5817,0.00897306051923256
5818,0.00868205897286344
5819,0.00832094370465743
5820,0.00693281151517884
5821,0.00454173386952924
5822,0.00185613762150217
5823,-0.000427503134516212
5824,-0.00205853142651107
5825,-0.00329442819396423
5826,-0.00453505874641092
5827,-0.00571947532544592
5828,-0.00629044034549537
5829,-0.00615522870218704
5830,-0.006514160409926
5831,-0.00900563113945066
5832,-0.0136875851995518
5833,-0.0183728341796391
5834,-0.0205392257568934
5835,-0.0197389000350486
5836,-0.0176765176246358
5837,-0.0160796503699165
5838,-0.0150920371260189
5839,-0.0138019477132339
5840,-0.0116803232880326
5841,-0.00906954927646258
5842,-0.00662763604167247
5843,-0.00477240089813288
5844,-0.00353253069462339
5845,-0.00256833762567974
5846,-0.00144908611662795
5847,-0.000249634674125406
5848,0.000315404414637815
5849,-0.000102035195710111
5850,-0.000383765722788591
5851,0.00138496482871851
5852,0.00568534614146316
5853,0.0104722322623202
5854,0.0129546326292864
5855,0.0123577325364251
5856,0.0104056536348147
5857,0.00914097362306919
5858,0.0088858511715259
5859,0.00850866362509479
5860,0.00707343018127248
5861,0.00470691246317835
5862,0.00214021082973358
5863,-4.21398710980011E-05
5864,-0.0016955832151198
5865,-0.00304577846578294
5866,-0.00437720443651727
5867,-0.00557477675314559
5868,-0.0061170496074949
5869,-0.0059488554926019
5870,-0.00627499560290554
5871,-0.00876308004880691
5872,-0.0135269164515809
5873,-0.0183616696559253
5874,-0.020625827930952
5875,-0.0197939349754502
5876,-0.0176574672697268
5877,-0.0160855510542222
5878,-0.0152163889838779
5879,-0.0139976207159011
5880,-0.01183926751569
5881,-0.00918492795147649
5882,-0.00677798753721262
5883,-0.00495969802348072
5884,-0.00365060411594029
5885,-0.0025670047156836
5886,-0.00142400304482779
5887,-0.000287924977309148
5888,0.000305935036819471
5889,8.97563986687394E-05
5890,4.06784461888259E-06
5891,0.00173625796118445
5892,0.00578258175061558
5893,0.0103310893597062
5894,0.0127575590186594
5895,0.0122372823200767
5896,0.0103626869787725
5897,0.00914003768221699
5898,0.00893757599597138
5899,0.00863387612164563
5900,0.00723834979904912
5901,0.00483685017908617
5902,0.00218178216077412
5903,-8.76840152114612E-05
5904,-0.00178237103175337
5905,-0.00310510497128629
5906,-0.00435095648008314
5907,-0.00546151815181047
5908,-0.00598301363673786
5909,-0.00585855943561804
5910,-0.00619627301101487
5911,-0.00857029314856116
5912,-0.0131368933400105
5913,-0.0178634284081254
5914,-0.020234521731234
5915,-0.0196516568243576
5916,-0.0176978244651438
5917,-0.0161212154670089
5918,-0.0151425117624226
5919,-0.0138739026504161
5920,-0.0117816697102556
5921,-0.00923811079683251
5922,-0.00691854774039212
5923,-0.0051688989201699
5924,-0.00391926575799972
5925,-0.00284424004488712
5926,-0.00162704148640356
5927,-0.000378717897209497
5928,0.000293687569444335
5929,0.000106429568974634
5930,1.986536456012E-05
5931,0.00170920817374418
5932,0.0056602814640542
5933,0.0101419900295759
5934,0.0126553543179366
5935,0.0123698838531191
5936,0.0106960032133366
5937,0.00947843306465583
5938,0.00913733244001857
5939,0.00873633730137858
5940,0.00736335064282982
5941,0.00500681152439712
5942,0.00231993543238553
5943,-1.55932937331118E-05
5944,-0.00170884408202375
5945,-0.00296897574527636
5946,-0.00420927720770645
5947,-0.00544066113325292
5948,-0.00612182590949562
5949,-0.00603539139992335
5950,-0.00623366277008931
5951,-0.00841150868854191
5952,-0.0129061115845237
5953,-0.0177417212348414
5954,-0.0202834049160056
5955,-0.0197762114099638
5956,-0.0177789956826863
5957,-0.0161433552483227
5958,-0.0151657117413041
5959,-0.013915435445922
5960,-0.0117806298404647
5961,-0.00913506328284873
5962,-0.00671978701888493
5963,-0.00492118703036299
5964,-0.00366814663744715
5965,-0.0026379021930361
5966,-0.00150925866861891
5967,-0.000338129518415329
5968,0.000325636100907327
5969,0.000155986753979361
5970,6.45915810568498E-06
5971,0.00155324796373914
5972,0.00543624113011181
5973,0.0100260146774129
5974,0.0126931249758188
5975,0.0123898513200382
5976,0.0105220640480738
5977,0.00916780861638421
5978,0.00891301046776831
5979,0.00870586383881557
5980,0.00740223470555988
5981,0.00493988585129533
5982,0.00213120953481194
5983,-0.000202643623357104
5984,-0.00179878796215763
5985,-0.00296958843208978
5986,-0.00416372386525694
5987,-0.00536089485480794
5988,-0.00600966274242033
5989,-0.00592457391518672
5990,-0.0061768374802995
5991,-0.00843322345520613
5992,-0.0129800622261394
5993,-0.0178086218836309
5994,-0.0202946213682028
5995,-0.0197416565119856
5996,-0.0177758710745298
5997,-0.0162520358879991
5998,-0.0153773989085113
5999,-0.0141163267392378
6000,-0.0118471961384413
6001,-0.00904390939833719
6002,-0.00655586756468092
6003,-0.00478713954944807
6004,-0.00360211553026917
6005,-0.00261687577497248
6006,-0.00151598500621193
6007,-0.000410869856343947
6008,0.000119017473709785
6009,-0.000196946282384014
6010,-0.000394165290036192
6011,0.00125720441473598
6012,0.00531419540692218
6013,0.010001095266506
6014,0.0126439622608467
6015,0.0123002354509067
6016,0.0104823796461442
6017,0.00922437487422699
6018,0.00898287216911824
6019,0.00869169198014287
6020,0.0073487213958966
6021,0.00499586157163999
6022,0.00235438771433631
6023,7.2093698833655E-05
6024,-0.00161351852281746
6025,-0.00287331094519862
6026,-0.00405857858499295
6027,-0.00522384471498276
6028,-0.00592675886963888
6029,-0.00593774737903327
6030,-0.00617933698370878
6031,-0.00828347668133289
6032,-0.0126876691631054
6033,-0.0175410681702817
6034,-0.0201944266731095
6035,-0.0197789101395381
6036,-0.0177926397439619
6037,-0.0161216668973408
6038,-0.0151148379369004
6039,-0.0138709280917264
6040,-0.0118030957989472
6041,-0.0092808419075613
6042,-0.00695881319764078
6043,-0.00511451486920515
6044,-0.00369488391056653
6045,-0.00253783871141648
6046,-0.00143345233327233
6047,-0.000352022136272925
6048,0.000311068444239741
6049,0.000214047386835203
6050,2.71384425946072E-05
6051,0.00134182385577177
6052,0.00497738085360281
6053,0.00957162575118153
6054,0.012550195917991
6055,0.0126527058200257
6056,0.0110316496926286
6057,0.00969101459531748
6058,0.00932282909241329
6059,0.00901876390428056
6060,0.00770818679946343
6061,0.00531352585461926
6062,0.00257233156120035
6063,0.000231255802617596
6064,-0.00144836303125059
6065,-0.00270170350445094
6066,-0.00392093765223413
6067,-0.0051370357101166
6068,-0.00588693986384213
6069,-0.00595276312747674
6070,-0.00624577789080763
6071,-0.00834903480439576
6072,-0.0126946216189903
6073,-0.0175091471515203
6074,-0.0202100959601644
6075,-0.0198913062590998
6076,-0.0179647954998065
6077,-0.0162994415732024
6078,-0.0152904110210319
6079,-0.0140449911914587
6080,-0.0119369158847951
6081,-0.0093441121764848
6082,-0.00699295617327417
6083,-0.00517978216940707
6084,-0.00377211936763881
6085,-0.00255691449788316
6086,-0.00139827840449228
6087,-0.000347549290155631
6088,0.000262179147897984
6089,0.000205186615408199
6090,0.000107739254183145
6091,0.00138134282163478
6092,0.00480351398241974
6093,0.00921718056024997
6094,0.0122388416262037
6095,0.0125197819688049
6096,0.0109735262962891
6097,0.0095465119765822
6098,0.00910321365563801
6099,0.00886040005084909
6100,0.00766244975184047
6101,0.00531250283841055
6102,0.00258927544570127
6103,0.000336027098349972
6104,-0.00124996433133434
6105,-0.00257795906125476
6106,-0.00405709351490174
6107,-0.00550041630636915
6108,-0.00623940393585136
6109,-0.00610144881581631
6110,-0.00621421054286815
6111,-0.00829224117981664
6112,-0.0127207390422986
6113,-0.0176271767858352
6114,-0.0203894754413889
6115,-0.0200914672981047
6116,-0.0181201355796553
6117,-0.0163580415902368
6118,-0.0152987015096112
6119,-0.0141378958008051
6120,-0.0121936175009759
6121,-0.00968489415430963
6122,-0.00727448073933571
6123,-0.00537133950182585
6124,-0.00396083736518367
6125,-0.00277277223780883
6126,-0.00153223671472107
6127,-0.000314636147563094
6128,0.000350939019763071
6129,0.000157539327836174
6130,-6.6434495974667E-05
6131,0.00133251244081139
6132,0.00506467613991809
6133,0.0096489528728576
6134,0.012530888358923
6135,0.0125503829403196
6136,0.0108975693378352
6137,0.0095411748613006
6138,0.00917067970178099
6139,0.00893881434482986
6140,0.007798040233742
6141,0.00558308444294147
6142,0.00291395755641261
6143,0.00052236244729311
6144,-0.00123937410761378
6145,-0.00253842882078444
6146,-0.00380145886184619
6147,-0.00511633547983509
6148,-0.00597220248275786
6149,-0.00601480484687132
6150,-0.00609651712724577
6151,-0.00793035078437653
6152,-0.0121624463784896
6153,-0.0170981490452219
6154,-0.0200205917643225
6155,-0.0198346820292379
6156,-0.0179162629080038
6157,-0.0162616115370276
6158,-0.0153728099766417
6159,-0.0142993647962404
6160,-0.0122595207912175
6161,-0.00956780715963044
6162,-0.00706107695798089
6163,-0.00520000512652529
6164,-0.00388677314931439
6165,-0.00277633534347149
6166,-0.00158605334838444
6167,-0.000374525987743903
6168,0.000376528984244273
6169,0.00033492307972274
6170,0.000195097801565632
6171,0.00152094207407725
6172,0.00511848156047521
6173,0.00967513119942424
6174,0.0126437608719466
6175,0.0127004503796666
6176,0.0109438212865526
6177,0.00945882529894277
6178,0.00907898215644582
6179,0.00890811689186191
6180,0.00773666958604933
6181,0.00538435064843684
6182,0.00263805340302545
6183,0.000326072870311149
6184,-0.00133148770591249
6185,-0.00267936643978415
6186,-0.004108071578282
6187,-0.00549583288241716
6188,-0.00622838347061314
6189,-0.00607982097468326
6190,-0.00608073100177017
6191,-0.00796007444210181
6192,-0.0122544502554648
6193,-0.0172221054776008
6194,-0.0202104462040827
6195,-0.0201583033600663
6196,-0.0183422931761594
6197,-0.0166334625983606
6198,-0.0155618805288777
6199,-0.0143574573420355
6200,-0.0123653400650023
6201,-0.00981839669926846
6202,-0.0073677856216556
6203,-0.00542239933049965
6204,-0.00402333520215171
6205,-0.00294422940663357
6206,-0.00181451687586408
6207,-0.000518896172240295
6208,0.000439432908354607
6209,0.000483439396894944
6210,0.000154034462095809
6211,0.00119784433938048
6212,0.00475199403722276
6213,0.00958281944847447
6214,0.0128804393193097
6215,0.0130460935333381
6216,0.0111928691362945
6217,0.00961731286506972
6218,0.00926529722252605
6219,0.00916740945133937
6220,0.00802324232574481
6221,0.00566139946354135
6222,0.00289907770952958
6223,0.000535710101433701
6224,-0.00122339731925091
6225,-0.00264496335759299
6226,-0.00403995505778954
6227,-0.00534749686707418
6228,-0.00609898774310185
6229,-0.00609156469952207
6230,-0.00620167102792315
6231,-0.00803006598507993
6232,-0.0121928420111995
6233,-0.0171281594291813
6234,-0.0202127442408441
6235,-0.0202295913810113
6236,-0.0183504740837507
6237,-0.0165567010153496
6238,-0.0155515456932854
6239,-0.0145410728747307
6240,-0.0126573302581425
6241,-0.0100088857001152
6242,-0.00737900264714214
6243,-0.00539439789555013
6244,-0.00412930860989545
6245,-0.00319765199560251
6246,-0.00210691908578603
6247,-0.000786535077028561
6248,0.000170597563385206
6249,0.000192642785662412
6250,-0.000137809730350768
6251,0.000882588235527147
6252,0.00432075054500519
6253,0.00900832528932006
6254,0.012310992965019
6255,0.0126819924580203
6256,0.0110552383367465
6257,0.00952843598918012
6258,0.00908472041699554
6259,0.00896253983488529
6260,0.00794214339444824
6261,0.00569692466725817
6262,0.00287852563753776
6263,0.000338571072993661
6264,-0.00152900925073401
6265,-0.00291286401935511
6266,-0.00421883653044107
6267,-0.00548024388514386
6268,-0.00619653129427441
6269,-0.00609601158948884
6270,-0.00608808525928981
6271,-0.00788374449372365
6272,-0.0121464909187762
6273,-0.0172468811459566
6274,-0.0204670188711249
6275,-0.020556219574729
6276,-0.0186974656625433
6277,-0.0168730889930581
6278,-0.0157805894255145
6279,-0.014660140327135
6280,-0.0127136010821232
6281,-0.0100861342930328
6282,-0.0075166458119653
6283,-0.00554944174693227
6284,-0.00422367266644083
6285,-0.00318908102768472
6286,-0.00200119742647857
6287,-0.000598497034602422
6288,0.000427700210824984
6289,0.000466545222755882
6290,4.93008791788739E-05
6291,0.000906784703328056
6292,0.00422733962247799
6293,0.00893983332992915
6294,0.0123690446053352
6295,0.012834983010883
6296,0.011197678526307
6297,0.00960356390957196
6298,0.00911736639120028
6299,0.00899446948385337
6300,0.00798895947053678
6301,0.00577852172925803
6302,0.0030451094302204
6303,0.000628110883725663
6304,-0.0011460723528404
6305,-0.00252186394524524
6306,-0.00389841654995626
6307,-0.00526554292970747
6308,-0.00608544025267403
6309,-0.00605806624065547
6310,-0.00606294156206098
6311,-0.00779745930727178
6312,-0.0119496209410242
6313,-0.0169367448124606
6314,-0.0200776969958846
6315,-0.0201425679403878
6316,-0.0183267047756922
6317,-0.0166031088402713
6318,-0.0156263231791892
6319,-0.0145907805277516
6320,-0.0126972009277915
6321,-0.0101227105957228
6322,-0.0076031628817782
6323,-0.00562136027142812
6324,-0.00417767606716016
6325,-0.00299879504320895
6326,-0.0017953520995665
6327,-0.00057531717776999
6328,0.000193858711286858
6329,0.000119509023744414
6330,-0.000178924510045584
6331,0.000885351774707211
6332,0.00427392225309101
6333,0.00884669649907456
6334,0.0120746695326853
6335,0.0124600658956965
6336,0.010893301677423
6337,0.00941490108532255
6338,0.00900386703354532
6339,0.00892872975225464
6340,0.00798413397394123
6341,0.00583527093585794
6342,0.00312431122429563
6343,0.000692544417600737
6344,-0.0010945784849821
6345,-0.00246982055152018
6346,-0.00387059104153396
6347,-0.00531909641541994
6348,-0.00624753800851514
6349,-0.00627844927120855
6350,-0.00623969744815591
6351,-0.0078590163669764
6352,-0.0119164759863841
6353,-0.0169023156275003
6354,-0.0201284727267006
6355,-0.0203025794457223
6356,-0.0185723850683896
6357,-0.0169015033716868
6358,-0.0159380586484473
6359,-0.0148641885809801
6360,-0.0129036835791909
6361,-0.0102935641729823
6362,-0.00778785134625937
6363,-0.00580745873047253
6364,-0.0043020708563969
6365,-0.0030476357938192
6366,-0.00182772381803551
6367,-0.00061563346335806
6368,0.000209451242397374
6369,0.000211353614363729
6370,-0.000154040523014496
6371,0.000681738594548832
6372,0.00392767378558305
6373,0.00867034883283169
6374,0.0122528162030969
6375,0.0128205961311536
6376,0.0111307781625904
6377,0.00946285235910236
6378,0.0090483514596624
6379,0.0090841042677378
6380,0.0081181336463042
6381,0.00576599853339569
6382,0.00286607917874263
6383,0.000411707148978155
6384,-0.00129203689244588
6385,-0.00260478464701733
6386,-0.00398363111638091
6387,-0.00540657845748514
6388,-0.00630249514919337
6389,-0.0062998971282438
6390,-0.00618186657040615
6391,-0.00766402982787279
6392,-0.0116486806429106
6393,-0.0167716697374087
6394,-0.0202890219931856
6395,-0.0206534473224468
6396,-0.0188470914064221
6397,-0.0169652013046317
6398,-0.0159243824038825
6399,-0.0149872114588394
6400,-0.0131994486324189
6401,-0.0106107820698519
6402,-0.00800290546872961
6403,-0.00596710637391141
6404,-0.00453241772742614
6405,-0.00338180159380131
6406,-0.00217233743248879
6407,-0.000860213296168336
6408,0.000105174184011527
6409,0.000233045257992963
6410,-3.73197781784725E-05
6411,0.000834786798579272
6412,0.00402787224580785
6413,0.00866880887999695
6414,0.0122067730399235
6415,0.012829309593448
6416,0.0111911008451706
6417,0.00944483526713848
6418,0.00886160362219478
6419,0.00883060377303911
6420,0.00800603199875902
6421,0.00586479068715845
6422,0.00300785873769703
6423,0.000375027250995193
6424,-0.00153696674644571
6425,-0.00287980980640432
6426,-0.00411650825401517
6427,-0.00540959884444994
6428,-0.00632773610340253
6429,-0.00645624176064748
6430,-0.00642340556709899
6431,-0.00783834364576463
6432,-0.0116266053226931
6433,-0.0165387615169575
6434,-0.0199395149888988
6435,-0.0203035847827113
6436,-0.0185412471773091
6437,-0.01666416764282
6438,-0.0155893816776615
6439,-0.0146554569579106
6440,-0.0129401450629805
6441,-0.0104093635868067
6442,-0.00774437685837846
6443,-0.00557313838700161
6444,-0.00408033961619441
6445,-0.00302621896273058
6446,-0.00195642034355706
6447,-0.000674492755395398
6448,0.000351946168888702
6449,0.00047165442754427
6450,5.86220681880471E-05
6451,0.000792399813331627
6452,0.00401564603569505
6453,0.00882895376572267
6454,0.0125076317386091
6455,0.0131398059539007
6456,0.0114410463566436
6457,0.009650135187361
6458,0.00902714476942203
6459,0.00891711888592354
6460,0.00801427742197092
6461,0.00588850898967324
6462,0.00315482742014858
6463,0.000655981260049617
6464,-0.00120202776815199
6465,-0.00255904649668356
6466,-0.00380911950295377
6467,-0.00508968189277269
6468,-0.00599809344497539
6469,-0.00613367784781507
6470,-0.00610267380016697
6471,-0.00751622042828238
6472,-0.0113599986589166
6473,-0.0164316557551266
6474,-0.0200377179351017
6475,-0.0205212723232039
6476,-0.0187309623272515
6477,-0.0167623028850143
6478,-0.0156590900195827
6479,-0.0147765174462247
6480,-0.013100813776874
6481,-0.0105484126708459
6482,-0.00786967300988534
6483,-0.00576676581183457
6484,-0.00436869912126348
6485,-0.00330738064120017
6486,-0.00210962996738743
6487,-0.00071823554214561
6488,0.000263102597259317
6489,0.000202068330136241
6490,-0.000402080068365675
6491,0.000209111343141328
6492,0.00337030994056357
6493,0.00817371849715171
6494,0.0119283407227515
6495,0.0127285090705933
6496,0.0112156732316156
6497,0.00954664684524733
6498,0.00899715657927828
6499,0.00900353742714555
6500,0.00829013382267371
6501,0.00632608138449605
6502,0.00359691512997476
6503,0.000946012790595447
6504,-0.00107885714274712
6505,-0.00249589243509921
6506,-0.00373219663844549
6507,-0.00504498121345463
6508,-0.00605566020076447
6509,-0.00624646897748877
6510,-0.00612947049772198
6511,-0.00739332226056368
6512,-0.0111870423563259
6513,-0.0163465347226821
6514,-0.0200508970691711
6515,-0.0205356531495449
6516,-0.0187035762090359
6517,-0.0167654836437451
6518,-0.0157596118941211
6519,-0.0149246900612853
6520,-0.0131940311638983
6521,-0.0105640228896317
6522,-0.00786461122179084
6523,-0.00575618257808651
6524,-0.00428311081241114
6525,-0.00310108434122453
6526,-0.00185147286854528
6527,-0.000507319667921602
6528,0.00045621052612389
6529,0.000537835685874955
6530,0.000174286213875243
6531,0.000899695409840195
6532,0.00390535064031198
6533,0.00838781368078834
6534,0.0119004532194505
6535,0.0126727212219517
6536,0.0112716693237108
6537,0.00970021754908737
6538,0.00916361054790472
6539,0.00912275556857845
6540,0.00833842901595148
6541,0.00630443881998399
6542,0.00355335284515633
6543,0.00096958980964926
6544,-0.000941575608192685
6545,-0.00230572794053051
6546,-0.00358990896838582
6547,-0.00496427162604507
6548,-0.00595409384589154
6549,-0.00606142745931702
6550,-0.00587859736880025
6551,-0.00710285995696682
6552,-0.0108416397953169
6553,-0.0159731854537872
6554,-0.0197884261545603
6555,-0.0205102060114837
6556,-0.0188370665000392
6557,-0.0168144294532231
6558,-0.0155934130384559
6559,-0.014690792373905
6560,-0.0131357195222757
6561,-0.0107194483745251
6562,-0.00803679379256345
6563,-0.00577635944658833
6564,-0.00421138980216331
6565,-0.00312284142568315
6566,-0.0020390238690468
6567,-0.000762247788166908
6568,0.00023749184512583
6569,0.000319532638421735
6570,-0.000154616115917444
6571,0.000449640167455272
6572,0.00348252014117382
6573,0.00817102514354809
6574,0.0119372603818366
6575,0.0128580478174588
6576,0.0114624638045741
6577,0.00982558442866827
6578,0.00923476055185492
6579,0.00917698358502769
6580,0.00839237480617479
6581,0.0063404605020858
6582,0.00352797411460326
6583,0.000846576109317807
6584,-0.001148254912903
6585,-0.00253356810341462
6586,-0.00379596283411254
6587,-0.00518090008428906
6588,-0.00624388638644188
6589,-0.00642083488570911
6590,-0.00622930402532447
6591,-0.00738793258384378
6592,-0.0110791480289455
6593,-0.0161843622477437
6594,-0.0199279427273382
6595,-0.0205403300138146
6596,-0.0188463101819529
6597,-0.0169640884695586
6598,-0.015913609332795
6599,-0.0150104926984328
6600,-0.0132824264058923
6601,-0.0107364092251479
6602,-0.00811134244918382
6603,-0.0059748197839345
6604,-0.00439775658378251
6605,-0.00317255600286814
6606,-0.00202425196011552
6607,-0.000830481724272219
6608,0.000104694442978566
6609,0.000294783458314616
6610,-2.47479272974105E-06
6611,0.000627035122693977
6612,0.00352393731987087
6613,0.00814121324846093
6614,0.0120368148717951
6615,0.0131284564039968
6616,0.0117058017826279
6617,0.00984827817157195
6618,0.00907483964302693
6619,0.00902576295860993
6620,0.00836083635264792
6621,0.00639544863819896
6622,0.00362853375143781
6623,0.00103346447178405
6624,-0.000833007320624076
6625,-0.00214485185894504
6626,-0.00345203851219496
6627,-0.00496391160722385
6628,-0.00616462432304093
6629,-0.00643814643858814
6630,-0.00625551503007874
6631,-0.00731655660532446
6632,-0.0108914835799113
6633,-0.0160290163603117
6634,-0.02000779538668
6635,-0.0208744479352796
6636,-0.0192028306832474
6637,-0.0170928926561802
6638,-0.0158157866531272
6639,-0.0149098882877589
6640,-0.0133449567715942
6641,-0.0109027147120682
6642,-0.0082358156581725
6643,-0.00605030613451845
6644,-0.00456091322265374
6645,-0.00350649589627627
6646,-0.00243657400356292
6647,-0.00115660530702683
6648,-8.03718534855619E-05
6649,0.000152894346288858
6650,-0.000232505282406942
6651,0.000271411223934706
6652,0.00311170402323426
6653,0.0077660291989651
6654,0.0117409873717144
6655,0.0128993774321998
6656,0.0115245275396777
6657,0.00972311771528299
6658,0.00902224023987055
6659,0.0090346041477809
6660,0.00839685366421619
6661,0.00643745108558949
6662,0.00367267591589516
6663,0.00105423778445955
6664,-0.000889457151486587
6665,-0.00229188732177557
6666,-0.00360619015926076
6667,-0.00500770445717391
6668,-0.00607535323689967
6669,-0.00631161111947119
6670,-0.0061792449645728
6671,-0.00725827683527978
6672,-0.0107541957910419
6673,-0.0157923454430584
6674,-0.01976000301924
6675,-0.0207076044269798
6676,-0.0191354063090112
6677,-0.017118882242479
6678,-0.0159721064839056
6679,-0.0152308537362449
6680,-0.0137637899713723
6681,-0.0112627783619735
6682,-0.00842392230445677
6683,-0.00608600240385751
6684,-0.0045323234434977
6685,-0.00345313211308319
6686,-0.00233687045981869
6687,-0.00101571286517666
6688,2.64319476473378E-05
6689,0.000149619767241102
6690,-0.00033704997727461
6691,0.000146648409259016
6692,0.00303562926060224
6693,0.00775341511380642
6694,0.0117829141681735
6695,0.0129824641876962
6696,0.0115945614555762
6697,0.0096742476348249
6698,0.00879374821448154
6699,0.00872730915958216
6700,0.008227255919615
6701,0.00651924957957263
6702,0.00386659294530316
6703,0.00109609219116139
6704,-0.00110644193095003
6705,-0.00261712173755059
6706,-0.00383159547762462
6707,-0.00510278377725418
6708,-0.006162541434656
6709,-0.00645022177742458
6710,-0.0062732601700392
6711,-0.00719994626591935
6712,-0.0105812098189967
6713,-0.0156478879226999
6714,-0.019744904385331
6715,-0.0208326632444219
6716,-0.0193795634016801
6717,-0.0174408082019301
6718,-0.0162608959172754
6719,-0.0153453691559386
6720,-0.0136821997361266
6721,-0.01113625315785
6722,-0.00841216794414231
6723,-0.0061710769841338
6724,-0.00457136191879421
6725,-0.00339498411389026
6726,-0.00228430091390509
6727,-0.00104488926701409
6728,4.03023786208303E-06
6729,0.000255931952013333
6730,-0.000162172482019516
6731,0.00017948810001927
6732,0.00281994629679675
6733,0.00741279173962111
6734,0.0115070594968533
6735,0.0128293990081153
6736,0.0115284415753124
6737,0.00972347425126505
6738,0.00903499192278765
6739,0.00910796407258061
6740,0.00853529035850728
6741,0.00661191562910289
6742,0.00385994329282492
6743,0.00123141389690297
6744,-0.000758186729935182
6745,-0.00222470218707633
6746,-0.00357942247696936
6747,-0.00499643921613684
6748,-0.00609439578860181
6749,-0.00636458290126438
6750,-0.00617875094895827
6751,-0.00707003152604551
6752,-0.0103579577770513
6753,-0.0153534860806068
6754,-0.019485750485131
6755,-0.0206404229509069
6756,-0.0191241547124121
6757,-0.0169874834610038
6758,-0.0156824639418102
6759,-0.0148849473390948
6760,-0.0134905469489109
6761,-0.0111219137301159
6762,-0.00838827308692329
6763,-0.00608250425790149
6764,-0.00450172898733416
6765,-0.00338407329420936
6766,-0.00224334836157499
6767,-0.000887456996610782
6768,0.000225261735612092
6769,0.000419269170466132
6770,-6.83054066328798E-05
6771,0.000327952805698604
6772,0.00311694598328351
6773,0.00780385885176119
6774,0.0118824076478599
6775,0.0131789695751712
6776,0.0119290846527609
6777,0.0101889246981606
6778,0.00946844524364373
6779,0.00943418726159577
6780,0.00880976890666564
6781,0.00693564873099629
6782,0.00422665117774919
6783,0.00153879732475937
6784,-0.000551396986971197
6785,-0.00203742623387258
6786,-0.00333857951396053
6787,-0.0047618705143066
6788,-0.00598546095721154
6789,-0.00638905228341997
6790,-0.0062077684243899
6791,-0.0069914552946127
6792,-0.0101974953848882
6793,-0.0152207713156174
6794,-0.0194518689750366
6795,-0.0207107605498612
6796,-0.0192922412823643
6797,-0.0172451758555256
6798,-0.0159727984355594
6799,-0.0151110522364333
6800,-0.0136110918672662
6801,-0.0112019030864163
6802,-0.00851106564646173
6803,-0.00623426188977685
6804,-0.00460257362070447
6805,-0.0034293528702003
6806,-0.00233619213428013
6807,-0.00108531670067977
6808,3.17837874587561E-05
6809,0.000379073443090113
6810,-5.26917843844001E-06
6811,0.000246078757671789
6812,0.00274324495298985
6813,0.00731459997648962
6814,0.0115955034188395
6815,0.0131744384387838
6816,0.0119672936576634
6817,0.0100369046025618
6818,0.00919172925531413
6819,0.00926720168250269
6820,0.00880778155879829
6821,0.00690257618561991
6822,0.00400268781016601
6823,0.0012269565720197
6824,-0.000728435545303919
6825,-0.00202576913293885
6826,-0.00328951498127406
6827,-0.00481134268048561
6828,-0.00611109481203445
6829,-0.00650263624138878
6830,-0.00628274550962507
6831,-0.00703693437881316
6832,-0.010184461117339
6833,-0.0151335703666487
6834,-0.0193872677059584
6835,-0.0208221504120179
6836,-0.0196047172772572
6837,-0.0175936410159275
6838,-0.01617060285572
6839,-0.0151428407318204
6840,-0.0136150997593641
6841,-0.0112899808877034
6842,-0.00865915621146992
6843,-0.00634532031924756
6844,-0.00462408664761168
6845,-0.00339017050425668
6846,-0.00230102514112531
6847,-0.00109879557007056
6848,-2.73762023126634E-05
6849,0.000319366580595989
6850,-2.07331845241317E-05
6851,0.000265110821230684
6852,0.00273147691920868
6853,0.00722591412115566
6854,0.0114732621986307
6855,0.0131158770994
6856,0.012008119867875
6857,0.0100969626756567
6858,0.00916388793022979
6859,0.00915151890629381
6860,0.00872401311603501
6861,0.00695441172460598
6862,0.00415485133447958
6863,0.00134373673156862
6864,-0.000731091105982389
6865,-0.00210043441356691
6866,-0.00333163899401813
6867,-0.0047691390061991
6868,-0.00599093342782457
6869,-0.00630365965920964
6870,-0.00599726692503484
6871,-0.00672238501910229
6872,-0.0099601780034024
6873,-0.015047789477205
6874,-0.019324537000526
6875,-0.0206174442101591
6876,-0.019253295622051
6877,-0.0172823734294144
6878,-0.0160733022342766
6879,-0.0152340658674716
6880,-0.0137254534597186
6881,-0.0113042914662263
6882,-0.00860121907962982
6883,-0.00628801492226902
6884,-0.00459089707795224
6885,-0.00336456160734711
6886,-0.00227150529990881
6887,-0.00105285304444758
6888,5.58188568869268E-05
6889,0.000412717456925218
6890,-3.36104710052093E-05
6891,2.74811284064371E-05
6892,0.00230015319462891
6893,0.00680136025059597
6894,0.0112560635838121
6895,0.0131325111734347
6896,0.0121210420720364
6897,0.0101579525079619
6898,0.00912025699122184
6899,0.00902348056046056
6900,0.00854639863438291
6901,0.00677516746364095
6902,0.00404812668862266
6903,0.00136305410596559
6904,-0.000622463799394636
6905,-0.00201035839117466
6906,-0.00332706047996759
6907,-0.00480824321672833
6908,-0.00599356023267263
6909,-0.00626613952549394
6910,-0.00598847024194164
6911,-0.00676681449543101
6912,-0.00998573826374347
6913,-0.0149872327548549
6914,-0.0192253584261014
6915,-0.0205885223675199
6916,-0.0193173790453481
6917,-0.0173522878348406
6918,-0.01608655094167
6919,-0.0152384103513689
6920,-0.0137873370718992
6921,-0.0113929969906969
6922,-0.00864031503261188
6923,-0.00629257388442488
6924,-0.00466364656527599
6925,-0.00354527718079381
6926,-0.00246938337744626
6927,-0.0011622729555395
6928,4.40242143469352E-05
6929,0.000469167158621168
6930,0.000122493127824729
6931,0.000314288703067128
6932,0.0026013040305697
6933,0.00688095383945076
6934,0.0109936317551124
6935,0.0126776956811572
6936,0.0117544213340592
6937,0.0100200654922439
6938,0.00912958776120437
6939,0.00904559813945488
6940,0.00856886500577525
6941,0.00687478476545915
6942,0.00423004751658023
6943,0.0015086448883803
6944,-0.000617571492217216
6945,-0.00208799766014488
6946,-0.00331504679317102
6947,-0.00462652932449429
6948,-0.00576234734397922
6949,-0.00616676430531263
6950,-0.00604552596161008
6951,-0.00682937511780987
6952,-0.00992696376508981
6953,-0.0148582144691987
6954,-0.0191755730438075
6955,-0.0206817556995651
6956,-0.0194821476360942
6957,-0.0174926948624899
6958,-0.0161838999903062
6959,-0.0153439915885179
6960,-0.0139669431296997
6961,-0.0116857379851362
6962,-0.00901987289227504
6963,-0.00664637495323894
6964,-0.00485763996620447
6965,-0.00355118528154444
6966,-0.00240366211301886
6967,-0.00116553716705474
6968,-5.70157688342454E-05
6969,0.000336985455350068
6970,4.19757006752039E-06
6971,0.000198504646796627
6972,0.00249966697454125
6973,0.00686486647419943
6974,0.0111038995080649
6975,0.0128334112149289
6976,0.0118051549213406
6977,0.00988813209479679
6978,0.00887212740676112
6979,0.00878231579934084
6980,0.00838087632582014
6981,0.00677701905023778
6982,0.00420598710122058
6983,0.00154219744331347
6984,-0.000542068106543597
6985,-0.00199971801416267
6986,-0.00326462022884645
6987,-0.00467243735345652
6988,-0.00592864502028743
6989,-0.00639515461992202
6990,-0.00619617240114242
6991,-0.00676511103297362
6992,-0.00963228859369651
6993,-0.0144798507692931
6994,-0.0189176627335371
6995,-0.020631759628164
6996,-0.0195399016400132
6997,-0.0174874936021007
6998,-0.0160579632205711
6999,-0.0151944409733829
7000,-0.0139016668680405
7001,-0.0116793513568502
7002,-0.00895422125515919
7003,-0.00647593908985693
7004,-0.00467715581069995
7005,-0.003480045729801
7006,-0.00244482214657079
7007,-0.00121715365209642
7008,-4.44660489652497E-05
7009,0.000377087301631494
7010,-3.24209313973934E-05
7011,1.12689228457322E-05
7012,0.0021774083971257
7013,0.00651222203346313
7014,0.0108635480315322
7015,0.0127929601881727
7016,0.0119194686573884
7017,0.010007965528709
7018,0.00887936572869948
7019,0.00869557730696154
7020,0.00831118566766024
7021,0.00679268091201586
7022,0.00427208817715731
7023,0.00158840391761756
7024,-0.000536494242414484
7025,-0.00201024631674216
7026,-0.00327857381616594
7027,-0.004701348226095
7028,-0.00596412129426985
7029,-0.00638292920609265
7030,-0.00607586453874175
7031,-0.0065329519774571
7032,-0.00935790553048659
7033,-0.0142611824288459
7034,-0.0188181724010918
7035,-0.020652836164179
7036,-0.0196401122723932
7037,-0.0176152308819074
7038,-0.0161669879611256
7039,-0.0152524783271885
7040,-0.0139132521156347
7041,-0.011696937160781
7042,-0.00903262179997098
7043,-0.00660166722002698
7044,-0.00477547080998263
7045,-0.00351877807601143
7046,-0.00249974294220121
7047,-0.00138018575618275
7048,-0.000275527442416871
7049,0.000246185354084089
7050,5.8360449194424E-05
7051,0.000270637163412158
7052,0.00245132606914544
7053,0.0067038705814369
7054,0.0109786005933826
7055,0.0128716216293529
7056,0.0119964213151636
7057,0.0101302342562714
7058,0.00908718242667764
7059,0.00895776765319683
7060,0.0085334239166988
7061,0.00692595801341377
7062,0.00437147165432047
7063,0.00172457379724591
7064,-0.000385680538297108
7065,-0.00192258856519699
7066,-0.00326596564743642
7067,-0.00469309278771808
7068,-0.00591569513596121
7069,-0.00633523839846269
7070,-0.00607581723587144
7071,-0.00654545704046767
7072,-0.00930237370541633
7073,-0.0141105942769561
7074,-0.0186197843342351
7075,-0.0204652502840322
7076,-0.0194892922929201
7077,-0.0175029519479212
7078,-0.0160754587571332
7079,-0.0151338526573431
7080,-0.0137197143215364
7081,-0.0114472439438804
7082,-0.00882121844600208
7083,-0.00651288338227835
7084,-0.00480190223331685
7085,-0.00358363924386763
7086,-0.00253547092463649
7087,-0.00135752595115207
7088,-0.000184497942614161
7089,0.000379278238605188
7090,0.000130884719385117
7091,0.000156709564643461
7092,0.00215350858863164
7093,0.00641461890388839
7094,0.0109119540358453
7095,0.0130258879240863
7096,0.0121518329451738
7097,0.0101150741496096
7098,0.00898898347628868
7099,0.00900528885918037
7100,0.00879783167133273
7101,0.00722257210725097
7102,0.00448153680408485
7103,0.00165106286452974
7104,-0.000431143316213595
7105,-0.0017569255457534
7106,-0.00290793950396853
7107,-0.0043157250654136
7108,-0.00567892417142922
7109,-0.00627335848109556
7110,-0.00610579843731868
7111,-0.00655842290776525
7112,-0.00926612038715757
7113,-0.0140978312654873
7114,-0.0187174146096867
7115,-0.020647050717678
7116,-0.0196125873152652
7117,-0.0174628942457435
7118,-0.0159408669649744
7119,-0.01508632576144
7120,-0.0138599528445159
7121,-0.0116989129933406
7122,-0.00903114628107788
7123,-0.00660283984783871
7124,-0.00479594711107646
7125,-0.00352132023355096
7126,-0.00241255633878698
7127,-0.00116038796495164
7128,5.00858474036871E-05
7129,0.000567024550868128
7130,0.000202731860778608
7131,0.000111694558933159
7132,0.0020504081252077
7133,0.00631449747742273
7134,0.0108302321769297
7135,0.0129398368133497
7136,0.012046555411086
7137,0.0100077158648581
7138,0.00890267877098229
7139,0.00893869687389696
7140,0.00874223418394862
7141,0.00720372645402804
7142,0.00455205994261776
7143,0.0018218236329367
7144,-0.000238303737716044
7145,-0.00165615013449455
7146,-0.00293368620345987
7147,-0.00436870057616441
7148,-0.00560684777124865
7149,-0.00601469795432581
7150,-0.00574428817442802
7151,-0.00622339159352888
7152,-0.00898902451803107
7153,-0.0137979427125951
7154,-0.0183398709276581
7155,-0.0202782108997216
7156,-0.0194124704908241
7157,-0.0174872365925529
7158,-0.0160775801247704
7159,-0.0151877414752281
7160,-0.0138981726404533
7161,-0.0117522774691969
7162,-0.00914440281965712
7163,-0.00672116617262768
7164,-0.00485128660188522
7165,-0.00354082134856935
7166,-0.00250271730366472
7167,-0.00138672194584499
7168,-0.000249716941761082
7169,0.000342138285342414
7170,0.000145805538072224
7171,0.000147386527233461
7172,0.00197718305399825
7173,0.00600679310587157
7174,0.0104199235474265
7175,0.0127531612706391
7176,0.0123024789717161
7177,0.0105766315865974
7178,0.00940664441957808
7179,0.0091046999822124
7180,0.00862817415210656
7181,0.00706699590040483
7182,0.00454606786210863
7183,0.00187144427429577
7184,-0.000285325865471751
7185,-0.00183416035771061
7186,-0.00315715980491369
7187,-0.00458268091719705
7188,-0.00586307686046702
7189,-0.00637196195598804
7190,-0.0061435848251718
7191,-0.00652911142030748
7192,-0.00915966008668517
7193,-0.0139538494088595
7194,-0.0186133946664287
7195,-0.0206286355075329
7196,-0.0196606167581289
7197,-0.017539988077902
7198,-0.0160433519237389
7199,-0.0152229567044701
7200,-0.0139974748818067
7201,-0.0117748282541952
7202,-0.00903014189329583
7203,-0.00658219600933009
7204,-0.00481592195922516
7205,-0.00358843471342616
7206,-0.00252453929545554
7207,-0.00136436071806793
7208,-0.00028431594103166
7209,0.000176251500101888
7210,-9.97805713687923E-05
7211,-6.6880614501687E-05
7212,0.00185983082853993
7213,0.0059923422544784
7214,0.0104772712972318
7215,0.0127953289055474
7216,0.0122027252196993
7217,0.0102971443952242
7218,0.00910602539587568
7219,0.00902738857865592
7220,0.00884665481480567
7221,0.00739085208546953
7222,0.00473274729806256
7223,0.00188561105644033
7224,-0.000277038269485767
7225,-0.00169513983024871
7226,-0.0029299610613546
7227,-0.00440120230965569
7228,-0.00579216748035913
7229,-0.00638171654037436
7230,-0.00619175484651745
7231,-0.0065924727075861
7232,-0.00918830109480035
7233,-0.0138778205172721
7234,-0.0184509859276851
7235,-0.020546722773772
7236,-0.0198390647607311
7237,-0.017946141335413
7238,-0.0164024753264694
7239,-0.0152825739699842
7240,-0.0138073172264227
7241,-0.0116334448663135
7242,-0.0091426524682463
7243,-0.00685426115349735
7244,-0.00504198157961299
7245,-0.00375956278104202
7246,-0.0028105461997206
7247,-0.00179122378096622
7248,-0.00059130577523481
7249,0.000243943916804072
7250,0.000237935651991111
7251,0.000160935997167717
7252,0.00176083046336073
7253,0.00574207363207995
7254,0.010395315313413
7255,0.012973417107341
7256,0.0124568410130559
7257,0.0104087842702192
7258,0.00899971861471327
7259,0.00874794727753645
7260,0.00849650314470155
7261,0.00711759730527277
7262,0.0046671014237839
7263,0.0020150302623314
7264,-0.000116228194864679
7265,-0.00163334435657781
7266,-0.00291790233033212
7267,-0.00431697648409412
7268,-0.00564494888373126
7269,-0.00629544584271356
7270,-0.00618988374721243
7271,-0.0065299796173472
7272,-0.00896263630460554
7273,-0.0136035657835428
7274,-0.0183109011194485
7275,-0.0205261161591423
7276,-0.0197570305481944
7277,-0.0177591443141113
7278,-0.0163191364541098
7279,-0.0154779727435731
7280,-0.0141294710195241
7281,-0.0117491695600368
7282,-0.00895190904343769
7283,-0.0065986203752194
7284,-0.00495152006596992
7285,-0.00373647492603709
7286,-0.00258939125000903
7287,-0.0013318908913097
7288,-0.00014364475595572
7289,0.000469046369744461
7290,0.000296095717200797
7291,0.00019529188771302
7292,0.00173325944193528
7293,0.00550573053127821
7294,0.00999315476700937
7295,0.0126869546254682
7296,0.0124961464519286
7297,0.0106690289549452
7298,0.00921775577919885
7299,0.00882629842242953
7300,0.00855806226996582
7301,0.00727175229015074
7302,0.00485273350717985
7303,0.00211133560059349
7304,-0.000122857964005872
7305,-0.00166304229600175
7306,-0.00292062469576759
7307,-0.00430636668126976
7308,-0.00563795556141454
7309,-0.00629156448994756
7310,-0.00619924109128054
7311,-0.00654841159139349
7312,-0.00891637906118818
7313,-0.0134052875652474
7314,-0.0180083984890851
7315,-0.0203142545335259
7316,-0.0197618754888651
7317,-0.0178570187528589
7318,-0.0162767675186001
7319,-0.0152754490328998
7320,-0.0140346714978904
7321,-0.0120063774707384
7322,-0.00946759168308798
7323,-0.00703100674971904
7324,-0.00509005458433855
7325,-0.00368968427367725
7326,-0.00257197677896158
7327,-0.00136955017165778
7328,-8.82399654192112E-05
7329,0.000674000097959724
7330,0.000499141876120066
7331,0.000241836172180236
7332,0.00170112540416471
7333,0.00562606526992716
7334,0.0103423046601865
7335,0.0130573471139223
7336,0.0126290852815683
7337,0.0105546177901668
7338,0.00908394888575919
7339,0.00885234799661954
7340,0.00869362170985209
7341,0.0073649481196539
7342,0.00487288289454392
7343,0.00216371356985287
7344,2.94532325553218E-05
7345,-0.00147920166156061
7346,-0.00281585868580918
7347,-0.00430369844700914
7348,-0.00567493135409023
7349,-0.00631148124650813
7350,-0.0061914272740827
7351,-0.00651381050193508
7352,-0.00884387806403306
7353,-0.0132955994118585
7354,-0.0178936044657347
7355,-0.0202369984246188
7356,-0.0197453137979258
7357,-0.0179000404009156
7358,-0.016364797205292
7359,-0.0153855958597457
7360,-0.0141387161489934
7361,-0.0120785049081121
7362,-0.00948901138772634
7363,-0.00699289868087151
7364,-0.00500757050822335
7365,-0.00361944915993413
7366,-0.00259790893416542
7367,-0.00154619222591268
7368,-0.000385873142489971
7369,0.000361663686301697
7370,0.000275986737237521
7371,0.000119086614526732
7372,0.00158069347751112
7373,0.00539421419707971
7374,0.0100033970607791
7375,0.012767682305022
7376,0.0125646478384932
7377,0.0107381633941479
7378,0.00937105574634742
7379,0.00909799767657795
7380,0.00888831973032713
7381,0.00756865179750411
7382,0.00505808891476939
7383,0.00221256489781086
7384,-9.63554688423648E-05
7385,-0.00164525181538981
7386,-0.00285813773092436
7387,-0.00422732457419243
7388,-0.00563038243875571
7389,-0.00637188161672585
7390,-0.00623901388697783
7391,-0.00640319115834109
7392,-0.00862571950716539
7393,-0.0131875739814245
7394,-0.0180167689119202
7395,-0.0204556694334532
7396,-0.0198254303417063
7397,-0.0177890612608072
7398,-0.0162361933857741
7399,-0.0153973478468869
7400,-0.0142259329312896
7401,-0.0120466177580807
7402,-0.00927799369002609
7403,-0.00676659107063716
7404,-0.00496635270500332
7405,-0.0037867152685509
7406,-0.00283014085856434
7407,-0.00170635808778133
7408,-0.000447935341758903
7409,0.000357143230047475
7410,0.00029422104019598
7411,0.000141772108632634
7412,0.00160279618390514
7413,0.00545024558553475
7414,0.0101623760335515
7415,0.0130527234195352
7416,0.0128881470133477
7417,0.0109597667078958
7418,0.00943006768908826
7419,0.00906971200755343
7420,0.00891161578041309
7421,0.0077356909732915
7422,0.00536019634995867
7423,0.00254940496433307
7424,0.000141297793302243
7425,-0.00157412529314343
7426,-0.00287932011832082
7427,-0.0041831280480166
7428,-0.00544924274138932
7429,-0.00615146733109154
7430,-0.0061146681450283
7431,-0.00635940303120068
7432,-0.00851555996798606
7433,-0.012953274110785
7434,-0.017811870268434
7435,-0.0204831451184023
7436,-0.0200894852646639
7437,-0.0180768891698845
7438,-0.0163452517674883
7439,-0.015325519794295
7440,-0.014129981215338
7441,-0.0120704823630327
7442,-0.00944854053431836
7443,-0.00700631832253642
7444,-0.00515304458607518
7445,-0.00382413958627982
7446,-0.00271954053510575
7447,-0.00155550672330987
7448,-0.000370281661161399
7449,0.000358427280209379
7450,0.000306818875230351
7451,0.000207678130213653
7452,0.00165804199692006
7453,0.00543251480668998
7454,0.0101228181368999
7455,0.0130875311892582
7456,0.0129767572977657
7457,0.0109573425417455
7458,0.0092505136372598
7459,0.00880659425381653
7460,0.00871651296128273
7461,0.00762234419593628
7462,0.0052183645571193
7463,0.00234703223027036
7464,8.00961101234474E-06
7465,-0.00152317001336677
7466,-0.0027310039128601
7467,-0.00413766475224682
7468,-0.00555837020675555
7469,-0.00624764251799053
7470,-0.00603515692062005
7471,-0.00615522963587638
7472,-0.00836022117960943
7473,-0.012895521176474
7474,-0.0177246581566386
7475,-0.0202637675477619
7476,-0.01981107335545
7477,-0.0178890154047718
7478,-0.0162906076208562
7479,-0.0153300541986263
7480,-0.014136586978988
7481,-0.0120879086479714
7482,-0.00946049833683
7483,-0.00692208134582964
7484,-0.00490785919812715
7485,-0.0034882765328137
7486,-0.00244844977709378
7487,-0.00144325379281698
7488,-0.000397858962162194
7489,0.000239536373969467
7490,9.83366903896038E-05
7491,-0.000107913043534462
7492,0.00125599419822541
7493,0.00499275542246517
7494,0.00967974482848979
7495,0.0126765437210259
7496,0.0126833082390801
7497,0.0108873289503018
7498,0.00941160810423244
7499,0.00905105038798376
7500,0.00885991283782891
7501,0.00762710372959587
7502,0.00521703410413714
7503,0.00246461544112467
7504,0.00020266727448815
7505,-0.00140010566381553
7506,-0.00274215167320029
7507,-0.00418768635014943
7508,-0.00552035759533836
7509,-0.00610086777602944
7510,-0.00584600105566728
7511,-0.0059720676285375
7512,-0.00818819931067134
7513,-0.0127540190350173
7514,-0.0176610161592947
7515,-0.0202962740694299
7516,-0.0199069698816438
7517,-0.018013336592209
7518,-0.0164298625241567
7519,-0.0154437130688198
7520,-0.0141430922675119
7521,-0.0119567150774108
7522,-0.00928896812673527
7523,-0.00685516293834335
7524,-0.00498469932907615
7525,-0.00362522555718544
7526,-0.00257227822550045
7527,-0.00156391559560176
7528,-0.000514308905634031
7529,0.000227328620188064
7530,0.000290431743869204
7531,0.000215142794595799
7532,0.00147823799125365
7533,0.00494945174407469
7534,0.00943684283705348
7535,0.0124305287879407
7536,0.0125350080891161
7537,0.010769269279053
7538,0.00923143008746335
7539,0.00884366649715483
7540,0.0087578162336617
7541,0.00769943589134619
7542,0.00538036051350878
7543,0.00257280546335493
7544,0.000212076541185903
7545,-0.00138240395489139
7546,-0.00259386746917346
7547,-0.0039460876767
7548,-0.00538525026035024
7549,-0.00623164573503104
7550,-0.00616574374088517
7551,-0.00621738090240007
7552,-0.00817402884278129
7553,-0.0125620505742376
7554,-0.0175353961111299
7555,-0.020375487739321
7556,-0.0201114424174832
7557,-0.0182025034017789
7558,-0.0166041049782182
7559,-0.0157330564364346
7560,-0.0146198843666136
7561,-0.0125309784829643
7562,-0.00981405780626156
7563,-0.00728835088783006
7564,-0.0053957938137251
7565,-0.00406561208092493
7566,-0.00298859684640888
7567,-0.00185830361610267
7568,-0.000661663990481316
7569,0.000144385208450943
7570,0.000154690130525005
7571,-2.36752038153952E-05
7572,0.00119980937977855
7573,0.00477023771299151
7574,0.00946777889718767
7575,0.0126557590711356
7576,0.0128090221684575
7577,0.0109339315251524
7578,0.00925058417958542
7579,0.00881567029247099
7580,0.00879295477754129
7581,0.00779846065071958
7582,0.00544408556688556
7583,0.00251625125453591
7584,4.66726776282467E-05
7585,-0.00157706864423436
7586,-0.00275832455111515
7587,-0.00408726426723255
7588,-0.00554136366951024
7589,-0.00640244332471926
7590,-0.00628696086868573
7591,-0.00621382905041293
7592,-0.00804373620432856
7593,-0.0123981577525197
7594,-0.0174476182540948
7595,-0.0203874467308676
7596,-0.0201481821570076
7597,-0.0181796896655195
7598,-0.0165101326519628
7599,-0.0156136403668286
7600,-0.0145074661800971
7601,-0.0124190950330882
7602,-0.00969655654474658
7603,-0.00719347237525729
7604,-0.00537115602455445
7605,-0.00414242138902774
7606,-0.00315976210343773
7607,-0.00207035056253054
7608,-0.000826748293672234
7609,9.2017289148215E-05
7610,0.000186763216567797
7611,-2.87744281901556E-05
7612,0.00104483083290151
7613,0.00446225510445576
7614,0.00910041093076182
7615,0.0123241034153776
7616,0.0125568177503974
7617,0.0107774755941151
7618,0.00919647283937066
7619,0.00882927052453113
7620,0.00878924602697763
7621,0.00771142829106132
7622,0.00529990016833242
7623,0.00240588769890932
7624,2.50036477293711E-05
7625,-0.00154230789214135
7626,-0.00273444105422078
7627,-0.00410043906199862
7628,-0.00556451305130857
7629,-0.0064031229361939
7630,-0.00626749391603833
7631,-0.00620277479226041
7632,-0.00805587040184521
7633,-0.0124142584210818
7634,-0.0174482855320231
7635,-0.0204095403196971
7636,-0.020283383932588
7637,-0.0184878788372854
7638,-0.01694067085971
7639,-0.0160482641516668
7640,-0.0148890864319666
7641,-0.0128048496609198
7642,-0.0101619294905258
7643,-0.00771216702047794
7644,-0.00582371985870183
7645,-0.00443306050009516
7646,-0.00329555735066083
7647,-0.00213514342143048
7648,-0.000911258939904106
7649,-6.3276907390481E-05
7650,-3.05428658285645E-05
7651,-0.000243021896959686
7652,0.000912360976673399
7653,0.00445026745353598
7654,0.00920730780099948
7655,0.0125509836995414
7656,0.0129013885705619
7657,0.0111595273406325
7658,0.00944218779963077
7659,0.00880281468272014
7660,0.00854757199624962
7661,0.00747751701623205
7662,0.00526204611285369
7663,0.00257014885948131
7664,0.00027003357760463
7665,-0.00131559050164842
7666,-0.0025459503170288
7667,-0.00394257616057849
7668,-0.00544114580210595
7669,-0.0063057816691318
7670,-0.00616270672224733
7671,-0.00607702032402844
7672,-0.00795358528223394
7673,-0.0123999279471495
7674,-0.0175307318376343
7675,-0.0205208857561553
7676,-0.0203352806118849
7677,-0.0184393983716263
7678,-0.0168177132376434
7679,-0.0159177084368953
7680,-0.0148207599088921
7681,-0.0128340507202468
7682,-0.0102598993920311
7683,-0.00779229483247235
7684,-0.00580332910436047
7685,-0.00430605874246276
7686,-0.00313225433180352
7687,-0.00199491937598605
7688,-0.000772375243195373
7689,0.00012618325269046
7690,0.000174934878321809
7691,-0.00015555390259387
7692,0.000789036612089923
7693,0.00418928649798926
7694,0.00897974606137267
7695,0.0124405936000238
7696,0.0128437780650921
7697,0.0110809873645582
7698,0.00939704364757371
7699,0.00891699724518996
7700,0.00884846119226682
7701,0.00783568979328058
7702,0.00550312370738106
7703,0.00260851503911829
7704,0.000141982948389327
7705,-0.00149224409443767
7706,-0.00263177051584487
7707,-0.00386799597797009
7708,-0.00529256395039256
7709,-0.0062753208103279
7710,-0.00633360606659124
7711,-0.00627073810967197
7712,-0.00787806026589287
7713,-0.0119812696307611
7714,-0.0170279802023629
7715,-0.0202531088711374
7716,-0.0203419674593542
7717,-0.0184848656348517
7718,-0.0167011798009458
7719,-0.0156728218077593
7720,-0.0145864284371334
7721,-0.0126403551457695
7722,-0.0100402385914268
7723,-0.00755591061958355
7724,-0.00566735308745117
7725,-0.00432847079782772
7726,-0.00320728751102671
7727,-0.001977691671472
7728,-0.000649254807008248
7729,0.000267818504820591
7730,0.000308448650427059
7731,2.84788554054585E-05
7732,0.00101095121045174
7733,0.00428269752614508
7734,0.00878229173660577
7735,0.0120057117086242
7736,0.0124233474265736
7737,0.010891147723004
7738,0.00944698699810663
7739,0.0090731214802834
7740,0.00901268630154421
7741,0.00802446727734185
7742,0.00578105157510577
7743,0.00298819005462422
7744,0.000554654018454356
7745,-0.00114592335846331
7746,-0.0024071125451545
7747,-0.00374132475736892
7748,-0.00519949305787136
7749,-0.0061825572701786
7750,-0.00625951323124274
7751,-0.00622566395271434
7752,-0.00780647082557619
7753,-0.0117973930139475
7754,-0.0167149705747085
7755,-0.0199021540109303
7756,-0.0200768464796723
7757,-0.0183565605304087
7758,-0.0166699938461133
7759,-0.0156854962208218
7760,-0.0146440725732859
7761,-0.0127661568121009
7762,-0.010181835726606
7763,-0.0075590258321245
7764,-0.00540449426728785
7765,-0.00387258111555525
7766,-0.00282160485142252
7767,-0.00186464769612332
7768,-0.000722208854156159
7769,0.000281738226411774
7770,0.000516002425707962
7771,0.000214162996710745
7772,0.000917267907846752
7773,0.00398643422613451
7774,0.00865212281881781
7775,0.0122575299651436
7776,0.0128377254647087
7777,0.0110607700108038
7778,0.00923243903366646
7779,0.00870281091813573
7780,0.00876025839389829
7781,0.00792006598628095
7782,0.00567689133066698
7783,0.00279689875544761
7784,0.000324353215308204
7785,-0.00134544982266781
7786,-0.00257502192216149
7787,-0.00392033482133483
7788,-0.00542603881514904
7789,-0.00646916192800009
7790,-0.00656691984585311
7791,-0.00644206022860482
7792,-0.00782538123412669
7793,-0.0116599764908963
7794,-0.0166220437975185
7795,-0.0200193987188758
7796,-0.0203482134886597
7797,-0.0185709727360624
7798,-0.0167049807695774
7799,-0.0156208339268178
7800,-0.0146289369170206
7801,-0.0128483284282392
7802,-0.0103158244370957
7803,-0.00772453927909837
7804,-0.00563165529906489
7805,-0.00415072095042358
7806,-0.00306068521511206
7807,-0.00198884520975245
7808,-0.000766531025601231
7809,0.000212801738841446
7810,0.000372798699746927
7811,4.3237611000905E-05
7812,0.000777365626539813
7813,0.00386945550517317
7814,0.00852024064276844
7815,0.0121337170626467
7816,0.0128054594872909
7817,0.0111573376242091
7818,0.0093808314048886
7819,0.00879028765130951
7820,0.00877420674761531
7821,0.00796026960710601
7822,0.00582358363318751
7823,0.00300938778305478
7824,0.000502768766970114
7825,-0.00123472913756068
7826,-0.0024850394168306
7827,-0.00381387302010673
7828,-0.00530839289547606
7829,-0.00631824218284149
7830,-0.00631423995092871
7831,-0.00608923894006727
7832,-0.00752886515282255
7833,-0.0115993374139076
7834,-0.0167777003742428
7835,-0.0201705569640546
7836,-0.0203346587909748
7837,-0.0184847839602254
7838,-0.0167489386336861
7839,-0.0158185421904171
7840,-0.0147734115737133
7841,-0.012751786936732
7842,-0.0100289558561652
7843,-0.00746050960725706
7844,-0.00552199992071709
7845,-0.00413758711729217
7846,-0.00301105262691311
7847,-0.00185291746404211
7848,-0.000607183646932149
7849,0.000306493275337565
7850,0.000372534766834438
7851,-2.43058978620714E-06
7852,0.000762855663791313
7853,0.00392379538112486
7854,0.0086140350313846
7855,0.0122095545249999
7856,0.0128487622738368
7857,0.0112196449881863
7858,0.00952329484131832
7859,0.00900927386748239
7860,0.00899441427876315
7861,0.00810395848238064
7862,0.00587492712721402
7863,0.0030068075375532
7864,0.000483144873597547
7865,-0.00125490979860667
7866,-0.00247308138274479
7867,-0.00370887551966422
7868,-0.00509496152551324
7869,-0.00609908993285666
7870,-0.00623767193915876
7871,-0.00616714640724306
7872,-0.00758049817639249
7873,-0.0114472093775142
7874,-0.0164786941005861
7875,-0.0199658644943399
7876,-0.0203528633327059
7877,-0.0185780367502447
7878,-0.0166808523941223
7879,-0.0155573035309518
7880,-0.0145197304544411
7881,-0.0126996391802754
7882,-0.0101823896074781
7883,-0.00769315480620345
7884,-0.00573726685363647
7885,-0.00432511208225332
7886,-0.00318888549113037
7887,-0.00200420688598767
7888,-0.000675776671324214
7889,0.000360205153223441
7890,0.000488018689324489
7891,-1.96971127977455E-07
7892,0.000505730287061409
7893,0.00348715582597678
7894,0.00829251024901068
7895,0.0122270832394327
7896,0.0131083488664374
7897,0.0114114796069387
7898,0.0094718601685895
7899,0.00883132577597874
7900,0.00890610027195447
7901,0.008166847930121
7902,0.00599004102931698
7903,0.00308474759804133
7904,0.000527437933019432
7905,-0.00121592604593993
7906,-0.00244738183595
7907,-0.00371023334076089
7908,-0.0050992811606462
7909,-0.00606006159034986
7910,-0.00612381712139642
7911,-0.00597140508587247
7912,-0.00732191839499438
7913,-0.0111817207537298
7914,-0.0162850910548567
7915,-0.0198957488126743
7916,-0.0203993694094102
7917,-0.0187068859807575
7918,-0.0168822502201237
7919,-0.0158540127333752
7920,-0.0149310175312997
7921,-0.0132067703773131
7922,-0.0107192117718447
7923,-0.00815946659385378
7924,-0.00603804202849756
7925,-0.00443126803605795
7926,-0.00317571759922507
7927,-0.00201489585922882
7928,-0.000816004954120183
7929,0.000114180078061203
7930,0.00027845396050118
7931,-3.63521172860467E-05
7932,0.000638828360394789
7933,0.00363566461850969
7934,0.00830480679192019
7935,0.0121193583334313
7936,0.0130520029261353
7937,0.0115408745175794
7938,0.00973302187294846
7939,0.00905483291597632
7940,0.00901136196202172
7941,0.00824316618907722
7942,0.00616491869600137
7943,0.00335704416108082
7944,0.00076493851037176
7945,-0.00113184728600079
7946,-0.0025120711139437
7947,-0.00382801308093979
7948,-0.00519467499318554
7949,-0.00614006907120717
7950,-0.00623921292242053
7951,-0.00613409540832657
7952,-0.00747511767162868
7953,-0.0112606265104055
7954,-0.0162996656402762
7955,-0.0199272056618283
7956,-0.0205017448609841
7957,-0.0188323477913302
7958,-0.0169311758552422
7959,-0.015786046179824
7960,-0.0147875776060681
7961,-0.0130223046636517
7962,-0.0104615111115862
7963,-0.00780059467485102
7964,-0.00565961452753739
7965,-0.00419721234440426
7966,-0.00317271905690025
7967,-0.00214670154354496
7968,-0.000888743607228695
7969,0.000203692291471205
7970,0.000456915026511888
7971,7.93023396712481E-05
7972,0.000619304350336501
7973,0.00353649049818239
7974,0.00822183822437802
7975,0.0120868206748328
7976,0.0130376434512499
7977,0.011519369261362
7978,0.00973432250273612
7979,0.00913364341362744
7980,0.00918053331217474
7981,0.00844316903195133
7982,0.00629824557973071
7983,0.00336686837357411
7984,0.000706325498867033
7985,-0.00110213726921989
7986,-0.00226302839317277
7987,-0.00340840460534044
7988,-0.00483285950446125
7989,-0.00603552025234799
7990,-0.00635203406399228
7991,-0.00623159014685199
7992,-0.00739581198422203
7993,-0.0110687958486159
7994,-0.0161417238386618
7995,-0.0198077248114028
7996,-0.0202979096365242
7997,-0.0185097971072384
7998,-0.01662765443772
7999,-0.0156363746309405
8000,-0.014755920982597
8001,-0.0129862034488085
8002,-0.0104029558028234
8003,-0.00780185860590146
8004,-0.00572312707611055
8005,-0.00419450543166119
8006,-0.00302826241835744
8007,-0.00198480243046443
8008,-0.000905117340149412
8009,-1.78578994213211E-05
8010,0.000196653592738817
8011,-7.15271529716172E-05
8012,0.000558282067115343
8013,0.00347104652795096
8014,0.00815167968873816
8015,0.0121068426309561
8016,0.0131901185375528
8017,0.0117127954046888
8018,0.00983163712932188
8019,0.00908856356644829
8020,0.00906875380102764
8021,0.00838218359621077
8022,0.00635789176698125
8023,0.00353709808699689
8024,0.000913445820110865
8025,-0.000955846095406284
8026,-0.0022431559555456
8027,-0.00349613832257012
8028,-0.00492319208486623
8029,-0.00600849656940441
8030,-0.00616169723570558
8031,-0.0059248635718476
8032,-0.00705098453635196
8033,-0.0107407886081528
8034,-0.0158794436800491
8035,-0.0196853066411012
8036,-0.0203661730851103
8037,-0.0187028122548016
8038,-0.0167714511545617
8039,-0.0156026075555735
8040,-0.0145974216629193
8041,-0.0128803820276188
8042,-0.0104576176065444
8043,-0.00795099560374701
8044,-0.00581799606556661
8045,-0.00415412130097554
8046,-0.00287237490047475
8047,-0.00175177897056364
8048,-0.000592660826312057
8049,0.000385060957958827
8050,0.000651972564731712
8051,0.000347784353192038
8052,0.000855008762856888
8053,0.00360718284261132
8054,0.00814422900778752
8055,0.0120042437072416
8056,0.0130462059277014
8057,0.0115740165317245
8058,0.00973278340157139
8059,0.00904496745477423
8060,0.00906762280111323
8061,0.0083957293501603
8062,0.00637618358577407
8063,0.00357985668240011
8064,0.000993125786605435
8065,-0.000873462273090082
8066,-0.00221575103102593
8067,-0.00353995875655166
8068,-0.00500204040411862
8069,-0.00610007109794824
8070,-0.00629956890800626
8071,-0.00613808764003549
8072,-0.00728156860719853
8073,-0.010875663355513
8074,-0.0158763251593148
8075,-0.0196238330263211
8076,-0.020350310510527
8077,-0.0187515929546899
8078,-0.0168463429772306
8079,-0.0157099022709059
8080,-0.014790538706323
8081,-0.0131518831767342
8082,-0.0107028532489505
8083,-0.00809369184285068
8084,-0.005934649278947
8085,-0.00440179236478488
8086,-0.00329127382661587
8087,-0.00220217591374533
8088,-0.000913881846177097
8089,0.000199483972806447
8090,0.000478132501069522
8091,9.54576351756115E-05
8092,0.000554273683021717
8093,0.00334897573924003
8094,0.0079995336298032
8095,0.0120121987220281
8096,0.013211179233529
8097,0.0118242373248561
8098,0.00992480563232372
8099,0.00908170015655314
8100,0.00901032975548252
8101,0.00839344365870711
8102,0.00646361603499071
8103,0.00360868447357513
8104,0.000820167120040626
8105,-0.00116788423865739
8106,-0.00238227853916932
8107,-0.0034524370099963
8108,-0.00482291983234811
8109,-0.00609050503970906
8110,-0.00649525463410297
8111,-0.0062979725293532
8112,-0.00717848095148326
8113,-0.0105633134098449
8114,-0.0156081768448025
8115,-0.0195599426324751
8116,-0.0204425304422774
8117,-0.0189087975431024
8118,-0.0170824641933581
8119,-0.0160492371311783
8120,-0.0151159867504759
8121,-0.0132846749952043
8122,-0.0106250506081835
8123,-0.0079680840665113
8124,-0.00587123285614557
8125,-0.00432217068125046
8126,-0.00309952285361064
8127,-0.00198387249937212
8128,-0.000831283100488273
8129,0.000159757149279488
8130,0.000488456621874751
8131,0.000200350939843273
8132,0.000562243811063315
8133,0.00310467364625472
8134,0.00764813006004412
8135,0.0118504759448513
8136,0.0133236538887826
8137,0.0120116879521284
8138,0.00999483688756538
8139,0.00906619506486009
8140,0.00904521907013559
8141,0.00851423626160376
8142,0.00663053423261946
8143,0.00384964541694802
8144,0.00119803764775945
8145,-0.000724599240258681
8146,-0.0020779698449643
8147,-0.00339673750591562
8148,-0.0048960401498708
8149,-0.00610751633347141
8150,-0.00643660125902644
8151,-0.00627996009699157
8152,-0.00723474672082801
8153,-0.0105871256704061
8154,-0.0155426393093196
8155,-0.0195251070561075
8156,-0.0205732665422669
8157,-0.0191272383619576
8158,-0.0171597466193214
8159,-0.0159032568035516
8160,-0.014935933076888
8161,-0.0133034040866658
8162,-0.0108514284165497
8163,-0.00823156475566098
8164,-0.00607329971074516
8165,-0.00452010240668235
8166,-0.00334198929728172
8167,-0.00219724160405387
8168,-0.000939356059182985
8169,9.64998490882379E-05
8170,0.000361417022393928
8171,3.72666108309795E-05
8172,0.000503771030472442
8173,0.00318942006441324
8174,0.00773158659188114
8175,0.0117894322315999
8176,0.0131586110454663
8177,0.0118928232457113
8178,0.00998167568948985
8179,0.00909297967349827
8180,0.00905830663424486
8181,0.00853797684659022
8182,0.00667316048739529
8183,0.00384102119078027
8184,0.00109048061430665
8185,-0.000845139368257152
8186,-0.00206431757623864
8187,-0.00321395660423172
8188,-0.00464940837980358
8189,-0.00588504284159458
8190,-0.00619515900304248
8191,-0.00593742810762524
8192,-0.00682755208903029
8193,-0.0102586222015697
8194,-0.0153739710479363
8195,-0.0194452355842174
8196,-0.0204665916120615
8197,-0.0189741266206314
8198,-0.0170138060564397
8199,-0.0157666962017913
8200,-0.0147442328143367
8201,-0.0130447535316653
8202,-0.0106153461102712
8203,-0.0080848876990197
8204,-0.00594958644365661
8205,-0.00431319978015162
8206,-0.00307629049041933
8207,-0.00200281272701533
8208,-0.000853728693360639
8209,0.000187692075175919
8210,0.000529350608117188
8211,0.000155601528681804
8212,0.000400052087232434
8213,0.00290381027173729
8214,0.00749325000499647
8215,0.0117245593900858
8216,0.013144750372746
8217,0.0117599956638563
8218,0.00975706828837648
8219,0.00894410378093161
8220,0.00905320592704142
8221,0.00858381956873865
8222,0.00669141441359953
8223,0.00388399880877012
8224,0.00123457612559459
8225,-0.000644577367363723
8226,-0.001937525440568
8227,-0.0032322747887158
8228,-0.00477510022907701
8229,-0.00603770768848041
8230,-0.00630372241407493
8231,-0.00594118167063671
8232,-0.00670773005148843
8233,-0.0100919059155412
8234,-0.0152863459436687
8235,-0.0194657448021123
8236,-0.0204786152979879
8237,-0.0188792414990317
8238,-0.0169110121616806
8239,-0.0158710014842762
8240,-0.0151102368062982
8241,-0.0134632273916686
8242,-0.0108519261606625
8243,-0.00815728159476033
8244,-0.00606848973013857
8245,-0.00457549375997809
8246,-0.00334801419694525
8247,-0.00214466869838341
8248,-0.000931369227808301
8249,3.45927619560671E-05
8250,0.000346598935255301
8251,0.000129237899847447
8252,0.000540630464394909
8253,0.00295171012489847
8254,0.00724777756624662
8255,0.0113542347409481
8256,0.0130145291947196
8257,0.0119866448514047
8258,0.0100921860505548
8259,0.00911975748368282
8260,0.00909145050258838
8261,0.00867649608040394
8262,0.00688234178776736
8263,0.00401269425336959
8264,0.00117095457076182
8265,-0.000829749874699291
8266,-0.00206502477970028
8267,-0.00320055882566858
8268,-0.00462391530129035
8269,-0.00588234902303694
8270,-0.00623951549378419
8271,-0.00596977183893024
8272,-0.00672341896746443
8273,-0.00997620928124106
8274,-0.0150511383705742
8275,-0.0192711737338051
8276,-0.0204676119814623
8277,-0.0190172323439465
8278,-0.0170379024326824
8279,-0.0159014968339692
8280,-0.0151274289343832
8281,-0.0136003495695953
8282,-0.0111225058142186
8283,-0.00843383861861288
8284,-0.00621585215729482
8285,-0.00458195166745822
8286,-0.00332038038067512
8287,-0.00217929723820669
8288,-0.000999377900354821
8289,5.38270245731972E-05
8290,0.000510789330006205
8291,0.000349218697693513
8292,0.000696524330794832
8293,0.00307449891171922
8294,0.00751146565879618
8295,0.0118577072655359
8296,0.0136268429695558
8297,0.0124643216660929
8298,0.0103246775454151
8299,0.00920735157237134
8300,0.00920045831425148
8301,0.00888189235101883
8302,0.00715869849981
8303,0.00430570819316334
8304,0.00142965669175096
8305,-0.000655445296157941
8306,-0.00199755190832194
8307,-0.00320466923922582
8308,-0.00463817458919132
8309,-0.00588423840992796
8310,-0.00624696101080701
8311,-0.00597040985569879
8312,-0.00664264857657617
8313,-0.00975857036796732
8314,-0.0147698247634021
8315,-0.0191115807143811
8316,-0.0205608214741257
8317,-0.0192893186125155
8318,-0.0172553148366184
8319,-0.0158886027027756
8320,-0.0149295903835747
8321,-0.0134138874927812
8322,-0.0110811823798037
8323,-0.00850014359174689
8324,-0.00627393230819325
8325,-0.00457457740279877
8326,-0.00325898035926493
8327,-0.00207381206575609
8328,-0.000857833734165388
8329,0.000166831231073954
8330,0.000501981333553326
8331,0.000219986644756708
8332,0.000574565348443739
8333,0.0030632162031626
8334,0.00754791026303487
8335,0.0117964351130978
8336,0.0134511498172242
8337,0.0123245151103821
8338,0.0103346310652018
8339,0.0092785875270971
8340,0.00914796479394239
8341,0.00866107679289694
8342,0.00691927686310066
8343,0.00420853726212753
8344,0.00147828207496559
8345,-0.000574458769974821
8346,-0.0019647111611739
8347,-0.00320924760846213
8348,-0.00463734878860652
8349,-0.00585478348762326
8350,-0.00617667796317775
8351,-0.00585511824687232
8352,-0.00651889610639685
8353,-0.00970017863174936
8354,-0.0148104745554068
8355,-0.019185235884034
8356,-0.0205607034694142
8357,-0.0191920509535806
8358,-0.0171573742032894
8359,-0.015905210429514
8360,-0.0150740811533626
8361,-0.013586784392202
8362,-0.0111582058371219
8363,-0.00841565032847195
8364,-0.00604467982596063
8365,-0.00428797019934263
8366,-0.00304431274934334
8367,-0.0020332888243993
8368,-0.000971649278624929
8369,5.93891829150891E-05
8370,0.000569412619380516
8371,0.000447022059727723
8372,0.000725642368382437
8373,0.00288531357508201
8374,0.00702367671229925
8375,0.0111718133976593
8376,0.0130041804170796
8377,0.0121341920800878
8378,0.0102893298449314
8379,0.00926083427998692
8380,0.00914318580436949
8381,0.0086902757166518
8382,0.00694517673129894
8383,0.0041664290924024
8384,0.00137118136820515
8385,-0.000670342581737536
8386,-0.00199320880281795
8387,-0.00319298783058988
8388,-0.00463485178158297
8389,-0.00589526821502721
8390,-0.00625467464612243
8391,-0.00595729585375325
8392,-0.00662476497922841
8393,-0.00977771703755549
8394,-0.0148508478503684
8395,-0.0192375902201813
8396,-0.0206912753919907
8397,-0.0193950713317701
8398,-0.0173379201239852
8399,-0.0159775631678445
8400,-0.0150632548125332
8401,-0.0136102532713863
8402,-0.0113150789278969
8403,-0.00871499962835487
8404,-0.00643008730181059
8405,-0.00469076458676195
8406,-0.00339906949607961
8407,-0.0022834749289766
8408,-0.00111016821788039
8409,-4.30409530935096E-05
8410,0.000394765992726312
8411,0.000165233432554949
8412,0.00041256698063344
8413,0.00264109015317305
8414,0.00686544216924248
8415,0.0110335133327588
8416,0.0128249323821539
8417,0.0119129343668035
8418,0.0100565754480386
8419,0.00904320026039478
8420,0.00897831160285731
8421,0.008638352435486
8422,0.00703341992017807
8423,0.00432594138749736
8424,0.00147680092427729
8425,-0.000672307038198834
8426,-0.00202191739514232
8427,-0.00312871562209036
8428,-0.00446852240937354
8429,-0.00574976209038062
8430,-0.00624413099143846
8431,-0.0060466287978124
8432,-0.00665625580872331
8433,-0.00963734124466835
8434,-0.0145865700991658
8435,-0.0190023917830818
8436,-0.0205898031188014
8437,-0.0194144536778444
8438,-0.0174202199025086
8439,-0.0161115802858063
8440,-0.0152710856611123
8441,-0.0138668795780638
8442,-0.0115314974465742
8443,-0.00881587425825519
8444,-0.0064268218091148
8445,-0.00466856740844854
8446,-0.00344726359003935
8447,-0.00243670822344514
8448,-0.00132866188268965
8449,-0.000239306906781294
8450,0.000278786120360746
8451,8.61737672426947E-05
8452,0.000263634248321371
8453,0.00239989521195929
8454,0.00667971915138988
8455,0.0111022800411871
8456,0.0131867873716459
8457,0.0123941257283221
8458,0.010438632289085
8459,0.00924197170984944
8460,0.0090510107337814
8461,0.0086766339197762
8462,0.0070989435916008
8463,0.00445006707989316
8464,0.00164976539525199
8465,-0.000517986532206504
8466,-0.00196498741652988
8467,-0.00317658976855007
8468,-0.00455026899374386
8469,-0.00579796146944274
8470,-0.0062499522718948
8471,-0.00602641043596174
8472,-0.00661083344010317
8473,-0.00957673291959612
8474,-0.0145574071319946
8475,-0.019038702082119
8476,-0.0206464215359906
8477,-0.0193977909221367
8478,-0.0172946946980757
8479,-0.0159400032425932
8480,-0.0151398982171064
8481,-0.0138066809849744
8482,-0.01153155085048
8483,-0.00887941164312437
8484,-0.00656260815881515
8485,-0.00483374851348734
8486,-0.00354919576843287
8487,-0.00241685826306425
8488,-0.0012202496277887
8489,-0.000116030249282828
8490,0.000390052465209259
8491,0.000202015028126689
8492,0.000359096190663413
8493,0.00238414765909111
8494,0.00649784299513457
8495,0.0108323131776982
8496,0.0129781150806904
8497,0.0123063899302111
8498,0.0103914747611657
8499,0.0091434683573359
8500,0.0089216886102874
8501,0.00859853591720732
8502,0.00707766657907687
8503,0.00440365681268215
8504,0.0015384584902023
8505,-0.000621754336915881
8506,-0.00197706042683977
8507,-0.00312946645369686
8508,-0.00456981447860048
8509,-0.00596289298569173
8510,-0.00650696102518069
8511,-0.00623322382972825
8512,-0.00663367506127172
8513,-0.00936924343578005
8514,-0.0142066525825329
8515,-0.0187476671387191
8516,-0.0206117832358725
8517,-0.0196482863004751
8518,-0.0176527415227245
8519,-0.0161735039980956
8520,-0.0151568081713574
8521,-0.0136938580857356
8522,-0.0114212041280344
8523,-0.0088132209223236
8524,-0.00649448500306006
8525,-0.00473475037009226
8526,-0.00347525706181844
8527,-0.00246318141624602
8528,-0.0014206200923949
8529,-0.000402667368997107
8530,0.000124407121724637
8531,1.42230381217683E-05
8532,0.000234997842692784
8533,0.00228772180954348
8534,0.00641137013892354
8535,0.0107500841027303
8536,0.0128972791217785
8537,0.0122430873722013
8538,0.0103787008899059
8539,0.00918578819599427
8540,0.00897585994193196
8541,0.00863405111466496
8542,0.00713740681647053
8543,0.00455192215203948
8544,0.0017503206588779
8545,-0.000460481875388868
8546,-0.00193313452194833
8547,-0.00313170826030888
8548,-0.00448909842101227
8549,-0.00574537658338255
8550,-0.00618980617454401
8551,-0.00587054123989848
8552,-0.00627204294207979
8553,-0.00907181266904731
8554,-0.0140124436413287
8555,-0.0185890664835231
8556,-0.020351682871408
8557,-0.0192463848193907
8558,-0.0172389304581441
8559,-0.0159006613903475
8560,-0.0150287851853752
8561,-0.0136069194709206
8562,-0.0113358189858274
8563,-0.00878423492932048
8564,-0.00653221239998871
8565,-0.00474331695878802
8566,-0.00337243247199953
8567,-0.00227161316063708
8568,-0.00117134470386184
8569,-3.34573555724941E-05
8570,0.000648864835785981
8571,0.000512798881681833
8572,0.00039919487147622
8573,0.00203175039558355
8574,0.00603526159292102
8575,0.0106506092078929
8576,0.0131537928345199
8577,0.0125836346238301
8578,0.0105401328862191
8579,0.00919754550611973
8580,0.00904967931153443
8581,0.0088676847447818
8582,0.00742279978739096
8583,0.00474970691349058
8584,0.00185932593385849
8585,-0.00033865110617219
8586,-0.0017424847003873
8587,-0.00292225942641043
8588,-0.00434492153146276
8589,-0.00569333767937246
8590,-0.00618820234957796
8591,-0.0058651378219895
8592,-0.00625223724014541
8593,-0.00908112234208418
8594,-0.0141094949347662
8595,-0.0187888441627121
8596,-0.0206025114201991
8597,-0.0194797880746349
8598,-0.017447614228512
8599,-0.0161422066753303
8600,-0.015326831271893
8601,-0.0138726137735032
8602,-0.0114383645264378
8603,-0.00870673917852393
8604,-0.00640319917442638
8605,-0.00468338800186596
8606,-0.00336353043430029
8607,-0.00223949207942709
8608,-0.00115286007018263
8609,-0.000146991442078896
8610,0.000424647485072664
8611,0.000414163033978868
8612,0.000625135767930009
8613,0.00245818319101591
8614,0.0062981964662197
8615,0.0105377277304698
8616,0.0128311503690055
8617,0.0123881750847421
8618,0.0106089400411662
8619,0.00936914494781176
8620,0.00910398343684754
8621,0.00878096443365461
8622,0.00735496480514049
8623,0.00482006519671544
8624,0.00198915454059029
8625,-0.00033592438764023
8626,-0.00192606026625009
8627,-0.00312720428739203
8628,-0.00436717479952691
8629,-0.00555161681537116
8630,-0.00611574483014462
8631,-0.00600436976151278
8632,-0.00644270835878789
8633,-0.00905137719505227
8634,-0.013838918003601
8635,-0.0185445347750983
8636,-0.0205887214008668
8637,-0.0195807930641111
8638,-0.0174134852794524
8639,-0.0159452603171834
8640,-0.015198870583371
8641,-0.0140054651835994
8642,-0.0117824717647353
8643,-0.00910325292902537
8644,-0.00679845112567604
8645,-0.00511554794879673
8646,-0.00379827521749944
8647,-0.00253970199311471
8648,-0.00123135106055581
8649,-7.66598276126044E-05
8650,0.000486859396776682
8651,0.000371860297451964
8652,0.000483813718156059
8653,0.00226537979014612
8654,0.00609653809286946
8655,0.0103684048966991
8656,0.0127274005505745
8657,0.0123359205202263
8658,0.0105371185607669
8659,0.00921332512105306
8660,0.00887806580815157
8661,0.00856000764339191
8662,0.00718221257466415
8663,0.00466300806647803
8664,0.00181053809885376
8665,-0.000496027718528595
8666,-0.00199428195403591
8667,-0.00312185888682048
8668,-0.00441378454805615
8669,-0.00572985559503686
8670,-0.00633349262968223
8671,-0.00608722637203466
8672,-0.00633464074468501
8673,-0.00886082780692661
8674,-0.0136886982622345
8675,-0.0184583048645331
8676,-0.0205580260995639
8677,-0.0196542498578252
8678,-0.0176289912088929
8679,-0.0162175992830505
8680,-0.0153859593956544
8681,-0.0140905247807667
8682,-0.0118840499473019
8683,-0.00926937905790505
8684,-0.0068958537189432
8685,-0.00501342984737198
8686,-0.00359144762267213
8687,-0.0024665298817398
8688,-0.00138535831237297
8689,-0.000323035184529029
8690,0.000283129636162217
8691,0.00016142195249675
8692,0.000163231219288282
8693,0.00190534998519683
8694,0.00590765245527491
8695,0.0104472531749871
8696,0.0129481789167541
8697,0.0125244898329469
8698,0.0106645990137554
8699,0.00935878627106132
8700,0.00906439895237286
8701,0.00871632777607
8702,0.00726339092969253
8703,0.00473634688741559
8704,0.00199342817971787
8705,-0.000161278474949537
8706,-0.00158874576593532
8707,-0.00278490379498306
8708,-0.00422927199889591
8709,-0.00565898748559051
8710,-0.00625759268639856
8711,-0.00592856510697725
8712,-0.00613166901734488
8713,-0.00871316386967348
8714,-0.013644006958646
8715,-0.0184852891999475
8716,-0.0206193641057531
8717,-0.0197538253192471
8718,-0.0177658203608069
8719,-0.0163369973642518
8720,-0.0154185725270493
8721,-0.0140227201658402
8722,-0.0117539613204712
8723,-0.00910683384983026
8724,-0.0067106846431528
8725,-0.00484185276706522
8726,-0.00350386060705439
8727,-0.00249566549709122
8728,-0.00146741159679892
8729,-0.000345557795642846
8730,0.000367491053962921
8731,0.000281015605069618
8732,0.000193783464262027
8733,0.00178973616613803
8734,0.00571157890759567
8735,0.0102975581865554
8736,0.0129162269380923
8737,0.0125726983224478
8738,0.0107055529462886
8739,0.00935438289486516
8740,0.00905924670030643
8741,0.0087885383265964
8742,0.00745545116019056
8743,0.00501603281901893
8744,0.0022574325444661
8745,-2.74335609697005E-05
8746,-0.0016093166206222
8747,-0.00285556517323251
8748,-0.00422914635997203
8749,-0.00560671279346853
8750,-0.00628749502699346
8751,-0.00608020916027595
8752,-0.00624521293393481
8753,-0.00862358253130523
8754,-0.0134296645668692
8755,-0.0183945273597685
8756,-0.0207381127807045
8757,-0.0198762165098569
8758,-0.0176718976304406
8759,-0.0161045059995941
8760,-0.0153415746602227
8761,-0.0142560843654013
8762,-0.012158466388269
8763,-0.0094557278534505
8764,-0.00693466249976973
8765,-0.00501386482864806
8766,-0.00366752255102838
8767,-0.00261044278186757
8768,-0.00150549269665795
8769,-0.000354906804542172
8770,0.000325603331311771
8771,0.000213265054154483
8772,0.000158942975217254
8773,0.00181857952311464
8774,0.00577419547096349
8775,0.0103559819814014
8776,0.0129859714426668
8777,0.0127006729561532
8778,0.0108789815216342
8779,0.00946948672613117
8780,0.00903106895180673
8781,0.00868372393577718
8782,0.00744515064507949
8783,0.00516381188861495
8784,0.00241483544745836
8785,-4.45276781545154E-05
8786,-0.00177777484321774
8787,-0.00296733335597268
8788,-0.00415201059150356
8789,-0.0054204595671435
8790,-0.00612406091834706
8791,-0.00592827067862206
8792,-0.00600407701983302
8793,-0.00829012832820485
8794,-0.0131134565868408
8795,-0.0181554268558444
8796,-0.0205257931767651
8797,-0.0196661453822852
8798,-0.017550984369881
8799,-0.0161312009149028
8800,-0.0153848377457155
8801,-0.0140979485828182
8802,-0.0117646660579441
8803,-0.00904368564864245
8804,-0.00672341720205518
8805,-0.00497771446595952
8806,-0.00361287139770641
8807,-0.00245044827109919
8808,-0.00134812635458164
8809,-0.000297997194519767
8810,0.000376906403422843
8811,0.000422334379427801
8812,0.000489234711264439
8813,0.00201346946431995
8814,0.00564770836874011
8815,0.010016909586871
8816,0.0126984723295134
8817,0.0125873405518988
8818,0.0108729171964301
8819,0.00953067944727136
8820,0.00925265892103798
8821,0.00911704432680515
8822,0.00794086998888749
8823,0.00551516751940722
8824,0.00260755380854745
8825,0.000146244874560773
8826,-0.00151333244967206
8827,-0.0027290459529645
8828,-0.00403600647471949
8829,-0.00539047242145059
8830,-0.00613540433496045
8831,-0.0060488008262612
8832,-0.00627273589066677
8833,-0.00853691206800153
8834,-0.0131024108432868
8835,-0.0179079369908155
8836,-0.0203299260978291
8837,-0.0197070141686207
8838,-0.0176888128484634
8839,-0.0161616159532678
8840,-0.0153929967312181
8841,-0.0143623964249814
8842,-0.012336354102476
8843,-0.00961878036097796
8844,-0.00700409439729515
8845,-0.00501532774879475
8846,-0.00367191296467912
8847,-0.0026230624869634
8848,-0.00146591846621586
8849,-0.000224566582873179
8850,0.000519703903318351
8851,0.000404205309175931
8852,0.000265019790424035
8853,0.00176064025806017
8854,0.00552990613870831
8855,0.0100077844622265
8856,0.0126677327560045
8857,0.012481856469623
8858,0.0107381028432976
8859,0.00938504255301829
8860,0.00903071602926232
8861,0.00876436451824898
8862,0.00750296400739398
8863,0.00508059043679566
8864,0.00220210939273625
8865,-0.000244080092447778
8866,-0.00183178876249495
8867,-0.00285704513174369
8868,-0.00395733058619477
8869,-0.00526751390828661
8870,-0.00613322435142816
8871,-0.00611551234587016
8872,-0.00619860103078946
8873,-0.00824266096861735
8874,-0.0127644577527192
8875,-0.0177404239188385
8876,-0.0203270117149491
8877,-0.0196973514986801
8878,-0.0175890372613193
8879,-0.0160410451021211
8880,-0.0152828678352362
8881,-0.0141528775377873
8882,-0.0119558813964927
8883,-0.00921682353310788
8884,-0.00681565445556327
8885,-0.00506371349897738
8886,-0.00373767373528202
8887,-0.00253610792159673
8888,-0.0013140614851286
8889,-0.000201092925061733
8890,0.000386579466208139
8891,0.000262739187867054
8892,0.000225893544659578
8893,0.00179925168632114
8894,0.00561691347775356
8895,0.0102163613394283
8896,0.0130699995682836
8897,0.0130010971677258
8898,0.0111956198594839
8899,0.00968326381016662
8900,0.00922307140977189
8901,0.00894812990201286
8902,0.00771516388459357
8903,0.00531992089446112
8904,0.00248090927250284
8905,6.59886766147792E-05
8906,-0.00157436552039938
8907,-0.00276271026488503
8908,-0.00403981183319569
8909,-0.00540554569958255
8910,-0.00617460785362632
8911,-0.00600291847502025
8912,-0.00598512119840339
8913,-0.00801211669278992
8914,-0.0125668299149538
8915,-0.0175944399993407
8916,-0.020244553096583
8917,-0.0196756583470309
8918,-0.0175892916786794
8919,-0.0160078921713656
8920,-0.0152060772327364
8921,-0.0140950455041521
8922,-0.0119876360668215
8923,-0.00931978678032645
8924,-0.00688336040151884
8925,-0.00502732463272788
8926,-0.00366655457339775
8927,-0.00256266710755584
8928,-0.00145235418628225
8929,-0.000295988603163916
8930,0.0004847157831094
8931,0.000498611530767883
8932,0.000372405597940109
8933,0.00169825795124672
8934,0.00534042481428343
8935,0.0099643018595901
8936,0.012948328601708
8937,0.0129498172744552
8938,0.0111215711956365
8939,0.00959873031037731
8940,0.00921925546441818
8941,0.00906873681287937
8942,0.00790995548450232
8943,0.00552371174578758
8944,0.00268947659902063
8945,0.000302993793807868
8946,-0.00133892339945525
8947,-0.00261323143111484
8948,-0.0040297082708946
8949,-0.00550551581128059
8950,-0.00632300252210577
8951,-0.00617498454784206
8952,-0.00617769160688041
8953,-0.00817883308995733
8954,-0.0126253228309263
8955,-0.0175224268052487
8956,-0.020134273430984
8957,-0.0196552962254386
8958,-0.0176950264295586
8959,-0.0161623060850523
8960,-0.0153216720122932
8961,-0.0141706813801182
8962,-0.0120909414318095
8963,-0.00949428375171781
8964,-0.00709493850001636
8965,-0.00520135025910376
8966,-0.00376776988106212
8967,-0.00263442231740886
8968,-0.00157478384287687
8969,-0.000502838589375775
8970,0.000241071157044373
8971,0.000286561040235229
8972,0.000190431916724532
8973,0.00147285112700968
8974,0.0050325180831703
8975,0.00965469412798928
8976,0.0127759049752258
8977,0.0129554040568826
8978,0.0111798625345671
8979,0.00952996682264579
8980,0.00896261920687552
8981,0.00872677805401098
8982,0.00762067891775585
8983,0.00531019884084206
8984,0.00245806935843671
8985,-1.26235191336006E-05
8986,-0.00166297762456478
8987,-0.00279143360816592
8988,-0.00400220174013711
8989,-0.00537336192394172
8990,-0.00621616470240764
8991,-0.00609562749668534
8992,-0.00603709811520216
8993,-0.00797876461461225
8994,-0.0125145143182346
8995,-0.0176200390817904
8996,-0.0203570718013896
8997,-0.019809673561814
8998,-0.0177303395481989
8999,-0.0162355234315533
9000,-0.0155742376920455
9001,-0.0145236190993004
9002,-0.0123415107042876
9003,-0.00957640009531083
9004,-0.00714124537602714
9005,-0.00533374426312772
9006,-0.00392085696396711
9007,-0.00265195139067173
9008,-0.00142949690128553
9009,-0.000333430432109239
9010,0.000311572396518747
9011,0.000291298358126731
9012,0.000237042714516156
9013,0.00156585175901546
9014,0.00504096815024499
9015,0.00946473664288877
9016,0.0124364573515025
9017,0.012646277674509
9018,0.0110472838239741
9019,0.00957291486429951
9020,0.00907833127919733
9021,0.00884004991299983
9022,0.00774305393472881
9023,0.00547574015277143
9024,0.00263686677618957
9025,9.69912466134746E-05
9026,-0.00166412144907225
9027,-0.00285783473225479
9028,-0.00406991245155426
9029,-0.00544853057155145
9030,-0.00635216334294491
9031,-0.00627730295339229
9032,-0.00613317576563719
9033,-0.0078554756991255
9034,-0.012197102480523
9035,-0.017304406624466
9036,-0.0202330897506556
9037,-0.0198778437960622
9038,-0.0178091148009444
9039,-0.0161502743935339
9040,-0.0153238488551923
9041,-0.0142572040413346
9042,-0.0121904289518322
9043,-0.0095331274062072
9044,-0.00710579670791582
9045,-0.00525460068347238
9046,-0.00386157509999777
9047,-0.0027073994664517
9048,-0.00159016440380427
9049,-0.000461180653571181
9050,0.000347568910083208
9051,0.000454378083115491
9052,0.000328164884830885
9053,0.00142120969775523
9054,0.00472014614809774
9055,0.00920521595579283
9056,0.0124047817631316
9057,0.0127675668270288
9058,0.011111465637714
9059,0.00947998206847434
9060,0.00892235672154353
9061,0.00876045597364526
9062,0.00777033684464419
9063,0.00556294629496238
9064,0.0027767390956533
9065,0.000323289174800313
9066,-0.00137437665131974
9067,-0.00259440199409088
9068,-0.00387224631313815
9069,-0.00524565952397078
9070,-0.00607182415032547
9071,-0.00597171007438447
9072,-0.00592582515596871
9073,-0.00777526818448278
9074,-0.0121389297804503
9075,-0.0171757419120223
9076,-0.020075792381961
9077,-0.019795044343663
9078,-0.0178138437654328
9079,-0.016162742009088
9080,-0.015315433452398
9081,-0.014310792144725
9082,-0.0123673646263602
9083,-0.0097409281597661
9084,-0.0071896167327665
9085,-0.00521535105532226
9086,-0.00388192581116142
9087,-0.00290829242072973
9088,-0.00184060894615751
9089,-0.000534857716050243
9090,0.000455270885034272
9091,0.000495400616213527
9092,0.000130809448890072
9093,0.0011362631447789
9094,0.00463466548116259
9095,0.0093744652010118
9096,0.0126052883564352
9097,0.0128118097479088
9098,0.0110653649086433
9099,0.00950085204011537
9100,0.0089959691468163
9101,0.00872545941682035
9102,0.00755924321896381
9103,0.00528482881791247
9104,0.00254531265729061
9105,0.000116992877214704
9106,-0.00162544306373567
9107,-0.00286991973074349
9108,-0.00410129657037461
9109,-0.00544174050692092
9110,-0.00632326457935835
9111,-0.00628442704403358
9112,-0.00616184366362801
9113,-0.00780247093663768
9114,-0.0120032149326508
9115,-0.0170711759452013
9116,-0.0201575650532541
9117,-0.0200623837671042
9118,-0.0181621879580657
9119,-0.0164880442612869
9120,-0.0155500831646547
9121,-0.0144257812270041
9122,-0.0124069428689317
9123,-0.00982682750468609
9124,-0.00740497681007529
9125,-0.00546631012615905
9126,-0.00395723102634251
9127,-0.00273600818410272
9128,-0.00162860572804381
9129,-0.000564003907126136
9130,0.000156323763599148
9131,0.000165844288277982
9132,-4.63263513904281E-05
9133,0.00101562060475183
9134,0.00437156237707943
9135,0.00897247897452288
9136,0.0122716148868639
9137,0.0126843407498813
9138,0.0110791651279429
9139,0.00955560855684382
9140,0.0091258593428
9141,0.00901284911197815
9142,0.00796146990423941
9143,0.00566217811501738
9144,0.00283521878237336
9145,0.000375384073516589
9146,-0.00135906672452048
9147,-0.00264828919908781
9148,-0.00396998683471049
9149,-0.00534177952145139
9150,-0.00615958937064778
9151,-0.00605901606201599
9152,-0.00598113887522369
9153,-0.00776168746005636
9154,-0.0120995349196425
9155,-0.0172189694825187
9156,-0.0202520610235643
9157,-0.020039660487441
9158,-0.0180426398756841
9159,-0.0163720702979526
9160,-0.0155380856896158
9161,-0.014520556883573
9162,-0.0125026945707823
9163,-0.00980201947820889
9164,-0.00722620857569979
9165,-0.00521700562617208
9166,-0.00378061488433118
9167,-0.00272541197747188
9168,-0.00172698699201798
9169,-0.000577087831423479
9170,0.000385273703658351
9171,0.000562630987019839
9172,0.000241828226379527
9173,0.000993247597845052
9174,0.00414015759077657
9175,0.00883515085566164
9176,0.0124058195100688
9177,0.0129683571015984
9178,0.0112538439126118
9179,0.00949806170003494
9180,0.00892193314634985
9181,0.00880540664072275
9182,0.0078051934753365
9183,0.00554085610422498
9184,0.00275563037769881
9185,0.000382184666224454
9186,-0.00125734141436004
9187,-0.00252434365456032
9188,-0.00392705305241119
9189,-0.00542955022968369
9190,-0.00634745925035477
9191,-0.00627064968986041
9192,-0.00613529008082723
9193,-0.00780139986821607
9194,-0.0120310824278467
9195,-0.0171365867322278
9196,-0.020282010701107
9197,-0.0202179936379912
9198,-0.0182608332183134
9199,-0.0164796524725834
9200,-0.015498322066443
9201,-0.0144412730857674
9202,-0.0125264899574254
9203,-0.0100019173874105
9204,-0.00758822398608418
9205,-0.00564767797769346
9206,-0.00411225329525922
9207,-0.00280275046157331
9208,-0.00156945465224511
9209,-0.000409458835940163
9210,0.000358140499592382
9211,0.000401795476031418
9212,0.000197073107936419
9213,0.00116365779836228
9214,0.0043245098704153
9215,0.0087988015233905
9216,0.0122156864483761
9217,0.0129373542666393
9218,0.0115586869043284
9219,0.00996806537037836
9220,0.00925374326285809
9221,0.00890307764050895
9222,0.00782465031929978
9223,0.00563299621061377
9224,0.00286898163673928
9225,0.000364280767473795
9226,-0.00141738724835598
9227,-0.00263342965857162
9228,-0.00379264853208334
9229,-0.00508495896751364
9230,-0.00601724027767147
9231,-0.00611144289276497
9232,-0.00607090059897359
9233,-0.00765640157457573
9234,-0.0117804254244572
9235,-0.0169389611283135
9236,-0.0202663889134568
9237,-0.0203311723087094
9238,-0.0183785704856937
9239,-0.0165966494088484
9240,-0.0157111986000448
9241,-0.0147591421259665
9242,-0.0127950330534161
9243,-0.0100559691402043
9244,-0.00742914939261011
9245,-0.00543287419515732
9246,-0.00400059280810814
9247,-0.00284383446254528
9248,-0.00171637801520671
9249,-0.000594526017107267
9250,0.000162854814533776
9251,0.000175112199634421
9252,-8.01614787497129E-05
9253,0.000886287341967981
9254,0.00415380821199194
9255,0.0087771222783137
9256,0.0122233107385066
9257,0.01276939299952
9258,0.0111303243930328
9259,0.00942395791059247
9260,0.0088484395358469
9261,0.00877890536465468
9262,0.00791615946921317
9263,0.00577154812518335
9264,0.00295121529223114
9265,0.000414191893160913
9266,-0.0013268177049413
9267,-0.0024921396272361
9268,-0.00367847141237715
9269,-0.0050847435150221
9270,-0.00613463209832699
9271,-0.00625421267812205
9272,-0.00611945844037335
9273,-0.00754122298427704
9274,-0.0115148227009872
9275,-0.0166082119271553
9276,-0.0199869733881859
9277,-0.0201837833863852
9278,-0.0183474281909217
9279,-0.0165809931931905
9280,-0.0156218331884922
9281,-0.0146114089579103
9282,-0.0126951349372812
9283,-0.0100948944690538
9284,-0.00760192902283881
9285,-0.00566438127833253
9286,-0.00423432557466785
9287,-0.00308829393540644
9288,-0.00200144618911372
9289,-0.000894182010251186
9290,-5.83383713725815E-05
9291,0.000105758712228603
9292,-4.10192303503836E-05
9293,0.000894016339625787
9294,0.00403950416250555
9295,0.0086136935965125
9296,0.0121823601201524
9297,0.0129406550140349
9298,0.0114350416707046
9299,0.00971240657747805
9300,0.00904260307651213
9301,0.00889415882218235
9302,0.00798387429532086
9303,0.00579581091612863
9304,0.0029328715840815
9305,0.000362935990842388
9306,-0.00141697717794593
9307,-0.00263526870716062
9308,-0.00384495228879779
9309,-0.00519691206412545
9310,-0.0061451589104431
9311,-0.00619703020041463
9312,-0.00604684704929605
9313,-0.00744539791648731
9314,-0.0113700919972971
9315,-0.0164697537012217
9316,-0.01996459393313
9317,-0.0202975228913802
9318,-0.0184840798354901
9319,-0.0166419720741429
9320,-0.0156511021363143
9321,-0.0146977698074163
9322,-0.0127869617015946
9323,-0.0100261722126066
9324,-0.00732862143748029
9325,-0.00537667722910298
9326,-0.00415559664061907
9327,-0.0032093882204979
9328,-0.00209644097317999
9329,-0.0007864162512585
9330,0.00020970513157803
9331,0.000377784501443606
9332,0.00015680804639418
9333,0.00104938958057979
9334,0.00418723982920729
9335,0.00873772190356686
9336,0.0122690546833509
9337,0.0130140390497542
9338,0.0115011146171188
9339,0.00971187380629259
9340,0.00891841561216945
9341,0.00870554930697354
9342,0.0079004864215041
9343,0.00594368314230248
9344,0.00326251595695237
9345,0.000700824321703016
9346,-0.00119046941640793
9347,-0.00249414478102362
9348,-0.00370782900440968
9349,-0.00505609858909992
9350,-0.00605526057715984
9351,-0.00616004961182573
9352,-0.0059878049176305
9353,-0.00732797865183971
9354,-0.0112698144430408
9355,-0.0164694934022101
9356,-0.0200146365038932
9357,-0.0202615213558243
9358,-0.0183247792565157
9359,-0.0164850835523008
9360,-0.0156400785038167
9361,-0.014854758845839
9362,-0.0130514923841486
9363,-0.0103475865889578
9364,-0.00763445572044262
9365,-0.00551154007820863
9366,-0.00398822319147997
9367,-0.00281997104574137
9368,-0.0017490082242529
9369,-0.000664854355859706
9370,0.000159021870931043
9371,0.00029112623008503
9372,4.03381755420097E-05
9373,0.000828073661588561
9374,0.00390367302581835
9375,0.00855589315027278
9376,0.0122698035281613
9377,0.0131114041080705
9378,0.0116039330517556
9379,0.00985573349602663
9380,0.00915932507713188
9381,0.00897299958118557
9382,0.00806905887010032
9383,0.00600818178531306
9384,0.00332710805316565
9385,0.000804221817716368
9386,-0.00112310028776613
9387,-0.00250247810500275
9388,-0.00371001670357611
9389,-0.00497408518602661
9390,-0.00594322572112369
9391,-0.00611950258269924
9392,-0.00600164246436125
9393,-0.00727888423176304
9394,-0.0111202340054313
9395,-0.016337392955531
9396,-0.0200420802093062
9397,-0.0204601590036581
9398,-0.0185769914406033
9399,-0.016654900297685
9400,-0.0156589462257729
9401,-0.0147452533639933
9402,-0.0129196873013049
9403,-0.0103327204342805
9404,-0.00781081622667737
9405,-0.00582096882623256
9406,-0.00429098141754579
9407,-0.00301888239941836
9408,-0.00184825861805195
9409,-0.000708979252534137
9410,0.000166648527524416
9411,0.000377498060266353
9412,0.00018105290065384
9413,0.000918948829181899
9414,0.00384964644870161
9415,0.00838498873890869
9416,0.0121239360901754
9417,0.0131004178437221
9418,0.0116838498065944
9419,0.0098800291983382
9420,0.00904426738467382
9421,0.00877608578323959
9422,0.00789855198704823
9423,0.00590026152159876
9424,0.00324475294573503
9425,0.000725644252528251
9426,-0.00117072242921071
9427,-0.00249787196619554
9428,-0.00368096721936359
9429,-0.00496551409566063
9430,-0.00596297012031382
9431,-0.0061282761931352
9432,-0.00594223117411908
9433,-0.00711801549199117
9434,-0.010893773432668
9435,-0.016158243352956
9436,-0.0200143893300218
9437,-0.0205561395141277
9438,-0.0186424195405033
9439,-0.016588047490821
9440,-0.0155525373419027
9441,-0.0147810246419422
9442,-0.0131291148273401
9443,-0.0105466326212622
9444,-0.00787362305506853
9445,-0.00577478810495893
9446,-0.0042821206491994
9447,-0.00308310736802708
9448,-0.00188982509963271
9449,-0.000677410766559781
9450,0.000193077906148783
9451,0.000324169223395126
9452,0.000101697977690149
9453,0.000906657288304381
9454,0.00387247393449897
9455,0.00830861002809492
9456,0.0118951599249499
9457,0.0128213673668891
9458,0.0114799287455265
9459,0.0097728239308272
9460,0.00900602580140799
9461,0.00884162628983673
9462,0.00812205363848517
9463,0.0062111084893282
9464,0.00344974927543338
9465,0.000710328627725393
9466,-0.00129613008359342
9467,-0.00251983941612192
9468,-0.00353213531537443
9469,-0.00479074636060699
9470,-0.00593194745123976
9471,-0.00624156394662872
9472,-0.00605450057047273
9473,-0.00710819643997719
9474,-0.0107607408935512
9475,-0.0159715274992758
9476,-0.019840062137384
9477,-0.020447246022649
9478,-0.0186396151690692
9479,-0.0166731851700318
9480,-0.015623293655429
9481,-0.0147287567165993
9482,-0.0129503131649926
9483,-0.0103419481198391
9484,-0.00773273133959614
9485,-0.00570345165381396
9486,-0.0042527579012222
9487,-0.00309695120306961
9488,-0.00193812840230989
9489,-0.000682327483026127
9490,0.000312654578443213
9491,0.000517453482781337
9492,0.000191455118583877
9493,0.000779711355096883
9494,0.00362724036001243
9495,0.00816099350315778
9496,0.0119580134633123
9497,0.0130266998239332
9498,0.0117001891951395
9499,0.00994249845116078
9500,0.00910509183727867
9501,0.0088362257349849
9502,0.00799641024148992
9503,0.0060318109796098
9504,0.00332345171264489
9505,0.000662026995926252
9506,-0.00135367158463897
9507,-0.00267461330097284
9508,-0.00377572730908653
9509,-0.00505938933731854
9510,-0.00619328304388282
9511,-0.00647894613799104
9512,-0.00619645065647506
9513,-0.00707005905280215
9514,-0.0105858489919132
9515,-0.0158526457045007
9516,-0.0199278634358945
9517,-0.0206727110570724
9518,-0.0188024815355694
9519,-0.0166968332942996
9520,-0.015639638601803
9521,-0.0148912635062969
9522,-0.0132431540155567
9523,-0.0106289171745754
9524,-0.00793169633145107
9525,-0.00582910665209209
9526,-0.00432105394079827
9527,-0.0030959685397811
9528,-0.00191313406815406
9529,-0.000754897569185732
9530,7.06573517841962E-05
9531,0.000173828934794771
9532,-0.000142634125113508
9533,0.000471054218170503
9534,0.00330126674119065
9535,0.00786197897478631
9536,0.0118167232106938
9537,0.0130859492723239
9538,0.0118319201651279
9539,0.010006324623301
9540,0.00913567160050478
9541,0.00899118576906685
9542,0.00833311976051873
9543,0.00641739322442268
9544,0.00358312375003366
9545,0.000759567909216337
9546,-0.00130961081344016
9547,-0.00255591285696207
9548,-0.00353042872942574
9549,-0.00472361696674734
9550,-0.00586246274502594
9551,-0.00625098216878826
9552,-0.00608416205421399
9553,-0.00696077651335247
9554,-0.0103414729055025
9555,-0.0154814975515527
9556,-0.0196202108098878
9557,-0.020615528995543
9558,-0.0189674723615208
9559,-0.0168601394577017
9560,-0.0156216068848893
9561,-0.0147338175904539
9562,-0.0131214395181828
9563,-0.010627781376838
9564,-0.00797310094443208
9565,-0.00582005644102944
9566,-0.00429890641092859
9567,-0.00316853832076056
9568,-0.00208553233523217
9569,-0.000894230917364073
9570,7.43335073528553E-05
9571,0.000262634447518407
9572,-0.000132079184730078
9573,0.000320189282621612
9574,0.00306245498487807
9575,0.00765955411885536
9576,0.011692816174067
9577,0.0129927170011181
9578,0.0117189856974856
9579,0.00987331653776893
9580,0.00900447409489659
9581,0.00886154556243185
9582,0.00818749423013755
9583,0.0062623265353602
9584,0.00347244939652513
9585,0.000758221519310166
9586,-0.00120130613756978
9587,-0.00243916424551236
9588,-0.00353741727903887
9589,-0.00488575935157758
9590,-0.00606729943245666
9591,-0.00636291321889561
9592,-0.00609975930014641
9593,-0.00700096642746654
9594,-0.0104809435971061
9595,-0.0156349637910082
9596,-0.0196375872640321
9597,-0.0204686294061402
9598,-0.0187969830016635
9599,-0.0168348852004111
9600,-0.0157816479558529
9601,-0.0149749406850939
9602,-0.0132997573411801
9603,-0.0106640463850574
9604,-0.00788406075399337
9605,-0.00568275697727318
9606,-0.00418366080772836
9607,-0.00308472423377906
9608,-0.00198157464947549
9609,-0.000712008286002007
9610,0.000342062044870186
9611,0.00056419915356159
9612,0.000131740759279078
9613,0.000504681010371652
9614,0.00318551174823679
9615,0.0077855732125583
9616,0.0118721771658229
9617,0.0132024421525513
9618,0.0118823205904944
9619,0.00995790021179592
9620,0.00907946124250083
9621,0.00902594794282199
9622,0.00845232859832296
9623,0.00654685187465232
9624,0.00371677702050395
9625,0.000989860143459616
9626,-0.000936533299859532
9627,-0.00216710286664673
9628,-0.00333108130399102
9629,-0.00477086509811683
9630,-0.00599610955888948
9631,-0.00627415221816398
9632,-0.00596534848287628
9633,-0.00682298829933279
9634,-0.0102941260446413
9635,-0.0155189721815487
9636,-0.0196680950601721
9637,-0.0206186116854278
9638,-0.0189250800371895
9639,-0.0168186068960291
9640,-0.0156479552404442
9641,-0.0148660387870901
9642,-0.0133274361873385
9643,-0.0108326650175563
9644,-0.00812957731054714
9645,-0.00592200815593908
9646,-0.00432841293654452
9647,-0.00308834568051984
9648,-0.00191543234949827
9649,-0.000737454124067673
9650,0.000148313413903204
9651,0.000334782217205463
9652,8.56646782488848E-05
9653,0.000682173438088266
9654,0.00335985041221207
9655,0.00768025946578975
9656,0.0114494205878174
9657,0.012704966883966
9658,0.0115962849553599
9659,0.00995974389581853
9660,0.00921960936668426
9661,0.00912647300292805
9662,0.00847746913968242
9663,0.00656591496792916
9664,0.00374404413252675
9665,0.000934606052347935
9666,-0.00113486545673805
9667,-0.00241209577639728
9668,-0.00344894411311254
9669,-0.00470930146836065
9670,-0.00587534177424711
9671,-0.00621919804109702
9672,-0.00594657129672016
9673,-0.00670778102873948
9674,-0.0100205356265658
9675,-0.0151661832106544
9676,-0.0193727118366981
9677,-0.0204685566353701
9678,-0.01892150592667
9679,-0.0168870380049763
9680,-0.0156848201584412
9681,-0.0148249596250002
9682,-0.0132700756757368
9683,-0.0108485615023681
9684,-0.00820201057049446
9685,-0.00594383010501366
9686,-0.00428062423821789
9687,-0.00311964483902255
9688,-0.00215859664969431
9689,-0.0010924102198717
9690,-6.79142384947958E-05
9691,0.000346282060851095
9692,0.000126418692471194
9693,0.000513480348098517
9694,0.00300852077197719
9695,0.00741515250800132
9696,0.0114775454084964
9697,0.0129689940842232
9698,0.0118753574328549
9699,0.0100973933097518
9700,0.00921797146830658
9701,0.00907835289690373
9702,0.00847466711285004
9703,0.00666706598629976
9704,0.00396715155063858
9705,0.00124401013371256
9706,-0.000818202130914526
9707,-0.00216102118415525
9708,-0.00328994017734705
9709,-0.00463593776483868
9710,-0.00588319395467053
9711,-0.00629669288219138
9712,-0.00603348799465867
9713,-0.00670672728380035
9714,-0.00988849113737926
9715,-0.0149829625861584
9716,-0.0192764815356783
9717,-0.0205137716211807
9718,-0.019033657020388
9719,-0.0169685273269808
9720,-0.0157209372368397
9721,-0.0148467468475301
9722,-0.0132524470239443
9723,-0.01072369590884
9724,-0.00798669072729834
9725,-0.00578071800034943
9726,-0.00429568805495369
9727,-0.00326275277855039
9728,-0.0022377483899797
9729,-0.000968958479928372
9730,0.000211918844804914
9731,0.0006098604998848
9732,0.000234894926261528
9733,0.000467621543298946
9734,0.00293429510483993
9735,0.00745625137467765
9736,0.0116706137872399
9737,0.0132037374515918
9738,0.0119966681447029
9739,0.0100594795488527
9740,0.00911732661280327
9741,0.00902266914416147
9742,0.00845699316452028
9743,0.00660171251052777
9744,0.00381850703564642
9745,0.00106233233799916
9746,-0.000982770115610714
9747,-0.00231720607774942
9748,-0.00345820697943701
9749,-0.0047970349188862
9750,-0.00601181495915825
9751,-0.00640882260297255
9752,-0.00615068968829101
9753,-0.00679758922190495
9754,-0.00990498463159406
9755,-0.0149500533033133
9756,-0.0192824855530673
9757,-0.0205931517583734
9758,-0.0191180434978265
9759,-0.0169960516421949
9760,-0.0157466314825386
9761,-0.0149797653094256
9762,-0.0135008228355859
9763,-0.0109721654886851
9764,-0.00813949931951018
9765,-0.00586437224100763
9766,-0.00438747103172916
9767,-0.00337456749472656
9768,-0.00233385655900239
9769,-0.00107109892725657
9770,1.72307709779213E-05
9771,0.000287623634997028
9772,-0.000136735207386188
9773,0.000141539705812026
9774,0.00264815118487056
9775,0.00713944098722761
9776,0.0113221674246673
9777,0.0129238018437276
9778,0.0118639948457214
9779,0.0100292695226371
9780,0.00908182601582603
9781,0.00894455216526219
9782,0.00839002901838145
9783,0.00658830722295889
9784,0.00382676852062569
9785,0.00105165371206412
9786,-0.000980236415635162
9787,-0.00223481051538043
9788,-0.00330569096119639
9789,-0.00467686187510365
9790,-0.00600074796905767
9791,-0.00646048593796245
9792,-0.00616181809090606
9793,-0.00675931888571645
9794,-0.00993337294261266
9795,-0.0151436434294426
9796,-0.0195919182492199
9797,-0.0208809148591232
9798,-0.0193279627580844
9799,-0.0171959277822589
9800,-0.015989710337468
9801,-0.0152000806700312
9802,-0.0136113499794006
9803,-0.0110197734612782
9804,-0.00826100141503468
9805,-0.00607881864908977
9806,-0.00453541271147184
9807,-0.00332359187925459
9808,-0.00216583312654809
9809,-0.000966814319715718
9810,3.35911160251648E-05
9811,0.000354163181031483
9812,1.50376546405138E-05
9813,0.000180800464906044
9814,0.0023804966173186
9815,0.00666216728156962
9816,0.0109481717608165
9817,0.0128268435044963
9818,0.0119110834667676
9819,0.00999262171752311
9820,0.00892014333257262
9821,0.0088083023111505
9822,0.00840854000796702
9823,0.00673090127094479
9824,0.00395950833501886
9825,0.00106533181471258
9826,-0.00109826942571624
9827,-0.00240393476075305
9828,-0.00341401719522667
9829,-0.00468097302050917
9830,-0.00598126897511694
9831,-0.00654633137637911
9832,-0.00637560188119904
9833,-0.00696183867136624
9834,-0.00995366037484954
9835,-0.0149643704241565
9836,-0.0193899156970304
9837,-0.0208762875812035
9838,-0.019589428677123
9839,-0.0175884508614837
9840,-0.0163137287014333
9841,-0.0153872224310762
9842,-0.0137767654511476
9843,-0.0113135161999962
9844,-0.00868739294643154
9845,-0.00649668002300423
9846,-0.00482970837974927
9847,-0.00352803172273854
9848,-0.002395183656518
9849,-0.00126948563563989
9850,-0.000277857845330442
9851,0.000145413925306046
9852,-4.55635035405161E-06
9853,0.000369252251876763
9854,0.00268447958159419
9855,0.00688201251444778
9856,0.0109121085117018
9857,0.0125710523620663
9858,0.0116793093997256
9859,0.0100040310089632
9860,0.00915691050901172
9861,0.00907514234940508
9862,0.00858166176083823
9863,0.00689108868737019
9864,0.00427159836123864
9865,0.00157563113817344
9866,-0.000515903851104253
9867,-0.00192455224289097
9868,-0.00311182065764013
9869,-0.0044908499804443
9870,-0.00577768874008827
9871,-0.00624489810765351
9872,-0.00596673424283984
9873,-0.00647592677097499
9874,-0.00943197074118273
9875,-0.0144715530679678
9876,-0.0190071237900351
9877,-0.0206287107995754
9878,-0.019389672520262
9879,-0.017305991245922
9880,-0.0159156946291349
9881,-0.014969417324429
9882,-0.0134392746597148
9883,-0.0110557299145288
9884,-0.00845861991072568
9885,-0.00629488114425102
9886,-0.00468083330289696
9887,-0.00339345829172894
9888,-0.00218163055666126
9889,-0.000941238557126226
9890,0.000106894663700312
9891,0.00052517310777785
9892,0.000358950443636526
9893,0.000683649059967701
9894,0.00285858357267366
9895,0.00689430810117232
9896,0.0109286839444805
9897,0.0128085290859396
9898,0.0121262766175764
9899,0.0103789364757555
9900,0.00921098334466176
9901,0.00887598695551277
9902,0.00841749155367241
9903,0.00692320440923937
9904,0.00437505221112044
9905,0.00153697284007153
9906,-0.000725800653398586
9907,-0.00213685237660766
9908,-0.00318000962116706
9909,-0.0044484341075649
9910,-0.00575757417958436
9911,-0.00629181670943676
9912,-0.00598561005475882
9913,-0.00637066613185011
9914,-0.00924901408391955
9915,-0.0143590063652455
9916,-0.0190351419902957
9917,-0.0206989386105221
9918,-0.0193562153869203
9919,-0.0171588918903181
9920,-0.015794311608107
9921,-0.0149902571464412
9922,-0.0135557672259955
9923,-0.011110201096204
9924,-0.00834703471420798
9925,-0.00605929410668894
9926,-0.00446382800599336
9927,-0.00332570641155573
9928,-0.00229123553552553
9929,-0.00113863542266305
9930,-5.67234264691915E-05
9931,0.000419490984213972
9932,0.000214237220359116
9933,0.000430984972111775
9934,0.0026068362287798
9935,0.00685093716909213
9936,0.0111505152738668
9937,0.0131102328534688
9938,0.0122947018143181
9939,0.0104186876017535
9940,0.00928947585730659
9941,0.00905882735759881
9942,0.00857512985449814
9943,0.00692981236976535
9944,0.00429775540532391
9945,0.00155000169993017
9946,-0.000560176857376298
9947,-0.00191375677585059
9948,-0.00300230658581575
9949,-0.00432690292599193
9950,-0.00567319787779652
9951,-0.0062658115218267
9952,-0.00602512546279701
9953,-0.0063945859573443
9954,-0.00914637090575896
9955,-0.0141226033468332
9956,-0.0187833643414426
9957,-0.020549358819372
9958,-0.0193149691517779
9959,-0.0171559093980586
9960,-0.0157960107385811
9961,-0.0150391422780174
9962,-0.0137028395792713
9963,-0.0113410581677848
9964,-0.00858893992234033
9965,-0.00624738439751338
9966,-0.00458747496927877
9967,-0.00341782841882992
9968,-0.00238736979154538
9969,-0.00124922470040547
9970,-0.000168825813381279
9971,0.000318095765970512
9972,0.000106901612565269
9973,0.000268299403856876
9974,0.00234801646610471
9975,0.00652418786270571
9976,0.0108611840703255
9977,0.0129583840472361
9978,0.0122733204338874
9979,0.0104120306991156
9980,0.00919336780060918
9981,0.00889584591108381
9982,0.00847451627152025
9983,0.00699206040239335
9984,0.00449203501150921
9985,0.00174628195927903
9986,-0.000470033655760065
9987,-0.00193232514074033
9988,-0.00304982603235734
9989,-0.00432937025295179
9990,-0.00562007704993593
9991,-0.00618758127135554
9992,-0.00593553725886707
9993,-0.00627847434426837
9994,-0.00900445528030367
9995,-0.0139974825583152
9996,-0.0187188075221772
9997,-0.0205463871288445
9998,-0.0193619994138487
9999,-0.0172824657365801
