T,AI2_filter1
0,-2.56674601257479E-21
1,-1.81025805084078E-06
2,-2.63698951756088E-06
3,7.73357577233151E-07
4,4.18994579121706E-06
5,-4.92207056611346E-07
6,-8.2891961836176E-06
7,-3.25684206104236E-06
8,1.14179298490053E-05
9,9.47601052145126E-06
10,-1.32517942061492E-05
11,-1.8598688084762E-05
12,1.23716776358854E-05
13,3.14892740122533E-05
14,-4.79764096552227E-06
15,-4.43772844472981E-05
16,-9.09477243067799E-06
17,5.70881011587666E-05
18,3.38016687372515E-05
19,-6.10914313190907E-05
20,-6.35422970068682E-05
21,5.87950472364298E-05
22,0.000104427356100677
23,-3.699064264295E-05
24,-0.00014504628022083
25,-1.68347360141856E-06
26,0.000186045105182023
27,6.77100871543581E-05
28,-0.000214270139457686
29,-0.00016103515228929
30,0.000222588083528267
31,0.000289056050437874
32,-0.000194967556966412
33,-0.000461013348115369
34,0.00011010587217892
35,0.00071068063279667
36,8.0295979041073E-05
37,-0.00118533106275781
38,-0.00054649756553579
39,0.00345277637251832
40,0.00884075720886208
41,0.0120034410825832
42,0.0115820210541064
43,0.00954085897313237
44,0.00828711686952528
45,0.00786256965769811
46,0.006635768091801
47,0.00395005876278424
48,0.00097707731478688
49,-0.000969472784144173
50,-0.00201901921838021
51,-0.00321960500985576
52,-0.00491755569906487
53,-0.00625545748873499
54,-0.0063785179675601
55,-0.00586444543298522
56,-0.00660906309372978
57,-0.010013095107112
58,-0.0152543996775838
59,-0.0196641160489438
60,-0.0211027881474473
61,-0.019843943564115
62,-0.0178787762798477
63,-0.0165939870992564
64,-0.0156253414568487
65,-0.0139354242602076
66,-0.0113450592266064
67,-0.00862325153941088
68,-0.0064900832635143
69,-0.00502745887816792
70,-0.00389791727471259
71,-0.00273060692187198
72,-0.00139899236443826
73,-0.0002740298262082
74,-8.31370620232258E-06
75,-0.000534093484890438
76,-0.000386662503589628
77,0.00216965123263269
78,0.00697203297383959
79,0.0115089743220857
80,0.0132500376150085
81,0.0121610495162797
82,0.010367566440427
83,0.0095476711685397
84,0.00936951038103138
85,0.00851029201273916
86,0.00643908494938221
87,0.00376330900081836
88,0.00130620783058621
89,-0.000596934359572062
90,-0.00206782600265385
91,-0.00339633012775173
92,-0.0047251098434424
93,-0.00575584953053892
94,-0.00600321483154243
95,-0.00576824913784175
96,-0.00659656025414489
97,-0.00995216547674678
98,-0.0152038608370219
99,-0.019622992976585
100,-0.0209412667966172
101,-0.0195443503189018
102,-0.0176202761604365
103,-0.0164929860854073
104,-0.0155461123249869
105,-0.0136812050233018
106,-0.0109407269568217
107,-0.00827671796890078
108,-0.00631871866836212
109,-0.004944818233568
110,-0.0037721507343455
111,-0.00255193430665718
112,-0.00124619193187069
113,-0.000177080210584558
114,9.14929330153255E-05
115,-0.000373861341614051
116,-0.000196958143007875
117,0.00229249970623872
118,0.00696893216284555
119,0.0114233659848712
120,0.0131816526205082
121,0.0121517979509369
122,0.0103428458327666
123,0.00939335930268715
124,0.00905883731138226
125,0.00813004290669038
126,0.00607835547452595
127,0.00339919852034282
128,0.00083701792495877
129,-0.00120416252991619
130,-0.00270230562775851
131,-0.00390625032061221
132,-0.00507637331521651
133,-0.00604971311461221
134,-0.00633619587107006
135,-0.00611452863781374
136,-0.00685415855668392
137,-0.010084629409192
138,-0.0153022306469222
139,-0.0198203483719482
140,-0.0212786707060042
141,-0.0199287193097517
142,-0.0179139501469522
143,-0.0166484959718067
144,-0.0156529190539047
145,-0.0138709950155754
146,-0.0112466385255176
147,-0.0086025054613408
148,-0.00655183111064764
149,-0.00507087122742159
150,-0.00385393827095768
151,-0.00263014627807363
152,-0.00131791751098425
153,-0.000262466575711126
154,-5.56497581223079E-05
155,-0.000556270563244696
156,-0.000273703355088263
157,0.00242836561374666
158,0.00721991441606166
159,0.0115542949198979
160,0.0130816981722516
161,0.0119636695556195
162,0.01029071010199
163,0.00953464521942835
164,0.0092650151829088
165,0.00827985997662284
166,0.0061913622831167
167,0.0035698268579422
168,0.0011014055161451
169,-0.000900241419601397
170,-0.00243607148454288
171,-0.00370929439666466
172,-0.0049144741683673
173,-0.00585090494007248
174,-0.00605821700009909
175,-0.0058035040021192
176,-0.0066108870883986
177,-0.00994343936255124
178,-0.0151664406378174
179,-0.0195607970500445
180,-0.0208854300662094
181,-0.0195143431558275
182,-0.0175665017747895
183,-0.0163431339337396
184,-0.0153354908144483
185,-0.0135637534013953
186,-0.0109980952259965
187,-0.0083622298665591
188,-0.00619286792280375
189,-0.00456936625099679
190,-0.00337465172435732
191,-0.00236261044787674
192,-0.00125636828223707
193,-0.000221090333966103
194,9.39799173887393E-05
195,-0.000374717339981533
196,-0.000209959450032131
197,0.00237481463108943
198,0.00721213991459668
199,0.0117050691562174
200,0.0132978205403766
201,0.0120435565197067
202,0.0101395578144061
203,0.00923119967333431
204,0.00892949952609118
205,0.00794391614224092
206,0.0058344103411678
207,0.00323706861467236
208,0.000908159370879464
209,-0.00090756445282314
210,-0.00237950898251601
211,-0.0037857847257955
212,-0.00519715966769242
213,-0.00622036928643861
214,-0.00635088448369091
215,-0.00599695253927452
216,-0.00682189652413059
217,-0.0102570578468012
218,-0.0155270830866483
219,-0.019861090008122
220,-0.0211182876901082
221,-0.0197775534691005
222,-0.0179184584678732
223,-0.016707418425686
224,-0.0155759730373934
225,-0.0136304384963663
226,-0.0109759258644726
227,-0.00839164722954623
228,-0.00636135385776257
229,-0.00486210277370804
230,-0.00369795139498248
231,-0.00261534702983495
232,-0.00140104981252604
233,-0.000292241683677276
234,5.84950859193291E-05
235,-0.00035607701777983
236,-0.000101046276974871
237,0.00253532617647691
238,0.00730318729920817
239,0.0116370889834389
240,0.0131163350431051
241,0.0118957710131138
242,0.010149326155974
243,0.00942044322330464
244,0.0092345363494803
245,0.00826577961116091
246,0.00607454904000482
247,0.00333349057196734
248,0.000872514325321582
249,-0.000995420950424056
250,-0.00243377907172279
251,-0.00377779472437348
252,-0.00516132246849999
253,-0.00620684512202241
254,-0.00637384401847066
255,-0.00602241098971919
256,-0.00681044107540245
257,-0.0102231566768365
258,-0.0155305745249812
259,-0.0199049993956597
260,-0.0210788901593889
261,-0.0195170853056846
262,-0.0174997387071815
263,-0.0164165594872113
264,-0.0156413066932099
265,-0.013947741798304
266,-0.0112118606090163
267,-0.00836378918218521
268,-0.00620672586016038
269,-0.00478545159854616
270,-0.00367429738549488
271,-0.00246689088237675
272,-0.00110938684460213
273,-6.21848247258893E-05
274,8.58496440907134E-05
275,-0.000393724590605163
276,3.75838317862727E-05
277,0.00287723132810197
278,0.00763664956457252
279,0.0117846064208284
280,0.0131138399090944
281,0.0118735181547086
282,0.0101391695779552
283,0.00935969024326797
284,0.00910348271740552
285,0.00812584399605057
286,0.00597381852080748
287,0.00325005032618904
288,0.000770834827558025
289,-0.00111264787341731
290,-0.0025604670824958
291,-0.0039354027728725
292,-0.00534207837322451
293,-0.00632662424071968
294,-0.00635886899908119
295,-0.00593855382643995
296,-0.0068211068522402
297,-0.0103817587154153
298,-0.0156857022680041
299,-0.0198827545402266
300,-0.0209150194047526
301,-0.0194076816046163
302,-0.0175196818345682
303,-0.0163975163798427
304,-0.0153953752094425
305,-0.013535333567354
306,-0.0108828516144575
307,-0.00825339804386588
308,-0.0061995222819068
309,-0.00470794729016671
310,-0.00352419248640289
311,-0.00237805345413787
312,-0.001148219588399
313,-0.000157808216009536
314,1.59401607528698E-05
315,-0.000449964251379661
316,-5.70759100070135E-05
317,0.0027559217720231
318,0.00756549445700413
319,0.0118214322502585
320,0.0132431072240084
321,0.0120215009654293
322,0.0102265662330991
323,0.00935946853384364
324,0.00906781411828025
325,0.00813200550772334
326,0.00601993700300449
327,0.00324058185594083
328,0.000653094692581089
329,-0.00122552814145179
330,-0.00248262342495538
331,-0.00363637864795755
332,-0.00500884150713082
333,-0.00615823501344896
334,-0.00636059053220116
335,-0.00597475447366691
336,-0.00681651156620909
337,-0.0103762982609359
338,-0.0157068746870314
339,-0.0198723561619863
340,-0.0208208985412754
341,-0.0192654815437837
342,-0.0173792036080871
343,-0.0162225776983267
344,-0.0151152142799989
345,-0.0131730693082932
346,-0.0105543980313403
347,-0.00803588030088921
348,-0.00606372119278871
349,-0.00458795516963364
350,-0.00338500188685566
351,-0.00219272920310488
352,-0.000884979234295507
353,0.000155394430726996
354,0.000272999400734162
355,-0.000307698791785708
356,6.92257526485551E-05
357,0.00301239614241299
358,0.00792600667118445
359,0.0120823359708673
360,0.0132844943445309
361,0.0119899603517985
362,0.0103683536350066
363,0.00971225989008556
364,0.00942196870156471
365,0.00830765583661898
366,0.00608382168651823
367,0.00338809507595406
368,0.00093784349988202
369,-0.000952787420069139
370,-0.00236870634910118
371,-0.00364280005712331
372,-0.00498036824156617
373,-0.00603513532418551
374,-0.00626045052614226
375,-0.00605600872103736
376,-0.00709786422027479
377,-0.0107156232517136
378,-0.0159439833606562
379,-0.0199707098120293
380,-0.0208723343899691
381,-0.0193777283316408
382,-0.0175715002913447
383,-0.0164267557756848
384,-0.0152669081848972
385,-0.0132883313334087
386,-0.0107038423623667
387,-0.00824398750500639
388,-0.00626113409183462
389,-0.00469325415594582
390,-0.00342564600545861
391,-0.00229951779874244
392,-0.00114195369102115
393,-0.000175853541876893
394,2.82399057969658E-05
395,-0.000395860577186
396,6.21999585294972E-05
397,0.00298383025949235
398,0.00786134173927888
399,0.0120210995058843
400,0.0132215176474353
401,0.0118743086379245
402,0.0101892419804036
403,0.00951569139223284
404,0.00921832924215053
405,0.0080199903791368
406,0.00564560483155088
407,0.00287043389388793
408,0.000514733454842587
409,-0.00118269115470181
410,-0.00248294769200233
411,-0.00378708530601796
412,-0.00518959625292453
413,-0.00620759112199047
414,-0.00630793668193856
415,-0.00603477518828226
416,-0.00716335571998891
417,-0.0109604428820301
418,-0.0162993594862943
419,-0.020260653399482
420,-0.0209554160490547
421,-0.0192535484934008
422,-0.0173772742098116
423,-0.0163248373739372
424,-0.0153014828040986
425,-0.0133412926315791
426,-0.0106198398048571
427,-0.00801626809498634
428,-0.00606265258955095
429,-0.00468803728538213
430,-0.0035705898203713
431,-0.00238835489678715
432,-0.0010490590073261
433,5.9489987211783E-06
434,0.000128717092755154
435,-0.000399562655429269
436,8.3515017803252E-05
437,0.00309829527019392
438,0.00794570340970504
439,0.0118966889130174
440,0.012874545698187
441,0.0114722450415958
442,0.00988666608003864
443,0.00931357141327258
444,0.00903770420948388
445,0.00785066317283094
446,0.00555604786501831
447,0.00288735993381754
448,0.00056154634918856
449,-0.00120478781581564
450,-0.00259074177017334
451,-0.00391912278635859
452,-0.00528423774081387
453,-0.00624437774502548
454,-0.00629167788984119
455,-0.00598241220804635
456,-0.00710582163094945
457,-0.0109207065145666
458,-0.0162601172634896
459,-0.0201878476566582
460,-0.020865760349366
461,-0.0192202533264053
462,-0.0174382269125821
463,-0.0164159950446472
464,-0.0153263168000759
465,-0.0132913145137601
466,-0.0105692465223841
467,-0.0079906809357711
468,-0.00597650916958282
469,-0.00445907903811509
470,-0.0032612856908545
471,-0.00216655486415306
472,-0.00100077570773959
473,-2.86963541982894E-05
474,0.000156863214013415
475,-0.000285171016113604
476,0.000187422267974831
477,0.0031507860155285
478,0.00807114653290575
479,0.0122644164246649
480,0.0134856071542977
481,0.0121241656142773
482,0.0103744657295904
483,0.00962716270410653
484,0.0093208176821346
485,0.00819256789364828
486,0.00589157206384152
487,0.00311740264448983
488,0.000705900141406534
489,-0.0010360136831984
490,-0.00235353205384304
491,-0.00369231545983971
492,-0.0051533397053407
493,-0.00618241253973266
494,-0.00619638062323122
495,-0.00580424219326837
496,-0.00689320730590483
497,-0.010746059533193
498,-0.0161470422710167
499,-0.0201198580809734
500,-0.0208211933280929
501,-0.019165818353369
502,-0.0173214558358407
503,-0.0162184314883315
504,-0.0151226629074886
505,-0.0131997853451245
506,-0.0106138510522724
507,-0.00805202860789983
508,-0.00592673663147695
509,-0.00432592447289092
510,-0.00320013629575016
511,-0.00226691538225798
512,-0.00118371743688662
513,-0.000164904821425065
514,8.86729747496471E-05
515,-0.000348515454571333
516,0.000120897282025119
517,0.0031449264058651
518,0.00812395691118869
519,0.0122467834659652
520,0.013283348585554
521,0.011792732734814
522,0.0100795676093549
523,0.00945244188727549
524,0.00920583712467962
525,0.00805482219233447
526,0.0057243022778819
527,0.0029350321249411
528,0.000472644853620142
529,-0.00134414408625401
530,-0.00264494622338778
531,-0.00380591863634751
532,-0.00503369725817155
533,-0.00596358779539667
534,-0.00608419729900586
535,-0.00590252307164824
536,-0.00716255863483002
537,-0.0110888280026706
538,-0.0164769167182424
539,-0.0203629951835681
540,-0.0209230383157708
541,-0.0191424416514974
542,-0.0172725405125701
543,-0.0162328958791246
544,-0.0151666738104975
545,-0.0131460571878326
546,-0.0104074451144677
547,-0.00780984549883831
548,-0.00582173932749495
549,-0.00438069907253813
550,-0.00324826336533855
551,-0.00213571524390766
552,-0.000870040011070096
553,0.000202393121420039
554,0.000418619182305352
555,-3.94536900350216E-05
556,0.000444568985377062
557,0.00345501399368882
558,0.00837071084953001
559,0.0124396142719276
560,0.013478360000346
561,0.0120129813754136
562,0.0102909141338973
563,0.00961907662597285
564,0.00933627008436497
565,0.00818786864729777
566,0.00589938442573033
567,0.00318230388313637
568,0.000795671666785249
569,-0.00100173782170864
570,-0.0023899551112031
571,-0.00371283578545111
572,-0.00506852147021573
573,-0.00601163657244067
574,-0.00605662468500413
575,-0.00579981201170465
576,-0.00703760952225143
577,-0.010977032219242
578,-0.016376944452723
579,-0.0202628027901327
580,-0.0208164837387396
581,-0.0190263297283559
582,-0.0171534029197814
583,-0.0161403655296682
584,-0.0151358242472576
585,-0.0131721316225911
586,-0.0104373614497513
587,-0.00779901439404738
588,-0.00578802053545854
589,-0.0043768143238372
590,-0.00329093711609121
591,-0.00220159493879559
592,-0.000968029247979397
593,9.9525544951211E-06
594,0.000114593851503955
595,-0.000341859048284104
596,0.000293317792787457
597,0.00344478338894581
598,0.00829879356657688
599,0.0121251187151796
600,0.0129699327216698
601,0.0115227137675661
602,0.00994725908495672
603,0.00936296617648664
604,0.00906385009618165
605,0.00790356785048042
606,0.00567083725010688
607,0.00300824541602654
608,0.000607055773882576
609,-0.00122386274792263
610,-0.0025830596983794
611,-0.00383896305778417
612,-0.00518360692331277
613,-0.00618563332788349
614,-0.00626945474873294
615,-0.00597085408365918
616,-0.0071364895303133
617,-0.0110479210187569
618,-0.0164544966524141
619,-0.0203219872972538
620,-0.0208312288917989
621,-0.0190346324513227
622,-0.0172148945473448
623,-0.016235796852864
624,-0.0151548550947996
625,-0.0130283207479445
626,-0.0101778111381485
627,-0.00756921908390197
628,-0.00568137064369421
629,-0.00434474306003965
630,-0.00322180361180008
631,-0.00206691655878747
632,-0.000842195754104329
633,8.1544480377519E-05
634,0.000205825049143319
635,-0.000134931972327197
636,0.000578732903328041
637,0.00366149110739441
638,0.00838103632905209
639,0.0121768765159036
640,0.0131100987056725
641,0.0117028413673365
642,0.0100093287662777
643,0.00925726060969866
644,0.0089130759758045
645,0.00782940238117037
646,0.00564463835151455
647,0.00293294444076131
648,0.000480537611079278
649,-0.00131715848935604
650,-0.00261957511735311
651,-0.00389573934784737
652,-0.00530806573273495
653,-0.00630812980664751
654,-0.00630059693371479
655,-0.00593166342409576
656,-0.00711751866256233
657,-0.011061071378771
658,-0.0164094360348916
659,-0.0201696763755627
660,-0.0206590634570802
661,-0.0189620601006058
662,-0.0172303140038588
663,-0.0162096078862093
664,-0.0150202917996156
665,-0.0128841592583262
666,-0.0101706937850974
667,-0.00771105918287182
668,-0.00584177376396667
669,-0.00441565639895945
670,-0.00322995588613553
671,-0.00210318115990863
672,-0.00093851788456757
673,-4.65872168842575E-05
674,5.16578891564437E-05
675,-0.000332846385049058
676,0.000384483245316334
677,0.00359071620858425
678,0.00848976194735382
679,0.0123648242611796
680,0.0132366464597967
681,0.0117756026883514
682,0.0101747287663763
683,0.00958611921293811
684,0.00926878822254826
685,0.00800329345250624
686,0.00558438095871818
687,0.00277709570423015
688,0.000379348721770558
689,-0.00135575219308336
690,-0.00268942909512278
691,-0.00404120147982541
692,-0.00545339120307002
693,-0.00634148589243826
694,-0.00621565100597322
695,-0.00586841967905394
696,-0.00723718472184312
697,-0.0113706442959495
698,-0.0167401277955644
699,-0.0203602462628132
700,-0.0207343011963188
701,-0.0190769109691625
702,-0.0174516095670881
703,-0.0164348023676193
704,-0.0151404066425736
705,-0.0129456496054331
706,-0.0102972675300218
707,-0.00791287915147976
708,-0.00600359651799947
709,-0.00447376834550207
710,-0.00325687142323779
711,-0.00217443120781421
712,-0.000999138021244201
713,7.35595490315907E-06
714,0.000203057797244125
715,-0.00021337580020713
716,0.000411840057538842
717,0.00361738211673992
718,0.00861424078275116
719,0.0125223105477494
720,0.0132425205358724
721,0.0115310575314766
722,0.00977769185906472
723,0.00922288652219046
724,0.00903174045310597
725,0.00784301349355847
726,0.00542122348099174
727,0.0026152499906497
728,0.000288459638496392
729,-0.00134839436857046
730,-0.00264883671367942
731,-0.0040553122849531
732,-0.00554464126199078
733,-0.00647675587992085
734,-0.00638564950436591
735,-0.00610925298959484
736,-0.00756227764093776
737,-0.0117233098579427
738,-0.0170450449939168
739,-0.0205959364501806
740,-0.0209217960267322
741,-0.019224400938111
742,-0.0175665274627329
743,-0.0165824198673631
744,-0.0154163792924252
745,-0.0133538586535684
746,-0.0107058571921323
747,-0.00818445571976814
748,-0.00614164046635887
749,-0.0045900929994986
750,-0.00342761257190215
751,-0.00240986950855035
752,-0.00134941311204926
753,-0.000565017126505513
754,-0.000594091625635609
755,-0.00103405339139601
756,-0.000211789333186612
757,0.00315517791236553
758,0.00804620875162781
759,0.0116907316529286
760,0.012320437199858
761,0.0108233235681172
762,0.00936364739975562
763,0.00890569495026176
764,0.00862298324103811
765,0.00737242872777652
766,0.00501818865018011
767,0.00228380225456327
768,-9.84417753410255E-05
769,-0.00186807108521105
770,-0.00323936579787329
771,-0.00460965175561745
772,-0.00601035711531597
773,-0.00683876281868569
774,-0.00663038100058344
775,-0.0062717494593753
776,-0.00776593814206022
777,-0.012092105384054
778,-0.0175692857140108
779,-0.0211389602401604
780,-0.0213719198389818
781,-0.0195946865054572
782,-0.0179218926846368
783,-0.0169147048175482
784,-0.0156433169306601
785,-0.0134328978567575
786,-0.0107032524878537
787,-0.00821781083057708
788,-0.00627936654923013
789,-0.00481827332768751
790,-0.00368535873391886
791,-0.00262439208115723
792,-0.00144956218257154
793,-0.000508227254347858
794,-0.000409369470315959
795,-0.000818977838348374
796,-5.14521095617402E-05
797,0.00326800251450787
798,0.00817979535861403
799,0.0118565450734537
800,0.0124290336157895
801,0.010798404429975
802,0.00927680904402707
803,0.00893390391083062
804,0.0088552845630757
805,0.00770699456557153
806,0.00528578412645635
807,0.00243822339379408
808,4.16846090551178E-05
809,-0.00164264402371471
810,-0.00293544722417633
811,-0.00430182436202305
812,-0.00575504114325332
813,-0.00665405782678271
814,-0.00651853327238025
815,-0.00621587355818094
816,-0.00771455842374519
817,-0.0119730814566396
818,-0.0173148114611601
819,-0.0206947968055236
820,-0.0207239783670311
821,-0.018819073745873
822,-0.0171700368373126
823,-0.0162830991376
824,-0.0150637328674977
825,-0.0127527245946239
826,-0.00988090808530611
827,-0.00737228952986926
828,-0.00552114161307064
829,-0.00410471116996311
830,-0.00290840569742597
831,-0.00178927682627614
832,-0.000667597677408791
833,0.000189442618189366
834,0.00034191258608445
835,0.000149007428975584
836,0.00113774669175544
837,0.00453093419208607
838,0.00937782091180992
839,0.0129667144581975
840,0.0135052965161031
841,0.0118728557707709
842,0.0103051915594454
843,0.00980891842905806
844,0.00947000423768408
845,0.00803805696933454
846,0.00542950308159315
847,0.00254547342782096
848,0.000200678489955513
849,-0.00145278310684184
850,-0.00277208513094867
851,-0.00416491868672021
852,-0.0055870208042785
853,-0.00642350123280832
854,-0.00627459420157477
855,-0.00604859674466334
856,-0.00767540329220405
857,-0.0120487561908735
858,-0.0174722105092588
859,-0.0209265011302009
860,-0.0210304409588893
861,-0.0191596213859019
862,-0.0174670675992402
863,-0.0164964762088462
864,-0.0152427092697073
865,-0.0129852341656589
866,-0.0101945413063781
867,-0.00771232995395169
868,-0.00582709791626683
869,-0.00437207238615352
870,-0.00316133202567548
871,-0.00203522345039314
872,-0.000923944317955699
873,-0.000151817641255505
874,-0.000172484913001982
875,-0.000527911087405579
876,0.000438595010082148
877,0.00396700061288672
878,0.00899263348406372
879,0.0126800386031195
880,0.0132020526461665
881,0.0114783675564298
882,0.00980980650231133
883,0.00927486677717732
884,0.00900848355167589
885,0.00772074710930657
886,0.00520080874270772
887,0.00226835363023478
888,-0.000174705612833786
889,-0.00180172320436437
890,-0.00292950833996747
891,-0.00413187463190312
892,-0.00554280360428703
893,-0.00651801940986228
894,-0.00646320942066633
895,-0.00616937987425939
896,-0.00764808603882578
897,-0.0119352059196017
898,-0.017350208661364
899,-0.0207737509357884
900,-0.0207672107963411
901,-0.0187642932005314
902,-0.0170038906438196
903,-0.0160413105418236
904,-0.0148216042875429
905,-0.0125836142260332
906,-0.00978521048471601
907,-0.00726127269930744
908,-0.00530800874630135
909,-0.00380635111493573
910,-0.00262439338521077
911,-0.00158746341753291
912,-0.000538859364094944
913,0.000254807144472277
914,0.000290597258125193
915,-7.44716120147097E-05
916,0.000781634177583317
917,0.00415893877808839
918,0.00906782616182291
919,0.0127017146676793
920,0.0132368833149692
921,0.0115950209095686
922,0.0100398877184911
923,0.00955441334192416
924,0.00920952162110438
925,0.00779165050475156
926,0.00525709376481857
927,0.00248946998173158
928,0.000254782438996038
929,-0.00130398280643415
930,-0.00250891570814371
931,-0.0037556682715382
932,-0.00504749540200608
933,-0.00583143848562712
934,-0.00572540749260696
935,-0.00561018444701096
936,-0.0073737169937753
937,-0.0118571751230956
938,-0.0172981634537148
939,-0.0206430150399935
940,-0.0205684425386728
941,-0.0185781609597754
942,-0.0169108590506356
943,-0.0160704594727231
944,-0.0149337777323589
945,-0.0127042319426262
946,-0.00987452769213376
947,-0.00736024087902309
948,-0.00550143535591245
949,-0.00412888595057768
950,-0.00300836164876293
951,-0.00191641575037145
952,-0.000755008252103727
953,0.000106880550168554
954,0.000133713579690951
955,-0.000247665838154516
956,0.000667474744775571
957,0.00416630699147812
958,0.00915564826554929
959,0.0127470126730336
960,0.0131393832213587
961,0.0113419762030221
962,0.00967497607938477
963,0.00911823875868147
964,0.00873131335852864
965,0.00731783262197531
966,0.0048468310204595
967,0.0021642598720215
968,-4.06166894401272E-05
969,-0.00167775799176187
970,-0.00304534582140622
971,-0.0044410505803027
972,-0.00576524421311279
973,-0.00645067908481242
974,-0.00621381217739733
975,-0.00604593069648923
976,-0.00782749259335226
977,-0.0122885264110263
978,-0.0176132358691167
979,-0.0208399121561206
980,-0.0207546906743687
981,-0.0188218731016957
982,-0.0171425060163189
983,-0.0161885462176546
984,-0.0149597570357748
985,-0.0127531651278379
986,-0.00998921380241156
987,-0.00745938263413397
988,-0.005503169145431
989,-0.00404640441206483
990,-0.0028921338238184
991,-0.00177790829125483
992,-0.000600658360881267
993,0.000234905975675412
994,0.000233860652442461
995,-6.28666528041288E-05
996,0.00105463851399377
997,0.00469683084953263
998,0.00962220074859765
999,0.0130431267322636
1000,0.01340691074499
1001,0.011823434358813
1002,0.0104802653237879
1003,0.0101925176970922
1004,0.00998758389045735
1005,0.00869814902888791
1006,0.00626799641346359
1007,0.00351488646561751
1008,0.00120861601411466
1009,-0.000417854142135796
1010,-0.0016210126418555
1011,-0.00281335775434611
1012,-0.00404682054898195
1013,-0.00480814736881668
1014,-0.00475854127517631
1015,-0.00479674782612578
1016,-0.00673154108643031
1017,-0.0112585859573699
1018,-0.016564671818404
1019,-0.0197239166630669
1020,-0.0195807336798059
1021,-0.0176538797531635
1022,-0.0160529082094968
1023,-0.0151908554468091
1024,-0.013992083371395
1025,-0.0117550319212867
1026,-0.00899102213477996
1027,-0.00655729307768692
1028,-0.00473338383884401
1029,-0.00332670254581335
1030,-0.0021206954457677
1031,-0.000958078102862668
1032,0.000177067463976249
1033,0.000915716534309496
1034,0.00084923307907853
1035,0.000533005516777172
1036,0.00162500698117713
1037,0.00521480265353126
1038,0.010098308517031
1039,0.0135119440814259
1040,0.0138614773202177
1041,0.0121878041421649
1042,0.010654246044969
1043,0.0101266097661584
1044,0.00972592662002852
1045,0.00834897424889104
1046,0.00591487346827375
1047,0.00315364035659096
1048,0.000780957763494042
1049,-0.000943969670876634
1050,-0.00223925789333566
1051,-0.00353197721432396
1052,-0.00488187274834887
1053,-0.00569480602986695
1054,-0.00553778531373604
1055,-0.00536221165303742
1056,-0.0071567036755929
1057,-0.0117050635751852
1058,-0.0170829334070141
1059,-0.0202297625741472
1060,-0.0200257329638112
1061,-0.0181109144454104
1062,-0.0165813591531054
1063,-0.0157063754799524
1064,-0.0143594493966164
1065,-0.0119690516771241
1066,-0.00917483112513541
1067,-0.0067962705121024
1068,-0.00500094637077369
1069,-0.00358555555095729
1070,-0.00240872508924531
1071,-0.00132284700710531
1072,-0.000224625150903554
1073,0.000572774684770771
1074,0.000606349670552511
1075,0.000345895812106144
1076,0.00143736412163225
1077,0.0050224058350591
1078,0.00993211780330905
1079,0.0133838788941595
1080,0.0137392554626105
1081,0.0120119626894643
1082,0.0103775495756272
1083,0.00974689766327431
1084,0.00928438672533857
1085,0.00789338816056164
1086,0.00546846019916602
1087,0.0027251113089395
1088,0.000394385819311196
1089,-0.0012445753048675
1090,-0.00241429597634327
1091,-0.00356814712384024
1092,-0.00479717917891409
1093,-0.00553313129917997
1094,-0.00535447225344465
1095,-0.0052061332374355
1096,-0.00707081969129255
1097,-0.0117384203036578
1098,-0.0172635639178039
1099,-0.0204932862277344
1100,-0.0202009010203847
1101,-0.0180406026676401
1102,-0.0162728993528588
1103,-0.0153163180336634
1104,-0.0140108386249787
1105,-0.0116336485546082
1106,-0.00877182630895254
1107,-0.00635470396514318
1108,-0.00464587493301826
1109,-0.00337010231854587
1110,-0.00223811453753507
1111,-0.0010773543657725
1112,9.61351147233507E-05
1113,0.000882079413437283
1114,0.000885046847055753
1115,0.000706197316320261
1116,0.00201037806311918
1117,0.00580317972182174
1118,0.0107540804906208
1119,0.0140468430511882
1120,0.0141613811034643
1121,0.0122631664018618
1122,0.01057593089318
1123,0.00993641494872931
1124,0.00942067026527363
1125,0.00793238611861301
1126,0.00543244302872544
1127,0.0026673748867606
1128,0.000330324108556542
1129,-0.00133456842694661
1130,-0.00252366589023363
1131,-0.00365111649769126
1132,-0.00483530558559064
1133,-0.0055900166342985
1134,-0.00553317016497658
1135,-0.00554600301330214
1136,-0.00748853882019984
1137,-0.0120710326816922
1138,-0.0173834447180737
1139,-0.0204116022714652
1140,-0.0200691418670108
1141,-0.0180264458953954
1142,-0.0164085385607451
1143,-0.0154794286674321
1144,-0.0140757416884886
1145,-0.011627294450425
1146,-0.0088421556046649
1147,-0.00658114821803962
1148,-0.00492385728593732
1149,-0.00351696907310216
1150,-0.00219804986043846
1151,-0.000982593102127923
1152,7.72688710332244E-05
1153,0.000730304043966852
1154,0.000733156306007649
1155,0.000655340286474678
1156,0.00197438007682106
1157,0.00557435506353191
1158,0.0102342044507317
1159,0.0133805217389397
1160,0.0136081552228534
1161,0.0119529153896763
1162,0.0104305514206445
1163,0.00982003726268314
1164,0.00929625706149492
1165,0.00783817133691837
1166,0.00537177001509518
1167,0.00260090975184765
1168,0.000249602753304812
1169,-0.00141690652357373
1170,-0.00266224647258854
1171,-0.00394887700525203
1172,-0.00528881073655874
1173,-0.00603525873881248
1174,-0.00582763203738693
1175,-0.00575227371189262
1176,-0.00777646179510889
1177,-0.0124597596489992
1178,-0.0177004239712491
1179,-0.0205347158960415
1180,-0.0200984586647662
1181,-0.0181420432266103
1182,-0.0166373448500439
1183,-0.0157005900937263
1184,-0.0142125092582687
1185,-0.0117210077802876
1186,-0.00893784127397362
1187,-0.00665278418217764
1188,-0.00495856511861768
1189,-0.00359146376110743
1190,-0.00240088309814437
1191,-0.00130213100399651
1192,-0.000275611115543866
1193,0.000383070522976224
1194,0.000356594940592091
1195,0.000213774524186455
1196,0.00147731563356058
1197,0.00505101159576602
1198,0.00971828685512901
1199,0.0129348540885756
1200,0.0133100850958949
1201,0.0118180524348101
1202,0.0103753073846439
1203,0.00973075985463086
1204,0.00912669369811127
1205,0.00762617972481652
1206,0.00518178529023127
1207,0.00247467981393068
1208,0.000195137233763397
1209,-0.00142540250209201
1210,-0.00267833637893177
1211,-0.0040208421588646
1212,-0.0054144383855183
1213,-0.00615438616345752
1214,-0.00587131507090448
1215,-0.00571155014217416
1216,-0.00772954291849966
1217,-0.0125181260290486
1218,-0.0179018635257903
1219,-0.0207889817534145
1220,-0.0202733707698935
1221,-0.0182174163952821
1222,-0.016728606959308
1223,-0.0158908304463403
1224,-0.0144051213036159
1225,-0.0117403136975713
1226,-0.00877549191425418
1227,-0.00652087777634274
1228,-0.00504041608444444
1229,-0.00379616991100344
1230,-0.00245184284256449
1231,-0.00106562832155552
1232,7.02646772027179E-05
1233,0.000541222426439609
1234,0.000239207532577206
1235,4.4897508579655E-05
1236,0.00157076485066067
1237,0.00549295426425565
1238,0.0102579801507744
1239,0.0131841688073212
1240,0.0130732030096778
1241,0.011250149958881
1242,0.00982730832575223
1243,0.00943929206946041
1244,0.00904770015691723
1245,0.00754025905140306
1246,0.00491929158816834
1247,0.00203520492491462
1248,-0.000302115697452506
1249,-0.00185719359671671
1250,-0.0029879507481831
1251,-0.00421717982513657
1252,-0.00553431376510305
1253,-0.00623543425810004
1254,-0.00595933007341377
1255,-0.00587119789238223
1256,-0.00800702867771608
1257,-0.0128757596581664
1258,-0.0182229795808667
1259,-0.0209861078500342
1260,-0.0203774767213128
1261,-0.0183194473908354
1262,-0.0168484293295125
1263,-0.0159672405897446
1264,-0.0144246281229334
1265,-0.0117966979258699
1266,-0.00894095455320167
1267,-0.0067126301016147
1268,-0.00511365645777287
1269,-0.00377134693448375
1270,-0.00255167890950436
1271,-0.00146613739879882
1272,-0.000521440100924532
1273,7.71097720056121E-05
1274,0.000126998099513993
1275,0.000233541827060916
1276,0.00184369990866068
1277,0.00569092354094014
1278,0.0103690684783015
1279,0.0132689984525446
1280,0.0131631310320627
1281,0.0113237349564972
1282,0.0098509641321537
1283,0.00941431082115236
1284,0.0090204970139263
1285,0.00755933660910832
1286,0.00496811158730794
1287,0.00201826687523624
1288,-0.000474646552977665
1289,-0.0021613371927052
1290,-0.00328788163192076
1291,-0.00439744803347492
1292,-0.00561481768072636
1293,-0.00632631820852139
1294,-0.00610614980694996
1295,-0.0059819112513154
1296,-0.00795641276389481
1297,-0.0126658915780798
1298,-0.0180071337583672
1299,-0.0209214370582474
1300,-0.0204715047998467
1301,-0.0184464213475266
1302,-0.0169168404050626
1303,-0.0160387208848226
1304,-0.0146344107380605
1305,-0.0121659413863612
1306,-0.00931806060631908
1307,-0.00692964783043747
1308,-0.00516439114726208
1309,-0.00377740318070366
1310,-0.00256660128227057
1311,-0.00140073343222734
1312,-0.000312639892795497
1313,0.000291180704694684
1314,0.000105141804759373
1315,-8.60052934241017E-05
1316,0.00144336836550058
1317,0.00547668197635535
1318,0.010386344424145
1319,0.0133588903530101
1320,0.0132028450572859
1321,0.0113453787534645
1322,0.00990369147434505
1323,0.00940341437937797
1324,0.00877137368151894
1325,0.00702961810538716
1326,0.00433413204664071
1327,0.0015319746716185
1328,-0.000695861987606858
1329,-0.00220540277580054
1330,-0.00334113817558639
1331,-0.00457334734385518
1332,-0.0058640181006789
1333,-0.00650963208875622
1334,-0.00617572395781612
1335,-0.00608368230878756
1336,-0.00830464908289539
1337,-0.0132895423276553
1338,-0.0186597946131379
1339,-0.021293684061702
1340,-0.0204789594069411
1341,-0.0182636301632593
1342,-0.0167458755208806
1343,-0.01592069624728
1344,-0.0145100764767504
1345,-0.0120361278769259
1346,-0.00925276344630398
1347,-0.00693849338686608
1348,-0.00515322800563491
1349,-0.00367422174934049
1350,-0.00243695617299188
1351,-0.00138020165719237
1352,-0.000435815303358263
1353,0.000149750960810968
1354,0.000109697306891104
1355,0.000110125046670768
1356,0.00172793698497672
1357,0.00570055244255759
1358,0.0104694065656921
1359,0.0133145756283013
1360,0.0130791975778564
1361,0.0111670896621608
1362,0.00967745405794851
1363,0.00916229759939975
1364,0.00858219793817994
1365,0.00693693029326481
1366,0.00430503704089717
1367,0.00147341448129301
1368,-0.000859480620612933
1369,-0.00247840428789923
1370,-0.00367401136075557
1371,-0.00492022510881963
1372,-0.00621767138202994
1373,-0.00688744122404863
1374,-0.00657969385620918
1375,-0.0064793096870996
1376,-0.00864576011037712
1377,-0.0135657206996702
1378,-0.0189093395108605
1379,-0.0215613774450179
1380,-0.0207722505127789
1381,-0.0185675872362247
1382,-0.0170679229622026
1383,-0.0162861147191069
1384,-0.0149058022961705
1385,-0.012396425530197
1386,-0.0095318976215436
1387,-0.0071785670442075
1388,-0.00543826890124909
1389,-0.00401111874237994
1390,-0.00271676004670967
1391,-0.00148533069858809
1392,-0.000378760412909224
1393,0.000213454574398048
1394,1.53336705529501E-05
1395,-0.000169213789121414
1396,0.00138758003309682
1397,0.00544302999358403
1398,0.0103232155277324
1399,0.0132021667837903
1400,0.0129536491463418
1401,0.0110971820412093
1402,0.00975941830243442
1403,0.00937053781006662
1404,0.00877081259708492
1405,0.00700764284085878
1406,0.00432204560070103
1407,0.0015743485752396
1408,-0.000624850956764715
1409,-0.00216197600415812
1410,-0.00331020599867913
1411,-0.00448267050123609
1412,-0.00572266984600441
1413,-0.0064646342814063
1414,-0.00636165995738532
1415,-0.00643937762220738
1416,-0.00861512240527373
1417,-0.0134243005404463
1418,-0.018706287364605
1419,-0.0214218439544341
1420,-0.0207320643845053
1421,-0.018549549755451
1422,-0.0169925828812902
1423,-0.0161372468295906
1424,-0.0146817894652189
1425,-0.0120740367821372
1426,-0.0091356540387207
1427,-0.00684335369604085
1428,-0.0053147450773543
1429,-0.00409321426105463
1430,-0.00282987593248997
1431,-0.00148969446203313
1432,-0.000336042246543083
1433,0.000141938748647452
1434,-0.00018583338576184
1435,-0.000310676471750478
1436,0.00148744033321429
1437,0.0057499406222479
1438,0.0106385517614331
1439,0.0133759895823791
1440,0.0129841644726117
1441,0.0110467161765694
1442,0.00966044715895481
1443,0.00923345576749936
1444,0.00861551029463846
1445,0.00684383645939344
1446,0.00413997726049845
1447,0.00139240581820425
1448,-0.000748627996634418
1449,-0.00222144832965222
1450,-0.00340928283073778
1451,-0.00471367235090806
1452,-0.00599970776029228
1453,-0.00658899342206576
1454,-0.00629021818341727
1455,-0.00637887775322993
1456,-0.0087551567261923
1457,-0.0136504792283237
1458,-0.0187172799140766
1459,-0.0211206156358346
1460,-0.0203537087709375
1461,-0.0183475865651296
1462,-0.0169343940299148
1463,-0.0160302461393286
1464,-0.0145076589498279
1465,-0.0120113733297138
1466,-0.00924499733749767
1467,-0.00691891110879154
1468,-0.0051618186765456
1469,-0.00383247997771248
1470,-0.00276021631890324
1471,-0.00168034809685685
1472,-0.000523485449530099
1473,0.000209163412650382
1474,7.1732919038211E-05
1475,-0.000101500150248997
1476,0.00157503058416301
1477,0.00585010788608794
1478,0.010821747169396
1479,0.0135160855326467
1480,0.0129757674136308
1481,0.0110348130324002
1482,0.00991328460675373
1483,0.00981334771978802
1484,0.00929350448619523
1485,0.0073558687833465
1486,0.00442831100074977
1487,0.00155493678978098
1488,-0.000647860091846929
1489,-0.0021942993685299
1490,-0.00344139488883382
1491,-0.00473337135813541
1492,-0.00597218377142491
1493,-0.00657359590849944
1494,-0.00637349656296053
1495,-0.00659538758461484
1496,-0.00909323600885157
1497,-0.0140772600793917
1498,-0.0191557870711831
1499,-0.0214549228908091
1500,-0.0205273544038071
1501,-0.0184365744956552
1502,-0.0170538240635527
1503,-0.0161751327695059
1504,-0.0145642708655867
1505,-0.0119414704856479
1506,-0.0091713601164014
1507,-0.00696478691489618
1508,-0.00526436677175619
1509,-0.00381124751180017
1510,-0.0025620283314557
1511,-0.00146162519099503
1512,-0.000450594084081692
1513,0.000172955746664091
1514,0.000107667144710079
1515,8.78841872704312E-05
1516,0.00179379117196038
1517,0.00593364689723105
1518,0.0107800500218827
1519,0.013520215228663
1520,0.013129245418975
1521,0.0112122959923673
1522,0.00987257120872275
1523,0.00945820337767693
1524,0.00878216667984403
1525,0.00693405723829719
1526,0.00419155383445979
1527,0.00141284613879428
1528,-0.000802665036597599
1529,-0.00235235024841774
1530,-0.0035301622449973
1531,-0.00474269506435167
1532,-0.00596270303955226
1533,-0.00656960421790471
1534,-0.00630466068134622
1535,-0.0063764148220659
1536,-0.00874956791595883
1537,-0.0137684448339074
1538,-0.0190481250175359
1539,-0.0215405683304934
1540,-0.0205698340139778
1541,-0.0181559852804865
1542,-0.0164276247055032
1543,-0.0155269210105107
1544,-0.0142670685313513
1545,-0.0120173658186749
1546,-0.00926774107784415
1547,-0.00676629537454194
1548,-0.00484145404691851
1549,-0.00347455998909878
1550,-0.00244323372633892
1551,-0.00138337983006167
1552,-0.000214087162707104
1553,0.000527736327416778
1554,0.000417736993542921
1555,0.000336815640235698
1556,0.00212844599947955
1557,0.00643345786361654
1558,0.0113313269740065
1559,0.0139525883767918
1560,0.0133974497715208
1561,0.0114007677334337
1562,0.0100765072152855
1563,0.0097099249308342
1564,0.00906061907685066
1565,0.00719572833635483
1566,0.00440446162518747
1567,0.00159145473415042
1568,-0.000605655337104881
1569,-0.00211051732796099
1570,-0.00327648366947895
1571,-0.00450837670075976
1572,-0.00571271365838522
1573,-0.00625618921692849
1574,-0.00597692083243029
1575,-0.0061648392022952
1576,-0.00870466699294028
1577,-0.0137584359520993
1578,-0.0188786812528393
1579,-0.0211845534082304
1580,-0.0202424891630839
1581,-0.018126251815714
1582,-0.0167346752745752
1583,-0.0158838381207367
1584,-0.0142740724155279
1585,-0.0115117943476141
1586,-0.008473903329607
1587,-0.00607976026619704
1588,-0.00446381334494749
1589,-0.00328836726571683
1590,-0.0022382866929269
1591,-0.00113235502158306
1592,-6.67830833682593E-05
1593,0.000478749372244279
1594,0.000269889268580975
1595,0.0002557368358667
1596,0.00215838403144857
1597,0.00647492733119151
1598,0.0112721611503581
1599,0.0137757994127998
1600,0.0131758910112696
1601,0.011226938405622
1602,0.0099896570403404
1603,0.00965341015827425
1604,0.00891431504120864
1605,0.00690073482998059
1606,0.00407113700991557
1607,0.00143493918819363
1608,-0.000486746791930585
1609,-0.00187594665824623
1610,-0.00321644258639269
1611,-0.00476418167037321
1612,-0.00615769696669688
1613,-0.00666437175654828
1614,-0.00626733777753585
1615,-0.00644000197796532
1616,-0.00907643266003215
1617,-0.0142036936748725
1618,-0.0192824970106373
1619,-0.0214688304519986
1620,-0.0204042694469769
1621,-0.0181842819158261
1622,-0.0167096749852115
1623,-0.0158390599633523
1624,-0.0143121995340801
1625,-0.0116899812642853
1626,-0.00874654832794985
1627,-0.00635361268480733
1628,-0.00468348803802714
1629,-0.00343548638114746
1630,-0.00228294377130558
1631,-0.00105212148500183
1632,8.59911599173592E-05
1633,0.000591844471979936
1634,0.000276408700803418
1635,0.000174669879534298
1636,0.00200776809432968
1637,0.00620887237672363
1638,0.0108694230517153
1639,0.0133499568620407
1640,0.0128979386056706
1641,0.0111198718778393
1642,0.00988031995523454
1643,0.00937668650335194
1644,0.00851039551833267
1645,0.00654356848692244
1646,0.00383099202484885
1647,0.0011963310029823
1648,-0.000851796105660449
1649,-0.00231832743275853
1650,-0.00354719187047381
1651,-0.00486158612593406
1652,-0.00609408947373937
1653,-0.00662337822324736
1654,-0.00636434615865696
1655,-0.00663847902602699
1656,-0.00926278957835064
1657,-0.0143165666900287
1658,-0.0193583156055639
1659,-0.0215744969559586
1660,-0.0205540551543198
1661,-0.0183412928310967
1662,-0.0168556829413576
1663,-0.0160105275402249
1664,-0.0145548418016702
1665,-0.01199967562537
1666,-0.00907722042795637
1667,-0.00667604264003792
1668,-0.00501475694297661
1669,-0.00381258000796732
1670,-0.00272977564344338
1671,-0.00157656894596654
1672,-0.000507563316065267
1673,-2.02848730490999E-05
1674,-0.000244195812263075
1675,-0.000127272895274676
1676,0.00198201395803512
1677,0.00639757296830692
1678,0.011132424064198
1679,0.0135595471602104
1680,0.012996887003307
1681,0.011119834912507
1682,0.00984004481011427
1683,0.00938526643935419
1684,0.00864378238009009
1685,0.00678543044653372
1686,0.00404508611991556
1687,0.00123688447199084
1688,-0.000976234992514076
1689,-0.00243520840546975
1690,-0.00351274120156263
1691,-0.00472290527982087
1692,-0.00599451033245689
1693,-0.0065768827953913
1694,-0.00623341911827216
1695,-0.00636762952177735
1696,-0.00902335324601041
1697,-0.014314471750535
1698,-0.0195489607462266
1699,-0.0216973083023192
1700,-0.0204573030503791
1701,-0.0181504699729619
1702,-0.0167652416129175
1703,-0.0160159260262596
1704,-0.0145016653947135
1705,-0.0118423533083053
1706,-0.0089487763924653
1707,-0.00668049471989744
1708,-0.00506430182658601
1709,-0.00373998165518856
1710,-0.00249689459655539
1711,-0.0012935683601892
1712,-0.000279843856389073
1713,0.000142510449257909
1714,-0.000116954777129747
1715,-3.50006945942784E-05
1716,0.00203159755428602
1717,0.00642556904358669
1718,0.0111628159597838
1719,0.0135823267125161
1720,0.0129902948092241
1721,0.0110873731102196
1722,0.00978649530963245
1723,0.00927266400077248
1724,0.00842746528186723
1725,0.0065055949261626
1726,0.00382820219615374
1727,0.00116426166579895
1728,-0.000973338443176577
1729,-0.00249653488987562
1730,-0.00366942187787637
1731,-0.00485487669851516
1732,-0.00599543337103017
1733,-0.00651428468605455
1734,-0.00628021595965843
1735,-0.00658134567439543
1736,-0.00926303922773832
1737,-0.0144122743950702
1738,-0.0195120766369884
1739,-0.0216709204931025
1740,-0.0205063257334444
1741,-0.0181690191057034
1742,-0.0166385471653124
1743,-0.0157946345461144
1744,-0.0143280818993252
1745,-0.0117321899218331
1746,-0.00875337664696719
1747,-0.00629783874955295
1748,-0.00460168657647438
1749,-0.00339460460530014
1750,-0.00232525749265393
1751,-0.00118937071833228
1752,-0.0001614502179565
1753,0.000229855176873453
1754,-0.000113827098435913
1755,-4.94954842025595E-05
1756,0.0021096127568457
1757,0.00658659903682357
1758,0.011280915950509
1759,0.0135823178410038
1760,0.0129389786380524
1761,0.0110959610174191
1762,0.00988160585788683
1763,0.0094021460319081
1764,0.00854965294327883
1765,0.00661951760719266
1766,0.00393118237569568
1767,0.00122778270047457
1768,-0.00097739102032188
1769,-0.0025673599049731
1770,-0.00377386032547186
1771,-0.00493694601852192
1772,-0.00600854205152552
1773,-0.00648014964852887
1774,-0.00630801534821292
1775,-0.00677911457019549
1776,-0.00961208498877085
1777,-0.0147650999239441
1778,-0.019739678573694
1779,-0.0217878198199433
1780,-0.0206218723817912
1781,-0.018334987910487
1782,-0.0167833361606585
1783,-0.0158089826131781
1784,-0.0141908490765566
1785,-0.0115433819951631
1786,-0.00865192251184975
1787,-0.0063424039163748
1788,-0.00471801909310777
1789,-0.00344628946171156
1790,-0.00225387054519066
1791,-0.00107884870826009
1792,-0.00014569887335634
1793,0.000114732821977784
1794,-0.000270195012215059
1795,-0.000144307667959863
1796,0.00209436740535483
1797,0.00660729513215113
1798,0.0113036964259123
1799,0.0135927197288256
1800,0.012911142037877
1801,0.0110060760232652
1802,0.00975292070920466
1803,0.00929746908503108
1804,0.00851193690572034
1805,0.00664793328939872
1806,0.0040186959982959
1807,0.00137989547200103
1808,-0.000784213254245965
1809,-0.00240913944063322
1810,-0.00371262471445924
1811,-0.00493368541911038
1812,-0.00594269367548874
1813,-0.00627549042246088
1814,-0.00602169679821924
1815,-0.00654660387698399
1816,-0.00950703124108283
1817,-0.0147287364215424
1818,-0.0196542345054837
1819,-0.0216083184928754
1820,-0.020417669491797
1821,-0.0182003288792545
1822,-0.0167326873673979
1823,-0.0157868691729659
1824,-0.0141671142404741
1825,-0.011550233987219
1826,-0.00871237623719131
1827,-0.00640974579753686
1828,-0.00472945851210069
1829,-0.00340951687035038
1830,-0.00222437719975008
1831,-0.00105336669800017
1832,-3.20564427347672E-05
1833,0.000399473617261982
1834,0.000165083393486313
1835,0.000336751371595036
1836,0.00250870471817417
1837,0.00687378954690943
1838,0.0113877543954163
1839,0.0135417701967484
1840,0.0128594146949849
1841,0.0110848905745878
1842,0.00997983657701581
1843,0.00957640312878115
1844,0.00873529512632015
1845,0.00676904381420223
1846,0.00404409357371325
1847,0.00135815314541929
1848,-0.000755245833515453
1849,-0.00224125446438446
1850,-0.00344884260855581
1851,-0.00476261293758863
1852,-0.00601722260435419
1853,-0.00652916905773339
1854,-0.00623197280506671
1855,-0.00658348209089724
1856,-0.00945318172360507
1857,-0.0147311508913615
1858,-0.0197225173074451
1859,-0.0216172825970603
1860,-0.0202778815656015
1861,-0.0179624194873357
1862,-0.016518786083892
1863,-0.0156617789542398
1864,-0.0140930961291136
1865,-0.0114446522008234
1866,-0.00853648557352769
1867,-0.00621393561388627
1868,-0.00461418019986916
1869,-0.00342549381183337
1870,-0.00231199655232777
1871,-0.00110662437191298
1872,-2.92151549916491E-05
1873,0.000367527858228926
1874,2.57858838751135E-05
1875,0.000165241446797052
1876,0.00247079980127748
1877,0.00703193240409249
1878,0.0116088827839205
1879,0.0136239854599042
1880,0.0127190846018406
1881,0.0107866298113293
1882,0.00961494663518571
1883,0.00917765255493937
1884,0.00831953030575069
1885,0.00639233011428847
1886,0.00375421945662734
1887,0.00111490128546901
1888,-0.00104610055434584
1889,-0.00260007771351214
1890,-0.00377052770533794
1891,-0.00491949722367766
1892,-0.00599375455971198
1893,-0.00643798295017544
1894,-0.00621662557315948
1895,-0.0067180422950348
1896,-0.00970344236562883
1897,-0.014977411407871
1898,-0.0198404896048692
1899,-0.0215858896510912
1900,-0.020209793586011
1901,-0.0179910386401761
1902,-0.0166524076365308
1903,-0.0157907985863812
1904,-0.0141466064282811
1905,-0.0114790105952185
1906,-0.00863112723236949
1907,-0.00633431282285569
1908,-0.00465077930057063
1909,-0.00335328824122726
1910,-0.00223728268797244
1911,-0.00114225303060768
1912,-0.000183178397208702
1913,0.000153672849666044
1914,-0.000210839805029976
1915,-7.57960964549844E-05
1916,0.00227404056304067
1917,0.0069326822998537
1918,0.0115929619541233
1919,0.0136271584796209
1920,0.0127311412004934
1921,0.0108808465748394
1922,0.00983207621179202
1923,0.00941883919855759
1924,0.0084185042030761
1925,0.00630025712381782
1926,0.00360241034826109
1927,0.00106349688428358
1928,-0.000998170227377981
1929,-0.00261592083638718
1930,-0.00398958882009033
1931,-0.00530895854825765
1932,-0.00640355592010192
1933,-0.00677256516835323
1934,-0.00651073548594714
1935,-0.00705256403926424
1936,-0.0101031123513504
1937,-0.0154156415429447
1938,-0.0202942680702204
1939,-0.0220287999151178
1940,-0.0205760021167817
1941,-0.0182218548264164
1942,-0.0167914180407454
1943,-0.0159627886007447
1944,-0.0144014255552957
1945,-0.0117135698774264
1946,-0.00872666130055458
1947,-0.00632765199244985
1948,-0.00468277795701911
1949,-0.0034610857350725
1950,-0.00230192403171815
1951,-0.00107582704857015
1952,-7.00085771117E-05
1953,0.000183269367001203
1954,-0.000239396640352244
1955,-1.93931278520874E-05
1956,0.00244492506760297
1957,0.00705407051684364
1958,0.0115047006935272
1959,0.0133705588567228
1960,0.0124815777337003
1961,0.0107316403295631
1962,0.0097246969016501
1963,0.00926967811510856
1964,0.00822920936721107
1965,0.00611973948307864
1966,0.00344615385400793
1967,0.000923474820838519
1968,-0.00109118743359573
1969,-0.00259155461507833
1970,-0.00380649635751735
1971,-0.0050057938639854
1972,-0.00608135704174948
1973,-0.00653661516277559
1974,-0.00641481526679232
1975,-0.0070707474753942
1976,-0.0101476162693192
1977,-0.0154001499849213
1978,-0.0201962970529028
1979,-0.0218939445818006
1980,-0.0204617380723551
1981,-0.0181376505280618
1982,-0.0166881275519548
1983,-0.0157800892547165
1984,-0.0141385227952462
1985,-0.0114589779990494
1986,-0.00860015339771834
1987,-0.00637180033996661
1988,-0.00482132976609479
1989,-0.00358221408494716
1990,-0.00236651086704934
1991,-0.00111270111372867
1992,-8.67769799503589E-05
1993,0.000215673393478757
1994,-0.000181930085225407
1995,-4.18597615231906E-05
1996,0.00229069493454365
1997,0.00689352972710545
1998,0.0115358412058338
1999,0.0136191625871158
2000,0.0127357431436441
2001,0.0107684673231738
2002,0.00955797630072529
2003,0.00911703493163909
2004,0.00825557393429218
2005,0.00627516777549062
2006,0.00356249046966403
2007,0.000912526339512933
2008,-0.00117673708080816
2009,-0.00266601361254427
2010,-0.0038585870654385
2011,-0.00506807881628116
2012,-0.0061218490723655
2013,-0.00644378349691471
2014,-0.00612983602188216
2015,-0.00670679108570424
2016,-0.00991106667236986
2017,-0.0153676364094183
2018,-0.0202133610702441
2019,-0.0217366065550168
2020,-0.0200760960083684
2021,-0.017677615013117
2022,-0.0163329883358617
2023,-0.0155697917576455
2024,-0.0139933588535344
2025,-0.0113063110543408
2026,-0.00844558869720557
2027,-0.00626748634428278
2028,-0.00478879706538369
2029,-0.00356580594158806
2030,-0.00227570559489878
2031,-0.000940383299829835
2032,3.91996812115737E-05
2033,0.00017708817634434
2034,-0.000284896499424284
2035,6.50411257137223E-05
2036,0.00271690107455737
2037,0.00736502232674118
2038,0.0116513366023172
2039,0.0133179588355378
2040,0.0123830127203998
2041,0.0107437565778538
2042,0.00987528399807942
2043,0.00951363444099934
2044,0.00853434570945878
2045,0.00643068113930641
2046,0.00363757770108125
2047,0.000902488566037758
2048,-0.00124812880343298
2049,-0.00270064161617955
2050,-0.0037875471193267
2051,-0.00494038105561193
2052,-0.00603781115533994
2053,-0.00644676968853196
2054,-0.00620353850632064
2055,-0.0068216037866718
2056,-0.0100125790011063
2057,-0.0153696239967265
2058,-0.0200896977863697
2059,-0.021606560365646
2060,-0.0201089973055635
2061,-0.0178919685861817
2062,-0.0165573728908267
2063,-0.0156333251011145
2064,-0.0138944012372059
2065,-0.0111486467564826
2066,-0.00826712281018211
2067,-0.00602020981439561
2068,-0.00448443437499252
2069,-0.00335132589152337
2070,-0.00230287914264867
2071,-0.0011833451598084
2072,-0.000221015364666208
2073,6.85171800552294E-05
2074,-0.000270610035582553
2075,3.66698726513071E-05
2076,0.0025559978705456
2077,0.00716697541163321
2078,0.0115791230854454
2079,0.0134141263832395
2080,0.0125417810983742
2081,0.0108501225642901
2082,0.00990478423785139
2083,0.00947619236978213
2084,0.00839716780169659
2085,0.00617619138274926
2086,0.00337311898528313
2087,0.000810849596549153
2088,-0.00111492009320641
2089,-0.00252870235992786
2090,-0.00383824071619007
2091,-0.00528444351078351
2092,-0.00649423636534721
2093,-0.00679230209498409
2094,-0.00640375400331991
2095,-0.00702802281570961
2096,-0.0103521296413466
2097,-0.0157814400529983
2098,-0.020391836648386
2099,-0.0217014562031001
2100,-0.0200785439705944
2101,-0.0178752577904845
2102,-0.0165812275182481
2103,-0.0156257691179398
2104,-0.0138555389721025
2105,-0.0112158363440351
2106,-0.00854322226681162
2107,-0.00638558775919081
2108,-0.00467823330319164
2109,-0.00325417752073367
2110,-0.00206185368972974
2111,-0.00102082084726248
2112,-0.000188782311399391
2113,8.27048965403285E-05
2114,-0.000189135363191274
2115,0.000166488912496574
2116,0.00271883660193434
2117,0.0074176535047095
2118,0.0119357920594056
2119,0.0137539087743403
2120,0.012692992163767
2121,0.0107768482890903
2122,0.00973304884929685
2123,0.00933824144329135
2124,0.00831183049423424
2125,0.00609443425173518
2126,0.00327132088388906
2127,0.000693404989277206
2128,-0.00125741173981738
2129,-0.0026924317093597
2130,-0.00394715023716911
2131,-0.00522515551568052
2132,-0.0062354986580701
2133,-0.00643135413491597
2134,-0.00606426007692853
2135,-0.00673615441240792
2136,-0.0100471240335305
2137,-0.0154329470145853
2138,-0.0200585900505749
2139,-0.0214580494376422
2140,-0.0199226360981017
2141,-0.017749083225814
2142,-0.0164728168446735
2143,-0.0155914500209274
2144,-0.0139126935221913
2145,-0.0112586786605504
2146,-0.00843943612751398
2147,-0.00616497366638641
2148,-0.00455156792349883
2149,-0.003386238021583
2150,-0.00236486108052234
2151,-0.00125065242400974
2152,-0.0002371105469817
2153,8.41423549469096E-05
2154,-0.00029113299939597
2155,1.55209624509533E-05
2156,0.00269910770983967
2157,0.00756948220374773
2158,0.0120922706867868
2159,0.0137539454397751
2160,0.0125598726022935
2161,0.0106349001185182
2162,0.00963254356096515
2163,0.00925008268817883
2164,0.00824350270528217
2165,0.00609500503962125
2166,0.00331544631141988
2167,0.000662958128199982
2168,-0.00142646598493936
2169,-0.00291150045766964
2170,-0.00407767076824419
2171,-0.00523383153292709
2172,-0.00619328819017187
2173,-0.00640312109054735
2174,-0.00607513215847396
2175,-0.00681971344842053
2176,-0.0102250741776142
2177,-0.0156280931292944
2178,-0.020124354037724
2179,-0.0213574916594515
2180,-0.0198149967866531
2181,-0.017815747979889
2182,-0.0166828569782586
2183,-0.0157225198149642
2184,-0.0138078266519606
2185,-0.010987084115911
2186,-0.00817888098485664
2187,-0.00599512216288949
2188,-0.00441862671335051
2189,-0.00322838157828021
2190,-0.00220081998135892
2191,-0.00114346195382941
2192,-0.000219954425019269
2193,3.52664852552713E-05
2194,-0.000337386175258763
2195,4.99029317186916E-05
2196,0.00283463889191082
2197,0.0077132788701661
2198,0.0120880260263328
2199,0.0135382619424565
2200,0.0122648937589941
2201,0.0104902531376855
2202,0.00974158977128999
2203,0.00948280023797689
2204,0.00837447755726077
2205,0.00604052387140514
2206,0.00321163611726963
2207,0.00070656382402267
2208,-0.00119056691085981
2209,-0.00262499018336288
2210,-0.00390750657585813
2211,-0.0052114870919277
2212,-0.00622457136562509
2213,-0.00640580108204889
2214,-0.0060705475213338
2215,-0.00689234179731428
2216,-0.0104228120255775
2217,-0.0159100899115609
2218,-0.0203827150574449
2219,-0.0214798370520654
2220,-0.0197527903796086
2221,-0.0176161682715096
2222,-0.0164450321117737
2223,-0.0155059818484562
2224,-0.0135964346985172
2225,-0.0107561884900406
2226,-0.00796834286518006
2227,-0.00587022782264985
2228,-0.00436431079628249
2229,-0.00313553318708858
2230,-0.00197973149682163
2231,-0.000815709297881094
2232,0.000128322338386888
2233,0.000358314228569305
2234,-2.49702095846657E-05
2235,0.000367339339809623
2236,0.00314966891645755
2237,0.00802987559835532
2238,0.0124258754713699
2239,0.0138822074345874
2240,0.0125556398123668
2241,0.0107039351586403
2242,0.00994891955405383
2243,0.00977666866635551
2244,0.00874264531961283
2245,0.00636050189329285
2246,0.00339077567002846
2247,0.000791439113331124
2248,-0.00107350497319584
2249,-0.00241137704252544
2250,-0.00363597839813937
2251,-0.00493255197913223
2252,-0.00592497922795285
2253,-0.00605335084380296
2254,-0.00569901480298846
2255,-0.00658989408247083
2256,-0.0102347321103011
2257,-0.0157939867559489
2258,-0.0202751986406657
2259,-0.0213725686209754
2260,-0.0196765014138799
2261,-0.017579762522796
2262,-0.016433856303346
2263,-0.015528962191545
2264,-0.0136854733833582
2265,-0.0109094503408794
2266,-0.0081359906936527
2267,-0.00601304088593931
2268,-0.00448584520509864
2269,-0.00323218407926212
2270,-0.00200664305102468
2271,-0.000752139980764725
2272,0.000214253982556781
2273,0.000377817395817128
2274,-5.98965824161359E-05
2275,0.000367527632679662
2276,0.00319845795177094
2277,0.0080223785698631
2278,0.0122969012017875
2279,0.0137270749123334
2280,0.0125034829331418
2281,0.0107155496050678
2282,0.00985572363981613
2283,0.00952606289459262
2284,0.00849180189469109
2285,0.00626988268158985
2286,0.00340900554247619
2287,0.000731936378161501
2288,-0.00128790284990047
2289,-0.00268093495230307
2290,-0.00385460643791696
2291,-0.00512806083517795
2292,-0.00619121335013333
2293,-0.00641080848031116
2294,-0.00607697093283597
2295,-0.00690773839027701
2296,-0.0104476615152564
2297,-0.0158860835954245
2298,-0.0202702774141991
2299,-0.0213451571324463
2300,-0.0196884746284719
2301,-0.0175949884616615
2302,-0.0163569943545099
2303,-0.0153566382943277
2304,-0.0135534504857024
2305,-0.0109252887396271
2306,-0.00820900087913598
2307,-0.00594794232791691
2308,-0.00424814135814599
2309,-0.00301680272260999
2310,-0.00199096939257075
2311,-0.000869754728587335
2312,0.000156279864098775
2313,0.000414702819261317
2314,-7.48671947204575E-05
2315,0.000240300806734954
2316,0.00311671211435686
2317,0.00812598908779603
2318,0.0124563427532708
2319,0.0136907969821143
2320,0.0122584014092282
2321,0.010519532083523
2322,0.00987264021050172
2323,0.00960106640082374
2324,0.00840608814090177
2325,0.00608991395662332
2326,0.00340155622046041
2327,0.000975758354570674
2328,-0.00101244955890214
2329,-0.00257915130729869
2330,-0.00386566548723481
2331,-0.00507880661184387
2332,-0.0060616241938039
2333,-0.00629652719119242
2334,-0.00597022325055771
2335,-0.00670516856795344
2336,-0.0101792403889375
2337,-0.0157548791077699
2338,-0.0203856216401131
2339,-0.0215500638695843
2340,-0.019769898472412
2341,-0.0175744997380034
2342,-0.0164203754695617
2343,-0.0155290961797175
2344,-0.0136227789856834
2345,-0.0107463188548973
2346,-0.00794279679574329
2347,-0.00587173951046369
2348,-0.00439300767487084
2349,-0.00313717359644424
2350,-0.00189692598114591
2351,-0.000657472862905607
2352,0.000267595333937574
2353,0.000375877838370857
2354,-0.000124001745535962
2355,0.00027512024341444
2356,0.00316248470928928
2357,0.00809084266269464
2358,0.0123946439973995
2359,0.0137291450654224
2360,0.0124025484150576
2361,0.0106355432782956
2362,0.00986047959125298
2363,0.00949722080958836
2364,0.00828887115576765
2365,0.00596991130685578
2366,0.0032686373915999
2367,0.000882907401459129
2368,-0.001010636304152
2369,-0.00253938270716958
2370,-0.00389009106492293
2371,-0.00512908221662194
2372,-0.00597231030249455
2373,-0.00604739012662505
2374,-0.00582961775912799
2375,-0.00695318721442952
2376,-0.0107187299427702
2377,-0.0161558336627307
2378,-0.0203601457504568
2379,-0.0212568663561504
2380,-0.0195625291090832
2381,-0.0175525086130797
2382,-0.0163759060531475
2383,-0.015306423572427
2384,-0.0133600908962662
2385,-0.0106860215682152
2386,-0.00810674561355421
2387,-0.00604047456018262
2388,-0.00437937264100432
2389,-0.00297925830561385
2390,-0.00176431313203134
2391,-0.000644340569625775
2392,0.000209546509802513
2393,0.000344675042459894
2394,-8.05245059774708E-05
2395,0.000377934301517622
2396,0.00328362410585528
2397,0.00819013907406282
2398,0.012438686149028
2399,0.0136970156842204
2400,0.0122986541313698
2401,0.0104995011632662
2402,0.00975477664093491
2403,0.00946233663370005
2404,0.00829356927679713
2405,0.00591952868013804
2406,0.00308869435117877
2407,0.000599036542375423
2408,-0.00129796708676998
2409,-0.00276880866169432
2410,-0.00410548226212949
2411,-0.0054099059911842
2412,-0.00631377854576626
2413,-0.00634669716775907
2414,-0.00599947898671816
2415,-0.00702098355291766
2416,-0.0107930516440618
2417,-0.0163101714732821
2418,-0.0205727858004571
2419,-0.0214564241927618
2420,-0.019705569796868
2421,-0.0176501987893589
2422,-0.0164628837869332
2423,-0.0153949753404116
2424,-0.0134210096305139
2425,-0.0106787967415396
2426,-0.00804426474691968
2427,-0.00601699332954369
2428,-0.0044973241737211
2429,-0.00323203935883736
2430,-0.00202686714984494
2431,-0.000812174864589848
2432,0.000107780688891822
2433,0.000229655519546818
2434,-0.000170126169708245
2435,0.000453095845630184
2436,0.0035351272829669
2437,0.00838141418497246
2438,0.0123014090668022
2439,0.0132474539185552
2440,0.0118320529383532
2441,0.0102475248893463
2442,0.00964620224859465
2443,0.00928356586879147
2444,0.00799813275740705
2445,0.00566017427146849
2446,0.00297041902648446
2447,0.000538537351483806
2448,-0.00141884456943393
2449,-0.00291869808155556
2450,-0.004172798716475
2451,-0.00540548748876547
2452,-0.00638436580265436
2453,-0.00657235073596064
2454,-0.00627859535372066
2455,-0.00721318360522859
2456,-0.0109062966259581
2457,-0.0164587196617588
2458,-0.020773301534787
2459,-0.0215671637944036
2460,-0.0196083470691169
2461,-0.0174316439165741
2462,-0.0163471604496053
2463,-0.0155028806259339
2464,-0.0136423833717797
2465,-0.0107925965776788
2466,-0.00793243429539091
2467,-0.00574692322472201
2468,-0.00422759087749003
2469,-0.00307197816343803
2470,-0.00197628262696331
2471,-0.000797067445798495
2472,0.000156947049288014
2473,0.000315495695995058
2474,-0.000112714271237492
2475,0.000425513873450365
2476,0.00346454139705708
2477,0.00840022706229679
2478,0.0124990588516325
2479,0.0135494558215634
2480,0.0120520665499038
2481,0.0102754137641239
2482,0.00954841951013173
2483,0.00919043032979266
2484,0.00793377441525612
2485,0.00554846278542938
2486,0.00279719563690504
2487,0.000420364128938305
2488,-0.00137834634273749
2489,-0.00278100022458529
2490,-0.00408963618152009
2491,-0.0054041055529724
2492,-0.00632063684212028
2493,-0.00633877049410905
2494,-0.00598745269519544
2495,-0.00709044891720941
2496,-0.0110239328492002
2497,-0.0166596605379105
2498,-0.0208842025530771
2499,-0.0216052645536813
2500,-0.0197069250238924
2501,-0.0176026001753288
2502,-0.0164213147094646
2503,-0.0153387228612675
2504,-0.013326109185606
2505,-0.0105679377547466
2506,-0.00795614173925551
2507,-0.00596821153729542
2508,-0.00449352879990542
2509,-0.00328258094648176
2510,-0.00212210477913144
2511,-0.000914978828930255
2512,1.5379509841715E-05
2513,0.000116219709878803
2514,-0.000322808449813239
2515,0.00033894558744093
2516,0.00359627106849929
2517,0.00867159625292897
2518,0.012719734925009
2519,0.0136274786087158
2520,0.0120731152329037
2521,0.0103412378620366
2522,0.00961559700520082
2523,0.00914904546893109
2524,0.0077982610224693
2525,0.00546334709746609
2526,0.00284648598939022
2527,0.000523898718024894
2528,-0.00134126906401868
2529,-0.00281849356281208
2530,-0.00412816811125172
2531,-0.00542620822902918
2532,-0.00639591309856735
2533,-0.00652073837164416
2534,-0.00623331536386762
2535,-0.007294593851525
2536,-0.0111041335590062
2537,-0.0166143219913822
2538,-0.020796482185993
2539,-0.0215874449917188
2540,-0.0198024848732646
2541,-0.0177364794794208
2542,-0.0164788620709972
2543,-0.0152978381788569
2544,-0.0132746294265897
2545,-0.0105806398544491
2546,-0.0080027161345168
2547,-0.00597476654330575
2548,-0.00445370432777281
2549,-0.00325137512112735
2550,-0.00211401669747789
2551,-0.000871025189193306
2552,0.000137416829694762
2553,0.000261239673896907
2554,-0.000254019821046708
2555,0.000318394170667283
2556,0.00360264212451576
2557,0.00883988527593329
2558,0.0130501858726139
2559,0.01396528176547
2560,0.0122641268328477
2561,0.0104019282785655
2562,0.00971112976807636
2563,0.00938467568559845
2564,0.00807181087801995
2565,0.00557336862579067
2566,0.00273183096443197
2567,0.000332482396617697
2568,-0.00143652669842866
2569,-0.00280662289123079
2570,-0.00411301765664704
2571,-0.00543558715902988
2572,-0.00632686235791604
2573,-0.00629622112488204
2574,-0.00594836958635639
2575,-0.00714161527762545
2576,-0.0111547179143063
2577,-0.0167187463456358
2578,-0.0207255856085391
2579,-0.0212627320511918
2580,-0.0193639996246883
2581,-0.0173801520054198
2582,-0.0162468397421531
2583,-0.0150538305736036
2584,-0.0128841409401036
2585,-0.0100821886113677
2586,-0.00757016532439356
2587,-0.00572231608360509
2588,-0.00431725491757575
2589,-0.00307973574560079
2590,-0.00184948721841157
2591,-0.0006082911190571
2592,0.000264234211150784
2593,0.000215440968237835
2594,-0.000400353578611762
2595,0.000154481649694725
2596,0.00344085584503517
2597,0.0086643127982662
2598,0.0128810448894204
2599,0.0138682396604815
2600,0.0122839510501948
2601,0.0105094979307857
2602,0.00983558450904086
2603,0.00948781019110594
2604,0.00817124738835746
2605,0.00569945427537688
2606,0.00288921931193363
2607,0.000509057972112527
2608,-0.00125474702962109
2609,-0.00265038163643115
2610,-0.00403152120860897
2611,-0.00544408151365335
2612,-0.00636187081075644
2613,-0.00626918977316394
2614,-0.00585551145641121
2615,-0.00707959127368727
2616,-0.0111997677924344
2617,-0.0168233626261766
2618,-0.0207766958975691
2619,-0.0212252952797367
2620,-0.0193163214932572
2621,-0.0174066267208518
2622,-0.0163492559768287
2623,-0.0151894234649336
2624,-0.0130409590502477
2625,-0.0102685155861568
2626,-0.00775706460878344
2627,-0.00585433021296577
2628,-0.0043798622471243
2629,-0.00310884602508839
2630,-0.00186558799415941
2631,-0.000583688524447637
2632,0.00036232445241702
2633,0.000399451049174837
2634,-9.99380304558966E-05
2635,0.000612550824153345
2636,0.00399254268060014
2637,0.00907906362915436
2638,0.0129345733845778
2639,0.0136073155130629
2640,0.0120272827566579
2641,0.0105168027868195
2642,0.0100269782650788
2643,0.0095655012034479
2644,0.00798199348985862
2645,0.00537436052098489
2646,0.0026237615790269
2647,0.000324331622836424
2648,-0.00145681751850946
2649,-0.00287584625917292
2650,-0.00416748612142938
2651,-0.00544700865767431
2652,-0.00635962929407869
2653,-0.00640711755176819
2654,-0.00610270429186177
2655,-0.00727783192557181
2656,-0.0112892236945003
2657,-0.016923158322939
2658,-0.0210063785935217
2659,-0.0215239524958136
2660,-0.0195183096205007
2661,-0.017459049994647
2662,-0.0163553941719409
2663,-0.0152266483981374
2664,-0.0130398968121574
2665,-0.0101414800158687
2666,-0.00757549539025003
2667,-0.00579052135998599
2668,-0.00448551195839909
2669,-0.00325645706535845
2670,-0.00193566680170762
2671,-0.000613317358766613
2672,0.000277530802939361
2673,0.000271264625548408
2674,-0.000181529212998043
2675,0.000593129554651643
2676,0.00396503867143746
2677,0.00902525373221609
2678,0.0129189472693514
2679,0.0136283882088091
2680,0.0119494487558471
2681,0.0102476965544625
2682,0.00970209819261567
2683,0.00943635028559091
2684,0.00812174327564745
2685,0.00559348727536282
2686,0.00270142323299012
2687,0.000238115352693068
2688,-0.00157356709942663
2689,-0.0029217178235122
2690,-0.00413189253830795
2691,-0.00533042781307963
2692,-0.00615201637354648
2693,-0.0061660100354995
2694,-0.00595658213472067
2695,-0.00728192611891488
2696,-0.0113197956171646
2697,-0.0167886515868095
2698,-0.0206585372527438
2699,-0.0211005386884447
2700,-0.019171003190401
2701,-0.0172069057545005
2702,-0.0161454495642408
2703,-0.0150744723119319
2704,-0.0130154050332769
2705,-0.0102160793554024
2706,-0.00758101286917477
2707,-0.00559547497642132
2708,-0.00416834840517279
2709,-0.00303147192441173
2710,-0.00191872605160831
2711,-0.000729908589243202
2712,0.000154243260507219
2713,0.000180929971107547
2714,-0.000244771367848132
2715,0.000604258770557717
2716,0.00410995592331934
2717,0.00925950598031623
2718,0.0131176340419281
2719,0.0137419042152029
2720,0.0120514813532796
2721,0.0103890709048748
2722,0.00979354199643137
2723,0.00935380752026572
2724,0.00789089704214949
2725,0.00538527904020956
2726,0.00264660228416812
2727,0.000312742790315909
2728,-0.00147175629920888
2729,-0.00285488605101135
2730,-0.00411183670745115
2731,-0.00536460158908824
2732,-0.00624004283769224
2733,-0.00627608588464751
2734,-0.00605985110717377
2735,-0.00740278451307638
2736,-0.0115065096218344
2737,-0.0170325784789996
2738,-0.0208831284405569
2739,-0.0212402851199847
2740,-0.0192292729829801
2741,-0.0172238138772608
2742,-0.0161414769039364
2743,-0.0150455483072449
2744,-0.0129559040579443
2745,-0.0101177698914469
2746,-0.00742685412956806
2747,-0.00538658531876349
2748,-0.00394938988564927
2749,-0.0028531218887373
2750,-0.00176872523994094
2751,-0.000534338847420353
2752,0.000433901687325561
2753,0.000468668668966425
2754,-8.54481569307505E-05
2755,0.000580951786287682
2756,0.00399380878744943
2757,0.00917860200976771
2758,0.0130867022002091
2759,0.0136572293582642
2760,0.0118461589114561
2761,0.0101453099745572
2762,0.00965282115041659
2763,0.00933914317934072
2764,0.00788536318158562
2765,0.00529676381446552
2766,0.00252157821214952
2767,0.000239541050027346
2768,-0.00151779699500146
2769,-0.002989827292184
2770,-0.0043799818518333
2771,-0.00567773174900654
2772,-0.00649742793182916
2773,-0.00647685526559427
2774,-0.00625683323678888
2775,-0.00759925300862067
2776,-0.0116585457673365
2777,-0.0171285089660014
2778,-0.0209627456744703
2779,-0.0213389776991983
2780,-0.0193475542917374
2781,-0.0173485205669343
2782,-0.0162501378297302
2783,-0.0150891407395505
2784,-0.0128936370870053
2785,-0.009989921403098
2786,-0.00734180665025467
2787,-0.0053939421463566
2788,-0.0039619679093511
2789,-0.00274892942107441
2790,-0.00155661767288306
2791,-0.00036133104165338
2792,0.000453182249600544
2793,0.000385223335651818
2794,-0.000119065640972977
2795,0.000683874976729639
2796,0.00418791216589243
2797,0.00937532686307226
2798,0.0132636742945454
2799,0.0138585183450149
2800,0.0120989809641517
2801,0.0104145761830016
2802,0.00988189988671335
2803,0.00950363423255994
2804,0.00798795454198152
2805,0.00533727975223875
2806,0.00251392660998869
2807,0.000250611331517841
2808,-0.00139887290764049
2809,-0.00274321447358651
2810,-0.00407579742882113
2811,-0.00537570217190563
2812,-0.00616936393818352
2813,-0.00608245436689818
2814,-0.00586469691577237
2815,-0.00734862471988244
2816,-0.0115897551793094
2817,-0.0171262768855847
2818,-0.0209016732352401
2819,-0.0212187663668656
2820,-0.0192304395462801
2821,-0.0172273839561509
2822,-0.0160729581676998
2823,-0.0148931029783593
2824,-0.0128110277577685
2825,-0.0100951343292327
2826,-0.00756795685259437
2827,-0.00563571160758471
2828,-0.00419011916949251
2829,-0.00297250304484784
2830,-0.0017422500889159
2831,-0.000475866583762304
2832,0.000360800718127421
2833,0.00024916736925221
2834,-0.000242793832791813
2835,0.000704144130276623
2836,0.00432914425533709
2837,0.00938221349699946
2838,0.0129050479453953
2839,0.0132171659523116
2840,0.0115024348911446
2841,0.0100855212530632
2842,0.0097553629657335
2843,0.00940277328867456
2844,0.00786106566888883
2845,0.00523942530114612
2846,0.00243863665736419
2847,0.000115150813578227
2848,-0.0016025711164665
2849,-0.00290489581840791
2850,-0.00413170010528473
2851,-0.00543488294248297
2852,-0.00638929819086976
2853,-0.00645471937512516
2854,-0.00621737314454299
2855,-0.00756395937792495
2856,-0.0117298475409596
2857,-0.0173012093539771
2858,-0.0210862279310725
2859,-0.0212845906980624
2860,-0.0191430769265957
2861,-0.0171259044826029
2862,-0.0161180393200677
2863,-0.015079047220622
2864,-0.0129733903219098
2865,-0.0100907750255171
2866,-0.00741306572135959
2867,-0.00546620492373775
2868,-0.00411742896704757
2869,-0.00299328071851435
2870,-0.00177134299380438
2871,-0.000442980489607021
2872,0.000454314593527225
2873,0.000358066531654535
2874,-0.000140687055290421
2875,0.000827618978471814
2876,0.00451270672993479
2877,0.00961895689137833
2878,0.0131352008225867
2879,0.0133743923341824
2880,0.0115601751061837
2881,0.0100629109214332
2882,0.00969242639689537
2883,0.00933550194192004
2884,0.00780818224536571
2885,0.00519615300321087
2886,0.00237964905902174
2887,1.20307046147307E-05
2888,-0.00175756480084682
2889,-0.00308651940650316
2890,-0.00428981656620043
2891,-0.00552168403661677
2892,-0.00639399019268636
2893,-0.00642060330785922
2894,-0.00621039374578564
2895,-0.00760161111549494
2896,-0.0117428250952544
2897,-0.0171954371103774
2898,-0.0208620816369798
2899,-0.0210731970932897
2900,-0.0190880816874724
2901,-0.0172295629101769
2902,-0.016237660411542
2903,-0.015087876114605
2904,-0.0128864952402319
2905,-0.00999736274213797
2906,-0.00731585411101309
2907,-0.0052616166182872
2908,-0.003759197855449
2909,-0.00262014889172828
2910,-0.0016085963719327
2911,-0.000580440279118957
2912,0.000139958555867886
2913,5.22156511173343E-05
2914,-0.000369080830712974
2915,0.000636435363028353
2916,0.00435696345913621
2917,0.00960113358529507
2918,0.0133497232449486
2919,0.0137656134228082
2920,0.0119404478771126
2921,0.0102774582878674
2922,0.00973982615006493
2923,0.00932149581748186
2924,0.00782142635489009
2925,0.0052632046844244
2926,0.0025104889884933
2927,0.000211768743592582
2928,-0.00154995799137769
2929,-0.00300500286140855
2930,-0.00440703222625968
2931,-0.00572332641045757
2932,-0.00647851680532555
2933,-0.0063592970153358
2934,-0.00623334097256375
2935,-0.00794865660663941
2936,-0.0123666819003232
2937,-0.0178024472771742
2938,-0.0212424080017179
2939,-0.0212863900958916
2940,-0.019282782455299
2941,-0.0173869146041134
2942,-0.0162116421739366
2943,-0.0148648814892504
2944,-0.0126731137665307
2945,-0.0100062029261477
2946,-0.00754957579543679
2947,-0.00556770897616251
2948,-0.00403162617560171
2949,-0.00285958982520534
2950,-0.00181845582404018
2951,-0.000714868228674151
2952,9.5205180279022E-05
2953,2.63152078288476E-05
2954,-0.000450019771805193
2955,0.00051450679954756
2956,0.00424946167150085
2957,0.00949729970438114
2958,0.0131773270114948
2959,0.0134988904220561
2960,0.0116412014345126
2961,0.0100101217246092
2962,0.0094955657365156
2963,0.00905577413247972
2964,0.00752460454028119
2965,0.00495165628804253
2966,0.00217932830943078
2967,-0.000143637085406698
2968,-0.00187471457415712
2969,-0.00321436523882988
2970,-0.00449856950936735
2971,-0.00580147215446325
2972,-0.00661717019357316
2973,-0.00647840047583624
2974,-0.00618589560218354
2975,-0.00772960555182868
2976,-0.0121550217518573
2977,-0.0177513835168566
2978,-0.0212856241769642
2979,-0.0212308789120023
2980,-0.0190731571601728
2981,-0.0171813448117287
2982,-0.0161618862585919
2983,-0.0149061591609663
2984,-0.0126167769446615
2985,-0.00979908099189533
2986,-0.00733210033922784
2987,-0.0054651901557215
2988,-0.00399728605261883
2989,-0.00278638238877472
2990,-0.00171383575246393
2991,-0.000652014315553066
2992,0.000152768617009271
2993,0.000202730322089167
2994,-0.000167855595180465
2995,0.000687893255088293
2996,0.00415903095464675
2997,0.00929108968260421
2998,0.0131652313025483
2999,0.0137957490567918
3000,0.0120711996640118
3001,0.0103670547007349
3002,0.00976062823189078
3003,0.00929819980470817
3004,0.00771538381524051
3005,0.00501147668129958
3006,0.00215846721337533
3007,-8.51243723969848E-05
3008,-0.00168713180186659
3009,-0.00303288813466339
3010,-0.00443322597604833
3011,-0.00575063020339715
3012,-0.00639832557480144
3013,-0.00610289062877747
3014,-0.00588340413113048
3015,-0.00767916170943774
3016,-0.0122831380003538
3017,-0.0178442289896331
3018,-0.0212347003400641
3019,-0.021097911107112
3020,-0.018953610690832
3021,-0.0170921116887904
3022,-0.016070345579668
3023,-0.0147940136393395
3024,-0.0124799569889084
3025,-0.00963546787539589
3026,-0.00717024143183145
3027,-0.00535883397187111
3028,-0.00393347750757665
3029,-0.00263642956241455
3030,-0.00136593044142501
3031,-0.000194919894466621
3032,0.000479698897526254
3033,0.00029789913120577
3034,-0.000110716623998
3035,0.000967086903207567
3036,0.00463602869739951
3037,0.00965246142071402
3038,0.0131722806017585
3039,0.0135464469490865
3040,0.0118427218226052
3041,0.0102930670805318
3042,0.00977447281270967
3043,0.00934229785599519
3044,0.00785110915686256
3045,0.00527605627560053
3046,0.0024320228021946
3047,3.34088906984155E-05
3048,-0.00173055471968996
3049,-0.00309266392015428
3050,-0.00440805231973682
3051,-0.0056927627072562
3052,-0.00641340030121344
3053,-0.0062155510136437
3054,-0.00603995600234843
3055,-0.00782544609499448
3056,-0.0123871348032806
3057,-0.0178835957257674
3058,-0.0212296915453463
3059,-0.0211390624414446
3060,-0.0191227168918639
3061,-0.0173479840927024
3062,-0.0162764212679655
3063,-0.014877449224898
3064,-0.0124975870106167
3065,-0.0096490507875404
3066,-0.00713929253528558
3067,-0.0052445190537959
3068,-0.00385363348297191
3069,-0.00278021537161565
3070,-0.00172862489802824
3071,-0.000517883807658023
3072,0.00042607476874395
3073,0.000452698583029294
3074,2.43159101356565E-05
3075,0.00101445043104078
3076,0.00474646569785143
3077,0.00991354236707728
3078,0.0134196359964953
3079,0.0135559908128425
3080,0.0116241196906525
3081,0.0100605106962721
3082,0.00964957943563361
3083,0.00922035686945866
3084,0.00759777969420085
3085,0.00494507354514871
3086,0.00219887994731814
3087,-2.82611554768413E-05
3088,-0.00170831341259666
3089,-0.00308645116606265
3090,-0.00441840235139285
3091,-0.00568436767986157
3092,-0.00641373654160179
3093,-0.00628713568017197
3094,-0.0061838714800889
3095,-0.00797006767702405
3096,-0.0124697903138715
3097,-0.0179008751668042
3098,-0.0212016517412605
3099,-0.0210637905242861
3100,-0.0189926214450651
3101,-0.0171958177801368
3102,-0.0161836284760368
3103,-0.014932566086884
3104,-0.012738306046725
3105,-0.0100220908085768
3106,-0.00750842899412961
3107,-0.00546933886509077
3108,-0.00390009395915618
3109,-0.00275829012377791
3110,-0.00179902013498852
3111,-0.000752623530147308
3112,8.36732429728084E-05
3113,0.000101583854270184
3114,-0.000285088030254284
3115,0.000756981145846611
3116,0.00457071886623105
3117,0.00986650824728335
3118,0.0134934809783029
3119,0.0136561650751393
3120,0.0116430451229756
3121,0.00997931009413473
3122,0.0095445160662122
3123,0.00916591756771671
3124,0.00758616425961987
3125,0.00491349296621661
3126,0.00211664062597522
3127,-0.000131299895244793
3128,-0.00179689345757732
3129,-0.0031636112482679
3130,-0.00448898054343457
3131,-0.00570522663380763
3132,-0.00633628715089258
3133,-0.00615931468282486
3134,-0.00615581857876218
3135,-0.00814665868117511
3136,-0.0127686130619757
3137,-0.018105766458631
3138,-0.0211781960773333
3139,-0.020898962531084
3140,-0.0188992125755787
3141,-0.0172839344907244
3142,-0.0163380072039493
3143,-0.0149168437636069
3144,-0.0124251796106587
3145,-0.00953265110571501
3146,-0.00712250347162058
3147,-0.00537529744401446
3148,-0.00402274892055636
3149,-0.00285090283823759
3150,-0.00171046758620137
3151,-0.000570064543468362
3152,0.000181204237598315
3153,8.78029113601747E-05
3154,-0.000256851148501855
3155,0.000939318714012272
3156,0.00480541698380914
3157,0.00994020027300433
3158,0.0133226996423812
3159,0.0133695718421178
3160,0.0114350772470034
3161,0.0099381815319987
3162,0.00962805571337586
3163,0.0092772364978242
3164,0.00762645048357715
3165,0.0048048407908661
3166,0.00184939952612484
3167,-0.000459972255411533
3168,-0.00204312631053899
3169,-0.00326969549145584
3170,-0.00453616550822779
3171,-0.00580644608694383
3172,-0.00648775835477437
3173,-0.006228373980154
3174,-0.00602233878284831
3175,-0.00784005252071063
3176,-0.0124562847142045
3177,-0.0179531217858251
3178,-0.0212195711539646
3179,-0.0210290653325243
3180,-0.018974568628696
3181,-0.017235375956793
3182,-0.0162028513220373
3183,-0.0147827901840489
3184,-0.0123541593865923
3185,-0.00952638176075812
3186,-0.00712968881513732
3187,-0.00531384984862191
3188,-0.00381967188138088
3189,-0.00250335322053846
3190,-0.00131263029354543
3191,-0.00024131654537319
3192,0.000413504421128406
3193,0.000305280352375829
3194,1.8393368147801E-05
3195,0.00124338600815379
3196,0.00507979587265196
3197,0.0102252089820662
3198,0.0137276911093191
3199,0.0138967875624557
3200,0.0119079057139759
3201,0.0101652348577952
3202,0.00960863219857145
3203,0.00919700936315587
3204,0.00767449267933558
3205,0.00504321506769484
3206,0.00223487917399316
3207,-9.57032344062967E-06
3208,-0.00162190194126824
3209,-0.00295100438198386
3210,-0.00431533980439466
3211,-0.00560874582713475
3212,-0.0062755773425964
3213,-0.00607437504318416
3214,-0.0060281541224507
3215,-0.00799251930942247
3216,-0.0126094520857987
3217,-0.0179572612494176
3218,-0.0210362781577113
3219,-0.020722867814362
3220,-0.0186429711153482
3221,-0.0169713970640099
3222,-0.016079950224828
3223,-0.014812047026714
3224,-0.0124447492274005
3225,-0.00953017891386464
3226,-0.00696808053141313
3227,-0.00506831685433789
3228,-0.00367189877836208
3229,-0.00256096412569576
3230,-0.00149720283007513
3231,-0.000373654049426373
3232,0.00041739993766803
3233,0.000361946315608389
3234,1.80307945415989E-05
3235,0.00121014957667271
3236,0.00512389663162287
3237,0.0103566481989333
3238,0.0138108261978485
3239,0.0138245239750603
3240,0.0117469347146923
3241,0.0100628064368132
3242,0.00960162803141065
3243,0.00919568423569589
3244,0.00761922068111756
3245,0.00498773513546755
3246,0.00225103581658502
3247,6.19838711805879E-05
3248,-0.00156406923958624
3249,-0.00292807429546458
3250,-0.00428223108087484
3251,-0.00551739373812605
3252,-0.00612396429831083
3253,-0.00591040212995925
3254,-0.00593118442969066
3255,-0.00802410061815003
3256,-0.0127427318158962
3257,-0.0180726004374976
3258,-0.0210306320295836
3259,-0.0206151341878598
3260,-0.0185281672343202
3261,-0.0168789471992638
3262,-0.0159356436361781
3263,-0.014556929388634
3264,-0.0121435086394466
3265,-0.0093272602502685
3266,-0.00696053949638325
3267,-0.00523568738441212
3268,-0.00389590850918168
3269,-0.00269220994384193
3270,-0.00145199776322104
3271,-0.000216845385583007
3272,0.000510889499897662
3273,0.000281971048853528
3274,-0.000156533567820374
3275,0.00110531561332638
3276,0.00512425312150366
3277,0.0103307988454844
3278,0.013650731088463
3279,0.0135949166167672
3280,0.0115925694410761
3281,0.0100224645894797
3282,0.00958569497312445
3283,0.0091214417312621
3284,0.00748795259083074
3285,0.00482433623454665
3286,0.00204554008595498
3287,-0.000190131535483556
3288,-0.00181494379441659
3289,-0.00312330702073814
3290,-0.00443122642412757
3291,-0.00567629345853115
3292,-0.00632298583218908
3293,-0.00613890626327759
3294,-0.00618473774837524
3295,-0.00831468124124385
3296,-0.0130514281377394
3297,-0.0183411543517666
3298,-0.021231006555104
3299,-0.0207935177929234
3300,-0.0187391182149306
3301,-0.0171014160066039
3302,-0.0161141967757627
3303,-0.014724053863991
3304,-0.012421022915972
3305,-0.00975147824111446
3306,-0.007355194921508
3307,-0.00535684400644168
3308,-0.0037233118853662
3309,-0.00250495223512806
3310,-0.00155397886666048
3311,-0.000621265874605944
3312,6.27367375455091E-05
3313,7.41076788642444E-06
3314,-0.000293885265476152
3315,0.000935318937758854
3316,0.00486448849547544
3317,0.0100850476274829
3318,0.0135203740269632
3319,0.0135604589766087
3320,0.0115774284028849
3321,0.01000507460838
3322,0.00959552678545586
3323,0.00915486681999576
3324,0.00748279476256372
3325,0.00472119251451706
3326,0.00184379627292955
3327,-0.000440904852980817
3328,-0.00205832778443583
3329,-0.00332754538424845
3330,-0.00459728288102135
3331,-0.0058217896816997
3332,-0.00645144139790556
3333,-0.00623082629105813
3334,-0.00623350473851656
3335,-0.00836014480763405
3336,-0.013145108509816
3337,-0.0184728091824053
3338,-0.0213255902208041
3339,-0.0208035945749082
3340,-0.0187125703599088
3341,-0.017120878627132
3342,-0.0161799959983838
3343,-0.0147392825657495
3344,-0.0123047149221981
3345,-0.00953786560063414
3346,-0.00716160710396639
3347,-0.00526491910929093
3348,-0.00370735022851012
3349,-0.00246592776235993
3350,-0.00140981761223421
3351,-0.00037015884059151
3352,0.000350231374010978
3353,0.000256636717516846
3354,-9.22480746420317E-05
3355,0.00114669067300702
3356,0.00513498906070396
3357,0.0103838613534594
3358,0.0137520208183878
3359,0.0136529152812845
3360,0.0115423201742882
3361,0.00990716315200322
3362,0.00948237300686163
3363,0.0090346038307577
3364,0.00736117718618297
3365,0.00463021611250305
3366,0.00181711773823119
3367,-0.000411407876617411
3368,-0.00202630102796556
3369,-0.00335023198518482
3370,-0.00469245511460493
3371,-0.00595697665177391
3372,-0.00656335346656652
3373,-0.00626412699793396
3374,-0.00618758750372317
3375,-0.0083077269670615
3376,-0.0131790049445802
3377,-0.0186062464588953
3378,-0.0214555976120203
3379,-0.0208077219736963
3380,-0.0185856415985182
3381,-0.0169775623920516
3382,-0.0160995635728869
3383,-0.0146467172919183
3384,-0.0120633356043332
3385,-0.00915623030315346
3386,-0.00684429787725534
3387,-0.00521936249068288
3388,-0.00393119974432392
3389,-0.00277317285596361
3390,-0.0016499313334494
3391,-0.000560452030195879
3392,0.000126396159029275
3393,2.11055510380914E-05
3394,-0.000210721834080329
3395,0.0012152068824033
3396,0.00528988786083573
3397,0.010439100177873
3398,0.0136121875898645
3399,0.0133834207404695
3400,0.0112838031273771
3401,0.00975353349962429
3402,0.00943334015327163
3403,0.0090209897248127
3404,0.00729139123550725
3405,0.00444265978115499
3406,0.00153323567965341
3407,-0.000678575673250672
3408,-0.00214506118361463
3409,-0.00327406305379099
3410,-0.00449136817380952
3411,-0.00574690767571547
3412,-0.00641164304389628
3413,-0.00615536595370169
3414,-0.00605544715986551
3415,-0.00809444466208309
3416,-0.012891993554
3417,-0.0183353434478062
3418,-0.0213104076682495
3419,-0.0208068012956487
3420,-0.0186235753095642
3421,-0.0169397268536268
3422,-0.0160022069465336
3423,-0.0146161064196029
3424,-0.0121689889575527
3425,-0.0093199267900216
3426,-0.00694516702897549
3427,-0.00523435043312114
3428,-0.00390888984305733
3429,-0.00270044060255952
3430,-0.00144009486007849
3431,-0.000198831445027336
3432,0.000501298249936389
3433,0.000244509378502527
3434,-0.000155369367423816
3435,0.00122329968635681
3436,0.00534219927138247
3437,0.0105118658136982
3438,0.0136568989250649
3439,0.0134319146629921
3440,0.0114098561433908
3441,0.00995810532097315
3442,0.00962824778544723
3443,0.00913642682229597
3444,0.0073681544868056
3445,0.00459553534832006
3446,0.00182343281646436
3447,-0.000336151534982359
3448,-0.00194436929438167
3449,-0.00335313993821341
3450,-0.00476696760636771
3451,-0.00593435615933141
3452,-0.0062828307003032
3453,-0.00580785604471518
3454,-0.00586517743519861
3455,-0.00833232516083835
3456,-0.0134085102316512
3457,-0.0186985662068253
3458,-0.0212607467342645
3459,-0.0204983224043958
3460,-0.0183839808575504
3461,-0.016876750886581
3462,-0.0159404627458221
3463,-0.0143858026104155
3464,-0.0118299327405599
3465,-0.00904867295710227
3466,-0.00678414128125494
3467,-0.00505036298148647
3468,-0.00359096174628844
3469,-0.00231987169119552
3470,-0.00117372392493984
3471,-0.000122569976958021
3472,0.000502008503273326
3473,0.000350841600188461
3474,0.00010879244399299
3475,0.00151827028040003
3476,0.00551399099102763
3477,0.0105554147781979
3478,0.0136984628803853
3479,0.0135378046773363
3480,0.0114807673618624
3481,0.00986797006642053
3482,0.00942244197289402
3483,0.00899892892756534
3484,0.0073854282706559
3485,0.00464823833021824
3486,0.00177041003970517
3487,-0.000437034841830798
3488,-0.00189606786133504
3489,-0.00308949736203365
3490,-0.00447474013701122
3491,-0.00587455443435058
3492,-0.00653846283342988
3493,-0.00623288374269371
3494,-0.0062368762009385
3495,-0.00852038302807125
3496,-0.0134371796465746
3497,-0.018701570654706
3498,-0.0213685317309021
3499,-0.0207244095389749
3500,-0.0186170842013432
3501,-0.0170100237923627
3502,-0.0159986137843244
3503,-0.014485256528154
3504,-0.0120202304621169
3505,-0.00925419305865133
3506,-0.00692629419398616
3507,-0.00516644283782592
3508,-0.0037734446388619
3509,-0.00257325420404837
3510,-0.00141239649855522
3511,-0.000307945423211415
3512,0.000315033163687286
3513,0.000149443603709402
3514,2.26052026628126E-05
3515,0.00167789632913356
3516,0.00582503313900496
3517,0.0107321311560443
3518,0.013579145609904
3519,0.0132917245496682
3520,0.0114159698022035
3521,0.01006889989956
3522,0.00967887263323003
3523,0.00909711595982378
3524,0.0073550234555676
3525,0.00465287639003804
3526,0.00184206546340199
3527,-0.000427993574781956
3528,-0.00201962693340715
3529,-0.00323407244225859
3530,-0.00450321685707437
3531,-0.00581249523529967
3532,-0.0065145384417406
3533,-0.00627847587740249
3534,-0.00625739079028164
3535,-0.00847144085563387
3536,-0.0134184123245198
3537,-0.0188130693499537
3538,-0.0215481888405536
3539,-0.0208204278155202
3540,-0.0185929860163832
3541,-0.016977818004654
3542,-0.0160354599596966
3543,-0.0145120393100853
3544,-0.0119208181593971
3545,-0.00905309549874099
3546,-0.00676559680780207
3547,-0.00512781754643493
3548,-0.00380226727448565
3549,-0.00258564136526638
3550,-0.00140278482377685
3551,-0.00032071368102528
3552,0.000257734393272731
3553,4.28693637869107E-05
3554,-0.000147050795624749
3555,0.00146948774359585
3556,0.00568506841229318
3557,0.010759955707935
3558,0.0137184792902159
3559,0.0133495158849413
3560,0.0112723794372079
3561,0.00981786813082533
3562,0.00950895088168415
3563,0.00906891653578183
3564,0.00735871715959448
3565,0.00456482602651176
3566,0.00164599472770743
3567,-0.000689239375094952
3568,-0.00233212408509514
3569,-0.00358905659062528
3570,-0.00482033968416342
3571,-0.00596877223201606
3572,-0.00648111156467117
3573,-0.00619231382995426
3574,-0.00631550608153641
3575,-0.00874940036603948
3576,-0.013808975750103
3577,-0.0191437013742203
3578,-0.0217378108071632
3579,-0.0209062021539902
3580,-0.0186292939772191
3581,-0.0169655392925836
3582,-0.015976664488662
3583,-0.0144874412583432
3584,-0.0120418172478561
3585,-0.00932840105443962
3586,-0.00707230392198547
3587,-0.00534486493105469
3588,-0.00392982008708631
3589,-0.0026911528589972
3590,-0.00149036570568322
3591,-0.000324487451875598
3592,0.000355960274369417
3593,0.000162629868301953
3594,-9.24703292369742E-05
3595,0.00145440504104753
3596,0.00563807544574192
3597,0.0106826509667733
3598,0.0135977035933104
3599,0.0132312362386988
3600,0.0112389902529151
3601,0.00987426522051257
3602,0.0095429989089678
3603,0.00896095334650355
3604,0.00711134070498031
3605,0.00430382960307831
3606,0.00150779097413617
3607,-0.000657756942867454
3608,-0.00218820730771169
3609,-0.00344046976511497
3610,-0.00474863721025293
3611,-0.00597486555205878
3612,-0.00649717138875696
3613,-0.00615928767033063
3614,-0.00624809841249724
3615,-0.00871081760750225
3616,-0.0138226651978019
3617,-0.0191518455713264
3618,-0.0216650488446319
3619,-0.0207637799001833
3620,-0.0185411411079743
3621,-0.0170700156685978
3622,-0.0162854260759242
3623,-0.0148474499490208
3624,-0.0122653131156108
3625,-0.00937269632160516
3626,-0.00706733445817589
3627,-0.00542833842159079
3628,-0.0040945941850764
3629,-0.00284431684922638
3630,-0.00163097442947285
3631,-0.00056996836028618
3632,-5.20716173490224E-05
3633,-0.000286159632436674
3634,-0.00041419588462967
3635,0.00126633445251884
3636,0.00544903218023779
3637,0.0104313638738975
3638,0.0133821916324234
3639,0.013137561982851
3640,0.0111761185567554
3641,0.00967327857216751
3642,0.00918385434790254
3643,0.00860168064259778
3644,0.00688266033170159
3645,0.00415735076771014
3646,0.00130408956696296
3647,-0.000974425236113962
3648,-0.00255751182148519
3649,-0.00378475602947925
3650,-0.00503610075306311
3651,-0.00620167775865223
3652,-0.00668171618887372
3653,-0.00636609391662134
3654,-0.00655019275052466
3655,-0.00908991213325866
3656,-0.0141572032111251
3657,-0.0193585981442293
3658,-0.0218171140204573
3659,-0.0209919878187574
3660,-0.0188245600092374
3661,-0.0172141895632439
3662,-0.0161530498938381
3663,-0.0145445884831568
3664,-0.0120207334646855
3665,-0.00926023221615733
3666,-0.00693907092430777
3667,-0.00513541956094817
3668,-0.00368426864634944
3669,-0.00247712093339034
3670,-0.00136229656623632
3671,-0.000305482965095172
3672,0.000291309089039864
3673,9.49590239273132E-05
3674,-8.27892092319542E-05
3675,0.00152994882381791
3676,0.00566676255799713
3677,0.0105595477314125
3678,0.0133226486759546
3679,0.0128737634118312
3680,0.0108459947184735
3681,0.00947194027023464
3682,0.00921006134847674
3683,0.00880998261429233
3684,0.00715370453420041
3685,0.00439125384075269
3686,0.00147837558881047
3687,-0.000791765351496218
3688,-0.00226392900485416
3689,-0.00336126355462893
3690,-0.00461361288868141
3691,-0.00595566808987203
3692,-0.00663205729462063
3693,-0.0063277826826648
3694,-0.00633209720981201
3695,-0.00871151855983163
3696,-0.0137977356630176
3697,-0.0190988653204969
3698,-0.0215286928708711
3699,-0.0205388830392473
3700,-0.0183021389391648
3701,-0.0168765440499609
3702,-0.0161030661925156
3703,-0.0146010228196497
3704,-0.0119482668920063
3705,-0.00905719600583853
3706,-0.0068066716591175
3707,-0.00519046637961177
3708,-0.00381121204553402
3709,-0.00250139554751844
3710,-0.00128960497592678
3711,-0.000309223172731178
3712,9.92890010501341E-05
3713,-0.000190216442475241
3714,-0.000260155640158162
3715,0.00156222963118044
3716,0.00583484822349641
3717,0.0107226514996161
3718,0.0134283399720361
3719,0.012995658043074
3720,0.01107103787719
3721,0.00976391685559931
3722,0.00941246824005899
3723,0.0088053939158727
3724,0.00700104323124395
3725,0.00426603066683245
3726,0.00147586888351408
3727,-0.000751694288241773
3728,-0.00231978835662142
3729,-0.00354160549207217
3730,-0.00482394146268102
3731,-0.00610193667483974
3732,-0.00670006033444046
3733,-0.00634432700795734
3734,-0.00631309637002076
3735,-0.00868052554550905
3736,-0.0138120835096309
3737,-0.0192022504094816
3738,-0.0216809071565281
3739,-0.020631240540146
3740,-0.0182557932778645
3741,-0.0167080359201536
3742,-0.0158841142738611
3743,-0.0143699036785541
3744,-0.0116786615939791
3745,-0.00871750603121001
3746,-0.00643875086527583
3747,-0.00490746590402459
3748,-0.00369501934693367
3749,-0.00250128739002479
3750,-0.00125060733853997
3751,-0.000122573086464682
3752,0.000389244858704012
3753,7.17174411452338E-05
3754,-8.65047268199645E-05
3755,0.0017134211913689
3756,0.00605391689279286
3757,0.0110144142651698
3758,0.01372925609375
3759,0.0132651865035157
3760,0.0113224064310125
3761,0.0100116279924897
3762,0.00962999819937366
3763,0.00894949722511396
3764,0.00705962232356874
3765,0.00426873204761929
3766,0.0014654657476488
3767,-0.000752473892015647
3768,-0.002315795752928
3769,-0.00353575238193325
3770,-0.00477934683332424
3771,-0.00596005002771636
3772,-0.00646673822594608
3773,-0.00613999289465906
3774,-0.00627887107184509
3775,-0.00881506020342664
3776,-0.0139496511505445
3777,-0.0191919347097875
3778,-0.0215512226103944
3779,-0.0205240974567215
3780,-0.0182249509518907
3781,-0.0166637009978218
3782,-0.0157514012501492
3783,-0.0142225719242006
3784,-0.0116568097634729
3785,-0.00885062945155788
3786,-0.00661386373113185
3787,-0.00500181973095325
3788,-0.00368772820307919
3789,-0.0024576003634999
3790,-0.00125057781625034
3791,-0.000214628195980194
3792,0.000221792548110348
3793,-6.85248007750606E-05
3794,-6.93929495732931E-05
3795,0.00191386082363575
3796,0.00630354005746848
3797,0.0111396090611816
3798,0.0136863504781923
3799,0.0131499938177895
3800,0.0112217191850605
3801,0.00990834049217343
3802,0.00947738037743012
3803,0.00878313066593102
3804,0.006979577658127
3805,0.0043269021574175
3806,0.00161564591198434
3807,-0.000595387373857926
3808,-0.0022048580321627
3809,-0.00348105555302951
3810,-0.00476537485582897
3811,-0.00595557979248003
3812,-0.00645017352543606
3813,-0.00614206886158329
3814,-0.00637529743135669
3815,-0.00903683272270125
3816,-0.0142083778954938
3817,-0.0193384152708432
3818,-0.0215283367161107
3819,-0.0204356407930405
3820,-0.0182271985488939
3821,-0.0168005842257934
3822,-0.0159226821843822
3823,-0.0143078596093034
3824,-0.0116328480863031
3825,-0.00876895602724204
3826,-0.0064969153066667
3827,-0.00481314729104707
3828,-0.00341074773710761
3829,-0.00215591646687801
3830,-0.00100956908049802
3831,-4.31366523131275E-05
3832,0.000381859369305316
3833,9.24242686211512E-05
3834,1.26926027643597E-05
3835,0.00185444442429634
3836,0.00617649757940027
3837,0.0110943810850729
3838,0.0137582584299657
3839,0.0131962449074608
3840,0.0110927148015719
3841,0.00964014455561803
3842,0.00924638434890959
3843,0.00868242280324927
3844,0.0069226968286358
3845,0.00420444014390069
3846,0.00147151616031817
3847,-0.000627541076231625
3848,-0.00211568896401456
3849,-0.0034372706633897
3850,-0.00491177693739808
3851,-0.00623216553419353
3852,-0.00666906881278359
3853,-0.00621398860360701
3854,-0.00638759023287875
3855,-0.0091076882946291
3856,-0.0143374436664726
3857,-0.0194415429270513
3858,-0.021572976381349
3859,-0.0204789704399759
3860,-0.018325937386751
3861,-0.0169380933753078
3862,-0.0160480665923732
3863,-0.0144148742037196
3864,-0.0117649446940843
3865,-0.00895244866199373
3866,-0.00669963050357647
3867,-0.00497918888034635
3868,-0.00351923641530658
3869,-0.00222958681793211
3870,-0.00107389461575909
3871,-9.82275212393949E-05
3872,0.00034493334870103
3873,6.8719737561952E-05
3874,-6.65861754975059E-06
3875,0.00184767203377373
3876,0.00619663285727478
3877,0.0111332363177684
3878,0.0137932747816707
3879,0.0132303411545963
3880,0.0111586298598596
3881,0.0097495528139163
3882,0.00935808599619035
3883,0.00874254656344912
3884,0.00691554867503357
3885,0.00413521442501595
3886,0.00132314222726697
3887,-0.000864634058636526
3888,-0.00236593284422132
3889,-0.00355188733580334
3890,-0.00480297152760063
3891,-0.00597375542703887
3892,-0.00642622027892006
3893,-0.00608130616625331
3894,-0.00632656566317952
3895,-0.00903321797871058
3896,-0.0142197309966826
3897,-0.0193067818714004
3898,-0.0214410041514753
3899,-0.0203404757255586
3900,-0.0181778147919913
3901,-0.0168063402480131
3902,-0.015953807683572
3903,-0.0143279951332122
3904,-0.0116214727240713
3905,-0.0087345111588711
3906,-0.00648044294114569
3907,-0.00485770944092999
3908,-0.0035106684674405
3909,-0.00225971116307865
3910,-0.00109532282429039
3911,-0.000157940076083711
3912,0.000211954935401151
3913,-2.47102129964911E-05
3914,0.000123842027474969
3915,0.00220581305981907
3916,0.00651210840172573
3917,0.0111130301750467
3918,0.0134482013347494
3919,0.0128694820285135
3920,0.0110469460311097
3921,0.00984612437470075
3922,0.00943221969712352
3923,0.00868080124303006
3924,0.00682800065906853
3925,0.00417328563376135
3926,0.0014830634578398
3927,-0.000716636888969127
3928,-0.00232973478202845
3929,-0.00361716012168161
3930,-0.00491478640640546
3931,-0.00610395780011681
3932,-0.00656042271075029
3933,-0.00618831375387145
3934,-0.00638472762917375
3935,-0.00906237828500584
3936,-0.0142435375875673
3937,-0.0192967038106426
3938,-0.0213453815681756
3939,-0.0201693618474668
3940,-0.01800808729857
3941,-0.0166864285320759
3942,-0.0158513805735258
3943,-0.0142029803610114
3944,-0.0115029301155616
3945,-0.008673031431364
3946,-0.00646130453117924
3947,-0.00483236604439043
3948,-0.0034974696458766
3949,-0.00232286801094403
3950,-0.00120667977845583
3951,-0.000174201241013813
3952,0.000369966352194169
3953,0.000190745772199724
3954,0.000225306946647912
3955,0.00221230568419858
3956,0.00663058566846386
3957,0.0114731782169888
3958,0.0139307684176104
3959,0.0132508322643157
3960,0.0112490385247086
3961,0.00996891771349023
3962,0.00957208844846255
3963,0.00880784851112957
3964,0.00686312324643907
3965,0.00412025986874184
3966,0.00143163194766532
3967,-0.000698537216924308
3968,-0.00226030106391835
3969,-0.0035491466959536
3970,-0.00485062482202293
3971,-0.00599200154564747
3972,-0.00637665541477086
3973,-0.00599452102804009
3974,-0.00627866049046876
3975,-0.00907446791332145
3976,-0.014313726971198
3977,-0.0193628789606378
3978,-0.0214190657825504
3979,-0.0202876397110856
3980,-0.018133427295455
3981,-0.0167139580924551
3982,-0.0157338352387559
3983,-0.0140254096012761
3984,-0.0113982377530003
3985,-0.00868296953908261
3986,-0.00651130651620296
3987,-0.00482760132742864
3988,-0.0034047741851686
3989,-0.00216439045878841
3990,-0.00102224068731635
3991,-1.2857433092691E-05
3992,0.000456188564864626
3993,0.00018719289500967
3994,0.000187195597731396
3995,0.00222496311168416
3996,0.00672003285079478
3997,0.0115635702165979
3998,0.0139030512471593
3999,0.0130526890633458
4000,0.0109548744278147
4001,0.00972917367175192
4002,0.00948703559101705
4003,0.00884101693943647
4004,0.00689097410782614
4005,0.00407950398219821
4006,0.00140082764350752
4007,-0.000591497385783429
4008,-0.00200573297455917
4009,-0.00329050593629796
4010,-0.00473582089356606
4011,-0.00602241245275001
4012,-0.00643725371572853
4013,-0.0060146958586212
4014,-0.00631692832923657
4015,-0.00923461765125767
4016,-0.0146070273727444
4017,-0.0196727518674275
4018,-0.0215938663256702
4019,-0.0202711458062491
4020,-0.0180244655674185
4021,-0.0166925206561329
4022,-0.0158891225472015
4023,-0.0142434746766697
4024,-0.0114644393514191
4025,-0.00853057350035893
4026,-0.00632754010732866
4027,-0.0048541444351609
4028,-0.0036572932403835
4029,-0.00242728354910588
4030,-0.0011208903210632
4031,6.00443867180614E-06
4032,0.000460662634093202
4033,0.000181028403000567
4034,0.000284441574976677
4035,0.00243963601177061
4036,0.00691016897935853
4037,0.0116192952227431
4038,0.0138931907111077
4039,0.0131161400947203
4040,0.0111081536050188
4041,0.00986772221311326
4042,0.00954887269431738
4043,0.00887592240904553
4044,0.00695477143621127
4045,0.00413626894037726
4046,0.00136994228246731
4047,-0.000735932990880782
4048,-0.0022186813216282
4049,-0.0035010816153515
4050,-0.00486833033857618
4051,-0.00600985140656607
4052,-0.0062796474724717
4053,-0.00582103604501807
4054,-0.00623038021407306
4055,-0.00929599735994546
4056,-0.0147315767119093
4057,-0.0197775847100115
4058,-0.02170058872506
4059,-0.0204401749886912
4060,-0.018224883901662
4061,-0.0168061126108821
4062,-0.0158500018358831
4063,-0.0141163612044991
4064,-0.0113542674270761
4065,-0.00845229866187145
4066,-0.00620966689848203
4067,-0.00465216675158267
4068,-0.00341270809160489
4069,-0.00221129685052692
4070,-0.00097057490100101
4071,7.11192789998856E-05
4072,0.000406054838211063
4073,2.65663247990531E-07
4074,6.27173156248841E-05
4075,0.00230955444156121
4076,0.00691780794146411
4077,0.0116760342434329
4078,0.0138944441043303
4079,0.0130706443789084
4080,0.0111002924154816
4081,0.0099142590747235
4082,0.00956891200489961
4083,0.00882114603729528
4084,0.00690372071303484
4085,0.00420669423078013
4086,0.00157023286371409
4087,-0.000515213616730205
4088,-0.00208039668723106
4089,-0.00346394144285713
4090,-0.00491154291378217
4091,-0.00613372445936063
4092,-0.00649194202421333
4093,-0.00609797745181443
4094,-0.00652028294816637
4095,-0.00953872376110815
4096,-0.0148571520931172
4097,-0.019725774742639
4098,-0.0214857761111722
4099,-0.0201770915445784
4100,-0.0180415229145632
4101,-0.016733817276608
4102,-0.0158367532110542
4103,-0.0141366288076253
4104,-0.0114434915929264
4105,-0.0086171639314445
4106,-0.00636976279291459
4107,-0.00472644839215092
4108,-0.00343086132240249
4109,-0.00227564906420387
4110,-0.00110906896342127
4111,-4.13557069773231E-05
4112,0.000434821629764428
4113,0.000170018851266776
4114,0.000266598510381978
4115,0.0024485741086377
4116,0.00697285210726665
4117,0.0116740269901891
4118,0.0138424092374878
4119,0.0129499706251724
4120,0.010917945001839
4121,0.00973122133638717
4122,0.00945109116119571
4123,0.00875904074862027
4124,0.00680392775931839
4125,0.00398316436958827
4126,0.00123744056905091
4127,-0.000856242251144012
4128,-0.00234077457080946
4129,-0.00362460545859425
4130,-0.00498648541899084
4131,-0.00612109785749718
4132,-0.00639292491640375
4133,-0.00595932843165321
4134,-0.00641638975320675
4135,-0.00950856190108415
4136,-0.0148823756973227
4137,-0.0197699204539163
4138,-0.0215319404446928
4139,-0.0202260660464618
4140,-0.0180990094038391
4141,-0.0168027505180134
4142,-0.0158945674691024
4143,-0.0141158248971895
4144,-0.0112815402554451
4145,-0.00836006726683041
4146,-0.00619163054405847
4147,-0.00478142014913226
4148,-0.00368088665198782
4149,-0.00252017595491305
4150,-0.00121357909434363
4151,-9.26196970525897E-05
4152,0.000249882206387116
4153,-0.000182985137008878
4154,-7.44258300250366E-05
4155,0.00230199381946439
4156,0.00698988477372331
4157,0.0116678685310944
4158,0.0137214627044945
4159,0.0128301045593671
4160,0.010949771231339
4161,0.00987567133830042
4162,0.00950724376400862
4163,0.00860707069927557
4164,0.00653856044858081
4165,0.00377338526877395
4166,0.00112696223421201
4167,-0.00093567775434579
4168,-0.00240280065889388
4169,-0.00359069548492341
4170,-0.00483873748872855
4171,-0.0059917369582442
4172,-0.00641808467852594
4173,-0.00608989206148063
4174,-0.00646434240541659
4175,-0.00937507495456072
4176,-0.0146575583850555
4177,-0.0195880070656753
4178,-0.0214065558789398
4179,-0.0200808403024336
4180,-0.0179082779768049
4181,-0.0166321910300759
4182,-0.0158198661743292
4183,-0.0141639044199279
4184,-0.0114466822884347
4185,-0.00861001843376924
4186,-0.00643342782831052
4187,-0.00488107124933826
4188,-0.00357454016898698
4189,-0.00229267391307145
4190,-0.00102212400239302
4191,-8.96431525409361E-06
4192,0.000292173347702859
4193,-8.44276445546092E-05
4194,8.53062121276805E-05
4195,0.00244204646617308
4196,0.00705175264088989
4197,0.0116733828243521
4198,0.013711567232321
4199,0.0127825537952767
4200,0.0108039152315975
4201,0.0096433850074356
4202,0.00931196656847568
4203,0.00857201937513207
4204,0.00665290867827851
4205,0.00391254045127805
4206,0.00120097311249561
4207,-0.000908294112734639
4208,-0.00238379242096167
4209,-0.00361477344961342
4210,-0.00495278836625796
4211,-0.00613955422016975
4212,-0.00648291049441125
4213,-0.00607308758713953
4214,-0.00653844089645339
4215,-0.00969127077882646
4216,-0.0151403261680074
4217,-0.0199969714294578
4218,-0.0215970026503029
4219,-0.0201304118977359
4220,-0.0179670648917584
4221,-0.0167190013946068
4222,-0.0158294861135922
4223,-0.0140384959925032
4224,-0.0112567687899968
4225,-0.00845249923464859
4226,-0.00632024108938011
4227,-0.00477684516771902
4228,-0.00350168368952806
4229,-0.00232606714690933
4230,-0.00118001985009518
4231,-0.000213401322690585
4232,0.000118231419588451
4233,-0.00024129498343783
4234,-0.0001097992722269
4235,0.00221461682418751
4236,0.00685590321799321
4237,0.011537632184376
4238,0.0136044764867131
4239,0.0126929979143727
4240,0.0107769341662965
4241,0.00969157324290099
4242,0.00934101934254988
4243,0.00846151097931228
4244,0.00639568378607193
4245,0.00361470015882431
4246,0.000947503788882429
4247,-0.00112487985207472
4248,-0.00259234334553609
4249,-0.00379591344726332
4250,-0.00508363731945987
4251,-0.00625184698620841
4252,-0.00660743522727699
4253,-0.0061530609940542
4254,-0.00647998202765359
4255,-0.00951513601068094
4256,-0.0150129683179859
4257,-0.0200606273260106
4258,-0.0218006511570568
4259,-0.0202825823601537
4260,-0.0179526772780519
4261,-0.0166213405895726
4262,-0.0158208490142574
4263,-0.0141824862620619
4264,-0.0114536917212006
4265,-0.00857523420975707
4266,-0.00636126680983111
4267,-0.00482639918594935
4268,-0.00359718539436501
4269,-0.0023830368303882
4270,-0.00110490982753364
4271,-4.66078852182202E-05
4272,0.000234031179662184
4273,-0.000248874342521412
4274,-0.000162143332896155
4275,0.00223313244183141
4276,0.00695900406698955
4277,0.0116578829863744
4278,0.0137100149497538
4279,0.0128096985977713
4280,0.0109039560204857
4281,0.00977140819378691
4282,0.0093437360395855
4283,0.00845132792705258
4284,0.0064743058407801
4285,0.00381796108957828
4286,0.00121878960669086
4287,-0.000883401712270796
4288,-0.00245880126693816
4289,-0.00377722978367755
4290,-0.00508947063834325
4291,-0.00615953957994367
4292,-0.00641063298342146
4293,-0.00602067339811204
4294,-0.00659237354496191
4295,-0.0098382164412508
4296,-0.0153074705601269
4297,-0.0201366707493765
4298,-0.0216935354255067
4299,-0.020140761064546
4300,-0.017834790026284
4301,-0.0164881002561378
4302,-0.0156757428179411
4303,-0.0140970045087361
4304,-0.0114371796620788
4305,-0.00852459180380497
4306,-0.00620075601118529
4307,-0.00463287950383577
4308,-0.0035146753672876
4309,-0.00244581644587319
4310,-0.00121551342327625
4311,-0.000107688088922523
4312,0.000248344180791803
4313,-0.000139226684421589
4314,9.25834114156088E-05
4315,0.0026067337620314
4316,0.00725616038988353
4317,0.0116354586076451
4318,0.0133303315538633
4319,0.0123208913038384
4320,0.0106128181713687
4321,0.00974682297441455
4322,0.00938355533907034
4323,0.00833726109535136
4324,0.00620978069865703
4325,0.00359086701518186
4326,0.00117160276761105
4327,-0.000790482619411758
4328,-0.00236318228515909
4329,-0.00375531150888511
4330,-0.00511387814722498
4331,-0.00617594280278713
4332,-0.00640514728853321
4333,-0.00601121814120548
4334,-0.00658976773874467
4335,-0.00983060421745233
4336,-0.0152706906401269
4337,-0.0200592073892414
4338,-0.0216022217846804
4339,-0.0200893172057287
4340,-0.0178369558018167
4341,-0.0164706323018423
4342,-0.0155433676409984
4343,-0.0138592811292334
4344,-0.0112220989539593
4345,-0.00842482242693865
4346,-0.006137730665486
4347,-0.00443035285242556
4348,-0.00310216546188472
4349,-0.00193578486377061
4350,-0.000769267550766193
4351,0.000221351111297624
4352,0.000509628533051242
4353,9.46869417125029E-05
4354,0.000289106339279116
4355,0.00277022127472513
4356,0.00744897976184702
4357,0.0119172018338968
4358,0.0136710765670394
4359,0.0126080057250987
4360,0.0107541427375004
4361,0.00975568490558138
4362,0.00935434809220631
4363,0.00834266105152053
4364,0.00623418348214181
4365,0.0035701462776198
4366,0.00108892506586425
4367,-0.000866918397631595
4368,-0.00234386942559332
4369,-0.00361751761463905
4370,-0.00491789864111849
4371,-0.00600713232696011
4372,-0.00631557155657885
4373,-0.00600601076779188
4374,-0.00663594926048358
4375,-0.00986417837689045
4376,-0.0152187835224912
4377,-0.0198882775225341
4378,-0.0213535355364427
4379,-0.0198541623240982
4380,-0.0176865973148006
4381,-0.0164062060661225
4382,-0.0155091796348341
4383,-0.0137968728779311
4384,-0.011113698622524
4385,-0.00830099774579461
4386,-0.00606098248994274
4387,-0.00446977535832845
4388,-0.00329720412812534
4389,-0.00225467274856688
4390,-0.00110359763455843
4391,-1.31954092606707E-05
4392,0.000396998507399984
4393,2.27986516030913E-05
4394,0.000194192598244811
4395,0.00272037344804934
4396,0.00758304577801753
4397,0.0122560366158968
4398,0.0140471354440972
4399,0.012834384333519
4400,0.0108347440640871
4401,0.00986792897911088
4402,0.00962682659456425
4403,0.00870752266175859
4404,0.00651100810256959
4405,0.00364121913945467
4406,0.000965042587932566
4407,-0.00109801997761514
4408,-0.00258072528729858
4409,-0.00378862010963385
4410,-0.005024066220622
4411,-0.00611651452073914
4412,-0.00647213207604371
4413,-0.00615409084361204
4414,-0.00669456033242744
4415,-0.00987044975694465
4416,-0.015313321998842
4417,-0.0201211998826544
4418,-0.0215828628837195
4419,-0.0199147041520523
4420,-0.0176118353764161
4421,-0.0163796994967386
4422,-0.0155976267364977
4423,-0.0138444534361739
4424,-0.0109575569940756
4425,-0.00800780621830803
4426,-0.00585010185048606
4427,-0.00443027987492522
4428,-0.00329096773531082
4429,-0.00212703835197601
4430,-0.000896217702247491
4431,0.000112744805632196
4432,0.000397808777487519
4433,1.97058317543072E-05
4434,0.000267456377101953
4435,0.00276091697566673
4436,0.00743594168949247
4437,0.0119620860362436
4438,0.013825221029641
4439,0.0128020449744333
4440,0.0108449251138255
4441,0.00969139744357707
4442,0.00923545192149724
4443,0.00828659588031323
4444,0.00622158901770075
4445,0.00347744129105688
4446,0.000856072279287627
4447,-0.00116388733630679
4448,-0.00260414209511918
4449,-0.00384391150133935
4450,-0.00518482595289115
4451,-0.00632704886976598
4452,-0.00660381983081013
4453,-0.00619888442309466
4454,-0.0067975635368258
4455,-0.0101267357870698
4456,-0.0156193916329981
4457,-0.0203027745224421
4458,-0.0216167404110448
4459,-0.0199366139676845
4460,-0.0177291680054375
4461,-0.016570199849745
4462,-0.0158023791958519
4463,-0.0140710844952525
4464,-0.0112418526510756
4465,-0.00832920839261313
4466,-0.00614789828034247
4467,-0.00468297801351181
4468,-0.00353015499730992
4469,-0.00238332182902821
4470,-0.00117475697312899
4471,-0.000190708644660352
4472,7.04403111921461E-05
4473,-0.000295152821951077
4474,1.92903003161541E-05
4475,0.00257766403365277
4476,0.00724527132100665
4477,0.0117213089179664
4478,0.0136067304447146
4479,0.0127166618812764
4480,0.0108810043226827
4481,0.00969787065919122
4482,0.00910140570136917
4483,0.00808964761028899
4484,0.0061356689944548
4485,0.00355081760539958
4486,0.000953332028249987
4487,-0.00118263395571209
4488,-0.00270838529053975
4489,-0.00388247437945713
4490,-0.00507154565321295
4491,-0.00611961234946959
4492,-0.00641407131928959
4493,-0.00608556750931765
4494,-0.00675516194065318
4495,-0.0101233307649401
4496,-0.0156172818316576
4497,-0.0202806048575843
4498,-0.021601766632905
4499,-0.0199825408919791
4500,-0.0178271925818726
4501,-0.0166128533805699
4502,-0.0156866567647551
4503,-0.0138243956978826
4504,-0.0109929138913064
4505,-0.00815575290318857
4506,-0.0060084941488498
4507,-0.00450803668265643
4508,-0.00331609982602918
4509,-0.00216121779554521
4510,-0.00094415664533804
4511,5.03558760357095E-05
4512,0.000264172131551378
4513,-0.000212247079913611
4514,4.48912275829897E-05
4515,0.00270122831498495
4516,0.00753048263951827
4517,0.0120071398628161
4518,0.0136433908334014
4519,0.0124456134082295
4520,0.0105296898628493
4521,0.00956066475796869
4522,0.00924286108022434
4523,0.00829508340768252
4524,0.00615349902076243
4525,0.00334786856659413
4526,0.000704742982597885
4527,-0.00132585983755466
4528,-0.00277671213084248
4529,-0.00398953695688628
4530,-0.00522326856026289
4531,-0.00620762142766081
4532,-0.00639515089165623
4533,-0.00607029359190325
4534,-0.00685637434594033
4535,-0.0102792788664341
4536,-0.0156622055161486
4537,-0.020179561246211
4538,-0.0215120528910935
4539,-0.0200412123830728
4540,-0.0179627406657166
4541,-0.0166505602592165
4542,-0.0155947451062621
4543,-0.0137504577587463
4544,-0.0110491549456569
4545,-0.00826817968502244
4546,-0.00603279331700921
4547,-0.0044218737984703
4548,-0.00320830482554351
4549,-0.00206390627034429
4550,-0.000782116185394598
4551,0.000323616122381103
4552,0.00057615365516164
4553,5.81240949705716E-05
4554,0.000318430292709521
4555,0.00306770600327543
4556,0.00792986763436437
4557,0.0122319899048485
4558,0.0135871415905775
4559,0.012267988131572
4560,0.010494482022887
4561,0.00974900091350647
4562,0.00951414590329231
4563,0.00851352190325305
4564,0.00634139322392994
4565,0.0035783133122896
4566,0.000946035272785837
4567,-0.00116524640600101
4568,-0.00269653467979868
4569,-0.00389935554576913
4570,-0.00509169046487265
4571,-0.00610923020225512
4572,-0.00638023402610909
4573,-0.00608357322101844
4574,-0.00685324864271295
4575,-0.0103439584079169
4576,-0.0158951202756584
4577,-0.0204897800761519
4578,-0.021650293091504
4579,-0.0198844917021348
4580,-0.017669613250175
4581,-0.0164533324181613
4582,-0.0155065986735868
4583,-0.0135936608922503
4584,-0.0107559023509084
4585,-0.00801575917434438
4586,-0.00601718717020092
4587,-0.0045979605260734
4588,-0.00337368922461681
4589,-0.00216409564073096
4590,-0.000991309701032471
4591,-0.000128434099243707
4592,2.8954049553235E-05
4593,-0.000288958584982803
4594,0.000282794450774599
4595,0.00318904490807986
4596,0.008045967279886
4597,0.0123921109546198
4598,0.013931615830313
4599,0.0127589698941901
4600,0.0108876779732407
4601,0.00984492622042512
4602,0.00934981348394659
4603,0.00826794857771225
4604,0.0061225776944306
4605,0.00337055248930301
4606,0.000723769598910798
4607,-0.00136520605876618
4608,-0.00283334794187945
4609,-0.00399237078663762
4610,-0.00518489176407665
4611,-0.00620189361045104
4612,-0.00643129693009526
4613,-0.00607344106013719
4614,-0.00681152694052681
4615,-0.0103211678090017
4616,-0.0159287786537403
4617,-0.0205895674087907
4618,-0.0217853810258197
4619,-0.0199854114661731
4620,-0.0176819741773419
4621,-0.0164159777254103
4622,-0.0155522724017985
4623,-0.0138305584375515
4624,-0.0111415584473951
4625,-0.00837741526763294
4626,-0.00621768723061191
4627,-0.00466650991182537
4628,-0.00344725357712142
4629,-0.00230932560907431
4630,-0.00112576223052326
4631,-0.000140408284422884
4632,0.000113629758769362
4633,-0.000265454768493416
4634,0.000135017961812976
4635,0.00293563506733775
4636,0.00784087175592727
4637,0.0122897952058745
4638,0.0138394830505457
4639,0.0125762849678516
4640,0.01063403966047
4641,0.00961272854743941
4642,0.00916476195514205
4643,0.00805658905818214
4644,0.00582842975077875
4645,0.00305751421304562
4646,0.00052844765605927
4647,-0.00137749858540839
4648,-0.00274470031572173
4649,-0.00396238536180987
4650,-0.00531465131344274
4651,-0.00646576665230534
4652,-0.00672798816914769
4653,-0.00632652642549707
4654,-0.00701033083355379
4655,-0.0104705408592982
4656,-0.015992041222379
4657,-0.0205202483607937
4658,-0.0216187823382919
4659,-0.0198522985515716
4660,-0.0176832360687494
4661,-0.0164885547385066
4662,-0.0155078628274858
4663,-0.0135548503477794
4664,-0.010733000587686
4665,-0.00805868741411784
4666,-0.00611680139180013
4667,-0.00471062432069122
4668,-0.00346757665045534
4669,-0.00221787131149071
4670,-0.000979510110932562
4671,-6.22042962148477E-05
4672,5.39844666889981E-05
4673,-0.000420060973279932
4674,1.12398606318693E-05
4675,0.00295047014436017
4676,0.00797924775918183
4677,0.0124106587752121
4678,0.0138116672552155
4679,0.0124215869601063
4680,0.0104934157873757
4681,0.00955585013533074
4682,0.00909063732450906
4683,0.00784516444922178
4684,0.00555436641862745
4685,0.00295018312452618
4686,0.000682468911824586
4687,-0.00116764113489121
4688,-0.00276870862840138
4689,-0.00423538232675913
4690,-0.00553009321882621
4691,-0.00634011876255128
4692,-0.00632536201863426
4693,-0.00598011443091723
4694,-0.00695785951719723
4695,-0.0106433835591454
4696,-0.0161627795767357
4697,-0.0205712542383295
4698,-0.0216068123068931
4699,-0.0198594789659384
4700,-0.0177015167315342
4701,-0.0164743791826447
4702,-0.0154793558868959
4703,-0.0135683938588518
4704,-0.0107810631462197
4705,-0.00805355331119453
4706,-0.00599213993537654
4707,-0.00449742768980092
4708,-0.00324330855049408
4709,-0.00200994769901618
4710,-0.000751569085893138
4711,0.000223239662402255
4712,0.000392688489745719
4713,-7.07335041940879E-05
4714,0.000291250710025068
4715,0.00305115877753398
4716,0.00783234085682265
4717,0.0120840776638561
4718,0.0134834520072925
4719,0.0122171379951763
4720,0.0103843024881694
4721,0.00946429836309612
4722,0.00904697573473554
4723,0.00794819087924781
4724,0.00578106763003754
4725,0.00311442378158332
4726,0.000643779015127752
4727,-0.00132861220072467
4728,-0.00286564556192782
4729,-0.00422080391893103
4730,-0.00552437898542556
4731,-0.00643028621905659
4732,-0.00645382064235478
4733,-0.00607505875952862
4734,-0.00706912745136109
4735,-0.0108524326928563
4736,-0.0164125836506949
4737,-0.0207037261756332
4738,-0.0215765209572751
4739,-0.0198102774830846
4740,-0.0177843830182874
4741,-0.0166578913087218
4742,-0.0156063462267192
4743,-0.0135618052421372
4744,-0.0107185615024407
4745,-0.00804379963311225
4746,-0.00604951914085765
4747,-0.00456584695247876
4748,-0.00329114188621017
4749,-0.00205375234905521
4750,-0.000807301461319073
4751,0.000164107604387877
4752,0.000337386907065061
4753,-0.000127814676622533
4754,0.000244225075246997
4755,0.00305833270786292
4756,0.00792693073809338
4757,0.0122359972028371
4758,0.0136146032224276
4759,0.012277077417936
4760,0.010402176237915
4761,0.00952014850765303
4762,0.00919236353173812
4763,0.00815399820945146
4764,0.0059568385309932
4765,0.00318505850861972
4766,0.000621016659763276
4767,-0.00134717401159538
4768,-0.00278516812220047
4769,-0.00404998799886618
4770,-0.00538007546417352
4771,-0.00643027918345727
4772,-0.0066098791701012
4773,-0.00629922441770834
4774,-0.00726883504039651
4775,-0.0109962260791351
4776,-0.0165149443153175
4777,-0.0207857576885299
4778,-0.0216517306551578
4779,-0.0198753381270241
4780,-0.0178063134319388
4781,-0.0166000423478362
4782,-0.0154882017054665
4783,-0.013456122721629
4784,-0.0106534178111933
4785,-0.00794893955166324
4786,-0.00586401100699866
4787,-0.00437085870180171
4788,-0.00324005800697641
4789,-0.00215902322414335
4790,-0.000903176017384524
4791,0.000191567522077806
4792,0.000385177094353888
4793,-0.000205700627371434
4794,0.000120295702766558
4795,0.00312736553535883
4796,0.00824573172767341
4797,0.0125659154812477
4798,0.0137269905493773
4799,0.0122442738294145
4800,0.0104555727259506
4801,0.00969954397918698
4802,0.00930416687440883
4803,0.00807021096641141
4804,0.00578639631515446
4805,0.00307992637434661
4806,0.00054271392855013
4807,-0.00154750636239194
4808,-0.00311721860714213
4809,-0.00434444823971796
4810,-0.00549561521830059
4811,-0.0063964758094889
4812,-0.00653771288453874
4813,-0.00623395766619395
4814,-0.00718437883327826
4815,-0.0108798610051521
4816,-0.0163879113898809
4817,-0.0206550873410334
4818,-0.0215013141210901
4819,-0.0197157162350969
4820,-0.0176930586381402
4821,-0.0165784775786114
4822,-0.0155346177054712
4823,-0.01349562178429
4824,-0.0106360453105864
4825,-0.0078910603373619
4826,-0.00580283295878425
4827,-0.00429434658178359
4828,-0.00310317412075712
4829,-0.00199021102566852
4830,-0.000849705842542792
4831,-1.41036952854229E-06
4832,2.16338241131796E-05
4833,-0.000474348331762432
4834,0.000136176872961112
4835,0.00333003229182039
4836,0.00836609864667159
4837,0.0124700083326395
4838,0.0135329916507996
4839,0.0121347549455426
4840,0.0104650796620083
4841,0.0097357328711613
4842,0.00930606495787961
4843,0.00805823876431533
4844,0.00578146882482152
4845,0.00306739582978189
4846,0.000538877846257373
4847,-0.00146327428362041
4848,-0.00288683337538919
4849,-0.00401970234357625
4850,-0.00520121016779246
4851,-0.00621355898821629
4852,-0.00644719830534591
4853,-0.00616185981570649
4854,-0.00707635944336818
4855,-0.0107372316700639
4856,-0.0162572834250029
4857,-0.020587063561766
4858,-0.0215008283543409
4859,-0.0197294851167043
4860,-0.0176616351007431
4861,-0.016505389068947
4862,-0.0154945061204136
4863,-0.0135699376444582
4864,-0.0108463519907834
4865,-0.00819062343100778
4866,-0.00611990191118512
4867,-0.00458021503582814
4868,-0.00334785712546124
4869,-0.00219680207851862
4870,-0.000999471871795545
4871,-6.32647039263128E-05
4872,3.52841687998011E-05
4873,-0.000459092407918012
4874,0.000100128492934009
4875,0.00330359546783408
4876,0.00847338258708358
4877,0.0127290399611714
4878,0.0137921982678848
4879,0.0122337854063124
4880,0.0104243800163409
4881,0.00971090540870323
4882,0.00935947922648508
4883,0.0080646715298199
4884,0.00560224186673786
4885,0.00274811566975296
4886,0.000256620458727821
4887,-0.00162248326680353
4888,-0.00301417385557498
4889,-0.00423330467852203
4890,-0.00548024556424367
4891,-0.00643162955227787
4892,-0.00654089698075854
4893,-0.00621662596136827
4894,-0.00724346556693895
4895,-0.0110926479841392
4896,-0.0167408664503794
4897,-0.0210537176290419
4898,-0.0218251566657703
4899,-0.0198843818972164
4900,-0.0177157360393848
4901,-0.0165435034516681
4902,-0.0155330926019534
4903,-0.0135514840750518
4904,-0.010715274707261
4905,-0.00796753156601406
4906,-0.00589922228954087
4907,-0.00446285744397866
4908,-0.00337402530022194
4909,-0.00232410813644809
4910,-0.00112760315506733
4911,-9.00314758688389E-05
4912,0.000146198008458341
4913,-0.000276419734240422
4914,0.000226352096730465
4915,0.00328466591130643
4916,0.00833587885766059
4917,0.0125843414204916
4918,0.0137247841568287
4919,0.0122219672840839
4920,0.0103732751014447
4921,0.00955812621619544
4922,0.00914459658616358
4923,0.00790234539206728
4924,0.00559314770272236
4925,0.00290353863021781
4926,0.000487088268439452
4927,-0.0014472871632811
4928,-0.00296715562817975
4929,-0.00426775374168993
4930,-0.00547372239963268
4931,-0.00631719450201356
4932,-0.00639540365224516
4933,-0.00618995637535522
4934,-0.0073846170142382
4935,-0.0112692515593784
4936,-0.0167653554380676
4937,-0.020888419558497
4938,-0.0216279068875778
4939,-0.0198343339321553
4940,-0.0178187330896352
4941,-0.016638429417382
4942,-0.015477882748959
4943,-0.0133611570950246
4944,-0.0105092658933539
4945,-0.00782346943828584
4946,-0.00579510797530662
4947,-0.00433697440214445
4948,-0.00319221121866625
4949,-0.00209136369305501
4950,-0.000888114323423324
4951,6.67718922722178E-05
4952,0.000139824361912737
4953,-0.000405802605660243
4954,0.000150838836826975
4955,0.00339853121079018
4956,0.00853809670204046
4957,0.0126069585621998
4958,0.01344395258386
4959,0.01183645998332
4960,0.0101988032127011
4961,0.00966889609293773
4962,0.00929943934680072
4963,0.00783474763361007
4964,0.00530112503688483
4965,0.00261390887528506
4966,0.000386298022831041
4967,-0.00138716829815323
4968,-0.00291677391605442
4969,-0.00435610943092186
4970,-0.00568481644085351
4971,-0.0065278946773389
4972,-0.00649364055107681
4973,-0.00617212278476803
4974,-0.00734915586273162
4975,-0.0113072034117742
4976,-0.016857927721307
4977,-0.0209278686997617
4978,-0.0215387266695786
4979,-0.0196513528517388
4980,-0.0176424368068974
4981,-0.0165419631422897
4982,-0.0154711388245482
4983,-0.0134166790736097
4984,-0.0105874394176458
4985,-0.00788055225908568
4986,-0.00579804680202933
4987,-0.00428444838269593
4988,-0.00311332342982749
4989,-0.00202154781835368
4990,-0.000844930547747742
4991,0.000102226150973294
4992,0.000231257893993995
4993,-0.000182481764215263
4994,0.000517628986211315
4995,0.00381952827636854
4996,0.00890072929924282
4997,0.0128859614695597
4998,0.0136889318208383
4999,0.0120505031981348
5000,0.0103072823462454
5001,0.00965569550691316
5002,0.00930279020146803
5003,0.00800601151954302
5004,0.00558350795276888
5005,0.00277113105716174
5006,0.000285922181532548
5007,-0.00160889042889255
5008,-0.00303664000993097
5009,-0.00433792302777915
5010,-0.00567594595568506
5011,-0.0066203614786484
5012,-0.00660963144104025
5013,-0.006209202237635
5014,-0.0073362198648127
5015,-0.0113492333559784
5016,-0.0169873922797754
5017,-0.0210834684195162
5018,-0.0216538235904627
5019,-0.019687941568261
5020,-0.0175583943195233
5021,-0.01631815026583
5022,-0.0151946960536912
5023,-0.0132604089790388
5024,-0.0106515091792322
5025,-0.00808744386953871
5026,-0.00598973502264566
5027,-0.00439759928707665
5028,-0.00321452894072482
5029,-0.00219003105129658
5030,-0.00107948031752047
5031,-0.000146477281074827
5032,-2.43750340349932E-06
5033,-0.00041504974508904
5034,0.000255416897716854
5035,0.00350654398354002
5036,0.00854891411954733
5037,0.0125575620024883
5038,0.0134665437210383
5039,0.0119556439576301
5040,0.0102567100749893
5041,0.00953320185812064
5042,0.00908173467116312
5043,0.00777497448973908
5044,0.00543795294550683
5045,0.00270389510418995
5046,0.000212349603217156
5047,-0.00172682945816755
5048,-0.00312781701498209
5049,-0.00430352920294881
5050,-0.00551717894716732
5051,-0.00645747474793811
5052,-0.00656787668918145
5053,-0.00630131516874938
5054,-0.00746286124477747
5055,-0.0113935956543463
5056,-0.0168901975870041
5057,-0.0208517321125908
5058,-0.0213533525869312
5059,-0.0194434505976246
5060,-0.0175060000917099
5061,-0.0164893231289515
5062,-0.0154424441808153
5063,-0.0133525272457113
5064,-0.0104718748490365
5065,-0.0077376382502122
5066,-0.0056799002739116
5067,-0.00425304080804502
5068,-0.00319723438091005
5069,-0.00217960133672014
5070,-0.000994971992003938
5071,8.75445867533819E-07
5072,0.000133563783766371
5073,-0.000353377979940008
5074,0.000263697218384479
5075,0.00356927260995998
5076,0.00875532308845463
5077,0.0128569324429094
5078,0.0136975007574871
5079,0.0120333857272778
5080,0.0102868298765297
5081,0.00966865966431589
5082,0.0092889415559657
5083,0.00784956368133225
5084,0.00529805205728491
5085,0.00257013923424158
5086,0.000381928044101381
5087,-0.00125642990425732
5088,-0.00268271913007971
5089,-0.00414918127478829
5090,-0.00556198756765172
5091,-0.00642357672678435
5092,-0.00637500156507173
5093,-0.00614253387592923
5094,-0.00750450211495307
5095,-0.01154287603568
5096,-0.0169387082235699
5097,-0.0207591177328744
5098,-0.021267573775584
5099,-0.0194575634509882
5100,-0.0175136732544679
5101,-0.0163341122744674
5102,-0.0151421519807617
5103,-0.0130993257175705
5104,-0.0104229111207117
5105,-0.00786000748918783
5106,-0.00581080254401293
5107,-0.00426768391178588
5108,-0.00309475986030124
5109,-0.00203495515060735
5110,-0.000868258931194086
5111,0.000107641784413896
5112,0.000259821894747126
5113,-0.0001729723387039
5114,0.000480884705927393
5115,0.00374196772858595
5116,0.00879491470969903
5117,0.0127582054349059
5118,0.0135579566090973
5119,0.0119525408851429
5120,0.0102561676406827
5121,0.00960287665407804
5122,0.00916255767371146
5123,0.00774009606596949
5124,0.00526199812591621
5125,0.00254001650054762
5126,0.000262672511620821
5127,-0.0014207667088494
5128,-0.00273830285547466
5129,-0.00404405880025944
5130,-0.00543367867009332
5131,-0.00642138386256735
5132,-0.00646992013881728
5133,-0.00619722811549971
5134,-0.00748290315510955
5135,-0.0115404117630113
5136,-0.0170084513934354
5137,-0.0208235067462893
5138,-0.0212512624394579
5139,-0.0194169250219946
5140,-0.0175494327500535
5141,-0.0164195931205551
5142,-0.0151325477672712
5143,-0.0129132517420108
5144,-0.0101410580731962
5145,-0.00762259771112991
5146,-0.00567082689160935
5147,-0.00417892838608917
5148,-0.00300686864641165
5149,-0.00195974321159899
5150,-0.000865359013589047
5151,-1.77736588815602E-05
5152,3.20764543046339E-06
5153,-0.000485725603485325
5154,0.000232382494250654
5155,0.00363355859618944
5156,0.00879150212813941
5157,0.0127546542565214
5158,0.0134911387245829
5159,0.0118547601453315
5160,0.0101928300122503
5161,0.00958421684580353
5162,0.00914539010082076
5163,0.00770637426123858
5164,0.00525264862698136
5165,0.00258464046101108
5166,0.000297582150572297
5167,-0.0015171243811769
5168,-0.00300978532306488
5169,-0.00438481194485326
5170,-0.00568092587807232
5171,-0.00650733626680791
5172,-0.006454105761222
5173,-0.00616823157120135
5174,-0.00748492708250728
5175,-0.0116028052896493
5176,-0.017169096245687
5177,-0.0210565298448024
5178,-0.0214159405616529
5179,-0.019379907694889
5180,-0.0173693567717204
5181,-0.0163169367742852
5182,-0.0152234875190683
5183,-0.0130476867111276
5184,-0.0100910477162856
5185,-0.00738558630626259
5186,-0.00546942337433779
5187,-0.00415359954199262
5188,-0.00303728740272509
5189,-0.00186287036789084
5190,-0.000671135306320423
5191,8.23794092222035E-05
5192,-5.06209519273613E-05
5193,-0.0005238309081724
5194,0.000372409365416093
5195,0.0038817081660277
5196,0.00894051567719012
5197,0.0127173728815749
5198,0.0133722754506394
5199,0.0117996316978891
5200,0.0102634198003352
5201,0.00978054603935566
5202,0.00943897298501136
5203,0.00800712428435055
5204,0.00542720638359069
5205,0.00258592602923721
5206,0.000236772617589064
5207,-0.00149615201285623
5208,-0.00289796513889398
5209,-0.00427646459028356
5210,-0.00559978014049916
5211,-0.00636885878805463
5212,-0.00622585160877054
5213,-0.00596639357023454
5214,-0.00743458656512511
5215,-0.0116613839054401
5216,-0.0171827279140628
5217,-0.0209713633801366
5218,-0.0213347815386166
5219,-0.0193921597495057
5220,-0.0174208407237787
5221,-0.0163117981476356
5222,-0.0151907369353974
5223,-0.0131085612957206
5224,-0.0102685450964871
5225,-0.00754103156611583
5226,-0.00547099933306011
5227,-0.00404510817609967
5228,-0.00296918490367692
5229,-0.00187965097442395
5230,-0.000647128115164658
5231,0.000274657273811452
5232,0.000273153734884408
5233,-0.000211900984260348
5234,0.000613576917600292
5235,0.00413785108764822
5236,0.00930263520270556
5237,0.0131465075836103
5238,0.0137407536401788
5239,0.0120250204590061
5240,0.0103509250376257
5241,0.00975965658506164
5242,0.00933041926699425
5243,0.00786136854879175
5244,0.00532894017207118
5245,0.0025768781057446
5246,0.000267969432432492
5247,-0.00149362279201588
5248,-0.00292022935143481
5249,-0.00427150991289655
5250,-0.00556839874651386
5251,-0.00638141465213293
5252,-0.0063263428664774
5253,-0.00610723724514437
5254,-0.00753265547573151
5255,-0.0116858997298246
5256,-0.0171621847562488
5257,-0.0209443771533127
5258,-0.0213274946392889
5259,-0.01941797684117
5260,-0.0174573815470853
5261,-0.0162926127645794
5262,-0.0150723119789465
5263,-0.0129502986441451
5264,-0.0101966327223421
5265,-0.00761344126734015
5266,-0.00561784506600923
5267,-0.0041676809070364
5268,-0.00305859039604522
5269,-0.0019973709539272
5270,-0.00081651629340589
5271,0.000103790314079476
5272,0.000155724133997446
5273,-0.000272651448032749
5274,0.000579645915838332
5275,0.00410210620110962
5276,0.00924175392825627
5277,0.0130513389601784
5278,0.013641978286732
5279,0.0119735721397958
5280,0.0103434375883259
5281,0.00971257197301543
5282,0.00916426617324873
5283,0.00758972228544338
5284,0.00502336079001293
5285,0.0022657495830934
5286,-7.28391434970736E-05
5287,-0.00185287142547752
5288,-0.00322306678685117
5289,-0.0044669918751788
5290,-0.00569217044721774
5291,-0.00649141367672755
5292,-0.00642080331463376
5293,-0.00616172221122897
5294,-0.00758332107285455
5295,-0.0117941259694216
5296,-0.0172916359064072
5297,-0.020952536605663
5298,-0.0211224824421043
5299,-0.0190778714463979
5300,-0.017148250459216
5301,-0.0161022191909149
5302,-0.0149754194094842
5303,-0.0129093515152941
5304,-0.010216226365873
5305,-0.00767776846159151
5306,-0.00564337910121195
5307,-0.00407687318074695
5308,-0.00288121514935064
5309,-0.00184864166347847
5310,-0.000770906879391995
5311,8.59360846592691E-05
5312,0.000169966584751161
5313,-0.000179774646686705
5314,0.000714389677365246
5315,0.00420778056018523
5316,0.00927629455734235
5317,0.0130240404289906
5318,0.0135914426548999
5319,0.0119283445142306
5320,0.010301676374817
5321,0.00966356742364089
5322,0.00912868426012557
5323,0.00761944473549392
5324,0.0051478209716224
5325,0.00245007325658431
5326,0.00010479155802656
5327,-0.00171449158454488
5328,-0.00311370065189894
5329,-0.00438457592827332
5330,-0.00566186005068824
5331,-0.00651599751054103
5332,-0.00644857601613358
5333,-0.0061434212552017
5334,-0.00754501041639384
5335,-0.0118112863851992
5336,-0.0173939582828554
5337,-0.0210975206474385
5338,-0.0212714410107492
5339,-0.0192470111847807
5340,-0.0173496196963022
5341,-0.0162715929069952
5342,-0.0150182152318484
5343,-0.0128184455098255
5344,-0.0100965548817761
5345,-0.00763429626446027
5346,-0.0056735423103419
5347,-0.00409378502877461
5348,-0.00282440406471238
5349,-0.00175268296392561
5350,-0.000737699051382804
5351,-3.41581790470931E-05
5352,-0.000111582372926254
5353,-0.000520556816703421
5354,0.000481394748874034
5355,0.00419640468438868
5356,0.00943944686316865
5357,0.013173128037691
5358,0.0135558176631477
5359,0.0117089881991203
5360,0.0100543049638937
5361,0.00952364872921916
5362,0.00907350839280906
5363,0.00752478808823141
5364,0.0049596590854919
5365,0.00224997845540898
5366,-7.02568407924124E-06
5367,-0.00174433235497772
5368,-0.00313372033448446
5369,-0.00440314769023803
5370,-0.00561446889931919
5371,-0.0063919478801783
5372,-0.00634690084777224
5373,-0.00615668318295869
5374,-0.00764320698295226
5375,-0.0119011464889062
5376,-0.017453610370548
5377,-0.0211768935583518
5378,-0.0213793446902012
5379,-0.019329278528264
5380,-0.0173920910351259
5381,-0.0163332791019812
5382,-0.015112578888852
5383,-0.0128409398855998
5384,-0.00995546204419941
5385,-0.00741641881451185
5386,-0.0055805915986257
5387,-0.0042041266448639
5388,-0.00298899583951612
5389,-0.00174902804964983
5390,-0.000469656600835624
5391,0.000441999818966448
5392,0.000461471417733414
5393,3.85557995565131E-05
5394,0.000914682238731818
5395,0.00442831090836679
5396,0.00949841226993445
5397,0.013176338033913
5398,0.0135942860838199
5399,0.0117684639427093
5400,0.0100727630015149
5401,0.00950391362212898
5402,0.00909835092901953
5403,0.00765696278782283
5404,0.00516372898817243
5405,0.00243951655873067
5406,0.000136533733449549
5407,-0.0016051554348863
5408,-0.00297440270564345
5409,-0.00427814787231842
5410,-0.00559306597096033
5411,-0.0064619459830649
5412,-0.00643773872840547
5413,-0.00625146285871746
5414,-0.00779945144759451
5415,-0.0121328362964904
5416,-0.0176536688666402
5417,-0.0212160865660409
5418,-0.021250216814099
5419,-0.0191289279371067
5420,-0.017184281412272
5421,-0.0161086143305913
5422,-0.0148899097385062
5423,-0.0127137813895058
5424,-0.00998167406669273
5425,-0.00752154926263582
5426,-0.00564395797363072
5427,-0.00421500825128515
5428,-0.0030536983166658
5429,-0.00195477423319109
5430,-0.000801457909715326
5431,6.00912466102167E-05
5432,0.000115231091416387
5433,-0.000183266182743207
5434,0.000862118461364701
5435,0.00445783649622886
5436,0.00942387904926934
5437,0.0129150005617564
5438,0.0132999724050044
5439,0.011676017615535
5440,0.0102162093448209
5441,0.00967518699964851
5442,0.00910195398794316
5443,0.00751804988663967
5444,0.00502954518381344
5445,0.00234645996954073
5446,-2.78069733874424E-05
5447,-0.0019245731394436
5448,-0.00337892315336134
5449,-0.00462155310475876
5450,-0.00579463745876571
5451,-0.00653797239128551
5452,-0.00644169653634605
5453,-0.00623259864798468
5454,-0.00779432253005979
5455,-0.0121455679120405
5456,-0.0176531724344103
5457,-0.0211990952367166
5458,-0.0213009123850051
5459,-0.0193555074454723
5460,-0.0175729677173597
5461,-0.01648831435286
5462,-0.0150828001072134
5463,-0.012696402876666
5464,-0.00986247637919319
5465,-0.0073937877632924
5466,-0.00552151692213914
5467,-0.00409937317460984
5468,-0.00298019831240233
5469,-0.00193773202251666
5470,-0.00079773278890337
5471,6.99802314818143E-05
5472,4.69914979459075E-05
5473,-0.000431411564882683
5474,0.000490484373450538
5475,0.0041884303027656
5476,0.0094301371259955
5477,0.0131167788608365
5478,0.0134404282305319
5479,0.011595431336454
5480,0.01000132109337
5481,0.00952259230368483
5482,0.00908236778930203
5483,0.00752509670598898
5484,0.00494930120978338
5485,0.00221602787075493
5486,-6.96375461493255E-05
5487,-0.00181855533925569
5488,-0.00322020594683119
5489,-0.00453840502207716
5490,-0.00579939095379121
5491,-0.00654582330306321
5492,-0.00641602132824898
5493,-0.00624261508481744
5494,-0.00790204970609289
5495,-0.012287073337909
5496,-0.0176884583445297
5497,-0.0210657977704445
5498,-0.0210671851377832
5499,-0.0191191168071687
5500,-0.0173603656543256
5501,-0.0162772427241868
5502,-0.0148802028846236
5503,-0.0125463590167854
5504,-0.00978823817974094
5505,-0.00736897992477043
5506,-0.00549885258098737
5507,-0.00404360944392159
5508,-0.00287952607893666
5509,-0.001814588769698
5510,-0.000705739460648265
5511,0.000100865255333588
5512,7.24863741986903E-05
5513,-0.000307193896361537
5514,0.000736619115674898
5515,0.00444262954913791
5516,0.0095596267832032
5517,0.0131203189106002
5518,0.0134249055469618
5519,0.0116145168388303
5520,0.00999370754197765
5521,0.00943675154403876
5522,0.00898537263406923
5523,0.00751632075385354
5524,0.00500477229078019
5525,0.00220874338676244
5526,-0.000192461760241737
5527,-0.0019631637875867
5528,-0.00328597159181981
5529,-0.00455810138733184
5530,-0.00587494487635541
5531,-0.00668651710982588
5532,-0.00652404815431271
5533,-0.00625679459085297
5534,-0.00787519280826734
5535,-0.0122884785103041
5536,-0.0176914094834357
5537,-0.0209923731035507
5538,-0.020918163580971
5539,-0.0189941615897664
5540,-0.0173392651132996
5541,-0.0163271792957221
5542,-0.0149085987129519
5543,-0.0125184130110733
5544,-0.00975457064831893
5545,-0.00738122377071925
5546,-0.00553606982952214
5547,-0.00404681479943591
5548,-0.00284090804061721
5549,-0.00179307656155945
5550,-0.000742380538156953
5551,5.1828067668052E-05
5552,9.86005282323169E-05
5553,-0.000174084197061344
5554,0.000934011052744082
5555,0.00465455006204832
5556,0.00976995529415221
5557,0.0133209666673224
5558,0.0136134380031851
5559,0.0118458951294398
5560,0.0103654776220099
5561,0.00994935487167047
5562,0.00946135361470647
5563,0.00776262680308617
5564,0.00505958318138277
5565,0.00232321509313889
5566,0.000141149623868016
5567,-0.0015361739109414
5568,-0.00299185984920506
5569,-0.00442309536645879
5570,-0.00572339182958062
5571,-0.00640763897347896
5572,-0.00620854311984117
5573,-0.00604148524774029
5574,-0.00776895317476352
5575,-0.0122255786468398
5576,-0.0176739623610468
5577,-0.0210736850562393
5578,-0.021073803430791
5579,-0.0191131180888917
5580,-0.017357859368678
5581,-0.0162934926622493
5582,-0.0148819798673655
5583,-0.012470517881739
5584,-0.00962358412371546
5585,-0.00718317184351436
5586,-0.00535198400068052
5587,-0.00390045564925256
5588,-0.0026506380137158
5589,-0.0014768466882796
5590,-0.000340657283693807
5591,0.000398109734169824
5592,0.000289939703368669
5593,-0.000109202134366696
5594,0.000960260978115971
5595,0.00466247481907791
5596,0.00968881962609394
5597,0.0130871536741014
5598,0.0132532953488809
5599,0.0114455062611632
5600,0.00999266271952122
5601,0.00963523343182713
5602,0.00922520049123884
5603,0.00759805956587979
5604,0.00490510666288347
5605,0.00211561738025955
5606,-8.07454794873983E-05
5607,-0.00164322313690643
5608,-0.00292794328912356
5609,-0.00430906441695119
5610,-0.00573520301148328
5611,-0.00658132037181196
5612,-0.00644398838364923
5613,-0.00628511093212366
5614,-0.00808490613475624
5615,-0.012643677829586
5616,-0.0180589407515243
5617,-0.0212397684685864
5618,-0.0209975307220479
5619,-0.018947475032325
5620,-0.0172430941838463
5621,-0.0162380842498176
5622,-0.0148434705529595
5623,-0.0124612407645092
5624,-0.00967318138552576
5625,-0.00725544678758439
5626,-0.0053870311403813
5627,-0.00392949585289851
5628,-0.00278915630698121
5629,-0.00178036404705895
5630,-0.000722289750681427
5631,7.13463642337801E-05
5632,6.0073357673412E-05
5633,-0.000284974113213584
5634,0.000827537156555639
5635,0.00463647729164262
5636,0.00981728256976157
5637,0.0133143542973541
5638,0.0134612941205901
5639,0.0115644378149686
5640,0.0100336311601132
5641,0.00962231356501943
5642,0.00914537032008372
5643,0.00744718062881324
5644,0.00474899632105531
5645,0.0020472554233344
5646,-5.51529103511149E-05
5647,-0.00163223787027451
5648,-0.00303063001127159
5649,-0.00448218484454282
5650,-0.00582791373131231
5651,-0.00650656550945092
5652,-0.0062731698315752
5653,-0.00614880800282079
5654,-0.00801605226168745
5655,-0.0125663211565204
5656,-0.0179209709906766
5657,-0.0211004618270869
5658,-0.0209601769691497
5659,-0.0190411461426446
5660,-0.0174055719829864
5661,-0.016392111874786
5662,-0.0149482484606769
5663,-0.0124966698028165
5664,-0.00962522079959199
5665,-0.00714123943957589
5666,-0.00526443156123699
5667,-0.00385114698580293
5668,-0.00275910657825576
5669,-0.00177541385589095
5670,-0.000738136722369065
5671,2.68721767049307E-05
5672,7.55493031702479E-06
5673,-0.000306203581356826
5674,0.000836319128377721
5675,0.00462155505197975
5676,0.0097416832437924
5677,0.0132107690977635
5678,0.0133848408401514
5679,0.0115140894284226
5680,0.00996361063244195
5681,0.00952893717301481
5682,0.00909399193521329
5683,0.00748547622643081
5684,0.00481832942321086
5685,0.00201753498231458
5686,-0.000259505669178745
5687,-0.00195745399966801
5688,-0.00334959383070605
5689,-0.00471412029542056
5690,-0.00599823715023313
5691,-0.00669515024041854
5692,-0.00651519334343705
5693,-0.0063994978642467
5694,-0.00821638899619213
5695,-0.0127229619585809
5696,-0.0180888272317137
5697,-0.0212842489134717
5698,-0.021075452465987
5699,-0.0190072373231545
5700,-0.0172536685103445
5701,-0.0162362164171008
5702,-0.0148578972871596
5703,-0.0124562726974835
5704,-0.00962991689296119
5705,-0.0072562310866302
5706,-0.00551794995135295
5707,-0.00410534014433954
5708,-0.00279188534962912
5709,-0.00152959432010868
5710,-0.000419662118543622
5711,0.000170273161752326
5712,-1.91770347064594E-05
5713,-0.000249026331208121
5714,0.00116889954719704
5715,0.00511970584979503
5716,0.0101190717287135
5717,0.0133275797218191
5718,0.0133747280306452
5719,0.0115914712297107
5720,0.0101858929425908
5721,0.00979195280515324
5722,0.00929893043254813
5723,0.00762107685151442
5724,0.00489422912476307
5725,0.00202110703202643
5726,-0.000293318434133688
5727,-0.0019113348573199
5728,-0.00314326849364339
5729,-0.00442867487607272
5730,-0.00579479714414407
5731,-0.0066124454937912
5732,-0.00643702811787478
5733,-0.0062480423059008
5734,-0.00808379038195599
5735,-0.0127391095518135
5736,-0.0182267804008336
5737,-0.0214037538604685
5738,-0.0211354908647672
5739,-0.0191184038284361
5740,-0.0174969293731347
5741,-0.0165369119454211
5742,-0.0151045166916757
5743,-0.0126583592781514
5744,-0.0098581103316376
5745,-0.00747632221111476
5746,-0.00561629074731506
5747,-0.00409062481185018
5748,-0.00284368898753937
5749,-0.00176764823853636
5750,-0.000711139846615932
5751,5.5165174928432E-05
5752,4.40394657736803E-05
5753,-0.000273142015106589
5754,0.000860024948179502
5755,0.00467682696792726
5756,0.00987797440346833
5757,0.0133907235566119
5758,0.0134695485510444
5759,0.0113902918773943
5760,0.00967904635607929
5761,0.00925319290344893
5762,0.00892574384429371
5763,0.00734556994557733
5764,0.00458586442431237
5765,0.00174340378722874
5766,-0.000363701967485796
5767,-0.00177720557972339
5768,-0.00303897634530116
5769,-0.00452998590188597
5770,-0.00599632244918415
5771,-0.00669417756625038
5772,-0.00638059086871209
5773,-0.00625452770044124
5774,-0.0082844625342169
5775,-0.0130155289265654
5776,-0.0183648539809475
5777,-0.0213309928960663
5778,-0.0209352900489068
5779,-0.0188836389738985
5780,-0.0172717407525388
5781,-0.0163717271863522
5782,-0.0150500551307218
5783,-0.0126783886772464
5784,-0.00983874846098669
5785,-0.00737517448845377
5786,-0.00553623896308575
5787,-0.00413837161541432
5788,-0.00296586712048252
5789,-0.00182322392447406
5790,-0.000691436913322177
5791,-8.69622667660759E-06
5792,-0.000200827096685684
5793,-0.000565991399458243
5794,0.000725798541240254
5795,0.00470068591582071
5796,0.00985180705138089
5797,0.0131992381170029
5798,0.013272862398694
5799,0.0114187679862523
5800,0.0099208315736401
5801,0.00946942759769059
5802,0.00896681299450041
5803,0.00731620550710793
5804,0.00464037981297816
5805,0.00183111103372875
5806,-0.000426552995338646
5807,-0.00202224417069207
5808,-0.00326753912546499
5809,-0.00454828271599804
5810,-0.0058345320621582
5811,-0.00654006540598468
5812,-0.00636641044933766
5813,-0.00637282666540281
5814,-0.00845734915005343
5815,-0.0131599373929129
5816,-0.0184149426195858
5817,-0.0212918318967189
5818,-0.0209249087886533
5819,-0.0190370215295056
5820,-0.017562936215383
5821,-0.0165934747632769
5822,-0.0150240498373507
5823,-0.0124474080914697
5824,-0.00959934388451013
5825,-0.0072545225386192
5826,-0.00550005339916566
5827,-0.00409984581647229
5828,-0.00290385328135129
5829,-0.00176713746888601
5830,-0.000646848193077443
5831,6.30037527239838E-05
5832,-4.81307349246175E-05
5833,-0.000294665682364154
5834,0.00109415293685842
5835,0.00504417224356648
5836,0.0100002145439161
5837,0.0130968486813621
5838,0.0130805594977631
5839,0.0113863045154667
5840,0.0101333242520644
5841,0.00976725256077474
5842,0.00913985878817686
5843,0.00733265837662085
5844,0.00464028300626778
5845,0.00192830275308896
5846,-0.000270030324706627
5847,-0.00192654002023849
5848,-0.00329940948180331
5849,-0.0046799305075008
5850,-0.00598920187138629
5851,-0.00663702420181736
5852,-0.00635155634967113
5853,-0.00626715725312007
5854,-0.00838171707683187
5855,-0.0132553930083568
5856,-0.0186955208317341
5857,-0.0215925872988276
5858,-0.0210320924220311
5859,-0.0188763079651161
5860,-0.0172467804616717
5861,-0.0162947307087309
5862,-0.0148320152040801
5863,-0.0123469481987297
5864,-0.00954269029609755
5865,-0.00720976552971094
5866,-0.00543923775505091
5867,-0.0039862131575606
5868,-0.00271281005681723
5869,-0.00150510277369729
5870,-0.000339258689767204
5871,0.000382679745295422
5872,0.000230802125766904
5873,-0.00011603523855888
5874,0.00117440393588357
5875,0.00512878867983831
5876,0.0101952942249053
5877,0.0133466763671861
5878,0.0131580822351815
5879,0.0111201804621894
5880,0.0096301555651355
5881,0.0093304841282374
5882,0.00895190630441979
5883,0.00728806670471515
5884,0.00453681925288672
5885,0.00174944301447354
5886,-0.000357924395864106
5887,-0.00182835928379291
5888,-0.00312405720070354
5889,-0.00458476096977479
5890,-0.00599093200251106
5891,-0.00665144373794317
5892,-0.00634990967623037
5893,-0.00628420786651994
5894,-0.00839304917374073
5895,-0.0131692753776978
5896,-0.0185003004272144
5897,-0.0214158765553509
5898,-0.020991537267438
5899,-0.0189377456903598
5900,-0.0173036334299945
5901,-0.0163348044017857
5902,-0.0149272298403488
5903,-0.012493467211962
5904,-0.00962045974394924
5905,-0.00713739396613183
5906,-0.00529499593130683
5907,-0.00392403515810297
5908,-0.00281053968465468
5909,-0.00174660445137899
5910,-0.000695151815886563
5911,-5.9432799436705E-05
5912,-0.000214359419034934
5913,-0.000439700651625707
5914,0.0010277339807432
5915,0.00508492212680228
5916,0.0101327479981036
5917,0.0132216270801886
5918,0.0130236544950208
5919,0.0110366745426889
5920,0.0095863949579944
5921,0.00926479584241191
5922,0.00883271127668157
5923,0.00714664257760162
5924,0.00440021331132093
5925,0.0015591441593367
5926,-0.000704795814669761
5927,-0.00232496336625689
5928,-0.00358715976781574
5929,-0.00481505723753323
5930,-0.00599651386678062
5931,-0.0066402667224385
5932,-0.00648159140575131
5933,-0.00650202123094111
5934,-0.0085432323070008
5935,-0.013209126107305
5936,-0.0185019965820674
5937,-0.0214121106630298
5938,-0.0209317129816204
5939,-0.0188013259181245
5940,-0.0171470148501662
5941,-0.0161855806661684
5942,-0.0147255303488599
5943,-0.0122111661659195
5944,-0.00936820506317731
5945,-0.00705354201108999
5946,-0.00535498034103301
5947,-0.00395961514519338
5948,-0.00272063850183897
5949,-0.00159553606131165
5950,-0.000575021199326219
5951,4.95355823325275E-05
5952,-5.37559880946102E-05
5953,-0.000264100294700261
5954,0.00111678421970697
5955,0.00509425374191578
5956,0.0102190946545293
5957,0.0135111239764103
5958,0.0134474710212257
5959,0.0114118559882721
5960,0.00983790517319152
5961,0.00949369084477108
5962,0.00915423645304239
5963,0.00753900297919621
5964,0.00477681396158252
5965,0.00193616935897433
5966,-0.000231366629352805
5967,-0.0017942438461187
5968,-0.00324399806959966
5969,-0.00484905293341638
5970,-0.00625706786779152
5971,-0.00675518927838307
5972,-0.00628871348123302
5973,-0.00623752004239374
5974,-0.0085223764841345
5975,-0.0134253606733849
5976,-0.0186759358798668
5977,-0.0213830300519423
5978,-0.020829639203644
5979,-0.0188060994600425
5980,-0.0172430465027737
5981,-0.0162554915065425
5982,-0.0147712293969654
5983,-0.0123340520008706
5984,-0.00957416272296244
5985,-0.00722496334148076
5986,-0.0054234575803575
5987,-0.00397565950435178
5988,-0.00271722200646867
5989,-0.00150967828229478
5990,-0.000383665078575789
5991,0.000222730824388994
5992,-1.70405928272808E-05
5993,-0.000279285789255273
5994,0.00123592749959104
5995,0.00534395787663035
5996,0.0103663763593944
5997,0.013403192435945
5998,0.0132320943388969
5999,0.0113385479206105
6000,0.0099148844534153
6001,0.00948244002967097
6002,0.00889210005248231
6003,0.00713353811796258
6004,0.00443987824265896
6005,0.00174172719166593
6006,-0.000336719369042048
6007,-0.00181917339001581
6008,-0.00312414001586991
6009,-0.00459309398044511
6010,-0.0060078085764998
6011,-0.00664803381102147
6012,-0.00630902295097419
6013,-0.00627437660833418
6014,-0.00851926285946644
6015,-0.0134046013613722
6016,-0.0186321394567694
6017,-0.02123956572596
6018,-0.0205349805844329
6019,-0.0184238828924935
6020,-0.0169025062111141
6021,-0.016036406060795
6022,-0.0146664040054288
6023,-0.0122942285679187
6024,-0.00954229144710229
6025,-0.00714662397692465
6026,-0.0052867660844954
6027,-0.00384968831656605
6028,-0.00269274551871676
6029,-0.00157729307527037
6030,-0.000422591308745595
6031,0.000295116810023828
6032,9.72355629259607E-05
6033,-0.000253194225097412
6034,0.00114969505158957
6035,0.00522155501307856
6036,0.0102307498949717
6037,0.0131873848392475
6038,0.0129365202250206
6039,0.0111233005979137
6040,0.00994085398823633
6041,0.00970771296188128
6042,0.00912737675297983
6043,0.00727774828653526
6044,0.00454493345071894
6045,0.00183012105383353
6046,-0.000382625747863874
6047,-0.00209007121558288
6048,-0.00348611347198136
6049,-0.00478631642959884
6050,-0.00593663602200262
6051,-0.00646920156211093
6052,-0.00621361702934283
6053,-0.00628086430365343
6054,-0.00853494761870066
6055,-0.0134073502963906
6056,-0.0186925843939901
6057,-0.0213914780466025
6058,-0.020722583250358
6059,-0.0185930689020278
6060,-0.0170643424673033
6061,-0.0161966846814232
6062,-0.0147537265706656
6063,-0.0122299812768239
6064,-0.00936569993653374
6065,-0.00700260752018121
6066,-0.00527473312009442
6067,-0.00393271970025387
6068,-0.0027806415905165
6069,-0.00165245648608783
6070,-0.000532840598567945
6071,0.000144266934787795
6072,-2.67279600311041E-05
6073,-0.000303411446504204
6074,0.00113468445591519
6075,0.00519277084340031
6076,0.0102283344434893
6077,0.0132928431876181
6078,0.0131233175148207
6079,0.0112293844574998
6080,0.00983500739866223
6081,0.00944356708635108
6082,0.00888240725428848
6083,0.00716474349474866
6084,0.0045414473572436
6085,0.00187781241533687
6086,-0.000292550341726385
6087,-0.00196205557095574
6088,-0.0033803862290843
6089,-0.00476420362682198
6090,-0.0059720991925382
6091,-0.00648267429178273
6092,-0.00618768138666364
6093,-0.00627485924326655
6094,-0.0085700477905078
6095,-0.0134071857282849
6096,-0.0185878890477451
6097,-0.0212359269529239
6098,-0.0206325409723817
6099,-0.0185853785021054
6100,-0.0170282990221724
6101,-0.0160458110321513
6102,-0.0145397687350544
6103,-0.0120592959934069
6104,-0.00924778318984484
6105,-0.00685436682848853
6106,-0.00506730713695497
6107,-0.00375638174281907
6108,-0.002726347997177
6109,-0.00168101494546295
6110,-0.000522517092722084
6111,0.00024131190031727
6112,9.33067735693053E-05
6113,-0.000201964032310511
6114,0.00129981728789894
6115,0.00553108291493036
6116,0.0106994619227461
6117,0.0136997566657848
6118,0.0133102710501452
6119,0.0112449868029185
6120,0.0098565918797907
6121,0.00955513093452626
6122,0.00896903014332363
6123,0.00703539297370607
6124,0.00413238083539245
6125,0.00132708966252118
6126,-0.000753424894481383
6127,-0.0021843648047933
6128,-0.00339536015305422
6129,-0.00473703797064526
6130,-0.00606193393210232
6131,-0.00672887891538379
6132,-0.00651723522002842
6133,-0.00660542727451163
6134,-0.00888684422965877
6135,-0.0137358842515471
6136,-0.0189228634274554
6137,-0.0215325054576271
6138,-0.0208681741252057
6139,-0.0187916660083835
6140,-0.0172406850165322
6141,-0.016243838297501
6142,-0.0146749467429056
6143,-0.0121468554685954
6144,-0.00939734228642336
6145,-0.0071685571160833
6146,-0.00550248282575283
6147,-0.00411502833601152
6148,-0.00283074661680899
6149,-0.00156433744282041
6150,-0.00041329061481965
6151,0.000157025587141836
6152,-0.000122711743986603
6153,-0.000315520133359634
6154,0.00141552265358436
6155,0.00574609609792306
6156,0.0107873738250112
6157,0.0135941531752083
6158,0.0131327850678458
6159,0.0111001369046202
6160,0.00969673659369309
6161,0.00929381859154928
6162,0.00865711522292659
6163,0.00683392316927385
6164,0.00411740635025553
6165,0.0014001167827213
6166,-0.000732331391471084
6167,-0.00223303845227256
6168,-0.00342647902588491
6169,-0.00469666390528442
6170,-0.00597554206920049
6171,-0.00661204548062146
6172,-0.00632782405557194
6173,-0.00634406137675007
6174,-0.00869283335337241
6175,-0.0137808673922543
6176,-0.0191850856063737
6177,-0.0217577287715672
6178,-0.0208276936021674
6179,-0.018546377404335
6180,-0.0170683687777744
6181,-0.016305063133516
6182,-0.0148369806510724
6183,-0.0121735460345815
6184,-0.00922662422845816
6185,-0.00691758401825525
6186,-0.00525512857116792
6187,-0.00384044347578091
6188,-0.00253088259304343
6189,-0.0013663473650372
6190,-0.000414231758735246
6191,6.569539034455E-05
6192,-0.000100056737065049
6193,-0.000159653312378824
6194,0.00148703351216235
6195,0.00555767596989189
6196,0.0104506428334554
6197,0.0133977116684366
6198,0.0132329538363418
6199,0.0114055121116675
6200,0.0100404407113409
6201,0.00962107804679745
6202,0.00900817039347262
6203,0.00721849836929544
6204,0.00448097971605106
6205,0.00169156580738805
6206,-0.000525239758014533
6207,-0.00211620419654991
6208,-0.00340895485034865
6209,-0.00474551788516141
6210,-0.00600887170538771
6211,-0.00658110088616521
6212,-0.00628148728143836
6213,-0.00636189485215762
6214,-0.00875947725605783
6215,-0.0137813054028909
6216,-0.0190426207427337
6217,-0.0215277510407135
6218,-0.0206159599962173
6219,-0.0183735118956013
6220,-0.0168746607428612
6221,-0.0160730082086212
6222,-0.0146330571833437
6223,-0.0120493731473814
6224,-0.00914972305823047
6225,-0.00684811628652669
6226,-0.00523720657923291
6227,-0.00394002445613671
6228,-0.00270481325375894
6229,-0.00147759137300346
6230,-0.000388739738534824
6231,0.000169797903710991
6232,5.68589005502362E-06
6233,-4.37210108257297E-05
6234,0.00163809084162514
6235,0.00567263324992024
6236,0.010414516171025
6237,0.0132061466305253
6238,0.0130078312924772
6239,0.0112371359109082
6240,0.00988707788677114
6241,0.00940073313376136
6242,0.0087227682654626
6243,0.00692675895505919
6244,0.00419355605544511
6245,0.0013747895177342
6246,-0.000853938118712308
6247,-0.0023786206746334
6248,-0.00357168258814225
6249,-0.00486992700396395
6250,-0.00616232425833549
6251,-0.00675528820576063
6252,-0.00644962660312885
6253,-0.00656831883243429
6254,-0.00907197781957715
6255,-0.0141659137934702
6256,-0.0193713210307337
6257,-0.0217343540026021
6258,-0.0207689545888458
6259,-0.0185447803311301
6260,-0.0170039595633897
6261,-0.0160501994847674
6262,-0.014482664136127
6263,-0.0119219516850017
6264,-0.0091070935164692
6265,-0.00676335522869357
6266,-0.00497940605211705
6267,-0.00358491228933508
6268,-0.00245698235360952
6269,-0.00141435126993807
6270,-0.000399097608194648
6271,0.000184034796208208
6272,7.86555065632254E-07
6273,-0.000108623655919683
6274,0.00163766597304722
6275,0.0058993413635248
6276,0.0108040097514026
6277,0.0134742282675577
6278,0.0129697929131141
6279,0.0110181375350832
6280,0.00974265571452041
6281,0.00940416095433305
6282,0.00873498657624858
6283,0.00684197227153765
6284,0.00409107712508854
6285,0.00139175354206265
6286,-0.000710582895638229
6287,-0.00222391256272415
6288,-0.0034927995935942
6289,-0.00485910515557056
6290,-0.00618803680301049
6291,-0.0068276565841499
6292,-0.00658279304713299
6293,-0.00671189555478319
6294,-0.00911733021194364
6295,-0.0140249091736026
6296,-0.0190479678916702
6297,-0.0213343416918314
6298,-0.0204444571121006
6299,-0.0184049621795777
6300,-0.01704932590878
6301,-0.016194662477071
6302,-0.0146542451766051
6303,-0.012139623278122
6304,-0.00943790015328206
6305,-0.00720055463688326
6306,-0.00538907697634761
6307,-0.00379990040486654
6308,-0.00242546585155127
6309,-0.00124499786917451
6310,-0.000263027149248437
6311,0.000182477117997796
6312,-0.000134885261250525
6313,-0.000311839131803513
6314,0.00144776574961874
6315,0.00580024908001172
6316,0.0108474164466087
6317,0.0136446607286808
6318,0.0131780481862179
6319,0.0111687306231174
6320,0.00981269625816381
6321,0.0094368126235714
6322,0.00875321858325907
6323,0.00680099567640403
6324,0.00393786384867873
6325,0.00115010095284855
6326,-0.000950011614169462
6327,-0.00239723240045164
6328,-0.00361528148919649
6329,-0.00497444944429992
6330,-0.00629680233665531
6331,-0.00689597977657251
6332,-0.00661302740966848
6333,-0.00677523841799944
6334,-0.00930448931634837
6335,-0.0143692580588609
6336,-0.0194932898979164
6337,-0.0217673279131761
6338,-0.0207651355716931
6339,-0.0185900561933359
6340,-0.0171571353815269
6341,-0.0162909800223988
6342,-0.0147225472760131
6343,-0.012081149109137
6344,-0.00918646164576726
6345,-0.00683649869514397
6346,-0.00511375762928123
6347,-0.00377453218832647
6348,-0.00263103899160641
6349,-0.00150312768274993
6350,-0.000393121419052053
6351,0.00022617883533713
6352,-2.22185899266558E-06
6353,-0.000192283109762228
6354,0.00152289900522312
6355,0.00585269658218688
6356,0.0108842295513671
6357,0.0136455486688501
6358,0.0131437542561604
6359,0.0111384472847131
6360,0.00981194494531029
6361,0.0094382214517789
6362,0.00872578862465091
6363,0.0067779128182358
6364,0.00398429659341839
6365,0.0012618810612863
6366,-0.000860439205615845
6367,-0.00238581085989857
6368,-0.00362204923799117
6369,-0.00490293137179145
6370,-0.00615162241528179
6371,-0.00677880151702543
6372,-0.00658093375728952
6373,-0.00676733262698483
6374,-0.00924078064845063
6375,-0.0142719840802373
6376,-0.0194535197862751
6377,-0.0218100480621938
6378,-0.020807939082823
6379,-0.0185433874769852
6380,-0.0170131657213376
6381,-0.0160890587935025
6382,-0.0144744815697246
6383,-0.0117872751949903
6384,-0.0089049843513199
6385,-0.00666238392325889
6386,-0.00505947682249073
6387,-0.00372731248105886
6388,-0.00248860022546177
6389,-0.00132976559342798
6390,-0.000365668134374047
6391,4.86371559141656E-05
6392,-0.000216580062700942
6393,-0.000227388701469806
6394,0.00167415737371565
6395,0.00597990714404494
6396,0.0108031317021779
6397,0.0133779985806911
6398,0.0128332393119091
6399,0.0108685942571613
6400,0.00958097889715662
6401,0.00926867700808071
6402,0.00869080730174141
6403,0.00689292058824336
6404,0.00414797319861491
6405,0.00135812922581283
6406,-0.000837271395730585
6407,-0.00235210270235514
6408,-0.00352054823311353
6409,-0.00474302821871791
6410,-0.00595474407333223
6411,-0.00655363361851415
6412,-0.00636421434053989
6413,-0.00662451539577868
6414,-0.0091826122744024
6415,-0.0142042787210584
6416,-0.0192549077340651
6417,-0.021449500553681
6418,-0.0203586736301733
6419,-0.0181042858444085
6420,-0.0166563080838015
6421,-0.0158635822645679
6422,-0.0143988132450112
6423,-0.0118229833592005
6424,-0.00898562866316682
6425,-0.0067655083347631
6426,-0.00520232738314944
6427,-0.00386989409857756
6428,-0.00250982300504879
6429,-0.00116520976484177
6430,-0.000118443273578153
6431,0.000232621622963729
6432,-6.06096793782148E-05
6433,9.80007219918171E-05
6434,0.0022401390079515
6435,0.00656657603742018
6436,0.0111233178145572
6437,0.0134115002429969
6438,0.0128248453265409
6439,0.0110093792577253
6440,0.00981936649686171
6441,0.00946712613786897
6442,0.008840878904081
6443,0.00707432325468588
6444,0.00435383278683205
6445,0.00149948893147163
6446,-0.00076458753371609
6447,-0.00223756517968121
6448,-0.00331940540799592
6449,-0.00457957748967422
6450,-0.0059540843170718
6451,-0.00663241394885341
6452,-0.00630401346505515
6453,-0.00635203812145721
6454,-0.00887638855332123
6455,-0.0140830905879624
6456,-0.0193360213326704
6457,-0.0215816642040506
6458,-0.0204418421732041
6459,-0.0181802172642432
6460,-0.0167865797355866
6461,-0.0160209371286608
6462,-0.0145325881329117
6463,-0.0119606494060138
6464,-0.0091819117252288
6465,-0.00697857443348768
6466,-0.00532193679067611
6467,-0.00388609897255888
6468,-0.00255767108884363
6469,-0.00134248674851056
6470,-0.000336128883417366
6471,0.000121561061907468
6472,-9.45345947096278E-05
6473,-4.09530319228448E-05
6474,0.00193717572967531
6475,0.00628730359205674
6476,0.0110711615032534
6477,0.0135440079592466
6478,0.0129373885517536
6479,0.0110270587497575
6480,0.00985745591064716
6481,0.00959306426724906
6482,0.0089312690999924
6483,0.00699972025506602
6484,0.00419824333593663
6485,0.00145516031470328
6486,-0.00068454799545876
6487,-0.00223216446670388
6488,-0.0035098642809925
6489,-0.00480997617249583
6490,-0.00597818211267657
6491,-0.00643506418737836
6492,-0.00612015813727212
6493,-0.00636530958225416
6494,-0.0090013290484497
6495,-0.0140964210105622
6496,-0.0191549622593853
6497,-0.0213297768502426
6498,-0.020261861034861
6499,-0.0180764266977349
6500,-0.0166825003322047
6501,-0.0158912477884404
6502,-0.0143912612935739
6503,-0.0117489364687468
6504,-0.00877767003367362
6505,-0.00636125670652932
6506,-0.00465303998618664
6507,-0.0033500932822453
6508,-0.0021587448422934
6509,-0.000940740600183223
6510,0.000130636642686894
6511,0.000555339239416836
6512,0.000217536560604073
6513,0.000222895866606287
6514,0.00228880747114535
6515,0.0067312137317199
6516,0.011488716998594
6517,0.0138771790293627
6518,0.0132529262172098
6519,0.0113724027201112
6520,0.0101543578897636
6521,0.00973905998504604
6522,0.0089384046688801
6523,0.00694958701682181
6524,0.00410220019062045
6525,0.00125950732473341
6526,-0.000957549197616097
6527,-0.00244637283313465
6528,-0.00355733825177231
6529,-0.00472725587153652
6530,-0.00587987130624787
6531,-0.0063888904869913
6532,-0.00614051138323541
6533,-0.00647664404451448
6534,-0.00921805378863067
6535,-0.0143518128086099
6536,-0.0193443493958954
6537,-0.0214558892662548
6538,-0.0204606707982431
6539,-0.018434893517633
6540,-0.0170784310784069
6541,-0.0161022964841441
6542,-0.0143678102878697
6543,-0.0117037571401817
6544,-0.00896559885944721
6545,-0.00681626859311056
6546,-0.00519615088764232
6547,-0.0038263678142391
6548,-0.00258789958346815
6549,-0.00141878343865224
6550,-0.000400040648178848
6551,5.76884256311707E-05
6552,-0.000214338897937886
6553,-0.00021266439444946
6554,0.00180098229566505
6555,0.00626534574958793
6556,0.0111515337850494
6557,0.013643257224644
6558,0.0129727329516669
6559,0.0109635994039191
6560,0.00972060912371542
6561,0.00945313856071258
6562,0.00884393547073242
6563,0.00693113285637765
6564,0.00402939468481601
6565,0.00109719011965581
6566,-0.0011830605757614
6567,-0.00272276725210243
6568,-0.00388901884015977
6569,-0.00510038958466259
6570,-0.00626546491016368
6571,-0.0067589366239132
6572,-0.00644830167882141
6573,-0.00665112812434269
6574,-0.00923648133172785
6575,-0.0143096618514217
6576,-0.01938123526103
6577,-0.0215834971396799
6578,-0.0205212520535401
6579,-0.0182808296410088
6580,-0.0167563972744843
6581,-0.0157994159862231
6582,-0.0141961272636117
6583,-0.0116126145995152
6584,-0.00886769025158339
6585,-0.00670740147225314
6586,-0.00509460351990486
6587,-0.00366938411460964
6588,-0.00229951701951306
6589,-0.00107511476346928
6590,-0.000217158358243154
6591,-3.79063232276404E-05
6592,-0.000442316787382388
6593,-0.000312834513751483
6594,0.00190778952673468
6595,0.00640838817194731
6596,0.011143921420977
6597,0.0135091436414484
6598,0.012891120751058
6599,0.0110330200383449
6600,0.00985142377173683
6601,0.00948965381996501
6602,0.008729598335974
6603,0.00673161319503802
6604,0.00385119721472297
6605,0.00103449360718706
6606,-0.0010587254792961
6607,-0.00240217013749955
6608,-0.00347413627272439
6609,-0.0047572579978097
6610,-0.00608525825562156
6611,-0.00669092232545265
6612,-0.00640342573079132
6613,-0.00664144022657307
6614,-0.00935303985339244
6615,-0.014564886005754
6616,-0.0196382626202669
6617,-0.0216789149533514
6618,-0.020426078624126
6619,-0.0181076351975694
6620,-0.0166350713761645
6621,-0.0157811359442312
6622,-0.0142510851449039
6623,-0.0116633924631876
6624,-0.00883095617356345
6625,-0.00656726090079479
6626,-0.00495504984708802
6627,-0.00367502179915852
6628,-0.00246156454976577
6629,-0.00121605866849388
6630,-0.000143205759238336
6631,0.000252301241746145
6632,-0.000109526139322636
6633,-7.2669753203905E-05
6634,0.00208612971599405
6635,0.00661841414588392
6636,0.0113776537178597
6637,0.0136500548066651
6638,0.0128432760547485
6639,0.0108087963704016
6640,0.00954495456191095
6641,0.00921156871153927
6642,0.00856388218020801
6643,0.00670231286989707
6644,0.00390005161957713
6645,0.00105464870414087
6646,-0.0011404609572908
6647,-0.00257686475118202
6648,-0.0036753815291817
6649,-0.00490490895617044
6650,-0.00610505825073483
6651,-0.00654692896002405
6652,-0.00615784742781557
6653,-0.0064504395987567
6654,-0.00933540984014239
6655,-0.0146686155439215
6656,-0.0196935488324543
6657,-0.0216056767083642
6658,-0.0203356145132717
6659,-0.0181554886499379
6660,-0.0168140689204749
6661,-0.0159283122836346
6662,-0.0142517787511453
6663,-0.0115746872718107
6664,-0.0087743033581252
6665,-0.00655755561134306
6666,-0.00489678953541823
6667,-0.00350915736840291
6668,-0.00225396698573207
6669,-0.0010833011241045
6670,-0.000127382157518801
6671,0.000207749277594538
6672,-0.000145410860267008
6673,-0.000104250604342879
6674,0.00198514659894461
6675,0.00639293839914883
6676,0.0110784740097855
6677,0.0134269117722226
6678,0.0128297620080803
6679,0.011002614964931
6680,0.00981322454564115
6681,0.00942152464509642
6682,0.00869629467468679
6683,0.00682959411389091
6684,0.00408185719283039
6685,0.00128438141077888
6686,-0.000900934009515085
6687,-0.00235328644776966
6688,-0.00348431702033638
6689,-0.00476706808251026
6690,-0.00602982192724201
6691,-0.00652000670137502
6692,-0.00616396378304091
6693,-0.00649255880029611
6694,-0.00940612956723867
6695,-0.0147171941656654
6696,-0.0196639183561372
6697,-0.0215145897216227
6698,-0.0202726546059795
6699,-0.0181772291180874
6700,-0.0168673294862253
6701,-0.015922000131855
6702,-0.0141923020969148
6703,-0.0115726652657452
6704,-0.00889692956414251
6705,-0.00672633874180998
6706,-0.00498209487255516
6707,-0.00349489513785505
6708,-0.00223592155542225
6709,-0.00110197194497198
6710,-8.99444081142536E-05
6711,0.000386426379871121
6712,0.000103307364421046
6713,8.06717367845112E-05
6714,0.00213333112570928
6715,0.00669631571435445
6716,0.0116173127104677
6717,0.0139867573649257
6718,0.0131076764839691
6719,0.0109656397617508
6720,0.00973404805775422
6721,0.0095369179655095
6722,0.0089384568394632
6723,0.00696411010488777
6724,0.00402511734057556
6725,0.00116947642833621
6726,-0.000949280472248018
6727,-0.00238008687749724
6728,-0.00359317543905367
6729,-0.00493853985776963
6730,-0.00614051784987792
6731,-0.00651271179633486
6732,-0.00611396655808831
6733,-0.0064923813860209
6734,-0.00944888551743207
6735,-0.0147295667564547
6736,-0.0196144669676871
6737,-0.0214430424123014
6738,-0.0202240451020192
6739,-0.0181463147270238
6740,-0.0168089151862876
6741,-0.0157851322204145
6742,-0.0139433324812102
6743,-0.0112250340113299
6744,-0.0085394167611198
6745,-0.00648620655725426
6746,-0.00491467754803558
6747,-0.00352184490495473
6748,-0.00223943748451427
6749,-0.00107907448488692
6750,-0.000151011459339081
6751,0.000200915168910021
6752,-6.26443272970975E-05
6753,0.000111396182078351
6754,0.0023260710659701
6755,0.00681365044258957
6756,0.011507659835271
6757,0.0137758745280175
6758,0.013022522164583
6759,0.0110257503664194
6760,0.00973745304668203
6761,0.00935391670760624
6762,0.00869007281979433
6763,0.00683797625588881
6764,0.00401173448544831
6765,0.00110365171334203
6766,-0.00111691058996612
6767,-0.00249318475041671
6768,-0.00351259340025205
6769,-0.00474491395881334
6770,-0.00602473594820982
6771,-0.00652722073484683
6772,-0.00614689616591802
6773,-0.0064804436064947
6774,-0.00949576613569893
6775,-0.0149508900269799
6776,-0.0199377922944718
6777,-0.0216566391206774
6778,-0.0202193423754149
6779,-0.0180419540197958
6780,-0.0168083593807115
6781,-0.0159525094549395
6782,-0.0141519836253305
6783,-0.0113086569492453
6784,-0.00846012532223635
6785,-0.00635409827604744
6786,-0.00486647658946444
6787,-0.00359420993522606
6788,-0.00235834019080045
6789,-0.00116474696372806
6790,-0.000219143345224688
6791,6.2521301988685E-05
6792,-0.000301206246471716
6793,-0.000117098387661401
6794,0.00227314069456205
6795,0.00697944892672656
6796,0.011747497956868
6797,0.0138959095437622
6798,0.0129743358170018
6799,0.0109330022918454
6800,0.00972866129826851
6801,0.00941010548974359
6802,0.00869575857626338
6803,0.00675861718619122
6804,0.00395229462246064
6805,0.00116176668521656
6806,-0.00100804962101678
6807,-0.00250952460900492
6808,-0.00372990654754675
6809,-0.00504502855971948
6810,-0.00623514398096307
6811,-0.00660184442005432
6812,-0.00615995982744108
6813,-0.00648195568357144
6814,-0.00945819711083691
6815,-0.0148677366358394
6816,-0.0198884062814038
6817,-0.0217088031185894
6818,-0.020308771283351
6819,-0.0180250946037038
6820,-0.0166330890517731
6821,-0.015710144576298
6822,-0.0139430582642892
6823,-0.0111221529200894
6824,-0.0082337109932804
6825,-0.00610488920620044
6826,-0.00467899255315751
6827,-0.00348054954757247
6828,-0.00221193828078995
6829,-0.000897537565531179
6830,0.000108711560475214
6831,0.000317430059262768
6832,-0.000141443039220302
6833,6.46162917575441E-05
6834,0.00254852199761723
6835,0.00723060638182333
6836,0.0117814098826443
6837,0.0136899050542006
6838,0.0127340057632746
6839,0.0108742307270602
6840,0.00984785579865807
6841,0.00952188380454355
6842,0.00867782978881932
6843,0.00669899184417001
6844,0.00403316578401682
6845,0.00143992820393893
6846,-0.000663148509966658
6847,-0.00226897930656006
6848,-0.00363414455451468
6849,-0.00499372074110778
6850,-0.00612812086393641
6851,-0.00646148128486105
6852,-0.00609694946938391
6853,-0.00654522184086511
6854,-0.00954879082069011
6855,-0.0148342225254469
6856,-0.0197029636545132
6857,-0.0215050373962899
6858,-0.0202212913620183
6859,-0.0180321929266007
6860,-0.0166121733489358
6861,-0.0156282027352687
6862,-0.0139097530699409
6863,-0.01122393045911
6864,-0.00838733605599484
6865,-0.0061526409129552
6866,-0.00460379366050073
6867,-0.00343819374191178
6868,-0.00232818374273558
6869,-0.00110131229974318
6870,-1.3526104330295E-06
6871,0.00037536327687189
6872,-2.3253553441854E-05
6873,8.71010926925871E-05
6874,0.00243301569067629
6875,0.00707400735212923
6876,0.0117257078915004
6877,0.0138151732057395
6878,0.0130056942084378
6879,0.0111686234407258
6880,0.0100484022103562
6881,0.00961344202861165
6882,0.0087313392827983
6883,0.00674819142913973
6884,0.0040028933977609
6885,0.00124836162963686
6886,-0.000942932878599929
6887,-0.00242456410119784
6888,-0.0035344774701674
6889,-0.00475267030712853
6890,-0.00598804052398491
6891,-0.00652750806227852
6892,-0.00625199701328714
6893,-0.00663922025549882
6894,-0.00959448853246674
6895,-0.0149505264727365
6896,-0.0199076827838777
6897,-0.0216650362444066
6898,-0.0202335906550393
6899,-0.0179748113642148
6900,-0.0166477271545054
6901,-0.0157961152645962
6902,-0.0140932531575682
6903,-0.0113181750939813
6904,-0.0084147381903059
6905,-0.00617481742753306
6906,-0.00459109697971464
6907,-0.00330815793641506
6908,-0.00209418812729687
6909,-0.000900745291834237
6910,5.12601646754494E-05
6911,0.000318729285122387
6912,-4.07674919890145E-05
6913,0.000222034764649086
6914,0.00271596219884166
6915,0.00739995106563296
6916,0.0119427900058793
6917,0.0137930098889695
6918,0.0127258438001254
6919,0.0107658009209496
6920,0.00971182802590992
6921,0.00940964935663167
6922,0.00854820997422501
6923,0.00644172470180911
6924,0.00357366863762854
6925,0.000833617826208215
6926,-0.00123568691338877
6927,-0.00261958353632569
6928,-0.00371115578568858
6929,-0.00491993480970091
6930,-0.00608339091931515
6931,-0.00652335678464027
6932,-0.00620919596827552
6933,-0.00663546615065856
6934,-0.00963163968669993
6935,-0.0149660642199932
6936,-0.0198704656335199
6937,-0.0216275234716407
6938,-0.0202730251829372
6939,-0.0180963000985289
6940,-0.0167647858511762
6941,-0.0158088270678432
6942,-0.0139817113129423
6943,-0.0111675778165316
6944,-0.00835735777910387
6945,-0.00628966899605399
6946,-0.00482671843478694
6947,-0.00350047975132342
6948,-0.0021001401648247
6949,-0.00074284118594851
6950,0.000196674552731778
6951,0.000308998177958398
6952,-0.000162451115982577
6953,0.000137016169316757
6954,0.00271196075801295
6955,0.00737511938173833
6956,0.0118417247543425
6957,0.0137436201632032
6958,0.0128847354449044
6959,0.0110711706712846
6960,0.00991639664886733
6961,0.00938582284076275
6962,0.00845326371080468
6963,0.00651208219701224
6964,0.00383117278328002
6965,0.00109048503556389
6966,-0.00112472134631203
6967,-0.00262462060478678
6968,-0.00374137980306168
6969,-0.00494695521109596
6970,-0.0060987877530745
6971,-0.00647502753263717
6972,-0.00608072847354493
6973,-0.00654089072448993
6974,-0.00971583976191159
6975,-0.0152027123588957
6976,-0.0200502262842235
6977,-0.02158217024176
6978,-0.0200438704245454
6979,-0.0178418103588948
6980,-0.0165713880065726
6981,-0.0156642649085857
6982,-0.0138790397137929
6983,-0.0111179851955687
6984,-0.00829740386167314
6985,-0.00610448379650221
6986,-0.00454443684352753
6987,-0.00337472821755281
6988,-0.00236243121466472
6989,-0.00127927251991594
6990,-0.000211606570883361
6991,0.000280417924021794
6992,6.15961758024968E-06
6993,0.000138364722204775
6994,0.00246043567060751
6995,0.00712099328516645
6996,0.0117765732962798
6997,0.0137348461967564
6998,0.0127114563773171
6999,0.0107882532315094
7000,0.00979137271023686
7001,0.00949940714280112
7002,0.00856431792498713
7003,0.00639162251883795
7004,0.00357339606946038
7005,0.000954773044122335
7006,-0.00108450720215633
7007,-0.00259891360424656
7008,-0.00385525937614921
7009,-0.00508744779110095
7010,-0.00610694515158495
7011,-0.00637315519957041
7012,-0.0060090370438109
7013,-0.00655857844887931
7014,-0.00978377180070271
7015,-0.0153092774345951
7016,-0.0202144954577311
7017,-0.0217323209827575
7018,-0.0200326777337789
7019,-0.0176449875417169
7020,-0.0163699478792598
7021,-0.0156376001940454
7022,-0.0139782455865251
7023,-0.0111519346819206
7024,-0.00821668042338965
7025,-0.0060717426695507
7026,-0.00468415802074003
7027,-0.00356431195220943
7028,-0.00237555126816848
7029,-0.0010928936668159
7030,-4.64870973747648E-05
7031,0.000253182826697552
7032,-9.96124638100683E-05
7033,0.000211589906230064
7034,0.00278349383395903
7035,0.00749267536702831
7036,0.011977949639715
7037,0.0137717573783438
7038,0.0127433508303607
7039,0.0108900272610854
7040,0.00989554944921256
7041,0.00956390194933073
7042,0.00867865350807668
7043,0.00665497545204003
7044,0.0039370951306528
7045,0.00126838470560192
7046,-0.000896723204557678
7047,-0.00248079791503335
7048,-0.0037275003666223
7049,-0.00493931153620987
7050,-0.00596731401826852
7051,-0.00625910263790251
7052,-0.00593644150632087
7053,-0.00654799053231958
7054,-0.0098106753009952
7055,-0.0152942608855342
7056,-0.0201218761439272
7057,-0.0216507746991484
7058,-0.0200877906562708
7059,-0.0178358788000813
7060,-0.0165587714235595
7061,-0.0157144639309157
7062,-0.0139714515574214
7063,-0.0111437751943509
7064,-0.00821128471371455
7065,-0.00600599063344021
7066,-0.00453615811931809
7067,-0.00338172452314995
7068,-0.00220094552290873
7069,-0.000926130334996346
7070,0.000102663174170887
7071,0.000336178472940118
7072,-0.000101730489501512
7073,0.000196770290873875
7074,0.0028545761036283
7075,0.0076493893817211
7076,0.012109556651025
7077,0.0137874107680572
7078,0.0126803293294479
7079,0.0108620189420527
7080,0.00994832158853988
7081,0.00961197627619645
7082,0.00858758793325909
7083,0.0063695293466697
7084,0.00353074209359937
7085,0.000887491866161597
7086,-0.00113490288789426
7087,-0.00256477624851049
7088,-0.00375362488210627
7089,-0.00502802445803697
7090,-0.00615563074880259
7091,-0.00647829045666157
7092,-0.00610586249139808
7093,-0.00666879125390988
7094,-0.00993406395834552
7095,-0.0154179723166117
7096,-0.0201874920595676
7097,-0.0216605455373515
7098,-0.0201454305817606
7099,-0.0180027945503575
7100,-0.0167209780801641
7101,-0.0156971302564095
7102,-0.0137852390136657
7103,-0.011005788829243
7104,-0.00827128242218947
7105,-0.00614636540781115
7106,-0.00453715247596395
7107,-0.00322598995698484
7108,-0.00208952276122666
7109,-0.000997789920901009
7110,-6.33348407779396E-05
7111,0.000222714146220116
7112,-0.000183905454213935
7113,6.74698365766911E-06
7114,0.00252985407944994
7115,0.00733553322391839
7116,0.0119360110191316
7117,0.0137059444495052
7118,0.0125384480963734
7119,0.0105880987524363
7120,0.00961350708196597
7121,0.00933461241019321
7122,0.00842393186968333
7123,0.00628992520732565
7124,0.00345587519135363
7125,0.000735050103428219
7126,-0.00140530204571694
7127,-0.00292065724396636
7128,-0.00410346889119097
7129,-0.00528763148036209
7130,-0.00631783460761447
7131,-0.00661622466025212
7132,-0.00629322239627481
7133,-0.00688842045368981
7134,-0.0100781578276044
7135,-0.0153966379258779
7136,-0.0200274701856179
7137,-0.0214726437596582
7138,-0.0200051956042882
7139,-0.0179082012721465
7140,-0.0166705489213637
7141,-0.0157379863246376
7142,-0.0139273630035229
7143,-0.0111382631835647
7144,-0.00825687948043802
7145,-0.0059999320234696
7146,-0.00442103816141181
7147,-0.00323497985390681
7148,-0.00212250908117837
7149,-0.000910568688813872
7150,0.000114967274468823
7151,0.000329065576092713
7152,-0.00020910311368771
7153,-2.18720940091075E-05
7154,0.00262514430984481
7155,0.00750311075668089
7156,0.0120324389175716
7157,0.0137083166748028
7158,0.012573235001714
7159,0.0107477180952627
7160,0.00982368453375898
7161,0.00943840447486743
7162,0.00835474331919952
7163,0.00612629528178675
7164,0.00333335767688068
7165,0.000739526815238677
7166,-0.00127203419280537
7167,-0.00271130736319735
7168,-0.00387524542087328
7169,-0.00506617151704472
7170,-0.00609971277173919
7171,-0.00640692232655358
7172,-0.00613432978240166
7173,-0.00683439417889072
7174,-0.010144300945049
7175,-0.0155369738371308
7176,-0.0201696178437865
7177,-0.0215758795904848
7178,-0.0200849402956616
7179,-0.0179973149226353
7180,-0.0167509761684483
7181,-0.0157294810404139
7182,-0.0137822234829902
7183,-0.0109542517794581
7184,-0.00824070053511723
7185,-0.00626051214116282
7186,-0.004816889814182
7187,-0.00349719953602555
7188,-0.00214714156722795
7189,-0.000867245855207862
7190,5.36182632595427E-06
7191,7.23841273770574E-05
7192,-0.000394360550308035
7193,2.66014234653327E-05
7194,0.00284225557469668
7195,0.00770554497403939
7196,0.0121165299029173
7197,0.0136863798629999
7198,0.0124762829807345
7199,0.0105880050711019
7200,0.0096515542415722
7201,0.00935087593299978
7202,0.00840243141432972
7203,0.0062549030171996
7204,0.00345671186035958
7205,0.000838258384213466
7206,-0.00117548905545671
7207,-0.00265451960735508
7208,-0.00396017088477984
7209,-0.00533689167958524
7210,-0.00646311297988641
7211,-0.00671884099576972
7212,-0.0063460140526969
7213,-0.00701656798831482
7214,-0.0103781300489749
7215,-0.015823924578501
7216,-0.0204500134615712
7217,-0.0217908359595714
7218,-0.0201973792902656
7219,-0.0179871400662045
7220,-0.0166267836685494
7221,-0.0155316888379082
7222,-0.0135425615372348
7223,-0.0106608934374193
7224,-0.00788069900452948
7225,-0.00589852173386122
7226,-0.00458797662423134
7227,-0.00349243796627649
7228,-0.00232305973865841
7229,-0.00108565121770452
7230,-0.000135120313676788
7231,5.1198800435666E-05
7232,-0.000320564322718848
7233,0.00012993767506434
7234,0.00288887744801543
7235,0.00764315114142841
7236,0.0119893919545654
7237,0.0136110053242442
7238,0.0125198848053656
7239,0.0106890463310505
7240,0.00969648267654532
7241,0.00931833884520981
7242,0.0083850842766001
7243,0.00632605603656215
7244,0.00356413935791772
7245,0.000875546478600535
7246,-0.00121225481151
7247,-0.00264077442429009
7248,-0.00379318514385776
7249,-0.00506623394994846
7250,-0.00622876029623854
7251,-0.00658153806894789
7252,-0.0062358433269671
7253,-0.00685424773610075
7254,-0.0101840182736298
7255,-0.0156628641419681
7256,-0.0203085449264958
7257,-0.0215789040586184
7258,-0.0198777687983526
7259,-0.0176517427677146
7260,-0.0164252579115869
7261,-0.0155555640349706
7262,-0.013785762845493
7263,-0.0110392617739344
7264,-0.0082523926642372
7265,-0.00611185446785147
7266,-0.00457870289079564
7267,-0.00333271777030288
7268,-0.00212954958310651
7269,-0.000886688722946504
7270,0.00012239118086944
7271,0.000373700084168246
7272,-1.61494421795035E-05
7273,0.000357885393809123
7274,0.00309041031349618
7275,0.00788245616243692
7276,0.0122135911891638
7277,0.0136975865470834
7278,0.0124502762748747
7279,0.0105964587731004
7280,0.0097133910153468
7281,0.00942852522811474
7282,0.00845833449715794
7283,0.00625963601446024
7284,0.00335398776500589
7285,0.000582878238098165
7286,-0.00150977225599839
7287,-0.00286803092748968
7288,-0.00389479601411979
7289,-0.00503170957585232
7290,-0.00609826401662123
7291,-0.00642497715744462
7292,-0.00612073167190748
7293,-0.00680961583414215
7294,-0.0101769368575047
7295,-0.0156291023059971
7296,-0.0202325937891662
7297,-0.0215275054452908
7298,-0.0199187968939335
7299,-0.0177523614275283
7300,-0.016477909540066
7301,-0.0155076163457114
7302,-0.0136886103391108
7303,-0.0109474658183659
7304,-0.00813196919326573
7305,-0.00590365088192567
7306,-0.00431934688481632
7307,-0.0031422982062392
7308,-0.00207649237864621
7309,-0.000923135309136891
7310,7.17398150612663E-05
7311,0.00031180537974992
7312,-0.000126376204351215
7313,0.000224383256815375
7314,0.0030363222746598
7315,0.00799355695507225
7316,0.0124781761141409
7317,0.014031941978524
7318,0.0127815134597234
7319,0.0108999279639031
7320,0.00997683488751121
7321,0.00961050474454864
7322,0.00851710095190119
7323,0.00623315434617015
7324,0.00337859733005097
7325,0.000777736313279444
7326,-0.00119294048236311
7327,-0.00263564638882237
7328,-0.00390534171321965
7329,-0.00521502815884291
7330,-0.00623154866943637
7331,-0.0063930005379772
7332,-0.00604921243640391
7333,-0.00691239781213942
7334,-0.010511014614235
7335,-0.0160448692023457
7336,-0.020542517073024
7337,-0.0216684935649015
7338,-0.0199486069352414
7339,-0.0177478584740158
7340,-0.0164787746795967
7341,-0.0155315928532263
7342,-0.0137519866329962
7343,-0.0110569812130486
7344,-0.00827313272306895
7345,-0.00604152118583636
7346,-0.00440608190830477
7347,-0.00313586781569572
7348,-0.00197794068524955
7349,-0.000798561376170399
7350,0.000132848617146327
7351,0.000278375292961392
7352,-0.000199369155652306
7353,0.00018233531858045
7354,0.00302242819424562
7355,0.00793488727733801
7356,0.012322208837916
7357,0.0138100983500757
7358,0.0125733704086306
7359,0.0107558129154756
7360,0.00989737236559906
7361,0.00958758213648601
7362,0.008555126893187
7363,0.0063168262271256
7364,0.0034517123974317
7365,0.000790789036965339
7366,-0.00121908238666965
7367,-0.0026275469628238
7368,-0.00382995862902569
7369,-0.00512627242481057
7370,-0.00620183544638644
7371,-0.00642042035614912
7372,-0.00606989937745144
7373,-0.00689709250935313
7374,-0.0104976520659512
7375,-0.0160534827409859
7376,-0.0205059299980481
7377,-0.0215068519564198
7378,-0.0197029269551398
7379,-0.0175742793828804
7380,-0.0164767286762944
7381,-0.0156147269127003
7382,-0.0137338457144368
7383,-0.0108540974768934
7384,-0.00798628306247754
7385,-0.00583746768253926
7386,-0.00435176805083666
7387,-0.00315630135427597
7388,-0.00194489590176495
7389,-0.000642190477822692
7390,0.000378207071690857
7391,0.000516825565076422
7392,-2.58232445495734E-05
7393,0.000341816635241001
7394,0.00328429453322105
7395,0.00834861190878852
7396,0.0127942834968354
7397,0.0141814686530218
7398,0.0127583287837161
7399,0.0107802127663695
7400,0.00982061880141395
7401,0.00943814652593313
7402,0.00835105912821935
7403,0.00609578449987667
7404,0.00324192032709796
7405,0.000578049268640049
7406,-0.00145486709995519
7407,-0.00285565317037907
7408,-0.00398868038189274
7409,-0.00520742925059268
7410,-0.00628578401122132
7411,-0.00660879937028253
7412,-0.00639019996837006
7413,-0.00728004122784831
7414,-0.0108456012181291
7415,-0.0163328357519063
7416,-0.0207758840350099
7417,-0.0218467520888388
7418,-0.0201020271098411
7419,-0.0179120170737586
7420,-0.0166380642494605
7421,-0.0156148406255119
7422,-0.0136994091843875
7423,-0.0108905980967043
7424,-0.0081051294885728
7425,-0.00600994096120154
7426,-0.00457157418078195
7427,-0.00341520940955435
7428,-0.00219978608883661
7429,-0.000863262510208114
7430,0.000155247468215863
7431,0.000248101100119801
7432,-0.000300029056155186
7433,0.000147212012980329
7434,0.00315742767323249
7435,0.0081526290739778
7436,0.0124229110680195
7437,0.0136909837966914
7438,0.012293797807325
7439,0.0104100956633955
7440,0.00950794973042548
7441,0.00915588614555434
7442,0.00814681794620321
7443,0.00602152730092174
7444,0.00327356556036939
7445,0.000638979870627048
7446,-0.00142462733959867
7447,-0.00288124076157554
7448,-0.00407630645149567
7449,-0.00532879419011398
7450,-0.00636120781243492
7451,-0.00656236236087347
7452,-0.00624238354779071
7453,-0.00715348693773733
7454,-0.0108510719549147
7455,-0.0164596294241587
7456,-0.0209113424847745
7457,-0.0218912233148863
7458,-0.0200437195252702
7459,-0.0178000795701153
7460,-0.0165211360083148
7461,-0.0155239914515507
7462,-0.0136604138820644
7463,-0.0109099019716565
7464,-0.00814375823649066
7465,-0.00601097342944584
7466,-0.00453158363404871
7467,-0.00339656868396147
7468,-0.00224152594627462
7469,-0.00090751447794901
7470,0.000198543779419625
7471,0.000374621560260412
7472,-0.000186039052893285
7473,0.000206393364051607
7474,0.0032444632723315
7475,0.00835012892733804
7476,0.0126738280967285
7477,0.0138713925891154
7478,0.0124038077557579
7479,0.0105847444220597
7480,0.00980657806093061
7481,0.00943774189561724
7482,0.0082351277581698
7483,0.00593065892492469
7484,0.00317057448101832
7485,0.000599224856912602
7486,-0.00150800937212805
7487,-0.0031089375696489
7488,-0.0043587374028258
7489,-0.00547327110477698
7490,-0.00630159890157324
7491,-0.00641801700469346
7492,-0.00615258253063456
7493,-0.00712716491040868
7494,-0.010804782597309
7495,-0.0163468626725973
7496,-0.020766069564005
7497,-0.0217663966172905
7498,-0.0199545140208557
7499,-0.0177327113255006
7500,-0.0164693771445189
7501,-0.0155040706583244
7502,-0.0136991368321225
7503,-0.0110172626067835
7504,-0.00828246530249467
7505,-0.00609509494192463
7506,-0.00448432308112774
7507,-0.00323301100702525
7508,-0.00208217320946134
7509,-0.000877120984942319
7510,9.67364697162182E-05
7511,0.000263371914193299
7512,-0.000193903830942866
7513,0.00028518401529915
7514,0.00330737444583641
7515,0.00835139048916829
7516,0.0126677218612435
7517,0.0139008539320046
7518,0.0124097914779828
7519,0.0104851815345112
7520,0.00962780009063552
7521,0.00928288496909319
7522,0.00811983855691
7523,0.00574794723597524
7524,0.00287524654139005
7525,0.000349015681244113
7526,-0.0015002791350151
7527,-0.00284598423475101
7528,-0.00407773064521977
7529,-0.00537102774625611
7530,-0.00633560137295894
7531,-0.00643723752438325
7532,-0.0061391167388957
7533,-0.00719379795694109
7534,-0.0109767443123565
7535,-0.01647369201254
7536,-0.0207015812277431
7537,-0.0215537318319266
7538,-0.019755056146235
7539,-0.0176122572686973
7540,-0.0163378562440616
7541,-0.0152604805042079
7542,-0.0133564998568385
7543,-0.0106614630391149
7544,-0.00797471358545306
7545,-0.00586387019505917
7546,-0.00436570651545631
7547,-0.00324270662033633
7548,-0.00215207159130895
7549,-0.000890086597479618
7550,0.000178639576744559
7551,0.000350615051327621
7552,-0.000197609003472921
7553,0.000228980929666185
7554,0.00333953348059131
7555,0.00854239574644608
7556,0.0129239228332807
7557,0.0140627856446746
7558,0.0124114335605909
7559,0.0103896408573736
7560,0.00953658863794571
7561,0.00925609177283041
7562,0.00817810046347104
7563,0.00589181484382703
7564,0.0030627349312145
7565,0.00048289535777093
7566,-0.00150912893419475
7567,-0.0029869483591971
7568,-0.00423909045858458
7569,-0.00544831049309911
7570,-0.00632698427726315
7571,-0.00641716389206709
7572,-0.00615496938000828
7573,-0.00721719135461089
7574,-0.0109525220366279
7575,-0.0163852196457347
7576,-0.0205770497342782
7577,-0.021438078347341
7578,-0.0196984600978602
7579,-0.017658232644247
7580,-0.0164758956424905
7581,-0.0153914586943644
7582,-0.0133581199167192
7583,-0.010520218073552
7584,-0.00782466228356274
7585,-0.00585443269455542
7586,-0.00450228566486644
7587,-0.00339895958745966
7588,-0.00223752928916991
7589,-0.000953085652469648
7590,4.16587431167235E-05
7591,0.000144790168219421
7592,-0.000365002946122532
7593,0.000161660521456136
7594,0.00329459548139083
7595,0.00839053937476622
7596,0.0126468150107628
7597,0.0137925091482053
7598,0.0123003026965519
7599,0.0104563757335377
7600,0.00964740218363295
7601,0.00924979566030485
7602,0.00800998159293881
7603,0.00567264525616948
7604,0.00297308133220288
7605,0.000636573711014482
7606,-0.0011522725712899
7607,-0.00259855648241557
7608,-0.00399867226369979
7609,-0.00540379417501097
7610,-0.00635908825473529
7611,-0.00635736558355807
7612,-0.005957846279545
7613,-0.00700838361774112
7614,-0.0108902549499731
7615,-0.0164846000375173
7616,-0.0206974083077433
7617,-0.0214396452204797
7618,-0.0195762756516056
7619,-0.0175109506123562
7620,-0.0163844685609099
7621,-0.0153667410212462
7622,-0.013379326469298
7623,-0.0105614755666495
7624,-0.00783130867763686
7625,-0.00574890281337899
7626,-0.00425758211733353
7627,-0.00308731531176513
7628,-0.00196891617464797
7629,-0.000769964181338784
7630,0.000179974617297721
7631,0.000276990386536391
7632,-0.000268412015793054
7633,0.000156961979143034
7634,0.00316173749388291
7635,0.0081668685127999
7636,0.0123930861028729
7637,0.0135395595038054
7638,0.0120339048263871
7639,0.0101517678997513
7640,0.00932306712074527
7641,0.00897703512131133
7642,0.00784532136556088
7643,0.0055765366790473
7644,0.00282673235737129
7645,0.000361921355975822
7646,-0.00150700627521776
7647,-0.00291365170005542
7648,-0.00420426730152913
7649,-0.00552238309689499
7650,-0.00645473202444493
7651,-0.00649272542135029
7652,-0.00619021985079494
7653,-0.0073598561600874
7654,-0.0112963509740862
7655,-0.0168277337175392
7656,-0.0209323157076603
7657,-0.02164327017192
7658,-0.0198224506015977
7659,-0.0177366283591172
7660,-0.016459927598998
7661,-0.015287857729062
7662,-0.013298454328823
7663,-0.0105972022267599
7664,-0.00792864849361073
7665,-0.00578884535489564
7666,-0.00424433240875036
7667,-0.00313451308505373
7668,-0.00211734226170687
7669,-0.00091556162872909
7670,0.000149539268236451
7671,0.000348761711500723
7672,-0.000177344763431948
7673,0.000254277321214591
7674,0.00333484964852499
7675,0.00844723878027328
7676,0.0127053889398522
7677,0.0137834299193416
7678,0.0122056448915894
7679,0.0103493923632017
7680,0.00962793623361465
7681,0.00934886013967774
7682,0.00814830309341713
7683,0.00571020864781491
7684,0.00281864569446139
7685,0.000319278440837563
7686,-0.00152680237288157
7687,-0.00295534167417012
7688,-0.00433217503233815
7689,-0.00572294429821906
7690,-0.00665421325411885
7691,-0.00664765909348814
7692,-0.00630995728463746
7693,-0.0074407995728025
7694,-0.0112933840574144
7695,-0.0167256312012392
7696,-0.020807083814128
7697,-0.0215985150982205
7698,-0.0198678373789953
7699,-0.0177704811180176
7700,-0.0163825778294708
7701,-0.0151035146011123
7702,-0.0130943835929185
7703,-0.0104518229297665
7704,-0.00786256611257482
7705,-0.00578324736567704
7706,-0.00426446568134034
7707,-0.00313034203738358
7708,-0.00204050866671709
7709,-0.000770586770367318
7710,0.000281843335014247
7711,0.000378199150991284
7712,-0.000244979296545609
7713,0.00020246286808998
7714,0.00339454849644612
7715,0.00857591098608889
7716,0.0127629344427039
7717,0.013692427472339
7718,0.0120218302287563
7719,0.0101537994531292
7720,0.00940438453398027
7721,0.00902947414383241
7722,0.00775215255177889
7723,0.00535265396803349
7724,0.00256627110036327
7725,0.000112286690374645
7726,-0.00175756144842079
7727,-0.00315216267808396
7728,-0.0043712250591206
7729,-0.00559416112951747
7730,-0.00649888606179606
7731,-0.00659906717134689
7732,-0.00636137156835866
7733,-0.00750506478251678
7734,-0.0113320908938949
7735,-0.0167556255021789
7736,-0.0208123616609359
7737,-0.0215205383383843
7738,-0.0197040708625687
7739,-0.0176254283182076
7740,-0.0163782973744118
7741,-0.0152568582120916
7742,-0.0133094115835406
7743,-0.0106177915744024
7744,-0.00793378653305436
7745,-0.00577778358605346
7746,-0.00423089206307944
7747,-0.00313145992090372
7748,-0.00213666760197559
7749,-0.00097947635526555
7750,1.4240431365497E-05
7751,0.000147445296610985
7752,-0.000372553099187046
7753,0.000176806661228264
7754,0.003429150467662
7755,0.00863645071022605
7756,0.0128344715322646
7757,0.0137605831833111
7758,0.0120669504024662
7759,0.010168338183525
7760,0.009403856016031
7761,0.00904092764913385
7762,0.00780336598365823
7763,0.00547352279978769
7764,0.00277833913815409
7765,0.000396101123891761
7766,-0.00147325900625304
7767,-0.00293962081888912
7768,-0.00423160997850024
7769,-0.0054498138862815
7770,-0.00626985713046404
7771,-0.00628643032513801
7772,-0.00605427867130073
7773,-0.0073071081116934
7774,-0.0112726239173558
7775,-0.0167588308348255
7776,-0.0207581190309193
7777,-0.0213557087432895
7778,-0.019494071888719
7779,-0.0174706787584838
7780,-0.0162767862416207
7781,-0.0150936139570507
7782,-0.0130139352597638
7783,-0.0102926028348739
7784,-0.00776134190094747
7785,-0.00580058318747209
7786,-0.00428631719567491
7787,-0.0030336927539829
7788,-0.0018796686507381
7789,-0.000721969693286189
7790,0.000132768921800402
7791,0.000128813091894246
7792,-0.000428179945157329
7793,0.000170085851426541
7794,0.00347575860281929
7795,0.00866204173061162
7796,0.0127483425741758
7797,0.0135541556140358
7798,0.0118610738620995
7799,0.0101191392904149
7800,0.00953305960374613
7801,0.00919305254528394
7802,0.00780073835098421
7803,0.00528431538551923
7804,0.00249776782444183
7805,0.00010284546996792
7806,-0.0017740565153921
7807,-0.00324253902451784
7808,-0.00448607840618015
7809,-0.00562536384806298
7810,-0.00640900880455521
7811,-0.00644319939977275
7812,-0.00621813259659265
7813,-0.00744702383926174
7814,-0.011431539887247
7815,-0.0170254445887096
7816,-0.0211297742132566
7817,-0.0217025788995533
7818,-0.0197121837267418
7819,-0.0176293098275615
7820,-0.0165409558695888
7821,-0.0155014524993501
7822,-0.0134022379116867
7823,-0.0104845658074051
7824,-0.00778640919699575
7825,-0.0058662247241439
7826,-0.00453777169206495
7827,-0.00340377038525028
7828,-0.00220166577196171
7829,-0.000933644773780719
7830,-3.81241412473038E-05
7831,-5.40000650890441E-05
7832,-0.000574811837623724
7833,0.00011317215671607
7834,0.00346128884556565
7835,0.0086008679517523
7836,0.0126388921797506
7837,0.0134739597621549
7838,0.0118345296824988
7839,0.0100769410922971
7840,0.00942746407990349
7841,0.0090752805076282
7842,0.00773304697927416
7843,0.00523852132337958
7844,0.00241882810470562
7845,2.87948440991927E-05
7846,-0.001755533779214
7847,-0.00315028741381491
7848,-0.00444565925749001
7849,-0.00567693196006762
7850,-0.00642188697823879
7851,-0.00630852385153256
7852,-0.00605091993249287
7853,-0.0074659931630588
7854,-0.0116486451937118
7855,-0.017187453991845
7856,-0.021020985075584
7857,-0.0214035094059506
7858,-0.01946786363931
7859,-0.0175262398106792
7860,-0.0164416951833348
7861,-0.0152958300656642
7862,-0.0131889173808737
7863,-0.0104225446095126
7864,-0.00784219182082675
7865,-0.00582522028043908
7866,-0.00426789432924622
7867,-0.00301240936317487
7868,-0.00188657201320652
7869,-0.000745288090929352
7870,0.000137423018487531
7871,0.000201003483754808
7872,-0.00027933711418296
7873,0.000374826632300084
7874,0.00370343610510155
7875,0.00888562878241128
7876,0.0129489968819597
7877,0.0137076780803084
7878,0.0119382491540632
7879,0.0101181233534819
7880,0.00950285171944011
7881,0.00919337575147553
7882,0.00783216047139818
7883,0.00529096166205964
7884,0.00245763674275266
7885,7.82725998493402E-05
7886,-0.00171708136918987
7887,-0.00314257590200668
7888,-0.00445253193068465
7889,-0.00569255246171094
7890,-0.00648803411441238
7891,-0.00645140743461996
7892,-0.00619694036664391
7893,-0.00748480462814347
7894,-0.0115032985237775
7895,-0.017001078134022
7896,-0.0209563098435026
7897,-0.0214890596976781
7898,-0.0195723850899561
7899,-0.0174996182887053
7900,-0.0162481920500339
7901,-0.0150055714294547
7902,-0.0128789998601563
7903,-0.0101250235222268
7904,-0.00757493202964743
7905,-0.00562281173137276
7906,-0.00415289495674625
7907,-0.00296026368247642
7908,-0.00185455771251337
7909,-0.000729236909682099
7910,0.000113581097441666
7911,0.000157363603907488
7912,-0.000263940752973724
7913,0.00049412864725772
7914,0.00385938078014226
7915,0.00896546662302926
7916,0.0129344360157734
7917,0.0136979179272597
7918,0.0120222783005707
7919,0.0102765060997879
7920,0.009666409053993
7921,0.00935056112648578
7922,0.00802177484169411
7923,0.00551351923921339
7924,0.00266767255904088
7925,0.000271169078740423
7926,-0.00147915336854453
7927,-0.00282750429076546
7928,-0.00412811083015497
7929,-0.00544504119906764
7930,-0.00630373240141215
7931,-0.00624788913989806
7932,-0.00596712957512082
7933,-0.00733485141814194
7934,-0.0115107188365537
7935,-0.0170871074662991
7936,-0.020959826563161
7937,-0.0213541680554283
7938,-0.019405677294697
7939,-0.0174259173830604
7940,-0.0162544114559438
7941,-0.0149653642237779
7942,-0.0127147973769749
7943,-0.00990040372715683
7944,-0.00741484903082567
7945,-0.00557457373634177
7946,-0.00415851341812616
7947,-0.00295337180599435
7948,-0.00183992216545205
7949,-0.000745059139223766
7950,8.13853319556077E-05
7951,0.000176880839631487
7952,-0.000158688759371872
7953,0.000632817618828118
7954,0.00395107136303188
7955,0.00898822589734959
7956,0.0129240363907817
7957,0.0136743888769615
7958,0.0119569660731961
7959,0.0101405374995648
7960,0.00948020660213724
7961,0.00916431614318305
7962,0.0078648115144461
7963,0.00538598925645841
7964,0.00256547151666657
7965,0.000185303369963234
7966,-0.00158860009014888
7967,-0.00301506210976815
7968,-0.0043912082072018
7969,-0.00568829069969831
7970,-0.00641561864433738
7971,-0.00622112658880969
7972,-0.00591201407269378
7973,-0.00735138294234652
7974,-0.0115702882846559
7975,-0.0170764261269486
7976,-0.0208344171045223
7977,-0.021199491593107
7978,-0.0193264885723928
7979,-0.0174233095657283
7980,-0.0162665153644838
7981,-0.0150034479092258
7982,-0.0128741962977679
7983,-0.0102077356439358
7984,-0.00773498359604595
7985,-0.00573865042654839
7986,-0.00415420417293361
7987,-0.00291439184377418
7988,-0.00185472728742468
7989,-0.000764099067440772
7990,0.000117072875272941
7991,0.000199002654722144
7992,-0.000271767812777393
7993,0.000386108700265921
7994,0.00371146778570269
7995,0.0088720129573682
7996,0.012918381215211
7997,0.0137161722195232
7998,0.0120402340165114
7999,0.0102873240381484
8000,0.00964985094483812
8001,0.00926807242491612
8002,0.0078689748440604
8003,0.00534689838246038
8004,0.00255893466557844
8005,0.000250258982128867
8006,-0.00142802872632561
8007,-0.00273925723729314
8008,-0.00404849580723767
8009,-0.00543231450454061
8010,-0.00640453708744171
8011,-0.00645876801774851
8012,-0.00622799289861979
8013,-0.00756496139381556
8014,-0.0116524251355569
8015,-0.0171234287674302
8016,-0.0209017359266169
8017,-0.021216953010786
8018,-0.0192073279938642
8019,-0.017223011964501
8020,-0.0161670319627018
8021,-0.0151119210232625
8022,-0.0130821432523493
8023,-0.0103092586610019
8024,-0.00767731816503557
8025,-0.00568782501821369
8026,-0.00428359036915979
8027,-0.0031878630194025
8028,-0.0020839790025806
8029,-0.000845804125630987
8030,0.000112155822021558
8031,0.000184134076573563
8032,-0.000247975787467562
8033,0.000553284418485805
8034,0.00399807525547193
8035,0.00910759130026553
8036,0.0129587557769201
8037,0.0135747840466966
8038,0.0118343433554443
8039,0.010113003087704
8040,0.00954426546320661
8041,0.0092437422380659
8042,0.00791871812746678
8043,0.00541644613989395
8044,0.00256455781081079
8045,0.000148175020687734
8046,-0.00160387339024305
8047,-0.00291074368877388
8048,-0.0041478511681429
8049,-0.00542554477387392
8050,-0.00629660876612283
8051,-0.00630269796963733
8052,-0.0061138975949088
8053,-0.00756578652327307
8054,-0.0117646665156157
8055,-0.0172707896509494
8056,-0.021010745164869
8057,-0.0212908837258686
8058,-0.0193162215804512
8059,-0.0174105358252849
8060,-0.0163737697297098
8061,-0.0152163217440227
8062,-0.0130311928298996
8063,-0.0101826976947035
8064,-0.00758553521550828
8065,-0.00561707204130576
8066,-0.00409851879728447
8067,-0.00281088154348279
8068,-0.00162284096197249
8069,-0.000491091268500594
8070,0.000291754764866353
8071,0.000279933786438923
8072,-0.000149358325025334
8073,0.000611502255021966
8074,0.0039269773716504
8075,0.0089292775324323
8076,0.0128049718434161
8077,0.0135312080640296
8078,0.0118453900115446
8079,0.0100628393507504
8080,0.00939067994426511
8081,0.00903854011482126
8082,0.00772168804044413
8083,0.00523969680963142
8084,0.00240904455648852
8085,4.9644082849137E-05
8086,-0.00161027574651391
8087,-0.0028704396916844
8088,-0.00418288416440966
8089,-0.00560993763700382
8090,-0.00654894811162344
8091,-0.0064556266638492
8092,-0.00611107979992289
8093,-0.00754509477225085
8094,-0.0118980180728905
8095,-0.0175439815939611
8096,-0.0212267973479581
8097,-0.0212997213359036
8098,-0.0191765540616493
8099,-0.0172884366540976
8100,-0.0163337114985524
8101,-0.0151793214148774
8102,-0.0129220868719921
8103,-0.0100440598224765
8104,-0.00752171412168523
8105,-0.00567195722085151
8106,-0.0042239509778976
8107,-0.00293424089401636
8108,-0.00171474008234604
8109,-0.000573682936470556
8110,0.00018188228310349
8111,0.000138370729355191
8112,-0.000277902961749188
8113,0.000549273236929646
8114,0.00392780720913061
8115,0.00892924249514076
8116,0.0127602817753357
8117,0.0134863627217284
8118,0.0118866150775971
8119,0.0102026095944894
8120,0.0095300269246695
8121,0.00906228588392158
8122,0.00761920625609938
8123,0.00511351638265373
8124,0.00236277614790875
8125,7.30712492535304E-05
8126,-0.00163832637026193
8127,-0.00305099830747299
8128,-0.0044650535640616
8129,-0.00581323371157195
8130,-0.00654355346246017
8131,-0.00630489330401534
8132,-0.00599407731111513
8133,-0.00754280976461911
8134,-0.0119169603948934
8135,-0.0174789339075881
8136,-0.0211325486634168
8137,-0.0213192815299744
8138,-0.019317972812815
8139,-0.0173707550651805
8140,-0.0161971261642617
8141,-0.0148851199779438
8142,-0.0126787018356815
8143,-0.00996754636037273
8144,-0.00754372378254119
8145,-0.00568087543047483
8146,-0.00421053565435698
8147,-0.00294806751907509
8148,-0.0017313251189292
8149,-0.000490109215748992
8150,0.000410929797963767
8151,0.00042160546483525
8152,-7.39190619481104E-05
8153,0.000643548134977728
8154,0.00399611288902419
8155,0.00904734213003535
8156,0.0129054934988394
8157,0.0135805329868875
8158,0.0118961502079099
8159,0.0101693164227035
8160,0.00951657517178453
8161,0.00909459104200733
8162,0.00768271663528384
8163,0.00518180667174744
8164,0.00241849248348987
8165,0.000114227594493851
8166,-0.00159843683548265
8167,-0.00299292090208811
8168,-0.00437858942543383
8169,-0.00570598503260284
8170,-0.00643930810622523
8171,-0.00624271577653059
8172,-0.00601957381895483
8173,-0.00766964706022118
8174,-0.012081529927735
8175,-0.017560014468528
8176,-0.0210550203733761
8177,-0.0211407942547283
8178,-0.0191854912003171
8179,-0.0173824665913759
8180,-0.016324223389069
8181,-0.01502934058249
8182,-0.0127725669111894
8183,-0.00999809125450729
8184,-0.0075109009596775
8185,-0.0055819553779854
8186,-0.00407137818116946
8187,-0.00283720596642124
8188,-0.00171857725142832
8189,-0.000591500764612362
8190,0.000249214896234739
8191,0.00029304830646296
8192,-9.37702843658223E-05
8193,0.000730718213595339
8194,0.00409810880566568
8195,0.00905157717771138
8196,0.0127852481446771
8197,0.0134246870838741
8198,0.0118212365564676
8199,0.0102109590334323
8200,0.00961631916355127
8201,0.00917405429663597
8202,0.00770605304645948
8203,0.0051593195254709
8204,0.00238593947240013
8205,0.000114375506527385
8206,-0.00154548911527371
8207,-0.00291855879789888
8208,-0.00434590756568623
8209,-0.00574400180613094
8210,-0.00651026276149894
8211,-0.00628769045407014
8212,-0.00602082176097152
8213,-0.00765047561422432
8214,-0.0120637565671912
8215,-0.0175533015604648
8216,-0.0210806137174557
8217,-0.0212251038312755
8218,-0.0193151062543875
8219,-0.0174933505101101
8220,-0.0163603847133649
8221,-0.0149986928406128
8222,-0.0127244876672434
8223,-0.00995793980238705
8224,-0.00746402963322532
8225,-0.00551727422293587
8226,-0.00400631943213687
8227,-0.00278812371298676
8228,-0.0016811853802124
8229,-0.000580471658952183
8230,0.000166536545300324
8231,5.59777354662938E-05
8232,-0.000437296554242469
8233,0.000430694514694913
8234,0.00394639745925398
8235,0.00899199404325095
8236,0.0126742633946784
8237,0.0132037696997816
8238,0.0115585630010555
8239,0.0099694356642218
8240,0.00935784179749644
8241,0.00884557409264615
8242,0.0073650259794979
8243,0.00492202040740177
8244,0.00225952808779321
8245,-2.55445281961406E-05
8246,-0.00177671142441173
8247,-0.0031508252769442
8248,-0.00444442099301152
8249,-0.00572140856983578
8250,-0.00650727663032344
8251,-0.00637933991034747
8252,-0.00613525397910317
8253,-0.00769792817273024
8254,-0.0120544679845087
8255,-0.0175297763190141
8256,-0.0210018853628123
8257,-0.0210109308748006
8258,-0.0189884421421918
8259,-0.0171918379595967
8260,-0.0161838980153598
8261,-0.0149041180483338
8262,-0.0125999189424269
8263,-0.00975126676844386
8264,-0.0072002946670602
8265,-0.00523458406075554
8266,-0.00373787254385943
8267,-0.00259232242323284
8268,-0.00161604848791916
8269,-0.000622536749272659
8270,0.000136030225419185
8271,0.000152226810723977
8272,-0.000189816018739723
8273,0.000799413919180218
8274,0.00443484094613713
8275,0.00960896359714643
8276,0.0133401970499353
8277,0.0137493920877851
8278,0.0118796002334942
8279,0.0101524686015549
8280,0.00958476690312497
8281,0.00917097750951762
8282,0.00765403774656069
8283,0.00504560623116437
8284,0.0022949361176413
8285,0.000132520318342132
8286,-0.00141528280972102
8287,-0.00274367566797664
8288,-0.0041925906427363
8289,-0.0056274568982344
8290,-0.00640040801381125
8291,-0.00616026639164091
8292,-0.0059100406841292
8293,-0.00763762699316537
8294,-0.0121841501959247
8295,-0.0177164912920402
8296,-0.0211245674372248
8297,-0.0210735380533618
8298,-0.019053851813893
8299,-0.0172634499455302
8300,-0.0162025608882155
8301,-0.0148476146150548
8302,-0.0125405312442453
8303,-0.00979701410252902
8304,-0.00739329176572791
8305,-0.00551768809296112
8306,-0.00401072699864621
8307,-0.00278286640955912
8308,-0.00170010888116317
8309,-0.000599494938778133
8310,0.00025146486922241
8311,0.000303334694676455
8312,-0.000109935867351714
8313,0.000709553395794372
8314,0.0041670892065688
8315,0.00925349962191654
8316,0.0130015348788628
8317,0.0134674304750373
8318,0.0116447090032342
8319,0.00997189400742503
8320,0.00949457069947977
8321,0.00917681250714825
8322,0.0076919993386864
8323,0.00502144251211047
8324,0.00215096952518079
8325,-0.000130327707637642
8326,-0.00175714761523938
8327,-0.00310245568350282
8328,-0.0044979275257723
8329,-0.00583452069049261
8330,-0.00652083906290427
8331,-0.00624475840677535
8332,-0.00599932751486726
8333,-0.00774327423605839
8334,-0.0123062195001062
8335,-0.0178452724944537
8336,-0.0212205564725174
8337,-0.0210893374503173
8338,-0.0190061905825648
8339,-0.017251786870721
8340,-0.0163080182822335
8341,-0.0150226959043158
8342,-0.012648331868674
8343,-0.0097683164488658
8344,-0.00729774461070847
8345,-0.00545636965246421
8346,-0.00398529092923576
8347,-0.00272447715379762
8348,-0.00160569200984359
8349,-0.000568696290782466
8350,0.000143389673670439
8351,0.000124729186031858
8352,-0.0002045410230681
8353,0.000768952280817298
8354,0.00429346075092778
8355,0.00931791425787734
8356,0.0129932745382372
8357,0.0135014433436946
8358,0.0118026009333105
8359,0.0101732218719471
8360,0.00956669231684788
8361,0.00905319903223692
8362,0.0075005546053097
8363,0.00495031461084221
8364,0.00225055832810698
8365,2.52116626814879E-05
8366,-0.00166829859346788
8367,-0.00307679942680932
8368,-0.00444551324189032
8369,-0.00571308563503121
8370,-0.00639032875926105
8371,-0.00619449153771202
8372,-0.00604642667037732
8373,-0.00780915350732168
8374,-0.0122874182327051
8375,-0.0177136948828108
8376,-0.0210580783217396
8377,-0.0210081348085404
8378,-0.0190275842737696
8379,-0.0172863870930245
8380,-0.0162679124858776
8381,-0.0149190845268633
8382,-0.0125475362376421
8383,-0.00968899679921453
8384,-0.0072140578329502
8385,-0.00538449979324923
8386,-0.00398308039754311
8387,-0.00278832022687357
8388,-0.00165167159358097
8389,-0.000560150055604425
8390,0.000131106307637563
8391,4.90436465880192E-05
8392,-0.000208923814482759
8393,0.0010188021835412
8394,0.00475646283770545
8395,0.00970978153532149
8396,0.0130900791102419
8397,0.0133742922957003
8398,0.0116909774242518
8399,0.0102039354805994
8400,0.00968277999025353
8401,0.00915586024536676
8402,0.00753970460274074
8403,0.0048896907269025
8404,0.00207095885650661
8405,-0.000197075260949389
8406,-0.00177924257628783
8407,-0.00300087863008561
8408,-0.00426431091480303
8409,-0.00553797139986654
8410,-0.00622644469224007
8411,-0.00600680290810892
8412,-0.00589887709079302
8413,-0.00781701199660986
8414,-0.0124359562425312
8415,-0.017841228247267
8416,-0.0210592170248644
8417,-0.0209598311740799
8418,-0.019051388254798
8419,-0.0173682453351492
8420,-0.0163148991033199
8421,-0.0149492621946002
8422,-0.0126937456925301
8423,-0.00999144713329626
8424,-0.00751604255630738
8425,-0.00550448938960119
8426,-0.00392995375549357
8427,-0.00272624238056896
8428,-0.00167991346241879
8429,-0.000615089909894187
8430,0.000145663884316475
8431,0.000111469268032393
8432,-0.000210187559673346
8433,0.000889991688150838
8434,0.00454012061188353
8435,0.00948069894500754
8436,0.0128790044388685
8437,0.0131584127342628
8438,0.0114242480235456
8439,0.00984767665413328
8440,0.00924693184650448
8441,0.00873640103762255
8442,0.00728013903298156
8443,0.00485477418526156
8444,0.00215990344721533
8445,-0.000169598171892928
8446,-0.00190714949206072
8447,-0.00322713923347389
8448,-0.00450553568052363
8449,-0.00580842373191396
8450,-0.00657888561351913
8451,-0.00638394605609756
8452,-0.00614103937859623
8453,-0.00785387981840015
8454,-0.0124013338776193
8455,-0.0179241292741849
8456,-0.021264436344474
8457,-0.0210894763110493
8458,-0.018931649808591
8459,-0.0170306535427983
8460,-0.0159280753506062
8461,-0.014633153763919
8462,-0.0124573611314914
8463,-0.0098142175795951
8464,-0.00740956871450479
8465,-0.00547902275095648
8466,-0.00395417749666556
8467,-0.00275151688157372
8468,-0.0016814146282522
8469,-0.00059498593990115
8470,0.000167352432915981
8471,9.56875890346178E-05
8472,-0.000293165630622482
8473,0.000780447953412091
8474,0.00451418443639163
8475,0.00961049163167281
8476,0.0131117260559453
8477,0.013391524991406
8478,0.011655503686525
8479,0.0101742030599884
8480,0.00968980506901012
8481,0.00914061599755792
8482,0.00746301588404658
8483,0.00482481425185866
8484,0.00211101191752567
8485,-8.65030139979944E-05
8486,-0.00173579367446766
8487,-0.00309949806358259
8488,-0.00444572185517661
8489,-0.00571250727442163
8490,-0.00637841914783516
8491,-0.00616369678643025
8492,-0.00605977597256017
8493,-0.00796861154550741
8494,-0.0125980402797297
8495,-0.0180288191158568
8496,-0.02122054524911
8497,-0.0210248292159119
8498,-0.0190406918816839
8499,-0.0173738439472368
8500,-0.0163465662026268
8501,-0.0148797894221281
8502,-0.0124236597427524
8503,-0.00962136048590992
8504,-0.00727415760572987
8505,-0.0055093206937864
8506,-0.00408902386614505
8507,-0.00286791967334935
8508,-0.00171571534492238
8509,-0.000554981072574927
8510,0.000259917602660035
8511,0.000232548865371608
8512,-0.000124481315635387
8513,0.000956847474583657
8514,0.00468065042924611
8515,0.00975789195959167
8516,0.0132145503192477
8517,0.0134039555775083
8518,0.0115545474932908
8519,0.0099979769172734
8520,0.00951283345003807
8521,0.00900878956581648
8522,0.00736542672551611
8523,0.00472868010256607
8524,0.00200451514860561
8525,-0.000193851385477154
8526,-0.00184213765232819
8527,-0.00322149440751629
8528,-0.00460029983840883
8529,-0.00589578703978621
8530,-0.00656254807475238
8531,-0.00630894296987647
8532,-0.00613542910717879
8533,-0.00797674086436082
8534,-0.0125802633423473
8535,-0.0180314657355307
8536,-0.0212342305171676
8537,-0.0209652059955295
8538,-0.0188187285770454
8539,-0.0170036299932929
8540,-0.0159699527553713
8541,-0.0146545653115095
8542,-0.0123784264301358
8543,-0.00963565995420132
8544,-0.00720863189122198
8545,-0.005337559211417
8546,-0.0038910533745585
8547,-0.00272329919221283
8548,-0.00164034853133746
8549,-0.000531719944419731
8550,0.000242780583626637
8551,0.00019782371022471
8552,-0.000128527956305967
8553,0.00101139406516628
8554,0.00475587824065579
8555,0.00978897386080931
8556,0.0131847936870724
8557,0.0133380091563719
8558,0.011442102552122
8559,0.00978804383624874
8560,0.00921387888583554
8561,0.00874199374005265
8562,0.00725981435193199
8563,0.00477990728519154
8564,0.00209162900084661
8565,-0.000158606028424649
8566,-0.00183446560307926
8567,-0.00318294329078519
8568,-0.00453335074049552
8569,-0.00584552650860098
8570,-0.00654827302055753
8571,-0.00632989562094639
8572,-0.00622532261535699
8573,-0.00819008192958625
8574,-0.0129088699910975
8575,-0.0183797515603475
8576,-0.0215107855433043
8577,-0.0211802653688942
8578,-0.019058681921081
8579,-0.017311033156556
8580,-0.016275955845622
8581,-0.0148471401506729
8582,-0.012429485801453
8583,-0.00963994883620282
8584,-0.00728444373343261
8585,-0.00549617554140146
8586,-0.00402364040201454
8587,-0.00272091940529103
8588,-0.0015084679382792
8589,-0.000374533178918286
8590,0.000328960816107182
8591,0.000191247593609002
8592,-0.000194675252409505
8593,0.000928669016142355
8594,0.0046815065973039
8595,0.00970369417382215
8596,0.0130208753775538
8597,0.0130562467070528
8598,0.0111389344886763
8599,0.00966298888112911
8600,0.00935950764925772
8601,0.00900022836257821
8602,0.00737827704239848
8603,0.00471635232330169
8604,0.00206846391253946
8605,5.43396707562531E-05
8606,-0.00147836602035673
8607,-0.00294995264321382
8608,-0.00453574222823215
8609,-0.00593935708929162
8610,-0.00655960081490414
8611,-0.00626781246083825
8612,-0.00620855371444651
8613,-0.00824191414578014
8614,-0.0129259322539087
8615,-0.0182846899348314
8616,-0.0213396982327355
8617,-0.0209961854179897
8618,-0.0188569302745366
8619,-0.0170672592787933
8620,-0.0160406507571085
8621,-0.014712988445408
8622,-0.0124056153304969
8623,-0.009624296382139
8624,-0.00718705745243032
8625,-0.00534577528802236
8626,-0.00391916939782566
8627,-0.00271668973314852
8628,-0.0015935594457368
8629,-0.000532308758946769
8630,0.00012021844156833
8631,2.04518731326835E-05
8632,-0.000199560390179925
8633,0.00110969335992656
8634,0.00490275867899323
8635,0.00982692670052775
8636,0.0131156048277497
8637,0.0133202300669809
8638,0.0116040996939264
8639,0.0100922745003847
8640,0.00951396674159171
8641,0.00893490100831286
8642,0.00735962458140746
8643,0.00486605556216516
8644,0.00221343367529334
8645,-2.80836590054289E-05
8646,-0.00176355183766474
8647,-0.00320042906403585
8648,-0.00458551017901323
8649,-0.00585094470425195
8650,-0.00649884819003234
8651,-0.00630464751465818
8652,-0.00627780889971799
8653,-0.00825067932839703
8654,-0.0128494867223924
8655,-0.0181721524896367
8656,-0.021264013687036
8657,-0.0209987882100443
8658,-0.018917403042586
8659,-0.0171231748103409
8660,-0.016050946082706
8661,-0.0147017809573264
8662,-0.0124304124596767
8663,-0.00970434734113868
8664,-0.00728841319953443
8665,-0.00544665336153607
8666,-0.00406438118712618
8667,-0.00297382154592952
8668,-0.00195314489043046
8669,-0.000881322773835683
8670,-9.70426754054997E-05
8671,-4.84930187652873E-05
8672,-0.00020320182019076
8673,0.00110263503492383
8674,0.00491546522724657
8675,0.00991821072016135
8676,0.0132672901219503
8677,0.0134202140156766
8678,0.0115545236838907
8679,0.00991719911091499
8680,0.00934158231185064
8681,0.00887120970439337
8682,0.00738180463437658
8683,0.00484011590607724
8684,0.00202572489422264
8685,-0.000345522751992053
8686,-0.00204455862266361
8687,-0.00330328810800819
8688,-0.00453650798420151
8689,-0.00580058578702867
8690,-0.00653511711859113
8691,-0.00636026209477967
8692,-0.00625239268851636
8693,-0.00816705006371607
8694,-0.012812329568958
8695,-0.0181966613441389
8696,-0.0212511708992306
8697,-0.0209099295887835
8698,-0.0188714383813141
8699,-0.0172328049876577
8700,-0.0162179897646932
8701,-0.014688772132045
8702,-0.0121406900326194
8703,-0.0092996725359131
8704,-0.00699658576429431
8705,-0.00532135834662407
8706,-0.00397248986902676
8707,-0.00275469023337252
8708,-0.00153868836270594
8709,-0.000324027297951203
8710,0.000434797671987399
8711,0.000243674392319844
8712,-0.000233912705411629
8713,0.000921540824367976
8714,0.0048680581367936
8715,0.0100897127571858
8716,0.0134525608048093
8717,0.013398406969924
8718,0.0113809528442875
8719,0.00984235004475516
8720,0.00947344402244505
8721,0.0090419328398942
8722,0.00738178448906595
8723,0.00468250944776715
8724,0.00189753168210958
8725,-0.000343606440605999
8726,-0.00201563530409016
8727,-0.00340712277101329
8728,-0.00479545511480605
8729,-0.00608148982597993
8730,-0.00668733734258083
8731,-0.00634466422368439
8732,-0.00616045988443961
8733,-0.00814273794070757
8734,-0.0129373627726932
8735,-0.018417684165045
8736,-0.0214194042141046
8737,-0.0209213231127237
8738,-0.0187784662108532
8739,-0.0171991487741223
8740,-0.0163528057999302
8741,-0.0149441781889066
8742,-0.0123865245415614
8743,-0.00947107394164228
8744,-0.00712484343853883
8745,-0.00542830758664861
8746,-0.00400753751144291
8747,-0.00269012122903366
8748,-0.00148348252223217
8749,-0.000444584273549679
8750,0.000135493613214799
8751,-1.14206603360446E-05
8752,-0.000229490011069286
8753,0.00112831819151964
8754,0.00500154191258236
8755,0.00998086915423617
8756,0.013228879288096
8757,0.0133075022987657
8758,0.0114945878581589
8759,0.0100154112162546
8760,0.00956278312332071
8761,0.00906158508897681
8762,0.00741758044502577
8763,0.00474488235067715
8764,0.0019412181183829
8765,-0.000287187843456267
8766,-0.00182079837398248
8767,-0.00300493255415872
8768,-0.00429783636503713
8769,-0.00570984744563167
8770,-0.00658042123042819
8771,-0.00645741002175644
8772,-0.00634259982929005
8773,-0.00828383047569573
8774,-0.0130218273576539
8775,-0.0184630157298968
8776,-0.0214043921366503
8777,-0.0208002623010567
8778,-0.0185575414200226
8779,-0.0169667505653254
8780,-0.0162078475402448
8781,-0.0148916716837719
8782,-0.0123189911758822
8783,-0.00926719713978679
8784,-0.00676906755731384
8785,-0.00503185295525101
8786,-0.00371276312189737
8787,-0.00255615525663694
8788,-0.00145764997290761
8789,-0.000425563020393671
8790,0.000223251263648338
8791,0.00017226342234407
8792,4.11221033000428E-05
8793,0.00144278485751453
8794,0.00528134134606245
8795,0.0101470941636372
8796,0.0132607010593655
8797,0.0132534519515185
8798,0.011412359930266
8799,0.00991350019516664
8800,0.0094182204612069
8801,0.00888084650828045
8802,0.00724864179695184
8803,0.00462325187242735
8804,0.0018454011903148
8805,-0.000416824965026514
8806,-0.00202723148876844
8807,-0.00327387434527094
8808,-0.00455033438475149
8809,-0.0058372672134836
8810,-0.00652810124556638
8811,-0.00629902663767074
8812,-0.00624400983473959
8813,-0.00835448661495543
8814,-0.0132116948680603
8815,-0.0186424828713359
8816,-0.0215338983589737
8817,-0.020964774400514
8818,-0.0188160554828407
8819,-0.0172260287728812
8820,-0.0163054825716663
8821,-0.0147929244229206
8822,-0.0121817567365424
8823,-0.00929980059436577
8824,-0.00705027267484983
8825,-0.00547253991341224
8826,-0.00415409999263139
8827,-0.00288067387096362
8828,-0.00163860038818487
8829,-0.000520537813497353
8830,0.000116863421663323
8831,-1.00733715417505E-05
8832,-0.0001919858316925
8833,0.00125411081464207
8834,0.00521084419335602
8835,0.0101759493825841
8836,0.0133080507924195
8837,0.0132735892139335
8838,0.011442276111701
8839,0.010013685915807
8840,0.00958224257403707
8841,0.00903083076678095
8842,0.00732524873815969
8843,0.00465362484957393
8844,0.001896070343221
8845,-0.0003419428923818
8846,-0.00200250523638775
8847,-0.00334679649087889
8848,-0.00465144891093469
8849,-0.00583828875458293
8850,-0.00639055890261205
8851,-0.00612399765090177
8852,-0.00614924086832069
8853,-0.00833346848786737
8854,-0.0131610396672557
8855,-0.0185194669461658
8856,-0.0214242732790007
8857,-0.0209599859535642
8858,-0.0188706223971869
8859,-0.017209131271827
8860,-0.0161909404360414
8861,-0.0147165457326785
8862,-0.0122580790459494
8863,-0.00943258262296905
8864,-0.00701197745965995
8865,-0.00517733467417484
8866,-0.0037735885333752
8867,-0.0026459325861
8868,-0.0015814043172263
8869,-0.000478391504895063
8870,0.000269786076353158
8871,0.0002115791990072
8872,9.1396482571829E-06
8873,0.00145913423050705
8874,0.00551371095401414
8875,0.0105660323396554
8876,0.0136353199644318
8877,0.0134154925533745
8878,0.0114461282393341
8879,0.0100284507383853
8880,0.00968569599546544
8881,0.00917345187157624
8882,0.00742292679935541
8883,0.00467734031443732
8884,0.00186890906538678
8885,-0.000378155297199853
8886,-0.00199320860797397
8887,-0.00324744180975138
8888,-0.00448848555189453
8889,-0.00571938793658255
8890,-0.00640525522348124
8891,-0.00624493082174138
8892,-0.00627756695377842
8893,-0.0084292528100413
8894,-0.013260699043145
8895,-0.0186090901560254
8896,-0.021377389086144
8897,-0.0206765393798739
8898,-0.0184436016121292
8899,-0.0168617227440831
8900,-0.016030778902162
8901,-0.0146252111308295
8902,-0.0120694490195119
8903,-0.00916541518494066
8904,-0.00684890294363524
8905,-0.00522380790056063
8906,-0.00391931360716554
8907,-0.00270474401347904
8908,-0.00151673791461224
8909,-0.000419845679486338
8910,0.000225375108657253
8911,0.000138726769455197
8912,4.63280994134424E-05
8913,0.0016030098324007
8914,0.00559727296793888
8915,0.0104609317534176
8916,0.0134177838487207
8917,0.0132782971065062
8918,0.0114686090400322
8919,0.010095561226115
8920,0.00964214220488229
8921,0.00900170535886895
8922,0.00723513415844456
8923,0.00457353354274427
8924,0.00185889545484506
8925,-0.000327511978614121
8926,-0.00190022475995438
8927,-0.00312948925706246
8928,-0.00438947171189952
8929,-0.00568164448982867
8930,-0.00642442406443326
8931,-0.00627852540049138
8932,-0.0062887836367437
8933,-0.00839985842219446
8934,-0.0131763256893686
8935,-0.0184739251947619
8936,-0.0212515438518968
8937,-0.0206556586456065
8938,-0.0185636284912449
8939,-0.017038822684206
8940,-0.0161337903785485
8941,-0.0146124122764654
8942,-0.0120223693102813
8943,-0.00917417786096764
8944,-0.00689683932966047
8945,-0.00521875403542971
8946,-0.00381764924717414
8947,-0.00254967855465495
8948,-0.0013469178105458
8949,-0.000207693277096791
8950,0.000487598409755698
8951,0.000332077670050689
8952,1.98402035691923E-06
8953,0.00131755652603514
8954,0.00530152786974229
8955,0.0104068483925271
8956,0.0136232482650858
8957,0.0135432433544211
8958,0.0116261679804602
8959,0.0101650159140453
8960,0.00971320458062658
8961,0.00905372112888893
8962,0.00715532244910276
8963,0.0043307807729659
8964,0.00157090055198788
8965,-0.000533005174586061
8966,-0.00204202313262933
8967,-0.00334033896771304
8968,-0.00473711884564207
8969,-0.00606481096177228
8970,-0.00666790192419007
8971,-0.00631884642682798
8972,-0.0062472000258346
8973,-0.00846840016988959
8974,-0.0134376813516852
8975,-0.0188317661482103
8976,-0.0215239320854049
8977,-0.0207270293303863
8978,-0.0184589346043251
8979,-0.0168756221419333
8980,-0.0160111057305585
8981,-0.0145360581053641
8982,-0.0119342660459298
8983,-0.00905650436191983
8984,-0.0068218988370588
8985,-0.0052552645045703
8986,-0.00390341923416959
8987,-0.00254268177612397
8988,-0.00124453851088231
8989,-0.000226598829094801
8990,0.000164158804504841
8991,-0.000148994077333113
8992,-0.000266154373310986
8993,0.00140905115433931
8994,0.00546816337297063
8995,0.0102744272603415
8996,0.0131762142858991
8997,0.0130863894726991
8998,0.011354938540421
8999,0.00997054369042122
9000,0.00945696884808107
9001,0.00884984663731768
9002,0.00723232537152104
9003,0.0046999401788355
9004,0.00199126696813039
9005,-0.000271272718328249
9006,-0.0019287093312846
9007,-0.00325359333085828
9008,-0.00461880881829422
9009,-0.00593204097233856
9010,-0.00654185518805857
9011,-0.00622720422464642
9012,-0.00624652557104192
9013,-0.00857716360719028
9014,-0.0135675240084644
9015,-0.0188676921171732
9016,-0.0214739874742825
9017,-0.0207143342053423
9018,-0.0185445401105676
9019,-0.0169667430967597
9020,-0.0159990477276915
9021,-0.0144624808266354
9022,-0.0119293192747303
9023,-0.00913073302390678
9024,-0.00683154654276215
9025,-0.00512195870874159
9026,-0.00377587502621471
9027,-0.00262782723379758
9028,-0.00150127125744082
9029,-0.00035517286697791
9030,0.000374413310137816
9031,0.000261620651651666
9032,4.55177776836899E-05
9033,0.00155285953071674
9034,0.00566185799868714
9035,0.0106650366626498
9036,0.0135743321517794
9037,0.0131749326524857
9038,0.011097418539339
9039,0.00967220112055415
9040,0.00941041869765604
9041,0.00903385763382183
9042,0.00741041545334393
9043,0.00472279200998107
9044,0.00191238202790377
9045,-0.000335280699195706
9046,-0.00194503474199411
9047,-0.00325848743760492
9048,-0.00462656185665014
9049,-0.00590996085207571
9050,-0.0064606121247139
9051,-0.00610374547656741
9052,-0.00613340481383019
9053,-0.00851694455895014
9054,-0.0135541994128855
9055,-0.0188495755859159
9056,-0.0214017622317976
9057,-0.0205917617382239
9058,-0.0184295182772788
9059,-0.0169196394221183
9060,-0.0160284925814029
9061,-0.0145159000390103
9062,-0.0119362700449071
9063,-0.00906753875288475
9064,-0.0067480904624788
9065,-0.00508504679628257
9066,-0.00377310920300987
9067,-0.00256094786044773
9068,-0.00131570982299177
9069,-0.000149837738115941
9070,0.000442397948703407
9071,0.000193447933349895
9072,3.86163268266409E-05
9073,0.00176171635408022
9074,0.00598224659249266
9075,0.0108541283979751
9076,0.013567758950228
9077,0.0131716450448921
9078,0.01128882469906
9079,0.00997856690227386
9080,0.00957025811354646
9081,0.00890836626376395
9082,0.00710607628182003
9083,0.00442449200960856
9084,0.00169708234623805
9085,-0.000482615164539708
9086,-0.00201753205075965
9087,-0.00322233355348147
9088,-0.00451294881843129
9089,-0.00583111953936557
9090,-0.00650227236167364
9091,-0.00623868122220996
9092,-0.00626769381387664
9093,-0.00859375220912742
9094,-0.0135779798013936
9095,-0.018829955024653
9096,-0.0213306519091781
9097,-0.0204932072119351
9098,-0.0183829677320331
9099,-0.0169792712375748
9100,-0.0161290139059855
9101,-0.0145154793095865
9102,-0.0117757959386098
9103,-0.00884560230236423
9104,-0.00660254976982656
9105,-0.00503574993216226
9106,-0.00374386840576272
9107,-0.00254135434470325
9108,-0.00140819360341107
9109,-0.000407785633771499
9110,0.000155202080393817
9111,9.14792980912886E-05
9112,0.000170324156165285
9113,0.00195610315459624
9114,0.00606003659669679
9115,0.0108234154307938
9116,0.0135647913540532
9117,0.0132646063161958
9118,0.0114194443044235
9119,0.0100846577661978
9120,0.00968178044983961
9121,0.00908770534197137
9122,0.00734514693274619
9123,0.00465046474163095
9124,0.00186245862190981
9125,-0.000359864458709994
9126,-0.00190016986621139
9127,-0.00309913624247643
9128,-0.0043837436290531
9129,-0.00567486857663208
9130,-0.00629042940575722
9131,-0.00597858374178723
9132,-0.00601452906223207
9133,-0.00841077366163307
9134,-0.0134892742653547
9135,-0.0188115314301541
9136,-0.02133387026184
9137,-0.0204620952421806
9138,-0.0182597100720977
9139,-0.0167316087766329
9140,-0.015800752570577
9141,-0.0142281870645225
9142,-0.0116322183176564
9143,-0.00881959630801911
9144,-0.00656392557065955
9145,-0.00490657136676589
9146,-0.00358690057318082
9147,-0.00245016949896359
9148,-0.00135334898830015
9149,-0.000283114419128856
9150,0.000331389628786457
9151,0.000134296041594586
9152,-3.24518574538925E-05
9153,0.00167914663017456
9154,0.00601219835539945
9155,0.0110764841762434
9156,0.0138628872675185
9157,0.0133404935862969
9158,0.0113122852336323
9159,0.0100481906839546
9160,0.00982969078742791
9161,0.00925940361978106
9162,0.00734404904927244
9163,0.00450511164915192
9164,0.00177085105570294
9165,-0.000290638882362773
9166,-0.00176499589497496
9167,-0.00304924977394112
9168,-0.0044514532578043
9169,-0.00578300976870167
9170,-0.00639020653848235
9171,-0.00612113908740484
9172,-0.00628486084096556
9173,-0.00882421205740851
9174,-0.0139663583480485
9175,-0.0192434997826046
9176,-0.0216676700871112
9177,-0.0207337334359338
9178,-0.0185541384611159
9179,-0.0171018056052039
9180,-0.0162137384186699
9181,-0.0145950433805364
9182,-0.0119042982865037
9183,-0.0090498427513816
9184,-0.00684682776746441
9185,-0.00524850902232538
9186,-0.00387142356399936
9187,-0.00256840477853787
9188,-0.00134576331036167
9189,-0.000289029477643294
9190,0.000271753167650685
9191,0.000146608353544334
9192,0.000150726960215941
9193,0.00190407549923015
9194,0.00602006303437358
9195,0.0107817782497001
9196,0.013453056401695
9197,0.0130232747942667
9198,0.0110506421480238
9199,0.00964096316919899
9200,0.00920967381415394
9201,0.00859425169450945
9202,0.00682988484319652
9203,0.00416059784084018
9204,0.00148122420829387
9205,-0.000606381174119937
9206,-0.00210456352084187
9207,-0.00339160254554956
9208,-0.00477576801909057
9209,-0.00602629373688437
9210,-0.00647007491531347
9211,-0.00603376831811895
9212,-0.00613077005809712
9213,-0.00870081062339916
9214,-0.0138661813042584
9215,-0.019090418416053
9216,-0.0214298919107607
9217,-0.020463887772663
9218,-0.0183265372680823
9219,-0.0169426760916787
9220,-0.0160962464187072
9221,-0.0144809670000917
9222,-0.0117852932129484
9223,-0.00895807111572184
9224,-0.00682142502959712
9225,-0.00528020377823735
9226,-0.00389418470524211
9227,-0.00253603415315769
9228,-0.00131337174617686
9229,-0.000377713145627129
9230,1.28995345928323E-05
9231,-0.000186971932646396
9232,-0.000115486472862484
9233,0.00174403601812803
9234,0.00589766501585396
9235,0.0106648289488452
9236,0.013430100184961
9237,0.0131974852144358
9238,0.0113822177262273
9239,0.00996312215855337
9240,0.00941449570651895
9241,0.00874736374284563
9242,0.0070571854465409
9243,0.00445490625276807
9244,0.00168656681115188
9245,-0.000610346212319298
9246,-0.00225698622917069
9247,-0.00352156082197482
9248,-0.00478724939659946
9249,-0.0059733259540739
9250,-0.00646461477537807
9251,-0.00612460942999325
9252,-0.00627858304181682
9253,-0.00883641182411572
9254,-0.013954552240742
9255,-0.0191568599145898
9256,-0.0215329653904351
9257,-0.0206232858254642
9258,-0.0184736524727383
9259,-0.0169783167564356
9260,-0.0160182071896154
9261,-0.0144139595524189
9262,-0.0118366843865749
9263,-0.00907107898504991
9264,-0.00684181486139295
9265,-0.00517037576125674
9266,-0.00379825795160738
9267,-0.00258739567170175
9268,-0.00144830076977771
9269,-0.000426445462949782
9270,8.27184134415078E-05
9271,-0.00014235118409654
9272,-0.000185614965267438
9273,0.00168520429103354
9274,0.00603231804054033
9275,0.0109640096144357
9276,0.0136590983924487
9277,0.0131937148152428
9278,0.011226885958045
9279,0.00983249080760299
9280,0.00934588589961392
9281,0.00863830882390669
9282,0.00685062684200653
9283,0.00421441199046055
9284,0.00147698240944303
9285,-0.000816420253036513
9286,-0.002497454415383
9287,-0.00373903159068243
9288,-0.00488876946592992
9289,-0.00597489004608536
9290,-0.00649593170481814
9291,-0.00627516948597164
9292,-0.00649668896445716
9293,-0.00900523976948822
9294,-0.0140215756910412
9295,-0.0191547286902855
9296,-0.0215123775205563
9297,-0.0206135663060918
9298,-0.018489045369491
9299,-0.0170094058388463
9300,-0.016011966264346
9301,-0.0143061571121538
9302,-0.0116235618009159
9303,-0.00882372617871044
9304,-0.00663548207897245
9305,-0.0050192540336052
9306,-0.00366914304210036
9307,-0.00244630245306276
9308,-0.0012685438443714
9309,-0.000179532706543239
9310,0.000399574812488677
9311,0.000187453858450341
9312,7.54074099963003E-05
9313,0.00185310720201816
9314,0.00615323816971085
9315,0.0110660437566259
9316,0.0136879397660038
9317,0.0130854412692422
9318,0.0110355462387142
9319,0.00972461120027592
9320,0.00943229000853339
9321,0.00884172800530933
9322,0.00699044101284583
9323,0.0042224033748654
9324,0.00148134454934153
9325,-0.000648321219171608
9326,-0.00216807818259199
9327,-0.00342849903024169
9328,-0.00475856622417999
9329,-0.00600693392489364
9330,-0.00654557289516777
9331,-0.00625313941651708
9332,-0.00646219568707805
9333,-0.00908339784466199
9334,-0.0142567985714101
9335,-0.0194542065164242
9336,-0.0217205117433355
9337,-0.0206403605889876
9338,-0.0183824519984872
9339,-0.0169093684271104
9340,-0.0160240711357139
9341,-0.0144164590231814
9342,-0.0117461415822006
9343,-0.00892020124234565
9344,-0.00674670542816717
9345,-0.00516333929951381
9346,-0.00375875125180029
9347,-0.00237688110477387
9348,-0.00108900897285471
9349,-9.81882322361504E-05
9350,0.00023593940644812
9351,-0.00011184670742381
9352,-9.12000756479205E-05
9353,0.00194361899386194
9354,0.00633310168526384
9355,0.0110680041661803
9356,0.0134469910600718
9357,0.0127844771215687
9358,0.0108576034784259
9359,0.00963799299838778
9360,0.00927184194859472
9361,0.00855763173678132
9362,0.0067275968402024
9363,0.00413511404206735
9364,0.00153644220894984
9365,-0.000625578051033334
9366,-0.0022796204086396
9367,-0.0036000194766767
9368,-0.00485628696483804
9369,-0.00599952371279162
9370,-0.00651154829479547
9371,-0.0062601397495976
9372,-0.00649161847264699
9373,-0.00907346914519544
9374,-0.0141759710977008
9375,-0.0193117148410891
9376,-0.0215366458980607
9377,-0.0204430378069972
9378,-0.0182279052201967
9379,-0.0168688333500884
9380,-0.016122830412491
9381,-0.0145907182038654
9382,-0.0118793526954342
9383,-0.00893468383988817
9384,-0.00666100922701459
9385,-0.00505924428708157
9386,-0.0036986748325253
9387,-0.00235776931198769
9388,-0.00106525763974994
9389,-3.29559098359902E-05
9390,0.00034340779372865
9391,5.9114170475973E-06
9392,-7.85358675744051E-06
9393,0.00196767308977367
9394,0.00632101664651393
9395,0.0110728029634628
9396,0.0134855001918805
9397,0.0128096896642651
9398,0.0108341051428747
9399,0.00963108533051869
9400,0.00939493661305519
9401,0.00880155791098928
9402,0.00690724114788602
9403,0.00407929639957203
9404,0.00131222918282521
9405,-0.000761068591889078
9406,-0.00217098748270962
9407,-0.00337046371759874
9408,-0.00475156547982648
9409,-0.00611106892646783
9410,-0.00671880125107383
9411,-0.00641278536862891
9412,-0.0065584607259242
9413,-0.00910322676988215
9414,-0.01420365790376
9415,-0.0193648940224118
9416,-0.0216736533839871
9417,-0.0206883905234084
9418,-0.018470625986062
9419,-0.0169135291169758
9420,-0.0158944029806944
9421,-0.0142450883224735
9422,-0.0116533623056966
9423,-0.0088996857266512
9424,-0.00667899620902908
9425,-0.00498478364427149
9426,-0.00356345400846163
9427,-0.00232102918173957
9428,-0.00122320758340642
9429,-0.0003297647133839
9430,3.20920178046075E-05
9431,-0.000236762860117663
9432,-0.000153443737697457
9433,0.00193066513019245
9434,0.00639032102067023
9435,0.0112179948589229
9436,0.0136710700941404
9437,0.0130242416031872
9438,0.0110628883396874
9439,0.00981034496976926
9440,0.00944618215297053
9441,0.00872911480735481
9442,0.00681645825170032
9443,0.00406114995878341
9444,0.00133291627348096
9445,-0.0008149340736588
9446,-0.00234464339863353
9447,-0.00357415306264631
9448,-0.0048464708361498
9449,-0.00603473305346979
9450,-0.0065218894160896
9451,-0.00620175752006846
9452,-0.00641881344393554
9453,-0.00905543778609429
9454,-0.0142041829380032
9455,-0.0193461052302115
9456,-0.0215964540715013
9457,-0.0205664175081748
9458,-0.0183547872346557
9459,-0.016859875701014
9460,-0.015927602262373
9461,-0.0143199073772062
9462,-0.0116569705055432
9463,-0.0087460185775599
9464,-0.00643100299833208
9465,-0.00483400934552343
9466,-0.00362478236808619
9467,-0.0024660590231429
9468,-0.00119368841513132
9469,-3.14409257417073E-05
9470,0.000419346073084956
9471,1.25917814700596E-06
9472,-0.000105557997560106
9473,0.00191931205965442
9474,0.00640321898766781
9475,0.0112147278399944
9476,0.0136300407617982
9477,0.0130338459039284
9478,0.0111909211453258
9479,0.00995964894665236
9480,0.009450297173991
9481,0.00857535978497193
9482,0.00667451995038739
9483,0.0040693614966049
9484,0.00144297783917919
9485,-0.000733819989072352
9486,-0.00232075823562517
9487,-0.00353521134901981
9488,-0.00476788785509943
9489,-0.00598446782453808
9490,-0.00654303304965766
9491,-0.00623768055398853
9492,-0.00640440099840635
9493,-0.00902150305720462
9494,-0.0142200001745476
9495,-0.0193914175735571
9496,-0.0215751167605758
9497,-0.0204498237399937
9498,-0.0182277623636591
9499,-0.0167853852837337
9500,-0.0158347794504791
9501,-0.0140982251683868
9502,-0.0113280273132292
9503,-0.0084556726259079
9504,-0.00626669216280763
9505,-0.00473499882882216
9506,-0.00351516130107498
9507,-0.00240614849695122
9508,-0.00131226527262808
9509,-0.000320843672093371
9510,0.000158203113573957
9511,-2.0249425769283E-05
9512,0.000144793067125094
9513,0.00230225940224076
9514,0.00675500465949271
9515,0.0114437595528104
9516,0.0137136214797503
9517,0.0130042188097062
9518,0.0111415215673022
9519,0.0100018163569668
9520,0.00961617368027447
9521,0.00878366169470706
9522,0.00682265816469517
9523,0.00413877779201178
9524,0.00148090016467957
9525,-0.00070926319919062
9526,-0.00233200319700942
9527,-0.0035549707628162
9528,-0.00469114381241767
9529,-0.00575026988317985
9530,-0.00625376535903482
9531,-0.00608577045112576
9532,-0.00646944238356431
9533,-0.00918947336252177
9534,-0.0143211307431702
9535,-0.0193689268729587
9536,-0.0214837298324668
9537,-0.020337774612739
9538,-0.0180940705862652
9539,-0.0166463162272505
9540,-0.0157548241147871
9541,-0.0141178576939968
9542,-0.0114031810480518
9543,-0.00850671685751049
9544,-0.00625772208357019
9545,-0.00466674768338436
9546,-0.00337144982962134
9547,-0.00216740567920245
9548,-0.00101706454183767
9549,-5.60008691019908E-05
9550,0.000343947722324029
9551,0.000108676792657108
9552,0.000245814721808535
9553,0.00236738058650336
9554,0.00678889820212716
9555,0.0114980591177167
9556,0.0138101673127205
9557,0.0130620215919966
9558,0.0110636510262268
9559,0.00983017147821477
9560,0.00950915137801317
9561,0.00880820572778821
9562,0.00685243896746271
9563,0.00403287425360545
9564,0.00130693795758192
9565,-0.000739603104157711
9566,-0.00215586329063833
9567,-0.00338177831817192
9568,-0.00476803448841099
9569,-0.00606268625028687
9570,-0.00654590325948451
9571,-0.00616529118016546
9572,-0.00640189754637468
9573,-0.0091589029872105
9574,-0.0143782501760605
9575,-0.0194051734219052
9576,-0.0214294373837553
9577,-0.0202791333414518
9578,-0.0181475398866442
9579,-0.0167890574638705
9580,-0.0158632774333695
9581,-0.0141491526334826
9582,-0.011447269773672
9583,-0.00864051718077355
9584,-0.00643108597637073
9585,-0.00478990027329355
9586,-0.00345935046764119
9587,-0.00231763193466298
9588,-0.00126322327549378
9589,-0.000323917711136983
9590,0.000120308224980312
9591,-0.000102987358354355
9592,-2.43836259080596E-05
9593,0.00203055066206254
9594,0.006435427117305
9595,0.0111637463577827
9596,0.0134969005809751
9597,0.0127726612692921
9598,0.0108128501608108
9599,0.00962560973151232
9600,0.00935920302432962
9601,0.00874016282205855
9602,0.00688189687647475
9603,0.00411272974436507
9604,0.00135019012018761
9605,-0.000772897397241194
9606,-0.00222639164431841
9607,-0.00343234648250948
9608,-0.00478009316859221
9609,-0.00604204395021842
9610,-0.00650426533885589
9611,-0.00615183364132664
9612,-0.00650695840661723
9613,-0.00942292693264206
9614,-0.0147080550749981
9615,-0.0196357530660156
9616,-0.0214774505590487
9617,-0.0202004288921074
9618,-0.018047044703866
9619,-0.016722443734824
9620,-0.0158338795946615
9621,-0.0141447355169118
9622,-0.0114441425120007
9623,-0.00860809064109451
9624,-0.0063705084467633
9625,-0.00474054445926642
9626,-0.00343089066777125
9627,-0.00224801839664699
9628,-0.001101090388951
9629,-0.000135094783286279
9630,0.000205201451846754
9631,-0.00014074124903427
9632,-3.6309626596305E-05
9633,0.00219098388591132
9634,0.00673824374336243
9635,0.0114651351966888
9636,0.0137496711272167
9637,0.0130810208091177
9638,0.0112467914904581
9639,0.0100599979100559
9640,0.00958048868609012
9641,0.00869524225902399
9642,0.00673888171123355
9643,0.00405130773571316
9644,0.00135839727001177
9645,-0.000837610136912556
9646,-0.0024162310564363
9647,-0.00363676785011094
9648,-0.0048798628513173
9649,-0.00605053192654328
9650,-0.00650207619218974
9651,-0.00614117630664087
9652,-0.0064204512078431
9653,-0.00926531673475227
9654,-0.0145945232551301
9655,-0.0196524765367388
9656,-0.0215719998694987
9657,-0.0202679669628941
9658,-0.0180765476635149
9659,-0.0167804555881168
9660,-0.0159234011039024
9661,-0.0141697674294711
9662,-0.0113410962817343
9663,-0.00844452371910717
9664,-0.00626638082954193
9665,-0.0047322127818145
9666,-0.00346125194441735
9667,-0.00226192073954763
9668,-0.00109470658350025
9669,-0.000121910442589247
9670,0.000218885240069883
9671,-0.000142979334990409
9672,-7.5203996543908E-05
9673,0.00212943380301986
9674,0.00669390997017952
9675,0.0114349998235332
9676,0.0136715399443528
9677,0.0129221452356308
9678,0.011074419657093
9679,0.00997245692947673
9680,0.00958439202848927
9681,0.00870365251937068
9682,0.00668807706298991
9683,0.00396469733964683
9684,0.00128804300607916
9685,-0.000871294559874692
9686,-0.0023989354645147
9687,-0.00353935934627195
9688,-0.00472958237899949
9689,-0.00598313306481126
9690,-0.0066484648529776
9691,-0.00644618429178459
9692,-0.00665255013608883
9693,-0.00925592033411012
9694,-0.0144213920088698
9695,-0.0195291697194761
9696,-0.0215866890349689
9697,-0.0203047915427993
9698,-0.0179974127675842
9699,-0.0166084780477093
9700,-0.0157984076411416
9701,-0.0141665737495188
9702,-0.0113959160090233
9703,-0.00845934011158581
9704,-0.00622909070349424
9705,-0.00470614570085743
9706,-0.00348652835804852
9707,-0.00230429887744042
9708,-0.00108506082991213
9709,-1.45149733047717E-05
9710,0.000432784859032655
9711,0.000163090819833448
9712,0.000287584388044393
9713,0.00249048225308259
9714,0.00699368427450435
9715,0.0116433773779715
9716,0.0137878155592432
9717,0.0129510637991779
9718,0.0110222783929163
9719,0.00986568106855011
9720,0.00945926513488375
9721,0.00856397668193933
9722,0.00650606717170333
9723,0.0037533567067582
9724,0.00113478483283212
9725,-0.000903484428535564
9726,-0.00238721659473874
9727,-0.00363159074085168
9728,-0.00492999251586065
9729,-0.00609605390761176
9730,-0.00652027509505394
9731,-0.00621517007406821
9732,-0.00664309540372721
9733,-0.00961180418992438
9734,-0.0149411499692189
9735,-0.0199071164290761
9736,-0.0217293716701103
9737,-0.0203351301579612
9738,-0.0180198675740246
9739,-0.0165958538666412
9740,-0.0157059666131437
9741,-0.0140371326928738
9742,-0.0112993024393341
9743,-0.00840279627601957
9744,-0.00618725542519339
9745,-0.00468060990000613
9746,-0.00346402476464675
9747,-0.00220312238272641
9748,-0.000846706081471959
9749,0.00024933840449414
9750,0.000487842351639322
9751,-9.68784661412009E-05
9752,-0.000119360939291927
9753,0.00221246728017514
9754,0.00694594685272849
9755,0.0116965566439552
9756,0.0137895329024625
9757,0.0129110464270767
9758,0.0110657806391684
9759,0.0100610184126658
9760,0.00974750688532499
9761,0.00884553301730056
9762,0.00675046742717907
9763,0.00400724232592037
9764,0.00144115380902912
9765,-0.000573857275359918
9766,-0.00211694702647938
9767,-0.00346786111943599
9768,-0.00482376712296622
9769,-0.00595121540353546
9770,-0.00630964207225383
9771,-0.00601850527199868
9772,-0.00654194137178836
9773,-0.0095669776561042
9774,-0.0148236671256588
9775,-0.0196552946989028
9776,-0.0214243021610549
9777,-0.0200898872041587
9778,-0.0178350403692226
9779,-0.0163779903284617
9780,-0.0154133477014043
9781,-0.013745607773786
9782,-0.0111055156759184
9783,-0.00830848988126843
9784,-0.00611241891348044
9785,-0.00456612589324846
9786,-0.00332771964206717
9787,-0.00210594646547599
9788,-0.000828021504905783
9789,0.000217661921733574
9790,0.000511656907331494
9791,0.000111837070621275
9792,0.000311550377234128
9793,0.0027365767472949
9794,0.00734769094508687
9795,0.0118512675147151
9796,0.0137429625843311
9797,0.0127805403107905
9798,0.0109126966649217
9799,0.0098953140166004
9800,0.00960345510909677
9801,0.00876202986586259
9802,0.0066677106995634
9803,0.00377221540429593
9804,0.00098469053217134
9805,-0.00109928227583596
9806,-0.00245478081188243
9807,-0.00352582859250592
9808,-0.00476967973340017
9809,-0.00600865457749299
9810,-0.00650074474510421
9811,-0.00616769074146599
9812,-0.00652262754952203
9813,-0.00946932622038109
9814,-0.0148335068777739
9815,-0.0198136748496769
9816,-0.0215861981828376
9817,-0.020128511609645
9818,-0.0178134560053705
9819,-0.0164653580374594
9820,-0.0156712439750294
9821,-0.0140672573731244
9822,-0.0113614456206296
9823,-0.00848101113856871
9824,-0.00626011254064332
9825,-0.00471667757735344
9826,-0.00346215857343398
9827,-0.00221905222719957
9828,-0.000940698007779165
9829,0.0001071562180312
9830,0.000438463423012944
9831,8.90851615471109E-05
9832,0.000297670910146458
9833,0.00267825243112732
9834,0.00723684090517457
9835,0.0117273880260245
9836,0.0136564763816764
9837,0.0127581307325326
9838,0.0109349587144678
9839,0.00989957044697595
9840,0.00954108318716414
9841,0.00867052569611248
9842,0.0066539117185389
9843,0.00389466901025611
9844,0.0011828943789181
9845,-0.00092317361609828
9846,-0.00231384903103132
9847,-0.00336365399777256
9848,-0.00458003344434149
9849,-0.00586466426057619
9850,-0.00644534472215066
9851,-0.00614074866224934
9852,-0.00644229997150071
9853,-0.00934243071045804
9854,-0.0147337685250742
9855,-0.0197792151414584
9856,-0.0215947885027557
9857,-0.0201562930998393
9858,-0.0178496723739333
9859,-0.01646129927018
9860,-0.0155414341572908
9861,-0.0137811314043931
9862,-0.0109971089109344
9863,-0.00814820698987794
9864,-0.00599201051184611
9865,-0.00447562207571113
9866,-0.00323604477955536
9867,-0.00206222745025227
9868,-0.00090922226095942
9869,2.61543150757244E-05
9870,0.000312429952590955
9871,-2.07820416746922E-05
9872,0.000238237806388264
9873,0.00270072632923443
9874,0.00737038964917635
9875,0.0119527509704085
9876,0.0138822137073751
9877,0.0128833252266787
9878,0.0109428459507987
9879,0.00986129753406572
9880,0.00951249768136396
9881,0.0086216262851283
9882,0.00653815397415201
9883,0.00375679110593114
9884,0.00112018264862485
9885,-0.000918248414276171
9886,-0.00238638176301215
9887,-0.00360630007732226
9888,-0.00486839316796847
9889,-0.00598278025202682
9890,-0.00636719004739116
9891,-0.00608106210166719
9892,-0.00658852643337179
9893,-0.00962400841257216
9894,-0.0149313582806595
9895,-0.0198016489996921
9896,-0.0215476445858188
9897,-0.0201588447166393
9898,-0.0179020510277145
9899,-0.0165243220406737
9900,-0.0156451527319563
9901,-0.0139695241812552
9902,-0.0112192824122442
9903,-0.00830406423751769
9904,-0.00608148331026342
9905,-0.00461283768074187
9906,-0.00348459388846643
9907,-0.00233033291909781
9908,-0.00106906408033166
9909,-4.21377861810346E-05
9910,0.000192213373233544
9911,-0.000270647880704281
9912,-5.6302864656359E-05
9913,0.0024812124452306
9914,0.00722043945555197
9915,0.0117782503893086
9916,0.0136697920714491
9917,0.0127477748400801
9918,0.0109833317983287
9919,0.0100358291567531
9920,0.00970432147044155
9921,0.00878369754630013
9922,0.00670169622002402
9923,0.00391681593598078
9924,0.0012048192390534
9925,-0.000933031207189188
9926,-0.00240432536726691
9927,-0.00351967134138773
9928,-0.00470407435205073
9929,-0.00586933749102942
9930,-0.00636681250635882
9931,-0.00612521561032667
9932,-0.00659114358926557
9933,-0.0095856648929607
9934,-0.0148899323792514
9935,-0.0197382510059525
9936,-0.0214095271414302
9937,-0.0199496551924954
9938,-0.0176801150864823
9939,-0.016320911577855
9940,-0.0154558531706404
9941,-0.0138349577235684
9942,-0.0112265290186203
9943,-0.00845417975829548
9944,-0.00621862525871
9945,-0.00456702136037453
9946,-0.00325869306400084
9947,-0.00206132505544857
9948,-0.000814544663915105
9949,0.000287028092324075
9950,0.000645558064854495
9951,0.00016618000301287
9952,0.00017123302609221
9953,0.00250206519342742
9954,0.00722715257004957
9955,0.0118939945052823
9956,0.0138025176023568
9957,0.012751350197674
9958,0.0108673538377442
9959,0.00991756383975858
9960,0.00960152289266252
9961,0.00858614269083331
9962,0.00637268583452472
9963,0.0036115870141902
9964,0.00110417601989694
9965,-0.000857128804333507
9966,-0.00236317245952933
9967,-0.00364592163875518
9968,-0.00489033793230958
9969,-0.0059047930902209
9970,-0.00619355982833101
9971,-0.00591585076361172
9972,-0.00658243959807179
9973,-0.00986384547771874
9974,-0.0153333990066972
9975,-0.0201425135589249
9976,-0.0216621919539057
9977,-0.020102757389552
9978,-0.0178625535421802
9979,-0.016574400930556
9980,-0.0156656298960852
9981,-0.0138485050453587
9982,-0.0110477024850404
9983,-0.00828090255878801
9984,-0.0062490106812441
9985,-0.004786678572942
9986,-0.00347715485495571
9987,-0.00216782117902014
9988,-0.000923128906307046
9989,1.08057335788949E-05
9990,0.000260547519358316
9991,-4.93919086736732E-05
9992,0.000308458043985971
9993,0.00284564312778367
9994,0.00744547683434919
9995,0.0118078018939986
9996,0.0135071087841031
9997,0.012432619327147
9998,0.0106059312395186
9999,0.00970471885262003
