T,AI2_filter1
0,1.24868724936071E-21
1,8.80666078787407E-07
2,1.33178565856585E-06
3,-2.08428558492439E-07
4,-1.60392730199133E-06
5,6.59704283533274E-07
6,4.9967576246414E-06
7,3.86098948635737E-06
8,-3.87256224262364E-06
9,-5.78673593449031E-06
10,5.30488341318042E-06
11,1.25217200756566E-05
12,-7.37060389628406E-07
13,-1.66692424597234E-05
14,-4.82943670894918E-06
15,2.17219443406133E-05
16,1.58866195061577E-05
17,-2.24417329863515E-05
18,-2.97174695897033E-05
19,1.83269272548577E-05
20,4.60926853015918E-05
21,-6.35368520913276E-06
22,-6.2054416959328E-05
23,-1.49778754178643E-05
24,7.40377827035299E-05
25,4.61325469092862E-05
26,-7.88780440263706E-05
27,-8.91396042854365E-05
28,6.79064012808283E-05
29,0.000137754442975362
30,-4.06786406210649E-05
31,-0.000194275385106609
32,-1.28106503172293E-05
33,0.000254724321897691
34,9.70812144866211E-05
35,-0.000331808005916897
36,-0.000233126830180229
37,0.000487775274801307
38,0.000499179330227357
39,-0.00146634287316221
40,-0.00458823365611389
41,-0.00652043693217021
42,-0.00640562879872166
43,-0.00640835804630473
44,-0.00928021568798087
45,-0.0147788174358393
46,-0.0196017537292847
47,-0.0210099239187691
48,-0.0195405702939161
49,-0.0176641871696951
50,-0.0166416218808055
51,-0.0156661681388419
52,-0.0136961677580888
53,-0.010958772905055
54,-0.00837732298975609
55,-0.00637306719600314
56,-0.0047855054511938
57,-0.00346645933139698
58,-0.00236290638498013
59,-0.00131249223943798
60,-0.00033258821731485
61,0.000119179583674011
62,-0.000122606995444261
63,1.86269535593502E-05
64,0.00220768783040121
65,0.00663308447841755
66,0.0111597631413317
67,0.0132143402268289
68,0.0123474153504485
69,0.010392939383765
70,0.00920707899997708
71,0.00886240206272823
72,0.00816346608220228
73,0.00631680945070217
74,0.00366373810431357
75,0.00108381009214947
76,-0.00085921595669078
77,-0.00223495482205644
78,-0.00350132888070769
79,-0.00491976848943487
80,-0.00609553215629717
81,-0.00636325167465314
82,-0.00595786977074442
83,-0.00649510823835385
84,-0.00956525893820923
85,-0.0146716681269974
86,-0.0191728915081576
87,-0.0207395383968216
88,-0.0195509104112415
89,-0.0176435478524108
90,-0.016425699028411
91,-0.0154933809712615
92,-0.0138108923583709
93,-0.0112590190585524
94,-0.00861992553461976
95,-0.00653212232451065
96,-0.004998217819519
97,-0.00372566211550944
98,-0.00249493623487631
99,-0.00126444943759603
100,-0.000282612255800757
101,1.34479974651587E-05
102,-0.000305783594755309
103,-7.81425542789189E-05
104,0.00217803599095784
105,0.00649461815277119
106,0.0108495191023714
107,0.0128904014321988
108,0.0121962342277162
109,0.0104290497838645
110,0.00931496614275688
111,0.00895432117615865
112,0.00821877683755857
113,0.00632023950653392
114,0.00360033119276795
115,0.00099289679960347
116,-0.000903842363865523
117,-0.00222121975260382
118,-0.00349897476176538
119,-0.00497639859700466
120,-0.00616299030584769
121,-0.00637109900351111
122,-0.00591860853780701
123,-0.00647963019634823
124,-0.00959045571127991
125,-0.014682644160484
126,-0.0191537221789986
127,-0.0207771602276899
128,-0.0197348691080234
129,-0.0179295716093311
130,-0.0166622319001919
131,-0.0155938528156924
132,-0.0138433039550624
133,-0.0113256297195448
134,-0.00868881571471174
135,-0.00646710344672765
136,-0.00476754353933188
137,-0.00349988702294144
138,-0.00246599218773987
139,-0.00140225390224364
140,-0.000364419011609236
141,0.000122816117819663
142,-0.000116173527578938
143,4.34523174307922E-06
144,0.00213200205471698
145,0.00643984715165117
146,0.0108282961455108
147,0.012809196269339
148,0.0120080376394847
149,0.0102504903007899
150,0.00928786268800942
151,0.00907384312130326
152,0.00839146197719923
153,0.00652626145186781
154,0.00387515505718106
155,0.00127582456718684
156,-0.000750908470387513
157,-0.00220580672708424
158,-0.00344170988259802
159,-0.00475097351164736
160,-0.00589017364958559
161,-0.00624717190501374
162,-0.00591191504599043
163,-0.00635899058917874
164,-0.009265095148484
165,-0.0143558675487659
166,-0.0190581705808897
167,-0.0208748531081334
168,-0.0198049199820779
169,-0.0178875355045939
170,-0.0166373821277678
171,-0.0156848413387903
172,-0.0139529540836745
173,-0.0113251675160191
174,-0.00864765406293037
175,-0.00658812753974083
176,-0.0051145630484388
177,-0.00390913544481419
178,-0.00275999972320705
179,-0.00159823202526548
180,-0.000603071079368215
181,-0.000210267678779607
182,-0.000464543003718152
183,-0.000301354903765137
184,0.00183109435086749
185,0.00614238803006295
186,0.0106888110010058
187,0.0130067544022924
188,0.0124919456285578
189,0.0107111594448138
190,0.00943132685919717
191,0.00888189593184001
192,0.00806799871861371
193,0.00623784859763015
194,0.00362313423101969
195,0.00100801039858678
196,-0.0010094465087063
197,-0.00239378440238574
198,-0.0035815576002946
199,-0.00494812735726316
200,-0.006209108351462
201,-0.00663412781819996
202,-0.00625109127904146
203,-0.00657187577769978
204,-0.00934655903356878
205,-0.0143515682239109
206,-0.019032590868201
207,-0.0208756499399551
208,-0.0198276439218454
209,-0.0178874869263429
210,-0.0166025705605215
211,-0.0156817895959266
212,-0.0140563378410805
213,-0.0114994525455746
214,-0.00874702502914953
215,-0.00650905527111663
216,-0.00492412599610369
217,-0.0037789768284867
218,-0.00277561784414009
219,-0.00167298121865866
220,-0.00059411751688094
221,-8.25772218688716E-05
222,-0.000308877989203145
223,-0.000214277797523368
224,0.00183159195357893
225,0.00607415031638715
226,0.0105338571558921
227,0.0127361724511704
228,0.0121543051395092
229,0.0104426999526944
230,0.0093488926725273
231,0.00898159029094146
232,0.00824965246832054
233,0.00641298231637258
234,0.00377497641494248
235,0.00115852678337829
236,-0.000848828784521184
237,-0.00222585509473698
238,-0.00341073007659388
239,-0.00479442234878238
240,-0.00611614501860649
241,-0.00662762759394731
242,-0.00629073441907444
243,-0.006580731865139
244,-0.00930437819669926
245,-0.0143333990494451
246,-0.0191330504583789
247,-0.0211129369830273
248,-0.0201456650780973
249,-0.0182311049990985
250,-0.0169466430089604
251,-0.015991787844481
252,-0.0142853418865256
253,-0.0116621639530008
254,-0.00894978998405392
255,-0.00683751012273571
256,-0.00530772473875226
257,-0.00403724691365078
258,-0.00282243740467848
259,-0.00161923573701447
260,-0.000607606385352492
261,-0.00019693324606083
262,-0.000435508770176303
263,-0.000306074950557953
264,0.00173330167619284
265,0.00597619965306517
266,0.0105712001180671
267,0.0130266159029884
268,0.0126126201798362
269,0.0108304993521365
270,0.00951550429586867
271,0.00899312204214974
272,0.00827187040241601
273,0.00653586498753787
274,0.00397828864053652
275,0.00137849597499018
276,-0.000685542899018259
277,-0.00219115695312128
278,-0.00351344848297791
279,-0.00492736280713311
280,-0.00613469362529222
281,-0.00650516809386685
282,-0.0061490118961311
283,-0.00654072129354341
284,-0.00935289348199335
285,-0.0143728290044625
286,-0.0191181164699651
287,-0.021073929390927
288,-0.0200935302482623
289,-0.0181151912848581
290,-0.0167329447904845
291,-0.015732303601775
292,-0.014064819045165
293,-0.0114989245602104
294,-0.00879395873410745
295,-0.00666192241045319
296,-0.00515581467771916
297,-0.00396088975856848
298,-0.00280160158735
299,-0.00157497034944562
300,-0.000490737264668164
301,-3.8995553308043E-05
302,-0.000306447116696978
303,-0.000243987661088805
304,0.0017333908453352
305,0.00592068704144353
306,0.0104501777040198
307,0.0128476237848981
308,0.0124216462080669
309,0.0106685140512622
310,0.00936467251452181
311,0.00879870221193045
312,0.00802104115964471
313,0.00628154956783523
314,0.00377319955693645
315,0.00121852705628834
316,-0.000821196049452275
317,-0.00227135575962557
318,-0.00347508571425125
319,-0.00476261779569213
320,-0.00590917812372475
321,-0.00627386974562667
322,-0.00589801063419185
323,-0.00624417523378674
324,-0.00904967739698143
325,-0.0141344798774244
326,-0.0189559739083042
327,-0.0209369398556638
328,-0.0199632524915555
329,-0.0180412112180306
330,-0.016740914007422
331,-0.0157464713510468
332,-0.0139819775760606
333,-0.011321432125618
334,-0.00862943063692063
335,-0.00658597842005427
336,-0.00513109016406158
337,-0.00391581054824025
338,-0.0027367435845621
339,-0.00154092434695043
340,-0.000486118850328884
341,6.33613029676671E-06
342,-0.000177014053237858
343,-8.11865683488516E-05
344,0.00183702732585452
345,0.00592469975722031
346,0.0103876957308729
347,0.0127791270273195
348,0.012397781878502
349,0.0107194724795563
350,0.00948360555577598
351,0.00893242581069007
352,0.00811353516185072
353,0.00634483684140004
354,0.00388900271606026
355,0.00144869115440642
356,-0.000511767371703241
357,-0.00198400461819738
358,-0.0032904770900803
359,-0.00470862700928368
360,-0.00598750767498034
361,-0.00645780881777509
362,-0.00609426842695001
363,-0.00632127751623087
364,-0.00896216870546066
365,-0.0139977660283133
366,-0.0189400589959894
367,-0.0210790231428876
368,-0.0201318479641767
369,-0.0181042263126318
370,-0.0167273528459281
371,-0.0158068241546252
372,-0.01421327273227
373,-0.0116742282802874
374,-0.00897730396862817
375,-0.00684106072320107
376,-0.00528563659114685
377,-0.00401458709216997
378,-0.00283613994447075
379,-0.00166889850620013
380,-0.000614705701855592
381,-6.58579805233095E-05
382,-0.000183193082039929
383,-8.72029767415083E-05
384,0.00177253212736681
385,0.00584551590715666
386,0.010400694103422
387,0.012910174704545
388,0.0125388365423073
389,0.0107566707595735
390,0.00944265628616875
391,0.00894322705255104
392,0.00823673661507628
393,0.00648686931159705
394,0.00390758306791249
395,0.00130719435332548
396,-0.000717197760966967
397,-0.0021218620602825
398,-0.0032849586931124
399,-0.00455859849747267
400,-0.00575125802664163
401,-0.00623464759622852
402,-0.00597739454904551
403,-0.00632413463929637
404,-0.00899598056529815
405,-0.0139567485856028
406,-0.0188215015771942
407,-0.0209964580042467
408,-0.0201865838759158
409,-0.0182527521609557
410,-0.0168049758781717
411,-0.015692906904277
412,-0.013955673593516
413,-0.0114346613170693
414,-0.00886914688694303
415,-0.00684640261043171
416,-0.00532062587887769
417,-0.00402913776235666
418,-0.00282719726736553
419,-0.0016357657710267
420,-0.000554247688106647
421,-9.08912617177695E-06
422,-0.000189027147245535
423,-0.000182498299969097
424,0.00161626652071933
425,0.00566137519262892
426,0.010188169146442
427,0.0126759180453556
428,0.0123427332508284
429,0.010667967445178
430,0.00946125552064856
431,0.00901491085895301
432,0.00834835219620648
433,0.00668968507830798
434,0.0042185518862027
435,0.00163701754638048
436,-0.000486590359742291
437,-0.00200890239643293
438,-0.00320885000977451
439,-0.0044600444546063
440,-0.00565610179425385
441,-0.00618096626373742
442,-0.00593111113455906
443,-0.0062123868815502
444,-0.0088056042126428
445,-0.0137537546340377
446,-0.01866636506321
447,-0.0208720999568445
448,-0.0200332445349899
449,-0.0180652759577345
450,-0.0166695428825701
451,-0.0157088896438109
452,-0.0141162458847639
453,-0.0115971100093233
454,-0.00886245592358755
455,-0.00661606111709157
456,-0.00496307827187515
457,-0.00368873953583424
458,-0.00257833059744814
459,-0.00146727550746472
460,-0.000433843493123139
461,7.16611748274138E-05
462,-0.000154136971525968
463,-0.000192735606782829
464,0.00157898020345902
465,0.00564576234916649
466,0.0102730839190792
467,0.0129167833497877
468,0.0126994022322783
469,0.0110126288861367
470,0.00968403011277354
471,0.00910653236143042
472,0.00836198660670498
473,0.00665156615915079
474,0.00412048030829239
475,0.00150408868835134
476,-0.00058128425117798
477,-0.00202296776901895
478,-0.00319202135813167
479,-0.00450687113757935
480,-0.00580950373661067
481,-0.0063974199255815
482,-0.00611911658823992
483,-0.006282499303662
484,-0.00870850417660849
485,-0.013516554398836
486,-0.0183946343568552
487,-0.0206757088949673
488,-0.0199316781841002
489,-0.01798649803294
490,-0.0165522960520051
491,-0.0155766043403544
492,-0.0140312207512564
493,-0.0115736469668877
494,-0.00886730666011975
495,-0.00664016719401859
496,-0.00503903099306671
497,-0.00382158265608399
498,-0.00270196632130045
499,-0.00150455596133476
500,-0.000378711672792349
501,0.000168347421475407
502,-3.89065125537892E-05
503,-3.11775018765382E-05
504,0.001789706157413
505,0.00582653666894732
506,0.0103236933743477
507,0.0128257696985716
508,0.0125555395570363
509,0.0109000158219968
510,0.00959740636289531
511,0.00899436099510184
512,0.00822903981257701
513,0.00657263096081798
514,0.00414172525066318
515,0.00156708738577814
516,-0.000585053701831906
517,-0.00213468016217953
518,-0.00335168755006331
519,-0.00462950708703932
520,-0.0058559223221727
521,-0.00636202510302647
522,-0.00599898111115404
523,-0.00610534349679414
524,-0.00856904286069865
525,-0.0135246535127078
526,-0.0185723053370046
527,-0.0209412831586522
528,-0.0201943834213145
529,-0.0182119109066068
530,-0.0167160750289709
531,-0.0156192076666562
532,-0.0139279593455303
533,-0.0114181357354118
534,-0.00879359276745549
535,-0.00664599616262958
536,-0.00497043080194209
537,-0.00358376630756081
538,-0.00241884654087192
539,-0.00138301414833474
540,-0.000441307115731324
541,0.000117111869467357
542,8.05735579352378E-05
543,0.000176438778799713
544,0.00186583857456729
545,0.00567591427746935
546,0.010064157245255
547,0.012637162816514
548,0.0125162949706338
549,0.0109852533683776
550,0.00976630613089407
551,0.00922102346106368
552,0.00847540365864002
553,0.00679301106443019
554,0.00433031712050415
555,0.00176447984653109
556,-0.000350972358914643
557,-0.00189372235695247
558,-0.00315750971490919
559,-0.00449923790420076
560,-0.00577396706010838
561,-0.00633717208160572
562,-0.00607459202839306
563,-0.00628978169193924
564,-0.00878352085297475
565,-0.0136614082088714
566,-0.018607401851315
567,-0.0209592617671229
568,-0.0202924684380295
569,-0.0184061960862787
570,-0.0169560241268447
571,-0.0158600906870511
572,-0.0141517411776251
573,-0.0116024248302739
574,-0.00891529480607074
575,-0.00672911676854224
576,-0.00508595097391545
577,-0.00376691955241768
578,-0.00260694297006076
579,-0.00147362621925616
580,-0.000413908682033943
581,0.000160156105279854
582,7.7752312358683E-07
583,-7.87009930680123E-05
584,0.00151703272499308
585,0.00539401071810784
586,0.0099691559210418
587,0.0127048461693307
588,0.0125860801558828
589,0.0109072578414526
590,0.00956445373120603
591,0.0090903898398795
592,0.00859210926346643
593,0.00713689416777733
594,0.00471381959978142
595,0.00202368447921607
596,-0.000221378662698214
597,-0.00178379666249134
598,-0.00298239091070553
599,-0.00428449731562921
600,-0.00562383547606996
601,-0.0063302142737987
602,-0.00617864162365005
603,-0.00637383539882111
604,-0.0087270237664236
605,-0.0134570178929734
606,-0.0183440172202786
607,-0.020712394001722
608,-0.0200646024630898
609,-0.0181808779759447
610,-0.0167624935578389
611,-0.0157464087045708
612,-0.014122957521678
613,-0.0116317877475062
614,-0.00900101126236573
615,-0.00688589171698784
616,-0.00527971049493935
617,-0.00391590929870544
618,-0.00267026980498533
619,-0.00149222410814814
620,-0.000431773782730465
621,0.000175371025673727
622,0.000112184725554325
623,0.000124045699468942
624,0.00174107970149852
625,0.00560377162914357
626,0.0102127686977329
627,0.0130512757396943
628,0.0130437578820215
629,0.0114100059025054
630,0.0100054208518017
631,0.0093652202954703
632,0.00865518551534437
633,0.00704311915467147
634,0.00457920588599688
635,0.00191718250410286
636,-0.000324662199393177
637,-0.00192561242531341
638,-0.00313505494723565
639,-0.00438058324532269
640,-0.00563793754796555
641,-0.00627124199259057
642,-0.00601798811825931
643,-0.00606534901023803
644,-0.008326664584447
645,-0.0131506397902123
646,-0.018288721992625
647,-0.0208713925701712
648,-0.020255564479718
649,-0.0182796407988599
650,-0.0168073330156399
651,-0.0158378527067406
652,-0.0142787484747093
653,-0.0117760899020525
654,-0.00906668477685135
655,-0.00688410048061131
656,-0.00526827612107361
657,-0.00392620457265698
658,-0.00268069119028527
659,-0.00147296386167894
660,-0.000411011623664777
661,0.000103639848674781
662,-0.000127719999287852
663,-0.000241614874379786
664,0.001397028142789
665,0.00538912448902003
666,0.0100734891975819
667,0.0128270215363896
668,0.0126516248721133
669,0.0109449914151467
670,0.00964306629255087
671,0.00918635488298519
672,0.00858708425609219
673,0.00695899714807931
674,0.00442581419223345
675,0.00174564996787334
676,-0.000429385926271553
677,-0.00193101387465338
678,-0.00308725720407666
679,-0.00435677622131625
680,-0.0056785427672871
681,-0.00636284302020345
682,-0.00613884947066307
683,-0.00622276509732016
684,-0.00852613148758168
685,-0.0133464755184082
686,-0.0184104396625554
687,-0.020911813064021
688,-0.0202919681436564
689,-0.0183779745613557
690,-0.0169353790005682
691,-0.0159166688604411
692,-0.0143037962555043
693,-0.0118320360745387
694,-0.00921332516536561
695,-0.00707693561712073
696,-0.00542128976656616
697,-0.00401910347302918
698,-0.00276419824560155
699,-0.0015842215532947
700,-0.000522866077364918
701,4.93749115050077E-05
702,-9.13405261868948E-05
703,-0.000128599755382886
704,0.00153625465309957
705,0.00549902405840554
706,0.0101355429247253
707,0.0128717031981526
708,0.0127060829083885
709,0.0109745352250839
710,0.00958463196733724
711,0.00905345093668992
712,0.00849925567501201
713,0.00702423935060849
714,0.00461174529858286
715,0.00190741403761164
716,-0.000393688045818499
717,-0.00198790366038522
718,-0.00313477845768375
719,-0.0043432131658884
720,-0.00562595722244404
721,-0.00629527893375426
722,-0.00603338479121874
723,-0.00604913107754486
724,-0.00831055737128361
725,-0.0131630035960692
726,-0.0183042769850812
727,-0.0208560235293245
728,-0.0202412081464876
729,-0.0183459889060232
730,-0.0169793287230763
731,-0.0160423466352964
732,-0.0144322688769623
733,-0.011889724636449
734,-0.00922090487448656
735,-0.00710785686254077
736,-0.00549801803215814
737,-0.00410840261243436
738,-0.00286375220081639
739,-0.00173949972487711
740,-0.000737077783939286
741,-0.000145915332571114
742,-0.000206759280013045
743,-0.000210579671865441
744,0.00139307383834132
745,0.00526484906488541
746,0.00984665824762829
747,0.0125630164320932
748,0.0124252076902241
749,0.0108269318995209
750,0.00963583510012471
751,0.00915842685030819
752,0.0083571532616166
753,0.00649899365458466
754,0.00391933716161322
755,0.00137194640386317
756,-0.000730017845884836
757,-0.00238523448342679
758,-0.00379451764873324
759,-0.00517145545411378
760,-0.00641294717559793
761,-0.00699971445174816
762,-0.0067618968357288
763,-0.00682094045836308
764,-0.00900618761792133
765,-0.0137338160091006
766,-0.0188969557693907
767,-0.0216312484564028
768,-0.0211324820648268
769,-0.0191112881733963
770,-0.0174950906491357
771,-0.0164539885698286
772,-0.0149703190200344
773,-0.0125970357149998
774,-0.00993087108228295
775,-0.00767021117864997
776,-0.00594648216801471
777,-0.0045778603470385
778,-0.00340225458022116
779,-0.00226685465536146
780,-0.00117739808168853
781,-0.000542773047156427
782,-0.000688607346952078
783,-0.000873739822579069
784,0.000558027038764931
785,0.00437019870511726
786,0.0090503260504094
787,0.011961943937868
788,0.0119510935049842
789,0.0102804496955119
790,0.00890018266350086
791,0.00838257167532003
792,0.00784856299821576
793,0.00639536900385197
794,0.00402613900423036
795,0.00138128369743906
796,-0.000903160517364662
797,-0.00256231283596003
798,-0.00380806325580329
799,-0.00507690112725475
800,-0.0063834248208672
801,-0.00708094144122208
802,-0.00681314119124569
803,-0.00668645665171961
804,-0.00867956202362565
805,-0.0133358506120532
806,-0.0185363202443013
807,-0.021321863082911
808,-0.0208318938320487
809,-0.018802348614277
810,-0.0172083348122389
811,-0.0162131048452931
812,-0.0147334329527237
813,-0.0122748182995246
814,-0.00947002611778849
815,-0.00710398500159958
816,-0.00535154646445428
817,-0.00400056680115133
818,-0.00284848981133402
819,-0.00174193723809728
820,-0.00068552235431699
821,-4.13099393437272E-05
822,-9.58813346823103E-05
823,-0.000157710338169865
824,0.0013301243093072
825,0.00511459116662557
826,0.00978508495054256
827,0.0127988563013762
828,0.0129693433388288
829,0.0114429324756154
830,0.0100933565152191
831,0.00949369639177816
832,0.00879539542614557
833,0.00714165161147196
834,0.00462268719591016
835,0.00196999070532483
836,-0.000179215041157641
837,-0.00165940759987714
838,-0.00277257555942564
839,-0.00395923079822006
840,-0.00521353208547949
841,-0.00592634001649615
842,-0.00578734288973584
843,-0.00584601454417333
844,-0.00793999848958655
845,-0.0125437255609997
846,-0.0176276087309155
847,-0.0203786491786239
848,-0.0199827364107831
849,-0.0180996560067901
850,-0.0166128934699604
851,-0.0156655352000174
852,-0.0142117772501599
853,-0.0117877353046174
854,-0.00901902641086311
855,-0.00666620324039592
856,-0.00490164648456851
857,-0.00354651840497233
858,-0.00243675476343976
859,-0.00141981091930566
860,-0.00046486281319173
861,9.238218590006E-05
862,-3.84502449118981E-05
863,-0.000163471654097216
864,0.00130845885804154
865,0.00514213023607039
866,0.00987236018707516
867,0.0128691110167653
868,0.0129273185198423
869,0.0112657796948301
870,0.00983619431061119
871,0.0092315327944838
872,0.00859796853906973
873,0.00707995938969211
874,0.00472614537106434
875,0.00215522055492221
876,-7.66187987605297E-05
877,-0.00173594374191245
878,-0.00297499888505031
879,-0.00419288934566481
880,-0.0054860817421088
881,-0.00630405055071064
882,-0.0062304091282453
883,-0.00620322839605581
884,-0.00815727482618015
885,-0.0127854348057384
886,-0.0180910439853587
887,-0.0210255581398933
888,-0.0205677996085287
889,-0.0184761151301597
890,-0.0168996263023699
891,-0.0160490655715642
892,-0.0146657772215457
893,-0.0120998630390352
894,-0.00907955669140244
895,-0.00662047422572461
896,-0.00497595543298108
897,-0.00379350304293782
898,-0.00271080967345207
899,-0.00155964033215488
900,-0.000431130769173597
901,0.000236074644602297
902,0.000118986602570907
903,-8.97676973141396E-05
904,0.00123602147260832
905,0.00496530125960726
906,0.00974215899881149
907,0.0129219358840891
908,0.0131546000893744
909,0.0115453817634583
910,0.0100870299200375
911,0.00948402420950049
912,0.00889692525853163
913,0.00738034342358963
914,0.00493929317835104
915,0.0022682339139449
916,7.11092273524342E-06
917,-0.00163308994539968
918,-0.00287232332701545
919,-0.00409308234627969
920,-0.00531022470685708
921,-0.00597204805255198
922,-0.00577452188198213
923,-0.00573077389367082
924,-0.00770607625019431
925,-0.012295903618688
926,-0.0175492474809724
927,-0.0205534426092151
928,-0.0202861686396834
929,-0.0183098051684996
930,-0.0166242913591962
931,-0.0155655216199681
932,-0.014154284474336
933,-0.0118379071426128
934,-0.00914342309306942
935,-0.00683358291407335
936,-0.00513204467170034
937,-0.00384785039966518
938,-0.00273681704657793
939,-0.00160778650891497
940,-0.000502132873509367
941,0.000130674933228014
942,-3.17266062546035E-05
943,-0.000221102468855365
944,0.00123803771916246
945,0.00511625966070141
946,0.00989682085219542
947,0.0129206220275554
948,0.0129987231234609
949,0.0113603948429585
950,0.00992899804315217
951,0.00927008832384984
952,0.00855744486599301
953,0.00700658599813632
954,0.00471098423446294
955,0.00225668329246452
956,0.000111414753972915
957,-0.00156042265262602
958,-0.00289625896866516
959,-0.00420720997551838
960,-0.0055158288260422
961,-0.00629002642563443
962,-0.0061960280585597
963,-0.00620985330703097
964,-0.00821277206911427
965,-0.0128377936325623
966,-0.018115737209457
967,-0.0210696202072604
968,-0.0206769498740293
969,-0.0186182915053501
970,-0.0170131844737839
971,-0.0161503974128075
972,-0.0148526715738804
973,-0.0124441200162394
974,-0.00956083724009369
975,-0.00716468795898164
976,-0.00549702541901604
977,-0.00418323714009838
978,-0.0028727410337615
979,-0.00152270019711138
980,-0.000372836023916061
981,0.000178370365016454
982,4.31785895544395E-05
983,4.6302033315794E-05
984,0.00162369931531397
985,0.00534402306650881
986,0.00984014319358329
987,0.0127798004132122
988,0.0130557015170652
989,0.0116635972369597
990,0.01033782783902
991,0.00974297507487321
992,0.0092238525282837
993,0.00791727045811686
994,0.00565912996063011
995,0.00297051353243524
996,0.000580116320336789
997,-0.00106053619532265
998,-0.00211093509191155
999,-0.00315758129455792
1000,-0.00441178996183241
1001,-0.00526167496923859
1002,-0.00518264668028338
1003,-0.00508878241590932
1004,-0.00695544210501011
1005,-0.0115154884728275
1006,-0.0168173143586831
1007,-0.0198713941545642
1008,-0.0196514823887652
1009,-0.0177836470152
1010,-0.0162639669789086
1011,-0.0153246451004275
1012,-0.0139202961350471
1013,-0.0115625546854345
1014,-0.00886607287700866
1015,-0.00655913820104278
1016,-0.00476850654024101
1017,-0.00333293461217575
1018,-0.00217234288464194
1019,-0.00116169521233593
1020,-0.000175190356696956
1021,0.000532475103983159
1022,0.000575771439731076
1023,0.000462858575148853
1024,0.00176915253631691
1025,0.00547760273371683
1026,0.0103108504395735
1027,0.0135473128428945
1028,0.0137285338825165
1029,0.0119856030858191
1030,0.0104386493319031
1031,0.00985448993800777
1032,0.00933252291847072
1033,0.00784310077559409
1034,0.00537720866952862
1035,0.00266470887143661
1036,0.000372126867998554
1037,-0.00128554978806667
1038,-0.00254606932250546
1039,-0.00383799785396095
1040,-0.0052059249546102
1041,-0.00602643134181926
1042,-0.00584549599304201
1043,-0.00562679396045477
1044,-0.0073981448661139
1045,-0.0119644907244581
1046,-0.0173635836917712
1047,-0.020459340639146
1048,-0.0201045897580004
1049,-0.01801720457949
1050,-0.0164100757426128
1051,-0.0155677872270893
1052,-0.0142429193493849
1053,-0.0117549609958163
1054,-0.00880807870049112
1055,-0.00640352749868769
1056,-0.00477514470457949
1057,-0.0035622286466051
1058,-0.00242508256636517
1059,-0.00123024299618644
1060,-8.44569870567909E-05
1061,0.000575612211371054
1062,0.000430026150476088
1063,0.000183508099188213
1064,0.00149419849919543
1065,0.00525366233231247
1066,0.0100843587421504
1067,0.0132996434120842
1068,0.0135442741544323
1069,0.01195037620315
1070,0.0105058775680934
1071,0.00986547981916618
1072,0.00917257887751071
1073,0.00754243102085789
1074,0.00504506456248117
1075,0.00235723205123486
1076,6.14763339300877E-05
1077,-0.00161716756725317
1078,-0.00282566661071569
1079,-0.0039511765762681
1080,-0.00513014087017395
1081,-0.00589001939134082
1082,-0.00582386911466562
1083,-0.00576919984317966
1084,-0.0075773013063158
1085,-0.0120215938997671
1086,-0.0172940291189664
1087,-0.0204178383269661
1088,-0.0202155215659287
1089,-0.0182252703322653
1090,-0.016562077558671
1091,-0.0156169375151709
1092,-0.0143037351043063
1093,-0.0119403334628434
1094,-0.00907596786958193
1095,-0.00661643798075944
1096,-0.00487834458054616
1097,-0.00363570725842816
1098,-0.00255749572492264
1099,-0.00140053961349816
1100,-0.00019911944741268
1101,0.000563683373560306
1102,0.000476234928426746
1103,0.000210519414156902
1104,0.00146789219959365
1105,0.00520855936570172
1106,0.0100950515512365
1107,0.0134135535812579
1108,0.0137140713966232
1109,0.0120439065481526
1110,0.010425384985441
1111,0.0096689666975597
1112,0.00904422785053201
1113,0.00762414905210065
1114,0.00532031215465361
1115,0.00270737600317746
1116,0.000388351692677983
1117,-0.00136766425849217
1118,-0.00271683134786823
1119,-0.00403793908943783
1120,-0.00536104828715691
1121,-0.00609287928631777
1122,-0.0058467580436604
1123,-0.00561482490765941
1124,-0.00735836675818454
1125,-0.0118156371681626
1126,-0.0171057457636433
1127,-0.020269263564655
1128,-0.0201752223046836
1129,-0.0182920276942924
1130,-0.0165840374732782
1131,-0.0154229458476743
1132,-0.0139218619909563
1133,-0.0116110305688143
1134,-0.00900915627304305
1135,-0.00677801552619358
1136,-0.00505920848711353
1137,-0.00369614598841009
1138,-0.00253793151659274
1139,-0.00139948172993297
1140,-0.00022448111231672
1141,0.000570540992442764
1142,0.000516798535844526
1143,0.000205510817014271
1144,0.00135664532822236
1145,0.0050088601208623
1146,0.00984559502114922
1147,0.0131214230941132
1148,0.0134103208190492
1149,0.0118417364329119
1150,0.0104304777188455
1151,0.00982333742955982
1152,0.00914164871545217
1153,0.00752670085316021
1154,0.00510705618167704
1155,0.00255373427075978
1156,0.00034469160628384
1157,-0.00139717440721016
1158,-0.00279664593230417
1159,-0.00410868359389813
1160,-0.00535784177751865
1161,-0.00606581201181133
1162,-0.0058927954072869
1163,-0.00574740225921789
1164,-0.00753269430933994
1165,-0.0120483858030777
1166,-0.0174583927255415
1167,-0.0207013449748692
1168,-0.0205282201661398
1169,-0.0184852008934678
1170,-0.016744585587199
1171,-0.015725231876811
1172,-0.0143384272401617
1173,-0.0119338248849935
1174,-0.00912101247465523
1175,-0.00679695832181152
1176,-0.00516948893433199
1177,-0.00392571246089933
1178,-0.00278221302835433
1179,-0.00160452253407689
1180,-0.000433651934701042
1181,0.000347578452142921
1182,0.000365363542340367
1183,0.000175043979441292
1184,0.00134211734236603
1185,0.00485549556399171
1186,0.00955551820108561
1187,0.0128669283177763
1188,0.0133142679054087
1189,0.0118122243029413
1190,0.0102741091126359
1191,0.00949155240471573
1192,0.00879033740281691
1193,0.00732350926853317
1194,0.00505074021064185
1195,0.00253223480689391
1196,0.000319342929322878
1197,-0.00135785780292683
1198,-0.00267653931964445
1199,-0.00404560918106065
1200,-0.00550879424226119
1201,-0.00639916914255806
1202,-0.00619432173638851
1203,-0.00584849768822871
1204,-0.00747457685720362
1205,-0.0119942003243795
1206,-0.0174987124612058
1207,-0.0208039518414676
1208,-0.0206486149288929
1209,-0.018647198531592
1210,-0.0169941863692921
1211,-0.0160606160630225
1212,-0.014720691464869
1213,-0.0123335120817557
1214,-0.00951685615477941
1215,-0.00715133079264253
1216,-0.00545073384518123
1217,-0.00415112266138737
1218,-0.00299930337071959
1219,-0.0018228239996648
1220,-0.000614739698863529
1221,0.000211947149730836
1222,0.000203856529373725
1223,-8.49889750508165E-05
1224,0.00103189520468056
1225,0.00465784432616315
1226,0.00958335591062292
1227,0.0130404012250527
1228,0.0134197957795958
1229,0.0117200353661868
1230,0.0100779588408945
1231,0.00940799096557622
1232,0.00891934931439337
1233,0.00753103470569321
1234,0.00509910497212498
1235,0.00231267015094401
1236,-5.66801622645405E-05
1237,-0.00167980860088409
1238,-0.00281901674352283
1239,-0.00404470981183394
1240,-0.00550124139327347
1241,-0.00650608859600353
1242,-0.00643124199470506
1243,-0.00610979505433307
1244,-0.00761382542371654
1245,-0.0119520398857891
1246,-0.0173558422972216
1247,-0.0206869914073681
1248,-0.0205864549711253
1249,-0.0185486943896874
1250,-0.0167697758391992
1251,-0.0157295910320075
1252,-0.0143824838614217
1253,-0.0120677936770458
1254,-0.00934250706382309
1255,-0.00705138768966238
1256,-0.00538263789259
1257,-0.0040398349707145
1258,-0.0027848018304196
1259,-0.00154641221672849
1260,-0.000415054747082603
1261,0.000238922008348795
1262,0.000127097888828183
1263,-9.78341870859246E-05
1264,0.00115509824933694
1265,0.00480950872490762
1266,0.00961671332663946
1267,0.0129684596954391
1268,0.0134237567109283
1269,0.0119400832958693
1270,0.0104236630445146
1271,0.00961919782925397
1272,0.00883124848571935
1273,0.00725273353074437
1274,0.00489065340077601
1275,0.00228229387025279
1276,-8.72738793007436E-05
1277,-0.00196777020793641
1278,-0.0033819621303711
1279,-0.00461090381877164
1280,-0.00579555810123481
1281,-0.00653006733412248
1282,-0.0064106966274125
1283,-0.00620516875350691
1284,-0.00777033190602616
1285,-0.012050254495991
1286,-0.0174198648457735
1287,-0.0208632897981396
1288,-0.0209483094380738
1289,-0.0190106586381289
1290,-0.0172105752143849
1291,-0.0161229715019393
1292,-0.0147566092310579
1293,-0.0123914183716638
1294,-0.00953862944792083
1295,-0.00712632598649712
1296,-0.00546683595105015
1297,-0.00425636161989256
1298,-0.0031096425792409
1299,-0.00184169075197573
1300,-0.000588048241940097
1301,0.000144165257547251
1302,-1.02486663426372E-05
1303,-0.000356902107148455
1304,0.000798240633420859
1305,0.0044632242751386
1306,0.00939746375148132
1307,0.0128965815022845
1308,0.0133724161217177
1309,0.0117359776585143
1310,0.0100500203653713
1311,0.00928672683165845
1312,0.00877125994724678
1313,0.00743903541532511
1314,0.00505312347421895
1315,0.00223883096192386
1316,-0.000194164392783668
1317,-0.00185424200399749
1318,-0.00299608686042246
1319,-0.00420241740370581
1320,-0.00560041610501006
1321,-0.00650953783033972
1322,-0.00637533699913894
1323,-0.00609508822683455
1324,-0.00767705771560492
1325,-0.0119952816110197
1326,-0.0172734716511051
1327,-0.0205414033239712
1328,-0.0205770862141469
1329,-0.0187945833332764
1330,-0.0171921066859574
1331,-0.0161737763147037
1332,-0.0147788027765147
1333,-0.0124102228691349
1334,-0.00957764820273529
1335,-0.00710662025837284
1336,-0.00531371702323331
1337,-0.00404590095139124
1338,-0.00300880207023
1339,-0.00190322115985377
1340,-0.000682386214857271
1341,0.000169321300442189
1342,0.000138445170807331
1343,-0.000203949698550001
1344,0.000866055414788629
1345,0.00446081546552711
1346,0.00938349674728961
1347,0.0129001306653187
1348,0.0133960199521831
1349,0.0117827333989776
1350,0.0101079115150217
1351,0.00931238519931671
1352,0.0087371166350943
1353,0.00738923153219579
1354,0.00506301816459198
1355,0.00231248133926271
1356,-0.000126371093033601
1357,-0.00180699054609976
1358,-0.00286951558625802
1359,-0.00393340190057138
1360,-0.00533242651351569
1361,-0.00648291217903846
1362,-0.00661528328772917
1363,-0.00632988605244018
1364,-0.00766538310931706
1365,-0.0118597308572901
1366,-0.0173719171778552
1367,-0.0210216742555778
1368,-0.0212006298356675
1369,-0.0192406654561067
1370,-0.0174036819416791
1371,-0.0163099352663135
1372,-0.0149346890900844
1373,-0.01254191985499
1374,-0.00966993102490971
1375,-0.0072406913042754
1376,-0.00551312412148843
1377,-0.00418764393057389
1378,-0.00298799096114428
1379,-0.00180716433934922
1380,-0.000682869001007318
1381,5.8768768003926E-05
1382,6.85314372721222E-05
1383,-0.000167619561146827
1384,0.000857455499733912
1385,0.00422968244208938
1386,0.00897182492816532
1387,0.0125307644356109
1388,0.0132142234528337
1389,0.0117239227361913
1390,0.0100249267292199
1391,0.00915199754071246
1392,0.00855483846684386
1393,0.00724831956087096
1394,0.00497165322502774
1395,0.00222769099940037
1396,-0.000286921320319074
1397,-0.00213274424080769
1398,-0.00336504708609453
1399,-0.00444539389021113
1400,-0.00563359970149355
1401,-0.00647747303371353
1402,-0.00643630526442354
1403,-0.00619614080619176
1404,-0.00766395631409871
1405,-0.0119103518421396
1406,-0.0173799566556617
1407,-0.0209920448578395
1408,-0.0211875103575214
1409,-0.0192612383377513
1410,-0.0174606303976879
1411,-0.0164522972423183
1412,-0.015209038455098
1413,-0.0128833549294174
1414,-0.00992993745141397
1415,-0.00736661011986312
1416,-0.00563482018778416
1417,-0.0044526291627117
1418,-0.00334650725998129
1419,-0.00205745892404974
1420,-0.000744141417828281
1421,1.9513396979283E-05
1422,-0.000143516365815748
1423,-0.000490278020624012
1424,0.000690397513853233
1425,0.00434064574440402
1426,0.00915827378218765
1427,0.0125118274439634
1428,0.0129956887362976
1429,0.0116029060573934
1430,0.0102265255551533
1431,0.00956874610163915
1432,0.00890348093805141
1433,0.00740183482302349
1434,0.00503347130431647
1435,0.00231423816164088
1436,-0.000199584236080726
1437,-0.00210337792510275
1438,-0.00334804382567694
1439,-0.00437151109737863
1440,-0.00557716508427303
1441,-0.00660182225638751
1442,-0.00674475206406071
1443,-0.00645332085167927
1444,-0.00764393270957003
1445,-0.011654668247607
1446,-0.0171145764523299
1447,-0.0208245896641171
1448,-0.0210008249015967
1449,-0.018919967078188
1450,-0.0170154180608146
1451,-0.0160759613523244
1452,-0.0149984711801051
1453,-0.0127988414639446
1454,-0.00988276580327729
1455,-0.00727684913829302
1456,-0.00542310954135808
1457,-0.00408287894588301
1458,-0.00290532914304312
1459,-0.00170668256889577
1460,-0.000543606100307798
1461,0.000172252632322627
1462,4.54418768487981E-05
1463,-0.000370765794271665
1464,0.000572179982443585
1465,0.00403957224664661
1466,0.00897662097815249
1467,0.0126717296331074
1468,0.013374083152351
1469,0.0118880304633141
1470,0.0102952371187395
1471,0.00959548486446849
1472,0.0090888935572966
1473,0.00771229115301121
1474,0.00528739461615054
1475,0.00245440210601046
1476,-4.24517646329315E-05
1477,-0.0018257980415968
1478,-0.00304497529426598
1479,-0.00422029573702493
1480,-0.00560129804016834
1481,-0.00663660928006758
1482,-0.00663664331777287
1483,-0.0062190711744805
1484,-0.00740718991677887
1485,-0.0114960389632653
1486,-0.0170492799117016
1487,-0.0208847050548018
1488,-0.0212373553945688
1489,-0.0192966013327262
1490,-0.0173743007694358
1491,-0.0162758162593619
1492,-0.0150654562898079
1493,-0.0128863856064761
1494,-0.0100866002508301
1495,-0.00753969848878367
1496,-0.00563339919883843
1497,-0.00421805650337618
1498,-0.00303452978605923
1499,-0.00187023863894581
1500,-0.00067913092302043
1501,0.000163215341896777
1502,0.000176497129957429
1503,-0.000197299263549758
1504,0.000679663992849804
1505,0.00407078256533089
1506,0.00900923659978784
1507,0.0127595364456929
1508,0.0134743549266547
1509,0.0119122035929267
1510,0.0102027892734839
1511,0.009412468828127
1512,0.00886319397136666
1513,0.00750145498001129
1514,0.00517792532046773
1515,0.00251514670556514
1516,0.000139826570144957
1517,-0.0016805407304164
1518,-0.00303445045379093
1519,-0.00424814938815842
1520,-0.005486462291621
1521,-0.0063455927251688
1522,-0.00633381582213548
1523,-0.00607599006771796
1524,-0.00743440560404795
1525,-0.0115904288200699
1526,-0.0171260363993913
1527,-0.0208990549287894
1528,-0.021140439429384
1529,-0.0190719426774578
1530,-0.017102832996513
1531,-0.0160677033560157
1532,-0.0149131902350705
1533,-0.0126742656235883
1534,-0.00977820737038586
1535,-0.00726367796767205
1536,-0.00551016739794438
1537,-0.00417389219369526
1538,-0.00289831929427344
1539,-0.00163179779363367
1540,-0.000532113382053736
1541,6.32994500481516E-05
1542,-9.7607003824777E-05
1543,-0.00044970720391159
1544,0.000548368715689163
1545,0.00402240250785309
1546,0.00899241472847273
1547,0.0127789309572157
1548,0.0135446154265047
1549,0.012026224929661
1550,0.0103560393832844
1551,0.00958709765410695
1552,0.00898001910677405
1553,0.00748403828734047
1554,0.00511492176073215
1555,0.00265976818243856
1556,0.000626322510519721
1557,-0.00108893304385414
1558,-0.00278124809979299
1559,-0.00452612618421548
1560,-0.00602824748018631
1561,-0.00672455376926552
1562,-0.00640029801858234
1563,-0.00601608719748163
1564,-0.0074556237510747
1565,-0.0116833034823896
1566,-0.0171659184174174
1567,-0.0208692304466357
1568,-0.0211516707239984
1569,-0.0191899954921762
1570,-0.0172540558679587
1571,-0.0161443468262615
1572,-0.0149108362463141
1573,-0.01267061191741
1574,-0.00980242509663444
1575,-0.00725154350557326
1576,-0.00540666804960762
1577,-0.0040302861189629
1578,-0.00281621437002092
1579,-0.00162133809754206
1580,-0.000477755491564812
1581,0.000273938384767658
1582,0.000243772158270723
1583,-0.000123663808842284
1584,0.000725052965066938
1585,0.00402382878044422
1586,0.00888951061387445
1587,0.0126677893470607
1588,0.0134730487128442
1589,0.0119576271076906
1590,0.0102206382884198
1591,0.00940993386570017
1592,0.00892776078272989
1593,0.00768987341658849
1594,0.00543979887483355
1595,0.00274680602354737
1596,0.000300412404594709
1597,-0.00153754057531725
1598,-0.00285310386283932
1599,-0.00406727091303438
1600,-0.00541214071651157
1601,-0.00642916120127843
1602,-0.00650596996545987
1603,-0.00620663098432277
1604,-0.00743476438698991
1605,-0.0114612527873054
1606,-0.0169575040719115
1607,-0.020849566167338
1608,-0.0213573394426914
1609,-0.0195542482551135
1610,-0.0176511590037809
1611,-0.0164483347858327
1612,-0.0150936620111571
1613,-0.0128328625773389
1614,-0.0100546473336766
1615,-0.00758357770074531
1616,-0.00572916572074916
1617,-0.00432175409076866
1618,-0.00314280772475334
1619,-0.00199854288585901
1620,-0.00080254317452897
1621,9.57106886014327E-05
1622,0.000160179132661508
1623,-0.000246655898417665
1624,0.000518752595190176
1625,0.00380745493507278
1626,0.00871230399761392
1627,0.0124767820014182
1628,0.0132170506613268
1629,0.0116987865006858
1630,0.0100602970657879
1631,0.00932431757171421
1632,0.00875937446502257
1633,0.00732334864275366
1634,0.00492844420571478
1635,0.00222864302378854
1636,-0.000166776552810385
1637,-0.00200162610910564
1638,-0.00335078537070691
1639,-0.00455177394414066
1640,-0.00581747486669602
1641,-0.00675716227364359
1642,-0.00680766891391505
1643,-0.00650397166502987
1644,-0.0077086992376884
1645,-0.0117103837104409
1646,-0.0172180104051033
1647,-0.0211360836437298
1648,-0.0216231760456328
1649,-0.0197505914734771
1650,-0.0178119732607689
1651,-0.0166719109959493
1652,-0.0154264812370652
1653,-0.0131971501828176
1654,-0.0103110701985142
1655,-0.00765255182375693
1656,-0.00563680104107515
1657,-0.00414702021321779
1658,-0.00295465998038519
1659,-0.00184396748254082
1660,-0.000716524120505272
1661,9.64258206474136E-05
1662,8.04901187576384E-05
1663,-0.000399098556752877
1664,0.000302208053307439
1665,0.00358359150293355
1666,0.00861344492452555
1667,0.0126266032926722
1668,0.0135894400570268
1669,0.0121050919459389
1670,0.0103299208051242
1671,0.00948294481270545
1672,0.00897676143259376
1673,0.00768834649774328
1674,0.0053369050223609
1675,0.00251904388496418
1676,-2.22905402435434E-05
1677,-0.00189209790763217
1678,-0.00317675790031049
1679,-0.00431615537080008
1680,-0.00557447036850973
1681,-0.00653777487582985
1682,-0.00661376473354041
1683,-0.00632040872743
1684,-0.00748832441466004
1685,-0.0113954229440811
1686,-0.0168291329839053
1687,-0.0208112946492585
1688,-0.0215008355067443
1689,-0.0198064001602431
1690,-0.0178639588862701
1691,-0.0165654015633036
1692,-0.0151783766467814
1693,-0.0129432280274583
1694,-0.0101574019858561
1695,-0.00761757838111137
1696,-0.00570270824478988
1697,-0.00429804590971821
1698,-0.00315195147379875
1699,-0.00201232000620644
1700,-0.000795601437177243
1701,9.82030216978426E-05
1702,0.000105166033866767
1703,-0.000392218567877304
1704,0.000293737880180509
1705,0.00356530950719474
1706,0.00855735711514973
1707,0.0125030570152766
1708,0.0134309746966788
1709,0.0120004001157714
1710,0.0103230145791699
1711,0.00949713208630614
1712,0.00888897907446322
1713,0.00748706827246102
1714,0.00515395274815202
1715,0.0024677155523425
1716,8.80172388145283E-06
1717,-0.00190447868497158
1718,-0.00323571012802416
1719,-0.00429312964276874
1720,-0.00542153550323601
1721,-0.00639939941200506
1722,-0.0066453380082385
1723,-0.00646999776151925
1724,-0.00757632313851989
1725,-0.0113789739307583
1726,-0.0168441565550192
1727,-0.0209227158227441
1728,-0.0215565064350339
1729,-0.0196490388171912
1730,-0.0176033589903386
1731,-0.0164968343691313
1732,-0.0154350762237494
1733,-0.0133459844915947
1734,-0.0104353257400209
1735,-0.00768221149791075
1736,-0.00565766104353375
1737,-0.0042649561799291
1738,-0.00316842553343403
1739,-0.00205473133566823
1740,-0.000814146352893609
1741,0.000154402182202591
1742,0.000220465366594911
1743,-0.000344320130999364
1744,0.000138834203525193
1745,0.00323979719695373
1746,0.00827426425530524
1747,0.0124460345197547
1748,0.0135703541632821
1749,0.0121648607197176
1750,0.0104151465893583
1751,0.00956635585485046
1752,0.00900193230239599
1753,0.00761864378556627
1754,0.00525240637771509
1755,0.00256557155191486
1756,0.000180814021627881
1757,-0.00168841762524502
1758,-0.00313643608400646
1759,-0.00443547319173249
1760,-0.00574327873112773
1761,-0.00671649958149008
1762,-0.00684300743881661
1763,-0.00656865159414895
1764,-0.00761982158057052
1765,-0.0113526419678963
1766,-0.0167593043022046
1767,-0.0209122722202867
1768,-0.021776512871312
1769,-0.0200758627847207
1770,-0.0180102055216714
1771,-0.0166711625428283
1772,-0.0153748639657636
1773,-0.0132137075392762
1774,-0.0103724694756228
1775,-0.00771274681653845
1776,-0.0057220227017321
1777,-0.00427621038224243
1778,-0.00306001506352621
1779,-0.00184827019014196
1780,-0.000631509565680796
1781,0.000225464969190122
1782,0.000275068632537503
1783,-0.000112681810872404
1784,0.000562108483159039
1785,0.00358896545150525
1786,0.00826864814553572
1787,0.0121117657135263
1788,0.0132053573219094
1789,0.0120070816600681
1790,0.0104468994186383
1791,0.00964847332710525
1792,0.00908125217752029
1793,0.00773072313218125
1794,0.00539739751789747
1795,0.00268406102593603
1796,0.000247310157509092
1797,-0.00162398453862901
1798,-0.00301811190448855
1799,-0.00427000906435982
1800,-0.00557626143583961
1801,-0.00656400040808359
1802,-0.00666899305624633
1803,-0.00633008062760187
1804,-0.00733534721693384
1805,-0.0111231055930009
1806,-0.0166884848155667
1807,-0.0209756370618454
1808,-0.0217917093513119
1809,-0.0198598576945238
1810,-0.0175773047189107
1811,-0.0162291640866294
1812,-0.0151034255730842
1813,-0.0130904184192811
1814,-0.0102531056056179
1815,-0.00754155830256993
1816,-0.00558995882398786
1817,-0.00427104498894074
1818,-0.00313045622403409
1819,-0.00186697672242943
1820,-0.000565861225199553
1821,0.000261854702954963
1822,0.000154711077594324
1823,-0.000377151597202312
1824,0.000303994815638325
1825,0.00347974946306541
1826,0.00831973477202892
1827,0.0122187179885828
1828,0.0132550867299203
1829,0.0119544259745082
1830,0.0103131121343174
1831,0.00949006712744698
1832,0.00896788797889968
1833,0.0077172214632269
1834,0.00548489448674608
1835,0.0028202387649205
1836,0.00038357000864489
1837,-0.00148615231959916
1838,-0.00285613689006974
1839,-0.00408837271842176
1840,-0.00538655936326847
1841,-0.00633286698322564
1842,-0.0063496878352819
1843,-0.00595988929263885
1844,-0.00703036980853948
1845,-0.0109227373070973
1846,-0.0164595835775283
1847,-0.020562095742042
1848,-0.0212509354023592
1849,-0.0194524172377746
1850,-0.0174813640716467
1851,-0.0163416931594853
1852,-0.0151878087501856
1853,-0.0130578457473683
1854,-0.0102002503849961
1855,-0.00754140524453935
1856,-0.00558639800251319
1857,-0.00422935888651349
1858,-0.00317046210257342
1859,-0.00211780861919996
1860,-0.000930011039884026
1861,5.89308671618813E-05
1862,0.000247012783325964
1863,-0.000156772835511511
1864,0.000409962005400748
1865,0.00346237300125908
1866,0.00838916992521365
1867,0.0125186626830926
1868,0.0137052983427042
1869,0.0123907735998202
1870,0.010676940112567
1871,0.00981601451191804
1872,0.00925855394493994
1873,0.00792409106889553
1874,0.0055942264919138
1875,0.00287650973656361
1876,0.000424863634589181
1877,-0.00144999979779331
1878,-0.00279166631630999
1879,-0.00394937963911462
1880,-0.00522221875763532
1881,-0.00631345033681899
1882,-0.00659248260676568
1883,-0.00634857284353533
1884,-0.00730315018071642
1885,-0.0109694355519074
1886,-0.0164616905084029
1887,-0.0207837369964292
1888,-0.0217308490578839
1889,-0.0199680654959235
1890,-0.0178070528892938
1891,-0.0164746133306732
1892,-0.0153008768253125
1893,-0.0132891825747144
1894,-0.0105438065741123
1895,-0.00791701434052519
1896,-0.00594165003174361
1897,-0.004544561464919
1898,-0.00341022572792873
1899,-0.00223971979099811
1900,-0.00094996874316735
1901,4.65120988508992E-05
1902,0.000143272798289924
1903,-0.000365835055959442
1904,0.000165206914740489
1905,0.00324569698935979
1906,0.00818573036085072
1907,0.0122572025615058
1908,0.0133402988952876
1909,0.0119484133184153
1910,0.010224524327934
1911,0.00940646874946687
1912,0.00891707273646641
1913,0.00767203820501718
1914,0.00545190688099315
1915,0.00282795236940084
1916,0.000402784489812345
1917,-0.00150885735113225
1918,-0.00287642009405007
1919,-0.00399081017433913
1920,-0.00519202695379319
1921,-0.00627406750574989
1922,-0.00661490622588609
1923,-0.00640301689091279
1924,-0.00728508781647194
1925,-0.0108409760867331
1926,-0.016312647623514
1927,-0.0207182949104154
1928,-0.0217353436448484
1929,-0.0199470659573431
1930,-0.0177310488294814
1931,-0.0164216839710576
1932,-0.0153377306365446
1933,-0.0133752511628693
1934,-0.0105937062260621
1935,-0.00791026282029477
1936,-0.00591080328852833
1937,-0.00448296489419126
1938,-0.00327036219786574
1939,-0.00203274146576317
1940,-0.00077541112383498
1941,0.000110359650257722
1942,0.000131240952789499
1943,-0.000371170447609503
1944,0.000178958732273625
1945,0.00323490192014394
1946,0.00816551467156752
1947,0.0123194938414035
1948,0.0135341029542008
1949,0.0122116206209756
1950,0.0104825018398724
1951,0.00968329980426667
1952,0.0092731922342849
1953,0.00805666912069323
1954,0.00571337794057012
1955,0.00289822118061477
1956,0.00039361632356909
1957,-0.00145600328042355
1958,-0.00278628970871474
1959,-0.00401381975485278
1960,-0.00537328761740995
1961,-0.00645485501521323
1962,-0.00661144233330505
1963,-0.00622687489909393
1964,-0.00711569806200486
1965,-0.0108001231768026
1966,-0.0163412544569909
1967,-0.0206908053816308
1968,-0.0216276387963101
1969,-0.0198414690919118
1970,-0.0176949126974777
1971,-0.016448823156646
1972,-0.0154039128870216
1973,-0.0134810610814827
1974,-0.0107211465974364
1975,-0.00798707647466168
1976,-0.00587641104663244
1977,-0.00437695241872427
1978,-0.0032043593674346
1979,-0.00206364113806466
1980,-0.000841034118015323
1981,0.000118150784059377
1982,0.000260421851317454
1983,-0.000154053976034624
1984,0.000411493843383434
1985,0.00339716605713372
1986,0.00817523597691805
1987,0.0121538158927063
1988,0.0132784615880211
1989,0.0120041843453621
1990,0.0103882878524988
1991,0.00965920359390432
1992,0.0092783092619714
1993,0.00814521873207091
1994,0.00595748008970207
1995,0.00324085591859319
1996,0.000659910739808657
1997,-0.00137288891171913
1998,-0.0028076570237864
1999,-0.00398913759727112
2000,-0.00527110832019047
2001,-0.00637228662314309
2002,-0.00660346118786352
2003,-0.0062064212675211
2004,-0.00696658944455079
2005,-0.0105404737481649
2006,-0.0161118612682898
2007,-0.0205932051150046
2008,-0.02163321725663
2009,-0.0198676813019658
2010,-0.0177062878909729
2011,-0.0164400878111303
2012,-0.0153358542024699
2013,-0.0133150944791875
2014,-0.0105174581208426
2015,-0.00789130411272789
2016,-0.0059677179131899
2017,-0.00457716348574602
2018,-0.00338288767451147
2019,-0.00219165205057956
2020,-0.00097667221758409
2021,-3.20726028449012E-05
2022,0.000164082527651633
2023,-0.000188899165724252
2024,0.000323170583436989
2025,0.0031753798394391
2026,0.00794503166403607
2027,0.0121565189550955
2028,0.0136048935826957
2029,0.012488632183053
2030,0.010780049580276
2031,0.00982527862069172
2032,0.00921159874489994
2033,0.00787336935347235
2034,0.00554591918444343
2035,0.0028451705875808
2036,0.000450529444548019
2037,-0.00137426448885603
2038,-0.0027419238894051
2039,-0.00397034637420124
2040,-0.0052486954170948
2041,-0.00623824093283531
2042,-0.00637690672757194
2043,-0.00601524269715847
2044,-0.00685820777720891
2045,-0.0104177229676824
2046,-0.0158983320250645
2047,-0.02038012289071
2048,-0.0215801698347182
2049,-0.0199929690069127
2050,-0.0178645456818076
2051,-0.0165096556700528
2052,-0.0153426564370838
2053,-0.0133330874943916
2054,-0.0105197173405553
2055,-0.00778220227627526
2056,-0.00573899553369911
2057,-0.00434501289271971
2058,-0.00324749440148167
2059,-0.00212246035647208
2060,-0.000882531595855393
2061,9.16995758452053E-05
2062,0.000215908281740077
2063,-0.000290605433655677
2064,0.000111397257868042
2065,0.00298867281247404
2066,0.00789189418027234
2067,0.0122351240243717
2068,0.0137145126457678
2069,0.0125204424894449
2070,0.0107216974479778
2071,0.0097849979784431
2072,0.00931896941111487
2073,0.00814460953955495
2074,0.00586570458415722
2075,0.00309247895957987
2076,0.000614376003912199
2077,-0.00122532856978606
2078,-0.00257369067973789
2079,-0.00382114458946838
2080,-0.00516272775173821
2081,-0.00621196546319931
2082,-0.00638596055161551
2083,-0.00605559516178308
2084,-0.00693484653647271
2085,-0.0105190109284392
2086,-0.0160107496920341
2087,-0.020507764947536
2088,-0.0217146419822812
2089,-0.0200786429584558
2090,-0.0178441473301524
2091,-0.0164232146957961
2092,-0.0153447442936889
2093,-0.0135676624969632
2094,-0.010969057834588
2095,-0.00825573782144815
2096,-0.00602794974502517
2097,-0.00439703779051384
2098,-0.00319425071389396
2099,-0.00213705979967073
2100,-0.00101065316299584
2101,-4.14037041366185E-05
2102,0.000206897380724173
2103,-0.000166273932250195
2104,0.00026400599837551
2105,0.00307619219202105
2106,0.00791907095635659
2107,0.0122648484285849
2108,0.013778703559894
2109,0.0125945222899884
2110,0.010765151478003
2111,0.00977895499825663
2112,0.00927162380844485
2113,0.00808344634699409
2114,0.00581706217344751
2115,0.0030447679480825
2116,0.00051349874460654
2117,-0.00140591824844361
2118,-0.0027601073609466
2119,-0.00388716323234681
2120,-0.00507773546985068
2121,-0.00609737719053965
2122,-0.00637560356091062
2123,-0.00612315666382071
2124,-0.00692219547456873
2125,-0.0103402473672996
2126,-0.0157672789672682
2127,-0.0203705902527755
2128,-0.0217397913655115
2129,-0.020186249037987
2130,-0.0179461067849906
2131,-0.01649889154755
2132,-0.0153895012141665
2133,-0.0135453783361918
2134,-0.0108710960101133
2135,-0.00816779092373805
2136,-0.00606340359051293
2137,-0.0045529463856031
2138,-0.00332702949358674
2139,-0.00211765490099057
2140,-0.000879560326894308
2141,2.6783319367694E-05
2142,8.7261722832162E-05
2143,-0.000431437528716226
2144,-3.52597876201771E-06
2145,0.00290179430666482
2146,0.00782179719507852
2147,0.0121732034504057
2148,0.0136464165240125
2149,0.0124266521141826
2150,0.0105983557820624
2151,0.00965499900753099
2152,0.00921312508809902
2153,0.00807470840452859
2154,0.00581717651012901
2155,0.0030358897630415
2156,0.000520960215350866
2157,-0.00137020795695525
2158,-0.00276685240205282
2159,-0.00405313372361832
2160,-0.00543147246732027
2161,-0.00651351875982218
2162,-0.00668784207819545
2163,-0.00629049735659119
2164,-0.00703399285664273
2165,-0.0104569164053328
2166,-0.0158235654162303
2167,-0.0202812925397493
2168,-0.0215574503695296
2169,-0.0200817024887399
2170,-0.0180266433462848
2171,-0.0166998167256218
2172,-0.0155643384841988
2173,-0.0136203211206221
2174,-0.0108774446139509
2175,-0.00815576874718849
2176,-0.00603672788013531
2177,-0.00448937335663071
2178,-0.00322265370034157
2179,-0.00198905414605893
2180,-0.000736523110102047
2181,0.000192129307611928
2182,0.000279916993733238
2183,-0.000240175998509389
2184,0.000118564690520877
2185,0.00289402974445914
2186,0.00770125510618454
2187,0.0120458508398433
2188,0.0136118172400314
2189,0.0124633619972134
2190,0.0105775263214858
2191,0.00949552263555307
2192,0.00900643039282399
2193,0.00802261692386811
2194,0.00604024894530333
2195,0.00346082887299379
2196,0.00096248779991162
2197,-0.00103555779419739
2198,-0.00251926695315336
2199,-0.00380310119052706
2200,-0.00514051544261783
2201,-0.00622291123987088
2202,-0.00644219351673551
2203,-0.00607203778033031
2204,-0.00679709737274548
2205,-0.0102096065635746
2206,-0.0156347887191713
2207,-0.0201961626732193
2208,-0.0215325037342074
2209,-0.0200245590632344
2210,-0.017888862466222
2211,-0.016520231397298
2212,-0.0154411129475498
2213,-0.0136520008263246
2214,-0.0110961491014098
2215,-0.00848066724818551
2216,-0.00632017184099894
2217,-0.00466477964828463
2218,-0.0033981623563862
2219,-0.0023282957371159
2220,-0.00123335285932599
2221,-0.000252621795979436
2222,6.47203376370359E-05
2223,-0.000289071811597296
2224,2.82443290280062E-05
2225,0.00267364076738994
2226,0.00745856906902985
2227,0.0119112296448402
2228,0.0135936640892947
2229,0.012512304221002
2230,0.0106964338190024
2231,0.00969388811768674
2232,0.00918810242394484
2233,0.00801986724753338
2234,0.00577507808562292
2235,0.00301182214117746
2236,0.000458328468132342
2237,-0.0015293065976116
2238,-0.00298256612438724
2239,-0.00419557198895473
2240,-0.00542402179775702
2241,-0.00643703787480568
2242,-0.0066936312897572
2243,-0.00642171824397384
2244,-0.00718628175147066
2245,-0.0105235119747694
2246,-0.0158298807505691
2247,-0.0203468441158543
2248,-0.0217562096806673
2249,-0.0203743657787089
2250,-0.018313152137381
2251,-0.016902638720973
2252,-0.0156680959667058
2253,-0.0136655671469139
2254,-0.0109228717798711
2255,-0.00822683026895694
2256,-0.00611203570338134
2257,-0.00455785472576659
2258,-0.00333739505244856
2259,-0.0022129210012252
2260,-0.00102321620373583
2261,-1.73533448534187E-07
2262,0.000277345430549312
2263,-0.000163577116472669
2264,5.41590371750014E-05
2265,0.00259990517895137
2266,0.0073037691522142
2267,0.0117168044354034
2268,0.0133875667209723
2269,0.0122840893402439
2270,0.0104441885995383
2271,0.00948552558827692
2272,0.009127016344783
2273,0.00813740738232511
2274,0.00599466216546933
2275,0.00323869217689794
2276,0.000673701395052245
2277,-0.00128768235685957
2278,-0.00270659746458693
2279,-0.0039430596689255
2280,-0.00527656699482876
2281,-0.00643317765055301
2282,-0.00678254587045436
2283,-0.00647560255637327
2284,-0.00710551167796733
2285,-0.0103672696441361
2286,-0.0157942980327168
2287,-0.0205423730735532
2288,-0.0220332368050274
2289,-0.0204660930709272
2290,-0.0181606291121654
2291,-0.0167328322837051
2292,-0.0156984606719716
2293,-0.0138310221523965
2294,-0.0109964270920362
2295,-0.00814726407053024
2296,-0.00605200125262834
2297,-0.00466562259175136
2298,-0.00354915056717911
2299,-0.00238311542615863
2300,-0.0011365469047582
2301,-0.00015069277463355
2302,6.71969889026157E-05
2303,-0.000337514476126417
2304,-6.29881888279693E-06
2305,0.00262284448839589
2306,0.00735707184398625
2307,0.0118282176805409
2308,0.0136238781282034
2309,0.0126309728582717
2310,0.0107833322850688
2311,0.00969679644903501
2312,0.00918852026658758
2313,0.0081243183575226
2314,0.00600336963827179
2315,0.00331675194282766
2316,0.000802012177177558
2317,-0.00116133859675892
2318,-0.00261102335615655
2319,-0.00384790627004503
2320,-0.00511355657903344
2321,-0.00616370760935765
2322,-0.00644733130673604
2323,-0.00616420288940677
2324,-0.00686130591949256
2325,-0.0101284438856289
2326,-0.0154569690179799
2327,-0.0200952519830736
2328,-0.0216035292069352
2329,-0.0202009103836921
2330,-0.0180786661437475
2331,-0.0167393464458592
2332,-0.0157422091320214
2333,-0.0139740174014241
2334,-0.0112828698295819
2335,-0.00845875780379731
2336,-0.00618426297669798
2337,-0.0045577623759697
2338,-0.00336531814618115
2339,-0.00233251848163514
2340,-0.00126401023598799
2341,-0.000349767475818838
2342,-0.000117653835308033
2343,-0.000521550028100423
2344,-0.000216005738541245
2345,0.00242502104199514
2346,0.00721788940285117
2347,0.0117242313230451
2348,0.0135009937125542
2349,0.0125071736998722
2350,0.0107448629590617
2351,0.00977511469930818
2352,0.00929289134013114
2353,0.00814118993686002
2354,0.00594128458578341
2355,0.00330483115786285
2356,0.000936572986421234
2357,-0.000935613062912284
2358,-0.00244805184416134
2359,-0.00384895057240279
2360,-0.00524925266349141
2361,-0.00633043136862687
2362,-0.00656434530368436
2363,-0.00620502514433519
2364,-0.00682192720383499
2365,-0.0100089040633506
2366,-0.0152889240685811
2367,-0.0199641451868978
2368,-0.0216053925560223
2369,-0.0203567958386959
2370,-0.0182974575263425
2371,-0.0168839166160402
2372,-0.0157466301630519
2373,-0.0138991076763753
2374,-0.0112585142971892
2375,-0.00857598110231549
2376,-0.00643765167080361
2377,-0.00486873577435988
2378,-0.00363591013965627
2379,-0.00247769609468264
2380,-0.00122669232290776
2381,-0.000123916875781151
2382,0.000230209075820464
2383,-0.000172254528975996
2384,2.68755272536102E-05
2385,0.00253272356956132
2386,0.0072449326923464
2387,0.0117440588243322
2388,0.0135344943257286
2389,0.0125147492731658
2390,0.0106888314393142
2391,0.00968501965858594
2392,0.0092610675733644
2393,0.00824682995893293
2394,0.00617373879713541
2395,0.00355986639439749
2396,0.00109564652781193
2397,-0.000905642204377169
2398,-0.00246318735568123
2399,-0.00378490041139155
2400,-0.00506577735166979
2401,-0.00611453598176572
2402,-0.00643252842076613
2403,-0.0061701055539184
2404,-0.00678887898537213
2405,-0.0099082451985448
2406,-0.0151710669296278
2407,-0.0199272706086
2408,-0.0216629981263216
2409,-0.0204331952270345
2410,-0.018344250561753
2411,-0.0169308947580406
2412,-0.0158123389846818
2413,-0.0139143696646732
2414,-0.0111356220455287
2415,-0.00832305385890999
2416,-0.00614717624342826
2417,-0.00460932789321017
2418,-0.0034183205426027
2419,-0.00232430128979906
2420,-0.00119392535822967
2421,-0.000216796510817358
2422,0.000104925921397994
2423,-0.000241957774522473
2424,-2.56846439555961E-05
2425,0.00238496685606464
2426,0.00698774073845312
2427,0.0115118438827634
2428,0.0134611845998462
2429,0.0125848519075447
2430,0.0107786711292283
2431,0.00971681508964502
2432,0.00925936120816137
2433,0.00824871836903427
2434,0.00614294970196497
2435,0.00342139092549874
2436,0.000832238190449322
2437,-0.00121848530583657
2438,-0.002711841303456
2439,-0.00389665854150208
2440,-0.00505171530733675
2441,-0.0060584106234601
2442,-0.00642625170364301
2443,-0.00622680879733792
2444,-0.00681421000347596
2445,-0.00979024099321326
2446,-0.0149164584122952
2447,-0.019679486653736
2448,-0.021549327690976
2449,-0.0204102410293548
2450,-0.0182447691651489
2451,-0.0166752906526376
2452,-0.0155277038982721
2453,-0.0138067747001702
2454,-0.0112702772591264
2455,-0.00857635876427827
2456,-0.006365167196468
2457,-0.00475735746724126
2458,-0.003554804288788
2459,-0.00247495446070771
2460,-0.00130707768777617
2461,-0.000239275159160783
2462,0.000149639825816984
2463,-0.000208875117883709
2464,-5.06555510961762E-05
2465,0.00233821968805466
2466,0.00699833124810669
2467,0.0116178450364122
2468,0.0136244239480597
2469,0.0127435259638658
2470,0.0109215116222321
2471,0.00988083377230081
2472,0.00945368534280596
2473,0.00841989071623067
2474,0.00624496256279325
2475,0.0034953696413339
2476,0.000968164614166716
2477,-0.000998958617924831
2478,-0.00249193936645951
2479,-0.00377193466793909
2480,-0.00503659727512897
2481,-0.00609786937062606
2482,-0.00646036856427334
2483,-0.00622031675117709
2484,-0.006766907573964
2485,-0.00976413159548003
2486,-0.0150179485220639
2487,-0.0199495043716604
2488,-0.0218822389685391
2489,-0.0206517036356222
2490,-0.0183773421003639
2491,-0.0168333736687614
2492,-0.0157999712839845
2493,-0.014103399615331
2494,-0.0114533752433287
2495,-0.00866098416303891
2496,-0.00648538590486922
2497,-0.00494528232071914
2498,-0.00366896377047957
2499,-0.00239218536403439
2500,-0.0010970918945641
2501,-7.18567862227849E-05
2502,0.000220361893171057
2503,-0.000141287291398725
2504,9.08387806245463E-05
2505,0.00251818021472791
2506,0.00716233689218564
2507,0.0117913379438252
2508,0.0138430182325188
2509,0.0129346170309104
2510,0.0109549919307778
2511,0.00975114219960982
2512,0.00933154457247999
2513,0.00846735636611642
2514,0.00642179568186129
2515,0.00361729466418932
2516,0.000950768409603889
2517,-0.00102912783363571
2518,-0.00236483009365185
2519,-0.00349865246089283
2520,-0.00479906592673163
2521,-0.00602435507140151
2522,-0.00647938849304792
2523,-0.00615991783735202
2524,-0.00654272144403941
2525,-0.00942468158204263
2526,-0.0146504619681936
2527,-0.0196181291101876
2528,-0.0216497432533673
2529,-0.0205709845013723
2530,-0.0184132636162063
2531,-0.016850262623554
2532,-0.0156963400114766
2533,-0.013937281371602
2534,-0.0113646033797993
2535,-0.00866922058270479
2536,-0.00644181023210683
2537,-0.00472416125752273
2538,-0.00334963713423338
2539,-0.002181536382707
2540,-0.00109078701856624
2541,-0.000166884020393129
2542,0.000157905520473439
2543,-0.000191900932700644
2544,-8.16177288287521E-05
2545,0.00217700740932276
2546,0.00677786335721454
2547,0.0115273033071397
2548,0.0137323869108047
2549,0.0128808366021184
2550,0.0108700538113741
2551,0.00963696619596686
2552,0.00923164021706187
2553,0.00840427959881956
2554,0.00641281111577626
2555,0.00369975692783468
2556,0.0011269127412441
2557,-0.000855484645896776
2558,-0.00232479617708856
2559,-0.00361075647500672
2560,-0.00493964876836557
2561,-0.0060828123510255
2562,-0.00649839437320847
2563,-0.00626298582750651
2564,-0.00674541654171737
2565,-0.00959296228197037
2566,-0.0146604203544349
2567,-0.0194919133500096
2568,-0.0214940004233977
2569,-0.0204354291888527
2570,-0.0182817084106652
2571,-0.0167501947427019
2572,-0.01572383314297
2573,-0.0141287767898371
2574,-0.0115984701761176
2575,-0.00876912490858577
2576,-0.00637795155389975
2577,-0.00465131908927306
2578,-0.00341525281134782
2579,-0.00233505117122958
2580,-0.00113393331676612
2581,1.54493872750926E-05
2582,0.000471850061279873
2583,7.12361546171672E-05
2584,5.07219408206648E-05
2585,0.00221723021024555
2586,0.00674563667444901
2587,0.0113675806666163
2588,0.0134319552365662
2589,0.0125635331591829
2590,0.010686448362849
2591,0.00958054894851153
2592,0.00915300412973753
2593,0.00822341717571201
2594,0.00623036039828139
2595,0.00364124632656686
2596,0.00114604968430528
2597,-0.000920236995707944
2598,-0.00251804708006925
2599,-0.0037945341924628
2600,-0.00499340988079435
2601,-0.00607402522499182
2602,-0.0065743226954236
2603,-0.00642889736569449
2604,-0.00685937005160436
2605,-0.00957946241783166
2606,-0.0146236820811569
2607,-0.0195673886483776
2608,-0.0216652848604138
2609,-0.0205769419711246
2610,-0.0183370140614452
2611,-0.0167690536999648
2612,-0.0157283275737837
2613,-0.0140543033462067
2614,-0.0114227105235183
2615,-0.00861582280008649
2616,-0.00639670664332872
2617,-0.00482640413546344
2618,-0.00359451538913482
2619,-0.00245232120548785
2620,-0.00129526615018483
2621,-0.000279295337758766
2622,0.000153790609397802
2623,-7.43085129152592E-05
2624,9.64746010951441E-05
2625,0.00227144615263852
2626,0.00669166425996653
2627,0.0113407583563456
2628,0.0136545042561353
2629,0.0130508413675049
2630,0.0112196342155858
2631,0.00995854047659902
2632,0.00937324384804094
2633,0.00838969081763622
2634,0.00638518757682655
2635,0.00377295123886156
2636,0.00130038970557059
2637,-0.000659767330819204
2638,-0.00217647169060511
2639,-0.00353235701288228
2640,-0.004923451950403
2641,-0.00610798286728674
2642,-0.0065264023886778
2643,-0.0062451545800726
2644,-0.00665646629401042
2645,-0.00944763534238144
2646,-0.0144886770046841
2647,-0.0193190165084966
2648,-0.0213677101459777
2649,-0.0204453696879441
2650,-0.0184873114662447
2651,-0.0170673469793797
2652,-0.0159376753375772
2653,-0.0140809665052723
2654,-0.0113527851604544
2655,-0.00853827279466839
2656,-0.00628415530194665
2657,-0.0046225462415376
2658,-0.00334744852802484
2659,-0.00228403963884164
2660,-0.00125478290608233
2661,-0.000295188208994808
2662,0.000162021047923163
2663,-5.23909574707788E-05
2664,8.10875989117553E-05
2665,0.00223649949958116
2666,0.00671625364730829
2667,0.0114435831128096
2668,0.0137346842432343
2669,0.0129908723639198
2670,0.0110277386871967
2671,0.00976885791056786
2672,0.00929764067959794
2673,0.0083990394774301
2674,0.00635496280095653
2675,0.00362500290003388
2676,0.00106660538641173
2677,-0.000908842438742168
2678,-0.00242125477411308
2679,-0.00379239853956422
2680,-0.00518338787858086
2681,-0.00630517736094896
2682,-0.00661752621576997
2683,-0.00624288447887766
2684,-0.00658470513482845
2685,-0.0093088056610284
2686,-0.0143163106254126
2687,-0.0192163250276142
2688,-0.0214076492879732
2689,-0.0205272835336125
2690,-0.0183843361192242
2691,-0.0166793884627685
2692,-0.0154508926778685
2693,-0.0138044538629982
2694,-0.0114092974816533
2695,-0.00877724872692444
2696,-0.00648627114997254
2697,-0.00470298486345019
2698,-0.00333052688581961
2699,-0.00217452122884255
2700,-0.00103630360923502
2701,-3.60221382833078E-05
2702,0.000302587732202887
2703,-0.000133576234665955
2704,-0.000152070684773255
2705,0.00202973960337629
2706,0.0066631327753987
2707,0.0115445501706538
2708,0.0139109540986941
2709,0.0131554781321408
2710,0.0111167588630365
2711,0.00976488339243319
2712,0.00926289941908118
2713,0.00845743788612835
2714,0.00659057330532369
2715,0.00399044452534008
2716,0.00142764193247797
2717,-0.000623015836355618
2718,-0.00214742179465853
2719,-0.00344380154264072
2720,-0.00479555478165128
2721,-0.0060047937313309
2722,-0.006443319835108
2723,-0.00607506399984207
2724,-0.00630413226266077
2725,-0.00897246189157612
2726,-0.0140910239613308
2727,-0.0191547027185725
2728,-0.0213884251703767
2729,-0.0204473651910744
2730,-0.0183153133070284
2731,-0.0167497495071739
2732,-0.0156270426413798
2733,-0.0139027437448764
2734,-0.0113370206788429
2735,-0.00866365171441302
2736,-0.00651777923058603
2737,-0.00488715837853515
2738,-0.00349751548658376
2739,-0.00218882382980739
2740,-0.000933262798186546
2741,5.90761711884074E-05
2742,0.000320189107868119
2743,-0.000187867621886124
2744,-0.000281518367355801
2745,0.00178525961812515
2746,0.00630459802873007
2747,0.0111764412936354
2748,0.0136768501282648
2749,0.0131031678668412
2750,0.0111517506478086
2751,0.00975271737035694
2752,0.00916212398130281
2753,0.00833120155058431
2754,0.0064963143125412
2755,0.00389252208430307
2756,0.00123653091354407
2757,-0.000943690102440248
2758,-0.00253310736696453
2759,-0.00378060231458085
2760,-0.00500541678491573
2761,-0.00609408817738943
2762,-0.00649466140964296
2763,-0.00618994747978015
2764,-0.00652265536915209
2765,-0.00923617413516775
2766,-0.014304680466786
2767,-0.0192975435973175
2768,-0.0215444904189682
2769,-0.0207102086276296
2770,-0.0186848540671085
2771,-0.0171516572974209
2772,-0.0160133114179904
2773,-0.014282839287007
2774,-0.0117037194214703
2775,-0.00894993032480166
2776,-0.00667907557307822
2777,-0.00500060942701455
2778,-0.00370718581498297
2779,-0.00253135648005971
2780,-0.00126907049390271
2781,-0.000102452693037312
2782,0.000342251228070996
2783,-0.000114838697709303
2784,-0.000250680388523587
2785,0.00179657261620219
2786,0.00630260424601756
2787,0.0110441549188931
2788,0.0133163266150852
2789,0.0126574383199071
2790,0.010940580004294
2791,0.00991861750378379
2792,0.00947317161323669
2793,0.00844017828590358
2794,0.00635115319263633
2795,0.00377296034060158
2796,0.00138747387447917
2797,-0.000588442691305754
2798,-0.00221677676481793
2799,-0.0036306470198484
2800,-0.00497742462799181
2801,-0.00613198791429155
2802,-0.00660144738314872
2803,-0.00633536060985443
2804,-0.00661143474990985
2805,-0.0092284127327129
2806,-0.0142839745779011
2807,-0.019346194471363
2808,-0.021606647630984
2809,-0.0206639997776991
2810,-0.0185268303492494
2811,-0.0170242865471909
2812,-0.0160468347002041
2813,-0.0144805659180672
2814,-0.0119936527155399
2815,-0.00926655201873686
2816,-0.00695078301668301
2817,-0.0051344521916728
2818,-0.0036806877823746
2819,-0.00247633962874406
2820,-0.00136485160638114
2821,-0.000355664379315308
2822,0.000138046152162736
2823,-8.74054887155089E-05
2824,-6.60410837268918E-05
2825,0.00188861708242298
2826,0.00618581955672525
2827,0.0108788641133121
2828,0.0133281339731196
2829,0.0128443109654022
2830,0.0110815929954628
2831,0.00987249723652288
2832,0.00937208742225253
2833,0.00851974738824271
2834,0.00663583825643272
2835,0.00402926636304544
2836,0.00140953433895288
2837,-0.000721157111273902
2838,-0.00222486549071233
2839,-0.00334665674308534
2840,-0.0045099489261889
2841,-0.00571843559852951
2842,-0.00635238384337534
2843,-0.00615552520239575
2844,-0.00634255854873407
2845,-0.00882520015733987
2846,-0.0138427884305983
2847,-0.0189901974744804
2848,-0.0213715276859159
2849,-0.020496445830194
2850,-0.0183612618999019
2851,-0.016822727170507
2852,-0.0157647790843206
2853,-0.0140505300361934
2854,-0.0113963150930841
2855,-0.00860429073652154
2856,-0.00638771488066708
2857,-0.00474043938215171
2858,-0.00337476436589462
2859,-0.00215251041435503
2860,-0.00103376296643912
2861,-0.00011761159923287
2862,0.000231591751710446
2863,-9.01182008198322E-05
2864,-9.61749142103971E-05
2865,0.00186070140936844
2866,0.00619106012849711
2867,0.0109810081804295
2868,0.013553921480829
2869,0.0131120974856739
2870,0.0112637680112271
2871,0.00992988723133502
2872,0.00938137911540464
2873,0.00856310714481633
2874,0.00671112377122922
2875,0.0040837721906947
2876,0.00141471510714399
2877,-0.000763532286003849
2878,-0.00231440844080895
2879,-0.00347131794203637
2880,-0.00461586613461301
2881,-0.00574806011342289
2882,-0.00631994314235395
2883,-0.00613500950489915
2884,-0.00635704468673902
2885,-0.00879281691890188
2886,-0.0136796916441977
2887,-0.0187446702613922
2888,-0.0211975954695928
2889,-0.020485523124078
2890,-0.0184456002797365
2891,-0.0168677048349023
2892,-0.0157202202913629
2893,-0.0139748450288631
2894,-0.0113562154855185
2895,-0.0086027618033605
2896,-0.00639754872952515
2897,-0.00476485751386289
2898,-0.00344362760479165
2899,-0.00227144980225728
2900,-0.00115894306884363
2901,-0.000180400651713818
2902,0.000277213209286168
2903,4.73619662637599E-05
2904,4.92872272754839E-05
2905,0.00191738568676013
2906,0.00613491672647574
2907,0.0108874491838075
2908,0.0135169515023509
2909,0.0131406793320516
2910,0.011285734765955
2911,0.0099018615159351
2912,0.00936073733371939
2913,0.00865034280310364
2914,0.00694255921247828
2915,0.00441055150420121
2916,0.00177041382170347
2917,-0.000416890883472773
2918,-0.00201762191413632
2919,-0.00330199118406164
2920,-0.004644765372169
2921,-0.00595261532864447
2922,-0.0065676822759738
2923,-0.00628125650953455
2924,-0.00637050631799644
2925,-0.00878051604834679
2926,-0.0137803039590784
2927,-0.0189952844312275
2928,-0.0215090020488671
2929,-0.0207464078690942
2930,-0.0186353418715384
2931,-0.0170530640212045
2932,-0.0159502868976039
2933,-0.0142075591849443
2934,-0.0115044499476713
2935,-0.00864123723888338
2936,-0.00640186540146264
2937,-0.0048362862809842
2938,-0.00359971290510524
2939,-0.0024158847664918
2940,-0.00116708598547484
2941,-2.87886416767047E-05
2942,0.000457354706732885
2943,5.95104479439176E-05
2944,-0.000195355132911417
2945,0.00153330435854118
2946,0.00584556854085434
2947,0.0108359284079425
2948,0.013635918702422
2949,0.0132478299012258
2950,0.0112833374817057
2951,0.00985201057108662
2952,0.0093650039601719
2953,0.0087023790200328
2954,0.00694211567149384
2955,0.00430075580831483
2956,0.00160178529138588
2957,-0.000570780616645788
2958,-0.00214988529750906
2959,-0.00343660874671603
2960,-0.00475130495847559
2961,-0.00596537823453652
2962,-0.00648419279967064
2963,-0.00617440088440971
2964,-0.00627961651415467
2965,-0.00865179496054173
2966,-0.0135641582908041
2967,-0.0187595560833604
2968,-0.0213830661728204
2969,-0.0207598281641413
2970,-0.0186819448768142
2971,-0.0170377222844034
2972,-0.0159175441362477
2973,-0.0142848484323242
2974,-0.0117475359178552
2975,-0.0089750373399007
2976,-0.00669806835083376
2977,-0.00501562055718944
2978,-0.00367433894854445
2979,-0.00247260929260124
2980,-0.00130546272113418
2981,-0.000270639867261021
2982,0.000213641795564484
2983,-3.87733199652102E-05
2984,-0.000108963548335153
2985,0.00166701386674872
2986,0.00581803245036971
2987,0.010550061091212
2988,0.0131946884006928
2989,0.0128775054896993
2990,0.0111596290651865
2991,0.00996215334643269
2992,0.00951868205014157
2993,0.0087010221274847
2994,0.00676070326490252
2995,0.00409058497172139
2996,0.00150376020275742
2997,-0.000581151149838102
2998,-0.00220116461263497
2999,-0.0035840312441384
3000,-0.00493187822130219
3001,-0.00612388256647044
3002,-0.00665861408159651
3003,-0.00640908370587901
3004,-0.00651466311334434
3005,-0.00877479736288879
3006,-0.0135546600603088
3007,-0.0187119758161983
3008,-0.0213802568940138
3009,-0.0207865136603698
3010,-0.0186869219287618
3011,-0.0170236622949285
3012,-0.0159192487763749
3013,-0.0142890583810486
3014,-0.0116910221024896
3015,-0.00882269239312791
3016,-0.00648204456855473
3017,-0.00479055166962121
3018,-0.00346452906224929
3019,-0.00226965960961909
3020,-0.0010841871820523
3021,5.54600449593094E-06
3022,0.000566288304464051
3023,0.000345992973294009
3024,0.000201313312959932
3025,0.00183647080403051
3026,0.00591839928305816
3027,0.0107383656687148
3028,0.0135342487813373
3029,0.0132406984981298
3030,0.0113516194323493
3031,0.00994621853607282
3032,0.00948070446073767
3033,0.00885946393765606
3034,0.00712227753080193
3035,0.00443242342099238
3036,0.00161495415941403
3037,-0.000667661086938493
3038,-0.00225358795282242
3039,-0.00343807801280597
3040,-0.00465957846888575
3041,-0.00591386784590822
3042,-0.00657558238361541
3043,-0.00633273312846438
3044,-0.00630615887836654
3045,-0.00843743711167723
3046,-0.0132049348632434
3047,-0.0184443688373096
3048,-0.0212096655494006
3049,-0.0206952077809074
3050,-0.0186649694533535
3051,-0.0170559161292868
3052,-0.0159782996782288
3053,-0.014365842076016
3054,-0.0118099458311866
3055,-0.00900920529739488
3056,-0.00673150223365869
3057,-0.00507794212121609
3058,-0.0037615162232239
3059,-0.00253430360662004
3060,-0.00126447412472935
3061,-8.28163011519893E-05
3062,0.000486568228727478
3063,0.000150535343882899
3064,-0.000155752226663751
3065,0.00141035148859709
3066,0.00558367114295048
3067,0.0105988132317937
3068,0.0135823854597794
3069,0.0134025535341255
3070,0.0115550747570803
3071,0.01013480919276
3072,0.00958613017519083
3073,0.00881115469486549
3074,0.0069255255853476
3075,0.00422262576719857
3076,0.00157035086833601
3077,-0.000514134430747053
3078,-0.00208367278126489
3079,-0.00346966051706584
3080,-0.00490175333686506
3081,-0.00616427768580637
3082,-0.00668077020535596
3083,-0.00638047215539169
3084,-0.00649696776552933
3085,-0.00880862016018439
3086,-0.0135719204458857
3087,-0.0186195079641624
3088,-0.0211951332255485
3089,-0.0206212891302477
3090,-0.0186097583105449
3091,-0.0170048652277909
3092,-0.0159362987553244
3093,-0.0144138585985663
3094,-0.0120080403307807
3095,-0.00929177477381604
3096,-0.00695567168731901
3097,-0.00517604612003311
3098,-0.00380818914009803
3099,-0.0026494355893528
3100,-0.00147312797849215
3101,-0.000296187272586865
3102,0.000360530163782233
3103,0.000110803153843769
3104,-0.00017587407690752
3105,0.00137125017564316
3106,0.00554211471141306
3107,0.0105659602651114
3108,0.0135263217714743
3109,0.0132978197756021
3110,0.0114348012006295
3111,0.0100556557597654
3112,0.00955890890748114
3113,0.00880794467325853
3114,0.0069379357607359
3115,0.00425596939519971
3116,0.00157795899848945
3117,-0.000614604754227374
3118,-0.00228612870514325
3119,-0.00362954607541065
3120,-0.00488209938581628
3121,-0.00600851439890557
3122,-0.00656506297354847
3123,-0.00639121799456871
3124,-0.00652940760824702
3125,-0.00871651676083347
3126,-0.0133563552288926
3127,-0.0184163479076852
3128,-0.0211113303916746
3129,-0.0206429652585906
3130,-0.0186569746204847
3131,-0.0170140590448404
3132,-0.0158765995060777
3133,-0.0142768104028962
3134,-0.0118187817034032
3135,-0.0091082989011392
3136,-0.0068234839410951
3137,-0.0050854964885384
3138,-0.0037144637442443
3139,-0.00253291395714367
3140,-0.0013669360880341
3141,-0.00025114633391687
3142,0.000332461440768421
3143,5.78736644558807E-05
3144,-0.000182288303324777
3145,0.0014387538045053
3146,0.00563343520659629
3147,0.0105958976853543
3148,0.0134563494231368
3149,0.0131700330139276
3150,0.0113256320336626
3151,0.0100093989811677
3152,0.00957316089214747
3153,0.00886278595099035
3154,0.00701778499690314
3155,0.00434986666218654
3156,0.0016824800402633
3157,-0.00049090907192486
3158,-0.00213916431839089
3159,-0.00348663947522073
3160,-0.00479337578190304
3161,-0.00599405953320436
3162,-0.00657588793812132
3163,-0.0063426428913128
3164,-0.00638802667875812
3165,-0.00855421334239777
3166,-0.0133067083043233
3167,-0.0185614132300104
3168,-0.021404874203997
3169,-0.0209508325843449
3170,-0.0188722395723208
3171,-0.0171203705221012
3172,-0.0159070254522208
3173,-0.0142511131751172
3174,-0.011750604214324
3175,-0.00904316813749131
3176,-0.00681406385315158
3177,-0.00512829239765863
3178,-0.00375810459073788
3179,-0.00255630193324031
3180,-0.00139618945307964
3181,-0.000279635423526792
3182,0.000374394610076991
3183,0.000195494841916009
3184,-5.88005299844483E-05
3185,0.00140482088981818
3186,0.00544934293196166
3187,0.0104179944457786
3188,0.0133868298224851
3189,0.0131359656889534
3190,0.0112072592243021
3191,0.00982179460583687
3192,0.0094431266324734
3193,0.00885797794125696
3194,0.00707682517096791
3195,0.00437821276032907
3196,0.00164420379296748
3197,-0.000586971417981781
3198,-0.00227231547424746
3199,-0.00360496961840806
3200,-0.00482096582857736
3201,-0.00591705250687138
3202,-0.00648947241692676
3203,-0.00634444550919444
3204,-0.00642891196570864
3205,-0.0084625229026571
3206,-0.0129909381990716
3207,-0.018148646715424
3208,-0.0211348256517865
3209,-0.0209433751773485
3210,-0.0190325265566875
3211,-0.0172748959837739
3212,-0.0160013984297255
3213,-0.0143902554760715
3214,-0.0120507986509089
3215,-0.00947171095512887
3216,-0.00719718645640251
3217,-0.00531699269838672
3218,-0.00376424052598283
3219,-0.00250813048730693
3220,-0.00137475357157356
3221,-0.000239853508389999
3222,0.000503077303175426
3223,0.000363582223623803
3224,-1.15018619207835E-05
3225,0.00123553347771061
3226,0.00517002893278543
3227,0.0102640604107124
3228,0.0135043881959338
3229,0.0134527383772272
3230,0.0115205460136063
3231,0.00998759279647832
3232,0.00946155941446318
3233,0.00880303642590926
3234,0.00700786903655742
3235,0.00434882885470023
3236,0.00174791582055775
3237,-0.000264543318579014
3238,-0.00177518142094354
3239,-0.0031321095356945
3240,-0.00457044984178132
3241,-0.00589837428418525
3242,-0.00652272047255032
3243,-0.00625842680030751
3244,-0.00623992265705922
3245,-0.0083417111093149
3246,-0.0130687444505897
3247,-0.0183729767929935
3248,-0.0213277625579757
3249,-0.0209894787926266
3250,-0.0189992870131652
3251,-0.0173318287675609
3252,-0.0162121718776446
3253,-0.0146044133156946
3254,-0.0120431041034615
3255,-0.00920011001936234
3256,-0.00688112223370547
3257,-0.00521877010528523
3258,-0.00391561812023001
3259,-0.0027058961827733
3260,-0.0014385522897528
3261,-0.000200274008497072
3262,0.000499996540814943
3263,0.000261325357752906
3264,-0.000153009866403643
3265,0.0010908292040433
3266,0.00498242446062531
3267,0.0100400599102375
3268,0.0133771309544115
3269,0.0135534503693886
3270,0.0118047051285272
3271,0.0102765787413839
3272,0.00965953438822146
3273,0.00899159501066075
3274,0.00729029807692063
3275,0.0046707407320253
3276,0.0019466691802298
3277,-0.000250991216257565
3278,-0.00181899553352657
3279,-0.00305246903183092
3280,-0.00431334318902786
3281,-0.00555293625403985
3282,-0.00619177670818867
3283,-0.00595790885308243
3284,-0.0059253080280632
3285,-0.00799675312716436
3286,-0.0127414873034953
3287,-0.0181280010758575
3288,-0.0211763024202447
3289,-0.0208711287625656
3290,-0.0188288638298905
3291,-0.017069082397088
3292,-0.0158986818086612
3293,-0.0143423691708383
3294,-0.0119247759076849
3295,-0.00923060199265818
3296,-0.00695830799332996
3297,-0.00520926518947487
3298,-0.00377698561793699
3299,-0.00253315731850093
3300,-0.00137192946105197
3301,-0.000286824194593174
3302,0.000340748262215582
3303,0.00014531979111048
3304,-0.000166307658640211
3305,0.00118235228806583
3306,0.00515880240075531
3307,0.0102503694473422
3308,0.0135232935231602
3309,0.0135468425337794
3310,0.0116525905079832
3311,0.0100766976594392
3312,0.00950105177269075
3313,0.00889909760063241
3314,0.00727370878889211
3315,0.00476549699524077
3316,0.00214834848368148
3317,-5.67413893366762E-05
3318,-0.00178247840852483
3319,-0.00320370683612753
3320,-0.00453177596896419
3321,-0.00571062149705869
3322,-0.00627845434246302
3323,-0.0060366380026822
3324,-0.00601652002684699
3325,-0.00806661759626639
3326,-0.0127816774268772
3327,-0.0181734625442569
3328,-0.0212296572664691
3329,-0.0208705044797157
3330,-0.0187350568987945
3331,-0.0169516280477662
3332,-0.0158827535631053
3333,-0.0144679976696668
3334,-0.0120960856995094
3335,-0.00932024306774995
3336,-0.00694288453904823
3337,-0.00518390940035078
3338,-0.00384559496456881
3339,-0.00270443269135495
3340,-0.00157004663122673
3341,-0.000447809984528327
3342,0.000208802506444793
3343,5.63675803999591E-06
3344,-0.000305905033362719
3345,0.0010851748695934
3346,0.00509922855530777
3347,0.0101572247612242
3348,0.0133575892351045
3349,0.0133858975126007
3350,0.0116181437095958
3351,0.0101813230557961
3352,0.00962028891376123
3353,0.0089125034155014
3354,0.00718274859510728
3355,0.00463966600190815
3356,0.00200552869265516
3357,-0.000249139597707442
3358,-0.0020028855326497
3359,-0.00335100729732769
3360,-0.00453734692007359
3361,-0.0056367411467635
3362,-0.00626390489166044
3363,-0.00615196246946529
3364,-0.00619335981492667
3365,-0.00816576352762978
3366,-0.0127250077013372
3367,-0.0180236553416972
3368,-0.0211465866503156
3369,-0.0209672297986053
3370,-0.0189592187599675
3371,-0.0171272357850728
3372,-0.0158863937382906
3373,-0.0143458624423902
3374,-0.0119845798126736
3375,-0.00927725665952049
3376,-0.00690152235436446
3377,-0.00506365875151682
3378,-0.00365467309205341
3379,-0.00251158067060957
3380,-0.00141396455501508
3381,-0.00030863714045838
3382,0.000363317675156404
3383,0.000170008347376705
3384,-0.000182311200301795
3385,0.00110842732171332
3386,0.00501605556874372
3387,0.0100493548835448
3388,0.0133356953479563
3389,0.0134704612893266
3390,0.0117046694679174
3391,0.0101602930130633
3392,0.00951691169264167
3393,0.00886758963368049
3394,0.0073031037447287
3395,0.0049092957961114
3396,0.00233714618806998
3397,6.63454295147593E-05
3398,-0.00175968467932417
3399,-0.00321864672734045
3400,-0.00450352229274054
3401,-0.00562697151097416
3402,-0.00620709646309248
3403,-0.00604392072300464
3404,-0.00606809135964723
3405,-0.00803504165036017
3406,-0.0125956365815429
3407,-0.0179516142541956
3408,-0.0212024629889797
3409,-0.0211380205726202
3410,-0.0191474012112221
3411,-0.0172732428543592
3412,-0.0160406102025799
3413,-0.0145841419798455
3414,-0.0123008812502442
3415,-0.00960984851614626
3416,-0.00722736540344449
3417,-0.00540047204934608
3418,-0.00398133014678978
3419,-0.0027501246061669
3420,-0.00150055574361248
3421,-0.000242388458697008
3422,0.000532737712404252
3423,0.000346407845768615
3424,-0.000142676794779979
3425,0.000909991292898432
3426,0.00466055409275707
3427,0.00977720320482102
3428,0.0133051964267157
3429,0.0135787759412227
3430,0.0117300553247162
3431,0.0100530605434034
3432,0.00944071147927998
3433,0.00893877422797391
3434,0.00740008283819825
3435,0.00481368224201015
3436,0.0020007558792828
3437,-0.000347981469201187
3438,-0.00207889081488185
3439,-0.00342723000481799
3440,-0.00471157562370352
3441,-0.00593104086608323
3442,-0.00658883679443627
3443,-0.00635954356382235
3444,-0.00613544426835708
3445,-0.00778973298861474
3446,-0.0121852755394902
3447,-0.0176289901344359
3448,-0.0210955883049754
3449,-0.0211618819615434
3450,-0.0191634867191414
3451,-0.017275329422544
3452,-0.0161183763475019
3453,-0.0147417527309009
3454,-0.0124072954437321
3455,-0.0095518222043507
3456,-0.00704755693131596
3457,-0.00524725326566425
3458,-0.00396459806743016
3459,-0.00288457220887618
3460,-0.00175183395037467
3461,-0.000564140860200717
3462,0.000208903406645054
3463,0.000101880253253856
3464,-0.000269350056762671
3465,0.000858994463279613
3466,0.00459885565493953
3467,0.00965018248847221
3468,0.0131282954764152
3469,0.0134091451555034
3470,0.0116097061278569
3471,0.0099790940314866
3472,0.00938291257078332
3473,0.00887409270351609
3474,0.00732516636499613
3475,0.00473735956580639
3476,0.00194572437124407
3477,-0.00033839562528489
3478,-0.00196969145949636
3479,-0.0032472065564152
3480,-0.00455410792202742
3481,-0.00586495231577306
3482,-0.00658449963264122
3483,-0.00634640128001237
3484,-0.00612652418318146
3485,-0.00788552357376458
3486,-0.0124243072079352
3487,-0.0178912397428702
3488,-0.0212184275908836
3489,-0.0211297514210877
3490,-0.0191104806776376
3491,-0.0172961354071114
3492,-0.0161576921845353
3493,-0.0147166478787702
3494,-0.0123704889502413
3495,-0.0096360392374357
3496,-0.00725308033272728
3497,-0.00538268894568587
3498,-0.00385503303407516
3499,-0.00258686578838522
3500,-0.00149337085341785
3501,-0.000486233857939974
3502,0.000173439751584896
3503,8.83906610510124E-05
3504,-0.00023845850034668
3505,0.000861320988127923
3506,0.00455529182342438
3507,0.00964655687498058
3508,0.0132437086684967
3509,0.0136245978486277
3510,0.0118509808833429
3511,0.0101950858157717
3512,0.00954189741452659
3513,0.00893606981580036
3514,0.00729231836171634
3515,0.00471369722912046
3516,0.00206027765354426
3517,-8.9741200565409E-05
3518,-0.00173551150815567
3519,-0.00313494362965953
3520,-0.00449704411979787
3521,-0.00574384174661983
3522,-0.0064329416564307
3523,-0.00632601718725936
3524,-0.00628700427718751
3525,-0.00805652131984685
3526,-0.0124139611609973
3527,-0.0177248930724024
3528,-0.0210882057479485
3529,-0.0211360775128406
3530,-0.0191609394605524
3531,-0.0172812573288353
3532,-0.0161244420351382
3533,-0.0147900450539103
3534,-0.0125601939018657
3535,-0.00982424885522155
3536,-0.00737499724611065
3537,-0.00552386957751974
3538,-0.00411982600799074
3539,-0.00292983213768873
3540,-0.0017528447433231
3541,-0.000569323990871782
3542,0.000203313651026433
3543,0.000114773511429603
3544,-0.000253096772048597
3545,0.000844820860393267
3546,0.00456290172995974
3547,0.00965790301103589
3548,0.0132395246894946
3549,0.0136174122972563
3550,0.0118546910624395
3551,0.0101984605320858
3552,0.00953495716485149
3553,0.00893621813667239
3554,0.00731083247305591
3555,0.00471015204938742
3556,0.00197581226649589
3557,-0.000243006532316725
3558,-0.00185815790486473
3559,-0.00314602493867491
3560,-0.00443683790695499
3561,-0.0057263977484704
3562,-0.00649302483550427
3563,-0.00635749229751733
3564,-0.00616485080259644
3565,-0.00779633799423294
3566,-0.0121683675196656
3567,-0.0176213740786578
3568,-0.0211083670608961
3569,-0.0211710994781625
3570,-0.0191510259674182
3571,-0.0172593857804259
3572,-0.0161342081411246
3573,-0.0148112235670856
3574,-0.012540206668939
3575,-0.00975501782246085
3576,-0.00730066215013765
3577,-0.00547556539336082
3578,-0.00407900452556668
3579,-0.00287193658787255
3580,-0.00170052473911123
3581,-0.000566819034714141
3582,0.000163371629136325
3583,9.78097087528763E-05
3584,-0.000213915407134694
3585,0.000872506681858766
3586,0.00447723917644157
3587,0.00945755199253657
3588,0.0130428663374996
3589,0.0135185493862155
3590,0.0117981916176577
3591,0.010055604624143
3592,0.00929969706387854
3593,0.00877935551437708
3594,0.00740034596879374
3595,0.0050150242781524
3596,0.00229872822510886
3597,-5.25165548708121E-05
3598,-0.001779334017294
3599,-0.00308015010741949
3600,-0.00435824508124343
3601,-0.00568959151390718
3602,-0.0065200420301302
3603,-0.00638936365437716
3604,-0.00614502604382637
3605,-0.00775610860921728
3606,-0.0121882683014283
3607,-0.0177253773757077
3608,-0.0212395303224181
3609,-0.021275831511587
3610,-0.0192441581245787
3611,-0.0173765535452556
3612,-0.0162488290651712
3613,-0.0148505042591471
3614,-0.0124900412187969
3615,-0.00970239661180141
3616,-0.00734016992020382
3617,-0.00560059383958025
3618,-0.00420387405435219
3619,-0.00294258942602483
3620,-0.00173214710508683
3621,-0.000577291861883872
3622,0.000188925750873534
3623,0.000144328374119768
3624,-0.000228307317549637
3625,0.000742407271970614
3626,0.00430880881097272
3627,0.00939702589330334
3628,0.0131333672655446
3629,0.0136585653199249
3630,0.0118871033697433
3631,0.0101058398491893
3632,0.00936009347713961
3633,0.00881854383835787
3634,0.00735445973035687
3635,0.00492111332937493
3636,0.00227925223415997
3637,4.23432997500429E-05
3638,-0.00168413282408379
3639,-0.00311796625891899
3640,-0.00454135611032208
3641,-0.00595156254282979
3642,-0.00683345882177428
3643,-0.00675170541795955
3644,-0.00647374453347819
3645,-0.0079080562615085
3646,-0.0121239512244328
3647,-0.0175859505004648
3648,-0.0212056103389673
3649,-0.0213879357250547
3650,-0.0194154738673137
3651,-0.017551090563575
3652,-0.0164683604578425
3653,-0.0151519345620242
3654,-0.0128014238257403
3655,-0.00989294687537398
3656,-0.00735578173621747
3657,-0.00551236371484298
3658,-0.00412505939541626
3659,-0.00292638055515499
3660,-0.00175404526188829
3661,-0.000589161623934068
3662,0.000205583570566622
3663,0.000165617898643438
3664,-0.000247052001255759
3665,0.000655714656050473
3666,0.00417409694756423
3667,0.00927809270598267
3668,0.0130916192248573
3669,0.013707657571821
3670,0.0120017999286975
3671,0.0102735976851125
3672,0.00960081840256001
3673,0.00913538857667558
3674,0.00768061075265043
3675,0.00514767351562466
3676,0.00234579088794953
3677,-1.54292898604844E-05
3678,-0.00177957351013117
3679,-0.0031815213720038
3680,-0.00453268297202411
3681,-0.00583834591381889
3682,-0.00660192175746619
3683,-0.00643602348090408
3684,-0.00613665913191992
3685,-0.00758049832131952
3686,-0.0117950093368611
3687,-0.0172660899172073
3688,-0.02095653153121
3689,-0.0212431966234977
3690,-0.0192917328210073
3691,-0.0173041888537167
3692,-0.0160604578241678
3693,-0.0147179695819453
3694,-0.0125108833068396
3695,-0.00976999559088594
3696,-0.00727970596945417
3697,-0.00538263933289385
3698,-0.00397064840348595
3699,-0.00283936607621087
3700,-0.00176979463242433
3701,-0.000673319929227832
3702,8.72438832970666E-05
3703,2.52340763997366E-05
3704,-0.00037700817813188
3705,0.000589977100516691
3706,0.00417798373090413
3707,0.00927852619139746
3708,0.0130136159712567
3709,0.0135561238166653
3710,0.0118319320464949
3711,0.0101062810352087
3712,0.00942255150268841
3713,0.00897363572456999
3714,0.00760564056892909
3715,0.00516829698959128
3716,0.0023595096731492
3717,-0.000111234756144531
3718,-0.00194987693747075
3719,-0.00328220076934539
3720,-0.0044697836120403
3721,-0.00565228171138855
3722,-0.00639685536671987
3723,-0.00628312555224089
3724,-0.00606096098171038
3725,-0.00758063508777998
3726,-0.0118303342369197
3727,-0.0172665868628079
3728,-0.020905187237062
3729,-0.0212296774846462
3730,-0.0194210020483894
3731,-0.0175507123351664
3732,-0.0162782647574879
3733,-0.0148211734831403
3734,-0.0125872585964907
3735,-0.00996530996318057
3736,-0.00760382488738631
3737,-0.00569551691740987
3738,-0.00415592349934984
3739,-0.00292310942011703
3740,-0.00183825131557103
3741,-0.000732593372530309
3742,9.65740006613823E-05
3743,8.31918316132409E-05
3744,-0.000419603535760757
3745,0.000316471337434957
3746,0.00372959820004944
3747,0.00885655167647075
3748,0.0127521538690233
3749,0.0134041117493157
3750,0.0116678934347396
3751,0.00991021980683321
3752,0.0092688399179054
3753,0.0088841412531021
3754,0.00750830221740747
3755,0.00503096459069656
3756,0.00228295308642155
3757,-8.78986734359105E-06
3758,-0.00170517407839323
3759,-0.00306676578287573
3760,-0.00440226377034813
3761,-0.00569766164402234
3762,-0.006454338016754
3763,-0.00629659272104456
3764,-0.00601560408038642
3765,-0.00747116793343049
3766,-0.0117018770871528
3767,-0.0172353343013844
3768,-0.0210481957966805
3769,-0.0214657866782096
3770,-0.0195833639598549
3771,-0.0175862218282973
3772,-0.0162945155340471
3773,-0.0149069602097148
3774,-0.0126691757099764
3775,-0.00991077134493988
3776,-0.00741391463275683
3777,-0.00550843801186654
3778,-0.0040746069448334
3779,-0.0029240710375523
3780,-0.001858112767128
3781,-0.000754482618141639
3782,9.00888508790439E-05
3783,0.000171004576648404
3784,-0.000172544741670043
3785,0.000652477292757873
3786,0.00398641354544793
3787,0.00895539159687878
3788,0.0128005503436124
3789,0.0135633653273721
3790,0.0119554361786707
3791,0.0101898659767246
3792,0.00943781522096984
3793,0.00901183101343895
3794,0.00774536746582942
3795,0.00540738806525143
3796,0.00265876724886787
3797,0.000229008442314405
3798,-0.00157156616840273
3799,-0.00289314102433818
3800,-0.00414312563871135
3801,-0.0054710509884692
3802,-0.00636290074748421
3803,-0.00625141838162348
3804,-0.00581754083608279
3805,-0.00704611615387472
3806,-0.0111707851969453
3807,-0.0167416376424674
3808,-0.0206071375003282
3809,-0.0210371378585362
3810,-0.0192149575280806
3811,-0.0173796803792802
3812,-0.0162485367879842
3813,-0.0149019772928682
3814,-0.0126342540873019
3815,-0.00991696156379913
3816,-0.00754634339816866
3817,-0.00571546488546765
3818,-0.00422681670781921
3819,-0.00298470319367702
3820,-0.00190055795918619
3821,-0.000817247754946599
3822,6.21942350150041E-05
3823,0.000204251656821154
3824,-0.000168967042688122
3825,0.000537739798330766
3826,0.00382892818416059
3827,0.00894067588027192
3828,0.0130047874999184
3829,0.0138651779935491
3830,0.0121868198627181
3831,0.0103031781092123
3832,0.00947793997960988
3833,0.0089847483270283
3834,0.00759830784392372
3835,0.00512823737718379
3836,0.00231857368275099
3837,-9.70888390705472E-05
3838,-0.00186955340560522
3839,-0.00316228723920053
3840,-0.00433120117835921
3841,-0.00552230119549104
3842,-0.00631968283143681
3843,-0.00624567453965087
3844,-0.00593739454841698
3845,-0.00724894947597995
3846,-0.0113556565231639
3847,-0.0168765433687311
3848,-0.0207451220753568
3849,-0.0212255710167006
3850,-0.0194410833197329
3851,-0.0176167340937262
3852,-0.0165069715768011
3853,-0.01519848421228
3854,-0.0129333363754938
3855,-0.01014399618297
3856,-0.00765806321940168
3857,-0.00572902251300129
3858,-0.00417834998062471
3859,-0.00289093535037652
3860,-0.00177607809527809
3861,-0.000705718166866659
3862,9.60599601033293E-05
3863,0.000108779971376403
3864,-0.000409418438773606
3865,0.000188337656013483
3866,0.00346996643714942
3867,0.00869877532894182
3868,0.0129368493499653
3869,0.0138984385633646
3870,0.0121973932453766
3871,0.0102618031295504
3872,0.00947459118761363
3873,0.00909182828512563
3874,0.00776524386531214
3875,0.00526657983524206
3876,0.0024559811193321
3877,0.000165188869635311
3878,-0.00144812593700032
3879,-0.00274101416168107
3880,-0.00412598589143869
3881,-0.00559882469313097
3882,-0.00656492016097682
3883,-0.00650905446701316
3884,-0.00613870117593603
3885,-0.00736687352149911
3886,-0.0114022616803262
3887,-0.0169187774446108
3888,-0.0208768143600075
3889,-0.0214431373985988
3890,-0.0195823117056784
3891,-0.0175102120537254
3892,-0.0161919976779999
3893,-0.0149205309133052
3894,-0.0128845058199341
3895,-0.0102705114961311
3896,-0.00778031681007532
3897,-0.00579791845207597
3898,-0.00431446553292753
3899,-0.00317062176223053
3900,-0.00208175295125231
3901,-0.000849896199103317
3902,0.000156088263494855
3903,0.0002538607588568
3904,-0.000292955193883469
3905,0.000264309777387765
3906,0.00351876052739237
3907,0.00868113101953583
3908,0.012822018516008
3909,0.0137494265845035
3910,0.0121138461580089
3911,0.0102476204357031
3912,0.00943779109872725
3913,0.00899392400355646
3914,0.00769910652635817
3915,0.00532885457259002
3916,0.00257887314238797
3917,0.000153280435947889
3918,-0.00169678553664083
3919,-0.00309690419027055
3920,-0.00434179991521344
3921,-0.00554072041210731
3922,-0.00630776283652887
3923,-0.00622690945491532
3924,-0.00594652332180444
3925,-0.00727762151000899
3926,-0.0113926801091742
3927,-0.0169869803986814
3928,-0.021031727187318
3929,-0.021674363921142
3930,-0.0198667222658802
3931,-0.0178359824701575
3932,-0.0165490033594399
3933,-0.015271769992707
3934,-0.0131753898956199
3935,-0.0104753655164126
3936,-0.00791840188488597
3937,-0.0058946158953006
3938,-0.00437379612309142
3939,-0.00320644416869098
3940,-0.00214457624913686
3941,-0.000976557012213203
3942,6.94318586908296E-06
3943,0.000159576125411768
3944,-0.00033813237638236
3945,0.000157622387234812
3946,0.00326814250099254
3947,0.00834402775114998
3948,0.01252187533013
3949,0.0135182594036235
3950,0.0118788922145939
3951,0.00997771867648986
3952,0.00922799134088888
3953,0.00895992610996382
3954,0.00783052478925642
3955,0.00550086444123101
3956,0.00269290443108419
3957,0.000213025200459544
3958,-0.00164881404289364
3959,-0.00306958654319349
3960,-0.00439251422248986
3961,-0.00570096484106031
3962,-0.0065329652253436
3963,-0.00641561136221252
3964,-0.00600375997474506
3965,-0.00717122342132426
3966,-0.0111621498242571
3967,-0.016699209862175
3968,-0.0207308477074594
3969,-0.0213823573259294
3970,-0.0196201381216595
3971,-0.0176828964413687
3972,-0.0164885775574097
3973,-0.0152268324210114
3974,-0.013070352058313
3975,-0.0103398236785447
3976,-0.00786354957577212
3977,-0.00595998224779868
3978,-0.00443657696983352
3979,-0.003099081779078
3980,-0.00186017048019697
3981,-0.000701302802741892
3982,9.69056140171355E-05
3983,9.39765115159255E-05
3984,-0.000380164585125876
3985,0.00023564097451375
3986,0.00337584791667325
3987,0.00835101728166793
3988,0.0124408826232024
3989,0.0134790229322134
3990,0.0119504580606924
3991,0.0100904892892299
3992,0.00927890179351995
3993,0.00892926881960999
3994,0.00776725533413791
3995,0.00545180203689969
3996,0.00269973618026446
3997,0.0003413512202033
3998,-0.00135543204850859
3999,-0.00266907014457986
4000,-0.00402157232233757
4001,-0.00545015613098637
4002,-0.00638002668369731
4003,-0.00629830668221377
4004,-0.00591351005677289
4005,-0.00713827168616764
4006,-0.0111806354242499
4007,-0.0167218841501422
4008,-0.0207324469073024
4009,-0.0213774281439077
4010,-0.0196065737068699
4011,-0.0176163206691257
4012,-0.0163508295442553
4013,-0.0150910828828656
4014,-0.0130401194519971
4015,-0.010412335710497
4016,-0.0079019385377932
4017,-0.00584425953176488
4018,-0.00422537127866695
4019,-0.00298917919012933
4020,-0.00196947091385857
4021,-0.000933385534317386
4022,-6.32166972592535E-05
4023,8.09816885377418E-05
4024,-0.000332517398131938
4025,0.000262693337173236
4026,0.00343168560374385
4027,0.00852809625275641
4028,0.0127201687302311
4029,0.0137422764908647
4030,0.0121333792583792
4031,0.0102483767182573
4032,0.00948471293703495
4033,0.00917106096191995
4034,0.00797369372093602
4035,0.0055573182267309
4036,0.002640437565972
4037,5.01820038201452E-05
4038,-0.00186231973077913
4039,-0.003229161851185
4040,-0.00445089751472401
4041,-0.00575094088933024
4042,-0.00673374486758351
4043,-0.00680283316056167
4044,-0.00640591955834363
4045,-0.00736775508285819
4046,-0.0111212842850954
4047,-0.0166104741078939
4048,-0.0207878567090279
4049,-0.0215800354474226
4050,-0.0198008971788357
4051,-0.0177456847927535
4052,-0.0164921206993552
4053,-0.0152873143128302
4054,-0.0132115819210592
4055,-0.0104736379718825
4056,-0.00789586766967078
4057,-0.00589508653573656
4058,-0.00438777197584221
4059,-0.00319967904089556
4060,-0.00213363014810361
4061,-0.00100020644785144
4062,-1.09937340148454E-05
4063,0.000256698828154512
4064,-9.68067353967589E-05
4065,0.000413902355087227
4066,0.00339326054853077
4067,0.00837405367268537
4068,0.0126595308913018
4069,0.013898735179237
4070,0.0124028254038788
4071,0.0104107806698947
4072,0.00943523034165347
4073,0.00900485503555156
4074,0.00786584397935288
4075,0.00561541398390258
4076,0.00287495844661898
4077,0.000420261833584981
4078,-0.00142193376858037
4079,-0.00279336757472157
4080,-0.00406113377633524
4081,-0.00538383980233999
4082,-0.00634128692741863
4083,-0.00637721710449124
4084,-0.00597356858115854
4085,-0.00693211995176756
4086,-0.0106681876163749
4087,-0.0161861615657745
4088,-0.0205111673916645
4089,-0.0215196178289954
4090,-0.0198650254519098
4091,-0.0177555096348992
4092,-0.0163711100247322
4093,-0.0151267943512645
4094,-0.0131315736691734
4095,-0.0104676689285252
4096,-0.00785444742642644
4097,-0.00574933157382568
4098,-0.00417153951074953
4099,-0.00297363544540515
4100,-0.00191076307877096
4101,-0.000781984140623249
4102,0.000140495118698837
4103,0.000243290050093509
4104,-0.000301206306146501
4105,0.000117367980268251
4106,0.00315310428747111
4107,0.00827376138970474
4108,0.0126892238999931
4109,0.0140164451623076
4110,0.0125800070935239
4111,0.0106043788351274
4112,0.00955773690919048
4113,0.00897896569030588
4114,0.0077180403686458
4115,0.0054719875413707
4116,0.00282893679556744
4117,0.00041973992995726
4118,-0.00151303869477947
4119,-0.00302331234082403
4120,-0.00431890117873344
4121,-0.00551769336750531
4122,-0.00631966456228288
4123,-0.00630582764743682
4124,-0.00597546596134605
4125,-0.007044480719868
4126,-0.0108427755264949
4127,-0.0163444356673867
4128,-0.0205934524082351
4129,-0.0215275853568824
4130,-0.0198844788440599
4131,-0.0179033272925113
4132,-0.0166753225511153
4133,-0.0154704167565796
4134,-0.0133578974619479
4135,-0.0105450965595127
4136,-0.00790175898216859
4137,-0.00588923752754852
4138,-0.0043980431058395
4139,-0.00318814461097368
4140,-0.00205126137264038
4141,-0.000863561753240257
4142,0.000103788364187353
4143,0.000292683264634908
4144,-0.000129518042619492
4145,0.000358498416917337
4146,0.00334568139484576
4147,0.00834387970790261
4148,0.0126616461420706
4149,0.0139606568809062
4150,0.0125459898493189
4151,0.0106377192017297
4152,0.0097321510097197
4153,0.00934413358405685
4154,0.00820895533429424
4155,0.00593620469913199
4156,0.00318231507980554
4157,0.000731125346928805
4158,-0.00114719311399459
4159,-0.00265485914565391
4160,-0.00411592439556697
4161,-0.00554985740645466
4162,-0.00646027273778783
4163,-0.00639323585505509
4164,-0.00600314318034539
4165,-0.00711530625434859
4166,-0.0109792057211706
4167,-0.0164493047875215
4168,-0.0206040794764786
4169,-0.0215059317378308
4170,-0.0199017581552977
4171,-0.0179090268021846
4172,-0.0165645369538947
4173,-0.0152546663012053
4174,-0.0131870117175695
4175,-0.0105434485690721
4176,-0.00803205725173315
4177,-0.0059977626247895
4178,-0.00436666167227506
4179,-0.00303068087409522
4180,-0.001885371633673
4181,-0.000798147436941275
4182,7.14276660382515E-05
4183,0.00026794462425128
4184,-7.33787210698256E-05
4185,0.000421247599907651
4186,0.00326177642314878
4187,0.00807388086887871
4188,0.0123443062081207
4189,0.0137451983057428
4190,0.0124145897682679
4191,0.010465637282626
4192,0.00950078008244961
4193,0.00919865450349738
4194,0.00827322403428077
4195,0.00613931340509552
4196,0.00333914676126449
4197,0.000773989959941342
4198,-0.00108410000354057
4199,-0.00240615661675967
4200,-0.00370232804196306
4201,-0.00517653215487745
4202,-0.00628464659354846
4203,-0.00632265610283531
4204,-0.00576743530658991
4205,-0.00655607135288294
4206,-0.0102349786694282
4207,-0.0158171542812136
4208,-0.020236328111693
4209,-0.0212950421040228
4210,-0.0196630680654147
4211,-0.0176048740789695
4212,-0.0163033752384002
4213,-0.0151214305688931
4214,-0.0131504049528941
4215,-0.0105230763372647
4216,-0.00798654396612172
4217,-0.00592657120933873
4218,-0.00427598779556412
4219,-0.00293128201174275
4220,-0.00179107514712387
4221,-0.000697327958995277
4222,0.000215761254055873
4223,0.000456820212629939
4224,8.75709270892417E-05
4225,0.000474457990132352
4226,0.003219358438225
4227,0.00804169969124862
4228,0.0124257264464382
4229,0.0139641427707343
4230,0.012717372186945
4231,0.0107567961154192
4232,0.00967955628668835
4233,0.0092182842547913
4234,0.00819220992210245
4235,0.00607996258229831
4236,0.00336362964101069
4237,0.000830149888683793
4238,-0.00106848343004444
4239,-0.0024165821277451
4240,-0.00368329956591689
4241,-0.00515902983495207
4242,-0.00638134542666491
4243,-0.00656778319551533
4244,-0.00603016875877409
4245,-0.00667431018773011
4246,-0.0102015524320162
4247,-0.0157671515523745
4248,-0.0202598386863878
4249,-0.0213369794635694
4250,-0.0196323512664953
4251,-0.0175149371710715
4252,-0.0162398480497211
4253,-0.0151012757672466
4254,-0.0130933445899654
4255,-0.0103820603005069
4256,-0.00784163604430441
4257,-0.00589584551848723
4258,-0.00436384658734291
4259,-0.00302638446150078
4260,-0.00181401782814267
4261,-0.000688573562279693
4262,0.00017745794629486
4263,0.000366276361837593
4264,-9.87211568936701E-06
4265,0.000371034462804245
4266,0.00307815509135619
4267,0.00790571309383455
4268,0.0124175996567934
4269,0.0141301249366152
4270,0.0129283761212165
4271,0.0108428292811407
4272,0.00963587632750758
4273,0.00919049307962474
4274,0.00825972839719038
4275,0.00615015114267
4276,0.00332191023388385
4277,0.000706787436161108
4278,-0.00115822397402692
4279,-0.0024404276768874
4280,-0.00369511856382779
4281,-0.00515476091207795
4282,-0.00627281819618151
4283,-0.00633535067372943
4284,-0.00579757786742167
4285,-0.00655433006285514
4286,-0.0101388071638106
4287,-0.0156405180803226
4288,-0.0201125122183965
4289,-0.0213821170168221
4290,-0.0199932552581141
4291,-0.018046977594826
4292,-0.0166763850335221
4293,-0.0153296842910024
4294,-0.0132221518398131
4295,-0.0105651154164858
4296,-0.00811547369827833
4297,-0.0061991538951991
4298,-0.00464217796993421
4299,-0.00326477810168445
4300,-0.00199473690300742
4301,-0.000778101070078467
4302,0.000182515202335991
4303,0.000409083887353454
4304,-9.07069030003209E-07
4305,0.000335338026171735
4306,0.00305466710561708
4307,0.00793678896079145
4308,0.012460416386949
4309,0.0141013588444398
4310,0.0128201146486865
4311,0.0107505480579128
4312,0.00964302548633716
4313,0.00926080007430517
4314,0.00828979679382894
4315,0.00610585810289135
4316,0.00325346886374234
4317,0.000629546908744507
4318,-0.00130878930920531
4319,-0.00268516082200476
4320,-0.00391866094255412
4321,-0.00523194139805035
4322,-0.00625773717938846
4323,-0.00641427345284238
4324,-0.00603730828525613
4325,-0.00680512045564534
4326,-0.010250891775647
4327,-0.0156892994783693
4328,-0.0202972915464697
4329,-0.0217353168017324
4330,-0.0203209490627357
4331,-0.0181922434425706
4332,-0.0167322449968631
4333,-0.0155020714605061
4334,-0.0135384347734349
4335,-0.0108301313322034
4336,-0.00816196564104959
4337,-0.0060871612373111
4338,-0.00456323672170437
4339,-0.00331378386731288
4340,-0.00211089933858792
4341,-0.000883046960638456
4342,7.48748380115226E-05
4343,0.000239773156508875
4344,-0.000249359939843031
4345,1.90527625238734E-05
4346,0.00265676592478042
4347,0.00745337903179968
4348,0.0119821873517856
4349,0.0137824608223445
4350,0.0127184527236828
4351,0.0107481614638785
4352,0.00958379269795015
4353,0.00914238280219762
4354,0.00825365334104242
4355,0.00624179007337797
4356,0.00349239003671286
4357,0.000856205014659993
4358,-0.00111719323520375
4359,-0.00250734388494907
4360,-0.00382185305755415
4361,-0.00533560896582758
4362,-0.00654133242790566
4363,-0.00666327290702905
4364,-0.00605720722877893
4365,-0.0066374761629796
4366,-0.0100928763089028
4367,-0.0156252011201271
4368,-0.0202156773764627
4369,-0.0215356005210315
4370,-0.020096092817175
4371,-0.0181140076995982
4372,-0.0168025419885163
4373,-0.0155334280513635
4374,-0.0134019633436862
4375,-0.010629641872315
4376,-0.00809784606753343
4377,-0.00620200242623473
4378,-0.00470685146321119
4379,-0.0033461400948595
4380,-0.00204863352662688
4381,-0.000815766868145396
4382,0.000135167344545577
4383,0.000353960348738352
4384,-6.40013805177805E-05
4385,0.000224129470352658
4386,0.00285445105902413
4387,0.00767632517209847
4388,0.012225058053383
4389,0.0139366562387029
4390,0.0126830144367428
4391,0.0105819327339218
4392,0.00946438954310839
4393,0.00915908244328966
4394,0.00831121079219872
4395,0.0062077116249625
4396,0.00338009496355604
4397,0.000797289792005118
4398,-0.00104799184611292
4399,-0.00235757062387904
4400,-0.00365303121682628
4401,-0.00513822747262604
4402,-0.00630196162635906
4403,-0.00644881326782764
4404,-0.00595332061150559
4405,-0.00662395012390966
4406,-0.0100560789685538
4407,-0.0155029300237987
4408,-0.0200638212215597
4409,-0.0214267017887422
4410,-0.0200169949536134
4411,-0.0180191693261494
4412,-0.0167245507379127
4413,-0.0155600723195319
4414,-0.0135434131560033
4415,-0.0107798823763949
4416,-0.00815814735823464
4417,-0.00619330027669263
4418,-0.00472247586649416
4419,-0.00342972518310948
4420,-0.00216545713408173
4421,-0.00092014153019043
4422,5.99114763596476E-05
4423,0.000317168172004008
4424,-5.70129624103858E-05
4425,0.000239842822802217
4426,0.00281437159875828
4427,0.0075693470454944
4428,0.0121364552918278
4429,0.0139684143380053
4430,0.0128446124240863
4431,0.0107917766068136
4432,0.00964677332615449
4433,0.00930313936418864
4434,0.00843658536162243
4435,0.00631036672720977
4436,0.00342853058999954
4437,0.00076408102413785
4438,-0.00115935962187992
4439,-0.00250088375690828
4440,-0.00375532736025218
4441,-0.00515377562871287
4442,-0.006252768696749
4443,-0.00638148536900591
4444,-0.0058533713761621
4445,-0.00642439234853639
4446,-0.00976100786132967
4447,-0.0152513126467356
4448,-0.0200045398454406
4449,-0.0215457884356915
4450,-0.020157313725732
4451,-0.0180787475536518
4452,-0.0167698700113039
4453,-0.0157112004737409
4454,-0.0138000367170276
4455,-0.0110118662030007
4456,-0.00824316366702459
4457,-0.00611825791593245
4458,-0.00456644197046445
4459,-0.00329447228340283
4460,-0.00211514982918112
4461,-0.000937723551649981
4462,6.76278206020385E-05
4463,0.000427569851706824
4464,0.000109431916481915
4465,0.000308479002775074
4466,0.00267686097764374
4467,0.00728115270211066
4468,0.0118624429160945
4469,0.01382892968516
4470,0.0128327199896634
4471,0.0108154697608526
4472,0.00961716389862041
4473,0.00919364835752212
4474,0.0082975153826153
4475,0.00623282686851799
4476,0.00346457509511714
4477,0.000870160346749594
4478,-0.00107989249871114
4479,-0.00249412392050227
4480,-0.00377978949742596
4481,-0.00515377676044957
4482,-0.00623454984183418
4483,-0.00638689541457144
4484,-0.00587935903909464
4485,-0.00641166120697593
4486,-0.0096690909165583
4487,-0.0151147866970712
4488,-0.019897104177553
4489,-0.0215021295999256
4490,-0.0201444270823313
4491,-0.0180387877462255
4492,-0.0166829072387149
4493,-0.0156190296743667
4494,-0.0137717975364018
4495,-0.0110805271635531
4496,-0.00837291017708993
4497,-0.00624170742787027
4498,-0.00465784197879426
4499,-0.00339665520185492
4500,-0.00228881873066533
4501,-0.0011970620929542
4502,-0.000243539693831469
4503,9.75571239434234E-05
4504,-0.000228446915202548
4505,-1.40319298343544E-05
4506,0.00243227143185018
4507,0.00717641092626236
4508,0.0118874339446746
4509,0.0138882036725479
4510,0.0128195845878904
4511,0.0107003954854178
4512,0.00946288842125746
4513,0.00909218915215117
4514,0.00829951262581798
4515,0.00632831192622185
4516,0.00360795396517892
4517,0.00100770382771918
4518,-0.000994512495476322
4519,-0.00248161442378926
4520,-0.00382116432591635
4521,-0.00520859678540994
4522,-0.0062869080351667
4523,-0.00646226471607756
4524,-0.00599730190761574
4525,-0.00653087181263635
4526,-0.00971293089862985
4527,-0.0150659428485055
4528,-0.0198395258779899
4529,-0.0215371890171684
4530,-0.0202745731386473
4531,-0.0181692634318132
4532,-0.0167434821470128
4533,-0.0156463808512129
4534,-0.0138473371025429
4535,-0.0112138778708444
4536,-0.00848833906188799
4537,-0.00627317328685677
4538,-0.00461349665474886
4539,-0.00331438085465269
4540,-0.00216620547032693
4541,-0.00100326083707522
4542,9.60614324012513E-06
4543,0.000331727379775508
4544,-0.000101889677148761
4545,-2.91024362730842E-05
4546,0.00230859088306582
4547,0.00701890102490688
4548,0.011781985700092
4549,0.013893845058723
4550,0.0129284413994236
4551,0.0108422979103462
4552,0.00957339308551723
4553,0.00917433462325006
4554,0.00839983212536442
4555,0.00645913549583299
4556,0.00372682269783252
4557,0.00108606257616455
4558,-0.000915275884129438
4559,-0.0023362826679647
4560,-0.00360944734611411
4561,-0.00500178395854706
4562,-0.00614347872511894
4563,-0.00636946515009483
4564,-0.00591159445473672
4565,-0.00644466582285486
4566,-0.00964774321655094
4567,-0.0150131530287504
4568,-0.0197528075859438
4569,-0.0213979683896509
4570,-0.0201323538993752
4571,-0.0180832987615354
4572,-0.0166923029832765
4573,-0.0155314221593196
4574,-0.0136027655119063
4575,-0.0108948715012924
4576,-0.00822729185540347
4577,-0.00615018563316742
4578,-0.00458813605492172
4579,-0.00328879887897227
4580,-0.00209449669519599
4581,-0.000920360880539328
4582,5.51555402247124E-05
4583,0.000341121699703054
4584,-9.43585718462673E-05
4585,-1.61954479721097E-05
4586,0.00229091024274816
4587,0.00693778725622775
4588,0.0116521641332767
4589,0.0137649697698688
4590,0.0128337073997416
4591,0.0107639104837456
4592,0.00945629235033944
4593,0.00897781804339948
4594,0.00814640733787304
4595,0.00623124698859475
4596,0.00359659888335982
4597,0.00103837001550528
4598,-0.000975890054576125
4599,-0.00249049336398013
4600,-0.0038507225471823
4601,-0.00527010886162918
4602,-0.00640103581539652
4603,-0.00660202964236092
4604,-0.00607261520102419
4605,-0.0064675183206381
4606,-0.00954280157660329
4607,-0.0148991215939417
4608,-0.0197350852304378
4609,-0.0214416392406642
4610,-0.0201179529496867
4611,-0.0179834771630307
4612,-0.0166271427159525
4613,-0.0156286463387437
4614,-0.013861136044271
4615,-0.0112224471072311
4616,-0.00856310748745149
4617,-0.00648602777710789
4618,-0.00489949563233849
4619,-0.00352608082835355
4620,-0.00225638152814843
4621,-0.00107042295824382
4622,-0.000120661077164624
4623,0.000188474049524379
4624,-0.00016455301188161
4625,-3.5757305372185E-05
4626,0.0022319511271069
4627,0.00681196505282275
4628,0.0115189869808785
4629,0.0136665487685527
4630,0.0127354298350761
4631,0.0106439499662902
4632,0.00940118669264372
4633,0.00910363124249476
4634,0.0084178723085308
4635,0.0064327955087347
4636,0.00353945154387877
4637,0.00077575400681452
4638,-0.00118686576768675
4639,-0.00244475441787904
4640,-0.00358498604266522
4641,-0.00499825058944336
4642,-0.00629499662834661
4643,-0.00664999527165914
4644,-0.00612147027009003
4645,-0.00637197283320763
4646,-0.00928715824326738
4647,-0.0146134036879412
4648,-0.0196024857870727
4649,-0.0215593094604466
4650,-0.0204217711476042
4651,-0.0183086157863095
4652,-0.0168468969924456
4653,-0.0157292450473416
4654,-0.0138879428416212
4655,-0.0111890393638916
4656,-0.00844386592144136
4657,-0.00628433273787921
4658,-0.00468104548328247
4659,-0.00336528404228096
4660,-0.00216581452168181
4661,-0.00100244928880385
4662,-3.58421296341404E-05
4663,0.000268093077570424
4664,-0.000151583774460049
4665,-0.000115679222413625
4666,0.00211880632970702
4667,0.00678201706558466
4668,0.0116582377415512
4669,0.0139667148621452
4670,0.0131079626163131
4671,0.0109856486884286
4672,0.00964761149421603
4673,0.0092496272868232
4674,0.00852183499668354
4675,0.00659436043500339
4676,0.00382257266033264
4677,0.00112135653636368
4678,-0.000946101927023219
4679,-0.00243667408893023
4680,-0.00375889077440678
4681,-0.00515971142341216
4682,-0.00629006111848528
4683,-0.00650018221889461
4684,-0.00597410434920796
4685,-0.00634291943811061
4686,-0.00936865790019793
4687,-0.0147130151349034
4688,-0.0196370132393461
4689,-0.021508288069229
4690,-0.0203196616645531
4691,-0.018210054317321
4692,-0.0167978455872283
4693,-0.0157525482329371
4694,-0.0139817482881554
4695,-0.0113357976422504
4696,-0.00862723227584808
4697,-0.00650609408245798
4698,-0.0049640760335453
4699,-0.00373256246689031
4700,-0.00260515082080785
4701,-0.00144505762600013
4702,-0.000375409223222998
4703,0.000116624053093755
4704,-0.000115186919099172
4705,5.39905531547703E-06
4706,0.00217784458887994
4707,0.00669471123254029
4708,0.0114678192723091
4709,0.0138003413039692
4710,0.0130581314614107
4711,0.0110277835938682
4712,0.00967134650427596
4713,0.00916879443432868
4714,0.00835803891433588
4715,0.00645763679308881
4716,0.00380454984122779
4717,0.00119760938488127
4718,-0.000897921308716005
4719,-0.00250436568577995
4720,-0.00389448521006625
4721,-0.00525074780450442
4722,-0.00633065434594482
4723,-0.0066208175258751
4724,-0.00624791120406136
4725,-0.00661548663502981
4726,-0.00938275333384395
4727,-0.0144151556806992
4728,-0.0192701305857781
4729,-0.0213501339071431
4730,-0.0203956406402476
4731,-0.0183327085087951
4732,-0.0168327293011855
4733,-0.0157325333048084
4734,-0.0139620419291384
4735,-0.0112618549291634
4736,-0.00842357285737202
4737,-0.00622715516809645
4738,-0.00475259024727253
4739,-0.00362894532981444
4740,-0.00247561150301403
4741,-0.00113271422123036
4742,0.000116166583740997
4743,0.000620231727498361
4744,0.000226660164276134
4745,0.000139307951050622
4746,0.0021825395678039
4747,0.00667778772620473
4748,0.0114847639318659
4749,0.0138471478076037
4750,0.0131173766875437
4751,0.0111072110644412
4752,0.00979490115806913
4753,0.00933952766425399
4754,0.0085439679951129
4755,0.00662051360060456
4756,0.00394105280932352
4757,0.00135144645753679
4758,-0.000667556971626465
4759,-0.00217733727027147
4760,-0.00352450540030173
4761,-0.00493519700958219
4762,-0.00612054911084234
4763,-0.00645809262730371
4764,-0.00602126726535152
4765,-0.00629545421802301
4766,-0.00907547427979649
4767,-0.0142526739882778
4768,-0.0192650181613868
4769,-0.0213958834685458
4770,-0.0203999616907255
4771,-0.0182961154197119
4772,-0.0167860967423711
4773,-0.0156657410736837
4774,-0.0138715335828498
4775,-0.0112249420767123
4776,-0.00853159780176316
4777,-0.00643053181662692
4778,-0.00485725664883809
4779,-0.00351240901991431
4780,-0.00226683982013278
4781,-0.00109957216649706
4782,-0.000141195767235381
4783,0.000223275209065968
4784,-9.37539326248586E-05
4785,-6.9987567769129E-05
4786,0.00195309476193778
4787,0.00635685291740962
4788,0.0111772228847489
4789,0.0136944464129615
4790,0.013107632934807
4791,0.0110938256553473
4792,0.00968714835030223
4793,0.00920519642244636
4794,0.00850255715620316
4795,0.00668878962483873
4796,0.00403143806824375
4797,0.0013961913691197
4798,-0.000646420859754013
4799,-0.00212462652916015
4800,-0.00342753080338057
4801,-0.00482215702174768
4802,-0.00602171155491198
4803,-0.0064022905508206
4804,-0.00604464553489536
4805,-0.00641021019755002
4806,-0.00923801411847307
4807,-0.0144029215406472
4808,-0.0193942510291442
4809,-0.0215306766650307
4810,-0.0205159730724197
4811,-0.0183130601425921
4812,-0.0166889335656245
4813,-0.01558174302105
4814,-0.0139557340988638
4815,-0.0114765836430014
4816,-0.00878758723974423
4817,-0.00654761027728742
4818,-0.0048447210145843
4819,-0.00346932977468952
4820,-0.002253786131642
4821,-0.00111659884043114
4822,-0.000174058656670042
4823,0.000211620227594829
4824,1.47508888126066E-06
4825,0.000187981796480371
4826,0.00228000763742234
4827,0.00655728467501652
4828,0.0111790480915513
4829,0.0136639400171585
4830,0.013263908342936
4831,0.0114395164866035
4832,0.010016205483448
4833,0.00937767355527338
4834,0.00860673771526295
4835,0.00687115448584496
4836,0.00424899117701527
4837,0.00145347069972347
4838,-0.000823360401829738
4839,-0.00236480934306395
4840,-0.00352026184120946
4841,-0.00476755903331297
4842,-0.00598619386760717
4843,-0.00645268422631923
4844,-0.00603279571747168
4845,-0.00615553514713256
4846,-0.00874825618064035
4847,-0.0138521012997346
4848,-0.0189340136455021
4849,-0.0212090795944145
4850,-0.0203590456012976
4851,-0.0183623725584114
4852,-0.0168981941148738
4853,-0.0157592278131479
4854,-0.0139181609263911
4855,-0.0112527458244407
4856,-0.00858571053195272
4857,-0.00650882296519826
4858,-0.00490527820353004
4859,-0.00349451196943054
4860,-0.00222299480033584
4861,-0.00110087418348697
4862,-0.000191102021981195
4863,0.000204427584668296
4864,-2.58193629918788E-05
4865,2.47281809424448E-05
4866,0.00196502301576092
4867,0.00628865410461971
4868,0.011187930768605
4869,0.0139401129466923
4870,0.013556324235324
4871,0.0115404369981969
4872,0.00995517950940364
4873,0.00929957957011914
4874,0.00854969048760188
4875,0.00676265990516193
4876,0.00408428067772027
4877,0.00135868710565404
4878,-0.00074616354527292
4879,-0.00218269138585206
4880,-0.00339526476086137
4881,-0.00476996371799351
4882,-0.00604116976230445
4883,-0.0064630072075041
4884,-0.00599349988435803
4885,-0.00612998202788648
4886,-0.00878006739026941
4887,-0.0139395889748388
4888,-0.0190662322633943
4889,-0.0213801641881465
4890,-0.0205468267116024
4891,-0.0185297838863175
4892,-0.0170269111417563
4893,-0.0158537877453339
4894,-0.0139640149949506
4895,-0.0112091902234248
4896,-0.00846440895279938
4897,-0.00643762659570951
4898,-0.00504170284362169
4899,-0.00383886783144928
4900,-0.00256087385627662
4901,-0.00119331160458887
4902,-2.1402605055677E-05
4903,0.000418055635593793
4904,2.01417413442069E-05
4905,-9.6079787120532E-05
4906,0.00182919050522225
4907,0.00622480854684376
4908,0.0111346838897571
4909,0.0138110004818322
4910,0.0133689869431926
4911,0.011378296822751
4912,0.00984824715970951
4913,0.00921082231778306
4914,0.00847424479443137
4915,0.00676525835366892
4916,0.0041930814819449
4917,0.00146058237966244
4918,-0.000830437349003108
4919,-0.002496596220233
4920,-0.00376709240160795
4921,-0.00498445187114882
4922,-0.00608006973253508
4923,-0.00652157376841198
4924,-0.00624035081706391
4925,-0.00649913945667336
4926,-0.00905111339805283
4927,-0.0139995025602285
4928,-0.019018897515991
4929,-0.0213805842557838
4930,-0.0205990713924657
4931,-0.0185145728701588
4932,-0.016896853699862
4933,-0.0157180459372988
4934,-0.013959726299246
4935,-0.0113405638657295
4936,-0.00859890541905831
4937,-0.00642947414318411
4938,-0.00483810004149454
4939,-0.00350664786039028
4940,-0.002250399346032
4941,-0.00104434449545326
4942,-4.32167539593809E-05
4943,0.000375226387940356
4944,0.000124703471549058
4945,0.000160802952187693
4946,0.00207635369902999
4947,0.00632493025582418
4948,0.0111264312374303
4949,0.0138411973570345
4950,0.0135148477459923
4951,0.0115881671157318
4952,0.0100370760598453
4953,0.00935288827900863
4954,0.00859061297097579
4955,0.00687231593440107
4956,0.00429758810519495
4957,0.00158104836269893
4958,-0.000673708246679819
4959,-0.00231130467611818
4960,-0.00358951394023237
4961,-0.00484877073609214
4962,-0.00599026172866267
4963,-0.00644468824907722
4964,-0.00612316895591533
4965,-0.0063121317269462
4966,-0.00883475858292273
4967,-0.0138499564289189
4968,-0.0189958933150059
4969,-0.0214299412984447
4970,-0.0205979863623165
4971,-0.0184058366544572
4972,-0.0167567931452315
4973,-0.0156770258057922
4974,-0.0140704793209284
4975,-0.0115389267947361
4976,-0.00878067934567095
4977,-0.00654568884649716
4978,-0.00491950122811029
4979,-0.00361107628380508
4980,-0.00238764022368759
4981,-0.00115203077642683
4982,-5.43904576390322E-05
4983,0.000425956180404252
4984,8.88486908412682E-05
4985,-8.79262659042213E-05
4986,0.00165895098280497
4987,0.00592406053820992
4988,0.0108760141510547
4989,0.0137001266062242
4990,0.0133623356913154
4991,0.0113992260901432
4992,0.00990385283325698
4993,0.009341480981419
4994,0.00864242522052219
4995,0.00687533268325104
4996,0.00421573720831685
4997,0.00147850281791443
4998,-0.000715190464647429
4999,-0.00226625094110135
5000,-0.00349516362225304
5001,-0.00477050815845774
5002,-0.00597629349791086
5003,-0.00648336818035983
5004,-0.00614415161704956
5005,-0.00625806649876276
5006,-0.00873918198329339
5007,-0.0138196446119001
5008,-0.0191048542933545
5009,-0.0216508155810732
5010,-0.0208476585263582
5011,-0.0186326891187506
5012,-0.0169610444765607
5013,-0.0158655566530658
5014,-0.014224736931887
5015,-0.0116295688763257
5016,-0.00879597189327015
5017,-0.0065072467972155
5018,-0.00488296462974493
5019,-0.003639966638384
5020,-0.00249991916926181
5021,-0.00129160536901825
5022,-0.000140193757906433
5023,0.000417042349464342
5024,0.000106541395505693
5025,-9.99158858572499E-05
5026,0.00160820869830102
5027,0.00585251705044336
5028,0.0107977165457734
5029,0.0136447132380577
5030,0.013389593227236
5031,0.0115385769230649
5032,0.0100855646679814
5033,0.00944576714554985
5034,0.00863371275457452
5035,0.00683850958076456
5036,0.00422995385435921
5037,0.00150053434682564
5038,-0.000787461389396842
5039,-0.00244248558186409
5040,-0.00368049600338286
5041,-0.00491722755916295
5042,-0.00616945250366802
5043,-0.00681693484482977
5044,-0.00655458343850397
5045,-0.00656440696508325
5046,-0.00885284988440675
5047,-0.0138389112239953
5048,-0.0191648903459148
5049,-0.021744164089483
5050,-0.0208635927158016
5051,-0.0185404562449102
5052,-0.0168589933332087
5053,-0.0158345105335942
5054,-0.0142251677001752
5055,-0.0116009767181619
5056,-0.00878476673788723
5057,-0.00659575571282836
5058,-0.00502165597806262
5059,-0.00367101429370048
5060,-0.0023731027896128
5061,-0.00114664453412542
5062,-0.000104358854771883
5063,0.000421450663058604
5064,0.000237800186099752
5065,0.00013138191736517
5066,0.00173906991084596
5067,0.00580732257861415
5068,0.0107652848326303
5069,0.0138273237925545
5070,0.0137141309407185
5071,0.0117523496682687
5072,0.0100969037686901
5073,0.00942013453917858
5074,0.0087329880867671
5075,0.00700681909864032
5076,0.00431852721518569
5077,0.001503895876885
5078,-0.000740978844622854
5079,-0.00229143415982443
5080,-0.00349409930179295
5081,-0.00474757397246797
5082,-0.00595687477097772
5083,-0.00649941602260176
5084,-0.00618975103546695
5085,-0.00625887674902162
5086,-0.00861353270362644
5087,-0.0135855846777468
5088,-0.0188821647864646
5089,-0.0215263179896329
5090,-0.0207777254780026
5091,-0.0185247337708242
5092,-0.0168253764859641
5093,-0.015823601558794
5094,-0.014360456882717
5095,-0.0118839984575659
5096,-0.00902978764631576
5097,-0.00662930703532636
5098,-0.00489177585336098
5099,-0.00357603577400252
5100,-0.00240226990346785
5101,-0.00119021082757049
5102,-5.30296903742751E-05
5103,0.000480511343980107
5104,0.000115727841740972
5105,-0.00021101676758964
5106,0.00133460602961543
5107,0.0054798040017011
5108,0.0104730913984719
5109,0.0134640287308295
5110,0.0133089937335994
5111,0.0114529843916334
5112,0.00997821022342042
5113,0.0094159050130216
5114,0.00877215652113433
5115,0.00711316456899295
5116,0.00451517925779303
5117,0.00169756473735914
5118,-0.000681767690003475
5119,-0.00236889422529956
5120,-0.00358594841167283
5121,-0.00478214404015567
5122,-0.00599053058769072
5123,-0.00658595855065861
5124,-0.00625920939416857
5125,-0.00620224183635503
5126,-0.00843980464226443
5127,-0.0134087103976988
5128,-0.018770591349632
5129,-0.0214561454910151
5130,-0.0207389176830108
5131,-0.018565225789563
5132,-0.0169268176381029
5133,-0.0158203199139618
5134,-0.0141018644852077
5135,-0.0114631747819567
5136,-0.00873562040283561
5137,-0.00662773660978306
5138,-0.00503840614552301
5139,-0.00361478885592234
5140,-0.00228968381417947
5141,-0.00111757886371666
5142,-0.000155981997719308
5143,0.000318027054855219
5144,0.000108119810478241
5145,-2.28181414018899E-05
5146,0.0015652445544191
5147,0.00563305259490453
5148,0.0106032328997552
5149,0.0136748944056649
5150,0.0135728168713356
5151,0.0116422758474698
5152,0.0100499015500294
5153,0.0094704272298957
5154,0.0089063252714848
5155,0.00729249376745428
5156,0.00465187602688565
5157,0.0018054735301963
5158,-0.000496797057568152
5159,-0.0020714372889517
5160,-0.00327937744635439
5161,-0.00457907610924665
5162,-0.00587925085710433
5163,-0.00648203099951939
5164,-0.0061434336620363
5165,-0.00612744916268189
5166,-0.00841923566890147
5167,-0.0133936247584991
5168,-0.0187624707189918
5169,-0.0215501570319092
5170,-0.0209922080868394
5171,-0.0188849900604828
5172,-0.0171745217302907
5173,-0.0159939490783141
5174,-0.0143177681281098
5175,-0.0117642178191462
5176,-0.00902903507997934
5177,-0.00685265854103765
5178,-0.00528869340975269
5179,-0.00400072422940625
5180,-0.00273579608411838
5181,-0.00141684465491061
5182,-0.000224685923933452
5183,0.000339049220180639
5184,3.45436470944805E-05
5185,-0.0002249729833967
5186,0.00130827542850071
5187,0.00534132499551527
5188,0.0102251072249942
5189,0.0132157314733699
5190,0.0131452441143714
5191,0.0113447859888575
5192,0.00984497764564189
5193,0.00923247707623417
5194,0.00857523631580878
5195,0.00693946840179363
5196,0.00439350417565125
5197,0.00168626079930106
5198,-0.000520915980391048
5199,-0.00205794517672185
5200,-0.00324546490489659
5201,-0.00453002462765876
5202,-0.00585611398348686
5203,-0.00653920998812022
5204,-0.00627269622514127
5205,-0.00623535156006515
5206,-0.00840334608118821
5207,-0.0132310334290492
5208,-0.0185108327387787
5209,-0.02128311628149
5210,-0.0207591177785595
5211,-0.0187152104705526
5212,-0.0170783620577939
5213,-0.0159547395824755
5214,-0.0143156463129365
5215,-0.0118079408066644
5216,-0.00912287842998834
5217,-0.00692663336556197
5218,-0.00522809123236857
5219,-0.00379426896796687
5220,-0.00254631013688152
5221,-0.00142413652626966
5222,-0.000406451301609095
5223,0.00019287495083301
5224,6.96417706838198E-05
5225,-9.35535858629824E-05
5226,0.00135389913662973
5227,0.00526958047480988
5228,0.0101985449720577
5229,0.0133980167617555
5230,0.0135229005471485
5231,0.0117474368914232
5232,0.0100957503779533
5233,0.00926614892166955
5234,0.0084553160370814
5235,0.00679518321969046
5236,0.00431915983914176
5237,0.00166888202314255
5238,-0.000573638902628672
5239,-0.00220647333757955
5240,-0.00344722140587226
5241,-0.00469202880493215
5242,-0.00593482992710499
5243,-0.00655559545943587
5244,-0.00624407141300402
5245,-0.0061465454533308
5246,-0.00826506203880079
5247,-0.0131198338659562
5248,-0.0184963516200592
5249,-0.0213229180474513
5250,-0.0207210205392979
5251,-0.0185312160014245
5252,-0.0168409275345019
5253,-0.0158141583626606
5254,-0.0142897261056448
5255,-0.0117452908811659
5256,-0.00887959289657687
5257,-0.00654255512387579
5258,-0.00488444289022667
5259,-0.00361003059633527
5260,-0.00246509939258362
5261,-0.00131125704839992
5262,-0.00020955743050105
5263,0.000412195501348842
5264,0.000233007963353907
5265,3.25974980988339E-08
5266,0.001417148348508
5267,0.00534266559783409
5268,0.010290179327025
5269,0.0134774905993785
5270,0.0135377225453671
5271,0.011679999103052
5272,0.0100179881368028
5273,0.00930932521114009
5274,0.00869287496296787
5275,0.00716209215453808
5276,0.00466834475915445
5277,0.0019050376229854
5278,-0.000429386230921741
5279,-0.00207207804614397
5280,-0.0032758143754135
5281,-0.00451465988703172
5282,-0.00582765668382243
5283,-0.00656311517966445
5284,-0.00631635545541678
5285,-0.00615830891525902
5286,-0.00812593192415019
5287,-0.0128712412706225
5288,-0.0182746695845151
5289,-0.0212201089468954
5290,-0.020710985392762
5291,-0.0185439940554426
5292,-0.0168667731725855
5293,-0.0158924080979309
5294,-0.0144180328285837
5295,-0.0118551793324463
5296,-0.00891271797852852
5297,-0.00651432597111127
5298,-0.0048540011020272
5299,-0.00361209652654361
5300,-0.00248883984250601
5301,-0.00132720853369919
5302,-0.000198291219344263
5303,0.000443989845036511
5304,0.000246766947154315
5305,-4.90768583108703E-05
5306,0.00131067275103317
5307,0.00525803499253135
5308,0.0103184933481648
5309,0.0136330418096589
5310,0.0137517298820048
5311,0.0118830099190581
5312,0.0102014331306468
5313,0.00949572919591415
5314,0.00887997054062544
5315,0.00733203158597062
5316,0.00484025999178375
5317,0.00213107091764371
5318,-0.000140341930435676
5319,-0.00179848977046643
5320,-0.00311555734539173
5321,-0.00447361644199708
5322,-0.00580237979300103
5323,-0.00644588641533186
5324,-0.00610311386593439
5325,-0.00594151258272897
5326,-0.00799488239253253
5327,-0.0128405429731756
5328,-0.0183050794110389
5329,-0.021278392308123
5330,-0.0207889989166938
5331,-0.0186329436433521
5332,-0.0169408254047176
5333,-0.0159275656818365
5334,-0.0144172194890681
5335,-0.0118488866818005
5336,-0.00893964722712281
5337,-0.00659689877055988
5338,-0.00497537548311413
5339,-0.00370984628633834
5340,-0.00249148555252524
5341,-0.00122231019138704
5342,-6.25857084564186E-05
5343,0.000503536116728942
5344,0.000190274557311422
5345,-0.00016862807876291
5346,0.00119914732771985
5347,0.00516558362784076
5348,0.0102113709440151
5349,0.0135072940727648
5350,0.0136533978873055
5351,0.0118441337294997
5352,0.0101866726710933
5353,0.0094430446942955
5354,0.00878417652220221
5355,0.00725700680517437
5356,0.00484025369963562
5357,0.00218250121713182
5358,-0.000111415245940137
5359,-0.00182806588990386
5360,-0.00316084749544691
5361,-0.00446821519607338
5362,-0.00574503870271645
5363,-0.00641693034413933
5364,-0.0061746873695069
5365,-0.00606876407731786
5366,-0.00802452087059596
5367,-0.0126647366537282
5368,-0.0180067231208234
5369,-0.0210779019499894
5370,-0.0208157251356516
5371,-0.018776758847896
5372,-0.0169768690553014
5373,-0.0157812626249361
5374,-0.0142553351691331
5375,-0.011891959983085
5376,-0.00922876186315965
5377,-0.00698061126341787
5378,-0.00529201808724375
5379,-0.00392583596659235
5380,-0.00266129766319788
5381,-0.00137259572618065
5382,-0.000159211653055684
5383,0.000490758628205251
5384,0.000231229188608778
5385,-0.000142195834993528
5386,0.00116655647275402
5387,0.00507699089167848
5388,0.0100832394790861
5389,0.0133325762097759
5390,0.0134181969670112
5391,0.0115773707942716
5392,0.00996814044825083
5393,0.009344186317266
5394,0.00880981258506107
5395,0.00735490887472196
5396,0.00494858666275481
5397,0.00224979095925296
5398,-0.000121367304842561
5399,-0.00189979253175375
5400,-0.00320366758380892
5401,-0.00439411752294338
5402,-0.00559126004642557
5403,-0.00633031229684239
5404,-0.00622983376255329
5405,-0.00615913210954419
5406,-0.00800634566792506
5407,-0.0125673985013662
5408,-0.0179915990837578
5409,-0.0211852156531132
5410,-0.0208783881788251
5411,-0.0186565365353932
5412,-0.0167889393329312
5413,-0.0157597153671513
5414,-0.0144258546892492
5415,-0.0120093737373493
5416,-0.00907033628743303
5417,-0.00659905077371135
5418,-0.00491956728667269
5419,-0.00371015757354533
5420,-0.00258451639807129
5421,-0.00137326283463149
5422,-0.000202975033863703
5423,0.000472912146165615
5424,0.000346738184119988
5425,0.000106975724065423
5426,0.00136174763989652
5427,0.00502306501597236
5428,0.0098394590081572
5429,0.0131938221890933
5430,0.0135871661450966
5431,0.0119241176561608
5432,0.0101884457625822
5433,0.00931679298775677
5434,0.00869659408946484
5435,0.00733664881108198
5436,0.00497463519901251
5437,0.00213889224985041
5438,-0.000393196055527103
5439,-0.00214389811174746
5440,-0.0032738682233669
5441,-0.00437985173338555
5442,-0.00566951484203228
5443,-0.00649299236232333
5444,-0.00628405702558905
5445,-0.00599780788889182
5446,-0.00775612393353857
5447,-0.0124123175718685
5448,-0.0179502294715306
5449,-0.0211687727088346
5450,-0.0209122433322046
5451,-0.0188923299332434
5452,-0.0172633957996264
5453,-0.0162681804716926
5454,-0.0147373291053387
5455,-0.0121456968385165
5456,-0.00925812270634902
5457,-0.00695572215560412
5458,-0.00530325152730056
5459,-0.00392336438217183
5460,-0.00263363986306973
5461,-0.00144313902498199
5462,-0.00042304780712744
5463,0.00013982348820587
5464,-5.89747533081034E-06
5465,-0.000231163581791253
5466,0.00104905591783028
5467,0.00479272846545986
5468,0.00974338858438696
5469,0.0131875333841059
5470,0.0135671511088092
5471,0.0118525733534388
5472,0.0101072376031202
5473,0.00922564156048716
5474,0.00850559593461116
5475,0.00700225476422447
5476,0.0046190705082801
5477,0.00193540108977408
5478,-0.00044272569097616
5479,-0.00221925295329147
5480,-0.00350098383764231
5481,-0.00467953622553659
5482,-0.00590104475754842
5483,-0.00666473497948953
5484,-0.00650819474825121
5485,-0.00627342357815675
5486,-0.00794386326566921
5487,-0.0124659143046752
5488,-0.0180432988187944
5489,-0.0214800189708202
5490,-0.0213525789954023
5491,-0.0191836298690411
5492,-0.0172907862649353
5493,-0.0162295345933819
5494,-0.0148869860969137
5495,-0.0124819293564067
5496,-0.00955504491245637
5497,-0.00706275054566634
5498,-0.00531074724213522
5499,-0.00401857735848082
5500,-0.00286623685124235
5501,-0.00167653445947476
5502,-0.000488163385331935
5503,0.000275041181043633
5504,0.000195049061465772
5505,-0.000147904317154352
5506,0.000934266707327334
5507,0.0045510683981647
5508,0.00950278644115312
5509,0.013005360573702
5510,0.013411826283681
5511,0.0116905230225373
5512,0.00996037533414146
5513,0.00913468243469434
5514,0.00848576145206193
5515,0.00706511700382073
5516,0.00479701597121656
5517,0.00222910503312479
5518,-0.000123898258544784
5519,-0.0020023994427441
5520,-0.00342041756390739
5521,-0.00464122370380386
5522,-0.0057948853271915
5523,-0.00648068438999794
5524,-0.00632284458736619
5525,-0.00615079745975853
5526,-0.00788029496253489
5527,-0.0124176163112638
5528,-0.0179753256225269
5529,-0.0213852763449311
5530,-0.0212396628242466
5531,-0.0190492541046473
5532,-0.0171033234722787
5533,-0.0159586856432936
5534,-0.0145676385444428
5535,-0.0122277479031234
5536,-0.00947209532435045
5537,-0.00714304288437628
5538,-0.00543243037935603
5539,-0.00405390208335836
5540,-0.00277182209373605
5541,-0.0014886343390629
5542,-0.000277695336713245
5543,0.000418826043891815
5544,0.000180796953204334
5545,-0.000350027810959283
5546,0.000635325495896237
5547,0.00432524958345728
5548,0.00946423060794847
5549,0.0131154697026407
5550,0.013523069363343
5551,0.0116861632572955
5552,0.00985223437455029
5553,0.00903185966654991
5554,0.00847501961272474
5555,0.00712889409789782
5556,0.00485510673211545
5557,0.00225828140074962
5558,-3.48394358686774E-05
5559,-0.00174283394133778
5560,-0.00300287947981929
5561,-0.00423097611939004
5562,-0.0055753799379549
5563,-0.00649072870758703
5564,-0.00642905398514822
5565,-0.00617147748214655
5566,-0.00773248417990686
5567,-0.0121619917361332
5568,-0.0177444026831693
5569,-0.0212746836366912
5570,-0.0212552365223409
5571,-0.0191425043022294
5572,-0.0172433228823527
5573,-0.0161534945518321
5574,-0.0148128124068703
5575,-0.0124576847605684
5576,-0.00959520199546424
5577,-0.00713322224627956
5578,-0.00536641197576234
5579,-0.00404727835778064
5580,-0.00288802802507627
5581,-0.00171174822203216
5582,-0.000541767269572985
5583,0.000205847912558716
5584,0.00012110585070452
5585,-0.000200721537903427
5586,0.000924954682777046
5587,0.0045681817136301
5588,0.00949093695365221
5589,0.0129228057485682
5590,0.0132758604823702
5591,0.0115686179819775
5592,0.00992689317736678
5593,0.00923112335974702
5594,0.00868847993285397
5595,0.00727453476219307
5596,0.00489803735570381
5597,0.00221137029993935
5598,-0.000117380523844178
5599,-0.00180528162450926
5600,-0.00303902242324714
5601,-0.00427806765720744
5602,-0.00564187199942007
5603,-0.00651004372694611
5604,-0.00631470068867131
5605,-0.00591541827899269
5606,-0.00742348303952313
5607,-0.0119005659021423
5608,-0.0175594681365637
5609,-0.0211331466498991
5610,-0.0211307574037356
5611,-0.0190468586930844
5612,-0.0171909311794494
5613,-0.0161238423523347
5614,-0.0147705057660019
5615,-0.0124031897247125
5616,-0.00957080584151337
5617,-0.00716398909547252
5618,-0.00541160957527671
5619,-0.00403924142080648
5620,-0.00282012535304952
5621,-0.00165011407005776
5622,-0.000525676948919897
5623,0.000236347820363599
5624,0.000234435385634936
5625,-8.44602236256195E-05
5626,0.000840089577220942
5627,0.00420067871391381
5628,0.0090554993401443
5629,0.0127606185496405
5630,0.0134969114890143
5631,0.0119351176025184
5632,0.0101263264694988
5633,0.00920099355942387
5634,0.00861252464431528
5635,0.00731105207312166
5636,0.00500963178151315
5637,0.00226694037371141
5638,-0.000165555452061958
5639,-0.00189633999601222
5640,-0.00310393008950926
5641,-0.00430806663824608
5642,-0.00568091170532141
5643,-0.00662330995895425
5644,-0.00654226087301625
5645,-0.00620488379308154
5646,-0.00762700076333396
5647,-0.0119099940668564
5648,-0.0174563429134074
5649,-0.0211346420480625
5650,-0.0213489880695042
5651,-0.0193574837167269
5652,-0.0173933456318948
5653,-0.0161801260876923
5654,-0.0148032884559834
5655,-0.0124821083525342
5656,-0.00961629375630987
5657,-0.00710264708755937
5658,-0.00532925246917888
5659,-0.00408407548800718
5660,-0.0029918319391564
5661,-0.00178963699669567
5662,-0.000526524002876862
5663,0.000298182000299047
5664,0.000232141424837704
5665,-0.000131955302603441
5666,0.000897477346303213
5667,0.00445089094726356
5668,0.00942262367675395
5669,0.013110400085749
5670,0.0137778971449021
5671,0.0121729088615312
5672,0.0103278508417167
5673,0.00934147911437288
5674,0.00871858389401911
5675,0.00748034608821191
5676,0.00529732211359857
5677,0.00258371670892856
5678,1.92195310399697E-05
5679,-0.00189709649599316
5680,-0.00317509698344572
5681,-0.00430237321066281
5682,-0.00557106990184695
5683,-0.00647780450608057
5684,-0.00638537894109375
5685,-0.00597609832414505
5686,-0.00729168951077214
5687,-0.0115422673624069
5688,-0.0171607565606397
5689,-0.0209219747184981
5690,-0.0211481716957159
5691,-0.0191320787241658
5692,-0.0171780819095553
5693,-0.0159990999393406
5694,-0.0146291701277389
5695,-0.0123152914656722
5696,-0.00953867727112264
5697,-0.00717606439976458
5698,-0.00546856212149291
5699,-0.00411403911936959
5700,-0.00283930862718414
5701,-0.0015514499361159
5702,-0.000328818209113986
5703,0.000436021138780128
5704,0.000350223391723208
5705,-4.88239232322645E-05
5706,0.000889657488390774
5707,0.0043587465665107
5708,0.00932118656127967
5709,0.0130419161363308
5710,0.0137202985512757
5711,0.0121287575209417
5712,0.0103662190601279
5713,0.00950051008520389
5714,0.00892460671087549
5715,0.00763601257477986
5716,0.00541790871020903
5717,0.00276628981243578
5718,0.000281109165924914
5719,-0.00166580924907873
5720,-0.00307485792963183
5721,-0.0043079619953489
5722,-0.00559406846921499
5723,-0.00648632004446917
5724,-0.00639599044390634
5725,-0.00596412715347063
5726,-0.0071990341407534
5727,-0.011386155402858
5728,-0.0170618421566133
5729,-0.0209795936436253
5730,-0.0213277796816358
5731,-0.0193236269502953
5732,-0.0173435733020158
5733,-0.0162055607134138
5734,-0.0149273790348621
5735,-0.0126338609638582
5736,-0.00973750380154641
5737,-0.00719776081649762
5738,-0.00540685046245222
5739,-0.00412127561043857
5740,-0.00298011583126804
5741,-0.00176480634839282
5742,-0.000531307174247521
5743,0.000233181786228825
5744,4.98385156911551E-05
5745,-0.000506071196471228
5746,0.000345551497016948
5747,0.00387552259017579
5748,0.00898600171034871
5749,0.0128108559665639
5750,0.0134858913545795
5751,0.0118390111337487
5752,0.0100622467083534
5753,0.00924255603257063
5754,0.00870401653058464
5755,0.0073808008080121
5756,0.00508554005294483
5757,0.00240898447716345
5758,-1.76663728920792E-06
5759,-0.00183535624021462
5760,-0.00318443793039551
5761,-0.00441806213294691
5762,-0.00568771476028723
5763,-0.00650890284175089
5764,-0.00636929815889187
5765,-0.00600236716837016
5766,-0.00737544765970829
5767,-0.011620395792791
5768,-0.0172030460147302
5769,-0.0210062636746398
5770,-0.0213994964179446
5771,-0.0195833751744212
5772,-0.0177034223614329
5773,-0.0164086398242319
5774,-0.0148439747991026
5775,-0.0124321107938701
5776,-0.00970138651216033
5777,-0.00740577815856129
5778,-0.00566567338204883
5779,-0.00421970710416627
5780,-0.00292224949197457
5781,-0.00169785126802975
5782,-0.000509036090268977
5783,0.000311045232289162
5784,0.000263296713220121
5785,-0.000231222625911458
5786,0.000547872211461609
5787,0.00397938322174752
5788,0.00907372075535874
5789,0.0129305945214627
5790,0.0135874980149279
5791,0.0118631569959871
5792,0.0100322020129918
5793,0.00923562516025122
5794,0.0087694448393579
5795,0.00751540255593969
5796,0.00525877734313002
5797,0.00257609166889316
5798,0.000115763817823345
5799,-0.00175915603648191
5800,-0.00306886191644418
5801,-0.00419823737678687
5802,-0.00543305523294478
5803,-0.00638932277666835
5804,-0.00645689097776525
5805,-0.00614788536100603
5806,-0.00735300864635169
5807,-0.0113908139153607
5808,-0.0169559840990448
5809,-0.0209018598784124
5810,-0.0213370122395499
5811,-0.0193221837296135
5812,-0.0172061668399664
5813,-0.0159529715689768
5814,-0.0147216258460775
5815,-0.0125954429156978
5816,-0.00980867067076824
5817,-0.00721012214186682
5818,-0.00525997170431825
5819,-0.00386460328356749
5820,-0.00273087829718347
5821,-0.00157950034641264
5822,-0.000365417350390449
5823,0.000462491731196286
5824,0.000376355243858513
5825,-0.000134518974871697
5826,0.000662098428568186
5827,0.00407299538360283
5828,0.00909775075267578
5829,0.0129467497416979
5830,0.0137431387854602
5831,0.0122252522285316
5832,0.0104957359175252
5833,0.0096199769951677
5834,0.00897642503127684
5835,0.00758196475390682
5836,0.00528848714534756
5837,0.00264409777004602
5838,0.000217578619347497
5839,-0.00169098525452697
5840,-0.00309266138874551
5841,-0.00429909453869369
5842,-0.00554256125616148
5843,-0.00646817205972287
5844,-0.00652700010120948
5845,-0.00623159725624568
5846,-0.0074213206731771
5847,-0.0114096481995306
5848,-0.0169599127415839
5849,-0.0209773295492713
5850,-0.0215361902261065
5851,-0.0196246905511879
5852,-0.0175546776533418
5853,-0.016288917301782
5854,-0.0149991668040097
5855,-0.0128189805242175
5856,-0.0100642320148478
5857,-0.00759714771912122
5858,-0.00575864761070242
5859,-0.00432279939672946
5860,-0.00302805457430169
5861,-0.0017621008515587
5862,-0.000564362029945011
5863,0.000206477542992939
5864,0.000120689474054084
5865,-0.000380049908948449
5866,0.000351485759227977
5867,0.00368908434758676
5868,0.00878711992344861
5869,0.0128457170137778
5870,0.0137659929061009
5871,0.0121288210585857
5872,0.0101686691977474
5873,0.00921532352685679
5874,0.00871086188068924
5875,0.00747405848030496
5876,0.00517806535859651
5877,0.00243874128802151
5878,2.25284085716567E-05
5879,-0.00171976941697504
5880,-0.00295454701121454
5881,-0.00414210365116896
5882,-0.00547099469322858
5883,-0.00642521548564217
5884,-0.00638991338536411
5885,-0.0059740641387197
5886,-0.00713306819687966
5887,-0.0111721339506032
5888,-0.0167575560162368
5889,-0.0207473042216388
5890,-0.0212650420067514
5891,-0.0193587594296259
5892,-0.0173318403606134
5893,-0.0160986320126485
5894,-0.0148086735644762
5895,-0.0126052429243112
5896,-0.00981492228114867
5897,-0.00731445287067382
5898,-0.00548269955268371
5899,-0.00412176379743095
5900,-0.00293028613908632
5901,-0.00170626115332935
5902,-0.000447145374538742
5903,0.000431602627672372
5904,0.000412801990492256
5905,-8.62671469406429E-05
5906,0.000620648516738748
5907,0.00394145379747814
5908,0.00903407248255613
5909,0.0131058013718213
5910,0.0140784050722566
5911,0.0125191023623114
5912,0.0105928049090309
5913,0.00957043555972319
5914,0.00893103657948428
5915,0.00761192730140849
5916,0.0053694690577292
5917,0.00277665544999079
5918,0.000469048923335807
5919,-0.00129217765042567
5920,-0.00264392246231538
5921,-0.00394954138934381
5922,-0.0053438463935485
5923,-0.00633234450902396
5924,-0.00632207692192162
5925,-0.00588338430131001
5926,-0.00692776881144842
5927,-0.0108097431287255
5928,-0.0163218659538976
5929,-0.0203858604816432
5930,-0.0210440308826829
5931,-0.0192159371896252
5932,-0.0171878838359834
5933,-0.0159758249064092
5934,-0.0147980424626209
5935,-0.0127313287159914
5936,-0.00998261212140664
5937,-0.00740673979117422
5938,-0.00547823949349258
5939,-0.00409017577597568
5940,-0.0029312646784431
5941,-0.0017293313787129
5942,-0.000451276413912478
5943,0.000453377218068744
5944,0.000427957030963327
5945,-0.000109940742387985
5946,0.000545643498582002
5947,0.00381018702686056
5948,0.00884949437370252
5949,0.0129032636341247
5950,0.0139257915059105
5951,0.0124688019483704
5952,0.0106378652011711
5953,0.00966567657292013
5954,0.00904750209824517
5955,0.00774221901761979
5956,0.00548032290585898
5957,0.00279800115918787
5958,0.000362132375402843
5959,-0.00147725359548294
5960,-0.00281463133254085
5961,-0.00406913396138321
5962,-0.00544738882540072
5963,-0.00644739397504838
5964,-0.00642440301385574
5965,-0.00595846806508667
5966,-0.00703393181437464
5967,-0.0110263629579608
5968,-0.0166456806299917
5969,-0.0207318851261478
5970,-0.0213582842710858
5971,-0.0195375119263056
5972,-0.0175711711531761
5973,-0.0163917866130481
5974,-0.0151614395512832
5975,-0.0130096228815593
5976,-0.0102244268315209
5977,-0.00765564900925535
5978,-0.0057103739827006
5979,-0.00426650481080477
5980,-0.00307259202027931
5981,-0.00188844607969124
5982,-0.000621088973939825
5983,0.000349044155145929
5984,0.00043294997738101
5985,-5.61392603149948E-05
5986,0.000544270442583675
5987,0.003713521087487
5988,0.00868641441716873
5989,0.0126841382269558
5990,0.0136151703096418
5991,0.0120766117918993
5992,0.0102923732558703
5993,0.00952736049159954
5994,0.00914281379441739
5995,0.00792620075740065
5996,0.00558625930220421
5997,0.00279225746428779
5998,0.000327256582412001
5999,-0.00147680646924631
6000,-0.00279635104310533
6001,-0.00406937253760913
6002,-0.00545729377758835
6003,-0.00644323540335687
6004,-0.00641944957640137
6005,-0.00597428306038802
6006,-0.00703596349749444
6007,-0.0109466034023185
6008,-0.0164852721423623
6009,-0.0205961500019108
6010,-0.0213559879619701
6011,-0.0196679586255984
6012,-0.0177418829667412
6013,-0.0165269309082554
6014,-0.0152512608009963
6015,-0.0130639241784405
6016,-0.0102355687835434
6017,-0.00763179042849693
6018,-0.00569997591933545
6019,-0.00430828655862713
6020,-0.00314083257942769
6021,-0.00192580972148469
6022,-0.000613960561088346
6023,0.000366660101527696
6024,0.000438255755878393
6025,-6.50173075129095E-05
6026,0.000488427069392862
6027,0.00355689389404525
6028,0.00846244341473874
6029,0.0125590258658513
6030,0.013739992382229
6031,0.0123907081487622
6032,0.0105403800580892
6033,0.00950652424494621
6034,0.00889837884537563
6035,0.00767670065829501
6036,0.00548930890496718
6037,0.00282617469263937
6038,0.000379898549767664
6039,-0.00146364821473386
6040,-0.00279332957196161
6041,-0.00403269755268689
6042,-0.00539039712117881
6043,-0.00637644026273204
6044,-0.00635151226112486
6045,-0.00586515502815038
6046,-0.006872025387734
6047,-0.0107943911367337
6048,-0.016444382833005
6049,-0.0206890281800592
6050,-0.0214946394879987
6051,-0.0197517885804825
6052,-0.0177623853431336
6053,-0.0165445192539553
6054,-0.0152939604626805
6055,-0.0131006483004548
6056,-0.0102442825286931
6057,-0.00763214607877737
6058,-0.00570045732807512
6059,-0.00427773877189553
6060,-0.00307144838133083
6061,-0.0018768745057883
6062,-0.000634206517893138
6063,0.000327015587006011
6064,0.000462666753760102
6065,-4.9988102941171E-06
6066,0.000448897794563198
6067,0.00336091782251523
6068,0.00824415292166247
6069,0.0125106199754278
6070,0.0138996975384709
6071,0.0126216195887553
6072,0.0107018053353063
6073,0.00958233715350426
6074,0.00895785730374099
6075,0.00777641442996815
6076,0.00564281496530848
6077,0.0030171612091704
6078,0.000560741691511327
6079,-0.00135649553671253
6080,-0.00277669750841882
6081,-0.00404971004007151
6082,-0.00539632848746874
6083,-0.00643506405813282
6084,-0.00657281637742273
6085,-0.00622706755591838
6086,-0.00717803579828974
6087,-0.0108746770942116
6088,-0.0163602443640997
6089,-0.0206511628600312
6090,-0.0215799341641376
6091,-0.0198008295721346
6092,-0.017614672471387
6093,-0.0162992689290967
6094,-0.0152290785585079
6095,-0.0133415794912935
6096,-0.0106169262187348
6097,-0.00788239275438563
6098,-0.00577091483153792
6099,-0.004292398185627
6100,-0.00311338525318857
6101,-0.00190704813556035
6102,-0.000634633437297
6103,0.000258302485351352
6104,0.00024281360211858
6105,-0.00028437322450786
6106,0.000300526590804316
6107,0.00340331264599041
6108,0.00833495874271955
6109,0.0124853233647228
6110,0.0137558748348746
6111,0.012482305243264
6112,0.0106422517128046
6113,0.00955771187099576
6114,0.00889094261632425
6115,0.0076559330868115
6116,0.00551202060651699
6117,0.00290522962600664
6118,0.000462493078160526
6119,-0.0014418176529309
6120,-0.00282419813342875
6121,-0.00404242880693533
6122,-0.00536056709276014
6123,-0.00641281750544955
6124,-0.00655246035550945
6125,-0.00612682897636807
6126,-0.00692722459851397
6127,-0.0105103060229078
6128,-0.0160181824580936
6129,-0.0204529914600805
6130,-0.021544026081054
6131,-0.0198638383852438
6132,-0.0177051292539916
6133,-0.0163706794521138
6134,-0.0152600296711125
6135,-0.0133530477531248
6136,-0.0106774509322131
6137,-0.00804412839686849
6138,-0.00599826527500391
6139,-0.0045004355794454
6140,-0.00328018020072715
6141,-0.0020853489427713
6142,-0.000831721406506066
6143,0.000127993586729367
6144,0.00021373089349244
6145,-0.000353434318863646
6146,1.72193337781082E-05
6147,0.00296292651834331
6148,0.00801895193531316
6149,0.0124685447728176
6150,0.0138825795287546
6151,0.012467213899094
6152,0.0104279830102925
6153,0.00934519046619012
6154,0.00883389171225788
6155,0.00767255175049748
6156,0.00545594419871117
6157,0.00279838908291926
6158,0.000435094062942675
6159,-0.00139178707431508
6160,-0.00287047708913225
6161,-0.00430190015930223
6162,-0.00572803490054918
6163,-0.00668963118106866
6164,-0.00668136623818709
6165,-0.00622448969003921
6166,-0.00711147615804168
6167,-0.010780234861057
6168,-0.0163172656136737
6169,-0.0207697689361848
6170,-0.0218907355652228
6171,-0.020196919287687
6172,-0.0179457509975116
6173,-0.0165126515528996
6174,-0.0153930069669887
6175,-0.0135413211242355
6176,-0.0108613936375206
6177,-0.00811978332161039
6178,-0.00596999463276907
6179,-0.00447921734274709
6180,-0.00332041253461291
6181,-0.00210281974571791
6182,-0.000732303763697823
6183,0.000307882270360834
6184,0.000381704736978412
6185,-0.000178317096937023
6186,0.000288292500172524
6187,0.00325949874664066
6188,0.00807403926231716
6189,0.0121290141768635
6190,0.0133749350267025
6191,0.012198838125198
6192,0.0105309558345029
6193,0.00956631827314152
6194,0.00891087291076301
6195,0.00765473305629949
6196,0.00553013650902268
6197,0.0029244621484353
6198,0.000369219365634861
6199,-0.00170724232002084
6200,-0.00314275634075783
6201,-0.00422640389650795
6202,-0.00537705589207725
6203,-0.00642086284261715
6204,-0.00669706696243405
6205,-0.00635476366062477
6206,-0.00704859024111116
6207,-0.010415431977292
6208,-0.0157951517546396
6209,-0.020299755837076
6210,-0.0215932268888239
6211,-0.0200920921467434
6212,-0.0179875221703419
6213,-0.0166070784363751
6214,-0.0154449238039751
6215,-0.0135271744347432
6216,-0.0108332890404514
6217,-0.00811297757460813
6218,-0.00593333463307833
6219,-0.00433726616222289
6220,-0.00309389266273743
6221,-0.001915864302964
6222,-0.000678080567074273
6223,0.000273406398418159
6224,0.000372032021117877
6225,-0.000134450980156063
6226,0.000303503942778603
6227,0.00319935245400343
6228,0.00803816841382164
6229,0.0122587387800071
6230,0.0136524594061475
6231,0.0124342195056803
6232,0.0105894536014677
6233,0.00955141575337195
6234,0.0090522562474497
6235,0.00803424344217719
6236,0.0059959187582966
6237,0.00329157449227231
6238,0.000632690781969902
6239,-0.00141852624657975
6240,-0.00278535990556424
6241,-0.00393127196484224
6242,-0.00529130972114417
6243,-0.00650763811726921
6244,-0.00674725366383544
6245,-0.00620820764002769
6246,-0.00677526712113559
6247,-0.0102452818888451
6248,-0.0158610937600407
6249,-0.0204768792413343
6250,-0.0216257956030126
6251,-0.0198690642391335
6252,-0.0176366473211258
6253,-0.0162978141382803
6254,-0.0151709281398231
6255,-0.0131664078738495
6256,-0.0103907627030884
6257,-0.00777997095653335
6258,-0.00586254094619938
6259,-0.00445859042373337
6260,-0.00324031377206989
6261,-0.00206161486805696
6262,-0.000927234831720017
6263,-8.96918404004629E-05
6264,3.69009688624053E-05
6265,-0.000363276518297858
6266,5.14375990910767E-05
6267,0.00277389358678322
6268,0.00753005017496189
6269,0.0119367008113333
6270,0.0136449050605049
6271,0.0125914878966368
6272,0.0106851996649846
6273,0.00951099217401415
6274,0.00893143527553004
6275,0.00787718983615482
6276,0.00581803069910348
6277,0.00314539723003888
6278,0.000571693272232004
6279,-0.00143795280279397
6280,-0.00286527916259073
6281,-0.0040777843347884
6282,-0.00539128496504581
6283,-0.00649996513588569
6284,-0.00673128081062385
6285,-0.00630324515357987
6286,-0.0069278513154228
6287,-0.0102786452240369
6288,-0.0157154273222978
6289,-0.0203130243000287
6290,-0.0216569574993867
6291,-0.0201466924960052
6292,-0.0180425319248184
6293,-0.0166984979512501
6294,-0.0155157929204519
6295,-0.0134480291179571
6296,-0.0105814315092329
6297,-0.00784811290834215
6298,-0.00582403720271774
6299,-0.00436814727954835
6300,-0.00312572166491654
6301,-0.00189329282724301
6302,-0.000669208543399116
6303,0.000237573405049056
6304,0.000371227092443961
6305,-5.40972659166861E-05
6306,0.00035225993044883
6307,0.00306331939168755
6308,0.00773764811250277
6309,0.0119992939561063
6310,0.0136214959027798
6311,0.0126422054696015
6312,0.0109041245665242
6313,0.00982138698963679
6314,0.00919370017527199
6315,0.00807549248046093
6316,0.0060725102823831
6317,0.00352931519225002
6318,0.00098119748013777
6319,-0.00117430891401105
6320,-0.00276875550872481
6321,-0.00397774828651551
6322,-0.0051265944409745
6323,-0.0061197362922285
6324,-0.00644030893196572
6325,-0.00621162643984784
6326,-0.00691531927536143
6327,-0.0101492298548342
6328,-0.0154458959300643
6329,-0.0200656770873602
6330,-0.0215351779576012
6331,-0.0200301883188417
6332,-0.0177475075892756
6333,-0.016259450723659
6334,-0.0151940136273237
6335,-0.0134328236509107
6336,-0.0107719850822098
6337,-0.00799392549415124
6338,-0.00581782478792115
6339,-0.00430955340258274
6340,-0.00312595550379346
6341,-0.00192976972004923
6342,-0.000665748705231693
6343,0.000272529628658937
6344,0.00035711859665996
6345,-0.000153136754092034
6346,0.000225388035185091
6347,0.00300604778329366
6348,0.00782763180415511
6349,0.0122617133251394
6350,0.0139969333227747
6351,0.0129938885431208
6352,0.0111224138259771
6353,0.0099406130701517
6354,0.00935160440362976
6355,0.00832880869631335
6356,0.00631162902944604
6357,0.00362873199587668
6358,0.000987535527333095
6359,-0.00109698861053368
6360,-0.00257960499729408
6361,-0.00384494399215774
6362,-0.00521319481375958
6363,-0.00634857545113589
6364,-0.00657114224041145
6365,-0.00614674424843319
6366,-0.00683071917509964
6367,-0.0102699362618196
6368,-0.0157561719852012
6369,-0.0203271487905617
6370,-0.0215755671225344
6371,-0.0199247265939335
6372,-0.0176862479348359
6373,-0.0163129631834601
6374,-0.0152802837871718
6375,-0.0134696598953552
6376,-0.0107667078076373
6377,-0.00797879121699846
6378,-0.00579326347349462
6379,-0.00430130375452251
6380,-0.0032224873284974
6381,-0.00217341838305921
6382,-0.000937965449833406
6383,0.000155605174419962
6384,0.000417893868248249
6385,-9.95785787398694E-05
6386,0.000102593489493915
6387,0.00274936757380816
6388,0.00759527637798499
6389,0.0120933275078077
6390,0.0137806517612693
6391,0.0126624781371137
6392,0.0107711112257011
6393,0.00969713194381126
6394,0.00920786555212944
6395,0.00818307567266096
6396,0.00613261296805238
6397,0.00348171041039699
6398,0.00090222108773449
6399,-0.00118458995164207
6400,-0.00271435287255801
6401,-0.0039604148852642
6402,-0.0052247661078452
6403,-0.00629434984946591
6404,-0.0065688988328273
6405,-0.00621185172584683
6406,-0.00682511614325541
6407,-0.0100765601907356
6408,-0.015447924431978
6409,-0.0201037226949853
6410,-0.0215578913370992
6411,-0.0200659067458889
6412,-0.0178696930919549
6413,-0.0164714463841316
6414,-0.0154062417591583
6415,-0.0135729914230472
6416,-0.0108648467806736
6417,-0.00809182114081882
6418,-0.00590381461410294
6419,-0.00434631811419717
6420,-0.00317629455743156
6421,-0.0021162904554476
6422,-0.000970787355112774
6423,6.84784522968916E-05
6424,0.000435970782553117
6425,9.1884239665552E-05
6426,0.000312887260527127
6427,0.00276946589843785
6428,0.00742974067730935
6429,0.0119622594920257
6430,0.0138466428415492
6431,0.0128527455209816
6432,0.010915435421386
6433,0.00975027345376016
6434,0.00923735580662061
6435,0.00818509465362044
6436,0.0059910072867653
6437,0.0031434189781859
6438,0.000497913471420816
6439,-0.00146108059921938
6440,-0.00280043447204683
6441,-0.00393887712771342
6442,-0.00518093456949139
6443,-0.00623157601103064
6444,-0.00645442425288662
6445,-0.00603057723600789
6446,-0.00656982416184099
6447,-0.00974810517977892
6448,-0.0151033497737006
6449,-0.019857473301604
6450,-0.0214804821283653
6451,-0.0200978008419659
6452,-0.0178786498380747
6453,-0.0163883969459851
6454,-0.0152672351241019
6455,-0.0134400068055072
6456,-0.0107638329251531
6457,-0.00804626468502569
6458,-0.00597219423364787
6459,-0.00457038264615389
6460,-0.00350535356797544
6461,-0.0024320314501727
6462,-0.00119808693571328
6463,-9.94144381457856E-05
6464,0.000248671600499518
6465,-0.000158603015294684
6466,6.38139096633036E-06
6467,0.00243126363971818
6468,0.0070961633244553
6469,0.011704476855125
6470,0.0137445835636421
6471,0.0129091642738991
6472,0.011015671800309
6473,0.00975535143871311
6474,0.00913300770384027
6475,0.00811191715972261
6476,0.00610757509237466
6477,0.00347373014686655
6478,0.000929507963883671
6479,-0.00105565083861171
6480,-0.00247880000759857
6481,-0.00371634101026867
6482,-0.00508046718898323
6483,-0.00626325573680424
6484,-0.00656794111061035
6485,-0.00613552763132143
6486,-0.00661156870675171
6487,-0.00973777891460033
6488,-0.0150665653246212
6489,-0.0197837766767879
6490,-0.0213467802711113
6491,-0.0199277955751689
6492,-0.0177494418987969
6493,-0.0163662553871544
6494,-0.0153441931098631
6495,-0.0135389617426425
6496,-0.0108025804912905
6497,-0.0079907159245784
6498,-0.00582615770631748
6499,-0.00432524257344405
6500,-0.00312484087266384
6501,-0.00190595907925092
6502,-0.000601220939592056
6503,0.000438413501793223
6504,0.000653060037109387
6505,0.000164456612747253
6506,0.000369716542673262
6507,0.00290000979055438
6508,0.00762300299880186
6509,0.01219427108646
6510,0.0141544096558833
6511,0.0132743979200982
6512,0.0113886428573025
6513,0.0101363725083187
6514,0.00947270658543683
6515,0.00837759498438875
6516,0.0063277703084349
6517,0.00369735423012151
6518,0.00114876933136557
6519,-0.000900442691637049
6520,-0.00239924067003895
6521,-0.00361971075205019
6522,-0.00486857990524622
6523,-0.0059755145252581
6524,-0.0063567641389581
6525,-0.00607693293447238
6526,-0.00660426295942701
6527,-0.00964660509714383
6528,-0.0149208733269749
6529,-0.0197472340072177
6530,-0.0214951177520868
6531,-0.0201496184637959
6532,-0.0179092881544414
6533,-0.0164911461343472
6534,-0.0155676227767306
6535,-0.0138925568799067
6536,-0.0111561762480229
6537,-0.00821991606099156
6538,-0.00596901530723527
6539,-0.00452500821998173
6540,-0.00345299253379662
6541,-0.00229144047329055
6542,-0.000922168859353543
6543,0.000232303751515454
6544,0.000504471105437397
6545,-4.80405364098276E-05
6546,-1.87038593782998E-05
6547,0.00231126864339738
6548,0.00693897156345694
6549,0.0115958788281995
6550,0.0137647454313185
6551,0.0130684174582084
6552,0.0112447089383171
6553,0.00996976142380917
6554,0.00929719744076126
6555,0.00824240265778064
6556,0.0062338367229304
6557,0.00360272859129272
6558,0.00103546692839695
6559,-0.00100914445857193
6560,-0.00249429330336239
6561,-0.00373989020371394
6562,-0.00504497117986858
6563,-0.0061608449133131
6564,-0.006456610391087
6565,-0.0060614565284571
6566,-0.00655104905057954
6567,-0.00964724226645281
6568,-0.0149792598494082
6569,-0.019814322673314
6570,-0.0215753591276602
6571,-0.0202918002452082
6572,-0.018074709120032
6573,-0.0165226973724185
6574,-0.0153740449284378
6575,-0.0136182427691713
6576,-0.0110571051273073
6577,-0.00835926118857285
6578,-0.00614010647324876
6579,-0.00452839100022845
6580,-0.00335455865992138
6581,-0.0023030917850953
6582,-0.00108530128482144
6583,9.99747121632822E-05
6584,0.000532102301157262
6585,2.74879131206413E-05
6586,-7.82795702946369E-05
6587,0.00211538062759448
6588,0.00673798590519419
6589,0.011397183930693
6590,0.0134085933791176
6591,0.0124878980700147
6592,0.0106449042163676
6593,0.0096432200823755
6594,0.00931091068429918
6595,0.00840070637362028
6596,0.00632247165793756
6597,0.00356718007851017
6598,0.00091855041956738
6599,-0.0011802859056092
6600,-0.00268531460038782
6601,-0.00385693954942682
6602,-0.00502037981328161
6603,-0.00607620640225813
6604,-0.00647715346142712
6605,-0.00622285187302955
6606,-0.00669507866916206
6607,-0.00962053340845319
6608,-0.0148283618157794
6609,-0.0197081134540222
6610,-0.021577750229134
6611,-0.0203138692972078
6612,-0.0180503447319535
6613,-0.0165199038702492
6614,-0.0154765385098515
6615,-0.0137776915653351
6616,-0.011149929709249
6617,-0.00834829504325548
6618,-0.00608506625067959
6619,-0.00445174313365926
6620,-0.0032071396195267
6621,-0.00209152280177745
6622,-0.000928532766625816
6623,0.000118392563681376
6624,0.000501857628245917
6625,0.000101522105060696
6626,9.58945854275303E-05
6627,0.00222844501723127
6628,0.0067093815488743
6629,0.011364818112706
6630,0.0135622821854452
6631,0.012821884840616
6632,0.0109545992903813
6633,0.00975279468088488
6634,0.00924333598937698
6635,0.00832240756056079
6636,0.00637328696282582
6637,0.00375736817353332
6638,0.00114610325819617
6639,-0.00104293465391148
6640,-0.00270147291049327
6641,-0.00399640050787742
6642,-0.00521662798546204
6643,-0.0062992207052947
6644,-0.00671862066962789
6645,-0.00641709230842337
6646,-0.00672099503735392
6647,-0.00943023772216256
6648,-0.014539377199665
6649,-0.0195069678863749
6650,-0.0215371420448918
6651,-0.0203570081765826
6652,-0.0180936185019267
6653,-0.016578756703978
6654,-0.0155933068733721
6655,-0.0139055907801975
6656,-0.0111904339388801
6657,-0.00830018608600759
6658,-0.00608541195342168
6659,-0.00463327397721205
6660,-0.00355004857040954
6661,-0.00245441253324118
6662,-0.00120884966825108
6663,-0.000102622623142845
6664,0.000264783818187352
6665,-0.000158927903147388
6666,-0.00011145032659735
6667,0.00214403944340886
6668,0.00674075954997278
6669,0.0114606787263019
6670,0.0137052907304716
6671,0.013037404545682
6672,0.0112343229576036
6673,0.0100008447249275
6674,0.0093341153448312
6675,0.00821996278338274
6676,0.0061732939645687
6677,0.00359845677918988
6678,0.00108537342817008
6679,-0.00106055662304268
6680,-0.00276291433015418
6681,-0.00412464764737596
6682,-0.00535042772671744
6683,-0.00635287538062681
6684,-0.0066579812655303
6685,-0.00628625408602156
6686,-0.00660109822118999
6687,-0.00936922441547549
6688,-0.014518962274677
6689,-0.0194789539859929
6690,-0.0214858280318014
6691,-0.0203164425483894
6692,-0.0181035087527827
6693,-0.0166394824591478
6694,-0.0156742996151187
6695,-0.01398821232631
6696,-0.0112825706465656
6697,-0.00840199269592295
6698,-0.00615516813175838
6699,-0.00461034717994627
6700,-0.0034229897110826
6701,-0.0022960537259185
6702,-0.00112020115674391
6703,-0.000112109580812362
6704,0.000229366415219132
6705,-0.000141765989204076
6706,-6.51104741847665E-05
6707,0.00212031942979723
6708,0.00661456528926916
6709,0.0113345842186859
6710,0.0136948284612926
6711,0.0131069061870411
6712,0.0112220720616416
6713,0.00982304993653628
6714,0.00910386547763375
6715,0.00811555694520306
6716,0.00623146276405498
6717,0.0037090665710909
6718,0.00117968549203081
6719,-0.00090851525759879
6720,-0.00246915518496602
6721,-0.00376686703772998
6722,-0.00512353698544079
6723,-0.00635823682073068
6724,-0.00680554317099618
6725,-0.00642536148632268
6726,-0.00668908658474732
6727,-0.00946893705462567
6728,-0.0146779028448901
6729,-0.019682743908853
6730,-0.0217209808321739
6731,-0.0205977876183019
6732,-0.0184030401810171
6733,-0.0168460155266273
6734,-0.0156949881291515
6735,-0.0138784175157343
6736,-0.011210241456061
6737,-0.00846350837923918
6738,-0.00627429246200142
6739,-0.00464994556086687
6740,-0.00335644478136313
6741,-0.00221392134912156
6742,-0.00108548490205576
6743,-8.13034929444117E-05
6744,0.00031387260123659
6745,-4.77068941455553E-05
6746,-7.29281645856058E-05
6747,0.00196821446531919
6748,0.00639358496923221
6749,0.0111450503433524
6750,0.0135697908366284
6751,0.0130338464578481
6752,0.0112077460467187
6753,0.00988273674392918
6754,0.00920513292977511
6755,0.00819770908089593
6756,0.00629149793923936
6757,0.003811397550427
6758,0.0013460964788576
6759,-0.000765907014548001
6760,-0.0024395830594798
6761,-0.00378916447211308
6762,-0.00502740435214868
6763,-0.00608075888966818
6764,-0.00649238255099544
6765,-0.00625904377184731
6766,-0.00666685082018033
6767,-0.00943316662939144
6768,-0.0145469366394125
6769,-0.0195479871725113
6770,-0.0216826870437534
6771,-0.020602857679169
6772,-0.0183365951884916
6773,-0.0167356095253979
6774,-0.015706873672373
6775,-0.0140968977295875
6776,-0.0115219100493768
6777,-0.00871877884914176
6778,-0.00648807791189077
6779,-0.00494854124499987
6780,-0.00375387484310159
6781,-0.00254786250063877
6782,-0.00120406163149889
6783,-1.68731434443908E-05
6784,0.000407830223693778
6785,-1.34624847839404E-05
6786,-6.54844914430689E-05
6787,0.00200191812743035
6788,0.00644228063209105
6789,0.0111661044082163
6790,0.0135550724991574
6791,0.0130164889569181
6792,0.0112336112868831
6793,0.00999738429659984
6794,0.00943590718192864
6795,0.00850974268449441
6796,0.00657871543571235
6797,0.00397632971142649
6798,0.00139902975849972
6799,-0.000713573003464709
6800,-0.00229412980061045
6801,-0.00357321642826496
6802,-0.00485137406223191
6803,-0.00602406804462758
6804,-0.00651562602671832
6805,-0.00622120834878988
6806,-0.006430414935465
6807,-0.00898191843622862
6808,-0.0140279624517597
6809,-0.0191860473239577
6810,-0.0216132904719126
6811,-0.0207597791139416
6812,-0.0185061710223838
6813,-0.0167406378315443
6814,-0.015553020796992
6815,-0.0139421604366513
6816,-0.0115010072099028
6817,-0.00880336461695719
6818,-0.00653180533742447
6819,-0.0048670950525444
6820,-0.00363011955939006
6821,-0.00252775489295552
6822,-0.00130433741890023
6823,-9.04348031835936E-05
6824,0.000491326901459303
6825,0.000169487462821948
6826,3.25601038949751E-05
6827,0.00192075908510315
6828,0.0062715710235159
6829,0.0110421100421578
6830,0.0134888139959971
6831,0.0129100736591209
6832,0.011040668950221
6833,0.00980082249077912
6834,0.00934736865339944
6835,0.00853560089825226
6836,0.00662180546528012
6837,0.00395863360880212
6838,0.0013494865030193
6839,-0.00070269259318108
6840,-0.00218069690579227
6841,-0.00341835475861951
6842,-0.0047558082772757
6843,-0.00602284429940757
6844,-0.00655016012466795
6845,-0.00622004569687799
6846,-0.00639860359051503
6847,-0.00898265474022308
6848,-0.0140751452162972
6849,-0.0191931362064869
6850,-0.0214860107056021
6851,-0.020531778155556
6852,-0.0183370670134606
6853,-0.0167536585223882
6854,-0.0156960527564625
6855,-0.0140420154589877
6856,-0.0114471365116242
6857,-0.00863814155666836
6858,-0.00635070601621503
6859,-0.00468287596520951
6860,-0.0033908011936824
6861,-0.00224829733139578
6862,-0.00109949576337553
6863,-3.59057188880758E-05
6864,0.000481730847823006
6865,0.000261032744989548
6866,0.00026974252830936
6867,0.00217129618810568
6868,0.00638945060545524
6869,0.0110373941267319
6870,0.0134936420052998
6871,0.0130017307760591
6872,0.0111441335023854
6873,0.00976596400338259
6874,0.00909547031282268
6875,0.0081314363649368
6876,0.00622835615581322
6877,0.00371396514598605
6878,0.00125124828735147
6879,-0.00079960756480961
6880,-0.00241844781196271
6881,-0.00377162175934201
6882,-0.00504550867508744
6883,-0.00611838180488412
6884,-0.00652777404342263
6885,-0.00627656407622758
6886,-0.00662238737477457
6887,-0.00926595527278715
6888,-0.0142705665360803
6889,-0.0193103888866944
6890,-0.0216829385861857
6891,-0.0209163658048705
6892,-0.0188246271250971
6893,-0.0171518724349764
6894,-0.0159172599434106
6895,-0.0141932188555697
6896,-0.0116938794335877
6897,-0.00901373967605591
6898,-0.00674468572260277
6899,-0.00500781190402182
6900,-0.0036915688649152
6901,-0.0026092728344503
6902,-0.00150108969495288
6903,-0.000384323290921882
6904,0.000198684008530592
6905,-5.34199466480386E-05
6906,-0.000116114231362007
6907,0.00184219965234696
6908,0.00628118183535322
6909,0.0111473946896888
6910,0.0136701489841985
6911,0.0131528477165531
6912,0.0113325680998957
6913,0.0100667968134115
6914,0.00944913445940087
6915,0.0084164927557524
6916,0.00643016338972875
6917,0.00392778347118164
6918,0.00152066461622312
6919,-0.000557701067422123
6920,-0.00229379556600344
6921,-0.00373676882989818
6922,-0.00501167643785485
6923,-0.00606842148194703
6924,-0.00650791788788162
6925,-0.00626349438935778
6926,-0.00649500879014086
6927,-0.00896135859505925
6928,-0.01390591495603
6929,-0.019066252878204
6930,-0.0215815482398212
6931,-0.0208011837909404
6932,-0.018581338440882
6933,-0.0168682202895555
6934,-0.015761285535642
6935,-0.0141890965928539
6936,-0.011712510886561
6937,-0.0089721929881745
6938,-0.00670795077634892
6939,-0.00505157078403537
6940,-0.00375430343023529
6941,-0.0025682719324151
6942,-0.00135354277263948
6943,-0.000255013554619304
6944,0.000227031125273965
6945,-8.3476548228735E-05
6946,-0.000148128576367377
6947,0.00177774422774093
6948,0.0061484870063209
6949,0.0110257230241205
6950,0.0136898784909865
6951,0.0133148087607931
6952,0.0114805293190491
6953,0.0100712434055042
6954,0.00935377203429046
6955,0.00835396174388638
6956,0.00644040507657037
6957,0.00392528368403683
6958,0.00142904349221528
6959,-0.00070267667367366
6960,-0.0023899187233768
6961,-0.00372039944847498
6962,-0.00489455741421732
6963,-0.00589989941644674
6964,-0.00632902943387793
6965,-0.00608189562910033
6966,-0.0062798391041775
6967,-0.00867345421320158
6968,-0.0135587423661633
6969,-0.0187511530789923
6970,-0.0214007589758137
6971,-0.0207658727546665
6972,-0.0185959125468835
6973,-0.016827979799519
6974,-0.0156467207907987
6975,-0.0140476006846464
6976,-0.0115698497081607
6977,-0.00880479656886489
6978,-0.00651025337408255
6979,-0.00488857721773682
6980,-0.00369902735050492
6981,-0.00258676973941266
6982,-0.00129706187752559
6983,-7.28805061570245E-06
6984,0.000598844826620468
6985,0.000193028051241981
6986,-0.000135445142091112
6987,0.00156878003616351
6988,0.00591157556303963
6989,0.0109021321599992
6990,0.0136564188739523
6991,0.0132788227874976
6992,0.0114437623757642
6993,0.0101498174537353
6994,0.00963332747058162
6995,0.00876781022569605
6996,0.00682684783120238
6997,0.00419944143257339
6998,0.00166500953571389
6999,-0.000376577643294993
7000,-0.00196341433238238
7001,-0.00334552754942744
7002,-0.00474904739513561
7003,-0.00601517099595038
7004,-0.00656566568035491
7005,-0.00627345581619016
7006,-0.00638607590135075
7007,-0.00878257130851253
7008,-0.0137518976832421
7009,-0.0189906851621124
7010,-0.0215621390548454
7011,-0.0207631611626875
7012,-0.0184567269726242
7013,-0.0166483753320749
7014,-0.0154956048454346
7015,-0.0139275004007477
7016,-0.0114558696312048
7017,-0.00869297761948373
7018,-0.00641305640657846
7019,-0.00479799815167549
7020,-0.00358572171738139
7021,-0.00244937112082541
7022,-0.00119182931554001
7023,4.84969333080287E-06
7024,0.000540469381612791
7025,0.000177207289907688
7026,-1.2764929367451E-05
7027,0.00179926671012553
7028,0.00610903635245595
7029,0.0109403231132545
7030,0.0135182880593163
7031,0.0130392836557764
7032,0.0111932620822893
7033,0.00994778691221355
7034,0.00950461209902688
7035,0.00870741861226368
7036,0.00680692889650695
7037,0.00419359000757463
7038,0.00167152274468829
7039,-0.00034472851597049
7040,-0.00190773624346213
7041,-0.00328725742906875
7042,-0.00470860124580709
7043,-0.00600306916498932
7044,-0.00658716070483861
7045,-0.0063135130795952
7046,-0.00638557691539
7047,-0.00866792172618694
7048,-0.0135196792559389
7049,-0.0187439341743785
7050,-0.0214282511435458
7051,-0.0207814628564545
7052,-0.018572569944887
7053,-0.016802064190704
7054,-0.0156675686049713
7055,-0.0140916692178408
7056,-0.0115511595636213
7057,-0.00868850976978759
7058,-0.0063691815598718
7059,-0.00480320553229461
7060,-0.0036369587037854
7061,-0.00244791718517654
7062,-0.00106816287678253
7063,0.000213294403779865
7064,0.000762528591880229
7065,0.000409709953944888
7066,0.000268658619724134
7067,0.00210555796735705
7068,0.00634569583298092
7069,0.0110550512334018
7070,0.0135711876674947
7071,0.0131292694732445
7072,0.011347784069849
7073,0.0101213138137521
7074,0.00966383069835853
7075,0.0088670154236918
7076,0.00697908777941646
7077,0.00434584675440917
7078,0.00175861634326054
7079,-0.000328970289787433
7080,-0.00192990637461218
7081,-0.00331092127931017
7082,-0.00471156214989839
7083,-0.00597001784997499
7084,-0.00651004813758833
7085,-0.00620218764918427
7086,-0.00626287811703159
7087,-0.00855024412061632
7088,-0.0134120847698588
7089,-0.0186564825454976
7090,-0.0213850565135449
7091,-0.0208049321264695
7092,-0.0186631018247571
7093,-0.0169414089348001
7094,-0.0158460480642553
7095,-0.0143268332704194
7096,-0.0118629053483874
7097,-0.00904048633746941
7098,-0.00664700748450478
7099,-0.00489500424037499
7100,-0.00356418989539729
7101,-0.00238710318120534
7102,-0.00119208452975384
7103,-8.40603423258385E-05
7104,0.000460969353733613
7105,0.000211941417095328
7106,8.43873518975545E-05
7107,0.00177675168884739
7108,0.00588100364079815
7109,0.010664548216623
7110,0.0134549341904524
7111,0.0132760318720814
7112,0.0115619821657591
7113,0.0102188972365764
7114,0.00962251849987904
7115,0.00881350674873835
7116,0.00705495178349794
7117,0.00456775643676515
7118,0.00198357300055902
7119,-0.000288161095728836
7120,-0.00212949183357425
7121,-0.00362184041328392
7122,-0.00495529868785119
7123,-0.00609058902555552
7124,-0.00658398515149216
7125,-0.00630092688795057
7126,-0.00636255743075
7127,-0.00859158069685167
7128,-0.0134031838267185
7129,-0.0186793447846092
7130,-0.021514755017648
7131,-0.0210431957965758
7132,-0.0189367145345744
7133,-0.0171489480576707
7134,-0.0159272306756974
7135,-0.0143138669531695
7136,-0.0118560312373088
7137,-0.00911419030163429
7138,-0.00679312684797265
7139,-0.00507651445869017
7140,-0.00379410962231991
7141,-0.00270298335817046
7142,-0.00156111883407902
7143,-0.000400566935488275
7144,0.000254125882404644
7145,4.52861447706795E-05
7146,-0.000152421607188762
7147,0.00145438132143675
7148,0.00555794585615201
7149,0.0104118450097648
7150,0.0132608407344597
7151,0.0130906123679491
7152,0.0113599883163462
7153,0.00999709763980091
7154,0.00937177112705272
7155,0.00852691094251008
7156,0.00675122124625201
7157,0.00428519966110056
7158,0.00176200778290901
7159,-0.000403188618995943
7160,-0.00208964182577205
7161,-0.00342560603132302
7162,-0.00469898308246323
7163,-0.00592697900538877
7164,-0.00659237829838763
7165,-0.00640164272804369
7166,-0.00638656673908825
7167,-0.00844455755638877
7168,-0.0131479276792735
7169,-0.018447796366224
7170,-0.0213576245967642
7171,-0.0208992542365287
7172,-0.0187505436545131
7173,-0.0169716790188615
7174,-0.0158551217859214
7175,-0.0143453476802342
7176,-0.0118716198543128
7177,-0.00901729428678274
7178,-0.00661879640449883
7179,-0.00491878720060483
7180,-0.00366450591587187
7181,-0.00252442627867215
7182,-0.00129247205431202
7183,-0.000101699829850169
7184,0.000492638696210326
7185,0.000179554147696755
7186,-0.000131869731179878
7187,0.00136620500704017
7188,0.00542813576641134
7189,0.0103847683097758
7190,0.0134377325977936
7191,0.013397978438927
7192,0.0116130968668879
7193,0.0101094180170452
7194,0.0094342543945636
7195,0.0086527931438095
7196,0.00691590599235528
7197,0.00438733258746324
7198,0.00179707552378419
7199,-0.00032206005537842
7200,-0.00188556325821515
7201,-0.00315405358987866
7202,-0.00445964027006941
7203,-0.00574087013103105
7204,-0.00641805770674831
7205,-0.00623444488473503
7206,-0.00627206697332193
7207,-0.00839525865943403
7208,-0.0131113133699004
7209,-0.0183897322018342
7210,-0.0213363108756101
7211,-0.0210020699452954
7212,-0.0189591256538845
7213,-0.01713774301964
7214,-0.0158434843396504
7215,-0.0141852281213384
7216,-0.0117305077082566
7217,-0.0090155270987798
7218,-0.00669823245043679
7219,-0.00492194163642684
7220,-0.00352975952778367
7221,-0.00235809798996162
7222,-0.00122706882182114
7223,-0.00011721650206212
7224,0.00055467922340968
7225,0.000416391112706048
7226,0.000170754626108781
7227,0.00150851852134496
7228,0.00529352408755718
7229,0.0100801197815567
7230,0.0131832691931949
7231,0.013329420209468
7232,0.0117030510180831
7233,0.0102609128201932
7234,0.00961901136291785
7235,0.00894093769272809
7236,0.0073732239371459
7237,0.00495865917045731
7238,0.00231056229937788
7239,-2.2915671079102E-05
7240,-0.00181658010331032
7241,-0.00319703150472083
7242,-0.00447452485509349
7243,-0.00565008646336407
7244,-0.00620156744387112
7245,-0.00590614045981049
7246,-0.00589316698987447
7247,-0.00806118887668063
7248,-0.0128560931581821
7249,-0.0181111726022526
7250,-0.0208886185428745
7251,-0.0203901933527719
7252,-0.0183865521039857
7253,-0.0168151463994272
7254,-0.0157793499605475
7255,-0.0142080493384706
7256,-0.0116836354946155
7257,-0.00887034777977992
7258,-0.00650006513347748
7259,-0.00471752975404153
7260,-0.00337474158089699
7261,-0.0023165333250562
7262,-0.00129875512407378
7263,-0.000205707137989141
7264,0.000540648438387241
7265,0.000456935216504108
7266,0.00019624971775264
7267,0.00154827190848023
7268,0.00547398746630123
7269,0.0104483238893408
7270,0.0136058346832404
7271,0.0136218352680993
7272,0.0118162657525606
7273,0.0102802876658837
7274,0.00961125197371699
7275,0.00888676061141735
7276,0.0072607729641914
7277,0.00486433139221274
7278,0.00233043009054079
7279,0.000112925635908711
7280,-0.00164748491220908
7281,-0.00305170281226055
7282,-0.00434245242763974
7283,-0.00552978305550398
7284,-0.00615322673362097
7285,-0.00596865320521763
7286,-0.00597596482239692
7287,-0.00800281694486915
7288,-0.0126270038626012
7289,-0.0179020695958824
7290,-0.0209245371223658
7291,-0.020664648002599
7292,-0.0186504007031861
7293,-0.0168537998817379
7294,-0.0156427023887728
7295,-0.0141186956657912
7296,-0.0117661670472807
7297,-0.00905282308193749
7298,-0.00666886193870948
7299,-0.00486703537941885
7300,-0.00355321557785423
7301,-0.00249245305666284
7302,-0.00136837495344907
7303,-0.000125170635738175
7304,0.000695001088402418
7305,0.000575055647538721
7306,0.000238839575818326
7307,0.00155353155081171
7308,0.00550086005980014
7309,0.0105368935570461
7310,0.0137636172782007
7311,0.0138191718624485
7312,0.0120056813405839
7313,0.0104419789822174
7314,0.00976887829374103
7315,0.0090608129930737
7316,0.00741917790488532
7317,0.00493986784254304
7318,0.00228139581026536
7319,-4.73257464717895E-05
7320,-0.00186347857619234
7321,-0.00324827496824458
7322,-0.00445748773549989
7323,-0.00556635377971217
7324,-0.00619107048052124
7325,-0.00607659033132781
7326,-0.00610585918356783
7327,-0.00802303576518131
7328,-0.0124899174687613
7329,-0.0177345801054044
7330,-0.0209043946001261
7331,-0.020828797903029
7332,-0.0188738956856692
7333,-0.0170047595512559
7334,-0.0157027758403555
7335,-0.0141473945935274
7336,-0.0118056526871177
7337,-0.00909990777365759
7338,-0.00669993092249718
7339,-0.00484896955563396
7340,-0.00345307064840305
7341,-0.00232063880587136
7342,-0.00120440567897136
7343,-5.99281426507245E-05
7344,0.000648657460926866
7345,0.000485949003182303
7346,0.000170977101232491
7347,0.00150815314786937
7348,0.00545364723859126
7349,0.010496967205368
7350,0.0137677673346194
7351,0.0138839093026402
7352,0.0121111289959164
7353,0.0105513635142045
7354,0.0098409527567093
7355,0.00905341333929681
7356,0.00731788999220312
7357,0.00480073334079558
7358,0.00222447314413614
7359,8.2412504304599E-05
7360,-0.00155094093827386
7361,-0.0028837145899615
7362,-0.00421225549154981
7363,-0.00551493015511096
7364,-0.00623485215665332
7365,-0.00601875712501968
7366,-0.0058396868676394
7367,-0.00765213261834027
7368,-0.0122300769700636
7369,-0.0176823961581711
7370,-0.0209376288367828
7371,-0.0207643358541499
7372,-0.0186910953579407
7373,-0.0168585675113879
7374,-0.0157241336539456
7375,-0.0142947998460716
7376,-0.0119409819714862
7377,-0.00915863217319261
7378,-0.00673266697527018
7379,-0.00492023297250176
7380,-0.00356419094684378
7381,-0.00244123009886443
7382,-0.00132413121680109
7383,-0.000175333880739535
7384,0.000565696432341443
7385,0.000463621844732692
7386,0.000189124326377372
7387,0.0015091900539465
7388,0.00540349166569091
7389,0.0104063672731805
7390,0.0136459480568108
7391,0.013704407043992
7392,0.0118513974717718
7393,0.0102560570348011
7394,0.00961301245084282
7395,0.00896640960848149
7396,0.00734278436383367
7397,0.00482750953990501
7398,0.00215687487778328
7399,-8.97611380024839E-05
7400,-0.00176711986247907
7401,-0.00308903987251457
7402,-0.00440816004646247
7403,-0.00573569994046782
7404,-0.00649087601831991
7405,-0.00628232186945844
7406,-0.00608382889548534
7407,-0.00787922807439136
7408,-0.0124476342072975
7409,-0.0178701864069701
7410,-0.0210674127344666
7411,-0.0208516540900002
7412,-0.0187975975762972
7413,-0.0170253592059212
7414,-0.0159204812145619
7415,-0.0144594836543675
7416,-0.012069160913263
7417,-0.00931617638436459
7418,-0.00696932296632179
7419,-0.00519175839772112
7420,-0.0037714688363368
7421,-0.00254114074533199
7422,-0.00136945903351183
7423,-0.000236123523526716
7424,0.000482339024173826
7425,0.000382336138789295
7426,8.32528462709361E-05
7427,0.00131091682186786
7428,0.00511051057561489
7429,0.0101241064738694
7430,0.0134819465902522
7431,0.0136534348869631
7432,0.0118357115969
7433,0.0102565424318683
7434,0.00968994111756699
7435,0.00914174043781381
7436,0.00753569967023696
7437,0.00495210130686843
7438,0.00223273451240989
7439,1.57110397481052E-05
7440,-0.00161737695034698
7441,-0.0029444019847853
7442,-0.00427081887718104
7443,-0.00553768076518648
7444,-0.00621199927500043
7445,-0.00601663801723332
7446,-0.00592857428436582
7447,-0.00780348487628314
7448,-0.01234139101019
7449,-0.0176984497616734
7450,-0.0208993557499081
7451,-0.020739633640843
7452,-0.0187117298973237
7453,-0.016936397565365
7454,-0.0158706095856859
7455,-0.0144878567504725
7456,-0.0121160601917261
7457,-0.00928320486180904
7458,-0.00686400278497286
7459,-0.00513191943473814
7460,-0.00382808702553519
7461,-0.00264335527018604
7462,-0.0014066394571794
7463,-0.00020239866044493
7464,0.00050552544346182
7465,0.000359537972767104
7466,6.68795288020537E-05
7467,0.00133881381078402
7468,0.0051246603112771
7469,0.0100372380637848
7470,0.0133002009296891
7471,0.0134841911536807
7472,0.0117641399336999
7473,0.0102406462335401
7474,0.00960007638105043
7475,0.00890772621391401
7476,0.00724666244597738
7477,0.00479264149546468
7478,0.00230122425199765
7479,0.00020837550483632
7480,-0.00151872481870843
7481,-0.00306065888375137
7482,-0.0045232366331392
7483,-0.00576461227923142
7484,-0.00634424012737605
7485,-0.00609222849378645
7486,-0.00596578508987683
7487,-0.0077498204936606
7488,-0.0121833982958767
7489,-0.0175561525229174
7490,-0.0209353918246131
7491,-0.02098778159545
7492,-0.0190555318875132
7493,-0.0172610223170854
7494,-0.0161764431896859
7495,-0.0148277895372818
7496,-0.0124705673988678
7497,-0.00955244697657716
7498,-0.00697632405881187
7499,-0.005123549587637
7500,-0.00381154314600458
7501,-0.00271621966927388
7502,-0.00158606796330465
7503,-0.000426462273267513
7504,0.000310220466871396
7505,0.000191879611788157
7506,-0.00016119733665464
7507,0.000979712963549076
7508,0.00470215419189039
7509,0.00973429459513549
7510,0.0132417810098099
7511,0.013603981965415
7512,0.0118703775715399
7513,0.010204182024209
7514,0.0094517885470383
7515,0.00876316215623069
7516,0.00717750650182679
7517,0.00478649960819171
7518,0.0023120604693036
7519,0.000209615931081756
7520,-0.00152486009186339
7521,-0.00305966796332368
7522,-0.00451021016128063
7523,-0.00576542402929251
7524,-0.00641263953260187
7525,-0.00625740953908951
7526,-0.006167688851604
7527,-0.0078527715479954
7528,-0.0120952163295364
7529,-0.0173385428913124
7530,-0.0207579781331938
7531,-0.0209403761517124
7532,-0.0190256271407373
7533,-0.0170420441294546
7534,-0.0157084188370585
7535,-0.0142953897104748
7536,-0.0121349473173308
7537,-0.00950560740397347
7538,-0.00708743116232293
7539,-0.00520451862552566
7540,-0.00378354108089747
7541,-0.00260964345782945
7542,-0.00144058201414668
7543,-0.000244546454268574
7544,0.000529309308710678
7545,0.000425200893193715
7546,5.96774686370038E-05
7547,0.00118157703479167
7548,0.00489865313125401
7549,0.00995632376581522
7550,0.0135289691444994
7551,0.0139636175549828
7552,0.0122393718457383
7553,0.0104928283071871
7554,0.00964890649767163
7555,0.00895685437591547
7556,0.00743073103971174
7557,0.00502677677476373
7558,0.00241139305386546
7559,0.000166284896437606
7560,-0.00155690578856655
7561,-0.0029470227724382
7562,-0.00428060184993065
7563,-0.0055285682184369
7564,-0.00620301442448258
7565,-0.00603666448248812
7566,-0.00595094302999818
7567,-0.00772058798192935
7568,-0.0120504812872295
7569,-0.0172490077759575
7570,-0.0205214313870008
7571,-0.0206557357109607
7572,-0.0188991173570792
7573,-0.0171255605059832
7574,-0.0158225764636318
7575,-0.0142472500288424
7576,-0.0119359870249868
7577,-0.00930807629898951
7578,-0.00695706234974579
7579,-0.00505586700974062
7580,-0.00354336906870038
7581,-0.00234335903291674
7582,-0.00125501343760836
7583,-0.000127942584059875
7584,0.000677437960247589
7585,0.000617636710355629
7586,0.000177243822944255
7587,0.00114985466073683
7588,0.00483154462889329
7589,0.0100338657890902
7590,0.0137598304226805
7591,0.014171703512153
7592,0.0123079430423578
7593,0.0105273087729743
7594,0.00982566332105173
7595,0.00927295436853208
7596,0.0077079244161262
7597,0.00515376251864518
7598,0.00247473847284059
7599,0.000306716133790582
7600,-0.00132708085113552
7601,-0.0027111257434746
7602,-0.00406712430932382
7603,-0.00529223138183484
7604,-0.00593399521525334
7605,-0.00578714549974308
7606,-0.00573820338070406
7607,-0.00749858320526476
7608,-0.0118228957356109
7609,-0.017128802299282
7610,-0.0205995516308416
7611,-0.0208610820963668
7612,-0.0190799188972447
7613,-0.0172471858849708
7614,-0.0159860347660398
7615,-0.0145034390625072
7616,-0.0121887587127334
7617,-0.00946143250023701
7618,-0.00707897365613698
7619,-0.0053025258437416
7620,-0.00394966003760622
7621,-0.00277927722874051
7622,-0.00158987899982144
7623,-0.000354730389931442
7624,0.000506162252636865
7625,0.000494096039216828
7626,0.00010773282678706
7627,0.00106247502187288
7628,0.00460499782443246
7629,0.00963962519100709
7630,0.0133243000899278
7631,0.0138614353594958
7632,0.0121707735149459
7633,0.010468696253201
7634,0.00972856092012745
7635,0.00911556580155665
7636,0.00756319083799751
7637,0.005095722049868
7638,0.00250189300552768
7639,0.00035296480767156
7640,-0.00132806558244675
7641,-0.00279230108900836
7642,-0.00424797205461703
7643,-0.00559121673113215
7644,-0.00632831436658676
7645,-0.00617902875467212
7646,-0.00601442280212036
7647,-0.00764524571747818
7648,-0.0119493940064467
7649,-0.0173444399259983
7650,-0.0208822361959625
7651,-0.0210853081179854
7652,-0.0191733732862518
7653,-0.017281916688899
7654,-0.0160981161422038
7655,-0.0147495305984341
7656,-0.0125038501560935
7657,-0.00973745629719369
7658,-0.00725204643245472
7659,-0.00536902060004062
7660,-0.00393802870981615
7661,-0.00273100172275393
7662,-0.00155383154229504
7663,-0.00037025025659708
7664,0.000430066403928989
7665,0.000375745807685498
7666,-3.67620770655648E-05
7667,0.000879347584888425
7668,0.00434535856001442
7669,0.00927027062465362
7670,0.0128512357258364
7671,0.0133455433416316
7672,0.0117091833720462
7673,0.0101450717449139
7674,0.00956201049739482
7675,0.00905100020663287
7676,0.0075150045272075
7677,0.00500550787682467
7678,0.00235894711160178
7679,0.000173594558829166
7680,-0.00152330818368557
7681,-0.00298270816112111
7682,-0.00442126165724471
7683,-0.00576506904866027
7684,-0.00654395573237701
7685,-0.00644418595259742
7686,-0.0062638411509789
7687,-0.00780114012722256
7688,-0.0120301719659671
7689,-0.017465548478486
7690,-0.0211108644302888
7691,-0.0213311305079856
7692,-0.0192854331166326
7693,-0.0172463607550072
7694,-0.0160676215918165
7695,-0.014848662013443
7696,-0.0126716163891579
7697,-0.00982846548162842
7698,-0.00725829090562655
7699,-0.00545445910409011
7700,-0.00423655689747448
7701,-0.00317880872882666
7702,-0.00196225084122627
7703,-0.000621358908516684
7704,0.000308483603590298
7705,0.000294556710284663
7706,-0.000133239944878411
7707,0.000766705700037484
7708,0.00427234316330003
7709,0.00935354242999915
7710,0.0132015209509224
7711,0.0139317908400998
7712,0.0123200871210586
7713,0.0105592714990617
7714,0.00976669205558151
7715,0.00923744782871706
7716,0.00783908749111174
7717,0.00540725848159462
7718,0.00266073436798081
7719,0.00031080397552838
7720,-0.00144440944836549
7721,-0.00284667018938812
7722,-0.00423839848015038
7723,-0.00560505717878378
7724,-0.00639782692486827
7725,-0.00622638829819317
7726,-0.00592966250289981
7727,-0.00738580907828046
7728,-0.0115675119719839
7729,-0.0169528377464834
7730,-0.0206007056506951
7731,-0.0209812753376592
7732,-0.0192143046024456
7733,-0.017349858532607
7734,-0.0160808262924845
7735,-0.0146285836557289
7736,-0.0123435364396765
7737,-0.00959250035942802
7738,-0.00711546618534101
7739,-0.0052245775754881
7740,-0.00383143595993608
7741,-0.00274042323862321
7742,-0.00168241861333053
7743,-0.000507077665905238
7744,0.000411259573629401
7745,0.00049257742379789
7746,0.000129939225319783
7747,0.00103520376389793
7748,0.00454899106141589
7749,0.00964857956788356
7750,0.0134600909287169
7751,0.0140871419689276
7752,0.0123855299945347
7753,0.0106011970866942
7754,0.00980074982671941
7755,0.00921676951861266
7756,0.00774724307995206
7757,0.00529869116520348
7758,0.00258872726938458
7759,0.000277269963421859
7760,-0.00142626622450545
7761,-0.00270018696952185
7762,-0.00391571947146265
7763,-0.00521570305858402
7764,-0.00614819046404763
7765,-0.00618460470667925
7766,-0.00591169760697536
7767,-0.00714926827401104
7768,-0.0111043201438817
7769,-0.0165151298086176
7770,-0.020411514582846
7771,-0.0209792471809618
7772,-0.0191444688237203
7773,-0.0170838297881612
7774,-0.0157700836599286
7775,-0.0145138825181826
7776,-0.0124684579206343
7777,-0.0097631037063402
7778,-0.00711905317999991
7779,-0.0050220131566301
7780,-0.00352974189146676
7781,-0.00245394599733934
7782,-0.00147208716927342
7783,-0.000406738389025391
7784,0.00039102148366235
7785,0.000390497114019029
7786,2.06896719481343E-06
7787,0.00087697976152885
7788,0.00429843544671765
7789,0.00929617825989517
7790,0.0131139037336831
7791,0.0138833972367109
7792,0.0123550152060636
7793,0.0106640156214653
7794,0.00987759563331481
7795,0.009298249958754
7796,0.00785686769614457
7797,0.00543883909645116
7798,0.00273827974656139
7799,0.000398765267282355
7800,-0.00140096335125572
7801,-0.00284785061433629
7802,-0.00423642602608806
7803,-0.00558260836116911
7804,-0.00639514240176084
7805,-0.00626543701053467
7806,-0.00595267552953355
7807,-0.00732457944468078
7808,-0.0114615717796579
7809,-0.0169323252982775
7810,-0.020726690895885
7811,-0.0211534009572352
7812,-0.0192813141650549
7813,-0.017283068191293
7814,-0.0159915534215849
7815,-0.0146334888912352
7816,-0.0124665979162598
7817,-0.00979071788354012
7818,-0.0073297663449845
7819,-0.00538190312965002
7820,-0.00386388349564119
7821,-0.00266163208780132
7822,-0.00161124283672598
7823,-0.000555800887030665
7824,0.000254505692711674
7825,0.000307896311652745
7826,-9.37433557780598E-05
7827,0.00065543393004995
7828,0.0039707889143653
7829,0.00902531456640499
7830,0.0130063338102639
7831,0.0138543012695927
7832,0.01224639423966
7833,0.0104486642306696
7834,0.00967875764709917
7835,0.0092245088825317
7836,0.00788465224884026
7837,0.0054699587838816
7838,0.00272261467498508
7839,0.000367209343239635
7840,-0.0014004110857755
7841,-0.00281356822443583
7842,-0.00421373064554308
7843,-0.00561889968428925
7844,-0.00649607623680386
7845,-0.0063884395590788
7846,-0.00604359575514105
7847,-0.00736170677272356
7848,-0.0114581197511964
7849,-0.0168967609293955
7850,-0.0206427853963549
7851,-0.0210223162954909
7852,-0.0191732954992184
7853,-0.017306072717772
7854,-0.0161802438974022
7855,-0.0148859827528339
7856,-0.0126270803964773
7857,-0.00980462570829039
7858,-0.00729470188676053
7859,-0.00543386559023396
7860,-0.00403411750379707
7861,-0.00286307986310016
7862,-0.00174156138704443
7863,-0.000574574190879455
7864,0.000342257884395544
7865,0.000493257843630511
7866,0.000172664885820416
7867,0.00096086567694233
7868,0.00426751570269139
7869,0.00929101383123407
7870,0.0132360441977516
7871,0.0140337366079701
7872,0.0123585319332484
7873,0.0105017794009815
7874,0.00970681252181165
7875,0.00926402890339405
7876,0.00796597002828111
7877,0.00561146119559291
7878,0.00289658853298838
7879,0.000486290976556537
7880,-0.00140320609455344
7881,-0.00287704560119444
7882,-0.00417797504370827
7883,-0.00539968140301282
7884,-0.00618543671011491
7885,-0.00613061627177324
7886,-0.00584972587300808
7887,-0.00712832666209829
7888,-0.0111672118247121
7889,-0.0167060457416736
7890,-0.0207185138029275
7891,-0.021325284050882
7892,-0.0194768797883291
7893,-0.0174271085498172
7894,-0.0161494701633775
7895,-0.0148796516609242
7896,-0.0127670036097353
7897,-0.0100539215785783
7898,-0.00753229194635502
7899,-0.00558598719451807
7900,-0.00411200698056367
7901,-0.00290420505473224
7902,-0.00176914311435104
7903,-0.000622666142361845
7904,0.000226401139584212
7905,0.000320656809425035
7906,4.18852144916507E-05
7907,0.000932991067030275
7908,0.00422752567719933
7909,0.0090457485116743
7910,0.0127933622908716
7911,0.0136750288250739
7912,0.0123274959469777
7913,0.0106799829050222
7914,0.00972799235284794
7915,0.00894247297281441
7916,0.00747922741072735
7917,0.00522970985771845
7918,0.00267592832552026
7919,0.000325805088628726
7920,-0.00151956831901843
7921,-0.00286833096431111
7922,-0.00407489367150939
7923,-0.00539913461243094
7924,-0.00643050036626623
7925,-0.00653179697163776
7926,-0.00619318177168362
7927,-0.00729444411873427
7928,-0.0111757824184735
7929,-0.0166134160581766
7930,-0.020575759938723
7931,-0.0212157421659747
7932,-0.0194823956543526
7933,-0.017524630022936
7934,-0.0162182709918104
7935,-0.0148548507994806
7936,-0.0127221819831643
7937,-0.0100747788054551
7938,-0.00756506394070743
7939,-0.00550510303293436
7940,-0.00392410562274967
7941,-0.00277535114355937
7942,-0.00180146396476458
7943,-0.000689823736828013
7944,0.000319749051948504
7945,0.000544026082794111
7946,0.000124688009819288
7947,0.000696379156136659
7948,0.00384584717404796
7949,0.00887778861855115
7950,0.0129756486111372
7951,0.0139878500875877
7952,0.0124919225576498
7953,0.0106920486375955
7954,0.00981737808226488
7955,0.00925256258361592
7956,0.00789948799172128
7957,0.00555267407042617
7958,0.00281867207070046
7959,0.000342488514959251
7960,-0.00156818073282846
7961,-0.00296460290380541
7962,-0.00418395069238399
7963,-0.00545035707437377
7964,-0.00638786598661052
7965,-0.00643060043516029
7966,-0.00608032121325979
7967,-0.0071750675740927
7968,-0.0110507767951341
7969,-0.0165258707805523
7970,-0.0205648963273036
7971,-0.0212439402103473
7972,-0.0194672638864518
7973,-0.017449383787167
7974,-0.0161565437318743
7975,-0.0148648043172383
7976,-0.0127642692343584
7977,-0.0100755844498771
7978,-0.00752869095590586
7979,-0.00550103996605443
7980,-0.00396756177185269
7981,-0.00278181152070161
7982,-0.00169368038642268
7983,-0.000515966495373892
7984,0.00041820944952336
7985,0.000475913996113973
7986,-6.86386548786761E-05
7987,0.000493706864974076
7988,0.00371283158122458
7989,0.00880577473031088
7990,0.0128990939481453
7991,0.0138491231545534
7992,0.0122961523381958
7993,0.0105137011221494
7994,0.00973627687784324
7995,0.0092696266943238
7996,0.00793876099817719
7997,0.00557614138794117
7998,0.00291630638730814
7999,0.000652118339799359
8000,-0.00104424239739589
8001,-0.00241652139639593
8002,-0.00383251474902938
8003,-0.00534396485969607
8004,-0.00638110843179295
8005,-0.00634317300262729
8006,-0.00585059313674213
8007,-0.0068819387070288
8008,-0.0108286745865013
8009,-0.0164516957974366
8010,-0.0205849452364862
8011,-0.0212104140952733
8012,-0.0192881380891948
8013,-0.0172041670962627
8014,-0.0160117418892087
8015,-0.0148630963057765
8016,-0.0127640037781734
8017,-0.00993758642879381
8018,-0.00729375157167507
8019,-0.00530798857122468
8020,-0.00385120149172075
8021,-0.00266527620503893
8022,-0.00156189394315784
8023,-0.000454163542537323
8024,0.000404068144815794
8025,0.000537853847230316
8026,0.000159550629207748
8027,0.0007075787344031
8028,0.00363931821818363
8029,0.00846236514538618
8030,0.0126389510252163
8031,0.0139607486654215
8032,0.0126750975832338
8033,0.0108277296361553
8034,0.00983112758285588
8035,0.00928100838825515
8036,0.00803449694998622
8037,0.00573318159988147
8038,0.00299516584950254
8039,0.000589480334021872
8040,-0.0011909489412697
8041,-0.00255536469229146
8042,-0.00389268816917916
8043,-0.00528352706250511
8044,-0.00622418225132686
8045,-0.00620371327977919
8046,-0.00583865486473736
8047,-0.00696302924917448
8048,-0.0108422545755734
8049,-0.0163116724957655
8050,-0.0204104541544372
8051,-0.0211944596330553
8052,-0.0194647653587743
8053,-0.0174229689220342
8054,-0.0161486643317382
8055,-0.0149769020595561
8056,-0.0129965324844923
8057,-0.0103156878447208
8058,-0.00770591465519907
8059,-0.00565722980392817
8060,-0.0041444093244399
8061,-0.00292994383203213
8062,-0.00175645272438216
8063,-0.000529279481039967
8064,0.000396142950188998
8065,0.000477474132213485
8066,3.25112128685892E-06
8067,0.000526138503858376
8068,0.00349253846113182
8069,0.0083033537403223
8070,0.0123919644979078
8071,0.013647512273067
8072,0.0124002768274383
8073,0.0106581977421771
8074,0.00975650427996426
8075,0.00928704054302797
8076,0.00813500630507916
8077,0.00589642136812209
8078,0.00310856074444287
8079,0.000567210037970402
8080,-0.00129524354711001
8081,-0.0026172031217248
8082,-0.00389518453021826
8083,-0.0053516487724363
8084,-0.00644835172686873
8085,-0.00648839784130659
8086,-0.00598955123128629
8087,-0.00690580487059193
8088,-0.0106961286401168
8089,-0.0162460218164008
8090,-0.02048743685579
8091,-0.0213756089968841
8092,-0.019710991737162
8093,-0.0177182323830154
8094,-0.0164419525425495
8095,-0.0151813495819789
8096,-0.0130814518083427
8097,-0.010352472501033
8098,-0.00777852469399289
8099,-0.00575930585673446
8100,-0.00422077113087806
8101,-0.00299854125073999
8102,-0.00190621903862383
8103,-0.00077500876792839
8104,0.000177232697811877
8105,0.000398428114132278
8106,4.81655454129734E-06
8107,0.00044721019534844
8108,0.00328820377413748
8109,0.00809589185564394
8110,0.0122809615883955
8111,0.013565655515651
8112,0.0122250259891433
8113,0.0103953032419336
8114,0.00950767990474585
8115,0.00906699700323104
8116,0.00784549906357619
8117,0.00550891464877576
8118,0.00275770013699119
8119,0.000384322043115675
8120,-0.00136514749336017
8121,-0.00272699053683159
8122,-0.00406091997957195
8123,-0.00542686213952057
8124,-0.0063494847621653
8125,-0.00633595838201353
8126,-0.00596173268878381
8127,-0.00702627133624149
8128,-0.0108497343380156
8129,-0.016358704707729
8130,-0.0205868507104337
8131,-0.0214757366690176
8132,-0.0197410183583543
8133,-0.0176186579209065
8134,-0.0162717652960409
8135,-0.0150658652526766
8136,-0.0130752491974004
8137,-0.0104015343367929
8138,-0.00780282974601006
8139,-0.00572415253485442
8140,-0.00413104949739724
8141,-0.00287303363825385
8142,-0.00177723999285042
8143,-0.000684337648179475
8144,0.00020333370780487
8145,0.000361988265277136
8146,-7.11631057466826E-05
8147,0.000382725624843722
8148,0.00332474072183532
8149,0.00831428406455865
8150,0.0126636952885104
8151,0.0139852347026025
8152,0.0125636424575504
8153,0.0106620456107302
8154,0.00980296499480807
8155,0.00944502309370733
8156,0.00825844049301871
8157,0.00588159280039853
8158,0.00306212714712528
8159,0.000620715117742213
8160,-0.00120963376151977
8161,-0.00265842413969504
8162,-0.00404644547238354
8163,-0.00542737245179596
8164,-0.00636655069530979
8165,-0.00637463707534518
8166,-0.00595274390699816
8167,-0.00684992922442428
8168,-0.0104743706592066
8169,-0.0159187682481446
8170,-0.0202730998922497
8171,-0.0213470963549528
8172,-0.0196758210245397
8173,-0.0174558485647767
8174,-0.0159723047123269
8175,-0.014721552257742
8176,-0.0127866219023166
8177,-0.010181591819192
8178,-0.00759923980755273
8179,-0.00550142007053067
8180,-0.00390617466238174
8181,-0.00268297948175719
8182,-0.00163879393229195
8183,-0.000587319843076793
8184,0.000285447309360579
8185,0.000460984811722426
8186,5.60562831634384E-05
8187,0.000500725063575073
8188,0.00337478226863055
8189,0.00830079197093736
8190,0.0126836578924663
8191,0.0141198531285309
8192,0.0127470216710732
8193,0.0107269358854752
8194,0.00968479611660701
8195,0.00927880587054077
8196,0.00821254924611396
8197,0.00593873529952354
8198,0.00305087265210265
8199,0.000461075157496779
8200,-0.00138327767613952
8201,-0.00265715011881355
8202,-0.00383855641213048
8203,-0.0051299063360122
8204,-0.00607728256119737
8205,-0.00610295176276798
8206,-0.00570475184177261
8207,-0.00667870745442753
8208,-0.0103955203496199
8209,-0.0158424336836829
8210,-0.0201001035242111
8211,-0.0211204458124301
8212,-0.0195645194018716
8213,-0.0175638952737051
8214,-0.0162077755810839
8215,-0.0148921547222464
8216,-0.0128018897959929
8217,-0.0101223086088257
8218,-0.00759726421445955
8219,-0.00560140397471089
8220,-0.00406411890412085
8221,-0.00285293201734098
8222,-0.00180177196607811
8223,-0.000703012577243911
8224,0.000285861508102957
8225,0.000591302133011935
8226,0.000221062686678446
8227,0.000581802756218132
8228,0.00336122030138121
8229,0.00828309047085973
8230,0.0127119203025729
8231,0.0141345207704584
8232,0.0126890002861153
8233,0.0106573067944247
8234,0.00971702851046493
8235,0.00940958275996531
8236,0.0083124471515839
8237,0.00594398650389385
8238,0.00309156890214897
8239,0.000723884271801147
8240,-0.000896594658563534
8241,-0.00216654692504567
8242,-0.0035729219236129
8243,-0.00512363192102771
8244,-0.00618641599994911
8245,-0.00616857677985402
8246,-0.00566556971738095
8247,-0.00656214399717471
8248,-0.010261973655049
8249,-0.0157474935875516
8250,-0.0200730621078248
8251,-0.0211554651147203
8252,-0.0196421493459438
8253,-0.0176866919172589
8254,-0.0163995763209137
8255,-0.0151553709038099
8256,-0.013092836201328
8257,-0.0103819075716104
8258,-0.00779534841812475
8259,-0.00573564338914384
8260,-0.00413060029455499
8261,-0.00285251486580433
8262,-0.00178457070302926
8263,-0.000772139880311849
8264,5.64632144621042E-05
8265,0.000248713025522346
8266,-8.7337469523291E-05
8267,0.00041669466217649
8268,0.00330158977179215
8269,0.00819981091259349
8270,0.0125483848301079
8271,0.0139787948276067
8272,0.0126584831358485
8273,0.0107387860007536
8274,0.0097732314133526
8275,0.00935354554592187
8276,0.00822533243037853
8277,0.00597604420835829
8278,0.00326552535426909
8279,0.000890590422882782
8280,-0.000893945886886256
8281,-0.0023226195616615
8282,-0.00374326537562135
8283,-0.00519296537146903
8284,-0.00617181726552911
8285,-0.00615521510484557
8286,-0.00568436847390446
8287,-0.00657027147924428
8288,-0.0102339428868437
8289,-0.0157389321887355
8290,-0.020160801363625
8291,-0.0213256090312265
8292,-0.01977569022924
8293,-0.017675887585524
8294,-0.0162612715807319
8295,-0.0150054261482152
8296,-0.0130191658483649
8297,-0.0103742807301053
8298,-0.00780030362675568
8299,-0.00573670537476508
8300,-0.00414332975174535
8301,-0.00286708792486107
8302,-0.00175932104937341
8303,-0.000686249994997377
8304,0.000177528849825828
8305,0.000362450099627701
8306,-2.23761150265806E-05
8307,0.000376270437530239
8308,0.00310744608304944
8309,0.00790017204379331
8310,0.0123158304985543
8311,0.0139710845287855
8312,0.0128372582525811
8313,0.0108914152872411
8314,0.00975529813627359
8315,0.0092612546355441
8316,0.00826302819195338
8317,0.00617490342696126
8318,0.00342059115558669
8319,0.000808996670750798
8320,-0.00115037947959627
8321,-0.00251489935992604
8322,-0.00375185636596605
8323,-0.00515259509778372
8324,-0.00628257776901394
8325,-0.00642559198403641
8326,-0.00593154397319793
8327,-0.00665479220880532
8328,-0.0102168269740595
8329,-0.015780983177324
8330,-0.0203242409304802
8331,-0.0215320559481661
8332,-0.0199379766202584
8333,-0.0178041153489904
8334,-0.0164174723008067
8335,-0.0151982877580387
8336,-0.0131843567065608
8337,-0.0104491274480959
8338,-0.00779132384568392
8339,-0.00571701136436419
8340,-0.00420030083322771
8341,-0.00303838951339328
8342,-0.00198770011215509
8343,-0.000839567364731079
8344,0.000199629985541347
8345,0.000519084110756654
8346,0.000111337893931821
8347,0.000376870048025633
8348,0.0030337548544184
8349,0.00790207779513531
8350,0.0124463268289768
8351,0.0141277888521711
8352,0.0129064412970821
8353,0.0108956277492867
8354,0.00981038685975579
8355,0.00941755591921658
8356,0.00845672702955453
8357,0.00633826524448227
8358,0.00356707278213232
8359,0.000966686763564733
8360,-0.00103170477925909
8361,-0.00251109330454401
8362,-0.00382850469730095
8363,-0.00516429749459937
8364,-0.0061389671228593
8365,-0.00619605985398804
8366,-0.00572966970903481
8367,-0.00646280870243209
8368,-0.00990877666787319
8369,-0.0153192594319041
8370,-0.0198475951859216
8371,-0.0212016701131203
8372,-0.0197533705687543
8373,-0.017641635437379
8374,-0.0162295651230282
8375,-0.0150932703610154
8376,-0.0132829430444558
8377,-0.010715480292731
8378,-0.00805300105452561
8379,-0.00583355674518579
8380,-0.00417545080411937
8381,-0.002976614802095
8382,-0.00197995352667342
8383,-0.000901003916751037
8384,0.000108719798855318
8385,0.000434465078251625
8386,2.21095124718277E-05
8387,0.000229278327820943
8388,0.00277752110595896
8389,0.00753681913922535
8390,0.0120242736419085
8391,0.0137175141012517
8392,0.0125603370827367
8393,0.0106377108526433
8394,0.00962347064045999
8395,0.00923232571990791
8396,0.00818256801439141
8397,0.0059417194811162
8398,0.00312247678598248
8399,0.000609361777653052
8400,-0.00121283010958409
8401,-0.00253211822107806
8402,-0.00377587923743345
8403,-0.00512518818584396
8404,-0.00616427421261704
8405,-0.00629652302812174
8406,-0.00588066608092451
8407,-0.00662318930858428
8408,-0.0100601808167793
8409,-0.015489675975069
8410,-0.0200815530071679
8411,-0.0215078840440919
8412,-0.0200963874731377
8413,-0.0179813433976072
8414,-0.0165429388100712
8415,-0.0153509312424878
8416,-0.0134394424597094
8417,-0.0107625233236901
8418,-0.00807165103083591
8419,-0.00594483591798753
8420,-0.00441384671052778
8421,-0.00323781345399642
8422,-0.00212761742172079
8423,-0.000915679934505925
8424,0.000121343148931897
8425,0.000382915528000757
8426,-6.5012733136891E-05
8427,0.000197966370082664
8428,0.00282756312527549
8429,0.00760453055137062
8430,0.0120545623906069
8431,0.0137314646101397
8432,0.0126033805566705
8433,0.010703655351214
8434,0.00967654130246622
8435,0.00928591040477486
8436,0.00829981696213847
8437,0.00614221289448055
8438,0.00333187325592798
8439,0.000736697497038174
8440,-0.0011677784142443
8441,-0.00248937629629205
8442,-0.00369460653049182
8443,-0.00507610057147999
8444,-0.00625721920274625
8445,-0.00654580209638707
8446,-0.00616287738645638
8447,-0.0067728800907367
8448,-0.00999931556049641
8449,-0.0152681382041189
8450,-0.019816794903239
8451,-0.0213075973503088
8452,-0.0200270304419469
8453,-0.018061904846231
8454,-0.0167290769374018
8455,-0.0155397001249364
8456,-0.0135401393515346
8457,-0.010782951156995
8458,-0.00810568353182331
8459,-0.0060538966734146
8460,-0.00455192927401396
8461,-0.00332864667338854
8462,-0.00218064051598642
8463,-0.000998132858282867
8464,2.16388872227451E-05
8465,0.000379812699629239
8466,7.94178612206933E-05
8467,0.000354884959433706
8468,0.00280437478985406
8469,0.00739072883891047
8470,0.0118526901060438
8471,0.0137277159443996
8472,0.0127703186074829
8473,0.0108641043101171
8474,0.00970496590450069
8475,0.00918887023994862
8476,0.0081398496135096
8477,0.00597298718569527
8478,0.00321642226201501
8479,0.000745552408470698
8480,-0.00103646808120847
8481,-0.00235053492527366
8482,-0.00367164273907454
8483,-0.00515195525941791
8484,-0.00627492721197023
8485,-0.00637427236907416
8486,-0.00583508140437366
8487,-0.00644216967860855
8488,-0.00978637210136853
8489,-0.0151813670092076
8490,-0.0198047047435872
8491,-0.0213338618381714
8492,-0.0200645400967393
8493,-0.0180453254442861
8494,-0.016574482406088
8495,-0.0152379261848666
8496,-0.0132022848828958
8497,-0.0105530153034668
8498,-0.00802003254678667
8499,-0.00600959537758658
8500,-0.00442453119716604
8501,-0.00310207627092306
8502,-0.00194732585924288
8503,-0.000849470601836479
8504,7.49111568007939E-05
8505,0.000384053964967097
8506,7.44467501752908E-05
8507,0.000352166903748027
8508,0.00280462680705418
8509,0.00739368971337652
8510,0.0118535368221289
8511,0.0137239201207287
8512,0.0127695714609884
8513,0.0108692480125642
8514,0.00970108717749879
8515,0.00917927200305053
8516,0.00819449405941827
8517,0.00619013610026892
8518,0.00359757523226396
8519,0.00113635707072522
8520,-0.000827655969413956
8521,-0.00237588518851866
8522,-0.00382529145075357
8523,-0.00532184055920657
8524,-0.00644758134430904
8525,-0.00656381468949862
8526,-0.00598608837114814
8527,-0.00649012186328239
8528,-0.00978522045978091
8529,-0.0152644483838148
8530,-0.01998905158119
8531,-0.0214503746748319
8532,-0.0199546213000371
8533,-0.0177793232005492
8534,-0.0163906750991502
8535,-0.0152743724850823
8536,-0.0133670468744103
8537,-0.0106715774750912
8538,-0.0080372111295644
8539,-0.0060063640284193
8540,-0.00449408035787566
8541,-0.00327181555467819
8542,-0.00219155271541321
8543,-0.00111182437876659
8544,-0.00013064246772566
8545,0.000279983386133329
8546,3.3331596649464E-05
8547,0.000291088251022715
8548,0.00270171382209909
8549,0.00731217072399655
8550,0.0118402355053376
8551,0.0137333329618233
8552,0.0127355026032663
8553,0.0108189316229744
8554,0.0097321190589935
8555,0.00932039598271139
8556,0.00834550932287112
8557,0.0062228792328689
8558,0.00348062746876147
8559,0.000938268793754473
8560,-0.00101875492646473
8561,-0.00249564157110589
8562,-0.00382856218637645
8563,-0.00520564367392528
8564,-0.00629527283769206
8565,-0.00650918184444679
8566,-0.00607878873152763
8567,-0.00660975009815804
8568,-0.00974548058461432
8569,-0.0150286783976114
8570,-0.019753360790491
8571,-0.0214723649705462
8572,-0.020295994746146
8573,-0.0182459701241522
8574,-0.0167383844167679
8575,-0.0154478127075909
8576,-0.0135130867403725
8577,-0.0109396537870034
8578,-0.00841430693837623
8579,-0.00635889617956496
8580,-0.00472705720609903
8581,-0.00340317717898317
8582,-0.00228481893671517
8583,-0.0011879849200964
8584,-0.000175480480623019
8585,0.000242473478860447
8586,-8.46235272002706E-05
8587,1.33824710119725E-05
8588,0.00229391715056772
8589,0.00692600518295042
8590,0.0116396747641931
8591,0.0137601592016589
8592,0.0128927845180501
8593,0.0109903299273693
8594,0.0098914531861856
8595,0.00949848698955835
8596,0.00851854239969886
8597,0.00630407580649463
8598,0.00344633957539612
8599,0.000904477357767893
8600,-0.000908106971824062
8601,-0.00224180238229125
8602,-0.00358275083338601
8603,-0.00509728487251733
8604,-0.00630690507405878
8605,-0.00654015257257092
8606,-0.00608081478128769
8607,-0.00661370747091285
8608,-0.0097847495304702
8609,-0.0150960647172565
8610,-0.0198372526803788
8611,-0.0215890430986654
8612,-0.0204679126698082
8613,-0.0184745621350356
8614,-0.0170100573897093
8615,-0.0157362882332071
8616,-0.0137584815983194
8617,-0.0110634396173103
8618,-0.00839916828154965
8619,-0.00629521199081499
8620,-0.00472729179054123
8621,-0.00346575189038237
8622,-0.00229264922211149
8623,-0.00106527458792957
8624,4.84735912890455E-07
8625,0.00033144701644075
8626,-0.000111311144944562
8627,-2.21225642683444E-05
8628,0.00234067913973889
8629,0.00701734709344936
8630,0.0116768004296001
8631,0.0137154447991591
8632,0.0128234409957381
8633,0.0109459797822147
8634,0.0098731324949847
8635,0.00951615514574335
8636,0.00862460839171189
8637,0.00652138485654343
8638,0.0036926679857189
8639,0.00104622928479915
8640,-0.000917065516101438
8641,-0.00231115829104021
8642,-0.00359564315671468
8643,-0.00504450984191673
8644,-0.00627911535851708
8645,-0.00658956157886637
8646,-0.00612695878333705
8647,-0.00651754573265913
8648,-0.00950896663517738
8649,-0.0147581806791223
8650,-0.0195858937553724
8651,-0.0214496903362716
8652,-0.0203418206522705
8653,-0.0182780417895114
8654,-0.0167667432497921
8655,-0.0155177692840353
8656,-0.0135824341546563
8657,-0.0108951688956416
8658,-0.00822962769478511
8659,-0.00616071291014837
8660,-0.0046506379898164
8661,-0.00342902569185088
8662,-0.0022849779200473
8663,-0.00110992375766637
8664,-0.000102295829906355
8665,0.000221101912416047
8666,-0.000180453040350733
8667,-7.47141334637652E-05
8668,0.00224947926939725
8669,0.00690956968537524
8670,0.0116535335966628
8671,0.0138261774469126
8672,0.0129766134005344
8673,0.0109897702942277
8674,0.00975178734684029
8675,0.00932034312074394
8676,0.00849967141327434
8677,0.00654613758299666
8678,0.0038327236438039
8679,0.00119560156615759
8680,-0.00084758721419537
8681,-0.00232083302663594
8682,-0.00360053751578414
8683,-0.00496607480200157
8684,-0.00612064939120515
8685,-0.0064132443233034
8686,-0.00597567924446417
8687,-0.00639546343004071
8688,-0.00942978937884672
8689,-0.0147524836368205
8690,-0.0196304289020442
8691,-0.0214357122850159
8692,-0.0201734016279955
8693,-0.0179942704306468
8694,-0.016516304748027
8695,-0.0154018084628982
8696,-0.0135617724965276
8697,-0.01086566810007
8698,-0.0081428811367196
8699,-0.00603155620129227
8700,-0.00448027058116994
8701,-0.00318462913321912
8702,-0.00196282613433211
8703,-0.000766089684145682
8704,0.000210538467067924
8705,0.000518708868718382
8706,0.000151810392727408
8707,0.000287351720314944
8708,0.0025577374732909
8709,0.00706723558065165
8710,0.011625688414975
8711,0.0136681364325771
8712,0.0128267702556154
8713,0.011021869252404
8714,0.0100594575620967
8715,0.00980020313473907
8716,0.00888874880750341
8717,0.0066469248572187
8718,0.00370893307394204
8719,0.00109758942441553
8720,-0.000759253697208048
8721,-0.0021292218536073
8722,-0.0034992608899356
8723,-0.00503863984673078
8724,-0.0063018880578266
8725,-0.00661292032758961
8726,-0.00614484716182091
8727,-0.00647745622893734
8728,-0.00935338336405948
8729,-0.0145379578403645
8730,-0.019443533975951
8731,-0.0214536789418284
8732,-0.0204032014772268
8733,-0.0182786098729464
8734,-0.0167164205148309
8735,-0.015520673998249
8736,-0.0136840160672504
8737,-0.0110457531413852
8738,-0.00838876969260206
8739,-0.00634215305350277
8740,-0.0048337637648613
8741,-0.00351126454914994
8742,-0.00219468347152411
8743,-0.000918401101630079
8744,5.98021888293933E-05
8745,0.000340358698134719
8746,1.52170092098303E-06
8747,0.000204352180939796
8748,0.00248561950856063
8749,0.00693496713428692
8750,0.0114720250515706
8751,0.0136001121102302
8752,0.0128451950141903
8753,0.0109703593892508
8754,0.00980530537950944
8755,0.00942412445040025
8756,0.00862681051756578
8757,0.00664529712894122
8758,0.00388885269501291
8759,0.00126928251805573
8760,-0.000701284849142578
8761,-0.00214895109540952
8762,-0.00350431590232457
8763,-0.00496661696918386
8764,-0.0061427134289465
8765,-0.00640895079356822
8766,-0.00598088278912641
8767,-0.0064183277299666
8768,-0.00936065726283666
8769,-0.0144871647219643
8770,-0.0192679773068167
8771,-0.0212447641476173
8772,-0.0203118273066912
8773,-0.0183239459858277
8774,-0.0167625070306062
8775,-0.0154625733923808
8776,-0.0135830280378987
8777,-0.0110137709083002
8778,-0.00839542549526589
8779,-0.00625102747215486
8780,-0.00463657488067062
8781,-0.00340064323008863
8782,-0.00231812768558691
8783,-0.00113537509645173
8784,4.7230798985279E-05
8785,0.00061774623035781
8786,0.000321271732519293
8787,0.000283835670972797
8788,0.00233700558619692
8789,0.00681753351851507
8790,0.0115717476317481
8791,0.0138590108221219
8792,0.0130934777254288
8793,0.0111162864229542
8794,0.00985662928577299
8795,0.00941479193212494
8796,0.00860042982626626
8797,0.00666741197954789
8798,0.00399279798521502
8799,0.00139908198256851
8800,-0.00062571964602696
8801,-0.00210873714844913
8802,-0.00339335220200176
8803,-0.0047430719793606
8804,-0.00589488799378673
8805,-0.0062207018184466
8806,-0.00579172225385439
8807,-0.00610043059352694
8808,-0.00891515256047608
8809,-0.0140729934195275
8810,-0.0190129926375796
8811,-0.0211064408358468
8812,-0.0201807339013138
8813,-0.0182098363751999
8814,-0.0167888934303787
8815,-0.0156824873439653
8816,-0.0138818443189543
8817,-0.0112294893126754
8818,-0.00847665796932274
8819,-0.00624658962121604
8820,-0.00457212667571602
8821,-0.00324628573604849
8822,-0.00208105529881412
8823,-0.000910528955827898
8824,0.000161147433810211
8825,0.00061089121169563
8826,0.000238951588538975
8827,0.000135784901901649
8828,0.00210391238449249
8829,0.0065390722848798
8830,0.0113526124809594
8831,0.0137525773986424
8832,0.0130312412604534
8833,0.0110043699162462
8834,0.00971568825719177
8835,0.00936247380683429
8836,0.00869603054386702
8837,0.00682962482527068
8838,0.00409483482352238
8839,0.00140488039493608
8840,-0.000653589114898444
8841,-0.00211227277423289
8842,-0.0033890340527813
8843,-0.0047921557271433
8844,-0.00603514498818878
8845,-0.00643797193512416
8846,-0.00604548347825212
8847,-0.00637039286589667
8848,-0.00922258359220936
8849,-0.0144467956367487
8850,-0.0194295344136015
8851,-0.0214829869454868
8852,-0.0204476113208686
8853,-0.0183666417479085
8854,-0.0168590604537725
8855,-0.015640499637433
8856,-0.0136941537227279
8857,-0.0109726180712662
8858,-0.00833309989446691
8859,-0.00632372257101886
8860,-0.00477350114978254
8861,-0.00339510146492814
8862,-0.00214471185697532
8863,-0.00101504282414293
8864,-5.94233785358092E-05
8865,0.000371130335656387
8866,0.000106753215718023
8867,8.4040218696405E-05
8868,0.00200566559945008
8869,0.00637408055744903
8870,0.0112550733318279
8871,0.0138291453171574
8872,0.0132112766014574
8873,0.0111271195466861
8874,0.00971937034146611
8875,0.00932013423996221
8876,0.00867698305699186
8877,0.00679623320232885
8878,0.00396603417961003
8879,0.00118428422008299
8880,-0.000856548734197502
8881,-0.00218915150531736
8882,-0.00333424632009718
8883,-0.00468729563493079
8884,-0.00594741411393411
8885,-0.00635404091355631
8886,-0.00590616077442633
8887,-0.00614856376036286
8888,-0.00895017285182105
8889,-0.0141764882554784
8890,-0.0191930652045268
8891,-0.0212857614184015
8892,-0.0202802597414758
8893,-0.0182176867794473
8894,-0.0167386793778671
8895,-0.0155977630221104
8896,-0.0137780569436972
8897,-0.0111556413584103
8898,-0.00850455434390194
8899,-0.00639447412070033
8900,-0.00476596529303525
8901,-0.0033908499627597
8902,-0.00216441584539901
8903,-0.00100922850852928
8904,-1.0621038880187E-05
8905,0.000414644198584653
8906,0.00012149799704941
8907,0.000110977530595623
8908,0.0020389146681992
8909,0.00628865809783392
8910,0.0109602830186353
8911,0.0134677933193885
8912,0.0130684904492062
8913,0.0112910561597807
8914,0.00993965521345518
8915,0.00929503354700385
8916,0.00841722247053876
8917,0.00659085954203278
8918,0.00400807163435257
8919,0.00135450371531648
8920,-0.000800926073191198
8921,-0.00231982470558019
8922,-0.00353307615412427
8923,-0.0048580316101134
8924,-0.00612636236715142
8925,-0.00659708812463923
8926,-0.00616067842776293
8927,-0.00629977780173015
8928,-0.00895757238223905
8929,-0.0141095393168963
8930,-0.0191458273438364
8931,-0.0213028320653586
8932,-0.0203640383489149
8933,-0.0183538134609196
8934,-0.0168869988366598
8935,-0.0156914019532243
8936,-0.0137717887880349
8937,-0.0110646549767697
8938,-0.00836661126898261
8939,-0.00620892596579158
8940,-0.00451920779700551
8941,-0.003141548227414
8942,-0.00203566849711618
8943,-0.00104765758492974
8944,-9.67892031002431E-05
8945,0.000445802059994725
8946,0.000286217958583915
8947,0.000282942225030064
8948,0.00215698738252556
8949,0.00645373769614612
8950,0.0112572730892606
8951,0.0137806700441609
8952,0.0132103388768314
8953,0.0112997794901731
8954,0.0100850082598669
8955,0.0097234999233683
8956,0.0089170970117758
8957,0.00683747597373996
8958,0.00397672314471934
8959,0.00133696013499079
8960,-0.00058088857231959
8961,-0.00194671971965791
8962,-0.00320883816285348
8963,-0.00462857220800804
8964,-0.00592229430711811
8965,-0.00643831876112959
8966,-0.00613999309254113
8967,-0.00638553346208517
8968,-0.00899062463743887
8969,-0.0140384802469259
8970,-0.0191058602870483
8971,-0.0213702973567558
8972,-0.0203750651700662
8973,-0.0181278595126134
8974,-0.0165520057091264
8975,-0.0155871698417856
8976,-0.0140159290729978
8977,-0.0113984168695337
8978,-0.00851192430849028
8979,-0.00622393113050958
8980,-0.00465422810724352
8981,-0.00343829963813614
8982,-0.00226033371879004
8983,-0.00102398152696111
8984,6.68755735986186E-05
8985,0.000530449617085658
8986,0.00023610566547277
8987,0.00020039176729272
8988,0.00210946543741475
8989,0.00642564105404209
8990,0.0112712343010337
8991,0.0139186569006562
8992,0.0134599431263182
8993,0.0114849514040885
8994,0.0100494925848916
8995,0.00954266371475386
8996,0.00883132857955962
8997,0.00697513373259563
8998,0.00422333191181888
8999,0.00150193230841408
9000,-0.000545022190913238
9001,-0.00194822522619834
9002,-0.00318019721006443
9003,-0.00458723964368996
9004,-0.00587019386566232
9005,-0.00630169427142946
9006,-0.00586768837639849
9007,-0.00604349888788496
9008,-0.00867850764335176
9009,-0.0137457672381577
9010,-0.0187539539047934
9011,-0.0210048504694669
9012,-0.0201963597455068
9013,-0.0182465754113828
9014,-0.016793123015311
9015,-0.0156627194608116
9016,-0.0138767101169232
9017,-0.011283416607388
9018,-0.00861561978465469
9019,-0.00644599836854337
9020,-0.00477967883294257
9021,-0.00346735180082951
9022,-0.00239513252965662
9023,-0.00134109540407111
9024,-0.000246157105218388
9025,0.00040441239887165
9026,0.000203575645101693
9027,1.97061306922657E-05
9028,0.00173065456778058
9029,0.00604995195854157
9030,0.0110626927436349
9031,0.0137929427186547
9032,0.0132250186220281
9033,0.011093443147149
9034,0.00961638007196876
9035,0.00916569704057088
9036,0.00850100247049658
9037,0.00665461731739021
9038,0.00392259331069994
9039,0.00124629823798111
9040,-0.000748108396822775
9041,-0.00207468082705527
9042,-0.00318445342412106
9043,-0.0044873381723748
9044,-0.00579648031520871
9045,-0.00638941369685735
9046,-0.00610499149441195
9047,-0.00628361087680913
9048,-0.00881263509340143
9049,-0.0138187852964749
9050,-0.0188916147538855
9051,-0.0212668130237138
9052,-0.0205300314895457
9053,-0.0185561486114352
9054,-0.0170159146918569
9055,-0.0157928181703626
9056,-0.013960819605146
9057,-0.0114003328121206
9058,-0.00881557507982008
9059,-0.0066754152104126
9060,-0.00488596298291664
9061,-0.00333068065711812
9062,-0.00207582075563649
9063,-0.00106320304746998
9064,-0.000187773588151256
9065,0.000305556126635697
9066,0.000194979729846432
9067,0.000261908509808062
9068,0.00211246996616773
9069,0.0063156859155961
9070,0.011104100659148
9071,0.0137551768900667
9072,0.013313221123618
9073,0.0113365242539025
9074,0.0098678936977479
9075,0.00930050506210861
9076,0.0085466474830113
9077,0.00673397152194991
9078,0.00411930397322762
9079,0.00153527298103254
9080,-0.000484033220661104
9081,-0.00197554572333143
9082,-0.00331218663906831
9083,-0.00475736428329901
9084,-0.00603438175310525
9085,-0.00648543530302735
9086,-0.00609521806289039
9087,-0.00626266437753999
9088,-0.00881102464671914
9089,-0.0138132942264319
9090,-0.0188967563110012
9091,-0.0213318653912787
9092,-0.0206452343795492
9093,-0.0186490569301425
9094,-0.0170766701309725
9095,-0.0159269381502552
9096,-0.0142485276588619
9097,-0.0117555569335392
9098,-0.0090783718999814
9099,-0.00683326939168832
9100,-0.00510346203816001
9101,-0.00372142616937319
9102,-0.00252377393879089
9103,-0.00134518441282292
9104,-0.000244307837520054
9105,0.000295974199249121
9106,1.52099859032513E-05
9107,-0.000129849325952224
9108,0.00163511897599332
9109,0.00587960049029299
9110,0.0107325341360048
9111,0.0134173619445215
9112,0.0130124012459607
9113,0.0111106968702531
9114,0.00972825679250533
9115,0.00921731320265968
9116,0.00850249513178894
9117,0.00674741864208327
9118,0.00418989952912927
9119,0.00160208296878086
9120,-0.000478988781208222
9121,-0.00200003154091091
9122,-0.0032908845931438
9123,-0.00471745562352766
9124,-0.00611961160348755
9125,-0.00676034778679697
9126,-0.00639551459508926
9127,-0.0063456097165993
9128,-0.00865047770606643
9129,-0.0136415911259108
9130,-0.0189188519899568
9131,-0.0214922453398195
9132,-0.0207496167404464
9133,-0.0186404212679478
9134,-0.0170733862131757
9135,-0.0160067387676757
9136,-0.0143230387575769
9137,-0.0117051044326113
9138,-0.00892325831640663
9139,-0.00669894893000671
9140,-0.00506704587426598
9141,-0.00376906744960278
9142,-0.00262865279698011
9143,-0.00149800172520954
9144,-0.000399506565595381
9145,0.000215824058283323
9146,1.10233926927355E-05
9147,-0.00018369078610029
9148,0.00140964469127514
9149,0.00553733064618245
9150,0.0104886570717403
9151,0.0134376148210025
9152,0.0132546886059185
9153,0.0114001169583188
9154,0.00996001715236492
9155,0.0094410253928628
9156,0.00880693940873801
9157,0.00711053867819489
9158,0.00447369411637751
9159,0.00167624639895565
9160,-0.000638362034394988
9161,-0.00231454299773581
9162,-0.00362812087747353
9163,-0.00493050469260765
9164,-0.00610948763897008
9165,-0.00656236982735592
9166,-0.00617932693454968
9167,-0.00626081108608137
9168,-0.00866215416943733
9169,-0.0135739572251451
9170,-0.0186834222845406
9171,-0.0212153588343967
9172,-0.0206242089179516
9173,-0.0186882742189742
9174,-0.0171244672775836
9175,-0.0159142781418035
9176,-0.0141329626642473
9177,-0.0115794134124603
9178,-0.00893912768413551
9179,-0.00677198688432604
9180,-0.00506265446315982
9181,-0.00364604590710141
9182,-0.00246300753447048
9183,-0.00139603415188267
9184,-0.000412742682407199
9185,0.000106223824461478
9186,-0.000133674624937483
9187,-0.000281949040024123
9188,0.00143845849650349
9189,0.00571973330554049
9190,0.0107429124873028
9191,0.0136096097240329
9192,0.0132560322330375
9193,0.0113046616390263
9194,0.00992007365226607
9195,0.00950835286834844
9196,0.00888937291397034
9197,0.00711815718097879
9198,0.00444370283385729
9199,0.00170229787727947
9200,-0.000545692149635838
9201,-0.00221457555114699
9202,-0.00352674012704394
9203,-0.00478065071621294
9204,-0.00595630202088726
9205,-0.00657306834276518
9206,-0.00643942829903904
9207,-0.00660685494060935
9208,-0.00883324524634086
9209,-0.0135193720442546
9210,-0.0186110268969027
9211,-0.0213100986405179
9212,-0.0208228626275812
9213,-0.0188031032843916
9214,-0.0171125023521548
9215,-0.0159111479171418
9216,-0.0142348925802615
9217,-0.0117029669292938
9218,-0.00894102757457095
9219,-0.00663764597432857
9220,-0.0049102386262237
9221,-0.0035727949651658
9222,-0.00244753130160435
9223,-0.00134942050656583
9224,-0.000278965128692585
9225,0.000310384080356431
9226,7.3783571749793E-05
9227,-0.000145442968142875
9228,0.00147007064126352
9229,0.00568529847018852
9230,0.0107318483241414
9231,0.0136882089439647
9232,0.0134163589961037
9233,0.0114910080621692
9234,0.0100908506548958
9235,0.00965150181321569
9236,0.00898728372395418
9237,0.00713678674644421
9238,0.0043806571636448
9239,0.00163034878738501
9240,-0.000519507853117513
9241,-0.00205058217983585
9242,-0.00330071932554417
9243,-0.00460611116395653
9244,-0.00585437916151593
9245,-0.00644131095350354
9246,-0.00617304381841205
9247,-0.00623781013183476
9248,-0.00850748876404464
9249,-0.0133218612177498
9250,-0.0184573393327516
9251,-0.0210603510326534
9252,-0.0204820665023559
9253,-0.01853610913366
9254,-0.0170381832001423
9255,-0.0159521237865634
9256,-0.014236908004997
9257,-0.0116623951764335
9258,-0.0090138766211896
9259,-0.00690199183232469
9260,-0.00520998173415392
9261,-0.00367366805802109
9262,-0.00230905323651101
9263,-0.00115671148818954
9264,-0.000203783794625005
9265,0.000291669273783103
9266,7.68260790449884E-05
9267,-0.000130689680130281
9268,0.00134593815553241
9269,0.00534420652464746
9270,0.0103188221444527
9271,0.013448166527117
9272,0.0134391847200427
9273,0.0116283650514597
9274,0.0101279577643873
9275,0.00951966063449032
9276,0.0087888323280942
9277,0.0069980671940117
9278,0.00432675715039534
9279,0.00159741001319235
9280,-0.000592993530995353
9281,-0.00216625511597258
9282,-0.00341235186553883
9283,-0.00467003679843623
9284,-0.00587411195445782
9285,-0.00646667943822514
9286,-0.00623655846511737
9287,-0.00629121969403931
9288,-0.00846292043832414
9289,-0.0131848078708372
9290,-0.0183731231454269
9291,-0.0211611679796666
9292,-0.0207058443357866
9293,-0.0186857059288169
9294,-0.0170422505274631
9295,-0.0159719666496478
9296,-0.0144422800674971
9297,-0.011973259662743
9298,-0.00918369528305375
9299,-0.00684090101537623
9300,-0.00509515918469808
9301,-0.00369771358098339
9302,-0.00243496486011219
9303,-0.00121554690059039
9304,-0.000156250048064779
9305,0.000326097215137893
9306,3.63036697969181E-05
9307,-0.000146109959716858
9308,0.00144695850988157
9309,0.00546595138763542
9310,0.0102659821259832
9311,0.0131558835145177
9312,0.0130354726076632
9313,0.0112798108016783
9314,0.0099041476523547
9315,0.009421001996546
9316,0.00882475784288212
9317,0.00717353750193223
9318,0.00458385423781057
9319,0.0018358020217232
9320,-0.000430027809602513
9321,-0.00206374537016729
9322,-0.00334959942516185
9323,-0.00467159013184895
9324,-0.00596101665315382
9325,-0.00657622867303817
9326,-0.0062423204945472
9327,-0.00612674095777037
9328,-0.00820405199129323
9329,-0.0129787147140898
9330,-0.0182902191789705
9331,-0.0211425315389146
9332,-0.0206526692156668
9333,-0.0185593251432101
9334,-0.0168552639336753
9335,-0.0157248720601794
9336,-0.0141253669642576
9337,-0.0116221586602113
9338,-0.00887374683879984
9339,-0.00660850196714715
9340,-0.00491067045010279
9341,-0.00354266633081122
9342,-0.00235411160429509
9343,-0.00123767237973387
9344,-0.000194203536616602
9345,0.000418962347076014
9346,0.000299978526494474
9347,0.000173255967987338
9348,0.00169486447114713
9349,0.005645216537667
9350,0.0104732484766405
9351,0.0134479316218464
9352,0.0133840007442947
9353,0.0116337400132212
9354,0.0102340705948459
9355,0.00970577108692454
9356,0.00905284824461865
9357,0.00737334614645142
9358,0.0048030237612536
9359,0.00206938759621852
9360,-0.000242896966057041
9361,-0.00193875955638411
9362,-0.00320035266290433
9363,-0.00441138649511701
9364,-0.00563307904598804
9365,-0.00631264442737553
9366,-0.00609429570612711
9367,-0.00600623387389418
9368,-0.008015107596029
9369,-0.0127392531010006
9370,-0.0180727567997857
9371,-0.0209468688528509
9372,-0.0204214616870874
9373,-0.0183132693476803
9374,-0.0167285362676045
9375,-0.0158231113691512
9376,-0.0143921735022518
9377,-0.0118947456024085
9378,-0.00905204456574727
9379,-0.00672560055918508
9380,-0.00504681748547878
9381,-0.00372383263762196
9382,-0.00255468905361889
9383,-0.00143996507780691
9384,-0.000403732206334791
9385,0.000200116454499069
9386,7.05831066479965E-05
9387,-9.66036772277349E-05
9388,0.00134994073279131
9389,0.00526895319028651
9390,0.0102064580481696
9391,0.0134029563463399
9392,0.0135033526436526
9393,0.0117337841980269
9394,0.0102136310722771
9395,0.00965424721069706
9396,0.00910042080950959
9397,0.00748215880665211
9398,0.00480123861671914
9399,0.00189088431244365
9400,-0.000459807512786083
9401,-0.00204661100700213
9402,-0.00324875898646189
9403,-0.00455385502710885
9404,-0.00587041813436138
9405,-0.00646277064238607
9406,-0.00604399694413931
9407,-0.00587456457781039
9408,-0.00799147543477124
9409,-0.0128478702871833
9410,-0.0182122923222914
9411,-0.0211136003804583
9412,-0.0207388655272846
9413,-0.0188058248733365
9414,-0.0171986486434285
9415,-0.0160577066422639
9416,-0.014425706117137
9417,-0.0119487067809553
9418,-0.0092266397011209
9419,-0.00686842294158882
9420,-0.00496681144494153
9421,-0.00344281574537803
9422,-0.00226632807203358
9423,-0.00126992565729849
9424,-0.000308861689460102
9425,0.000294708277028936
9426,0.000134346011516041
9427,-0.000139101236318066
9428,0.00122661624014442
9429,0.00519618850188516
9430,0.0102784041180519
9431,0.0135849430781992
9432,0.0136971464251484
9433,0.0118791189714854
9434,0.0102885795017753
9435,0.00962849301025581
9436,0.00896735896072126
9437,0.0073305590123419
9438,0.00476759933509922
9439,0.00199928800193611
9440,-0.00034984890196824
9441,-0.00207339654674481
9442,-0.00337610153304615
9443,-0.00464976972379107
9444,-0.00593423513363701
9445,-0.00665505754349073
9446,-0.00644707499942477
9447,-0.00632367409922685
9448,-0.00823860376872383
9449,-0.0128421507075233
9450,-0.0181140509168706
9451,-0.0210558172724498
9452,-0.0206995573986307
9453,-0.0187372662991132
9454,-0.017151935012399
9455,-0.0160888469552403
9456,-0.0144666801198828
9457,-0.0119003527282788
9458,-0.00915589135226994
9459,-0.00698858793501149
9460,-0.00539241117263902
9461,-0.00404989064557546
9462,-0.00282869882213746
9463,-0.00165419435396925
9464,-0.000497280323360112
9465,0.000270503969241068
9466,0.000176413869654663
9467,-0.000221746921189315
9468,0.00086793102925547
9469,0.00463643358199163
9470,0.00977407476672973
9471,0.0132932948663783
9472,0.0135135630088333
9473,0.0116118059642594
9474,0.00992572453507011
9475,0.00933169770360254
9476,0.00882471942618913
9477,0.00723541230557402
9478,0.00459025898560299
9479,0.00179580466353627
9480,-0.000393057843599416
9481,-0.00188576162283772
9482,-0.00310855419261615
9483,-0.00450154229588026
9484,-0.00593117278545398
9485,-0.00666186744380233
9486,-0.00638177934999304
9487,-0.00628434573593062
9488,-0.00838082087117607
9489,-0.0131775877905473
9490,-0.0184928412474606
9491,-0.0213361875001192
9492,-0.0208710601124556
9493,-0.0188672170767351
9494,-0.0172842051107672
9495,-0.0162479515871608
9496,-0.0147052425723647
9497,-0.0122491373631402
9498,-0.00952684038178089
9499,-0.00721011802987901
9500,-0.00537939257853801
9501,-0.0038946704637698
9502,-0.00269675139753399
9503,-0.00163605254789246
9504,-0.000592206312485823
9505,9.08281752511075E-05
9506,-3.5926026574715E-05
9507,-0.000370883206543521
9508,0.000842046039394981
9509,0.00464908551583893
9510,0.00966114515339584
9511,0.0130292556901534
9512,0.0132847288218578
9513,0.0115985660678275
9514,0.0100668812283605
9515,0.00940754360873304
9516,0.00875980709478737
9517,0.00720099665293271
9518,0.00475524204279469
9519,0.00206706997074842
9520,-0.000277891075802509
9521,-0.00203177296833036
9522,-0.00333658139756171
9523,-0.00458248934000483
9524,-0.0058627467337988
9525,-0.00662679752351292
9526,-0.00646338328785501
9527,-0.00633628301448439
9528,-0.0082297504606828
9529,-0.012879430478146
9530,-0.0182857960917394
9531,-0.0213451670903244
9532,-0.0209583389592229
9533,-0.0188243706041989
9534,-0.0170946007248366
9535,-0.0160679595215148
9536,-0.0146226992853727
9537,-0.0121818382347185
9538,-0.00939081424681971
9539,-0.00707648989987407
9540,-0.00536891551058018
9541,-0.00397354498378758
9542,-0.00269771465991937
9543,-0.00149102620213195
9544,-0.000439035687809718
9545,8.59822919231762E-05
9546,-0.000182684599996068
9547,-0.000500692791602628
9548,0.000824132464969721
9549,0.00469185933431156
9550,0.00968146506595289
9551,0.0130174057679762
9552,0.0132632532318377
9553,0.0115436653508665
9554,0.00993196435631885
9555,0.00919685929349433
9556,0.00852581712824566
9557,0.00697880253881575
9558,0.00454944236382685
9559,0.00190430400891811
9560,-0.000335900118469853
9561,-0.00195473067969799
9562,-0.00318158946996061
9563,-0.00445776996938032
9564,-0.00583953698579349
9565,-0.00668615383378653
9566,-0.00650591560654129
9567,-0.0062416504161854
9568,-0.00795322201918409
9569,-0.0125308330084003
9570,-0.0180841710068962
9571,-0.0214286007681081
9572,-0.0212239128588103
9573,-0.0190052169391774
9574,-0.017032143630398
9575,-0.0158855304660807
9576,-0.0145939755229862
9577,-0.0124333394622235
9578,-0.00976504587508435
9579,-0.00729428683122465
9580,-0.00530503454121279
9581,-0.00375988394029922
9582,-0.00256820403037605
9583,-0.00154118468553964
9584,-0.000542589446412752
9585,0.000129411711471548
9586,6.71360426707737E-05
9587,-0.000175806841304842
9588,0.00106723475794056
9589,0.00485392891219167
9590,0.00990370273921509
9591,0.0133913610278272
9592,0.0137089977508409
9593,0.0119104786942557
9594,0.0101922368006905
9595,0.0094891832445885
9596,0.0089924670185764
9597,0.00759155347878836
9598,0.0051211320852871
9599,0.00226140732245836
9600,-0.000213816554769782
9601,-0.00195671789332167
9602,-0.00318454653604214
9603,-0.00440051540603747
9604,-0.00570692207779302
9605,-0.00647802618185266
9606,-0.00625030508060131
9607,-0.00600662191276268
9608,-0.00779274809867142
9609,-0.0124110672844936
9610,-0.0179066294245966
9611,-0.021158939595159
9612,-0.0209712922862448
9613,-0.0189236399298458
9614,-0.0171339446707606
9615,-0.015992734676671
9616,-0.014505337378734
9617,-0.0121277706345558
9618,-0.00941880082558404
9619,-0.00710521812158038
9620,-0.00532035588365026
9621,-0.00386510534735805
9622,-0.002605432252037
9623,-0.00142558236718299
9624,-0.000301935065692943
9625,0.000383140798933759
9626,0.000208691874716304
9627,-0.000194561712927909
9628,0.000963924566276725
9629,0.0048033453861756
9630,0.00996947430987732
9631,0.0134990781039214
9632,0.0137389392455746
9633,0.011843801985263
9634,0.0101279578664992
9635,0.00950862520496183
9636,0.00904955802380369
9637,0.0075725115665928
9638,0.00499429162186714
9639,0.00212474262062022
9640,-0.000234542437379468
9641,-0.00182552726193166
9642,-0.00296899988153806
9643,-0.00420626986389149
9644,-0.00561613525730558
9645,-0.00651580818634562
9646,-0.00637183268628805
9647,-0.00612664077819665
9648,-0.00785995204154695
9649,-0.0124530915536586
9650,-0.0179811428159878
9651,-0.0212722303116802
9652,-0.0210815741101723
9653,-0.0190204318145106
9654,-0.0172623502680359
9655,-0.0161740159046346
9656,-0.0146774444641002
9657,-0.0122110323481832
9658,-0.00941642320150535
9659,-0.00708665768597113
9660,-0.00531754404703499
9661,-0.00385488786297052
9662,-0.00261167171645853
9663,-0.00155678821359727
9664,-0.000612572656327528
9665,2.89729728213112E-05
9666,3.23339949943188E-05
9667,-0.000154298138396888
9668,0.000995071839923097
9669,0.00458705012267576
9670,0.00954631687628339
9671,0.0131471302199786
9672,0.0136463817488581
9673,0.0119056499528351
9674,0.0101010517405376
9675,0.00929771894163353
9676,0.0087690202107937
9677,0.00736411554319452
9678,0.00487994555121778
9679,0.0020540639838519
9680,-0.000279246394223947
9681,-0.0018347942510323
9682,-0.00297468925534105
9683,-0.0042731527665777
9684,-0.00576570400674625
9685,-0.00670341818578209
9686,-0.00653904948901636
9687,-0.00623343733585059
9688,-0.00786626556486205
9689,-0.0123267316345949
9690,-0.0177509514789826
9691,-0.0210291678452298
9692,-0.0208927592851008
9693,-0.0188789075559787
9694,-0.0171577977363552
9695,-0.0161621278313028
9696,-0.0148029492115633
9697,-0.0123882275897903
9698,-0.00949384901048826
9699,-0.00705606826383187
9700,-0.00535494952873608
9701,-0.00407438477993815
9702,-0.00285101841492959
9703,-0.00152774378409234
9704,-0.000253237117367452
9705,0.00046958495080814
9706,0.000289944459121115
9707,-9.08385346515049E-05
9708,0.00100462767751168
9709,0.00456504772341903
9710,0.00938060633520706
9711,0.0128367139455086
9712,0.0134105103017169
9713,0.0119600668211258
9714,0.0104017796199217
9715,0.00961307384152672
9716,0.00897983316214898
9717,0.00758373561147575
9718,0.00525327354690412
9719,0.00253242626850395
9720,0.00011287357970525
9721,-0.00163365524269485
9722,-0.0028895522220181
9723,-0.00418288673542946
9724,-0.00564676732177528
9725,-0.00660053457744839
9726,-0.00645127528197636
9727,-0.00610372926607527
9728,-0.00767870324523018
9729,-0.012151693905567
9730,-0.0176677635613854
9731,-0.0210376495902516
9732,-0.0209254568669833
9733,-0.0188723858393239
9734,-0.0170822598136241
9735,-0.016009771370033
9736,-0.0146004787646473
9737,-0.0122157754554922
9738,-0.00943011582601414
9739,-0.00707558946288011
9740,-0.0053220139288601
9741,-0.00388361449332244
9742,-0.00255027073079578
9743,-0.001257108388206
9744,-8.0047018379099E-05
9745,0.000593314317944409
9746,0.000408073525358222
9747,-1.72730798994861E-05
9748,0.00100303334263098
9749,0.00457151648215023
9750,0.00951313264882436
9751,0.0130739235970709
9752,0.0135919859025589
9753,0.0119939959799014
9754,0.0103951475362163
9755,0.0097266393385148
9756,0.0092048843547535
9757,0.00775448533448545
9758,0.00526897049184371
9759,0.00246744022766186
9760,7.34556969961764E-05
9761,-0.00166702544785485
9762,-0.00299630851674159
9763,-0.00433366973907312
9764,-0.00571222552130772
9765,-0.0065352455593539
9766,-0.00637122764479548
9767,-0.00613212797427514
9768,-0.00778381303189844
9769,-0.01220820687782
9770,-0.0176375697267811
9771,-0.0210018690620665
9772,-0.0209427251751097
9773,-0.018896688874592
9774,-0.017060053195916
9775,-0.0159907567693961
9776,-0.0146817480772312
9777,-0.0123999219336699
9778,-0.00960679440191612
9779,-0.00715120137297024
9780,-0.00532220234370933
9781,-0.00391449321756038
9782,-0.0026968546559042
9783,-0.00153300530302502
9784,-0.000432992846504435
9785,0.00026111185965749
9786,0.000191343770684245
9787,-0.000107395727335786
9788,0.000941514164033311
9789,0.00443407538215388
9790,0.00932233749598565
9791,0.0129594766119388
9792,0.0136100427059065
9793,0.0120126113081087
9794,0.0102183222759958
9795,0.0093279491328758
9796,0.00878061196035987
9797,0.00751914476343603
9798,0.00523306585576408
9799,0.00245453348851902
9800,-6.08915110117133E-05
9801,-0.00188697029104598
9802,-0.00316849432692997
9803,-0.00440923196152837
9804,-0.00576952680648165
9805,-0.00664457674816321
9806,-0.0064764398881118
9807,-0.00611119650339189
9808,-0.00760564595780419
9809,-0.0119824694785205
9810,-0.0175077102128761
9811,-0.0210309245627621
9812,-0.021112064683906
9813,-0.0191578826455926
9814,-0.0173422367912536
9815,-0.0161985082316396
9816,-0.0147623993067545
9817,-0.0124175276994598
9818,-0.00968858051503619
9819,-0.00734355469933808
9820,-0.00555052666334511
9821,-0.00410122369766702
9822,-0.00284896938340495
9823,-0.00166938588983349
9824,-0.000501342656607039
9825,0.000297684689494973
9826,0.00022483785464053
9827,-0.000242742541939703
9828,0.00065492521728686
9829,0.00423432105146334
9830,0.00938871456152478
9831,0.0131764422460985
9832,0.0137117939056955
9833,0.0119203163087135
9834,0.010117549641948
9835,0.00940685353300552
9836,0.00900347059113834
9837,0.00770947421069477
9838,0.00529764119371331
9839,0.00244889635606718
9840,-4.32253960696138E-05
9841,-0.00180228899877871
9842,-0.00301132656253576
9843,-0.00419540691993446
9844,-0.00555795101159119
9845,-0.00651956917804219
9846,-0.0064647079490504
9847,-0.00614027881897181
9848,-0.00758002934900071
9849,-0.011888103854405
9850,-0.0174120018825201
9851,-0.0209882288435259
9852,-0.0211040558448758
9853,-0.0191339912369682
9854,-0.0172860009873769
9855,-0.0161285978061794
9856,-0.0146840001270336
9857,-0.012306675609201
9858,-0.00953038367616716
9859,-0.00715723797827575
9860,-0.00535674666308449
9861,-0.00388613608414827
9862,-0.00259549239992827
9863,-0.00141896181400977
9864,-0.000341523459700853
9865,0.000329489353833035
9866,0.000193662526648741
9867,-0.00024867939356283
9868,0.000675206164716059
9869,0.00421085064343681
9870,0.00930534116282972
9871,0.0131252707981522
9872,0.0137920272377886
9873,0.012114547764774
9874,0.010306079873011
9875,0.00949161512235781
9876,0.00898728445785299
9877,0.00766595897936849
9878,0.00530352660379839
9879,0.00254382174074537
9880,0.000125638276855164
9881,-0.00163065275012951
9882,-0.00291960800385169
9883,-0.00420309036416276
9884,-0.0055981438320906
9885,-0.00650602380393477
9886,-0.00637276076824377
9887,-0.00600997335208633
9888,-0.0074571490301674
9889,-0.0117861391752952
9890,-0.0173208069881564
9891,-0.0208905004491289
9892,-0.0209845429897794
9893,-0.0189997046502886
9894,-0.0171837032300059
9895,-0.0161183275735072
9896,-0.0147829630028835
9897,-0.0124728200406821
9898,-0.00970478832695496
9899,-0.0073043191349732
9900,-0.0054645440442478
9901,-0.00396280143302643
9902,-0.00268023949636507
9903,-0.00155342305235118
9904,-0.000491442125341559
9905,0.000289880962258918
9906,0.000356267436673192
9907,3.65811761361844E-05
9908,0.000880184638108688
9909,0.00421372936269113
9910,0.0091729965624829
9911,0.0129950232243287
9912,0.0137070410687217
9913,0.0120307660352898
9914,0.0102187037577591
9915,0.00946966711853171
9916,0.00907462749971821
9917,0.00781303806515274
9918,0.0054232636624486
9919,0.00259574715686524
9920,0.000122986323516392
9921,-0.00165512404168765
9922,-0.0029280184890559
9923,-0.00417168682613359
9924,-0.00556068937522574
9925,-0.00654275494113278
9926,-0.00650499431040653
9927,-0.00613193297453568
9928,-0.00744226664761961
9929,-0.0116616676368761
9930,-0.0172642596842219
9931,-0.0210220922612026
9932,-0.0212227986993825
9933,-0.0191733423159599
9934,-0.0172438797647885
9935,-0.0161702406611221
9936,-0.0149231674208415
9937,-0.0126742147586192
9938,-0.00988631505891091
9939,-0.0074471536957333
9940,-0.00559956511453853
9941,-0.0040767347902634
9942,-0.00271022833862282
9943,-0.00149385849808963
9944,-0.000451961190830604
9945,0.000182275660730965
9946,0.000100705261443025
9947,-0.000236807888988499
9948,0.000704992993287751
9949,0.00412286913808372
9950,0.00907454453827385
9951,0.0128571886721052
9952,0.0135924771970883
9953,0.0119861328011302
9954,0.0101791673582049
9955,0.00931965378028312
9956,0.0087930702257995
9957,0.00751103581484143
9958,0.00522201118930103
9959,0.00249435783895772
9960,1.28684834634294E-05
9961,-0.0018605955482579
9962,-0.00320060479174893
9963,-0.00440065069260502
9964,-0.00565973573016519
9965,-0.00652519989131324
9966,-0.00646414751555437
9967,-0.00614453183059724
9968,-0.00748612367990703
9969,-0.01164564019214
9970,-0.0171571343576142
9971,-0.0209278550017503
9972,-0.0212806435863304
9973,-0.0193834521461828
9974,-0.017448324873777
9975,-0.0162323303825774
9976,-0.0148715153846662
9977,-0.0126205017980428
9978,-0.00985248234452072
9979,-0.00736915940990948
9980,-0.00549690517231
9981,-0.00410135911065903
9982,-0.00296000593015789
9983,-0.00184882254760619
9984,-0.000693840112247
9985,0.000108454689163466
9986,3.73123700751324E-05
9987,-0.000437585473383351
9988,0.000415370079422546
9989,0.00391191084468602
9990,0.00903033361965649
9991,0.0129305695348842
9992,0.013699987932651
9993,0.0120964573591612
9994,0.0102987496989269
9995,0.00945084317081171
9996,0.0089266500656229
9997,0.00763100410664558
9998,0.0053103321688547
9999,0.00255909320248436
