T,AI2_filter1
0,-2.56674601257479E-21
1,-1.81025805084078E-06
2,-2.58806362429491E-06
3,7.95701670928288E-07
4,3.61115995833409E-06
5,-6.48101853959414E-07
6,-7.00669554063786E-06
7,-2.99977608485868E-06
8,8.66475055403051E-06
9,7.87227397296521E-06
10,-9.35584509887668E-06
11,-1.50061920072419E-05
12,7.40765483102178E-06
13,2.41432771617877E-05
14,-1.71031866987621E-07
15,-3.21341559170069E-05
16,-1.1554973353952E-05
17,3.88264639774468E-05
18,3.05179988253202E-05
19,-3.846440530817E-05
20,-5.21436118350172E-05
21,3.29619638549871E-05
22,8.11324641513489E-05
23,-1.16868471106409E-05
24,-0.000106478193139299
25,-2.11437343249774E-05
26,0.000130577316354462
27,7.42017501102281E-05
28,-0.000141680690006993
29,-0.000144702024324022
30,0.000136226621441435
31,0.000238967713300958
32,-0.000102169145803766
33,-0.000363853928405767
34,2.50873152745692E-05
35,0.000551170662235781
36,0.000132252812149518
37,-0.000944391028323693
38,-0.000513986427238204
39,0.00310348786911565
40,0.00856288230292435
41,0.0123582252871625
42,0.0124428087588876
43,0.0102128907882246
44,0.00850673622495411
45,0.00833452212408797
46,0.00829173574219463
47,0.00680109133793463
48,0.00398917353181643
49,0.00119212641468938
50,-0.000688084949075857
51,-0.00187192235304212
52,-0.00304645045531377
53,-0.00443270849939576
54,-0.00552542300642331
55,-0.00570989052512072
56,-0.00526851049825115
57,-0.00569455985236831
58,-0.0085087790802399
59,-0.0134363234599428
60,-0.018103666505768
61,-0.0200659341557425
62,-0.0190805524557115
63,-0.0169947920999546
64,-0.0155032699719043
65,-0.0145810330209204
66,-0.013206160620681
67,-0.0109623648439547
68,-0.00842290367474124
69,-0.0062879136765311
70,-0.0047219450213546
71,-0.00350517231048649
72,-0.00239794483682582
73,-0.00130281006033887
74,-0.000387885830096498
75,-3.39903101724093E-05
76,-0.000240699794428388
77,-2.88708439364206E-05
78,0.0019844146784979
79,0.00597035860160912
80,0.0101585802808645
81,0.0122788838875643
82,0.0117439957922769
83,0.0100205307493067
84,0.0088539241341476
85,0.00854599070718101
86,0.0080933029372807
87,0.00658381177065101
88,0.00409943880580714
89,0.00145629566594373
90,-0.000582255792600506
91,-0.00186727572617817
92,-0.00287069150189031
93,-0.00409321777029994
94,-0.00534499809318894
95,-0.0058677667657726
96,-0.00553672935389093
97,-0.00571927122192012
98,-0.00821311313609125
99,-0.0130333090465102
100,-0.0177876231963778
101,-0.0198176474774512
102,-0.0187749066711123
103,-0.0166014316162988
104,-0.0151254660355968
105,-0.0143293556434552
106,-0.0130866597833487
107,-0.010897761332407
108,-0.00834462681573689
109,-0.00617785672030705
110,-0.0045871074269765
111,-0.00335797850159953
112,-0.00226805008277113
113,-0.00122263536014836
114,-0.000344164716732085
115,2.3008553234625E-05
116,-0.00017836484320459
117,-6.0258537520545E-05
118,0.00180918540379838
119,0.00579744433508741
120,0.0102235793241271
121,0.0126124050207721
122,0.0120682251827766
123,0.0100206383564726
124,0.00850683891851651
125,0.00811288815678728
126,0.00782686098558242
127,0.00652880645811045
128,0.00415529745791931
129,0.0015113902168035
130,-0.000620199140171725
131,-0.00207009057569945
132,-0.0032202613313786
133,-0.00444860849888701
134,-0.00556565443138974
135,-0.00597030039573527
136,-0.00566623265158959
137,-0.00595998358465986
138,-0.00849159578659824
139,-0.0132326698768397
140,-0.0179006248979265
141,-0.0199367710211655
142,-0.0189601646800497
143,-0.0168126959759624
144,-0.0152805738797612
145,-0.0143806335836424
146,-0.0130284992218018
147,-0.0107441110379165
148,-0.00813789541651646
149,-0.00600063886451897
150,-0.00451552016793931
151,-0.00338419818383919
152,-0.00229130624394642
153,-0.00114318841210672
154,-0.000161802089455123
155,0.000219207831602158
156,-4.56875630405084E-05
157,7.84862555940443E-06
158,0.00184642348161605
159,0.00580209194468337
160,0.0101683878841573
161,0.0125199816999371
162,0.0120348756610663
163,0.0101339766779151
164,0.0087453279194763
165,0.00834678774999997
166,0.0079293778672869
167,0.00648807752585983
168,0.00408041746165643
169,0.00152872371755283
170,-0.000482715960027696
171,-0.00189789862500078
172,-0.00310834250241689
173,-0.00438681096927989
174,-0.005446948517874
175,-0.0057239220464342
176,-0.00536484822273387
177,-0.00576731275850475
178,-0.00850294832247885
179,-0.0133895400865561
180,-0.0180669771890105
181,-0.0200327743114923
182,-0.019001234819926
183,-0.0168415516328288
184,-0.0153113899000642
185,-0.0144244013775356
186,-0.0131324208046601
187,-0.01095443601809
188,-0.0084223178122153
189,-0.00624892761881489
190,-0.00464422388591356
191,-0.00342395513481156
192,-0.00234705319305652
193,-0.00128061363101596
194,-0.000360388133547626
195,1.2545386098473E-05
196,-0.00023185761322047
197,-0.000148258393202209
198,0.00173034374239313
199,0.0057162454749394
200,0.0100683986993428
201,0.0123702583681634
202,0.0118585432915513
203,0.00998917548215293
204,0.00866019279168699
205,0.00831075391415684
206,0.0079382076845474
207,0.00654788208123599
208,0.00415908830491672
209,0.00155564366262087
210,-0.000535255835362015
211,-0.00197008677827848
212,-0.00312834374239835
213,-0.00436737190988929
214,-0.0054638321632255
215,-0.00581127516405888
216,-0.00547292816457976
217,-0.00581728112399069
218,-0.00844408625638284
219,-0.013210963250019
220,-0.0178072893362652
221,-0.0197898878779214
222,-0.0188805861287068
223,-0.0168599511000584
224,-0.015376952598388
225,-0.014433538126069
226,-0.0130583318476119
227,-0.0108233571689676
228,-0.00825214783142464
229,-0.00606277427819498
230,-0.00451424375357584
231,-0.00342817990853498
232,-0.00247158043581338
233,-0.00141205783147519
234,-0.000391508144429054
235,0.000102301198873913
236,-5.85943439553854E-05
237,7.05857164635004E-05
238,0.00195608382320488
239,0.00589792905962307
240,0.0101859320172647
241,0.0124793208259308
242,0.0120469813485066
243,0.0102779879088772
244,0.00897056898744487
245,0.00853662035746944
246,0.00803752557660381
247,0.0065647748097213
248,0.00418046783364476
249,0.00165803178651083
250,-0.000316368186645355
251,-0.00165174177001146
252,-0.00278127867406497
253,-0.00409636786303609
254,-0.00534607310135246
255,-0.00581118992462099
256,-0.0054271483661054
257,-0.00556511956134142
258,-0.00800786570038651
259,-0.0128033417525489
260,-0.017606001829926
261,-0.0197330521804662
262,-0.0187535270697923
263,-0.0165744581629067
264,-0.0150782945044445
265,-0.0143055641263976
266,-0.0131094645512173
267,-0.0109276289083329
268,-0.00832795290759505
269,-0.00610702981838787
270,-0.00449069736484143
271,-0.00325320986073683
272,-0.00215473255223044
273,-0.00112076795379518
274,-0.000299068538211798
275,-5.33581058321088E-06
276,-0.000227685540926016
277,-5.6991062300485E-05
278,0.00186610825347556
279,0.00582298403161139
280,0.0101520731949377
281,0.0124984193724418
282,0.0120459949317693
283,0.010160424771391
284,0.0087417273973593
285,0.00831476339829197
286,0.007922042829649
287,0.00652530002418153
288,0.00410392306359112
289,0.00148670770074327
290,-0.000533854530447285
291,-0.00184911380678152
292,-0.00296765316186426
293,-0.00432349881295858
294,-0.0056148324048477
295,-0.00607698622355844
296,-0.0057010950116175
297,-0.00592998115196495
298,-0.00848215239003861
299,-0.0132530225417027
300,-0.0178869549379489
301,-0.019904833274251
302,-0.0190411291461838
303,-0.0170786771007982
304,-0.0156173821683058
305,-0.0146236713542038
306,-0.0131819117292038
307,-0.0109577051773774
308,-0.00846826938447866
309,-0.00630685154365568
310,-0.00464865842025287
311,-0.00340262677696058
312,-0.00239853229424235
313,-0.00143489571590609
314,-0.000518392697168787
315,-2.30546709263364E-05
316,-0.00013280119352041
317,-3.2189865425264E-05
318,0.00174202739663253
319,0.00563460495894813
320,0.0100383320345552
321,0.0125259822599171
322,0.0121773748485252
323,0.0103012018067021
324,0.00880614872088929
325,0.00827650940434205
326,0.00782965142232892
327,0.00646227181711315
328,0.00411386645304784
329,0.00153542227406779
330,-0.000508623327242694
331,-0.00184860575191847
332,-0.00291496478833417
333,-0.00415638245157236
334,-0.00537706419564123
335,-0.00587225885468075
336,-0.00554560281101634
337,-0.00570243021093355
338,-0.00807156661371667
339,-0.0127308822629969
340,-0.0174594083445339
341,-0.0196808633034418
342,-0.0189196693782701
343,-0.016911887309993
344,-0.015422787490208
345,-0.0145468479047754
346,-0.0132705636303086
347,-0.0110789790670508
348,-0.00848349953885726
349,-0.00623964258281488
350,-0.00460416272915938
351,-0.00337493137450418
352,-0.00226090430714814
353,-0.00112326459124008
354,-0.000134838825661448
355,0.000280640508354426
356,4.7379958961753E-05
357,7.68591923519933E-05
358,0.00180297383591311
359,0.00560311347697157
360,0.00989425745373389
361,0.012345777486712
362,0.0120850829021332
363,0.0103661414788691
364,0.00900604708022046
365,0.00854358808607912
366,0.0081103524943652
367,0.00673509290102148
368,0.00436776152108055
369,0.0017459719880633
370,-0.000372920856717317
371,-0.00179487045145372
372,-0.0029118652291108
373,-0.00415958425052864
374,-0.00535920309548062
375,-0.00581744634335337
376,-0.00543541251279013
377,-0.00554210708405059
378,-0.00792406403784214
379,-0.0126761448838397
380,-0.0174947117040733
381,-0.0196922085616888
382,-0.0187854021484084
383,-0.0166222286223598
384,-0.0150763993589151
385,-0.0142515164115365
386,-0.0130775091635599
387,-0.0109878186056103
388,-0.00845477876966563
389,-0.00619908009791117
390,-0.00448555473538568
391,-0.00317953599999235
392,-0.00204384643704531
393,-0.000917680929994018
394,6.25225068879693E-05
395,0.000437565717040885
396,8.283427678294E-05
397,-1.73279401203879E-05
398,0.0017298686105782
399,0.00573251642739786
400,0.0102220814130905
401,0.0126720415221494
402,0.0122410894628726
403,0.0103846869903621
404,0.00902779591994384
405,0.00861959493883277
406,0.00816860129571684
407,0.00671173748444314
408,0.0042894299691116
409,0.00166879066246858
410,-0.000443600940597148
411,-0.00188620453533243
412,-0.00301600806788003
413,-0.00422477648907385
414,-0.00534810599033242
415,-0.00575679888090861
416,-0.00540171939217095
417,-0.00559566716919179
418,-0.00804975979851159
419,-0.0127942991856655
420,-0.0175463442386722
421,-0.0197131236057368
422,-0.0188757745610273
423,-0.0168393066549392
424,-0.01537782414134
425,-0.0145460877037772
426,-0.0132978946230323
427,-0.0111027852070375
428,-0.00846117859866784
429,-0.00615334951558135
430,-0.00451571804648027
431,-0.00339436142458936
432,-0.00241338246198526
433,-0.00128847081897461
434,-0.000184085825689951
435,0.000316430083361422
436,3.1179639959382E-05
437,-1.66788733099129E-05
438,0.00177854643345334
439,0.00576549325614155
440,0.010163824335082
441,0.0125579108383526
442,0.012203650092075
443,0.0104742930671237
444,0.0091152810701507
445,0.00854887879825911
446,0.00797377943729745
447,0.00659652229763587
448,0.00438167993659904
449,0.00186830682297597
450,-0.000331319091266336
451,-0.00191437511437415
452,-0.00305553351867771
453,-0.00414425444276686
454,-0.00517197786085521
455,-0.00562075279753234
456,-0.00539158319837246
457,-0.00567528914429162
458,-0.00814071325696031
459,-0.0128759570853681
460,-0.0176429753620968
461,-0.01980425698309
462,-0.0188745450438532
463,-0.016684019885866
464,-0.0151148573715724
465,-0.0142884138074511
466,-0.0131192357321745
467,-0.0110094193355718
468,-0.00844624325989509
469,-0.00620887860448763
470,-0.00457574920048544
471,-0.00334141337966771
472,-0.00220196150305689
473,-0.00102175476670824
474,1.20256646302125E-06
475,0.000415408008329622
476,0.000143664874459958
477,0.000133169144423852
478,0.00185643467361071
479,0.00567950284910074
480,0.00995441139099858
481,0.0123066494756995
482,0.0119144442895209
483,0.0101429957297859
484,0.0088538233219285
485,0.00849969699199756
486,0.00809546840632899
487,0.0066684612263241
488,0.00427677257581155
489,0.00171646891068495
490,-0.000333548898912623
491,-0.00177474684259404
492,-0.00295560056840508
493,-0.0041800061429266
494,-0.00525225029633387
495,-0.00563033896804449
496,-0.00533164448221906
497,-0.00558508381181094
498,-0.00797530390186224
499,-0.0125625288554891
500,-0.0172255268748623
501,-0.019441899941911
502,-0.018686546165409
503,-0.0166530001436006
504,-0.0151498650498375
505,-0.0143279373041654
506,-0.0131502216012064
507,-0.0110297683260268
508,-0.00844900687399373
509,-0.00619042388637334
510,-0.00453824857007503
511,-0.0033024339914542
512,-0.00221433405514126
513,-0.00115152586807634
514,-0.000246259703051794
515,0.000157228357782669
516,3.92605233938119E-06
517,0.00013079405686126
518,0.00189774102377497
519,0.00570924945917657
520,0.0100630954676565
521,0.0126271338566704
522,0.0124174924470191
523,0.0105996867669837
524,0.00904536179580505
525,0.00844130281978191
526,0.00800634296395546
527,0.00671908687461521
528,0.00441460043009205
529,0.00176960402065922
530,-0.00042124573043821
531,-0.00188079645219799
532,-0.00295816767382162
533,-0.00413179050039178
534,-0.00531224439195873
535,-0.00584226073265638
536,-0.00554535695817051
537,-0.00562912350625137
538,-0.00786147121698038
539,-0.0124695792509822
540,-0.0173010172817563
541,-0.0196732806953884
542,-0.0189684605739255
543,-0.0169213330532713
544,-0.0154132586286776
545,-0.0146013655164848
546,-0.013409459653218
547,-0.0112344842379833
548,-0.00858038578444225
549,-0.00625629969064005
550,-0.00455682416945477
551,-0.00328373124026207
552,-0.00214764441381367
553,-0.00102047328891611
554,-7.94658611768086E-05
555,0.000259184748071828
556,-6.27441982670916E-05
557,-9.63168933102057E-05
558,0.0016407257414806
559,0.00553609697529785
560,0.0099447081506441
561,0.0124480150174605
562,0.0121448683987194
563,0.0103381948637233
564,0.00890319774240154
565,0.00839304089795792
566,0.0079350819329915
567,0.00657443613642601
568,0.00427540051209628
569,0.00174025659769651
570,-0.00033844895460926
571,-0.00178431660128808
572,-0.00293568058762825
573,-0.00417485653899963
574,-0.0053408382913327
575,-0.00579670815128403
576,-0.00544915266256202
577,-0.00557024612868098
578,-0.00791577473571519
579,-0.0126348992380985
580,-0.0174951889365739
581,-0.019793666050644
582,-0.0189576832785843
583,-0.016786921748329
584,-0.0152010911134213
585,-0.014363992132979
586,-0.0131960607534626
587,-0.0110866049439013
588,-0.00851428882410143
589,-0.00625074523511564
590,-0.00457882107852537
591,-0.00333626966760711
592,-0.00227462247235307
593,-0.00124467022106732
594,-0.000345212746700169
595,5.41389417818563E-05
596,-0.000153105889303871
597,-0.000107470982838633
598,0.00164791169003942
599,0.00555522566017568
600,0.0100158223769796
601,0.0125879338504114
602,0.0123224977379146
603,0.0105172836876907
604,0.0090718662081716
605,0.00853762196184202
606,0.00802135028096701
607,0.00658602892933621
608,0.00425030320084041
609,0.0017331644748052
610,-0.000322296452586904
611,-0.00178139399382818
612,-0.00295334281283397
613,-0.004174525707816
614,-0.00531072785440266
615,-0.0057985230593271
616,-0.00554733365047112
617,-0.00573007593553974
618,-0.00802220473497426
619,-0.012626823573661
620,-0.0174506474996021
621,-0.019858796149219
622,-0.0192034558047045
623,-0.0171490160999166
624,-0.0155470258927995
625,-0.0146027796820314
626,-0.0133347009460514
627,-0.0112060951714188
628,-0.00869698103995393
629,-0.00651503632084923
630,-0.00487362592423297
631,-0.00359581551593061
632,-0.00247040301176284
633,-0.00137686477394528
634,-0.000407808573274816
635,5.12790527511395E-05
636,-0.000194284246819937
637,-0.000369050654657651
638,0.00105114941547125
639,0.00473610626668842
640,0.0092662483509673
641,0.012118723541268
642,0.0120656946138037
643,0.0102283143407391
644,0.00862032615201994
645,0.00804277038307215
646,0.00768173835326412
647,0.00643582650585115
648,0.00414748857417312
649,0.00156221602649874
650,-0.000524028428152579
651,-0.00192777971179769
652,-0.0030644785204043
653,-0.00435314490951081
654,-0.00558984272190884
655,-0.00609505904201653
656,-0.00578157606690264
657,-0.00592338415397609
658,-0.00823715895604086
659,-0.012861147009791
660,-0.0176459084184348
661,-0.0199883463581371
662,-0.0192956776621571
663,-0.0172377625554109
664,-0.0156552954533781
665,-0.0147644903611597
666,-0.0135567932597313
667,-0.0113989736346894
668,-0.00873076801498427
669,-0.00639620378744246
670,-0.0047877802848594
671,-0.0036931116415305
672,-0.00266361480126244
673,-0.00146375185987045
674,-0.000362925890998559
675,5.81907440229554E-05
676,-0.000279994248992646
677,-0.000320300134051581
678,0.00145889138732564
679,0.00535461512897175
680,0.00966591530886309
681,0.0120665313269207
682,0.0117700804806716
683,0.0100493892720987
684,0.00865572058677214
685,0.00810880828533712
686,0.00762636773527031
687,0.00631465049297029
688,0.00407688804670137
689,0.00153254234699945
690,-0.000604034323193796
691,-0.00206557162823331
692,-0.00316433965997804
693,-0.00436022640015019
694,-0.00557514412718871
695,-0.00616069932333783
696,-0.00592581831137974
697,-0.00604859176287889
698,-0.00828047177921158
699,-0.0128721255283612
700,-0.0177224884504951
701,-0.0201674095605998
702,-0.019529175280237
703,-0.0174534447279523
704,-0.0158098212262897
705,-0.0148518856144448
706,-0.0136089041255912
707,-0.0114816929227048
708,-0.00889667498497037
709,-0.00662105477480639
710,-0.00499183486188505
711,-0.00385049003921671
712,-0.00284518403226874
713,-0.00172112647601274
714,-0.000609646412105489
715,-3.55072394649761E-05
716,-0.000224246893972733
717,-0.000294033290222085
718,0.00131682643609465
719,0.0051208673709282
720,0.00952801825642065
721,0.0120902161133787
722,0.0118566197188141
723,0.0101086512962443
724,0.00872983730284607
725,0.0082928777445203
726,0.00792956295463325
727,0.00664228320005839
728,0.00431301300310516
729,0.00160938382802961
730,-0.000675159690117233
731,-0.00218060009686261
732,-0.00316802926660554
733,-0.00416272687676292
734,-0.00523372299766487
735,-0.00580574757330161
736,-0.005601039925043
737,-0.0056687614155841
738,-0.0077633164735571
739,-0.0122669241158079
740,-0.01716480610257
741,-0.0197226329495661
742,-0.0191255043959801
743,-0.0169783182254116
744,-0.0152417541249181
745,-0.0142755435795444
746,-0.0131150930396599
747,-0.011080158269875
748,-0.00852866820400485
749,-0.00623187547590873
750,-0.00457236444988763
751,-0.00342456278198792
752,-0.00245016876445814
753,-0.00140727215820893
754,-0.000423031998278325
755,3.08427517944902E-05
756,-0.000192153937257886
757,-0.000177771840167644
758,0.00159221346693577
759,0.00556293870017121
760,0.0101055673390123
761,0.0127501097860598
762,0.0125165496067692
763,0.0106804623194748
764,0.00917529212448035
765,0.00863715940874908
766,0.0082081501495683
767,0.00686879680348628
768,0.00452628408586325
769,0.00191061701937902
770,-0.000198833964746002
771,-0.00157606328367634
772,-0.00260812107011632
773,-0.00379398334275618
774,-0.00506037643612118
775,-0.00574116975803536
776,-0.00559429365225864
777,-0.00573749229950155
778,-0.0079195276853319
779,-0.0124640880680471
780,-0.017338835456344
781,-0.0198598308303805
782,-0.0192643911927283
783,-0.0171502697997633
784,-0.0154290562893811
785,-0.0144368033072442
786,-0.0132442128421766
787,-0.0112223718282782
788,-0.00872274540813728
789,-0.00644111621004838
790,-0.00469731707098381
791,-0.00340155864559537
792,-0.00232554145901088
793,-0.00129368238984058
794,-0.000388361940395449
795,8.65416800111267E-06
796,-0.000224543783811465
797,-0.000229863409561414
798,0.00145998284663508
799,0.00531261373118843
800,0.00976683371292209
801,0.0123870915843498
802,0.0121608560695816
803,0.0103047380998612
804,0.00873626265121456
805,0.00814129566679469
806,0.00772570505553468
807,0.00647134918637968
808,0.0042131061875112
809,0.00161201733748145
810,-0.00054419588185586
811,-0.00196361349572014
812,-0.00299398541695314
813,-0.00415330166249257
814,-0.00539398900425276
815,-0.00603674224211318
816,-0.00581695145853385
817,-0.00586927374267405
818,-0.00798437863747257
819,-0.0124991575358898
820,-0.0173572110548517
821,-0.0198601032342998
822,-0.019268168029685
823,-0.0172061312922794
824,-0.0155703446912884
825,-0.0146409383927075
826,-0.0134412349001225
827,-0.0113493543373637
828,-0.00878169119617231
829,-0.00650806251414684
830,-0.00486209212801465
831,-0.00367981509118005
832,-0.00262664520740707
833,-0.00148804205635998
834,-0.000417484402654368
835,8.19331056355113E-05
836,-0.000182526461045517
837,-0.000328360813143972
838,0.00119875342367715
839,0.00495737997923116
840,0.00944109770002465
841,0.0122141129502668
842,0.0122036257134887
843,0.0105270442988638
844,0.00901966039462906
845,0.00836622284888684
846,0.00786555003955974
847,0.00661207754782502
848,0.00445839896516073
849,0.00195238203891424
850,-0.000247514994453203
851,-0.0018324696790323
852,-0.0029777761093969
853,-0.00406739228133355
854,-0.00513188600459515
855,-0.00569677992463791
856,-0.0055684453337037
857,-0.0057248532323268
858,-0.00778811909566465
859,-0.0121541175101604
860,-0.0169769207533334
861,-0.0196227106598257
862,-0.0191705378915978
863,-0.0170655102980048
864,-0.0152754338721881
865,-0.0143066648801275
866,-0.0132629266186736
867,-0.0113716872310683
868,-0.00888569744505995
869,-0.00658375149265863
870,-0.00489539479186056
871,-0.00367165727952611
872,-0.00253526096955273
873,-0.00130784669776977
874,-0.000243649254277416
875,0.000149409803847762
876,-0.000197524797081914
877,-0.000323267185732279
878,0.00124039696330515
879,0.00492798504944558
880,0.00925812197524303
881,0.0119422298679774
882,0.0119888024644105
883,0.0104560685533703
884,0.0090828993017735
885,0.00850964166725734
886,0.00801476187584317
887,0.00667301420564341
888,0.00437749927417034
889,0.00179267555953627
890,-0.000352085229774726
891,-0.00182882801573622
892,-0.00295688672569157
893,-0.00414128196832311
894,-0.00528587414543415
895,-0.00581510966263016
896,-0.00559328038620816
897,-0.00573539826740279
898,-0.00790423458824799
899,-0.0123947971014888
900,-0.0172451657276131
901,-0.0198244239764563
902,-0.0193233841318147
903,-0.0172750572725413
904,-0.0156082175295871
905,-0.0147032140729415
906,-0.0135879902947285
907,-0.0115391757351428
908,-0.00891749399631396
909,-0.00655865853163839
910,-0.0048795457578955
911,-0.00370332057253241
912,-0.00262768715794473
913,-0.00143189773909546
914,-0.00033982715107891
915,0.000102283599449719
916,-0.000238009173078603
917,-0.000370076205082304
918,0.00128616966609753
919,0.00517701370062157
920,0.00964790802915199
921,0.0122507548271265
922,0.0120799223375347
923,0.0104307014860082
924,0.00912012782529503
925,0.00863032408063372
926,0.00810703612917564
927,0.00670822319114726
928,0.00446331450640024
929,0.00199219936839329
930,-0.000128627650156136
931,-0.00168537266595893
932,-0.002855361068531
933,-0.00397659393396986
934,-0.00506219519179589
935,-0.00564198203564144
936,-0.00551705657430311
937,-0.00566704033767498
938,-0.00773442961584854
939,-0.0121139325163761
940,-0.0169267909675399
941,-0.0195486310072049
942,-0.0191434566827663
943,-0.0171976193483912
944,-0.0155566773733476
945,-0.0145472098687551
946,-0.013275376661187
947,-0.0111827223567475
948,-0.00869055674395017
949,-0.00650691765814043
950,-0.00489290564889074
951,-0.00368161216205151
952,-0.00260445432558151
953,-0.00148697646784305
954,-0.000440981264987516
955,8.15086120055066E-05
956,-0.000147374097059471
957,-0.000327597028990117
958,0.00109695990108812
959,0.00479482344938062
960,0.00933669208345526
961,0.0122192415809546
962,0.0122447004466804
963,0.0105182831362167
964,0.00898215286378765
965,0.00837914784627078
966,0.00792214675193935
967,0.00659475374683429
968,0.00427682118242205
969,0.00165562587854163
970,-0.000535724893028252
971,-0.00206030100228718
972,-0.00319989052233981
973,-0.00433937578132747
974,-0.0054160620967058
975,-0.00589472900358995
976,-0.00562927011594037
977,-0.00570323727631385
978,-0.00779765360868847
979,-0.0122664226841272
980,-0.0171612492264609
981,-0.0197866748853348
982,-0.0192692150632908
983,-0.0171624745083107
984,-0.0154765844365686
985,-0.0146363582746982
986,-0.0136340264268575
987,-0.0116826842345908
988,-0.00911335949718396
989,-0.00676216920159354
990,-0.00504569433080479
991,-0.00380080031628356
992,-0.00268139691023943
993,-0.0015191585269223
994,-0.000497669921532066
995,-5.07568904048262E-05
996,-0.000285345280006941
997,-0.000354677788759098
998,0.00117470870461346
999,0.00482963248190263
1000,0.00920788473317903
1001,0.0119595274503206
1002,0.0119646030665411
1003,0.010256935539252
1004,0.00869249379148198
1005,0.00803917338559764
1006,0.00759389560552553
1007,0.00635766645317683
1008,0.00414821338227671
1009,0.00160449262839939
1010,-0.000527958509898564
1011,-0.00199635101109425
1012,-0.00312158256530095
1013,-0.00434392261954432
1014,-0.00558496741981877
1015,-0.00620594599644047
1016,-0.00596070039806928
1017,-0.00593935644218229
1018,-0.00793309179513774
1019,-0.012394964837931
1020,-0.0173631181305109
1021,-0.0200411042613779
1022,-0.0194849528543175
1023,-0.0172732076825431
1024,-0.0154815568361118
1025,-0.0145558921529956
1026,-0.0134632456010194
1027,-0.0114082421663755
1028,-0.0087544674953594
1029,-0.00636764368553554
1030,-0.00465318524752782
1031,-0.00341239225573054
1032,-0.00227638099558101
1033,-0.00108180609359535
1034,-3.97788459027067E-05
1035,0.000387347138683369
1036,0.000106260391523846
1037,3.86897045554854E-05
1038,0.00168505106965747
1039,0.0055225279830537
1040,0.00999331338152839
1041,0.0126552632047392
1042,0.0124902052530313
1043,0.0107273369953925
1044,0.00928484740922856
1045,0.00879409407052064
1046,0.00838900505305993
1047,0.00705862431235459
1048,0.00473293399533243
1049,0.00213736761702783
1050,1.38586557108477E-05
1051,-0.00141890292689943
1052,-0.00249171544373859
1053,-0.00365182788587004
1054,-0.00485455979443427
1055,-0.00549791251757987
1056,-0.00533231195429367
1057,-0.00540509247682624
1058,-0.00746792285421625
1059,-0.011974032607765
1060,-0.0169961775634546
1061,-0.0197672805802311
1062,-0.0193329081496418
1063,-0.0172336146765834
1064,-0.015520495274564
1065,-0.0146390149375233
1066,-0.0135498482426821
1067,-0.0114431984168361
1068,-0.0087146790462486
1069,-0.00632332439596694
1070,-0.00472716510425576
1071,-0.00364044352283041
1072,-0.00254481207183336
1073,-0.00125478133304148
1074,-0.000123056328565939
1075,0.00027115171893393
1076,-0.000112596697814548
1077,-0.000242208163161416
1078,0.00136580426927478
1079,0.00508982014937267
1080,0.00939833109664192
1081,0.0120199589720614
1082,0.0120155006384388
1083,0.0104577732756954
1084,0.00905888891646018
1085,0.00845967488310867
1086,0.00799106371646716
1087,0.00675810213435602
1088,0.00459337756738374
1089,0.00206414343278389
1090,-0.000118279460636715
1091,-0.00165548556375864
1092,-0.00282654694672294
1093,-0.0040927184615382
1094,-0.00540735893999254
1095,-0.00610294252045007
1096,-0.00586470033118458
1097,-0.00575706240060486
1098,-0.00762504734041455
1099,-0.0120094947401641
1100,-0.016996382807683
1101,-0.0197626525718191
1102,-0.0192947145450061
1103,-0.017130384092169
1104,-0.0153748374317409
1105,-0.0145273997429984
1106,-0.0135471793505178
1107,-0.0115637458097181
1108,-0.0089028210421958
1109,-0.00650921921800131
1110,-0.00490565655166317
1111,-0.00388563623978334
1112,-0.00291317392390563
1113,-0.00166579846659336
1114,-0.000387485181815448
1115,0.000255051319775922
1116,-3.47843436972496E-06
1117,-0.000225913036968098
1118,0.0012385428217683
1119,0.00498201309392606
1120,0.00944199702516204
1121,0.0121222231964389
1122,0.0120003594293456
1123,0.0103402936667688
1124,0.00904438069241759
1125,0.00865775072887474
1126,0.00825254814979893
1127,0.00686098319082873
1128,0.00450466633511564
1129,0.00192944526363022
1130,-0.000186513538675284
1131,-0.00166285720388755
1132,-0.00277872001994411
1133,-0.00391661700791228
1134,-0.00504928745377038
1135,-0.00563468489533848
1136,-0.00541514463910556
1137,-0.00536367650916065
1138,-0.00721767610985254
1139,-0.0115363679407912
1140,-0.0165063265036022
1141,-0.0193412077907526
1142,-0.0189568847029671
1143,-0.0168074620263989
1144,-0.014988943080791
1145,-0.0140532693985808
1146,-0.0130047240251693
1147,-0.0109721447143819
1148,-0.00824921469362853
1149,-0.00575609772837513
1150,-0.00403169636900877
1151,-0.00293197144071506
1152,-0.00199001549244438
1153,-0.000891323362628496
1154,0.000205310281193636
1155,0.000750265135580061
1156,0.00051210511621757
1157,0.000342396166558271
1158,0.00180014290735616
1159,0.00552076815730852
1160,0.0100863605871675
1161,0.013034532371204
1162,0.0131444964195649
1163,0.0114309105377527
1164,0.00980035426983295
1165,0.00909183714146166
1166,0.00864868101738828
1167,0.00746488050274244
1168,0.0052994392363093
1169,0.00272888209883869
1170,0.000495493735464264
1171,-0.00108152515437432
1172,-0.00225161492516026
1173,-0.00345721911992066
1174,-0.00470202854839582
1175,-0.00542455516236005
1176,-0.00535193911455406
1177,-0.00544188706756217
1178,-0.00737566970345324
1179,-0.0116656631408861
1180,-0.016563618653387
1181,-0.0194297373801258
1182,-0.0192251680088207
1183,-0.0172534329166454
1184,-0.0154234326221561
1185,-0.0142921369517942
1186,-0.013059981652606
1187,-0.0110109223319631
1188,-0.00839341011184824
1189,-0.00598078680903587
1190,-0.00425539955237054
1191,-0.00313519350616561
1192,-0.00220434213786338
1193,-0.00111799262611782
1194,-9.3340165222929E-07
1195,0.000558979638425552
1196,0.00027986389727712
1197,4.82088033785733E-05
1198,0.00150609821168134
1199,0.00528519283883636
1200,0.00985321620719568
1201,0.0126752820005206
1202,0.0126240540262657
1203,0.0108765112067891
1204,0.00936786607498913
1205,0.00879540972417117
1206,0.0083704673902184
1207,0.00711381603486952
1208,0.00490037965265634
1209,0.00234641165727123
1210,0.000133740954911432
1211,-0.00145859890501946
1212,-0.00263929802100421
1213,-0.00381031453411549
1214,-0.00500956325578959
1215,-0.00572878378686313
1216,-0.00568092434707435
1217,-0.0057713919283231
1218,-0.00768342288950643
1219,-0.0119791925736338
1220,-0.016909039502189
1221,-0.0197602367083442
1222,-0.0194602688512256
1223,-0.0173914782764248
1224,-0.015564610453993
1225,-0.0145379697716637
1226,-0.0134351990630556
1227,-0.0114999128989378
1228,-0.00898841206771181
1229,-0.00663688517584265
1230,-0.00484411084185798
1231,-0.00353739505815225
1232,-0.00246046792992163
1233,-0.00141036629285483
1234,-0.000453244596881626
1235,3.71071283530548E-06
1236,-0.000259217236401461
1237,-0.000464729356091036
1238,0.000951283376687786
1239,0.00470545646290897
1240,0.0093641513177196
1241,0.0123201163681449
1242,0.0122922694326446
1243,0.0104575991410493
1244,0.00890706268310553
1245,0.00840357678943994
1246,0.00802501549256138
1247,0.0066725126747476
1248,0.00432457416577176
1249,0.00179450065988425
1250,-0.000231980609050326
1251,-0.00167842678871949
1252,-0.00287953579232696
1253,-0.00412438723922383
1254,-0.0052771636403627
1255,-0.00583411800893272
1256,-0.00565570568690881
1257,-0.00572640775474738
1258,-0.00767646154931357
1259,-0.0120109596142672
1260,-0.0169907210704972
1261,-0.0198965700759781
1262,-0.0195843279402002
1263,-0.0174100977661577
1264,-0.0154944463857686
1265,-0.014520838508376
1266,-0.0135651763070206
1267,-0.0116847233238009
1268,-0.00905403776188388
1269,-0.00654985949468233
1270,-0.00475178398186476
1271,-0.00357368973439404
1272,-0.00258437302968659
1273,-0.00148069081601537
1274,-0.000405010619117327
1275,0.000130497679523938
1276,-8.51324925907059E-05
1277,-0.000227260238325692
1278,0.00121622193040786
1279,0.00486906177330495
1280,0.00934722822863327
1281,0.0122318391730526
1282,0.0123312960301438
1283,0.0106762511196491
1284,0.00916512051575156
1285,0.0085779392692392
1286,0.0081698423259607
1287,0.00690033895158758
1288,0.00460285737557553
1289,0.00197430390567099
1290,-0.000201410978768631
1291,-0.00167827547622359
1292,-0.00279223729270085
1293,-0.00397244333865992
1294,-0.00513088230766722
1295,-0.00566695926112056
1296,-0.00539371080950578
1297,-0.0053966308958281
1298,-0.00738688726548741
1299,-0.0117790092775743
1300,-0.0167072927955783
1301,-0.0195057772791327
1302,-0.0191983673778289
1303,-0.017158627730273
1304,-0.0153215828798704
1305,-0.0142426252629414
1306,-0.0131164781562208
1307,-0.0112036041473831
1308,-0.00869368348536339
1309,-0.00629384274223132
1310,-0.00447365942157363
1311,-0.0032206445283257
1312,-0.00222176930818757
1313,-0.00117253619984298
1314,-0.000126450213921293
1315,0.000443812836310494
1316,0.000282406543832619
1317,0.000163446648496246
1318,0.00159551300756514
1319,0.00522036626206309
1320,0.00966519696677237
1321,0.0125279752186794
1322,0.0126402492068424
1323,0.0110286180331517
1324,0.00955094590231578
1325,0.0089661221575895
1326,0.00857237905517958
1327,0.00738171919716482
1328,0.00518452514997209
1329,0.00254435230368227
1330,0.000178873543630045
1331,-0.00154045420273111
1332,-0.00274064220038224
1333,-0.00381092310193091
1334,-0.00486228224013877
1335,-0.00548545730446711
1336,-0.00541128865749854
1337,-0.00545819345058894
1338,-0.00724217527819293
1339,-0.0114023934999521
1340,-0.0163372228547341
1341,-0.0193462951306653
1342,-0.019183991015951
1343,-0.0170834996713633
1344,-0.0151286418356487
1345,-0.0140746200866027
1346,-0.0130927956892616
1347,-0.0112553855415637
1348,-0.00866420595017762
1349,-0.00613693883306589
1350,-0.00429055674660165
1351,-0.00312113015438722
1352,-0.00219445700866029
1353,-0.00109421611277239
1354,0.000114895681337062
1355,0.000823955326039233
1356,0.000631485979885707
1357,0.000312300224885823
1358,0.00155317524875179
1359,0.00517547438929028
1360,0.00978299438313152
1361,0.0127808028949386
1362,0.0128816928535194
1363,0.0111868406913794
1364,0.00965937623371998
1365,0.00901343666182999
1366,0.00844419425768507
1367,0.00701847794236771
1368,0.00472332414131088
1369,0.00220815774827387
1370,4.46876462627956E-05
1371,-0.00158586605251577
1372,-0.00282225861510569
1373,-0.00392318173400221
1374,-0.00492628136463778
1375,-0.00547469275050628
1376,-0.00536756530345511
1377,-0.00541959591623401
1378,-0.00721043234379539
1379,-0.0113743410091188
1380,-0.0163313284835049
1381,-0.0193950348325722
1382,-0.0193140644491883
1383,-0.0172919409923849
1384,-0.0153608348079836
1385,-0.0142458868048731
1386,-0.013164004069945
1387,-0.0112773728975014
1388,-0.00871817479447977
1389,-0.00624419641104196
1390,-0.0044242875203925
1391,-0.00329980890025041
1392,-0.00249704081768528
1393,-0.00154870022442414
1394,-0.000389742610515869
1395,0.000413046595933318
1396,0.000349514801320466
1397,7.11403224224225E-05
1398,0.00127615963523034
1399,0.00489863490232519
1400,0.0096022963545956
1401,0.0127282472530487
1402,0.0128769808198378
1403,0.0111028523730918
1404,0.00942861353679751
1405,0.00868927569556088
1406,0.00816665749390902
1407,0.00689754465394605
1408,0.00473928090295187
1409,0.00224363855873451
1410,2.75829758525957E-05
1411,-0.001600550303688
1412,-0.00274224284005627
1413,-0.00376036836679175
1414,-0.00479056093956585
1415,-0.00542655593796023
1416,-0.00534326840960712
1417,-0.005341141934388
1418,-0.00712390276407575
1419,-0.0114126418865936
1420,-0.0165414038912851
1421,-0.0196587725360443
1422,-0.0194706684817864
1423,-0.0173119155580808
1424,-0.0153689227530496
1425,-0.0143823828138367
1426,-0.0134513100453872
1427,-0.0116282007404642
1428,-0.00904578576193964
1429,-0.00653049806245616
1430,-0.00467251168963667
1431,-0.00345722005946356
1432,-0.0024822878636691
1433,-0.00137416373830005
1434,-0.000207590016736861
1435,0.000444979682172915
1436,0.000236583198699665
1437,-4.60538924884793E-05
1438,0.00122127931677779
1439,0.00478889039084108
1440,0.00928974142027892
1441,0.0122484044789052
1442,0.0124302257589383
1443,0.0108315991166389
1444,0.00929300542633453
1445,0.00858128706782438
1446,0.0080662440144961
1447,0.00685819625220763
1448,0.00476979166839937
1449,0.00227953386372701
1450,9.18527618476433E-06
1451,-0.00168213423033545
1452,-0.00287845979976623
1453,-0.00395293636548605
1454,-0.00503564857404085
1455,-0.00571346548698648
1456,-0.00567501417355688
1457,-0.00570345294872233
1458,-0.00741642594078395
1459,-0.011483692954963
1460,-0.01635980349478
1461,-0.0194162685575112
1462,-0.0194252467730984
1463,-0.0175119573613736
1464,-0.0155911237448714
1465,-0.0143711614747948
1466,-0.0131791074371592
1467,-0.011287557248007
1468,-0.00882925022605721
1469,-0.00647629224200877
1470,-0.00471042042504264
1471,-0.00352927351874049
1472,-0.00257288605455317
1473,-0.00145465325717462
1474,-0.000218434400208873
1475,0.000527536789571874
1476,0.000342634977507683
1477,-2.51995813737538E-05
1478,0.00113733372911875
1479,0.00471217337413183
1480,0.00934619057849598
1481,0.0124319026228354
1482,0.0126199639192502
1483,0.0109598677423451
1484,0.00943764514663025
1485,0.00884491846617121
1486,0.00840507025849145
1487,0.00710938050408899
1488,0.00485599534352231
1489,0.0023116714477572
1490,0.00014083014257838
1491,-0.00145326558985616
1492,-0.00269812401745691
1493,-0.00391442967155421
1494,-0.00505996573425143
1495,-0.00564004573896871
1496,-0.00543027100862255
1497,-0.00536159391768391
1498,-0.00712944483918444
1499,-0.0113709940777277
1500,-0.0164281408671515
1501,-0.019549656776391
1502,-0.0194786421374308
1503,-0.0174593751012176
1504,-0.0155691560360902
1505,-0.0145273773348169
1506,-0.0134781003340242
1507,-0.0115231685091212
1508,-0.00884628710445159
1509,-0.0063266747625792
1510,-0.00455270468199151
1511,-0.0034253164474472
1512,-0.00245405152424268
1513,-0.0012655177468355
1514,-1.5403343761124E-06
1515,0.000717663772731199
1516,0.000534208241979475
1517,0.00022116360774779
1518,0.00140097917498176
1519,0.00488315572981108
1520,0.00937680885089171
1521,0.0123862101079268
1522,0.0125665381563578
1523,0.0108778116318965
1524,0.00928407681186666
1525,0.00868098028262461
1526,0.00837170991995576
1527,0.00725437903483764
1528,0.00503940744834975
1529,0.00233827445177019
1530,-2.45390384952988E-05
1531,-0.00165042754303759
1532,-0.00276285814198235
1533,-0.00386258510404207
1534,-0.00504497042944024
1535,-0.00575426913832695
1536,-0.00561081227529214
1537,-0.00550686289000142
1538,-0.00724778951837709
1539,-0.0115561564306476
1540,-0.0167119005934132
1541,-0.0198482990182064
1542,-0.0196966186186568
1543,-0.0175872622085573
1544,-0.0156548980091477
1545,-0.0146121598591235
1546,-0.0136139635589735
1547,-0.0117979749008563
1548,-0.00929429884439493
1549,-0.00681771405013508
1550,-0.0048717423412651
1551,-0.00350927281613312
1552,-0.00248176685365966
1553,-0.00145622430806646
1554,-0.000380008341604938
1555,0.000283489418558583
1556,0.000115471770807174
1557,-0.000227196801104275
1558,0.000931947439321162
1559,0.00454565510830942
1560,0.00929104604895285
1561,0.0124491211095916
1562,0.0125547039876989
1563,0.010726157922573
1564,0.00914152138892341
1565,0.00865330609435352
1566,0.00832386121027898
1567,0.00697610804048433
1568,0.00456182504631546
1569,0.00195404566324615
1570,-9.23311372687318E-05
1571,-0.00150730447700239
1572,-0.00269550971294128
1573,-0.0039868483057113
1574,-0.00520197345619755
1575,-0.00575477500219346
1576,-0.00547096440867022
1577,-0.00537492949452013
1578,-0.0071730235156961
1579,-0.0114453042780523
1580,-0.0165107347952911
1581,-0.0196539182894145
1582,-0.0196312072635289
1583,-0.0176277851157358
1584,-0.0156631407006422
1585,-0.0145017407563768
1586,-0.0134120955054908
1587,-0.0115586330126649
1588,-0.00904134359209174
1589,-0.0065957022953676
1590,-0.004765535860877
1591,-0.00354893859229148
1592,-0.00257651178435207
1593,-0.00149210613078068
1594,-0.000355739654240491
1595,0.000288699408233231
1596,9.04474008698509E-05
1597,-0.000203729917284149
1598,0.00102612171320499
1599,0.00460461021205772
1600,0.0092275405542661
1601,0.0123513910597997
1602,0.0125943960783428
1603,0.0109176650688481
1604,0.0092966002752624
1605,0.00861905768833167
1606,0.00818992414473485
1607,0.00696327461620131
1608,0.0047326579481092
1609,0.00212874603646899
1610,-0.000105200949027254
1611,-0.00166875632338122
1612,-0.00279778630104608
1613,-0.00393282609532504
1614,-0.00513585802886422
1615,-0.00587426657186152
1616,-0.00576643035311818
1617,-0.00563199610785702
1618,-0.00722713031628952
1619,-0.0113537747453734
1620,-0.0164349816707574
1621,-0.0196371797541544
1622,-0.0195741685833589
1623,-0.017465889142587
1624,-0.0154755430719843
1625,-0.0144075950929805
1626,-0.0134222857786585
1627,-0.0115885102568789
1628,-0.00903665019997987
1629,-0.00658058060848867
1630,-0.00477207252668702
1631,-0.00356107722519273
1632,-0.002560169233321
1633,-0.00143197209181341
1634,-0.000235970113619248
1635,0.000497824765796782
1636,0.000381579612828282
1637,7.86618214268674E-05
1638,0.00117764413135063
1639,0.00458471478281799
1640,0.00912396111603297
1641,0.0123085975919362
1642,0.012697137516423
1643,0.0111300730738676
1644,0.00950074475294634
1645,0.00872930918260705
1646,0.00825217349094052
1647,0.0071275203821858
1648,0.00509326243853194
1649,0.00259573662182775
1650,0.000264396370372001
1651,-0.00150687523211769
1652,-0.00275948237046087
1653,-0.00386340090807307
1654,-0.00499230995103636
1655,-0.00574447447264738
1656,-0.00573514979068626
1657,-0.00568930145592209
1658,-0.00731865451369469
1659,-0.0114698911702305
1660,-0.0166114235507857
1661,-0.0198829537827763
1662,-0.0198335792356509
1663,-0.0176621419198223
1664,-0.0155828952065125
1665,-0.0144759657890657
1666,-0.0135253425557453
1667,-0.011739855560862
1668,-0.00915997212252559
1669,-0.00657977771445843
1670,-0.0046388148681034
1671,-0.00339870668374645
1672,-0.00248956185082374
1673,-0.00148858786995241
1674,-0.000378362172162089
1675,0.000291841596082074
1676,6.95512084674011E-05
1677,-0.000373780677429593
1678,0.000653868656708789
1679,0.00414130891530171
1680,0.00885757585635577
1681,0.0121603833873671
1682,0.0125185894718291
1683,0.0108539348947391
1684,0.00921787307523736
1685,0.00857083565769642
1686,0.00821673130251647
1687,0.00707233882154714
1688,0.00490810559183965
1689,0.00233738233951598
1690,7.80174243225985E-05
1691,-0.00157085544365209
1692,-0.00279191014978738
1693,-0.00395861756186748
1694,-0.00512398745795325
1695,-0.0058126309070343
1696,-0.00569972088604722
1697,-0.00560908909378318
1698,-0.0072681290109956
1699,-0.0114626621943122
1700,-0.0166155481562726
1701,-0.0198771016618271
1702,-0.0198260036195943
1703,-0.0176746601335359
1704,-0.0156412755114603
1705,-0.014608724072307
1706,-0.0137486463014333
1707,-0.0120386718991302
1708,-0.00949947627047048
1709,-0.00693918882226393
1710,-0.00501740552036243
1711,-0.0037762400739568
1712,-0.00279833460370913
1713,-0.00165722486531056
1714,-0.000409880589114968
1715,0.000319598153663869
1716,0.00010948942808033
1717,-0.000258685561337024
1718,0.00093377842608368
1719,0.00453247749667373
1720,0.00914251904934919
1721,0.0121654859017582
1722,0.012319076005871
1723,0.0107067715324031
1724,0.0092836255858258
1725,0.00875682435854093
1726,0.00831666304831444
1727,0.00700990948721836
1728,0.00479787268527438
1729,0.00233887795353983
1730,0.000245681961130959
1731,-0.00130350851441739
1732,-0.00253615910225548
1733,-0.00379236345273174
1734,-0.00504891128828646
1735,-0.00576536297081157
1736,-0.00562206754232004
1737,-0.00550751745746241
1738,-0.00717464097810957
1739,-0.0113470833844389
1740,-0.01640716268268
1741,-0.0196078382132086
1742,-0.0196783791668318
1743,-0.0177906527001635
1744,-0.015900218500583
1745,-0.0147043144229611
1746,-0.0135292241097437
1747,-0.0116895506429906
1748,-0.00931157233344098
1749,-0.0069539826463884
1750,-0.00501419248866936
1751,-0.00360751682218384
1752,-0.0026035735364219
1753,-0.00166210313138671
1754,-0.000603436095857388
1755,0.000164458308668609
1756,9.84064206700189E-05
1757,-0.000306389938360762
1758,0.00064830149967236
1759,0.00412491379716073
1760,0.00896575691557614
1761,0.0123861653004119
1762,0.0127021613268041
1763,0.0108889401056872
1764,0.00917200429840989
1765,0.00855864044411268
1766,0.00822860003643681
1767,0.00701022228458129
1768,0.00475720060543777
1769,0.00220560877763185
1770,4.56882245351335E-05
1771,-0.00156206923020049
1772,-0.0028455314469566
1773,-0.00406865369712761
1774,-0.00519117889753175
1775,-0.00580687583528772
1776,-0.00572092525785556
1777,-0.00574082446214977
1778,-0.00742585316607038
1779,-0.0114705276301117
1780,-0.016440447969015
1781,-0.0197161125624672
1782,-0.019907898268056
1783,-0.0179927176400192
1784,-0.0159331383699162
1785,-0.0146144817265402
1786,-0.0134600701671455
1787,-0.0116732394171466
1788,-0.00925089838038325
1789,-0.00679528111878899
1790,-0.0048368209470349
1791,-0.00350482965690947
1792,-0.00254793608324402
1793,-0.00154967170343897
1794,-0.000395350084463801
1795,0.000411010736687675
1796,0.000324559880483163
1797,-0.000108328412817594
1798,0.000804960738106324
1799,0.00418221005480011
1800,0.00889832552081841
1801,0.0122875981091036
1802,0.0127231171216402
1803,0.0110748072816933
1804,0.009410655281443
1805,0.00871765520451264
1806,0.00830644947329356
1807,0.00710667092758609
1808,0.00491266242853333
1809,0.00233236869514709
1810,3.69489364861833E-05
1811,-0.00170351690485009
1812,-0.0030289251604238
1813,-0.00423645820238604
1814,-0.00535913866793068
1815,-0.00597694343512695
1816,-0.00581296975362602
1817,-0.00565942807240998
1818,-0.00718161479235555
1819,-0.0111910658166817
1820,-0.0162457377035593
1821,-0.019604382567041
1822,-0.0197828401754404
1823,-0.017795823567037
1824,-0.0157286175928682
1825,-0.0145325341567839
1826,-0.0135605488997506
1827,-0.0118781403034898
1828,-0.00941791569457271
1829,-0.00685095546489083
1830,-0.00482571631930923
1831,-0.00351714101607215
1832,-0.00262478484248882
1833,-0.00166888605710955
1834,-0.000521834899628665
1835,0.000292596049286589
1836,0.00022046483375691
1837,-0.000186546006169992
1838,0.000764950251685708
1839,0.00418596382017191
1840,0.00893458984783507
1841,0.0123058595798225
1842,0.0126376097542438
1843,0.0108406139947892
1844,0.00910776852070907
1845,0.00850705976187089
1846,0.00826100914730571
1847,0.00711854049147084
1848,0.00482232064761057
1849,0.00213274636335578
1850,-0.000112698332130692
1851,-0.00167307039270686
1852,-0.00286613234115039
1853,-0.00409228584748567
1854,-0.0053188939776938
1855,-0.00602179184941952
1856,-0.00592210833523719
1857,-0.00587536130379995
1858,-0.00754157150987927
1859,-0.011628026526997
1860,-0.0166077426893757
1861,-0.0197960751818742
1862,-0.0198799856902728
1863,-0.0179886416177902
1864,-0.0161249663738394
1865,-0.0150292966060107
1866,-0.0139503762206138
1867,-0.0120859949249633
1868,-0.00957702693113996
1869,-0.00711231701193437
1870,-0.00515253335912164
1871,-0.00374525609293115
1872,-0.00270351144506733
1873,-0.00174226234609218
1874,-0.00074060753072905
1875,-3.82708750822014E-05
1876,-5.74771128431551E-05
1877,-0.000305108978408859
1878,0.000781777127912371
1879,0.00426489567438461
1880,0.00901951677978756
1881,0.0123412303804121
1882,0.0125688549257197
1883,0.010677772051706
1884,0.00895211036089386
1885,0.0084709850131582
1886,0.00836794117795765
1887,0.00729513773337442
1888,0.00497208575797105
1889,0.00220686308979043
1890,-9.09728333291323E-05
1891,-0.00162873999346971
1892,-0.00273423756823135
1893,-0.00388512502797859
1894,-0.00512108743210617
1895,-0.00589392949273869
1896,-0.00581902093683649
1897,-0.0056914589803728
1898,-0.00724292550205108
1899,-0.0113174320108138
1900,-0.0164448350362206
1901,-0.019853695802378
1902,-0.0200731577802262
1903,-0.0181347607252036
1904,-0.0160815747237684
1905,-0.0147942091700109
1906,-0.0136388928198539
1907,-0.0118143929430437
1908,-0.00938105906091236
1909,-0.00697836797998493
1910,-0.00508505377252031
1911,-0.00375292289958269
1912,-0.00272787908691233
1913,-0.00166374183659322
1914,-0.000493137927752787
1915,0.000304123011072075
1916,0.00022008185653802
1917,-0.000208315588623535
1918,0.000691207443139092
1919,0.00406125663581328
1920,0.0088049039820781
1921,0.0122057110322549
1922,0.0125491717719047
1923,0.0107292002421273
1924,0.00897875508997859
1925,0.00840585088755909
1926,0.00822843458958531
1927,0.00716719813618031
1928,0.00494548835068044
1929,0.00230766654521882
1930,6.57048842714793E-05
1931,-0.0015522446581955
1932,-0.0028380514899105
1933,-0.0041423370571419
1934,-0.00539386150552507
1935,-0.00604882723309009
1936,-0.00582333565250267
1937,-0.00560519600087575
1938,-0.00714185313450463
1939,-0.011226246920763
1940,-0.0163146120797936
1941,-0.0195927920004746
1942,-0.0196365478135489
1943,-0.0176132924715815
1944,-0.0156744010446151
1945,-0.0146468689731685
1946,-0.0137107725184982
1947,-0.011935006172614
1948,-0.00942541338137631
1949,-0.00695066864547948
1950,-0.00504762086321379
1951,-0.00374190237122012
1952,-0.00275902460472243
1953,-0.00175548463440168
1954,-0.000629860297204019
1955,0.000197099528338207
1956,0.000204838448979006
1957,-0.000166981959350123
1958,0.00069905752692118
1959,0.00401843906048442
1960,0.00879898328001566
1961,0.0123178943564463
1962,0.0127609340519772
1963,0.0109669588415267
1964,0.00920679956724608
1965,0.00862851294630502
1966,0.00842625579177481
1967,0.00728872522675688
1968,0.00496841636462587
1969,0.00226931207124923
1970,2.50115656824838E-05
1971,-0.00154729563853612
1972,-0.00273900448035821
1973,-0.00390952947597181
1974,-0.00506313768014551
1975,-0.00576074752768005
1976,-0.00571884838159069
1977,-0.00567007262733556
1978,-0.00719734590840396
1979,-0.0111169383489286
1980,-0.016093130080977
1981,-0.0194750506076312
1982,-0.0197642152408054
1983,-0.0178980220803629
1984,-0.0159069415723881
1985,-0.0147343881284478
1986,-0.0137555857358339
1987,-0.0120749720023843
1988,-0.00965046524987815
1989,-0.00711641172528094
1990,-0.00504099526445799
1991,-0.00358327076399733
1992,-0.00255123271002999
1993,-0.00158969365296601
1994,-0.000552449229784075
1995,0.000187334004755703
1996,0.000173415140971495
1997,-0.000113446428835877
1998,0.000885784861991231
1999,0.00426161902722339
2000,0.00897934758284216
2001,0.0124161198854917
2002,0.0128619881773713
2003,0.0111216311299918
2004,0.0093638305369312
2005,0.00873972636141903
2006,0.00854648662940701
2007,0.00749550439474796
2008,0.0052216549898916
2009,0.00244520227612895
2010,8.65472002094655E-05
2011,-0.00151213470531826
2012,-0.00268128561588974
2013,-0.00392570940220425
2014,-0.00525444048445298
2015,-0.00604240220008567
2016,-0.0058804027287657
2017,-0.00562948807781914
2018,-0.00709958658420911
2019,-0.0111417325189382
2020,-0.0162413604254031
2021,-0.0196116289966566
2022,-0.0198198772701004
2023,-0.0179333589268285
2024,-0.0159782669045484
2025,-0.0147907365815715
2026,-0.0137207820822403
2027,-0.0119763962805222
2028,-0.00959397421389513
2029,-0.0071448903474155
2030,-0.00508511924601326
2031,-0.00357092736641752
2032,-0.00250970212814714
2033,-0.00159254661281513
2034,-0.000597372860172789
2035,0.000180345954719065
2036,0.000231400863081678
2037,-8.91124542448762E-05
2038,0.00075895939124689
2039,0.00400379275860367
2040,0.00874381497632616
2041,0.0123205998002338
2042,0.0128659000783456
2043,0.0110908227030612
2044,0.00922134771050859
2045,0.00851664810219249
2046,0.00830863923591376
2047,0.00727507817775603
2048,0.00502932767970941
2049,0.00230089706663366
2050,6.36791814126079E-06
2051,-0.00153543602127076
2052,-0.00265553694570701
2053,-0.00383874793095673
2054,-0.0051131187619571
2055,-0.00591812594570724
2056,-0.00586001088678408
2057,-0.0057013620898438
2058,-0.00713201564930285
2059,-0.0110138245350036
2060,-0.0159797173021173
2061,-0.0193665580439722
2062,-0.0197212346153832
2063,-0.0180025941110715
2064,-0.0161609812925223
2065,-0.0150111793953557
2066,-0.0138890683779247
2067,-0.0120125987101968
2068,-0.00950861028077998
2069,-0.0070659956998605
2070,-0.00513262067517942
2071,-0.00370146707683055
2072,-0.00255188923182355
2073,-0.00146047583997077
2074,-0.000406061953579446
2075,0.000261463119856115
2076,0.000193256354815813
2077,-0.000102011171390653
2078,0.000863937401897912
2079,0.00415746668772787
2080,0.00884026804081949
2081,0.012379444766439
2082,0.0130033876699913
2083,0.0113587916574304
2084,0.00954298510180674
2085,0.00878288313352935
2086,0.00848390429630011
2087,0.00739743154021285
2088,0.00515532959645107
2089,0.00247908706263498
2090,0.000266035820831544
2091,-0.00121181034421148
2092,-0.00233678205296612
2093,-0.00359030627973507
2094,-0.00493977625630489
2095,-0.00577731265773173
2096,-0.00571591720583575
2097,-0.00554212828513799
2098,-0.00695429649431634
2099,-0.0108376360734166
2100,-0.015874237243678
2101,-0.0193998222993221
2102,-0.0198521314356127
2103,-0.0180669703722013
2104,-0.0160174384888575
2105,-0.0146851241932993
2106,-0.0135257939478788
2107,-0.0116953988831587
2108,-0.00918657575462569
2109,-0.00668549504232603
2110,-0.00478006544524723
2111,-0.00354155538603065
2112,-0.00262721594905347
2113,-0.00161803272441158
2114,-0.000462302017205896
2115,0.000317874928101864
2116,0.000212693108962426
2117,-0.000231030061967843
2118,0.000633589179709393
2119,0.00392540717791319
2120,0.0085949079637692
2121,0.0120216925811586
2122,0.0125254023961159
2123,0.0109122307931655
2124,0.00928290210185325
2125,0.00870148980654648
2126,0.00846532071846129
2127,0.00739432412994709
2128,0.00521231637155807
2129,0.00257485104258322
2130,0.000247722637830866
2131,-0.00145513241476097
2132,-0.00268924872604939
2133,-0.00379458355602854
2134,-0.0048677080701557
2135,-0.00554540218595154
2136,-0.00552476353369435
2137,-0.0054748114569576
2138,-0.00696567547111111
2139,-0.0108680699252173
2140,-0.0158937680892722
2141,-0.0193637491453725
2142,-0.0196990378117375
2143,-0.0177918602875894
2144,-0.0157089373140386
2145,-0.0144652475155584
2146,-0.0134707638504276
2147,-0.0118169439322203
2148,-0.00944384657031294
2149,-0.00698221652362252
2150,-0.00498748061142051
2151,-0.00358414314139644
2152,-0.00254874074342007
2153,-0.0015178895704743
2154,-0.00035571546456694
2155,0.000525441435383964
2156,0.000578095325698742
2157,0.000181908570846836
2158,0.00090733509430978
2159,0.00402279901466661
2160,0.00869563293359212
2161,0.0123156477153188
2162,0.0129754041252202
2163,0.0112857818101639
2164,0.00941729354196637
2165,0.00866961806895302
2166,0.00844565180725131
2167,0.00743379293828887
2168,0.00519436128181503
2169,0.00242077320744082
2170,6.98357068156758E-05
2171,-0.00145849055529231
2172,-0.0024701057202713
2173,-0.00353040456726745
2174,-0.00478547229955281
2175,-0.00570380427065919
2176,-0.00579074485059858
2177,-0.0056845997838102
2178,-0.0070626552325271
2179,-0.0108871321127171
2180,-0.015872896916513
2181,-0.0193237180834872
2182,-0.0196900068621238
2183,-0.0178935443357896
2184,-0.0159530456571611
2185,-0.0147850985905075
2186,-0.0137540728488094
2187,-0.0119906008324845
2188,-0.00949144711098549
2189,-0.00691837395385853
2190,-0.00486856894813872
2191,-0.00352703960125102
2192,-0.00266397520096822
2193,-0.00179738794682838
2194,-0.000679302702391376
2195,0.000238303071445536
2196,0.000273815516592376
2197,-0.000214195059813433
2198,0.000488753960293971
2199,0.00375764607066343
2200,0.00865905783754797
2201,0.0123944791440621
2202,0.0130229234158855
2203,0.0112946676254638
2204,0.00947561642325847
2205,0.00879512501297541
2206,0.00855689809454174
2207,0.00748371283894162
2208,0.00524130527022326
2209,0.0025185665858813
2210,0.000146490319799126
2211,-0.00153916555272696
2212,-0.00273379593085179
2213,-0.00383986392554024
2214,-0.00498152675776654
2215,-0.00575806640404018
2216,-0.00579048236176716
2217,-0.00569839941287293
2218,-0.00707321602990394
2219,-0.0108599230145524
2220,-0.0158399677237871
2221,-0.0193562899212486
2222,-0.019802423302237
2223,-0.0180189203729725
2224,-0.0160265076478471
2225,-0.0148202063130243
2226,-0.0138163088242392
2227,-0.0121174458252958
2228,-0.00966645857281315
2229,-0.00710800237940126
2230,-0.0050469023425276
2231,-0.00366471589486716
2232,-0.00273393431317595
2233,-0.00180892468394991
2234,-0.000677748685428242
2235,0.000229567224009855
2236,0.000289819477537288
2237,-0.000129744838091577
2238,0.000622647409842748
2239,0.00386900467741199
2240,0.00869672660852477
2241,0.0123596167974758
2242,0.0129304823231618
2243,0.0111471306468838
2244,0.00929375703039752
2245,0.00863712197059372
2246,0.00847182498563972
2247,0.00746472120406969
2248,0.00526089676729684
2249,0.00259971955872356
2250,0.000352471857131918
2251,-0.00119906778707788
2252,-0.00235166006019822
2253,-0.00353125390460364
2254,-0.00477356502472466
2255,-0.00558095692329672
2256,-0.00557390683906005
2257,-0.00545023832708286
2258,-0.00685995226247069
2259,-0.0107320835700672
2260,-0.0157889621166029
2261,-0.0193294067151018
2262,-0.0197421568966467
2263,-0.0178921839735079
2264,-0.0158312004404843
2265,-0.0145698795462943
2266,-0.0135191480407022
2267,-0.0117808096187674
2268,-0.0093280377658935
2269,-0.00684158079787495
2270,-0.00489981027740923
2271,-0.00358019622343036
2272,-0.00256740107596428
2273,-0.00145659764665744
2274,-0.000189385481872455
2275,0.000679454152773662
2276,0.000538710832155622
2277,-0.000129675720872574
2278,0.000439471168969277
2279,0.00362932747879645
2280,0.00853986057552382
2281,0.0123781318545916
2282,0.0131043361779589
2283,0.0113512302967276
2284,0.00941701237321843
2285,0.00869873139339559
2286,0.00858588543111028
2287,0.0076851287047325
2288,0.00550252820444085
2289,0.00273386435783115
2290,0.00034818084343578
2291,-0.00125991770759899
2292,-0.00237530143008721
2293,-0.00348684187506223
2294,-0.00467856483827695
2295,-0.00546311869320455
2296,-0.00546117543049526
2297,-0.00535782409992871
2298,-0.00675867697293152
2299,-0.0105568257815957
2300,-0.015513143564498
2301,-0.0190169802486418
2302,-0.0194908339018452
2303,-0.0177280006254848
2304,-0.0156937409219737
2305,-0.0144051437736233
2306,-0.0133521652093423
2307,-0.0116789122588374
2308,-0.00932081452426253
2309,-0.00689959427383483
2310,-0.00496969702675695
2311,-0.00361587918222808
2312,-0.00255264462462623
2313,-0.00143561635157133
2314,-0.000252190504749601
2315,0.000510847622506129
2316,0.000414731613719103
2317,1.52289958647988E-05
2318,0.000876930286463238
2319,0.00405716684036398
2320,0.00859013266451899
2321,0.0120255707804521
2322,0.0127303099868725
2323,0.0113419422794106
2324,0.00975101807979442
2325,0.0090086466230842
2326,0.00859949057095529
2327,0.00750337318543989
2328,0.00541647475685518
2329,0.0028636268847245
2330,0.000547643556620211
2331,-0.00118537092014685
2332,-0.00246502551506088
2333,-0.00365562782114933
2334,-0.00485600250685125
2335,-0.00562687748290622
2336,-0.00557144411667709
2337,-0.00535017139961545
2338,-0.00662872217857413
2339,-0.0104013613389751
2340,-0.0154464616796158
2341,-0.0190625359804822
2342,-0.0195814955477372
2343,-0.017797953755089
2344,-0.0157361202380869
2345,-0.0144431564628043
2346,-0.0133904938565181
2347,-0.0117008911665582
2348,-0.00931189622785963
2349,-0.00685694304889076
2350,-0.00490537255926851
2351,-0.00356836273411744
2352,-0.00257250357252959
2353,-0.00152527400193033
2354,-0.000331126557618672
2355,0.000529329927325703
2356,0.000498156121614718
2357,1.74679484919923E-05
2358,0.000719078655638574
2359,0.00387167152347435
2360,0.00860610523579805
2361,0.0122917687316063
2362,0.0130186063425256
2363,0.0113819558839123
2364,0.00952795374805213
2365,0.00876604286598822
2366,0.00855457883300595
2367,0.00762607512984801
2368,0.00550938124445062
2369,0.00279691772702446
2370,0.000362137811564779
2371,-0.00137647353588643
2372,-0.00261086513833464
2373,-0.00379857559310632
2374,-0.00507250048136174
2375,-0.00595311790142593
2376,-0.00595869450560695
2377,-0.00568357627563628
2378,-0.00681997462674677
2379,-0.0104788403957456
2380,-0.0155273091295642
2381,-0.019219136677786
2382,-0.0197665007960691
2383,-0.0179276741445031
2384,-0.015814953738221
2385,-0.0145565357380425
2386,-0.0135877162423626
2387,-0.0119388823378866
2388,-0.00952211549307703
2389,-0.00701937127539591
2390,-0.00503923279865225
2391,-0.00369843669958287
2392,-0.00273810460744966
2393,-0.00177926827090059
2394,-0.00067460837592345
2395,0.000193282102332652
2396,0.000284828377639653
2397,-7.23382607229256E-05
2398,0.000633329035827056
2399,0.00369113164099082
2400,0.00835403587311168
2401,0.0120508639471788
2402,0.0128155435862658
2403,0.0111839344568413
2404,0.00932618296338565
2405,0.00859469797111956
2406,0.00842019172908899
2407,0.00747963910480584
2408,0.00532300903488135
2409,0.00262588600956632
2410,0.000281022257939762
2411,-0.00137449474285905
2412,-0.00258798188129945
2413,-0.00374492358965578
2414,-0.00488129250609139
2415,-0.00557618849075858
2416,-0.00554242259849639
2417,-0.00546509858509495
2418,-0.00687649731325101
2419,-0.0106475699230299
2420,-0.0156104156758651
2421,-0.0192112212669535
2422,-0.0198146547898504
2423,-0.0181035983468906
2424,-0.0160242226972964
2425,-0.0146873678446742
2426,-0.0136507616955807
2427,-0.0119919828216962
2428,-0.00952754431446459
2429,-0.00688575449419347
2430,-0.00479090911955934
2431,-0.00348651711549949
2432,-0.00264200803800582
2433,-0.00169269367931466
2434,-0.000468178206672032
2435,0.000459632499872553
2436,0.000423523505825058
2437,-0.000115683693137781
2438,0.000571801707347252
2439,0.00377963454341875
2440,0.00856050458548569
2441,0.0122274658387102
2442,0.0129250960476655
2443,0.0113374207077464
2444,0.00960289595781711
2445,0.00892238463106822
2446,0.00866454702097371
2447,0.00758323258064445
2448,0.00531628649606151
2449,0.00256786139265741
2450,0.000254213226961917
2451,-0.00126467617534949
2452,-0.00231577068010712
2453,-0.00346963165931793
2454,-0.00484875558741372
2455,-0.00585920416857058
2456,-0.00593839292973297
2457,-0.00571161090373027
2458,-0.00692174600498884
2459,-0.0106333708250256
2460,-0.015628662763501
2461,-0.0192000526799743
2462,-0.0197209427427145
2463,-0.0180236100670968
2464,-0.0160778432549383
2465,-0.0148183498540504
2466,-0.0136876056351561
2467,-0.0119083931406055
2468,-0.00950298547935397
2469,-0.00704053501140368
2470,-0.00497629335280632
2471,-0.00346898527277747
2472,-0.00244294273782798
2473,-0.00157950425089024
2474,-0.000579243204800648
2475,0.000320533003984091
2476,0.000500602910741929
2477,8.22609284193202E-05
2478,0.000533287280227454
2479,0.00334981215148775
2480,0.00800915188699984
2481,0.011932069720337
2482,0.0129486415766451
2483,0.0114322612408066
2484,0.00955871388761236
2485,0.00876584764135156
2486,0.00852973100402619
2487,0.00753597630626817
2488,0.0053603047054275
2489,0.00270150474185525
2490,0.000420459778244558
2491,-0.00121047585025507
2492,-0.00246709259186745
2493,-0.00371929705425105
2494,-0.00498819130913326
2495,-0.00583202411000344
2496,-0.00588782366937431
2497,-0.00574585344951049
2498,-0.00695022070959477
2499,-0.0105237574474133
2500,-0.0154402574486392
2501,-0.0191249553644642
2502,-0.0198114607728886
2503,-0.0181160255252371
2504,-0.0160295260194428
2505,-0.0147018486631844
2506,-0.013656272154637
2507,-0.0119471873832148
2508,-0.00945131344782564
2509,-0.00685617416196704
2510,-0.00483580771306506
2511,-0.00353384008900832
2512,-0.00262149433031216
2513,-0.00163865901293686
2514,-0.000457721261150742
2515,0.00044369061156018
2516,0.000482722042883872
2517,3.74971328564152E-05
2518,0.000670941726974216
2519,0.00365558699531783
2520,0.00823062170362385
2521,0.0119006320796862
2522,0.0127930212432402
2523,0.0113988325129485
2524,0.00970911645985572
2525,0.00896485842055069
2526,0.00868603180697157
2527,0.00770857648690503
2528,0.00559931483778317
2529,0.00292160079736361
2530,0.000530379357694423
2531,-0.00113788782138307
2532,-0.0022843190863354
2533,-0.00343445475984318
2534,-0.00476688435703919
2535,-0.00574148326590054
2536,-0.00577246693471858
2537,-0.00545102500702258
2538,-0.00658165495361099
2539,-0.0103498049215197
2540,-0.0155536332064624
2541,-0.0193320707409552
2542,-0.0198945380411917
2543,-0.0180937710461192
2544,-0.0160741701538707
2545,-0.0148751395438602
2546,-0.0138535090800053
2547,-0.0120955303932097
2548,-0.00963810083210659
2549,-0.0071975472714853
2550,-0.00529039248886129
2551,-0.00393299210339284
2552,-0.00286480021228653
2553,-0.00178326855699605
2554,-0.000605095431833843
2555,0.000284097175366918
2556,0.000379082494433564
2557,2.5596602596391E-05
2558,0.000708026241991359
2559,0.00367793663182117
2560,0.00821709665339071
2561,0.0118664928558318
2562,0.0127403798048011
2563,0.0112921529274441
2564,0.00950524135475072
2565,0.00867269425549363
2566,0.00839561993832243
2567,0.00753648957926504
2568,0.00557399590000895
2569,0.00292630775291684
2570,0.000397438452819932
2571,-0.00145384323001773
2572,-0.00264616267306201
2573,-0.00365852383921857
2574,-0.00481073203797707
2575,-0.0057352864006983
2576,-0.00586792450853912
2577,-0.00566064717030727
2578,-0.00677135584844998
2579,-0.0103739951839023
2580,-0.0153951591260485
2581,-0.0191238537404495
2582,-0.0198043653268272
2583,-0.018168130764461
2584,-0.0161914950500226
2585,-0.0148748442290406
2586,-0.0137172387171689
2587,-0.0119664526286265
2588,-0.00963619018014771
2589,-0.00725281459743836
2590,-0.00521897904975995
2591,-0.00367418987450598
2592,-0.00257426970300742
2593,-0.00165765296520744
2594,-0.000668259249611522
2595,0.000160051145998557
2596,0.000273824876932059
2597,-0.000115102514015375
2598,0.000483656099985217
2599,0.00346950351069146
2600,0.00818947540612727
2601,0.0120434828208408
2602,0.0129647349499851
2603,0.0114174485937908
2604,0.00956377778130747
2605,0.00879438414093854
2606,0.00859487074559583
2607,0.00766221297172495
2608,0.00549359043003475
2609,0.00269772172937376
2610,0.000206061097086364
2611,-0.00150289012160421
2612,-0.00261509308238678
2613,-0.00365881223238954
2614,-0.00485542450843421
2615,-0.00573734681307581
2616,-0.00575153016537776
2617,-0.00543910604839385
2618,-0.00653228723496124
2619,-0.0102204462724456
2620,-0.0153860990656086
2621,-0.0192275151811973
2622,-0.0199063135000769
2623,-0.018166849671071
2624,-0.0161059661137026
2625,-0.0148279062534797
2626,-0.0137926205232692
2627,-0.0121112896767158
2628,-0.00973442278243788
2629,-0.00726841232191859
2630,-0.00521940380802951
2631,-0.00372035050425049
2632,-0.0026376950176113
2633,-0.00166316565635912
2634,-0.000581582332854613
2635,0.000311212694683186
2636,0.000438050268314799
2637,1.65278091816382E-05
2638,0.000554756468388745
2639,0.00349344946316699
2640,0.00823423412478063
2641,0.0121896088538849
2642,0.0132313781867443
2643,0.0117388077252781
2644,0.0098430829828724
2645,0.00897479727367459
2646,0.00868627791609676
2647,0.00772634372025579
2648,0.00561130324890414
2649,0.00292191394430257
2650,0.000513234482189833
2651,-0.00121015743446208
2652,-0.00242762546934149
2653,-0.0035717994318048
2654,-0.00477796469959371
2655,-0.00560560669926111
2656,-0.0056172891307464
2657,-0.00541874684072884
2658,-0.00666345983495882
2659,-0.0103936751492264
2660,-0.0154407473184422
2661,-0.0191102659654557
2662,-0.0197139337746128
2663,-0.018030542329777
2664,-0.0160562939431543
2665,-0.0147888847618345
2666,-0.0136913082268694
2667,-0.0119629503248723
2668,-0.00961368233014934
2669,-0.00721767404371997
2670,-0.00520651987918844
2671,-0.00368628453251944
2672,-0.00257361600674066
2673,-0.00162428737783102
2674,-0.000614092615718127
2675,0.000246637603230999
2676,0.000437018528155081
2677,0.000108638450536458
2678,0.000645067513638784
2679,0.00347686205207999
2680,0.00815789387401737
2681,0.0122276139259225
2682,0.0134627090681531
2683,0.0120115278119224
2684,0.00993503629091933
2685,0.00886786441188125
2686,0.00859358129662293
2687,0.00782594652931907
2688,0.0058287328766452
2689,0.0030346469685709
2690,0.000425542498659439
2691,-0.00136887111493526
2692,-0.00247233162937256
2693,-0.0034607427212532
2694,-0.00462031353412662
2695,-0.00551685101246416
2696,-0.00560493641439607
2697,-0.00539328487528557
2698,-0.00653300486374697
2699,-0.0101514789641608
2700,-0.0151751309347177
2701,-0.0189245214722381
2702,-0.019631273261904
2703,-0.0179897704290361
2704,-0.0160031149008623
2705,-0.0147382472679027
2706,-0.0136742537377234
2707,-0.0119475942649566
2708,-0.00953894601306273
2709,-0.00709964279698297
2710,-0.00513632142160311
2711,-0.00368854079682112
2712,-0.00252996500082981
2713,-0.00141114046276016
2714,-0.000289386119229352
2715,0.000481716091801132
2716,0.000478405963164629
2717,6.97615248161627E-05
2718,0.000682007143176348
2719,0.00354847447036256
2720,0.00804645442484763
2721,0.0117984221706945
2722,0.0128365819255368
2723,0.011456959849135
2724,0.00963089075252814
2725,0.00878844270251878
2726,0.00858163087666614
2727,0.00774496947014891
2728,0.00567729217366975
2729,0.0029489540245437
2730,0.000545309207174648
2731,-0.00107441682926094
2732,-0.00221670367713155
2733,-0.00342962801536548
2734,-0.00476967266431435
2735,-0.00564657271311591
2736,-0.00562282538599019
2737,-0.0054138602795859
2738,-0.00668362980194646
2739,-0.0103777343129706
2740,-0.0153264215457473
2741,-0.0189769760981215
2742,-0.0197084629011403
2743,-0.0181620899743106
2744,-0.0161792834582538
2745,-0.0148072675426816
2746,-0.01367357859643
2747,-0.0120078283999237
2748,-0.00969990492633646
2749,-0.00726947958677096
2750,-0.00523799097366238
2751,-0.00377127569125097
2752,-0.00269664909057621
2753,-0.00167430365471392
2754,-0.000546122522883149
2755,0.000338612701563586
2756,0.000455675770385941
2757,8.61263995576429E-05
2758,0.000664569399684386
2759,0.00349824790850788
2760,0.00800666507446432
2761,0.0117758196805649
2762,0.0127826151620387
2763,0.0113385701482528
2764,0.00949530624983454
2765,0.00872809934391547
2766,0.00863850971011178
2767,0.00787500714072031
2768,0.00580502279180688
2769,0.00302614445201441
2770,0.000554420410002586
2771,-0.00113157551321713
2772,-0.00230978689106911
2773,-0.00350750545748023
2774,-0.00480661635001457
2775,-0.00565916723356597
2776,-0.00561377164897233
2777,-0.00532661728654265
2778,-0.00645943869071723
2779,-0.0100448212860635
2780,-0.0149799233491969
2781,-0.0186660703112588
2782,-0.0193961280819245
2783,-0.0178163942447947
2784,-0.0158538191697587
2785,-0.0145875233990189
2786,-0.0135692400842901
2787,-0.0119401080094606
2788,-0.00958668322501072
2789,-0.0070949012582228
2790,-0.00505050810661335
2791,-0.00364040441346328
2792,-0.00265618855614775
2793,-0.00167748042141168
2794,-0.000496566162523003
2795,0.000468753385117204
2796,0.000558416101638537
2797,3.33845548000849E-05
2798,0.000495677326583857
2799,0.00342040377780146
2800,0.00817803185327565
2801,0.0121472412025331
2802,0.0131904467215416
2803,0.0116843699413523
2804,0.00976530289407893
2805,0.00889797420437935
2806,0.00867630433295439
2807,0.0078282950545093
2808,0.00576448717145148
2809,0.00296832003339526
2810,0.000332694313561533
2811,-0.00156535117079214
2812,-0.00276545800115209
2813,-0.00375111645020867
2814,-0.00484668455156726
2815,-0.00571078503975166
2816,-0.00578384209796186
2817,-0.00547495308224176
2818,-0.00642631694332542
2819,-0.00989837511385822
2820,-0.0149321547843186
2821,-0.0188082159106943
2822,-0.01963278239584
2823,-0.0180335266314259
2824,-0.0160283353696792
2825,-0.0147186018612254
2826,-0.0136265369146139
2827,-0.0119461842007631
2828,-0.00965492652701022
2829,-0.0072843839391688
2830,-0.00523425288237624
2831,-0.00363438594419294
2832,-0.00247402417896976
2833,-0.00154627617923514
2834,-0.000582707588688298
2835,0.00025929521254669
2836,0.000440989250613398
2837,7.05291123600204E-05
2838,0.000546666712401443
2839,0.00333277987736785
2840,0.00793364661803573
2841,0.0118139848074338
2842,0.0128285609254311
2843,0.0113524225884765
2844,0.00954571043737504
2845,0.00882687135710306
2846,0.00866897599239048
2847,0.00776419823884924
2848,0.00567107005354378
2849,0.00304774786654767
2850,0.000746420374281046
2851,-0.00090988398630588
2852,-0.00215040251166513
2853,-0.00337285437149969
2854,-0.00465798367372559
2855,-0.00555072989988268
2856,-0.00560135259647132
2857,-0.00536271235427878
2858,-0.00645983157496572
2859,-0.0100240105207713
2860,-0.015045547563754
2861,-0.0188879621897517
2862,-0.0197392390521044
2863,-0.0181957427507423
2864,-0.016188852049837
2865,-0.0147949184427638
2866,-0.0135822814821081
2867,-0.0117917556719631
2868,-0.00942979537589489
2869,-0.00706900167635167
2870,-0.0051327011498006
2871,-0.00368325122734472
2872,-0.00257887214510655
2873,-0.00156320957245936
2874,-0.000473242028545029
2875,0.000392674946547694
2876,0.000484594909749789
2877,2.66436923579341E-05
2878,0.000513438397116622
2879,0.00339599690997755
2880,0.00811248550853631
2881,0.012085442738544
2882,0.013153474064527
2883,0.0116717462857808
2884,0.00978770142293707
2885,0.00894307943481632
2886,0.00866490528341692
2887,0.00770065467119484
2888,0.00563732119763456
2889,0.00310603929019457
2890,0.000867616080308854
2891,-0.000846263092174264
2892,-0.00225048666866963
2893,-0.00361238990535378
2894,-0.00490092268408563
2895,-0.00568354532315518
2896,-0.00560530667099192
2897,-0.00524956346040658
2898,-0.00621624348581387
2899,-0.00968418910980997
2900,-0.0147601006844688
2901,-0.0188069314927031
2902,-0.0198175820015767
2903,-0.0182176076550062
2904,-0.0160366322266124
2905,-0.0146144535168693
2906,-0.0136017984993927
2907,-0.0120317737957254
2908,-0.00969436887525361
2909,-0.00720414318005645
2910,-0.0051727833796897
2911,-0.00371481381064062
2912,-0.00257952097656589
2913,-0.00146558858782103
2914,-0.000313145276743363
2915,0.000508324217578868
2916,0.000531217388802742
2917,6.89589681720847E-05
2918,0.000556290504090649
2919,0.00335149040739442
2920,0.00796491419732734
2921,0.0119734875201822
2922,0.0131860093961692
2923,0.011740702919076
2924,0.00970417363809049
2925,0.00873620942507468
2926,0.00858758812095608
2927,0.00788809348349591
2928,0.00589474383847775
2929,0.00314616800664158
2930,0.000680112397099065
2931,-0.000997465776578601
2932,-0.00217594063928206
2933,-0.0034055325915851
2934,-0.00476596940993522
2935,-0.00568178092462037
2936,-0.00566408866496562
2937,-0.00534238064031588
2938,-0.00639657561841774
2939,-0.0099371132498594
2940,-0.0149410753233461
2941,-0.0188000220703374
2942,-0.0196994461402886
2943,-0.0181873004588271
2944,-0.0161967392509121
2945,-0.0148884225783844
2946,-0.0138697479889512
2947,-0.0122681432435601
2948,-0.00992140974133887
2949,-0.00737370517290856
2950,-0.0052035647357711
2951,-0.00366020114054701
2952,-0.00265550390099678
2953,-0.00182471526773689
2954,-0.000828259077377713
2955,0.000140618250291379
2956,0.000461982523074449
2957,0.00015008777449947
2958,0.000553529587994699
2959,0.00322872079019225
2960,0.00788329730115844
2961,0.0120510581478778
2962,0.0133560448582084
2963,0.0118593646427605
2964,0.00971696529326915
2965,0.00869497804741831
2966,0.0085579680935782
2967,0.00789724542418143
2968,0.00594327520190754
2969,0.0032143253469903
2970,0.000727949983271029
2971,-0.000989359761000053
2972,-0.0021635760583156
2973,-0.00332390205173796
2974,-0.00462501862828708
2975,-0.00557513929792267
2976,-0.00565352354812957
2977,-0.00536686643995669
2978,-0.00634074287363907
2979,-0.00978023672063738
2980,-0.0147930661457224
2981,-0.0187740727456743
2982,-0.0197780573041903
2983,-0.018242388114012
2984,-0.0161338777641933
2985,-0.0147447650992846
2986,-0.0137638957589669
2987,-0.012277455680456
2988,-0.0100334798901973
2989,-0.00754336219570663
2990,-0.00540684408633413
2991,-0.00386409235233638
2992,-0.00277688705419066
2993,-0.00179372248932615
2994,-0.000704041410056184
2995,0.00018719979871857
2996,0.000337372749204
2997,-2.92580970947073E-05
2998,0.000513667743315343
2999,0.00334096617913056
3000,0.00793861068513037
3001,0.0118804984401914
3002,0.0130642750984208
3003,0.0117149938050246
3004,0.00982894283127559
3005,0.0088833805127041
3006,0.00856854863331392
3007,0.00767594925440944
3008,0.00564756118728529
3009,0.00300053583070547
3010,0.000604455240231102
3011,-0.00109675009131244
3012,-0.00227455715644759
3013,-0.00338194496548391
3014,-0.00459212701540851
3015,-0.00550412882473565
3016,-0.00565301632019247
3017,-0.00550465820873948
3018,-0.00658144041784324
3019,-0.0100090321773112
3020,-0.0149066398989861
3021,-0.0187671251433086
3022,-0.0197462043923925
3023,-0.0182861741072496
3024,-0.0162516993884166
3025,-0.0148297491213455
3026,-0.0137114961498165
3027,-0.0120793963307187
3028,-0.00975232862748956
3029,-0.0072214455596628
3030,-0.00504858304032196
3031,-0.00351171346552489
3032,-0.00254035701532183
3033,-0.00174170865632773
3034,-0.00074140622951606
3035,0.000258726680689527
3036,0.000598692951296892
3037,0.000268175677834979
3038,0.000615407210831191
3039,0.00319938619444838
3040,0.00774653121326025
3041,0.0118593417708546
3042,0.0132426796359248
3043,0.0119428680401465
3044,0.00997001280196206
3045,0.00894324697111216
3046,0.00864156433897198
3047,0.00781964476271034
3048,0.00583693417271915
3049,0.00318072756994935
3050,0.000753068596177244
3051,-0.000967835366192729
3052,-0.00216405393301053
3053,-0.00332852040404715
3054,-0.00464207756243484
3055,-0.00564116872959457
3056,-0.00577492764007007
3057,-0.00550264494938827
3058,-0.0064545378245071
3059,-0.00987487078611505
3060,-0.0148752391806306
3061,-0.0188209526462658
3062,-0.0197785780487087
3063,-0.018249217138802
3064,-0.0162137696633969
3065,-0.0148622386428106
3066,-0.013765790214797
3067,-0.0120416722915249
3068,-0.00961946673446137
3069,-0.00715410587992193
3070,-0.00520184808440308
3071,-0.0038438900952449
3072,-0.00284968396895084
3073,-0.00189708311610852
3074,-0.000820905334427487
3075,9.05194560405243E-05
3076,0.000311240017220917
3077,5.06668078813367E-06
3078,0.000520843125903472
3079,0.00326201482042193
3080,0.00783975062391501
3081,0.0118905073999756
3082,0.0132131261857857
3083,0.0118828528149479
3084,0.00988591206503327
3085,0.00885622064291539
3086,0.00862676015047812
3087,0.00794263957605288
3088,0.00605316585509526
3089,0.00334963827975972
3090,0.000776527756272209
3091,-0.00105316088925586
3092,-0.00226291529513744
3093,-0.00342408451513688
3094,-0.00479652777478883
3095,-0.00585552424288147
3096,-0.00592105605526636
3097,-0.00545676087401151
3098,-0.00627071986564234
3099,-0.00975047020827565
3100,-0.0149287117741802
3101,-0.0189637854217458
3102,-0.0198426924061698
3103,-0.0181921773394115
3104,-0.0161422268181651
3105,-0.0148842821312129
3106,-0.0138981357858869
3107,-0.0122596461995653
3108,-0.00990643886717107
3109,-0.00745053668149743
3110,-0.00537398669558072
3111,-0.0037917997742513
3112,-0.00263762679603857
3113,-0.00170457441787211
3114,-0.000752563664902999
3115,9.14705552360353E-05
3116,0.000346121834427557
3117,8.45973915199395E-05
3118,0.000591168383418463
3119,0.00330928098866491
3120,0.00788457470499355
3121,0.0118897204730169
3122,0.0130608705847677
3123,0.0115585496999381
3124,0.00954562601555133
3125,0.00870431625906766
3126,0.00870078988896214
3127,0.00808134232517179
3128,0.00608898190223761
3129,0.00328394428621812
3130,0.000733880770992407
3131,-0.000998019122700158
3132,-0.00215137742616617
3133,-0.00332144865369615
3134,-0.00471053933792067
3135,-0.0057833098544203
3136,-0.00592150152872686
3137,-0.00560117283433742
3138,-0.00652291469652169
3139,-0.0099602739564099
3140,-0.0149761743690929
3141,-0.0188791715487609
3142,-0.0197594074889049
3143,-0.0182087356211885
3144,-0.016257140011775
3145,-0.0150348457590531
3146,-0.0140123157663251
3147,-0.0122820195934182
3148,-0.0098321963999923
3149,-0.00735318829420272
3150,-0.00535368352769008
3151,-0.00386374801114727
3152,-0.00269916965590764
3153,-0.0016487187655648
3154,-0.000598060887590629
3155,0.000213739750591837
3156,0.000322753666489646
3157,-0.000102678426920979
3158,0.000279129821585363
3159,0.00291964512568624
3160,0.00749850267923637
3161,0.011653933098404
3162,0.0131141938380102
3163,0.0118882283695162
3164,0.00993896303367209
3165,0.00888905213567748
3166,0.00856667208932525
3167,0.00777068554538933
3168,0.00585910828734526
3169,0.00327058152872129
3170,0.000850610880492373
3171,-0.000934247664122231
3172,-0.00221922514520683
3173,-0.00343536826421704
3174,-0.00473722764795591
3175,-0.00567106974853647
3176,-0.00570723165369346
3177,-0.00534156748895508
3178,-0.00626844361541519
3179,-0.00977907374788523
3180,-0.0149424577772746
3181,-0.0190081887056764
3182,-0.0199762278845034
3183,-0.0184080227273717
3184,-0.0163934658635378
3185,-0.0151484907035295
3186,-0.0141780328863253
3187,-0.0125409916349284
3188,-0.0101622680779276
3189,-0.00769008551767034
3190,-0.00564561164630494
3191,-0.00411523856702083
3192,-0.00295735113621488
3193,-0.00193684877608009
3194,-0.000870834759724103
3195,3.35665549753278E-05
3196,0.000263556261060473
3197,-8.94175443509307E-05
3198,0.000293775713156294
3199,0.00291008277141504
3200,0.00748959266215482
3201,0.0116662800520095
3202,0.0131183116454044
3203,0.01182320576121
3204,0.00978503658260849
3205,0.00871952709615782
3206,0.00850248080442235
3207,0.00785392907708585
3208,0.00597595401394387
3209,0.00324064807467839
3210,0.000617041976422007
3211,-0.00122410222965611
3212,-0.00235491182634109
3213,-0.0033606441807558
3214,-0.00460000857016916
3215,-0.00565477053904738
3216,-0.00584003628494504
3217,-0.00549014951799022
3218,-0.0063027122728258
3219,-0.00971272444482572
3220,-0.0148986332676988
3221,-0.0190582907348319
3222,-0.0200368887347486
3223,-0.018319617395619
3224,-0.0161025060070263
3225,-0.0147882781734974
3226,-0.0139436786966521
3227,-0.0124925227176987
3228,-0.010176695806243
3229,-0.00760648268697196
3230,-0.00542496766803412
3231,-0.00384872269437429
3232,-0.00275605795984768
3233,-0.00184902497321254
3234,-0.000884903353901999
3235,-4.68756375742298E-05
3236,0.000156307506058916
3237,-0.000192954927926055
3238,0.000203319560965154
3239,0.00282421293090922
3240,0.00739197955530969
3241,0.0115298788579655
3242,0.0129113789270935
3243,0.0115538454479507
3244,0.0095351112024015
3245,0.00858331351104941
3246,0.00847052093907857
3247,0.00780339507811669
3248,0.00581670922948485
3249,0.00303520783706456
3250,0.000498091512677487
3251,-0.00123765225729277
3252,-0.00238503478390225
3253,-0.00350204765731634
3254,-0.00480284058700121
3255,-0.0058243533666002
3256,-0.0059904322104494
3257,-0.00570609045534372
3258,-0.00656418329051022
3259,-0.00986611182887192
3260,-0.0148568985849587
3261,-0.0189595573856756
3262,-0.020115420026395
3263,-0.0186335439292385
3264,-0.0164692065971948
3265,-0.0150035826393842
3266,-0.013991962244001
3267,-0.0125030661006559
3268,-0.0102455201759334
3269,-0.00774560424655353
3270,-0.00564864812263672
3271,-0.00418984326613026
3272,-0.0031625705220865
3273,-0.00215957120204911
3274,-0.000988791768081648
3275,-2.57332666093606E-05
3276,0.000120653060011677
3277,-0.000359511007879821
3278,-2.38353166129314E-05
3279,0.00259899874444978
3280,0.00714681161705673
3281,0.0112703575680536
3282,0.0127554186273798
3283,0.0116067356315128
3284,0.00972128410104698
3285,0.00869960765105601
3286,0.0084066858427864
3287,0.00763375903145589
3288,0.00566642847235458
3289,0.00293823826198295
3290,0.000420549293684032
3291,-0.00130912338206961
3292,-0.00244726166554429
3293,-0.0035833341631353
3294,-0.00492397906046133
3295,-0.00592029631268772
3296,-0.0059533565358317
3297,-0.00553447607627729
3298,-0.00640413442766303
3299,-0.009851366329967
3300,-0.0149442767662195
3301,-0.0189912855053844
3302,-0.0200395447794536
3303,-0.0185862161717943
3304,-0.0165930674992304
3305,-0.0152327948906793
3306,-0.0140974655934747
3307,-0.0123580849612451
3308,-0.00997090313799
3309,-0.007538192291753
3310,-0.00551618653667876
3311,-0.00395126452685936
3312,-0.00271884416496934
3313,-0.00166328123369032
3314,-0.000666239942129912
3315,0.000118143987398261
3316,0.000313585184853763
3317,4.8200149711001E-05
3318,0.000491274678772998
3319,0.00298124978347036
3320,0.00730858702894219
3321,0.0113329778875764
3322,0.0128414841018682
3323,0.0116837445999374
3324,0.009700798244293
3325,0.0086237607972145
3326,0.00845062064090871
3327,0.00792127117877802
3328,0.00613528789552978
3329,0.00340198766026557
3330,0.000730270605144384
3331,-0.00117360013173494
3332,-0.00240221034680479
3333,-0.00352122421682951
3334,-0.00479145653840467
3335,-0.00575549062748014
3336,-0.00584236678726894
3337,-0.00550631340365476
3338,-0.00638227460184241
3339,-0.00974629640664875
3340,-0.0147843375032629
3341,-0.0189006664828206
3342,-0.0200658776417814
3343,-0.0186134153996951
3344,-0.0164874493609592
3345,-0.0150403242315991
3346,-0.0140082446731515
3347,-0.0124648740227572
3348,-0.0101465777773019
3349,-0.00761060601523603
3350,-0.00551146110443471
3351,-0.00407644202842152
3352,-0.00309595984107418
3353,-0.00215037549424577
3354,-0.000988502197168066
3355,8.43412652911394E-05
3356,0.000427324141172193
3357,6.8794521465529E-05
3358,0.000318907275477895
3359,0.0027185611531231
3360,0.00711343353523431
3361,0.0112543910957475
3362,0.0128100584401962
3363,0.0116209991275054
3364,0.00958613036858734
3365,0.00845592602134059
3366,0.00820060272736547
3367,0.00756679047092545
3368,0.00572379835394284
3369,0.00304038474455152
3370,0.000509759358561902
3371,-0.00122445102102515
3372,-0.00231203425065469
3373,-0.00336727008369493
3374,-0.00468796463876245
3375,-0.00578662254917772
3376,-0.00597415412034799
3377,-0.00560193262029058
3378,-0.00633749889615355
3379,-0.00958166153918368
3380,-0.0145767856218454
3381,-0.0186746581459805
3382,-0.0198165342744005
3383,-0.0184057371483161
3384,-0.0164335925041944
3385,-0.0151534715850294
3386,-0.0141600773454102
3387,-0.0125392999545178
3388,-0.0101747683604984
3389,-0.00768112864936812
3390,-0.00559027135001391
3391,-0.00401917685890206
3392,-0.00285241132002185
3393,-0.00186684055127648
3394,-0.000853691193014832
3395,4.47079632085613E-05
3396,0.000348023016995147
3397,7.80434972613532E-05
3398,0.000443403056403842
3399,0.00293718205601174
3400,0.00741638876345407
3401,0.0116144129516762
3402,0.0131579498700599
3403,0.0119120006295215
3404,0.00986676475433777
3405,0.00880746767855739
3406,0.00862172500195326
3407,0.00796752679185939
3408,0.00604501038732618
3409,0.00332074112156838
3410,0.000800806528895939
3411,-0.000958353827546642
3412,-0.00214405923374544
3413,-0.00328072670838032
3414,-0.00457345592929248
3415,-0.00558057305448535
3416,-0.00573444765750332
3417,-0.00540994353008713
3418,-0.00618396274030397
3419,-0.00941533497263233
3420,-0.0144295260620817
3421,-0.0186436961156067
3422,-0.019908915994258
3423,-0.0184861567007973
3424,-0.0163832361656939
3425,-0.0150279814393866
3426,-0.0141149859240095
3427,-0.0126185671118919
3428,-0.0102544216011883
3429,-0.00764203040200718
3430,-0.00547622870098008
3431,-0.00396756285621383
3432,-0.00290131720702051
3433,-0.00190222325062639
3434,-0.000760545690273118
3435,0.000229870658459532
3436,0.000476402442489576
3437,6.39112312713203E-05
3438,0.000361154490255454
3439,0.0029346052688499
3440,0.00755955828409757
3441,0.0118433057631808
3442,0.0133795139173503
3443,0.0120959201081821
3444,0.0100348463801118
3445,0.00896721441040539
3446,0.00875890880736262
3447,0.00810080904754749
3448,0.00623545853056612
3449,0.00359453992177443
3450,0.00108703907509111
3451,-0.000774689962694008
3452,-0.00210797027088912
3453,-0.00332893736811285
3454,-0.00460973044646719
3455,-0.00556595763625713
3456,-0.00569970143708269
3457,-0.00540244514581192
3458,-0.00621548008693011
3459,-0.00944786200328598
3460,-0.0144032981361097
3461,-0.0185343339283617
3462,-0.0197664577385792
3463,-0.0183987505903198
3464,-0.0163819403831187
3465,-0.0150411096013366
3466,-0.0140456492608715
3467,-0.0124646886697456
3468,-0.0101214699113058
3469,-0.00762291478501441
3470,-0.00554209305913342
3471,-0.00400280335689597
3472,-0.00284000436085585
3473,-0.00180018085620803
3474,-0.000720695010513867
3475,0.000179232000120684
3476,0.000391880467551875
3477,-2.97481901166386E-05
3478,0.000169736449144202
3479,0.0025371527605635
3480,0.00700717428023219
3481,0.0113669662720842
3482,0.0131747143108467
3483,0.0121101764023904
3484,0.0100345123701962
3485,0.00881511104593103
3486,0.00854850728084351
3487,0.00797958653614096
3488,0.00617940745790905
3489,0.00345871476129154
3490,0.000854444805651188
3491,-0.000921171441868721
3492,-0.00201674780595875
3493,-0.00310059308630969
3494,-0.00449588814007454
3495,-0.00567688316719661
3496,-0.00590090958431826
3497,-0.00550712490925264
3498,-0.00619435971963005
3499,-0.00940589580199218
3500,-0.0144123750714301
3501,-0.0185644623217353
3502,-0.0197664230079478
3503,-0.0183744387816955
3504,-0.0163735590435121
3505,-0.015061915160692
3506,-0.0140674772216512
3507,-0.0124451402827199
3508,-0.0100340599277441
3509,-0.00748411461823156
3510,-0.00542136450929558
3511,-0.00397460386758084
3512,-0.00289804007365639
3513,-0.00184508281531546
3514,-0.000669408739820294
3515,0.000295193618835849
3516,0.000494448502280715
3517,9.09053334518332E-05
3518,0.000446608015547692
3519,0.00300021929777763
3520,0.00743310395938305
3521,0.011459430200105
3522,0.0129017972784222
3523,0.0117726933104735
3524,0.00994438604265915
3525,0.00896381925671461
3526,0.00866870504383698
3527,0.007902481074044
3528,0.00602258604168804
3529,0.00342756089850682
3530,0.00095131600234514
3531,-0.000889479171639107
3532,-0.00216524832946878
3533,-0.00330713813579593
3534,-0.00455856272552034
3535,-0.00555835410002902
3536,-0.00574200560529169
3537,-0.00542966465452715
3538,-0.00618256896203054
3539,-0.00939877652793436
3540,-0.0144266483943782
3541,-0.0186562268814667
3542,-0.0199132768369533
3543,-0.0184787675728212
3544,-0.0163847665959756
3545,-0.0150289221192126
3546,-0.0140551685582461
3547,-0.0124657265296444
3548,-0.0100931120281835
3549,-0.007622975773278
3550,-0.00564169898416386
3551,-0.00416696398357876
3552,-0.00294434222044513
3553,-0.0017879314196319
3554,-0.000678946329981866
3555,0.00015118906691534
3556,0.000345988547428035
3557,6.28409287983412E-05
3558,0.000452164611546036
3559,0.00286366139887547
3560,0.00718160303585496
3561,0.0113335203230372
3562,0.01302819076642
3563,0.0119617709774397
3564,0.00992903705215512
3565,0.00876409572341967
3566,0.00856959564573164
3567,0.00806652069217817
3568,0.00626415727591388
3569,0.00344167721879671
3570,0.000675808384049544
3571,-0.00124018315004128
3572,-0.00238052903264396
3573,-0.00337625058244086
3574,-0.0045762909427676
3575,-0.00554907291001856
3576,-0.00565681670352925
3577,-0.00526599181979299
3578,-0.00600943272445917
3579,-0.00925491659905268
3580,-0.0142635291540784
3581,-0.0184202293882122
3582,-0.0196453312353648
3583,-0.0182887924013618
3584,-0.0163398600953838
3585,-0.0150979699050127
3586,-0.0141536724177051
3587,-0.0125191077305138
3588,-0.0100606501747907
3589,-0.00750734140812325
3590,-0.00549874374339578
3591,-0.00407613076437721
3592,-0.00293646896118432
3593,-0.00181463623258626
3594,-0.000678832216117131
3595,0.00017245656345837
3596,0.000338699833778839
3597,2.90618053058063E-05
3598,0.000465680905559109
3599,0.00297070273451717
3600,0.00732345812202592
3601,0.0114156771956185
3602,0.0130492529151561
3603,0.0120175700536492
3604,0.0100710353894518
3605,0.00889761981488694
3606,0.00853943739358542
3607,0.00784275425055891
3608,0.00601024335688377
3609,0.00337866840592331
3610,0.000881791283121428
3611,-0.000893450284594357
3612,-0.00210578771168644
3613,-0.00329915972837172
3614,-0.00467436453812028
3615,-0.00572469243178358
3616,-0.00583584560137318
3617,-0.00542635978269187
3618,-0.00615473626514628
3619,-0.00940003303212958
3620,-0.0144404884433744
3621,-0.0186555869256059
3622,-0.0199075730234565
3623,-0.0184805181071502
3624,-0.0163807085849647
3625,-0.0150241978037149
3626,-0.0141115441929597
3627,-0.0126360523669641
3628,-0.0103198082251328
3629,-0.00776203165602685
3630,-0.00562059694623816
3631,-0.00408593277307294
3632,-0.00297477981370002
3633,-0.0019766538813749
3634,-0.000895011316729145
3635,6.21323619717007E-05
3636,0.000389806730033528
3637,0.000110194911905958
3638,0.000403460566618203
3639,0.00275788726968401
3640,0.00713207395938394
3641,0.0113904475546085
3642,0.0131295402131003
3643,0.0120021721076473
3644,0.00984693332644386
3645,0.00856709335982095
3646,0.00831426352191632
3647,0.00783471716555402
3648,0.00613651555679348
3649,0.00345830551152074
3650,0.000806459392918211
3651,-0.00108384929604622
3652,-0.00229805436454537
3653,-0.00342770617183366
3654,-0.00474959248170286
3655,-0.00576411671601862
3656,-0.00582551085849199
3657,-0.00537688935718538
3658,-0.00613998633241185
3659,-0.00946502440889598
3660,-0.0144880273581553
3661,-0.0185244634177195
3662,-0.0196034196097866
3663,-0.0182396963539853
3664,-0.016409183296139
3665,-0.0152160129243094
3666,-0.0141480898710289
3667,-0.0123800056816974
3668,-0.00999368810973555
3669,-0.00766620808615275
3670,-0.00576297479760611
3671,-0.00420611822224557
3672,-0.00290020088846793
3673,-0.00182017465800107
3674,-0.000867141839703094
3675,-7.73047812670362E-05
3676,0.000210268639653676
3677,-2.56134497178972E-05
3678,0.0002633086867222
3679,0.0025535061796594
3680,0.00690388679612523
3681,0.0112294538450578
3682,0.0130771074721551
3683,0.0120502192094866
3684,0.00999525046807836
3685,0.00881456994718853
3686,0.00860168035980853
3687,0.00805615725699723
3688,0.00622871350863365
3689,0.00345047083539452
3690,0.00078092761381736
3691,-0.00104525501447253
3692,-0.00213126484979383
3693,-0.00312270104481897
3694,-0.00441532339781302
3695,-0.00559585773575306
3696,-0.00591142976639259
3697,-0.0055435686894709
3698,-0.00609371269183903
3699,-0.00913709346449811
3700,-0.014162247976583
3701,-0.0185336985368535
3702,-0.0199354409445143
3703,-0.0185500623813191
3704,-0.016434646858699
3705,-0.0150641830919367
3706,-0.0141092867567585
3707,-0.0125387043493109
3708,-0.0101539811095451
3709,-0.00764836190581052
3710,-0.00563511281213119
3711,-0.00415027625624271
3712,-0.00294022015883209
3713,-0.0018021681347057
3714,-0.000692466403436474
3715,0.000163118403417341
3716,0.000376122493539007
3717,5.93780328483739E-05
3718,0.000353459736980478
3719,0.00264652547609589
3720,0.0068776942745053
3721,0.0110121278121037
3722,0.0127643244530028
3723,0.0117989288916103
3724,0.00985044239269864
3725,0.00870887707319872
3726,0.00850276027915416
3727,0.00803240677335971
3728,0.00634935458840326
3729,0.00368003671154604
3730,0.00100495915275182
3731,-0.000926280199986317
3732,-0.00215853877985622
3733,-0.00327267266712038
3734,-0.00457863470124311
3735,-0.00560249000562519
3736,-0.00566941220877604
3737,-0.00516630527384147
3738,-0.00581668555738686
3739,-0.0090760449423692
3740,-0.0142119221509992
3741,-0.018538786935509
3742,-0.0198895598515539
3743,-0.0185515002825333
3744,-0.0165009069173569
3745,-0.0151094391564477
3746,-0.0141104172734184
3747,-0.0126040644368043
3748,-0.0103630862774539
3749,-0.00790842206965533
3750,-0.0057923635272874
3751,-0.00420617839672095
3752,-0.00305512846098289
3753,-0.00208003593127736
3754,-0.00105210301940265
3755,-0.000130761498707328
3756,0.000188558466601952
3757,-8.52889527059277E-05
3758,0.000211166136489291
3759,0.00253627834830358
3760,0.0068279763430451
3761,0.0109975343457165
3762,0.0127459745414896
3763,0.0117743765002896
3764,0.00983407491162153
3765,0.00868584865910665
3766,0.00843290440519942
3767,0.00789300632405579
3768,0.00615054140163593
3769,0.00343739334741459
3770,0.000723796553913405
3771,-0.0012242866665704
3772,-0.00240837171298181
3773,-0.00340441487791222
3774,-0.00460735224616419
3775,-0.0056601331613474
3776,-0.0058982629533278
3777,-0.00555815385969971
3778,-0.00619083297345421
3779,-0.00925474197296636
3780,-0.0142009811698623
3781,-0.0184921796158195
3782,-0.0199081394575725
3783,-0.018583434847478
3784,-0.0164600340602881
3785,-0.0150203611422922
3786,-0.0140716712863846
3787,-0.0126461202314673
3788,-0.0104256337899959
3789,-0.00795617476064738
3790,-0.00586966725065518
3791,-0.00434046590183379
3792,-0.00317238570585588
3793,-0.00208167064110317
3794,-0.000950683642229574
3795,-4.6711709861516E-05
3796,0.000162677089664617
3797,-0.000203377857215489
3798,7.19531668922773E-05
3799,0.0024166688652569
3800,0.00674207463905535
3801,0.0109793095572924
3802,0.0128333208221918
3803,0.0119400993151169
3804,0.00996901804217382
3805,0.00868472095374407
3806,0.00830543265225357
3807,0.00777815223664653
3808,0.00620012504454408
3809,0.00367259210530637
3810,0.00101286860151622
3811,-0.00103408795304886
3812,-0.00234543772510299
3813,-0.00337484724984742
3814,-0.0045263464812639
3815,-0.00554042005775153
3816,-0.00580233128897109
3817,-0.00551366612183357
3818,-0.00619004258671951
3819,-0.00930059853666275
3820,-0.014297202073971
3821,-0.0186029811920373
3822,-0.019993239303851
3823,-0.0186805763666643
3824,-0.0166677320858099
3825,-0.0153640165435837
3826,-0.0144358330978249
3827,-0.0128854403972153
3828,-0.0105072715316298
3829,-0.00794106579248761
3830,-0.00578982683177809
3831,-0.00417910692904978
3832,-0.00296313510411207
3833,-0.00193133112064913
3834,-0.000911985331836026
3835,-3.35606723965308E-05
3836,0.000260801656674139
3837,-4.96549983359135E-05
3838,0.000145343438667552
3839,0.00236077818352547
3840,0.00666528086538177
3841,0.0109860786542465
3842,0.012868124056327
3843,0.0118726870030593
3844,0.00980472126212541
3845,0.00858995597161371
3846,0.00839208360316904
3847,0.0079391084140064
3848,0.00623458025548409
3849,0.00354769719175514
3850,0.00091365097380287
3851,-0.000940416844963913
3852,-0.00212810339448943
3853,-0.00326399973081342
3854,-0.00465040862678434
3855,-0.005806388212555
3856,-0.0060331371213885
3857,-0.00562712386666281
3858,-0.00620793395006422
3859,-0.0092507279436916
3860,-0.0141883966843203
3861,-0.0184778307985295
3862,-0.0199182636834847
3863,-0.018657024995008
3864,-0.0166112496508992
3865,-0.0152133532293417
3866,-0.0142401840113809
3867,-0.0127377197330039
3868,-0.0104210491785944
3869,-0.00785201467226604
3870,-0.00566706476843902
3871,-0.00407195197286169
3872,-0.00292662749571274
3873,-0.00196420306273356
3874,-0.000995877979224091
3875,-0.000178477075607622
3876,6.2978860663283E-05
3877,-0.000219220277718779
3878,8.85984822540311E-05
3879,0.00237532313001782
3880,0.0065961727262178
3881,0.0107505066290244
3882,0.0125830774688179
3883,0.0117357498382607
3884,0.00985886835931997
3885,0.00867395260376241
3886,0.00834570853091114
3887,0.00780005888993035
3888,0.00617397846964422
3889,0.00363658060337913
3890,0.00103351120554797
3891,-0.000930939833107643
3892,-0.00220329910009215
3893,-0.00327171599111256
3894,-0.00450958945083649
3895,-0.00558353562138505
3896,-0.00581813328304712
3897,-0.00542571228900068
3898,-0.00601510693835538
3899,-0.00915895099604064
3900,-0.0143104499174299
3901,-0.0187612357714379
3902,-0.0201421035037709
3903,-0.0186711345792468
3904,-0.0165164143435471
3905,-0.0152297106568922
3906,-0.0144306910471516
3907,-0.0129491779129535
3908,-0.0105028070929976
3909,-0.00783999467481235
3910,-0.00569495853126091
3911,-0.00416043544977263
3912,-0.00295361567658552
3913,-0.00184440423200021
3914,-0.000806188052018925
3915,-5.81188266156172E-05
3916,8.59996426049548E-05
3917,-0.000206783583284658
3918,0.000136887531050982
3919,0.00239060094944794
3920,0.00651567871512029
3921,0.0106542871968051
3922,0.0126292327166836
3923,0.0119632269986441
3924,0.0101285929854443
3925,0.00883688227005663
3926,0.00841226983645627
3927,0.00788745499981142
3928,0.00631984779166652
3929,0.00373961947196945
3930,0.000985369843181534
3931,-0.00111656061297126
3932,-0.00241899023821243
3933,-0.00342645966177853
3934,-0.00457681857283392
3935,-0.00558070942727839
3936,-0.00579057018966061
3937,-0.00542940309614808
3938,-0.00605815808230089
3939,-0.00916316828876822
3940,-0.014192181044399
3941,-0.0185708465967649
3942,-0.0200648482320825
3943,-0.0188376883231702
3944,-0.0168369883960148
3945,-0.0154704116065892
3946,-0.0144548741704157
3947,-0.0128423822520959
3948,-0.0104560263579853
3949,-0.00796255481484634
3950,-0.00597136107716805
3951,-0.00454078888734224
3952,-0.00340749407669102
3953,-0.00231545066077457
3954,-0.00118314672168943
3955,-0.00025127887688111
3956,5.76942840776283E-05
3957,-0.000155441013923319
3958,0.000242164150987577
3959,0.00260203384518993
3960,0.00682499928718442
3961,0.0108983263593231
3962,0.0126166291409044
3963,0.0116906494648392
3964,0.0097926896009165
3965,0.00860322741767829
3966,0.00824106425716726
3967,0.00764688921570291
3968,0.00601741917062588
3969,0.00354221025388389
3970,0.00100725291898334
3971,-0.00095316717652141
3972,-0.00226958170814135
3973,-0.00334308079767647
3974,-0.00451170700751449
3975,-0.00552280732888815
3976,-0.00579278424500856
3977,-0.00548904999773006
3978,-0.00606685445153323
3979,-0.00904051965428273
3980,-0.0140167381259167
3981,-0.0184924517378667
3982,-0.0200924084254022
3983,-0.0187973726010683
3984,-0.0165832371240907
3985,-0.0150872585782284
3986,-0.0141808090021877
3987,-0.012798713141016
3988,-0.0105104106455537
3989,-0.00789044051275397
3990,-0.00571391719642101
3991,-0.0042488505330429
3992,-0.00323482861126161
3993,-0.00222956355877711
3994,-0.0010272240987656
3995,3.28089718424157E-05
3996,0.000335728135568588
3997,-5.54478934813641E-05
3998,0.000157992291211655
3999,0.0024931750759314
4000,0.0068293019227318
4001,0.0110043120334782
4002,0.0127355851570384
4003,0.0117950633774444
4004,0.0099268866305301
4005,0.00877909745612697
4006,0.00838923344595714
4007,0.00769056024068122
4008,0.0059548672312506
4009,0.00343099174698544
4010,0.000895519971647739
4011,-0.00105280199967817
4012,-0.00236456054299401
4013,-0.00345865942877799
4014,-0.00468905084017863
4015,-0.00577336731817985
4016,-0.00605432422271066
4017,-0.00567311839896417
4018,-0.00616270877482866
4019,-0.00912682780651072
4020,-0.014147238368856
4021,-0.0186212771872631
4022,-0.0201615750389127
4023,-0.0188575033916301
4024,-0.0167481324432723
4025,-0.015373897555401
4026,-0.0144772520840956
4027,-0.0130194505228816
4028,-0.0107061160963009
4029,-0.00814364532725758
4030,-0.00598693545091892
4031,-0.00443356470951613
4032,-0.00333773086335416
4033,-0.0023993597703698
4034,-0.00135747458601745
4035,-0.000352600320388124
4036,7.37345002373449E-05
4037,-0.000167697278512022
4038,5.17797240959491E-05
4039,0.0022791874708548
4040,0.00656049772003407
4041,0.0108073277361913
4042,0.0126384852200836
4043,0.0117013329387734
4044,0.00974349952885575
4045,0.00852970214149285
4046,0.0081998030517146
4047,0.00768314982476926
4048,0.00614587420287685
4049,0.003704696109616
4050,0.00107866059552378
4051,-0.00105431501809043
4052,-0.00248014017277375
4053,-0.0035175521699736
4054,-0.0045924119160572
4055,-0.00559818273938383
4056,-0.0059693590290229
4057,-0.00575551821710664
4058,-0.00632399529384698
4059,-0.00923174003420084
4060,-0.0141751497599286
4061,-0.0186649418996126
4062,-0.0202693280586797
4063,-0.018936979632033
4064,-0.0166742495536531
4065,-0.0151638157641825
4066,-0.0142919309014413
4067,-0.0129832743329389
4068,-0.0107822120202148
4069,-0.00820868802581571
4070,-0.00596490599262866
4071,-0.00430102196953022
4072,-0.00305697901433178
4073,-0.00195465979897549
4074,-0.0008625827071706
4075,-1.61757885571894E-05
4076,0.000151585141011408
4077,-0.00022679341053306
4078,5.042637403718E-05
4079,0.00238668352661007
4080,0.00668515293972788
4081,0.0108957985189965
4082,0.0127554993572052
4083,0.0119161339430966
4084,0.0100251919612852
4085,0.00880248963634338
4086,0.00843873357124375
4087,0.00789503507351829
4088,0.00629970144346918
4089,0.00375858840079329
4090,0.00106349116489102
4091,-0.00105354820937912
4092,-0.00244195748099459
4093,-0.00352179128545436
4094,-0.00470614769976325
4095,-0.00576567067577391
4096,-0.00605680978597225
4097,-0.00568069048612254
4098,-0.00610091613450613
4099,-0.00890764229088713
4100,-0.013781715038615
4101,-0.0182481329743948
4102,-0.0199219929807408
4103,-0.0187559962692753
4104,-0.0166825389095208
4105,-0.0152896676722229
4106,-0.0144238751187756
4107,-0.0130371679850839
4108,-0.0107299712062194
4109,-0.00807970460796422
4110,-0.00583967838255506
4111,-0.00427940640915369
4112,-0.00318811102651432
4113,-0.00218030972339948
4114,-0.0010511827426173
4115,-7.90379042003316E-05
4116,0.000182688338574598
4117,-0.000201979152803652
4118,1.33255988184169E-05
4119,0.00230439261329209
4120,0.0065719160089259
4121,0.0107241632613623
4122,0.0125299899610832
4123,0.0117371655089397
4124,0.0100028040957976
4125,0.00890523767772756
4126,0.0085008642457033
4127,0.0078086130411358
4128,0.00614906925159946
4129,0.00371659215976553
4130,0.00119355684287498
4131,-0.000828046900795962
4132,-0.00219389839975387
4133,-0.00323553773195928
4134,-0.00436126527927852
4135,-0.00542597194180347
4136,-0.00581029257113447
4137,-0.00552875280617638
4138,-0.00597609460884029
4139,-0.00878565399763859
4140,-0.0137029855126111
4141,-0.0182218261424627
4142,-0.0198854856722636
4143,-0.0186700329576063
4144,-0.0166048521653742
4145,-0.0152892780909833
4146,-0.0144600176975216
4147,-0.0130074880817232
4148,-0.010632119001085
4149,-0.00803021844312786
4150,-0.00589411625049021
4151,-0.00431810521972439
4152,-0.00306329088866281
4153,-0.0019320264535432
4154,-0.000871493106802586
4155,-5.77736468810771E-05
4156,0.000169971033389664
4157,-0.000101211870067576
4158,0.000184982498916556
4159,0.00239196824299007
4160,0.00655578168626865
4161,0.0107620390622187
4162,0.0127219378677957
4163,0.0119584823469797
4164,0.0100580478698861
4165,0.00879202276999969
4166,0.00841313218670873
4167,0.00787679793641553
4168,0.00627172994170515
4169,0.00369510142790948
4170,0.000972361242168776
4171,-0.0011173828973284
4172,-0.00240084447919209
4173,-0.00333662616789681
4174,-0.00443393659416021
4175,-0.005529997787706
4176,-0.00592711352622452
4177,-0.00560216596192866
4178,-0.00598929592539651
4179,-0.00879096071269978
4180,-0.0137706650816581
4181,-0.0183567663114897
4182,-0.0200099239154628
4183,-0.0187074682464835
4184,-0.0165658318640207
4185,-0.0152394307535093
4186,-0.0144146988230167
4187,-0.0129148400896645
4188,-0.0104829239037778
4189,-0.0079290269110625
4190,-0.00596453731050693
4191,-0.00455826419379124
4192,-0.00334807823910703
4193,-0.00214540451402376
4194,-0.00097884473328114
4195,-5.64092371660269E-05
4196,0.000283727706755287
4197,7.1375326710284E-05
4198,0.000290601142824084
4199,0.00236188662756392
4200,0.00649678283263295
4201,0.0108584155457713
4202,0.0130107546818762
4203,0.0122755332152227
4204,0.0102315177654925
4205,0.00882124958735342
4206,0.00841056485421716
4207,0.00790051989463317
4208,0.00630282685369378
4209,0.00375165750521345
4210,0.00113484265552864
4211,-0.00083146978456427
4212,-0.00210762409134495
4213,-0.00316467569286727
4214,-0.00437092100868469
4215,-0.00546158834578443
4216,-0.00581221848591773
4217,-0.00552660566486098
4218,-0.00602253643741311
4219,-0.00886496277822048
4220,-0.0137659179616222
4221,-0.0182692684235656
4222,-0.0199472887404621
4223,-0.0187134632790822
4224,-0.0165327552874983
4225,-0.0150491900290371
4226,-0.0141114970617847
4227,-0.0126538774004164
4228,-0.0103165769388597
4229,-0.00773673126557827
4230,-0.00563549363795403
4231,-0.00417265918653
4232,-0.0030967563832643
4233,-0.00209686843352848
4234,-0.00101397921885769
4235,-4.55761192556497E-05
4236,0.000322941570201649
4237,4.17662032230089E-05
4238,0.000178271753789664
4239,0.00225477890864269
4240,0.00646394381395401
4241,0.0108879736342648
4242,0.013072087083274
4243,0.012371817845214
4244,0.0103647128827507
4245,0.00896603515937996
4246,0.00857019216765501
4247,0.0081399043261414
4248,0.00666296308523659
4249,0.00415327190623131
4250,0.00143466198358715
4251,-0.000689638934453398
4252,-0.00205732158858064
4253,-0.00313348363802644
4254,-0.00435797834435022
4255,-0.00546296760229969
4256,-0.00574247550525501
4257,-0.0052983502409411
4258,-0.00568250747931273
4259,-0.00856906417632344
4260,-0.0136052510746969
4261,-0.0181838168895468
4262,-0.0198390684621504
4263,-0.0185890339501406
4264,-0.0164834753571109
4265,-0.0151228294004274
4266,-0.0142647721998488
4267,-0.012828049383445
4268,-0.010505630271216
4269,-0.00795697171538154
4270,-0.00585947147523315
4271,-0.0043225764177861
4272,-0.00310179207658282
4273,-0.00195645402285307
4274,-0.000822153705200665
4275,4.83043956890364E-05
4276,0.000217875842118055
4277,-0.000219124799095737
4278,-7.64306120784002E-05
4279,0.00213432517731159
4280,0.00644918878683476
4281,0.0108455200677126
4282,0.0129224055936789
4283,0.0121551779951433
4284,0.0101515423729353
4285,0.00875993509007077
4286,0.00833064951326621
4287,0.00786239044832181
4288,0.00638613147917952
4289,0.00390239830244294
4290,0.00120770090237136
4291,-0.000879600521039367
4292,-0.0021787712993764
4293,-0.00320014199384959
4294,-0.00445591949340762
4295,-0.00567590031061599
4296,-0.0060646462793526
4297,-0.00565254004961703
4298,-0.00601204112030558
4299,-0.00887766103039717
4300,-0.013913952695336
4301,-0.0184964753254448
4302,-0.0201693802217232
4303,-0.0189816868871711
4304,-0.0169638314397396
4305,-0.0156328219904673
4306,-0.0146869329745419
4307,-0.0130867839464044
4308,-0.0106244997096581
4309,-0.00800796852977553
4310,-0.00588402953578747
4311,-0.00433150633506091
4312,-0.00313427096356422
4313,-0.00208309458129066
4314,-0.00106190829200933
4315,-0.000219869142542685
4316,3.10814739736203E-05
4317,-0.000312334782644256
4318,-0.000159454165488479
4319,0.00200710607292302
4320,0.00631140254572189
4321,0.0107239176799986
4322,0.0127540123786484
4323,0.0118829085387945
4324,0.00986954931838086
4325,0.00865160992957245
4326,0.00843996279499469
4327,0.0080263812431023
4328,0.00644866580508542
4329,0.00389983693039136
4330,0.00124655050638147
4331,-0.000850241148866046
4332,-0.00231520798429356
4333,-0.00349033829427494
4334,-0.00466656354853382
4335,-0.00564754657862104
4336,-0.00593055377923232
4337,-0.00564396807398144
4338,-0.00613298825127865
4339,-0.00892551689553762
4340,-0.0137870119506613
4341,-0.0183051300639987
4342,-0.0200047716610722
4343,-0.0187385661878196
4344,-0.0165086435269186
4345,-0.0150496449940234
4346,-0.0142145796070272
4347,-0.0128412508837058
4348,-0.0105088845352172
4349,-0.00789851881859927
4350,-0.00578096089055085
4351,-0.00427959928192965
4352,-0.00309706871034776
4353,-0.00197931323506413
4354,-0.000868915844659646
4355,4.47613541845953E-05
4356,0.00039463719571605
4357,0.00018532436692951
4358,0.000387100668271666
4359,0.00240730427724363
4360,0.00646264582597341
4361,0.0107597401944462
4362,0.0129167615473643
4363,0.0122662230092422
4364,0.0103412861594614
4365,0.00902727507299904
4366,0.00866885038665805
4367,0.00818330753739331
4368,0.00660111549837259
4369,0.00405234619098208
4370,0.00140527665272845
4371,-0.000630731003841315
4372,-0.00199181477023159
4373,-0.00310996294620045
4374,-0.00434179148848637
4375,-0.00545175113931281
4376,-0.00583618565765779
4377,-0.00555603407186407
4378,-0.00595763700400057
4379,-0.00861680440844177
4380,-0.013379251489183
4381,-0.0179248589176936
4382,-0.0198095492466382
4383,-0.0187901275318335
4384,-0.0167069535978553
4385,-0.01522640439369
4386,-0.0142914542639629
4387,-0.0128666834776421
4388,-0.0105476370826627
4389,-0.00794196529951533
4390,-0.00578957326299633
4391,-0.00426143779071293
4392,-0.00309045284261233
4393,-0.001985062781147
4394,-0.00086193504702124
4395,4.26487787236152E-05
4396,0.000321457765196366
4397,3.79801676892534E-05
4398,0.000249049853139736
4399,0.00233372446339353
4400,0.00639240615215583
4401,0.0106139238329525
4402,0.012755674044205
4403,0.0122521967677423
4404,0.010526220051494
4405,0.00926164460352403
4406,0.00877632915869408
4407,0.00816314918738893
4408,0.00658102758307544
4409,0.00408186014539902
4410,0.00139947828569249
4411,-0.000735403459419662
4412,-0.00213027950703737
4413,-0.00319094462666976
4414,-0.00437972838764581
4415,-0.00551241032994539
4416,-0.00589581934139477
4417,-0.005522014818723
4418,-0.00583594675747473
4419,-0.00855934477619563
4420,-0.0135112444876446
4421,-0.0181870135242485
4422,-0.0200356709738117
4423,-0.0189041917897143
4424,-0.0167752798281374
4425,-0.0153347908984991
4426,-0.0144531562092626
4427,-0.0130661063682093
4428,-0.0107953507433463
4429,-0.00823263558448956
4430,-0.00605461165463366
4431,-0.00443687417671383
4432,-0.0032212790869205
4433,-0.00219296228203241
4434,-0.0011941563086167
4435,-0.00032691281593136
4436,8.54662265594679E-06
4437,-0.00025261402569438
4438,-0.000122858719062218
4439,0.00188229765531879
4440,0.00599873269902989
4441,0.0103731691716072
4442,0.0125787100786731
4443,0.011966999209053
4444,0.0100898859196903
4445,0.00879438731660729
4446,0.0083880333268938
4447,0.00783259767159757
4448,0.00624261939152354
4449,0.00375050818220844
4450,0.00113033223921885
4451,-0.000961095230241176
4452,-0.00237564035234108
4453,-0.00343254881433711
4454,-0.00452542784732004
4455,-0.00558719511493384
4456,-0.0060956483139328
4457,-0.00598447154220566
4458,-0.00642489996869427
4459,-0.00900202593751828
4460,-0.0137340931408735
4461,-0.0183884822080245
4462,-0.0203983256648743
4463,-0.0193602392451976
4464,-0.0171422527151379
4465,-0.0155931807667665
4466,-0.0147559146911313
4467,-0.013491609398768
4468,-0.0112220638611798
4469,-0.0085040473110292
4470,-0.0061779796946744
4471,-0.00454747569318156
4472,-0.00339992051493914
4473,-0.00239625516379392
4474,-0.00134528173814043
4475,-0.00039964674340517
4476,2.32000525869167E-06
4477,-0.000217885120843694
4478,-0.000109535942731916
4479,0.00178343255968383
4480,0.00576260731464458
4481,0.0101093950722763
4482,0.0124447224801697
4483,0.0119988760858259
4484,0.0101643300356683
4485,0.00878283938675364
4486,0.0083109379343586
4487,0.00782264590678192
4488,0.00638170735143387
4489,0.00399705992312896
4490,0.00140222347905101
4491,-0.000698902674547708
4492,-0.00213267105087954
4493,-0.00323781506109495
4494,-0.004379583191412
4495,-0.00539414491182483
4496,-0.00572715052282933
4497,-0.00543983275380538
4498,-0.00586526471629723
4499,-0.00857599505491741
4500,-0.0134013177880883
4501,-0.0179721341253166
4502,-0.0198030365566268
4503,-0.018681911269256
4504,-0.0165460068487941
4505,-0.0151222573809921
4506,-0.0142957740070462
4507,-0.0129141017683176
4508,-0.0105423777281708
4509,-0.00788856226897449
4510,-0.0057919816060468
4511,-0.00438325829720376
4512,-0.00325898285741917
4513,-0.00206423526790182
4514,-0.00079262355945708
4515,0.000210742603751817
4516,0.000512176221873242
4517,0.000205510682935941
4518,0.000353523472984365
4519,0.00232578886148253
4520,0.00626029461426206
4521,0.0104103991049128
4522,0.0125390987160941
4523,0.012026017827637
4524,0.0102784515691158
4525,0.00904316531166595
4526,0.00868299667994099
4527,0.00823214494712483
4528,0.00675115959625079
4529,0.00427045901429274
4530,0.00157579724290415
4531,-0.000573445698644749
4532,-0.00200337483917292
4533,-0.00311552149395581
4534,-0.00432800502166229
4535,-0.0054511123194374
4536,-0.00585401666267722
4537,-0.00555944424591876
4538,-0.00593313965959445
4539,-0.00860030480338104
4540,-0.0134151433522494
4541,-0.0180151602982351
4542,-0.0199123612988658
4543,-0.0188501801856478
4544,-0.0166839249444012
4545,-0.0151236801673844
4546,-0.0141775704080526
4547,-0.0128408620966579
4548,-0.0106453619006689
4549,-0.00808511764590903
4550,-0.00587005402309316
4551,-0.00427450860240125
4552,-0.00314078724323621
4553,-0.0021444352986413
4554,-0.00106789559132124
4555,-9.61732502120249E-05
4556,0.000257719015888321
4557,-6.18437850439183E-05
4558,3.60390057747947E-05
4559,0.00208154811173495
4560,0.0062493018433344
4561,0.0106223367343972
4562,0.0127843505759447
4563,0.0121212551372111
4564,0.0101844903450559
4565,0.00882628593151979
4566,0.0084080357206437
4567,0.00793102352055981
4568,0.00646281889470693
4569,0.00406320426261739
4570,0.00151543698936589
4571,-0.00047237908227435
4572,-0.00179454212977207
4573,-0.00288917508902965
4574,-0.00414846004293314
4575,-0.00530873869132715
4576,-0.00567321095270945
4577,-0.00526305256299883
4578,-0.005516774360471
4579,-0.00815729935623293
4580,-0.0130799785711277
4581,-0.0178569722330027
4582,-0.0198725736054282
4583,-0.0188033525761281
4584,-0.0165716117901532
4585,-0.0150045299834539
4586,-0.0141245565074487
4587,-0.01282025411835
4588,-0.0105469527121712
4589,-0.0078679244874619
4590,-0.00562640007606786
4591,-0.00413484633950585
4592,-0.00315271241089584
4593,-0.00225535500245125
4594,-0.00117527953909094
4595,-8.65539998414043E-05
4596,0.000461649218239416
4597,0.000300161119776091
4598,0.000397362966073919
4599,0.00229741985636425
4600,0.00634206584998451
4601,0.0107479905436604
4602,0.0130419702252784
4603,0.0124518075291244
4604,0.0104759779076675
4605,0.00905682519122674
4606,0.00863459390689912
4607,0.00817068308675713
4608,0.00664384285638601
4609,0.00409225627989471
4610,0.0013599796669717
4611,-0.000760366758654509
4612,-0.0021045577533614
4613,-0.00310912813818424
4614,-0.00423732367505507
4615,-0.00532598818155274
4616,-0.00571945301664434
4617,-0.00538895754138154
4618,-0.00570152321511057
4619,-0.00835668491263003
4620,-0.0132580352511507
4621,-0.0179797802479764
4622,-0.0199264703588524
4623,-0.0188342860354084
4624,-0.0166552347742775
4625,-0.0151450719545957
4626,-0.0142287870388189
4627,-0.0128201974797055
4628,-0.0105150610715066
4629,-0.00794057596347366
4630,-0.00581291871216923
4631,-0.0042690046027554
4632,-0.0030674346292842
4633,-0.0019717340649822
4634,-0.000887916781439783
4635,1.8373973757779E-05
4636,0.000351474616955054
4637,8.56992510959934E-05
4638,0.000215120761016881
4639,0.00219819805074562
4640,0.00626901569645761
4641,0.0106218183955603
4642,0.0128771217938497
4643,0.0123690844798673
4644,0.0105668532942626
4645,0.00924526168682649
4646,0.0087293900512553
4647,0.00808403367347053
4648,0.00652192729642128
4649,0.00417715020518886
4650,0.00172370343565704
4651,-0.000302492753739137
4652,-0.00180135558573206
4653,-0.00303434494852065
4654,-0.00427912700385796
4655,-0.00538444626502107
4656,-0.00583352265917849
4657,-0.00562696701203379
4658,-0.00598219253976234
4659,-0.00847704503137401
4660,-0.0131271281396578
4661,-0.0177548917871621
4662,-0.0198488219943183
4663,-0.0189578674774029
4664,-0.0168185695621563
4665,-0.0152178238902721
4666,-0.0142932466625105
4667,-0.0130399793632869
4668,-0.0108781089318775
4669,-0.00823695597804298
4670,-0.00588319494909299
4671,-0.00419293848469819
4672,-0.003052668762326
4673,-0.00210203110612597
4674,-0.00105335896505644
4675,-5.1352253993675E-05
4676,0.000355850731937358
4677,2.40626379146956E-05
4678,3.98307167106744E-06
4679,0.00190830516967686
4680,0.00604279149895247
4681,0.0105144383499231
4682,0.0127968676404949
4683,0.0121810000743347
4684,0.0102496862870433
4685,0.00892549039268635
4686,0.0085413364869609
4687,0.00800896908539646
4688,0.00640241720537533
4689,0.00390690812410093
4690,0.00139102730044437
4691,-0.000496514062322888
4692,-0.0017597013036729
4693,-0.00285929429245516
4694,-0.00414060179008372
4695,-0.00533096022792633
4696,-0.00577046617869687
4697,-0.00546643292447801
4698,-0.00576450498844869
4699,-0.00831920708972749
4700,-0.0130805149118186
4701,-0.0177593003997702
4702,-0.0198317373786805
4703,-0.0189356042167051
4704,-0.0168599891481684
4705,-0.0153191387096857
4706,-0.0143388219594517
4707,-0.012920260225492
4708,-0.0106323571718956
4709,-0.00804449640654024
4710,-0.00589620960710188
4711,-0.00438201998388095
4712,-0.00322387830188864
4713,-0.00207098934121628
4714,-0.0008129960594823
4715,0.000223657696145656
4716,0.000479833811395825
4717,-1.12218242673975E-05
4718,-1.25364646057554E-05
4719,0.00207497757178612
4720,0.00634654368715472
4721,0.0107449803211461
4722,0.0128332708370712
4723,0.0121446420628308
4724,0.0103539771813994
4725,0.00920772154044011
4726,0.0088216998960471
4727,0.00812186372861058
4728,0.00638721813631585
4729,0.00391888832750182
4730,0.00148423423799008
4731,-0.000416281428979734
4732,-0.00178504567993448
4733,-0.00297543773508534
4734,-0.00428853483219453
4735,-0.00549381147766156
4736,-0.00593920859026492
4737,-0.00557705854109235
4738,-0.00575659634638782
4739,-0.00824840972539914
4740,-0.0130884555316969
4741,-0.0178999200687506
4742,-0.0199855196630075
4743,-0.018942551584881
4744,-0.0167008575407037
4745,-0.0151143049660708
4746,-0.0141926729623218
4747,-0.0128294876259525
4748,-0.0105459393324763
4749,-0.00794433474870743
4750,-0.00578672541448032
4751,-0.00425464005070766
4752,-0.00308842473915856
4753,-0.00199698904635028
4754,-0.000872978187753844
4755,6.0781146328481E-05
4756,0.000344588190910763
4757,-2.72312329263874E-05
4758,4.68603520414496E-05
4759,0.00210905422226847
4760,0.00634492324615729
4761,0.0108010335382565
4762,0.013007729889113
4763,0.0123679042666135
4764,0.0104977496802188
4765,0.00922891354837763
4766,0.0088011150380659
4767,0.00816972602491608
4768,0.00654241829360363
4769,0.00413480612916602
4770,0.00166997208968541
4771,-0.000352102808598458
4772,-0.00188104779783774
4773,-0.00315916877926379
4774,-0.00439612350008476
4775,-0.00541209093674499
4776,-0.00573917179781051
4777,-0.00544918827390704
4778,-0.00578144701921687
4779,-0.00827902170882429
4780,-0.0129178887340269
4781,-0.0175203291318755
4782,-0.0196089316634239
4783,-0.0187617906165939
4784,-0.0167085558404145
4785,-0.0151956813980029
4786,-0.0143206870187516
4787,-0.0130769001660768
4788,-0.0109258943773813
4789,-0.00834165445468485
4790,-0.00608765940489671
4791,-0.00448209293258313
4792,-0.00335121119667156
4793,-0.00232880928105763
4794,-0.00117266603902903
4795,-7.12180119745937E-05
4796,0.000415955888844406
4797,0.000137660425040647
4798,0.000111851975675045
4799,0.00192695943554515
4800,0.00593745964794447
4801,0.0103601381642063
4802,0.0127277877125036
4803,0.0122565931532313
4804,0.0103915490922432
4805,0.00901941651486445
4806,0.00858902531395112
4807,0.00812897353127225
4808,0.00665707665305273
4809,0.00416787540517909
4810,0.00143491415718308
4811,-0.000753500899110238
4812,-0.00216605402349475
4813,-0.00319261229021663
4814,-0.00433346101228072
4815,-0.00549256790924001
4816,-0.00600308321109848
4817,-0.00572925392132853
4818,-0.00595128006332309
4819,-0.00842475994284822
4820,-0.0132228019138016
4821,-0.0180285555204937
4822,-0.0201695230728405
4823,-0.0192017738216697
4824,-0.0169986563693745
4825,-0.0154203730084555
4826,-0.0145338993965194
4827,-0.0132459786148273
4828,-0.0110094474991062
4829,-0.00836599990482672
4830,-0.00611812983787577
4831,-0.00454468506235097
4832,-0.00341058053666858
4833,-0.00233859701016662
4834,-0.00113139811487347
4835,-3.13958094881998E-05
4836,0.000387316544885906
4837,1.9735825398548E-05
4838,-3.52853088411303E-05
4839,0.00185301818295431
4840,0.00598527688531455
4841,0.010468625546301
4842,0.012786411854739
4843,0.0122161716705407
4844,0.0102889700686865
4845,0.00889317608184525
4846,0.00842202846315346
4847,0.00791583483267254
4848,0.00649868805254961
4849,0.00422447681289284
4850,0.00175345078583176
4851,-0.000325080893988545
4852,-0.00184119115407001
4853,-0.0030269243897449
4854,-0.00418556926347798
4855,-0.00521249929363124
4856,-0.0056154986699182
4857,-0.00539006731060374
4858,-0.00574672937588205
4859,-0.00827366935567311
4860,-0.0129949423376843
4861,-0.0177098540322699
4862,-0.0198615059415355
4863,-0.0189804066637597
4864,-0.0168362007325802
4865,-0.0152569222297358
4866,-0.0143672519542514
4867,-0.0131047420072852
4868,-0.0108718820454749
4869,-0.00817100698311138
4870,-0.00586362548665376
4871,-0.00432093289155208
4872,-0.00330586426509002
4873,-0.00234212223120839
4874,-0.00116125610603387
4875,-3.63375509126065E-05
4876,0.000394087251674
4877,1.98332420932301E-05
4878,-2.02759519094466E-05
4879,0.00190969901957139
4880,0.006063158067674
4881,0.0105128368560593
4882,0.0127715197651727
4883,0.012185626794906
4884,0.0103301296728863
4885,0.0090721307991405
4886,0.00872464299794641
4887,0.00823915819905415
4888,0.00671246491350662
4889,0.00426650345311485
4890,0.00167360716438615
4891,-0.000420481805929609
4892,-0.00188854575700485
4893,-0.00304576888258829
4894,-0.00423031438696101
4895,-0.00530570962736001
4896,-0.00573431685668321
4897,-0.00550296896284228
4898,-0.00584717186413414
4899,-0.00837731094700429
4900,-0.0131095389302746
4901,-0.0178133040762074
4902,-0.0199178156465282
4903,-0.0189827852828367
4904,-0.0168227978084644
4905,-0.0152652980981819
4906,-0.0143759492150226
4907,-0.0130516059999911
4908,-0.0107444440946801
4909,-0.0080504459179513
4910,-0.00584412020111332
4911,-0.00439638171243205
4912,-0.00337684187159587
4913,-0.00234386614014911
4914,-0.00115021674654849
4915,-0.000123453564392639
4916,0.000178374501476713
4917,-0.000234229185678545
4918,-0.000193130386856316
4919,0.00185880758018266
4920,0.00608452988773289
4921,0.0105429215614719
4922,0.0127985245896165
4923,0.0122312216576245
4924,0.0103800834154972
4925,0.00905679247358024
4926,0.0085973138173046
4927,0.00806552853970826
4928,0.00663616073327823
4929,0.00435917819052453
4930,0.00184635497594113
4931,-0.000317677252063078
4932,-0.00189626200149144
4933,-0.0030743465443777
4934,-0.00421075445932634
4935,-0.00529428198694953
4936,-0.00582281161275812
4937,-0.00566818196713121
4938,-0.00596199597697175
4939,-0.00837206472441275
4940,-0.0130581752481602
4941,-0.0178287661826408
4942,-0.0200082560384054
4943,-0.0190622304241786
4944,-0.0168462994891915
4945,-0.0152966066301839
4946,-0.0145115424791496
4947,-0.0133194943690596
4948,-0.01110170044643
4949,-0.00844314496370961
4950,-0.00622548396650562
4951,-0.00470159870055168
4952,-0.00354098695204776
4953,-0.00237059598137594
4954,-0.00112650896405584
4955,-0.000132871111264713
4956,0.000134510927358795
4957,-0.00027872542496726
4958,-0.000274661240113993
4959,0.00164117207344484
4960,0.00570265142192094
4961,0.0101095169845707
4962,0.0124544654755861
4963,0.0119921422990228
4964,0.0101506728472999
4965,0.00878326600768322
4966,0.00833670375080414
4967,0.00788463642592145
4968,0.00650252502444536
4969,0.00417926954203603
4970,0.00158040348896703
4971,-0.000627997376820466
4972,-0.00219641098312398
4973,-0.00334071963467242
4974,-0.00442445711730895
4975,-0.00542243352683801
4976,-0.00584986240945267
4977,-0.00561705451674433
4978,-0.00586288930913536
4979,-0.00823472024399957
4980,-0.0129002131913002
4981,-0.0177092054654738
4982,-0.0199901556591341
4983,-0.0191359296287256
4984,-0.0169184733090182
4985,-0.0152755228361652
4986,-0.0143944873573959
4987,-0.0131829199181741
4988,-0.011005056610546
4989,-0.00835520963661114
4990,-0.00605937812144024
4991,-0.00442816400988357
4992,-0.00325350569571374
4993,-0.0022089588806821
4994,-0.00112178723392682
4995,-0.000143933635695031
4996,0.000301429729347744
4997,0.000125118042592307
4998,0.000234949075233609
4999,0.00206796717047656
5000,0.00597286075627094
5001,0.0103021061656714
5002,0.012689906525866
5003,0.0123055093617954
5004,0.010473098462861
5005,0.00903315933343072
5006,0.00851644252740638
5007,0.00808088690691975
5008,0.00679140177344857
5009,0.00454527897059166
5010,0.00194226097242529
5011,-0.000321579345149432
5012,-0.00192756413985679
5013,-0.00308210673891747
5014,-0.00420017709619875
5015,-0.00527576304113307
5016,-0.00577064722078117
5017,-0.00554316138279755
5018,-0.00575424643210812
5019,-0.00810715124109831
5020,-0.0127749966354537
5021,-0.0175682889609282
5022,-0.0198101861209065
5023,-0.0189425755595451
5024,-0.0167718763213862
5025,-0.0152072692190657
5026,-0.0143857343709371
5027,-0.0131950684596166
5028,-0.0110030773782628
5029,-0.00830863990697744
5030,-0.00596460769787496
5031,-0.00433886190275968
5032,-0.00324189645714482
5033,-0.00226627529578112
5034,-0.00114138475509313
5035,-5.73060785314656E-05
5036,0.000396792563676744
5037,5.07650905864516E-05
5038,-3.73340744505609E-05
5039,0.00179752882869852
5040,0.00592824577184225
5041,0.0104926161731293
5042,0.0129393597499591
5043,0.0124961822760142
5044,0.0106690783635923
5045,0.00933072224025793
5046,0.00885256293007249
5047,0.00827488270042788
5048,0.00676098837916738
5049,0.00440553006690752
5050,0.00187368742679561
5051,-0.000247515029568234
5052,-0.00176204595709079
5053,-0.00289489943447375
5054,-0.00402426419794486
5055,-0.0051356664010188
5056,-0.00568836359462063
5057,-0.0054857668262509
5058,-0.00562173604964026
5059,-0.0078228357599984
5060,-0.0123835830938933
5061,-0.0172131854471991
5062,-0.019610298390983
5063,-0.0189040434984981
5064,-0.0168093240015516
5065,-0.0152249538452172
5066,-0.0143392409536008
5067,-0.013110180885388
5068,-0.0109524799456358
5069,-0.00834758679535267
5070,-0.00606540784735959
5071,-0.00440211983159125
5072,-0.00319759053368084
5073,-0.00215575959439237
5074,-0.00106952049829846
5075,-6.62437351057849E-05
5076,0.000370122605127864
5077,8.07383112486152E-05
5078,3.85817964727191E-05
5079,0.0018574693270836
5080,0.00596152859148472
5081,0.010549036211314
5082,0.0130286611393646
5083,0.0125353119745563
5084,0.0105739545005675
5085,0.0091341166743461
5086,0.00867993680680877
5087,0.0082062165504103
5088,0.00676380332742037
5089,0.00441361184429092
5090,0.00187638377764033
5091,-0.000234950862056717
5092,-0.00177278431348796
5093,-0.00297596632441154
5094,-0.00412326133547106
5095,-0.00509974597090681
5096,-0.00543397776072354
5097,-0.00513837449857431
5098,-0.00542708356890357
5099,-0.00791710400646278
5100,-0.012687012812011
5101,-0.0175410594708107
5102,-0.019832025374675
5103,-0.0189857638641065
5104,-0.0167754914004819
5105,-0.0151427223276075
5106,-0.0143063227882999
5107,-0.0131777982617386
5108,-0.0110514465617085
5109,-0.00835080563443385
5110,-0.00594649742181523
5111,-0.00427845673344944
5112,-0.00317757486007343
5113,-0.00218976187552564
5114,-0.0010174759270418
5115,0.000104125458139124
5116,0.00052544379199156
5117,8.16767550632062E-05
5118,-0.000102755177514989
5119,0.00169069297036722
5120,0.00582712273515843
5121,0.0103982418590492
5122,0.0128261142040886
5123,0.0123634260847277
5124,0.0105655330140492
5125,0.0093121781505579
5126,0.00890452336922217
5127,0.00829671640092079
5128,0.00666004355721387
5129,0.00420837946373248
5130,0.00170838988995675
5131,-0.000299094695292731
5132,-0.00176183558597096
5133,-0.00296547284520534
5134,-0.00419172810875505
5135,-0.00530690593598307
5136,-0.00578486405164941
5137,-0.00554480445697171
5138,-0.00573753895915239
5139,-0.00802853245073239
5140,-0.0126323078020666
5141,-0.0174469056280062
5142,-0.0197923462002066
5143,-0.0189967672827869
5144,-0.0167913785812204
5145,-0.0151570438774916
5146,-0.014357504172011
5147,-0.0133006171767617
5148,-0.0112538871192805
5149,-0.00862210573453298
5150,-0.00624779470914599
5151,-0.0045279509533734
5152,-0.00329289102678015
5153,-0.0021716008995122
5154,-0.000962816058290409
5155,0.000103446939082354
5156,0.000480523624685375
5157,6.97249407890683E-05
5158,-5.94621454629094E-05
5159,0.0017213717138219
5160,0.00578168187398468
5161,0.0102960933538379
5162,0.0127163643844042
5163,0.0122293733870885
5164,0.0103465188285722
5165,0.00902084961695732
5166,0.00865908930325012
5167,0.00819840983412277
5168,0.00667461861147055
5169,0.00421572006378913
5170,0.00165283146344691
5171,-0.000362549558407632
5172,-0.00177880276201663
5173,-0.00298354139651182
5174,-0.00430960402242205
5175,-0.00554682898531819
5176,-0.00605935777124233
5177,-0.00574634267684431
5178,-0.00582562643295913
5179,-0.00803152945908907
5180,-0.0126127965941733
5181,-0.0174865481303677
5182,-0.0199614352103293
5183,-0.0192813211116442
5184,-0.017061948143793
5185,-0.0152661220101501
5186,-0.0142805141591222
5187,-0.013138054195225
5188,-0.0110827131687888
5189,-0.0084089928906765
5190,-0.00596106293664135
5191,-0.00428291048762681
5192,-0.0032837630796458
5193,-0.00244274870422651
5194,-0.00132846909136051
5195,-0.000137610160850071
5196,0.000394492962945929
5197,1.15237902632498E-05
5198,-0.000172883976202311
5199,0.0015909388544566
5200,0.0056801976638957
5201,0.0101961128259398
5202,0.0125986989020492
5203,0.0121666155442232
5204,0.0104217038433206
5205,0.00920002171370437
5206,0.0088311354477389
5207,0.00833236788661552
5208,0.00684349558320456
5209,0.00443661569318043
5210,0.00179073431975532
5211,-0.000454713639538229
5212,-0.00206129091061454
5213,-0.00325121022171235
5214,-0.00441076507962702
5215,-0.00551567689023594
5216,-0.00602005925627658
5217,-0.00575448537136138
5218,-0.00584942504885095
5219,-0.00803975006041771
5220,-0.0126085114895723
5221,-0.0174614912949238
5222,-0.019887125282897
5223,-0.0191719150141917
5224,-0.0169935645646225
5225,-0.0152876059653752
5226,-0.0143378153916326
5227,-0.0131486281703127
5228,-0.0110772170017229
5229,-0.00852240628779798
5230,-0.00624676604389245
5231,-0.00459427687430174
5232,-0.00341174089060666
5233,-0.00235038962920227
5234,-0.00117413199024477
5235,-6.02304409217862E-05
5236,0.000427068521233857
5237,9.48604711917206E-05
5238,-6.02531894940021E-05
5239,0.00162271894688517
5240,0.00562206054532553
5241,0.0101931381605745
5242,0.0127733742738567
5243,0.0124606879927853
5244,0.0106701876513927
5245,0.00930898026885678
5246,0.0088142034649352
5247,0.00821272849467908
5248,0.00662380330970364
5249,0.00418085782136781
5250,0.00163982575520272
5251,-0.0004168429537646
5252,-0.00191238192922617
5253,-0.00313373142876934
5254,-0.00435024495060201
5255,-0.00540546779523011
5256,-0.00579314815777934
5257,-0.00550168564762112
5258,-0.00572189291819166
5259,-0.00806665975144828
5260,-0.0126622131281678
5261,-0.0174003481976213
5262,-0.0196944557477392
5263,-0.0189471286736895
5264,-0.0168438739014237
5265,-0.0152548012789674
5266,-0.0144045818390551
5267,-0.013264999314345
5268,-0.0111649989889833
5269,-0.00849279978041338
5270,-0.00606303512264425
5271,-0.00432561395714368
5272,-0.00319594932294092
5273,-0.00228162267210196
5274,-0.00123153196547659
5275,-0.000150962079806345
5276,0.000375480234575331
5277,9.85294053228881E-05
5278,-1.30649108809635E-05
5279,0.00169564966214731
5280,0.00568931682321559
5281,0.0102180401662435
5282,0.0127468891745245
5283,0.0124031243773574
5284,0.0105893903644482
5285,0.00919660420592671
5286,0.00871544347032893
5287,0.00825860848675037
5288,0.00691447397131686
5289,0.00462400147877445
5290,0.00198115546453988
5291,-0.000338677444300302
5292,-0.00197529727838576
5293,-0.00307296518803204
5294,-0.00409122127157998
5295,-0.00517127162507944
5296,-0.00582429512161033
5297,-0.00572759848882313
5298,-0.00581606110303978
5299,-0.00784255274871018
5300,-0.0123196959654281
5301,-0.0173065749626706
5302,-0.0199683667031726
5303,-0.0193506936947885
5304,-0.0170738569740084
5305,-0.0152385927360374
5306,-0.0142707024007821
5307,-0.0131260838814047
5308,-0.0110387434353044
5309,-0.00839675208336892
5310,-0.00605292173719507
5311,-0.00439908288412715
5312,-0.00324759734208815
5313,-0.00221965807941009
5314,-0.00109241628071208
5315,-4.03044150374057E-05
5316,0.000413489235117838
5317,8.85267519145613E-05
5318,-6.14480936299398E-05
5319,0.00160700370272898
5320,0.00562762814711926
5321,0.010287362663642
5322,0.0129300161450667
5323,0.0125222451619346
5324,0.0105030237634042
5325,0.00898143666002624
5326,0.00856034704517617
5327,0.00820616404441917
5328,0.00682093490745422
5329,0.00439549240093425
5330,0.0017303255121358
5331,-0.000458296320864305
5332,-0.00201737833003215
5333,-0.00324724663792133
5334,-0.00445806860623701
5335,-0.00551391904988955
5336,-0.00590653412965189
5337,-0.00560449888251133
5338,-0.00576982286151832
5339,-0.00801805944766045
5340,-0.0125473122681469
5341,-0.0173422799214885
5342,-0.0198115379922037
5343,-0.019216741074062
5344,-0.0171022648610058
5345,-0.0153677074391809
5346,-0.0144117051131121
5347,-0.013307473000561
5348,-0.0112825153638645
5349,-0.00856420459330515
5350,-0.00597429621735703
5351,-0.00413183165302069
5352,-0.0030490192988041
5353,-0.00222385054853836
5354,-0.00114239478622549
5355,8.43983168444066E-05
5356,0.000707098078542663
5357,0.000363901668557314
5358,8.93986548499647E-05
5359,0.00168770525417918
5360,0.00569110067193642
5361,0.0102897251947438
5362,0.0128437035733474
5363,0.0124326566794157
5364,0.0105078049592579
5365,0.00905200014677133
5366,0.00858391123815774
5367,0.00813796180846044
5368,0.00672635446767223
5369,0.00435748709265779
5370,0.00178010994585781
5371,-0.000322968473742402
5372,-0.00181428382786475
5373,-0.00303303752157944
5374,-0.00431897086791811
5375,-0.00549353566925245
5376,-0.00595800919933241
5377,-0.00563842508529667
5378,-0.00574570922768022
5379,-0.00798410458064289
5380,-0.0125978316870374
5381,-0.0175274152716381
5382,-0.0200639963716403
5383,-0.0193735224251184
5384,-0.0170401007211003
5385,-0.015130815808246
5386,-0.0141744761781747
5387,-0.0131973375732382
5388,-0.0112765089976317
5389,-0.0085789343250442
5390,-0.00600002187986904
5391,-0.00421581365979996
5392,-0.00317775682714492
5393,-0.00231301459381531
5394,-0.00116676169959784
5395,2.35325304277977E-05
5396,0.000506451662890636
5397,8.27214055809024E-05
5398,-7.5009704594549E-05
5399,0.00177174288864613
5400,0.00594637999669286
5401,0.0105153847670477
5402,0.0129259461679687
5403,0.0124402241804352
5404,0.0105741707154102
5405,0.00919641340774842
5406,0.00868972329978544
5407,0.0081073285073066
5408,0.00660537764390471
5409,0.00426918094497393
5410,0.00176457770127808
5411,-0.000336746675082898
5412,-0.00187730853362391
5413,-0.00308925639624399
5414,-0.00429031102282041
5415,-0.00540070479644871
5416,-0.00589768193509718
5417,-0.0056661491622647
5418,-0.00584112896237323
5419,-0.00811413325128702
5420,-0.0127395705061853
5421,-0.0176268544197211
5422,-0.0200613298073813
5423,-0.019309588812962
5424,-0.0170549039318817
5425,-0.0152802150324983
5426,-0.0143071644493538
5427,-0.0131237066618255
5428,-0.0110439351155496
5429,-0.00845316830156462
5430,-0.00613261503555042
5431,-0.00444232893335029
5432,-0.00323796998954387
5433,-0.00219201768810178
5434,-0.00108362243296344
5435,-5.5320643462426E-05
5436,0.000395178747351284
5437,8.97341383349363E-05
5438,-3.87322169014274E-05
5439,0.00162292050807188
5440,0.00560583369337511
5441,0.0102457793842127
5442,0.0129415274051308
5443,0.0126447787500099
5444,0.0107141156679966
5445,0.00920825596188031
5446,0.00876255004676232
5447,0.00838921316323593
5448,0.00696829133096026
5449,0.00444583908695525
5450,0.00166260778047521
5451,-0.000547102584387368
5452,-0.00197593378926711
5453,-0.0030217988286549
5454,-0.00415221247888956
5455,-0.00528408399342111
5456,-0.00581412949039907
5457,-0.0055823487846625
5458,-0.00571857570457765
5459,-0.00791814066342048
5460,-0.0124766323917866
5461,-0.0173954312783453
5462,-0.0200073446040628
5463,-0.01948049320255
5464,-0.0173265211086498
5465,-0.0154828322899804
5466,-0.0144137137233697
5467,-0.0132516743066976
5468,-0.0112612363092731
5469,-0.00865540985324391
5470,-0.00617046691359147
5471,-0.00433041430251556
5472,-0.00315589281475783
5473,-0.00227033739850775
5474,-0.00125798847152973
5475,-0.000169349433824038
5476,0.00039651061243764
5477,0.000129178361001748
5478,-3.64954123918478E-05
5479,0.00160182319437887
5480,0.00560456787839498
5481,0.0102578664748243
5482,0.0129376454016141
5483,0.012637124328009
5484,0.010730983788915
5485,0.0092156990517595
5486,0.00868040825383266
5487,0.00821421930690882
5488,0.00683560583225683
5489,0.00451635892316446
5490,0.00195351011876206
5491,-0.000188361794929715
5492,-0.00172782497541746
5493,-0.00294387573639873
5494,-0.00417752744332712
5495,-0.00531421842257321
5496,-0.00580106623394758
5497,-0.00554657207629573
5498,-0.00572366999894621
5499,-0.00801729598143147
5500,-0.0126445672759056
5501,-0.0175090262689162
5502,-0.0199353568729126
5503,-0.0192202176748761
5504,-0.01702635169125
5505,-0.0152959886231297
5506,-0.014342586150605
5507,-0.0131760021822176
5508,-0.011112688732462
5509,-0.00850485234348175
5510,-0.0061154873498499
5511,-0.00434960989547948
5512,-0.00313804261281139
5513,-0.00216898638288817
5514,-0.00114020670029656
5515,-8.90467536461655E-05
5516,0.000502621725496429
5517,0.000356333982448912
5518,0.000282847044184787
5519,0.00186714427891621
5520,0.00572462608217805
5521,0.0102981615093786
5522,0.0130189579334622
5523,0.012782906042557
5524,0.010868705475324
5525,0.00930148943225772
5526,0.00875333585764478
5527,0.00831843905308688
5528,0.00694788753503674
5529,0.00458406671874387
5530,0.0019680240027437
5531,-0.000193507622200466
5532,-0.00172841478228512
5533,-0.00293464377998173
5534,-0.00415002121153708
5535,-0.00527318859045433
5536,-0.00579139529971959
5537,-0.00560054689759084
5538,-0.00576898756393749
5539,-0.00790961133836174
5540,-0.0123445925054352
5541,-0.0171796296467635
5542,-0.0197892935521677
5543,-0.0192867809743664
5544,-0.0171411044247366
5545,-0.0153200707516984
5546,-0.0143086539043271
5547,-0.0131864229085673
5548,-0.011178195031926
5549,-0.0085642292962726
5550,-0.00616966220033595
5551,-0.00447477210143233
5552,-0.00335785515386351
5553,-0.00239573525647959
5554,-0.00128097746001737
5555,-0.000157745746889787
5556,0.000422364503531557
5557,0.000221374288648085
5558,0.000115230730362436
5559,0.00169136397325863
5560,0.00553467259649993
5561,0.0100906176613928
5562,0.0128185970411903
5563,0.0126225569406784
5564,0.0107625880762391
5565,0.00923786220276387
5566,0.00869014185504222
5567,0.00819383738995691
5568,0.00673778703573028
5569,0.00436302343625423
5570,0.00186796263598697
5571,-0.000126121546605496
5572,-0.00161443101490424
5573,-0.00295929390881053
5574,-0.00437792594863748
5575,-0.00560171340341174
5576,-0.00609298040951924
5577,-0.00586658582880733
5578,-0.00607909892971871
5579,-0.00828733856817021
5580,-0.0127058873769394
5581,-0.0174426851264513
5582,-0.0199855861302769
5583,-0.0195096921755508
5584,-0.0174013092813169
5585,-0.0155216417363152
5586,-0.0143942681111084
5587,-0.0132438057845239
5588,-0.0113327228000182
5589,-0.00879234744325793
5590,-0.00630913207740608
5591,-0.00444327394159017
5592,-0.00327984922059621
5593,-0.00244900740800609
5594,-0.00147067485626608
5595,-0.000332312395454727
5596,0.000346825309296402
5597,0.000156879461627651
5598,-4.21295452984776E-05
5599,0.00149647480087571
5600,0.00545536472495221
5601,0.0101712561484739
5602,0.0129279739109866
5603,0.0125998401935383
5604,0.0105773795823894
5605,0.00899334712090349
5606,0.00851652549602034
5607,0.00816267479557078
5608,0.00683763170168914
5609,0.00450966105152227
5610,0.00195099196280097
5611,-0.000162538192946202
5612,-0.00172191160764654
5613,-0.00303154285178782
5614,-0.00435069318765991
5615,-0.00549135309381957
5616,-0.00593623512603246
5617,-0.00565295095068052
5618,-0.0057714087567305
5619,-0.00790479805714297
5620,-0.0123534131017742
5621,-0.0172306655772912
5622,-0.0199247480469772
5623,-0.0195109513325483
5624,-0.0173895693527255
5625,-0.0155230789075273
5626,-0.0144809161573407
5627,-0.0134060532174871
5628,-0.0114570991379583
5629,-0.00878385060279811
5630,-0.0061929711966261
5631,-0.0043034548567229
5632,-0.00312623453268842
5633,-0.00221016075578586
5634,-0.00112480525643446
5635,1.85135783870798E-05
5636,0.000574331621994109
5637,0.000239458116514315
5638,-3.40458202977824E-05
5639,0.00147008931581864
5640,0.0053661446377785
5641,0.0100206767330221
5642,0.0128189250272721
5643,0.0126513051488256
5644,0.0107804234767054
5645,0.00920173597786601
5646,0.00859668503074231
5647,0.00812615201939942
5648,0.0068025569966195
5649,0.0045444204932847
5650,0.00198772254147094
5651,-0.000242153474035075
5652,-0.00193040918561922
5653,-0.00323563304378062
5654,-0.00440265667722112
5655,-0.0053803253985774
5656,-0.00578337465457604
5657,-0.00556735495722685
5658,-0.00575424312126889
5659,-0.00790621841543143
5660,-0.0123735956343906
5661,-0.0173126075588846
5662,-0.0200636150776692
5663,-0.0196287443805497
5664,-0.0174160734635371
5665,-0.0154657574837465
5666,-0.014399757370575
5667,-0.0133549717702933
5668,-0.0114712837547141
5669,-0.00888292086500407
5670,-0.00635057423913906
5671,-0.004437053858421
5672,-0.00317203509172099
5673,-0.00220526427911132
5674,-0.001162571686729
5675,-7.36724185859242E-05
5676,0.000536519639878035
5677,0.000355592852158052
5678,0.000199973686735934
5679,0.00169805010940877
5680,0.00552347613179597
5681,0.0101479347277034
5682,0.0129705841033779
5683,0.0128222432096332
5684,0.010944312979311
5685,0.00937336590001501
5686,0.00881161868580187
5687,0.008372216632184
5688,0.00700691989554121
5689,0.00463463944462813
5690,0.00195880164523773
5691,-0.000310447400183947
5692,-0.00191283678341278
5693,-0.0030475015197449
5694,-0.00408499358938895
5695,-0.00509533329223862
5696,-0.00568007991702136
5697,-0.005629751277523
5698,-0.00580610552877395
5699,-0.00778986794914921
5700,-0.0121098073505735
5701,-0.0170629727555628
5702,-0.0199525085435649
5703,-0.0196407914286132
5704,-0.017469193937503
5705,-0.0155322102118784
5706,-0.0145081386156157
5707,-0.0134900797637195
5708,-0.0115380978602966
5709,-0.00881174397738916
5710,-0.0062100528085841
5711,-0.0043846685206368
5712,-0.00327979904318337
5713,-0.00238133078768783
5714,-0.00128199879194714
5715,-0.000154430400846096
5716,0.000351807498062027
5717,2.64351177010279E-07
5718,-0.000194236919091893
5719,0.0014741298876061
5720,0.00553617534629567
5721,0.0102573505619398
5722,0.012971267509905
5723,0.0126121056360334
5724,0.0105751172281123
5725,0.00899342042575953
5726,0.00856848994339483
5727,0.0083167020359094
5728,0.0070599633417056
5729,0.00468084790155277
5730,0.00199352947854282
5731,-0.000179236978341386
5732,-0.00165543326678704
5733,-0.00284346949786364
5734,-0.00415757051268802
5735,-0.00541746026966903
5736,-0.00596459204213535
5737,-0.00567085190414409
5738,-0.00573531052865444
5739,-0.00788651779585113
5740,-0.0124116205435705
5741,-0.017310229328369
5742,-0.0199389841731316
5743,-0.0194796794073647
5744,-0.0174131174990424
5745,-0.0156187536789639
5746,-0.0145279755493102
5747,-0.0133014463918996
5748,-0.0112767029335809
5749,-0.00872238461354627
5750,-0.00635149717493252
5751,-0.00458826166658885
5752,-0.00335998185222105
5753,-0.00229074603108842
5754,-0.00105888675943853
5755,0.000183422505564552
5756,0.000795460101182513
5757,0.000472841561470533
5758,0.000163571465161954
5759,0.00159650966882103
5760,0.00540406517723473
5761,0.00996714584328081
5762,0.0126983737375563
5763,0.0125241043167897
5764,0.0107052514503347
5765,0.00918406124197636
5766,0.00859919123235632
5767,0.00812826334016844
5768,0.00681438856743617
5769,0.00455948237446397
5770,0.00197444770488472
5771,-0.000277259409513283
5772,-0.00192538317632586
5773,-0.00317338812170183
5774,-0.0043851271468392
5775,-0.00552270368057382
5776,-0.0060452256475522
5777,-0.00577885588272789
5778,-0.00582864535713239
5779,-0.00793403335374914
5780,-0.0124536406689851
5781,-0.0173794325332275
5782,-0.0199882185886069
5783,-0.0194457819352779
5784,-0.0173189099794968
5785,-0.0155575996672981
5786,-0.014566393208125
5787,-0.0134434812136573
5788,-0.0115013140567148
5789,-0.00898834612794153
5790,-0.00656865442983781
5791,-0.00466906329924283
5792,-0.00334069891660985
5793,-0.00233867519218146
5794,-0.00129695609829336
5795,-0.000180724761538741
5796,0.000456998811967888
5797,0.000191194341264254
5798,-0.000158935152436005
5799,0.00121723598173105
5800,0.00513991465961504
5801,0.00999276804958399
5802,0.0129618291992632
5803,0.0128023700123497
5804,0.0108695207662487
5805,0.00930550491095128
5806,0.00877446268983961
5807,0.00831078230639696
5808,0.00689482524659434
5809,0.00454047504281103
5810,0.00195752537024694
5811,-0.000253441580067039
5812,-0.00192129685579167
5813,-0.00320991695971978
5814,-0.00438639787636199
5815,-0.00546056590924934
5816,-0.00603856250670044
5817,-0.00593025264627597
5818,-0.00601395248098952
5819,-0.0079082138707095
5820,-0.0121899684166138
5821,-0.0171605328846021
5822,-0.0200667718349004
5823,-0.0197101357579424
5824,-0.0174245673995352
5825,-0.0153482686728426
5826,-0.0142208110203228
5827,-0.0131928213236558
5828,-0.0113459007934576
5829,-0.00877548598443391
5830,-0.00624505382277372
5831,-0.00433149549701543
5832,-0.0030784853130928
5833,-0.00215226594221184
5834,-0.00117484738587811
5835,-0.000136615737581901
5836,0.000466688742917526
5837,0.00028607839498036
5838,7.30014722461427E-05
5839,0.00146933078520431
5840,0.0052568655005967
5841,0.00997493204493646
5842,0.0129342079788005
5843,0.0128080589575774
5844,0.0108129477602263
5845,0.00913677103949177
5846,0.00862092763691961
5847,0.0083359275776184
5848,0.00708867737077667
5849,0.0047589241539281
5850,0.00214810567988642
5851,1.49273776483633E-05
5852,-0.0014999190260908
5853,-0.00273935361867832
5854,-0.00402737086024878
5855,-0.00522185069558763
5856,-0.00579328728299158
5857,-0.00562457222508531
5858,-0.00575159710968857
5859,-0.00779179090121823
5860,-0.0121676651077184
5861,-0.0171096260050736
5862,-0.0199843443230406
5863,-0.0197238640513135
5864,-0.017606593648516
5865,-0.015604224232843
5866,-0.0144100259631412
5867,-0.0133044322011284
5868,-0.0114926181499208
5869,-0.00903601975113853
5870,-0.00657888608971186
5871,-0.00465010124415211
5872,-0.00333594440532438
5873,-0.0023393823488803
5874,-0.00128404605768427
5875,-0.000193148034905652
5876,0.000368226081078586
5877,5.22203803843891E-05
5878,-0.00026307964697172
5879,0.00119125565386487
5880,0.00516174138771042
5881,0.0100196579371728
5882,0.0129751971012893
5883,0.0127778426876034
5884,0.0107756961741181
5885,0.00916482210919
5886,0.00867270310624448
5887,0.00829844640956939
5888,0.00691942719878879
5889,0.00454102962597661
5890,0.00199789822605508
5891,-3.75539257370445E-05
5892,-0.00152717927390944
5893,-0.00283046130124077
5894,-0.00420228180337231
5895,-0.00542134391644027
5896,-0.00593758006435294
5897,-0.00568252989546831
5898,-0.00576117277344001
5899,-0.00781300719656574
5900,-0.0122106867045329
5901,-0.0171164611596849
5902,-0.0198963039325925
5903,-0.0195653686714893
5904,-0.0174792808805595
5905,-0.015580465320764
5906,-0.0144468801356186
5907,-0.0132897260146809
5908,-0.0113766925050511
5909,-0.00888884062962585
5910,-0.00649952449887439
5911,-0.0046467240302863
5912,-0.0033311980156041
5913,-0.00228517723459629
5914,-0.00121634707683404
5915,-0.000143109240287099
5916,0.000473401712342582
5917,0.000327273201496933
5918,0.000163386813309652
5919,0.00156627004082005
5920,0.00528164764348653
5921,0.0099025715690004
5922,0.0128436785678018
5923,0.0128066021012794
5924,0.0109073231339179
5925,0.00921657485140699
5926,0.00858774950643327
5927,0.00821386187748382
5928,0.00696955795330618
5929,0.00466220735425454
5930,0.00199398658092232
5931,-0.000256810034083611
5932,-0.00183990711827721
5933,-0.00304912013617756
5934,-0.00426788031323909
5935,-0.00541372134632313
5936,-0.00593653855255242
5937,-0.00568719081759191
5938,-0.0057461083493338
5939,-0.00779843770753994
5940,-0.01224005936948
5941,-0.01719777410852
5942,-0.0200045598273251
5943,-0.0196863386639344
5944,-0.0176107951174262
5945,-0.0156965135549099
5946,-0.0145001999888044
5947,-0.0132630015530592
5948,-0.0113040796786796
5949,-0.00881426921178664
5950,-0.00643826721747571
5951,-0.00459979522804382
5952,-0.00330856402564802
5953,-0.00228821605707156
5954,-0.00122048126284756
5955,-0.000132959946183827
5956,0.000465225958595291
5957,0.000259629554588208
5958,6.45342177619283E-05
5959,0.00152413809702575
5960,0.0053374024228919
5961,0.00999450607711513
5962,0.0128898947009134
5963,0.0128107100951212
5964,0.0109341753709837
5965,0.00928211390897131
5966,0.00863957991978185
5967,0.00823607954976128
5968,0.0070438383712682
5969,0.00487597259235841
5970,0.00231829793808969
5971,5.90376372311555E-05
5972,-0.0016053240830549
5973,-0.00287324849893093
5974,-0.00413234189210195
5975,-0.00538178783094048
5976,-0.00606644537459278
5977,-0.0058954473289692
5978,-0.00584076026045156
5979,-0.00768199498710339
5980,-0.0120331365676759
5981,-0.0171116142399026
5982,-0.0201096660802553
5983,-0.0198593946286933
5984,-0.017712515959078
5985,-0.0157439674033124
5986,-0.0146258286878788
5987,-0.0135364092879946
5988,-0.0116465485773368
5989,-0.00908832604153883
5990,-0.00657887594237398
5991,-0.00464531089070767
5992,-0.00333685453101165
5993,-0.00234508455666438
5994,-0.00128674374111956
5995,-0.000138434244282684
5996,0.000574768226900066
5997,0.000441970763384394
5998,0.000186866247008757
5999,0.00148866313158063
6000,0.00519433540580012
6001,0.00988806401183397
6002,0.0128901025279331
6003,0.0128471179799306
6004,0.0109109155551641
6005,0.00920266642870079
6006,0.00857490203816534
6007,0.00821336022502788
6008,0.00703458398333903
6009,0.00487524445041361
6010,0.00235884925269623
6011,0.000133097538547923
6012,-0.00156124447546965
6013,-0.00287076645796526
6014,-0.0040639499996993
6015,-0.00513040039701401
6016,-0.00566084583040489
6017,-0.0054906420532867
6018,-0.00554337999196734
6019,-0.00745585778197118
6020,-0.0117918939067804
6021,-0.0168443350407807
6022,-0.0198707952067498
6023,-0.0196707429298045
6024,-0.0175302228444263
6025,-0.0155214365868899
6026,-0.0143742221599791
6027,-0.0133181856418643
6028,-0.0115284041425518
6029,-0.00909211561606803
6030,-0.00664790805078726
6031,-0.00466059793704678
6032,-0.00320665873876446
6033,-0.00209843563374847
6034,-0.00105449240577052
6035,-2.46544077855249E-05
6036,0.000579586219507869
6037,0.000401940590772776
6038,0.000112511513731015
6039,0.00134366287110324
6040,0.00500472850184232
6041,0.00977709031634977
6042,0.0129605294415491
6043,0.0130580332040481
6044,0.0111195384031577
6045,0.00932044763162616
6046,0.00863201971150834
6047,0.00826060334586809
6048,0.00704039343392074
6049,0.00477275610221568
6050,0.00216846379536378
6051,-2.93869715415072E-05
6052,-0.00161763211810231
6053,-0.00287435753860576
6054,-0.00412738799844466
6055,-0.00528978373337039
6056,-0.00585237568343775
6057,-0.00564220414790576
6058,-0.00563504937012975
6059,-0.00748634237329476
6060,-0.0117452311614408
6061,-0.0167287585671261
6062,-0.0197590668287777
6063,-0.0196533509574039
6064,-0.0176296269196205
6065,-0.0156770453158386
6066,-0.0145012258526282
6067,-0.0133543338201954
6068,-0.0114457410011907
6069,-0.00892367002086569
6070,-0.00651630123076775
6071,-0.00471892305343921
6072,-0.00350281979721488
6073,-0.00252054233855517
6074,-0.00144964898130916
6075,-0.000350272565725968
6076,0.000263274884038873
6077,6.48736571241383E-05
6078,-0.000192506282666045
6079,0.00111450655382371
6080,0.0048118900801186
6081,0.00956131787860665
6082,0.0127336223833763
6083,0.0128712374481158
6084,0.0109691914404597
6085,0.00915750884275038
6086,0.00846527331855692
6087,0.00817149670070999
6088,0.00705878507614615
6089,0.0047982216501293
6090,0.00208152340501134
6091,-0.000204724049001096
6092,-0.0017346364592055
6093,-0.00285543986043934
6094,-0.00407298212352975
6095,-0.00536451748772818
6096,-0.00610646786519051
6097,-0.00599024692343204
6098,-0.00597919997515647
6099,-0.0077923928158636
6100,-0.011992118821274
6101,-0.0168567247798149
6102,-0.0197246928511331
6103,-0.0195113106405189
6104,-0.0175048270032093
6105,-0.0156525487019757
6106,-0.0145707540888024
6107,-0.0134794672230906
6108,-0.0115964919470442
6109,-0.00903485718321951
6110,-0.0064692969902793
6111,-0.00444947080466802
6112,-0.00311116964523372
6113,-0.00219404931676947
6114,-0.00125960634792041
6115,-0.000199595944676493
6116,0.000463338091415241
6117,0.000254943691870189
6118,-0.000103693668178704
6119,0.00116302850055161
6120,0.00496703389531021
6121,0.00981252327293219
6122,0.012886226193413
6123,0.0128306142298495
6124,0.0109274356493443
6125,0.00936547728085296
6126,0.00888211400575936
6127,0.0085028752210425
6128,0.00715104899092574
6129,0.00483501124301907
6130,0.00230453911603226
6131,0.000149668798454701
6132,-0.00153028431722486
6133,-0.00291857755992134
6134,-0.00418209664201425
6135,-0.00521814745403777
6136,-0.00566252158941546
6137,-0.0054788157527951
6138,-0.00563504791200522
6139,-0.0076608184356327
6140,-0.0119873569870519
6141,-0.0169202063228065
6142,-0.0198699040699173
6143,-0.0197426482804391
6144,-0.0177514111219302
6145,-0.0158056573627476
6146,-0.0145723122183927
6147,-0.0133639507679339
6148,-0.0114611993014872
6149,-0.00898533022837971
6150,-0.00657524795260569
6151,-0.00470493793923286
6152,-0.0034128634497482
6153,-0.00238815540304215
6154,-0.00125652404795651
6155,-4.60485543283195E-05
6156,0.000648976725070026
6157,0.000413511035086961
6158,5.72156876188896E-05
6159,0.00134662051832933
6160,0.0051186192667893
6161,0.00987384241354524
6162,0.0128886954921602
6163,0.012855617004945
6164,0.010989165134469
6165,0.00940117205258147
6166,0.00886623183773249
6167,0.00850207052552898
6168,0.00723033452204098
6169,0.00496503154788273
6170,0.00242045563080214
6171,0.000264408051522478
6172,-0.00135702525446992
6173,-0.00272770816946811
6174,-0.00414371879404149
6175,-0.00545322242011763
6176,-0.00607634656415912
6177,-0.00584034484636034
6178,-0.00581603928258045
6179,-0.00773479207345747
6180,-0.0120768546353957
6181,-0.0170107762764057
6182,-0.0198343624279077
6183,-0.0195268878132888
6184,-0.0174653592196205
6185,-0.0156029390336196
6186,-0.0144835272898438
6187,-0.0132919112915883
6188,-0.0113216428648679
6189,-0.00880048019265352
6190,-0.00641854277039643
6191,-0.00460179595310604
6192,-0.00333727310734354
6193,-0.00234006324474606
6194,-0.00128979342188016
6195,-0.00019808040432068
6196,0.00042855296836491
6197,0.000227073893567221
6198,-4.75059242152772E-05
6199,0.00127303403880423
6200,0.00500530226057492
6201,0.00973016961037104
6202,0.0127936731358508
6203,0.0128426722911024
6204,0.0109765211170407
6205,0.00926947006003716
6206,0.00859612171466589
6207,0.00819699776645948
6208,0.00698700947459712
6209,0.00475044797229013
6210,0.00211023053205248
6211,-0.000199481581737293
6212,-0.00187118472290669
6213,-0.00310122387747549
6214,-0.00426155579651422
6215,-0.00536425451804441
6216,-0.00592364366971243
6217,-0.00570350059117069
6218,-0.00562836207274786
6219,-0.00738077015623119
6220,-0.0115838163128388
6221,-0.0166061379090856
6222,-0.0197574320016912
6223,-0.0197800525639408
6224,-0.0178006638824759
6225,-0.0157753265536596
6226,-0.014473209301328
6227,-0.013249242578418
6228,-0.0113497112708512
6229,-0.00886597590528828
6230,-0.00645868816417875
6231,-0.00462708434315236
6232,-0.00338769003131334
6233,-0.00239243752061192
6234,-0.00126560090502155
6235,-5.53393740048323E-05
6236,0.000637259159543085
6237,0.000382083574552507
6238,-5.4722341545959E-05
6239,0.00109062876808823
6240,0.00476484920764294
6241,0.00960098460106214
6242,0.0128427623950901
6243,0.0129723020520152
6244,0.0110532264693282
6245,0.00929194139711158
6246,0.00867096938388535
6247,0.00835264984376379
6248,0.00710171822858291
6249,0.00471672891109314
6250,0.00200949340936672
6251,-0.000169498449123474
6252,-0.0016345619994193
6253,-0.00279877619173064
6254,-0.00409522454677052
6255,-0.00540492320540503
6256,-0.00610566563942518
6257,-0.00596070083797578
6258,-0.00596668839400419
6259,-0.00780782728250356
6260,-0.0120169990350291
6261,-0.0169014320105087
6262,-0.019841127636126
6263,-0.0197322033458363
6264,-0.0177829774089642
6265,-0.0158758038859998
6266,-0.0146450321913495
6267,-0.013407947144997
6268,-0.0114906017745138
6269,-0.00904146328357346
6270,-0.00666065780636357
6271,-0.00476553568554227
6272,-0.00341924049637972
6273,-0.00241607386969457
6274,-0.00142528313871231
6275,-0.000358256308621656
6276,0.000348041474412827
6277,0.000259740925520502
6278,-1.50238528629955E-05
6279,0.00116022078025827
6280,0.00475124175779103
6281,0.00949181678699319
6282,0.0126849028085481
6283,0.0127967230442839
6284,0.0108532778670738
6285,0.0090548099882541
6286,0.00841627796046137
6287,0.00814105039960133
6288,0.0069992250638768
6289,0.00473788653291336
6290,0.00209482690460747
6291,-0.000106994484981453
6292,-0.00163647974732817
6293,-0.00283982104646408
6294,-0.0041236359369654
6295,-0.00538153747636927
6296,-0.00600349809376858
6297,-0.00576337273955221
6298,-0.00570255804776112
6299,-0.00757663149483749
6300,-0.0119406085219978
6301,-0.0170188640082939
6302,-0.0200559928417703
6303,-0.0198808549914362
6304,-0.0177674596847832
6305,-0.0157371467358479
6306,-0.0145126130400639
6307,-0.0133778454722782
6308,-0.0115468594553319
6309,-0.00908742377660899
6310,-0.0066203848920282
6311,-0.00464869887545112
6312,-0.00329272718341544
6313,-0.0023323285667031
6314,-0.00139430631833567
6315,-0.000369851604131458
6316,0.000314151860623973
6317,0.000253052881507966
6318,6.83291713992555E-05
6319,0.00133863790177186
6320,0.00494275517051834
6321,0.00962096329829556
6322,0.0128017849088515
6323,0.0130443659800903
6324,0.0112914290283634
6325,0.0095622833565073
6326,0.00881240548140669
6327,0.00837564668919896
6328,0.00717033593082516
6329,0.00493956348800914
6330,0.00231952855434506
6331,0.000101047572906435
6332,-0.00141876438388248
6333,-0.00254930464538292
6334,-0.00376250432344358
6335,-0.00503760891090845
6336,-0.00576961787746423
6337,-0.00566899040891737
6338,-0.00571582381913564
6339,-0.00763040196587664
6340,-0.0119548266388356
6341,-0.0169502135821989
6342,-0.0199550079114893
6343,-0.0198648232945683
6344,-0.0178978578367854
6345,-0.01594345177978
6346,-0.0146730157550649
6347,-0.0134617758540007
6348,-0.0116337341549472
6349,-0.00924763792567498
6350,-0.00682882825899132
6351,-0.0048344399895958
6352,-0.00342300760133459
6353,-0.00240183956501859
6354,-0.00136592083543407
6355,-0.000202893997118169
6356,0.000562565170933511
6357,0.000420450536924533
6358,3.63861879312015E-05
6359,0.00116222176425282
6360,0.0047698089595873
6361,0.00948866003320783
6362,0.0125843171662548
6363,0.0126401559418767
6364,0.0108022718099879
6365,0.00920838592588979
6366,0.00868378034011611
6367,0.00835158734254945
6368,0.00710805573003621
6369,0.00485692169298483
6370,0.00231675695314817
6371,0.000155534557079596
6372,-0.00146494122102201
6373,-0.0027783063698147
6374,-0.0040496839432377
6375,-0.00518833077312866
6376,-0.00572746926855683
6377,-0.0055201819391163
6378,-0.00553172798120492
6379,-0.00740434688383567
6380,-0.0116966336488954
6381,-0.0167415346782373
6382,-0.0198540445105511
6383,-0.0198172864133405
6384,-0.0178116543819189
6385,-0.0158190932657279
6386,-0.01458699517608
6387,-0.0134323279398003
6388,-0.0115820403501772
6389,-0.00911028768203498
6390,-0.00664018675661471
6391,-0.00465892933829605
6392,-0.00326601631638977
6393,-0.002247748380047
6394,-0.00126063094856338
6395,-0.000207844253802541
6396,0.000496619213225866
6397,0.000443022913124102
6398,0.000217360324141902
6399,0.00139035845772321
6400,0.00489778312972144
6401,0.00953546935628275
6402,0.0126976941665983
6403,0.0128554364045214
6404,0.0109446792828748
6405,0.00910650957594721
6406,0.00842023553139834
6407,0.00819308895514423
6408,0.00717435562205232
6409,0.00495570230917906
6410,0.0021772653414361
6411,-0.000220351692538837
6412,-0.00177916080361504
6413,-0.00277837339508941
6414,-0.00381420158839444
6415,-0.00501574816557582
6416,-0.00578844795012448
6417,-0.00570411540138095
6418,-0.00563268290214747
6419,-0.00736248298171877
6420,-0.0116006930327239
6421,-0.0166618054235215
6422,-0.0197754661474644
6423,-0.0197354961384282
6424,-0.0177986717342325
6425,-0.0159403969732675
6426,-0.0148045143666311
6427,-0.0136479468331124
6428,-0.0117503005632991
6429,-0.00925548863311247
6430,-0.00678418418468688
6431,-0.00480234754407175
6432,-0.00343970378410667
6433,-0.00250373240744709
6434,-0.0015769478457385
6435,-0.000471341655593096
6436,0.000350705193330028
6437,0.000319350272725867
6438,-2.88965309580531E-05
6439,0.00103541449163463
6440,0.00461727683193435
6441,0.00946778409141429
6442,0.0127984809294034
6443,0.0130185571272312
6444,0.0111712413786674
6445,0.00944949036424588
6446,0.00880262086248577
6447,0.00841829042400636
6448,0.00715868420618129
6449,0.00484624324732803
6450,0.00215941499586073
6451,-0.000168465880351987
6452,-0.00184116021737444
6453,-0.00303995286721798
6454,-0.00416606379278658
6455,-0.00533270174472277
6456,-0.00608833455796297
6457,-0.00605386968214057
6458,-0.00597980012666632
6459,-0.00757844287843245
6460,-0.0116726428928533
6461,-0.0167258485181575
6462,-0.019932567046005
6463,-0.0199293390885118
6464,-0.0179302306689171
6465,-0.0160229242931081
6466,-0.0149167663512376
6467,-0.0137826466423081
6468,-0.0118225617110028
6469,-0.00926282468867831
6470,-0.00684461787937054
6471,-0.0049818806060453
6472,-0.00362930097086494
6473,-0.00255477854051614
6474,-0.00151133781941357
6475,-0.00045445228723943
6476,0.000238712120302938
6477,0.000181257066668265
6478,-7.63991796011418E-05
6479,0.00103091055959745
6480,0.00451397005026198
6481,0.00922872365349967
6482,0.012520571646871
6483,0.0127646527272689
6484,0.0108769099625698
6485,0.00905031259173589
6486,0.00838144490434262
6487,0.00813465721421956
6488,0.00705207371577647
6489,0.00480254607496604
6490,0.00208790156574027
6491,-0.000217572708908298
6492,-0.00179931077799382
6493,-0.00298917471560721
6494,-0.00427157925878218
6495,-0.0056106772672918
6496,-0.00635139098018281
6497,-0.00613683116208599
6498,-0.00593536856230448
6499,-0.00756848785346335
6500,-0.0117253875527481
6501,-0.0167176151469949
6502,-0.019802594515866
6503,-0.0197846629249545
6504,-0.0178810625655971
6505,-0.0160113297196379
6506,-0.0148080080292293
6507,-0.0135760970840079
6508,-0.0116574903729106
6509,-0.00921383744028441
6510,-0.00681541311411547
6511,-0.00484200068991976
6512,-0.00337930223980861
6513,-0.00229515371250354
6514,-0.00129898792946231
6515,-0.000262160060333354
6516,0.000442905225483023
6517,0.000384125253564308
6518,0.000101463959853652
6519,0.00118298623096183
6520,0.00464933923198761
6521,0.00936276377509124
6522,0.0126965353471499
6523,0.0130364083652791
6524,0.0112455609496078
6525,0.00944857551068714
6526,0.00874403478240521
6527,0.00845802235765937
6528,0.00736210976454898
6529,0.00509475291029867
6530,0.00233734028948134
6531,-7.46574198074866E-06
6532,-0.0015997182228404
6533,-0.00278796078166911
6534,-0.00406945515965766
6535,-0.00537989513730127
6536,-0.00604992555379081
6537,-0.00577998171545369
6538,-0.00560850048355073
6539,-0.00733765409473235
6540,-0.0115656926800039
6541,-0.0165624682509299
6542,-0.0196372603656963
6543,-0.0196480693538956
6544,-0.0177858814242842
6545,-0.0159086874797246
6546,-0.0146385960052323
6547,-0.0133245649946798
6548,-0.011352115755607
6549,-0.00890645601384408
6550,-0.00656878449032722
6551,-0.00469672710907415
6552,-0.00330619386127591
6553,-0.0022114728740673
6554,-0.00116292616935511
6555,-0.000127248018784234
6556,0.000505282542455377
6557,0.000397152650947767
6558,0.000164914799048618
6559,0.00134206114797079
6560,0.00483868275481736
6561,0.00950261254380968
6562,0.0127928220598604
6563,0.0131393515030828
6564,0.011345954228359
6565,0.00948384418174746
6566,0.00870683135676996
6567,0.00843532056418544
6568,0.00743953603023046
6569,0.00526516471741822
6570,0.00253819097185375
6571,0.000197155530185931
6572,-0.00137679864131807
6573,-0.00255502788242539
6574,-0.00386290173462708
6575,-0.00519647330762774
6576,-0.0058337837890381
6577,-0.00551485797362177
6578,-0.00538218399069107
6579,-0.00725969454914091
6580,-0.0116337123968703
6581,-0.01666376926008
6582,-0.0196874230860183
6583,-0.0196728847559699
6584,-0.0178431345694293
6585,-0.0159839871971713
6586,-0.014680065936498
6587,-0.0133560074320525
6588,-0.0114719939570726
6589,-0.00914960451727978
6590,-0.00683232101771029
6591,-0.00485644647298638
6592,-0.00337207561831442
6593,-0.0022949389294316
6594,-0.00129532734432318
6595,-0.000196850474094577
6596,0.000586564743629649
6597,0.000525679876533539
6598,0.000135466642145425
6599,0.0011052461687829
6600,0.00458314308394485
6601,0.00943713113351597
6602,0.0129027274665868
6603,0.0132265372332006
6604,0.0112848166620607
6605,0.00935754793034318
6606,0.00867766406879199
6607,0.00855132152966476
6608,0.00761059140206707
6609,0.00537881172934816
6610,0.00253941609963566
6611,8.59619740392179E-05
6612,-0.00154814267404212
6613,-0.00267859128125342
6614,-0.00384315911487041
6615,-0.00505710283769619
6616,-0.00570316242671423
6617,-0.00546064706476132
6618,-0.00530435526885738
6619,-0.00701115608664687
6620,-0.0112224577103869
6621,-0.0162561932537271
6622,-0.0194038065905033
6623,-0.0194594237114093
6624,-0.017585390973875
6625,-0.01567883137049
6626,-0.0144192905562771
6627,-0.0131725724572718
6628,-0.011291813030657
6629,-0.00891086885194212
6630,-0.00658058370680471
6631,-0.00468180364645385
6632,-0.00329868723580913
6633,-0.00228337722702614
6634,-0.00132491114834256
6635,-0.000283731139548602
6636,0.000453879078834458
6637,0.000414410628890018
6638,0.000105789599137884
6639,0.00114421053909271
6640,0.00462094875190664
6641,0.00941311362393857
6642,0.0128054327435414
6643,0.0130906089798903
6644,0.0111647355565032
6645,0.00928061028075965
6646,0.00859588348828311
6647,0.00836019664716855
6648,0.00725895835059463
6649,0.00496336943025948
6650,0.00225038128109586
6651,3.58722163316782E-05
6652,-0.00142987057629808
6653,-0.00257550998408527
6654,-0.00390020090408004
6655,-0.00530095685525052
6656,-0.00606511603819153
6657,-0.00583293302263701
6658,-0.00559615914718118
6659,-0.00720784232612996
6660,-0.0114021276055707
6661,-0.0165083526454105
6662,-0.0197161648363401
6663,-0.0197222389304345
6664,-0.0177349390303482
6665,-0.0158005927363619
6666,-0.0146623501905394
6667,-0.0135742028815458
6668,-0.0117346164521603
6669,-0.00925630598016526
6670,-0.00679878954025049
6671,-0.00483209409667612
6672,-0.00342926303101117
6673,-0.00239603702871231
6674,-0.00141871170611182
6675,-0.000380804845916185
6676,0.000338868981896126
6677,0.000297722440589658
6678,6.42338296432906E-06
6679,0.00104954838542933
6680,0.00450338260563832
6681,0.00928020063134277
6682,0.0127183251538959
6683,0.0131226830651514
6684,0.0113359238852819
6685,0.00952747336783666
6686,0.0088134025244607
6687,0.0084903812416759
6688,0.00734424605603552
6689,0.00509759631502157
6690,0.0024670650275266
6691,0.000261288153187995
6692,-0.00129287379475596
6693,-0.00253011914550899
6694,-0.00385322927030985
6695,-0.00518362748732001
6696,-0.00592522457791133
6697,-0.0057808177514685
6698,-0.00567040414245945
6699,-0.00732381072245285
6700,-0.0114413151857257
6701,-0.0164410379350351
6702,-0.0196208652416397
6703,-0.0196903519540115
6704,-0.0177723708230574
6705,-0.015831985693273
6706,-0.0146243800174789
6707,-0.013486565349902
6708,-0.0116678912695399
6709,-0.0092435530261212
6710,-0.00680710809890992
6711,-0.00482753467018454
6712,-0.00343646395558995
6713,-0.00245846349101342
6714,-0.00151456568550742
6715,-0.000426888805319341
6716,0.000380168426213428
6717,0.000352739405703826
6718,-3.03711289046393E-05
6719,0.000915658645143254
6720,0.00438272545976089
6721,0.00927912830770321
6722,0.01283257286565
6723,0.0132559774646709
6724,0.011394765438086
6725,0.00948243521610165
6726,0.00869332452822778
6727,0.00834556310324665
6728,0.0072055333404903
6729,0.00494938138355376
6730,0.00226771367696494
6731,1.11931387544108E-05
6732,-0.00151612482582059
6733,-0.00263720566843157
6734,-0.00384444553555164
6735,-0.00514882038340511
6736,-0.00593178685994161
6737,-0.00580143848663925
6738,-0.00565305783447874
6739,-0.00730186359515508
6740,-0.0115203421925461
6741,-0.0166770994190649
6742,-0.0199590619604735
6743,-0.0200390423391594
6744,-0.0180950864628087
6745,-0.0161332299337212
6746,-0.0148824398154891
6747,-0.0136627414789719
6748,-0.0117841539537873
6749,-0.00938823669571715
6750,-0.00702009143011518
6751,-0.00500915801004765
6752,-0.00342754206154792
6753,-0.00222303082452159
6754,-0.00120344225796927
6755,-0.000233894354424711
6756,0.000405507698919629
6757,0.000319803804364839
6758,-1.13296860283815E-05
6759,0.000967652107601531
6760,0.00435796125461461
6761,0.0091074135940619
6762,0.0125402788733116
6763,0.0129113568218177
6764,0.0110427622325847
6765,0.00914617071133706
6766,0.00840814692525107
6767,0.00816256624628215
6768,0.0071653210200209
6769,0.00505784506977034
6770,0.00247831965508042
6771,0.000213098628695517
6772,-0.00146373550388133
6773,-0.00280683565723528
6774,-0.00416094978583031
6775,-0.00544299946900415
6776,-0.00610217988634329
6777,-0.00590526545664062
6778,-0.00580755005918392
6779,-0.00750919840663495
6780,-0.0116373357869924
6781,-0.0165759518357383
6782,-0.0196833840877518
6783,-0.0197630510922521
6784,-0.0179359192514298
6785,-0.0160400873125852
6786,-0.0147200417612158
6787,-0.0133750437180731
6788,-0.0114534271370208
6789,-0.00915366723080797
6790,-0.00697296609687737
6791,-0.00516316161354951
6792,-0.00374512262708744
6793,-0.00263147234116252
6794,-0.00159708175091132
6795,-0.000503413545256122
6796,0.000311511893013616
6797,0.000356602809130421
6798,4.54590729246667E-05
6799,0.000947570466270973
6800,0.00424341785249365
6801,0.00896033993715561
6802,0.0124416762298868
6803,0.012896651329866
6804,0.0110888389729648
6805,0.00921159620049941
6806,0.0084702739181283
6807,0.00820928020793628
6808,0.00716630429179203
6809,0.0049709632598571
6810,0.0022916350311041
6811,-2.94715646066374E-05
6812,-0.00168498287788566
6813,-0.00294027736268254
6814,-0.00418040146506005
6815,-0.0053711106791831
6816,-0.00599566405786239
6817,-0.00581188181333768
6818,-0.00572379732209466
6819,-0.00739481675986605
6820,-0.0114800329104125
6821,-0.0164154028816847
6822,-0.0195472909525911
6823,-0.0196119815342369
6824,-0.0177270389179812
6825,-0.0158394049728184
6826,-0.0146797408398034
6827,-0.0135557160146687
6828,-0.0117097173513642
6829,-0.00925429409049654
6830,-0.00683030832473052
6831,-0.00490277205296574
6832,-0.00355147867368016
6833,-0.0025739865040291
6834,-0.00162394916566014
6835,-0.00055657308409306
6836,0.00023295594156579
6837,0.000242331132465935
6838,-6.47659580253804E-05
6839,0.000915011239756399
6840,0.00432582185871743
6841,0.00912276938633809
6842,0.0126140933686096
6843,0.0130358706312576
6844,0.0111986970171924
6845,0.00931075278081211
6846,0.00855730525433778
6847,0.00826600754500069
6848,0.00718470844738246
6849,0.00496573728341278
6850,0.00229186247574114
6851,7.87173439498282E-06
6852,-0.00159002093241004
6853,-0.00280038951139352
6854,-0.00404829254734961
6855,-0.00530113380893817
6856,-0.00598961841467164
6857,-0.00581858433053615
6858,-0.00570542736071127
6859,-0.00738570033216215
6860,-0.0115724723010488
6861,-0.016691826024211
6862,-0.020018299358169
6863,-0.0201904489424213
6864,-0.018255760552071
6865,-0.0161891165043498
6866,-0.0148629969547172
6867,-0.0137243133214376
6868,-0.0119898471037541
6869,-0.00959051200707014
6870,-0.00704409004100284
6871,-0.00491269310694204
6872,-0.00347689418871
6873,-0.00259175279571617
6874,-0.00177753987486644
6875,-0.000759637577761493
6876,4.23203808714763E-05
6877,3.17525180576285E-05
6878,-0.000335970509084199
6879,0.000614049711772153
6880,0.0040511427810248
6881,0.00887386584660115
6882,0.0123503491074008
6883,0.0127611136285631
6884,0.0109819110726734
6885,0.00921031323868174
6886,0.00854820540586547
6887,0.00825966603327558
6888,0.00711740281362658
6889,0.00485843760652
6890,0.00222089524476748
6891,1.82437279735959E-05
6892,-0.00153433635661916
6893,-0.0027741349950483
6894,-0.00408329143408266
6895,-0.00536429096356069
6896,-0.00603378731021608
6897,-0.00582110044523533
6898,-0.00564536257807278
6899,-0.00722214089312535
6900,-0.0112826904485802
6901,-0.0163146716176912
6902,-0.0196265875219542
6903,-0.0198350533115179
6904,-0.0179715084146907
6905,-0.0160306855313231
6906,-0.0148635621430976
6907,-0.0138100592483064
6908,-0.0120170068993315
6909,-0.00951678559478284
6910,-0.00700050364840244
6911,-0.0050260243157666
6912,-0.00365948937670373
6913,-0.00261266723773057
6914,-0.00154952958510632
6915,-0.000448736986206606
6916,0.000247102593523114
6917,0.000164818973004127
6918,-0.000103117117886782
6919,0.000969405626591143
6920,0.00433876534565153
6921,0.00894195876399808
6922,0.0122866407768359
6923,0.0127547838789229
6924,0.0110513267629857
6925,0.00919169032819128
6926,0.00836191460014234
6927,0.00807085146627757
6928,0.00715097326862356
6929,0.0051078763231922
6930,0.00243717175692455
6931,-5.44606783923758E-06
6932,-0.00174588473836271
6933,-0.00296406970495684
6934,-0.00413871514145467
6935,-0.00534790039764672
6936,-0.00603665681898624
6937,-0.00583532364682768
6938,-0.00562580033296315
6939,-0.00720564048647108
6940,-0.0113605892121396
6941,-0.0164978295496644
6942,-0.01981752849546
6943,-0.0199573709436361
6944,-0.0180596424389621
6945,-0.0161385327097742
6946,-0.0149378083620067
6947,-0.0137437361902792
6948,-0.0118199030003342
6949,-0.00933642435715395
6950,-0.00693230305070637
6951,-0.00498291676838761
6952,-0.00350675048450194
6953,-0.00238041730769073
6954,-0.00139894353912522
6955,-0.000424289920333074
6956,0.000312056088743816
6957,0.000427159653729765
6958,0.000270139836393863
6959,0.00121840965472138
6960,0.00437951095240014
6961,0.00892925743716342
6962,0.0123795450205347
6963,0.012908474708658
6964,0.0111279726797827
6965,0.00920645527681489
6966,0.00848639174902899
6967,0.00837849093495109
6968,0.00747355029620868
6969,0.00522565800501433
6970,0.00236269268216784
6971,-2.82554420365025E-05
6972,-0.00153160697515891
6973,-0.00260630708901712
6974,-0.00390457035906299
6975,-0.00539628847176244
6976,-0.00628699067481099
6977,-0.0060886870536051
6978,-0.00575034216869715
6979,-0.00719083132772859
6980,-0.0112522466041556
6981,-0.0163383237861302
6982,-0.0196350579381101
6983,-0.0197598814226194
6984,-0.0178241858564924
6985,-0.0158419478808722
6986,-0.014618111779469
6987,-0.0135036576322271
6988,-0.0117400243355856
6989,-0.00939746226973252
6990,-0.00704933322155418
6991,-0.00510022154440916
6992,-0.00362125542312447
6993,-0.00247901612486452
6994,-0.00143210855273371
6995,-0.000378428289265858
6996,0.000350153229563579
6997,0.000331509265747003
6998,7.39131243312398E-06
6999,0.000888248355343791
7000,0.00411928826725004
7001,0.00880920074968725
7002,0.0123996114682922
7003,0.0130499452298164
7004,0.0113537096791926
7005,0.00942164986165228
7006,0.00856836749789519
7007,0.00829476058472799
7008,0.00734676608536271
7009,0.00522667555503262
7010,0.00252767981017359
7011,0.000168436672447456
7012,-0.00143347616210884
7013,-0.00257046555997438
7014,-0.00378311508678445
7015,-0.0051282554300506
7016,-0.00597584407308426
7017,-0.00586743964725349
7018,-0.00563246128522752
7019,-0.00709936776800056
7020,-0.0111491816065632
7021,-0.0162556066148578
7022,-0.019595698270616
7023,-0.0197476508472198
7024,-0.0178457382872297
7025,-0.0159419226330623
7026,-0.0147835186115755
7027,-0.0136071853112194
7028,-0.0116517103957934
7029,-0.00914191633209396
7030,-0.00679146350550774
7031,-0.0049743024285447
7032,-0.00362527427723997
7033,-0.00254259582774112
7034,-0.00152076164170643
7035,-0.000489025187360753
7036,0.00024978991374996
7037,0.000292202259984789
7038,3.02750963741459E-05
7039,0.000916010246258991
7040,0.00411119703627803
7041,0.00879651550227057
7042,0.0124503401151775
7043,0.013198068546668
7044,0.011578349118236
7045,0.00967928673122758
7046,0.00881917282681695
7047,0.00849542342756485
7048,0.0074397500978068
7049,0.00516155318666027
7050,0.00230773355889481
7051,-0.000125327916492642
7052,-0.00167884005625944
7053,-0.00268455914454893
7054,-0.00377699990043549
7055,-0.00508259520854305
7056,-0.00596261252057089
7057,-0.00589483258283376
7058,-0.00565765831371846
7059,-0.0070844914934001
7060,-0.0111078733247643
7061,-0.0162549659299925
7062,-0.019706630454833
7063,-0.0199729758222109
7064,-0.0180937932940752
7065,-0.0160957201061277
7066,-0.0148147398385823
7067,-0.0136064315790744
7068,-0.0117220760709162
7069,-0.00926784511524604
7070,-0.00683839845187728
7071,-0.00481978872577134
7072,-0.00326874894259405
7073,-0.00208281055627735
7074,-0.00105635898023093
7075,-6.25446474081898E-05
7076,0.000634822109912784
7077,0.000641667841665498
7078,0.000354956908484872
7079,0.00122885840527476
7080,0.00441028232611184
7081,0.00905807471953871
7082,0.012647878832825
7083,0.0133228073978928
7084,0.0116386922414307
7085,0.00969382750615935
7086,0.00882255671967614
7087,0.0085410709961248
7088,0.00757427908905045
7089,0.00538537704912585
7090,0.00256419856107276
7091,8.3410651658631E-05
7092,-0.0015721898908579
7093,-0.00267700032434359
7094,-0.00381421002441811
7095,-0.00510137690798677
7096,-0.00594208648480477
7097,-0.0058681857272066
7098,-0.00566545832440963
7099,-0.00711955165296378
7100,-0.011120143352929
7101,-0.0162095923413884
7102,-0.0196171351384907
7103,-0.0198721870348365
7104,-0.0179973147659461
7105,-0.0160125846448701
7106,-0.01476870706965
7107,-0.0136113333686001
7108,-0.011748016776213
7109,-0.0092799981788018
7110,-0.00687944666811362
7111,-0.00500291799027347
7112,-0.00364113178296209
7113,-0.00251858905267973
7114,-0.0013462339433446
7115,-0.000132539470286241
7116,0.000628340732536903
7117,0.000469704387999147
7118,-3.88774578070238E-05
7119,0.000788518057369059
7120,0.00413966390847013
7121,0.00898852480670491
7122,0.0126123004210927
7123,0.0131541797527157
7124,0.0113436269319267
7125,0.00941062543691905
7126,0.00864168795095331
7127,0.00842660242470322
7128,0.00747214119320945
7129,0.00534432372706443
7130,0.00268166907090207
7131,0.000346180372879916
7132,-0.00131932340834036
7133,-0.00257351238645498
7134,-0.00384131345527439
7135,-0.00513721159647961
7136,-0.00592490953901566
7137,-0.00584473170219553
7138,-0.00568438361083372
7139,-0.00714512028711007
7140,-0.0110870521232503
7141,-0.0161257182547684
7142,-0.019562923848398
7143,-0.0199028021380993
7144,-0.0180822672031035
7145,-0.0160851536415712
7146,-0.0148155404025566
7147,-0.0136948965567562
7148,-0.0119410507324023
7149,-0.00958215455730806
7150,-0.00719989041712187
7151,-0.0052264772292216
7152,-0.00372262799614666
7153,-0.00252127375472613
7154,-0.00138841921336054
7155,-0.000283218451833172
7156,0.000419903632689141
7157,0.000346952747744327
7158,3.97578328794978E-05
7159,0.00103137355396673
7160,0.00435101909006216
7161,0.00896685340650386
7162,0.0123322807804015
7163,0.0127887087996889
7164,0.0110989256244092
7165,0.00935705171493183
7166,0.00870821001125206
7167,0.00850745795687682
7168,0.00749069428304985
7169,0.0052505653966295
7170,0.00247721981714455
7171,0.000127301436204527
7172,-0.00141840059065017
7173,-0.00252527678861717
7174,-0.0037612562108779
7175,-0.00512745527985037
7176,-0.0059332428445314
7177,-0.00575477555968698
7178,-0.00551394091914918
7179,-0.00705295617466653
7180,-0.0111685688702114
7181,-0.0162929967454743
7182,-0.0196721018665014
7183,-0.0199233078756595
7184,-0.018070078850422
7185,-0.0160445619015405
7186,-0.0146868383586586
7187,-0.0134738332900452
7188,-0.0117190959725749
7189,-0.00943792071484215
7190,-0.00711332704786334
7191,-0.00514599588400403
7192,-0.00367058288434833
7193,-0.00257086558704656
7194,-0.00154083962829166
7195,-0.000418357892790009
7196,0.000444463143462978
7197,0.00055461896472482
7198,0.000302736165605118
7199,0.00118474412345527
7200,0.00434808042888179
7201,0.00892142079615919
7202,0.012398222347317
7203,0.0129997938841674
7204,0.0113437498243682
7205,0.00950734038001242
7206,0.00874071427326069
7207,0.00849189662821078
7208,0.00749637843778092
7209,0.00529474877117354
7210,0.00253555793164358
7211,0.000158167236878261
7212,-0.00144202668337911
7213,-0.00256811650948326
7214,-0.00372888560953952
7215,-0.00497154217342219
7216,-0.00574738579467703
7217,-0.00569597102933673
7218,-0.00560596133485272
7219,-0.00712917701853123
7220,-0.0110522993019608
7221,-0.0159897916820497
7222,-0.0193334965708469
7223,-0.0196627620378818
7224,-0.0178851725249586
7225,-0.015899504564231
7226,-0.0145793269495931
7227,-0.013392922319166
7228,-0.0116067052731411
7229,-0.00924589791850182
7230,-0.00686849337938399
7231,-0.00491481985278772
7232,-0.00348093983314592
7233,-0.00240688342670671
7234,-0.00140236391004823
7235,-0.000344064368249827
7236,0.000413683542362198
7237,0.000408247223525748
7238,6.26365372049621E-05
7239,0.000911172499739688
7240,0.00414679967431622
7241,0.00890429129618407
7242,0.012604614604905
7243,0.0133599901723029
7244,0.0117247348616025
7245,0.00978714801342553
7246,0.00885233181876001
7247,0.00844235080163013
7248,0.00737621953380754
7249,0.00524584753430497
7250,0.00266350333130571
7251,0.000453691577801853
7252,-0.00109406632746605
7253,-0.00230528000750138
7254,-0.0036312647579644
7255,-0.00502859270724605
7256,-0.00586582138601648
7257,-0.00574968737713371
7258,-0.0055247844238865
7259,-0.00696448015024635
7260,-0.0109410032214977
7261,-0.0160359662226594
7262,-0.0195312182892254
7263,-0.0199371501936255
7264,-0.0181840185499505
7265,-0.0162201184100264
7266,-0.0149203338810079
7267,-0.0137155111235426
7268,-0.0118571800904678
7269,-0.00940685546089618
7270,-0.00698382570216306
7271,-0.00506933659776208
7272,-0.00373943223866143
7273,-0.00274346550579015
7274,-0.00168568956935285
7275,-0.000430949346538185
7276,0.000538609047246754
7277,0.000600168096696339
7278,0.000155459550768772
7279,0.000882912311321918
7280,0.00411257406561614
7281,0.00894304350453907
7282,0.0126410670282529
7283,0.0132559925930679
7284,0.0114636669854657
7285,0.0095186509876413
7286,0.0087484502007621
7287,0.0085414091729307
7288,0.00757174549421727
7289,0.00538653803257722
7290,0.00264223125982782
7291,0.000249121057091572
7292,-0.00139715933307059
7293,-0.00253978918643574
7294,-0.00365563125594344
7295,-0.00484707965575856
7296,-0.00561774771221807
7297,-0.0055619081483085
7298,-0.00540519971451598
7299,-0.00685850574639927
7300,-0.0108384994622444
7301,-0.0159579036887424
7302,-0.0194358302554186
7303,-0.0197284756267078
7304,-0.0178405090524011
7305,-0.0158479121749229
7306,-0.0146314175105353
7307,-0.0135018051655415
7308,-0.0116427478078582
7309,-0.00918164402260099
7310,-0.00679732325360217
7311,-0.00489918614546227
7312,-0.00347195449344034
7313,-0.00233728756898993
7314,-0.00128358537398671
7315,-0.000224454125050723
7316,0.000530863506241447
7317,0.000537769911934284
7318,0.000152811156626294
7319,0.000858338905407383
7320,0.00390813809802932
7321,0.00855221041194407
7322,0.0122495861327111
7323,0.0130480824013833
7324,0.0114273879173134
7325,0.00946801532092274
7326,0.00852277172629423
7327,0.00816081165460004
7328,0.00720054044223865
7329,0.0051708550001135
7330,0.00260129416859598
7331,0.000305029585317423
7332,-0.00133100245437703
7333,-0.00252288320013386
7334,-0.00373349544064439
7335,-0.00503571387445945
7336,-0.00585845607385443
7337,-0.00573596345036684
7338,-0.00543841163806748
7339,-0.00680803150464447
7340,-0.0108455097293364
7341,-0.0161028404790722
7342,-0.0196517569553931
7343,-0.0198672485770704
7344,-0.0178234872927422
7345,-0.0157493110361641
7346,-0.0146107049681438
7347,-0.0136524476246145
7348,-0.0119147531071154
7349,-0.00945810954141489
7350,-0.00702449281098383
7351,-0.00510482995127072
7352,-0.00366714103349806
7353,-0.00246627537381869
7354,-0.00130504512556327
7355,-0.000186443112084983
7356,0.000561330938911165
7357,0.00058296244951563
7358,0.000275807997367732
7359,0.00101535808733558
7360,0.00395765039871071
7361,0.0084557738878058
7362,0.0121732186252665
7363,0.0131813396278722
7364,0.0117572691666798
7365,0.00982666672999414
7366,0.00882682735144024
7367,0.00848904925499339
7368,0.00762279704000226
7369,0.00561276174301781
7370,0.00294040058169712
7371,0.000529044923341406
7372,-0.00113381402007856
7373,-0.0022880463462365
7374,-0.00346632722748328
7375,-0.00476566192105497
7376,-0.00562376787494032
7377,-0.00559841537369685
7378,-0.00542655609197888
7379,-0.0068299445817799
7380,-0.0107386128557818
7381,-0.0158182852030471
7382,-0.0193387057378866
7383,-0.0197185054042632
7384,-0.0178665997343844
7385,-0.0158413028668428
7386,-0.0146179587927819
7387,-0.0135719584845482
7388,-0.0118153085629205
7389,-0.00937174433053094
7390,-0.00694065936520947
7391,-0.00503556981699601
7392,-0.00365734567695199
7393,-0.00253282612366664
7394,-0.00140741409400873
7395,-0.000279110057439729
7396,0.000477570842548121
7397,0.000502622602098158
7398,0.000269687968336033
7399,0.00120673741603484
7400,0.00437180108029161
7401,0.00892012500171941
7402,0.0124340592690622
7403,0.0131432537101787
7404,0.0115694325294452
7405,0.00970717238690398
7406,0.00883931922352116
7407,0.00853425380617519
7408,0.00761440248927941
7409,0.00558138562467093
7410,0.00295039205673344
7411,0.000563758842055341
7412,-0.00114994431660616
7413,-0.00238524586848158
7414,-0.00359940534726026
7415,-0.00487388246191946
7416,-0.005671294198711
7417,-0.0055620311012955
7418,-0.0053031394816787
7419,-0.00667870065427202
7420,-0.0106673198850261
7421,-0.0158851161037678
7422,-0.0194878075115167
7423,-0.0198495456013806
7424,-0.0179534908907024
7425,-0.0159437451935681
7426,-0.0147833864705168
7427,-0.0137724776561553
7428,-0.011992241045575
7429,-0.00949948517743987
7430,-0.00702146992568386
7431,-0.00506555400962316
7432,-0.00363810989628087
7433,-0.00250047291289155
7434,-0.0014084603905029
7435,-0.000320014820881583
7436,0.00041734972446042
7437,0.000404119450580042
7438,7.13155519233045E-05
7439,0.000900690647322305
7440,0.00407000607863835
7441,0.00877232649004521
7442,0.0124772807505639
7443,0.0132657176923871
7444,0.011629576832233
7445,0.00966061066527188
7446,0.00874260777638337
7447,0.00845935135783123
7448,0.00758414712505852
7449,0.00556566074011994
7450,0.00289082939629519
7451,0.00041190850776606
7452,-0.00138210426942379
7453,-0.00260697700581005
7454,-0.00371015941260773
7455,-0.00487584640778699
7456,-0.00569001070497971
7457,-0.00571463756001178
7458,-0.00554165339357955
7459,-0.00679855833204888
7460,-0.0105023328551425
7461,-0.015488682085879
7462,-0.0190965250170702
7463,-0.0196576388822194
7464,-0.0179369350438198
7465,-0.0159160628999602
7466,-0.0146079238529763
7467,-0.0134947040012971
7468,-0.0117697971526565
7469,-0.00943907408609718
7470,-0.00710298904520967
7471,-0.00519771268673297
7472,-0.00374672253055208
7473,-0.00256396929803617
7474,-0.00144795720994998
7475,-0.000380585529826046
7476,0.000293431546601954
7477,0.000214119972487933
7478,-0.000133748115436811
7479,0.000752200160941049
7480,0.00402083589920016
7481,0.00881607215588355
7482,0.0125686276791407
7483,0.0133361066593207
7484,0.0116126426502471
7485,0.00953757065346644
7486,0.00856938589794311
7487,0.00832223868324481
7488,0.00751578307251295
7489,0.0055237091338074
7490,0.00283103743277982
7491,0.000353606290925232
7492,-0.00139565160754903
7493,-0.00260113385431321
7494,-0.0037831698210503
7495,-0.00508691137824651
7496,-0.00597118112733593
7497,-0.00593335995415709
7498,-0.00565291852860559
7499,-0.00690411250837285
7500,-0.0107379114102183
7501,-0.0158663247823665
7502,-0.0194836845396462
7503,-0.0199147356081336
7504,-0.0180523263214566
7505,-0.015993221881153
7506,-0.0147389928855178
7507,-0.0136733531570163
7508,-0.0119195952767745
7509,-0.00949291191856308
7510,-0.00704547586833551
7511,-0.00506533432537377
7512,-0.00361392275728104
7513,-0.00250090970445858
7514,-0.00144528328964121
7515,-0.000323228263996346
7516,0.000522018372170001
7517,0.000578787456529969
7518,0.000171065115654332
7519,0.000822694064662071
7520,0.00387699104233356
7521,0.00863477673636543
7522,0.0124991411622038
7523,0.0133999366620443
7524,0.0117662715684454
7525,0.00975309402432827
7526,0.00881599475828295
7527,0.00852951035953313
7528,0.00762874141738377
7529,0.00558430618059324
7530,0.0029442235012623
7531,0.000562611897556032
7532,-0.00115204650749862
7533,-0.0023893488019102
7534,-0.00358549149192566
7535,-0.00485622591430796
7536,-0.00574124008001833
7537,-0.00580649704475784
7538,-0.00566742214075657
7539,-0.00696672340056058
7540,-0.010724744422757
7541,-0.0157640124816967
7542,-0.0193894539413013
7543,-0.0199041563577635
7544,-0.0180924448910903
7545,-0.0160035226409069
7546,-0.014703504283881
7547,-0.0136527722799767
7548,-0.0119620390733421
7549,-0.00957296624717903
7550,-0.00710619018873089
7551,-0.00508651059721083
7552,-0.00361147230647706
7553,-0.00248581465565674
7554,-0.0014339008072118
7555,-0.000384084285301221
7556,0.00029813442739686
7557,0.000199540788549443
7558,-0.000205617042225872
7559,0.00061996589570091
7560,0.00383991578065829
7561,0.00857192356412508
7562,0.012245465980013
7563,0.0129870595367823
7564,0.0113579719540158
7565,0.00945661736757132
7566,0.0086094543655548
7567,0.00834569719521628
7568,0.00743204757085412
7569,0.00535149912829566
7570,0.00264189800702586
7571,0.00019887813161833
7572,-0.00148820545462826
7573,-0.00260140861409291
7574,-0.00367949190911157
7575,-0.00493120253262412
7576,-0.00586124112051045
7577,-0.00592410482300839
7578,-0.00569972585257123
7579,-0.0069182924212248
7580,-0.0106970104456619
7581,-0.0158466062106248
7582,-0.0195714707989125
7583,-0.0201016809190558
7584,-0.0182429121125689
7585,-0.0161143558262303
7586,-0.0148136380629891
7587,-0.0137722500803248
7588,-0.0120673341692865
7589,-0.00965612923593173
7590,-0.00720111798326033
7591,-0.00523046584016005
7592,-0.00379319588005604
7593,-0.00265701627151241
7594,-0.00156584951459104
7595,-0.000481064220847611
7596,0.000247809690256254
7597,0.000240166249996014
7598,-7.03533811351978E-05
7599,0.000750231318477533
7600,0.00383795642286189
7601,0.00843437124336322
7602,0.0121129797665874
7603,0.0129754351411217
7604,0.0114086274023805
7605,0.00941190179512133
7606,0.00841697454331218
7607,0.00811852952733074
7608,0.00729681052031631
7609,0.00530906370919394
7610,0.00262033897283235
7611,0.000180984108003118
7612,-0.00146931521879546
7613,-0.00256477787291996
7614,-0.00369429132528111
7615,-0.00499143949337186
7616,-0.00585393852931006
7617,-0.00578476184686061
7618,-0.00553291921077396
7619,-0.00686933846845813
7620,-0.0107310995813958
7621,-0.0157668299294607
7622,-0.0192836223254098
7623,-0.019765527402253
7624,-0.0180909576612683
7625,-0.0161784496138704
7626,-0.0149157225008141
7627,-0.0137595850735685
7628,-0.0119645751111355
7629,-0.00957623212512129
7630,-0.0071973928634547
7631,-0.00528766714590445
7632,-0.0039037677469133
7633,-0.00282457008568504
7634,-0.00174414477785632
7635,-0.000576292027469058
7636,0.000289443819588818
7637,0.000377341971935406
7638,7.3521868779817E-05
7639,0.000846464837342146
7640,0.00389130673190076
7641,0.00847911303136774
7642,0.0121843523348972
7643,0.0130994272716615
7644,0.011593521013712
7645,0.00964222286788431
7646,0.00866976181370218
7647,0.00839269627557172
7648,0.00761422488089341
7649,0.00567077578274627
7650,0.00296544639156576
7651,0.000413211387267866
7652,-0.00139442208277864
7653,-0.00258833285036179
7654,-0.00371342181498347
7655,-0.00496872494354448
7656,-0.0058373394544454
7657,-0.00581149847040474
7658,-0.00555939234886626
7659,-0.00683878173475243
7660,-0.0106805189389069
7661,-0.0157979263255743
7662,-0.0194199704623287
7663,-0.0199038946456991
7664,-0.0181278418908694
7665,-0.0161337097076398
7666,-0.0148811638749789
7667,-0.0137632482774085
7668,-0.0119499501568087
7669,-0.00949621071174217
7670,-0.00705455672751886
7671,-0.0050796075014911
7672,-0.00360771164485747
7673,-0.00247178387426508
7674,-0.00144345004620336
7675,-0.000410360914886833
7676,0.000348743644733938
7677,0.000395314519523084
7678,4.25281091612804E-05
7679,0.000733820918344837
7680,0.00377331331529561
7681,0.00851173757487169
7682,0.0124003726043639
7683,0.013325280948522
7684,0.0116418685964963
7685,0.0095342736366322
7686,0.0085793525852705
7687,0.00839573995677281
7688,0.00759345601461783
7689,0.00549012014139964
7690,0.00265707470310468
7691,0.000140377958735907
7692,-0.00151381912287039
7693,-0.00256903356405106
7694,-0.00364746336001736
7695,-0.00494346962965255
7696,-0.0058966300369791
7697,-0.0059350402286455
7698,-0.00566300118505717
7699,-0.00683706026791542
7700,-0.0105743930187032
7701,-0.0156777317347703
7702,-0.0193684468587975
7703,-0.0199232370109683
7704,-0.0181780086365173
7705,-0.0162045109334241
7706,-0.0149865347088331
7707,-0.0138881390479562
7708,-0.0120590771144203
7709,-0.00959940663099955
7710,-0.00720866379244051
7711,-0.00529510674870627
7712,-0.00379159058121817
7713,-0.00251333019358895
7714,-0.00135230020313417
7715,-0.000326204051059332
7716,0.000299212669779816
7717,0.000227636843608606
7718,-0.000117591933588019
7719,0.000670919928687415
7720,0.00377177537258901
7721,0.00847220431507023
7722,0.012294155519396
7723,0.013244637859251
7724,0.0117027561405375
7725,0.00973365843364635
7726,0.00877701451682688
7727,0.00846182448990223
7728,0.00756098783787594
7729,0.00552282427406785
7730,0.00285847155095325
7731,0.000432982881624543
7732,-0.0012933260131577
7733,-0.00249038385841439
7734,-0.00364927842490878
7735,-0.00495099335252142
7736,-0.00590302693897937
7737,-0.00595021678335957
7738,-0.00565742347473933
7739,-0.0067978010578365
7740,-0.0105723407739814
7741,-0.0157929187599351
7742,-0.0195499888120668
7743,-0.0200065910255026
7744,-0.0180784842833655
7745,-0.0160307338037893
7746,-0.0149014829816641
7747,-0.0138947672985003
7748,-0.0120015926378094
7749,-0.00937786405545159
7750,-0.00692204635514832
7751,-0.00513547128607531
7752,-0.00383832588155505
7753,-0.0026743894532561
7754,-0.00148678622010907
7755,-0.000378827302321414
7756,0.000282293717043867
7757,0.00017000969278666
7758,-0.000258265924315123
7759,0.000457023039441393
7760,0.00353338038613657
7761,0.00826815031708507
7762,0.0121581976753371
7763,0.0131631743148251
7764,0.0116269237464583
7765,0.00962281208388654
7766,0.00863657353151682
7767,0.00833731773069696
7768,0.00749208170003513
7769,0.00550706213767735
7770,0.00286337139407877
7771,0.000436451872170246
7772,-0.00128942892359316
7773,-0.00248359526750493
7774,-0.00365138990002646
7775,-0.00496755088449356
7776,-0.0059131756104345
7777,-0.00592386144059299
7778,-0.00558210818135864
7779,-0.00667394521941163
7780,-0.0103986273286751
7781,-0.0155858744400373
7782,-0.0193670161126998
7783,-0.0199049365630144
7784,-0.0180373230005853
7785,-0.0159549347142157
7786,-0.0147366874827975
7787,-0.0137157138411485
7788,-0.0119451358769288
7789,-0.00948924596887257
7790,-0.00709632705630913
7791,-0.00521468417901158
7792,-0.0037482535205665
7793,-0.00247043508793518
7794,-0.00129158150534623
7795,-0.000272844858909493
7796,0.000342516399090439
7797,0.000331939542237705
7798,0.000114099092340462
7799,0.000958925550113443
7800,0.00391674306616343
7801,0.00833318005543595
7802,0.0119384046319826
7803,0.012866176901714
7804,0.0114052721191953
7805,0.00945300397766961
7806,0.00842809782579499
7807,0.00809730807254801
7808,0.00732582833825869
7809,0.00547225485501801
7810,0.00287928824698592
7811,0.00036045661737566
7812,-0.00151401852327305
7813,-0.00277321843282236
7814,-0.00387053246941098
7815,-0.00506058254345561
7816,-0.00594460488376996
7817,-0.00598832136316058
7818,-0.00568403645944815
7819,-0.00671847349330308
7820,-0.0103135030952479
7821,-0.0154290087767104
7822,-0.0192774019046556
7823,-0.0199482243221405
7824,-0.0181425689520874
7825,-0.0160231283797444
7826,-0.0147717890001797
7827,-0.0137998378897826
7828,-0.0121017540768906
7829,-0.00963699362512306
7830,-0.00716466985749618
7831,-0.00525576367527418
7832,-0.00388159427375975
7833,-0.00273140178147816
7834,-0.00158915669510333
7835,-0.000508442287363939
7836,0.000157536827468061
7837,0.000107360554040042
7838,-0.000194508324708109
7839,0.000630068293498543
7840,0.00368877740175145
7841,0.00829865037740965
7842,0.0121143405460434
7843,0.0131920728062121
7844,0.0117793603356127
7845,0.00979957529210754
7846,0.00874639129609017
7847,0.00842645843000465
7848,0.00765459079772946
7849,0.00571558243285388
7850,0.00297037286102741
7851,0.000339488916537871
7852,-0.00154290629629726
7853,-0.00276153424064474
7854,-0.00385489661633559
7855,-0.00507321629005373
7856,-0.00595455226495726
7857,-0.00596538396458278
7858,-0.00567530725337648
7859,-0.00680161791163667
7860,-0.0104862013737867
7861,-0.0156060253196414
7862,-0.0194115602925784
7863,-0.020102036803644
7864,-0.0183986909130355
7865,-0.0163517064568077
7866,-0.015036608576062
7867,-0.0138998108393751
7868,-0.0120706680046875
7869,-0.00958999757190076
7870,-0.00717328592212707
7871,-0.00529791137094002
7872,-0.00389621250911107
7873,-0.00268762650482694
7874,-0.00149798730004003
7875,-0.000396734135457522
7876,0.000259751740679104
7877,0.000164777937374915
7878,-0.000207468567223194
7879,0.00055363455241543
7880,0.0035728558912564
7881,0.00813518477868677
7882,0.0118604431495459
7883,0.0128529019571746
7884,0.0114739052518129
7885,0.00967791307754293
7886,0.00880906656157692
7887,0.00847450135467846
7888,0.00748288337679254
7889,0.00534950323984356
7890,0.00265612254858689
7891,0.000288190929607088
7892,-0.0013522896294477
7893,-0.00250616129359695
7894,-0.00365889017376202
7895,-0.00493794126936581
7896,-0.00586275693803096
7897,-0.00595709299707872
7898,-0.00578174292932838
7899,-0.0069613769956313
7900,-0.0105893309302668
7901,-0.0156114976474616
7902,-0.0193772824881004
7903,-0.0200954363311398
7904,-0.0184167981517461
7905,-0.0163513984847546
7906,-0.0150239879563186
7907,-0.0139579009566225
7908,-0.0122848470546232
7909,-0.00995121648304015
7910,-0.00756697460033275
7911,-0.00559860096014577
7912,-0.00407184345908863
7913,-0.00280192033044847
7914,-0.00161487909295758
7915,-0.000509585366670282
7916,0.000191175423072334
7917,0.000139569038100294
7918,-0.00022465126572854
7919,0.000553280855925083
7920,0.00366504472580563
7921,0.00837578759584871
7922,0.0121927712357922
7923,0.0131234717235232
7924,0.0115377057842163
7925,0.00949126201636628
7926,0.00845904324221418
7927,0.00814355385388627
7928,0.0073458217326141
7929,0.00544259946711237
7930,0.00284088276593546
7931,0.00038862420197722
7932,-0.00136916163907705
7933,-0.00253127245059414
7934,-0.003626099888119
7935,-0.00493086958967494
7936,-0.00597711800556978
7937,-0.00611702465881486
7938,-0.00580337367088861
7939,-0.00680314339936967
7940,-0.0104296111842925
7941,-0.015614836233147
7942,-0.019462242512534
7943,-0.020040432138161
7944,-0.0181725305592426
7945,-0.0161280199737478
7946,-0.0150204738563603
7947,-0.0140892253461959
7948,-0.0122689409052012
7949,-0.00964368020161298
7950,-0.00712204821807109
7951,-0.00527849121867402
7952,-0.00396429643507704
7953,-0.00277655760477963
7954,-0.00151996095272297
7955,-0.000340852056766738
7956,0.000322332997091924
7957,0.00014299770371261
7958,-0.000355538285228856
7959,0.0003225974337009
7960,0.00337025608512235
7961,0.0080746289508001
7962,0.011983413359077
7963,0.0130951878995967
7964,0.0116966379927736
7965,0.00975461979851105
7966,0.00872398177339995
7967,0.00834948169438128
7968,0.00747869849377127
7969,0.00551239376405583
7970,0.00286988363356491
7971,0.000395802404349565
7972,-0.00139312219699229
7973,-0.00261089666888738
7974,-0.00373832382053395
7975,-0.00498395415773447
7976,-0.00590357590180542
7977,-0.00597670265774523
7978,-0.00572891992174659
7979,-0.00682617463375288
7980,-0.0104304196164635
7981,-0.0154954561588464
7982,-0.0193106200976396
7983,-0.02003292645519
7984,-0.0183304579489921
7985,-0.0162726319176159
7986,-0.015000679633518
7987,-0.0139682094048683
7988,-0.0122156140893064
7989,-0.00969438783622324
7990,-0.0071453713673851
7991,-0.00517288981036962
7992,-0.00380517506609921
7993,-0.00272882364224523
7994,-0.00164923072767489
7995,-0.000548452583777351
7996,0.000205770922176897
7997,0.000231449386127348
7998,-6.69008302211886E-05
7999,0.000694533867070402
8000,0.00365930044773285
8001,0.00816398909890005
8002,0.0118803811786597
8003,0.0129158092761005
8004,0.0115702955002722
8005,0.00973159362063921
8006,0.00875868016123655
8007,0.00835810572396934
8008,0.00741923212767652
8009,0.00542376802456013
8010,0.00283580054604513
8011,0.000462282867696158
8012,-0.00126460809675746
8013,-0.00250076985186693
8014,-0.00368451671381884
8015,-0.0049563503351948
8016,-0.0058610913436048
8017,-0.00592602244786896
8018,-0.00570924681307874
8019,-0.00685008164921319
8020,-0.0104638197933054
8021,-0.0154964304241401
8022,-0.0192678561533195
8023,-0.0199573218999216
8024,-0.0182271772339926
8025,-0.0161444420090663
8026,-0.0148782511150943
8027,-0.0139147494656553
8028,-0.0122842993594378
8029,-0.00988181067540648
8030,-0.00739179394271672
8031,-0.00540118658922893
8032,-0.00394873134840253
8033,-0.00273647811323278
8034,-0.00150275691576903
8035,-0.000299248606836525
8036,0.000438645585865765
8037,0.000341155538773944
8038,-8.29798373979141E-05
8039,0.000649949206458072
8040,0.00367839500248506
8041,0.00824756103896102
8042,0.0119615935547269
8043,0.0129449432920633
8044,0.0115534797809056
8045,0.00970361764453321
8046,0.00875146156262582
8047,0.00839459303522362
8048,0.00749799251167806
8049,0.005490112383532
8050,0.00280142001739315
8051,0.000292800431161205
8052,-0.00149095864506879
8053,-0.00265951427837505
8054,-0.00373379103879981
8055,-0.00496050488711955
8056,-0.00586937827719727
8057,-0.00587170397012421
8058,-0.00548378920215163
8059,-0.00646763940635008
8060,-0.0100912468980033
8061,-0.0152915641693859
8062,-0.0192235884688735
8063,-0.019941010674423
8064,-0.0181458196197978
8065,-0.0160196936078439
8066,-0.0147669489097877
8067,-0.0138189073940314
8068,-0.01216466886172
8069,-0.00971280143987068
8070,-0.00716112049655434
8071,-0.00508890758986334
8072,-0.00356786493665267
8073,-0.00238648181272794
8074,-0.00131469296812352
8075,-0.000296721889391886
8076,0.000380688240091945
8077,0.000358687192458402
8078,5.89035956415279E-06
8079,0.000702081404030029
8080,0.00365931941348278
8081,0.00827477541608532
8082,0.0121736034328189
8083,0.0133281955451136
8084,0.0119488368940879
8085,0.00998022209750449
8086,0.00893055241596102
8087,0.00858653245556193
8088,0.00775966408827454
8089,0.00578982223454415
8090,0.00310595278927033
8091,0.000621482108102416
8092,-0.00112795833943125
8093,-0.00232802222838201
8094,-0.00352348390439932
8095,-0.00488029264128427
8096,-0.00585119028961881
8097,-0.00588116233201209
8098,-0.00556380280250592
8099,-0.0066429206468595
8100,-0.0102885064547633
8101,-0.0154150481361241
8102,-0.0192779023301571
8103,-0.0200055844428744
8104,-0.0182327510841382
8105,-0.016034294680295
8106,-0.0146389235728363
8107,-0.0136124217868179
8108,-0.0120120084835824
8109,-0.00967709581556837
8110,-0.00721394020982524
8111,-0.00519363478043869
8112,-0.00371761564731941
8113,-0.00255774271169906
8114,-0.00144324923551217
8115,-0.000333352067837387
8116,0.00041295194921483
8117,0.000384085566823909
8118,-3.52278018543947E-05
8119,0.000596583499000426
8120,0.00354327566802176
8121,0.00819834026030006
8122,0.0121217664990938
8123,0.0132220942417134
8124,0.0117373010654229
8125,0.0097258168807603
8126,0.00876184901760396
8127,0.00855392387635718
8128,0.0077835489465136
8129,0.00577631588067038
8130,0.00306602891462586
8131,0.00062873651164732
8132,-0.00106103118082786
8133,-0.00226726144464241
8134,-0.0035173089478333
8135,-0.00490873843047392
8136,-0.00587339880096134
8137,-0.00587271215682625
8138,-0.0054935554470665
8139,-0.00647973290664899
8140,-0.0100700178426105
8141,-0.0152564244611159
8142,-0.0192555199209913
8143,-0.0200644473443176
8144,-0.0182646228012425
8145,-0.0160219556089016
8146,-0.0146563616499543
8147,-0.0136947104352361
8148,-0.012104746941969
8149,-0.00973463478775818
8150,-0.00727492274818847
8151,-0.00531461307183857
8152,-0.00388655051585935
8153,-0.00273109024163863
8154,-0.00162926006508265
8155,-0.00056259208492325
8156,0.000187228377968001
8157,0.000268616727300891
8158,-2.65101572178366E-05
8159,0.000577633094590767
8160,0.00332762841753059
8161,0.00781140364700667
8162,0.0117916025190527
8163,0.0131557188215017
8164,0.011912682970364
8165,0.0099254486835244
8166,0.00879810891566773
8167,0.00843579858097109
8168,0.00766153489250347
8169,0.00575696455608018
8170,0.00311230996521255
8171,0.000632757815503245
8172,-0.00115122765412129
8173,-0.00241390358786807
8174,-0.00365244216848479
8175,-0.00498768585992118
8176,-0.00588640609435025
8177,-0.00585465181581059
8178,-0.0055272033732375
8179,-0.00663743477056774
8180,-0.0103253231145373
8181,-0.0154926651835236
8182,-0.0193989346062132
8183,-0.020179186214748
8184,-0.0184743941999347
8185,-0.01636135873712
8186,-0.0150512588504791
8187,-0.0140715392787843
8188,-0.0124499166993315
8189,-0.0100376006963331
8190,-0.00748767697232387
8191,-0.00540926239580678
8192,-0.00390285821953169
8193,-0.00272178360918871
8194,-0.00160184816142478
8195,-0.000526580228805064
8196,0.000164368392765404
8197,0.000137226773705796
8198,-0.000185846277435617
8199,0.000536480744044345
8200,0.0034162661865949
8201,0.00786196094065216
8202,0.0116659524518
8203,0.0129271745276645
8204,0.0117621122269954
8205,0.00990562263791734
8206,0.00879975118599397
8207,0.00837336565859986
8208,0.0075796336733298
8209,0.0057156165639863
8210,0.00306357271090109
8211,0.000501279823654872
8212,-0.00130848155869039
8213,-0.00242976956079301
8214,-0.00344667766551074
8215,-0.004674152711971
8216,-0.00564934872238786
8217,-0.00576285211808038
8218,-0.00550891864893044
8219,-0.00659835054436332
8220,-0.0102235402257868
8221,-0.0153047342541608
8222,-0.0190950891046295
8223,-0.0197851415421049
8224,-0.0181121250639268
8225,-0.0161499342899865
8226,-0.0149595933901084
8227,-0.0139307262682063
8228,-0.0121409704382311
8229,-0.0096238115697566
8230,-0.00712357648732838
8231,-0.00515966535502376
8232,-0.00370701213086652
8233,-0.00250492385348661
8234,-0.00134113618987974
8235,-0.000207371520902905
8236,0.000562937555981887
8237,0.00056924038537117
8238,0.000159054116021082
8239,0.000741623845821138
8240,0.00359605590724157
8241,0.00815894898925551
8242,0.0120322153654913
8243,0.0131535579425356
8244,0.0117469599272916
8245,0.00979219360358467
8246,0.00878823253640149
8247,0.00848012823898832
8248,0.00767426720646159
8249,0.0057419110625291
8250,0.00310470166203757
8251,0.000624249809314969
8252,-0.00115979186678531
8253,-0.00234013055899348
8254,-0.00341049693637089
8255,-0.00463731592447502
8256,-0.00561384951445282
8257,-0.00576477995744265
8258,-0.00551653470766026
8259,-0.00652687061029384
8260,-0.0100755056892993
8261,-0.0152219020089616
8262,-0.019216386665764
8263,-0.020086011789098
8264,-0.0184350774943276
8265,-0.0163790396763706
8266,-0.0151149838969449
8267,-0.0140894307816361
8268,-0.0123171793554082
8269,-0.00976418253727303
8270,-0.00720344896526524
8271,-0.00524405294140331
8272,-0.00389847810226219
8273,-0.00283711415698416
8274,-0.00173354703268795
8275,-0.000533374038414915
8276,0.000359334643801964
8277,0.000429418161127228
8278,-9.61369546236592E-06
8279,0.000536041790046866
8280,0.00344905503153908
8281,0.00816445557527232
8282,0.0121802655077273
8283,0.0133494790157549
8284,0.0119160998039587
8285,0.00993653043039214
8286,0.00894408160874654
8287,0.00865411546320552
8288,0.0078335468286715
8289,0.00584245850436267
8290,0.00311148704859389
8291,0.000525448788796583
8292,-0.00133269948247893
8293,-0.00251982918996777
8294,-0.00355286762091859
8295,-0.0047703355993926
8296,-0.00579484825418222
8297,-0.00598135443722047
8298,-0.00566057679488194
8299,-0.00649275129204674
8300,-0.00987290008645757
8301,-0.0149729012948185
8302,-0.0190438602836177
8303,-0.020015295590469
8304,-0.0183962563318343
8305,-0.0162859892304118
8306,-0.0149389450301483
8307,-0.0138700640702579
8308,-0.0121154637444292
8309,-0.00960882414177597
8310,-0.00708058051887446
8311,-0.00512710282671898
8312,-0.00377006723313468
8313,-0.00268179004437893
8314,-0.00153795445237488
8315,-0.000314946062751011
8316,0.000541487179371066
8317,0.000526819248268894
8318,2.88033766601563E-05
8319,0.000594787715803899
8320,0.00356431037073723
8321,0.00828112322660918
8322,0.0122226510909158
8323,0.013319557151619
8324,0.011884883610324
8325,0.00993760511479448
8326,0.00891490672704733
8327,0.00851252874103532
8328,0.0075997670147125
8329,0.00564648219328757
8330,0.0030594877689546
8331,0.000578795724636762
8332,-0.00131091152605529
8333,-0.00259735981104127
8334,-0.00364950682323815
8335,-0.00477429619372661
8336,-0.00572089152842647
8337,-0.00594919341778932
8338,-0.00572035207612478
8339,-0.00655029840456195
8340,-0.00983117042185769
8341,-0.0148801930453428
8342,-0.0190167416979118
8343,-0.0200437849387027
8344,-0.0183395719761907
8345,-0.0160956350876731
8346,-0.0147863052789433
8347,-0.0139625237058162
8348,-0.012432562659366
8349,-0.00992398405088446
8350,-0.00724097076693341
8351,-0.00521172144261718
8352,-0.00393757596233862
8353,-0.00295745289763365
8354,-0.00183101179359409
8355,-0.000587844962474997
8356,0.000234978465217434
8357,0.000168465594068479
8358,-0.000310729590307199
8359,0.000314504560932364
8360,0.00327047086703881
8361,0.00790747571466116
8362,0.0118570045231509
8363,0.0131193567453647
8364,0.0118474457142229
8365,0.00986549338675353
8366,0.00865773851176097
8367,0.00815806847320815
8368,0.00735170008492185
8369,0.00557415290112498
8370,0.00306627643724706
8371,0.000581906737772935
8372,-0.00129487500410276
8373,-0.00256381035303074
8374,-0.00367590023717054
8375,-0.00490143572868624
8376,-0.00585364984626105
8377,-0.00598602787426309
8378,-0.00573593767543495
8379,-0.00672547074802983
8380,-0.0102040741318493
8381,-0.0152959196858307
8382,-0.0193650438116554
8383,-0.0204229092146676
8384,-0.0188813111080278
8385,-0.0167114042111816
8386,-0.0152332718992876
8387,-0.0141547056677315
8388,-0.0125496970697109
8389,-0.0101636419815012
8390,-0.00757573823678858
8391,-0.00548254975599446
8392,-0.00410822179800777
8393,-0.00314104559534102
8394,-0.00207253810920309
8395,-0.000759665450732893
8396,0.000250194116480601
8397,0.000279912452146152
8398,-0.000308719863821322
8399,0.000150334846711078
8400,0.00309470309964584
8401,0.00786409233250237
8402,0.0118931544161018
8403,0.013088761037167
8404,0.0117347788056275
8405,0.00980500466432107
8406,0.00873899198316691
8407,0.00831856265850783
8408,0.00750151202831351
8409,0.0057398620718052
8410,0.00332724525290271
8411,0.000907335620337283
8412,-0.00104589872089225
8413,-0.00247415984136556
8414,-0.0036855814431289
8415,-0.00491748365134322
8416,-0.00586557685121661
8417,-0.00601157827872416
8418,-0.00571371854006892
8419,-0.00655922647129183
8420,-0.00990890832760886
8421,-0.0150105361545935
8422,-0.0191860222842101
8423,-0.0202910128865263
8424,-0.0186826950788915
8425,-0.0164445721670101
8426,-0.0150068429332343
8427,-0.0140354877895398
8428,-0.0124878385241056
8429,-0.0100873212876626
8430,-0.00749399722747469
8431,-0.00544082785505362
8432,-0.00407815898338627
8433,-0.00302889255010575
8434,-0.0018506694834391
8435,-0.000530804343547145
8436,0.000365000977704327
8437,0.000291116378960888
8438,-0.000274538851324976
8439,0.000281764491957155
8440,0.003237628071609
8441,0.00785964719447439
8442,0.0116793308147059
8443,0.0127557024101742
8444,0.0114279326317775
8445,0.00960916427605171
8446,0.0086509155938858
8447,0.00828518328410212
8448,0.00745684528577002
8449,0.00562988211708918
8450,0.00313920071051442
8451,0.000685351714939827
8452,-0.0012272954758178
8453,-0.00256027254315092
8454,-0.00367206716692125
8455,-0.00484857603911784
8456,-0.00581498939773189
8457,-0.00605068596556841
8458,-0.00586685317210049
8459,-0.00677601112297158
8460,-0.0100892778666613
8461,-0.0150698634893294
8462,-0.0191065803863422
8463,-0.020129265867502
8464,-0.018541519461099
8465,-0.0164249292041701
8466,-0.0151482745973189
8467,-0.014283718691059
8468,-0.0127325581308123
8469,-0.0102480107945119
8470,-0.00756829339180218
8471,-0.00547338013662237
8472,-0.00410643947048719
8473,-0.00307191672198238
8474,-0.0019217790939226
8475,-0.00062767079545559
8476,0.000271043815509684
8477,0.000214170126112283
8478,-0.000387375885522166
8479,5.2277359802951E-05
8480,0.00290670519638385
8481,0.00758675550798774
8482,0.0116361323880232
8483,0.0129453202479286
8484,0.0116813150519187
8485,0.00977264009579961
8486,0.00872970678185866
8487,0.00836811815513735
8488,0.00754606913433771
8489,0.00562314169057847
8490,0.00298706649644126
8491,0.000490025480241705
8492,-0.00132286437855284
8493,-0.00254379943214345
8494,-0.00365609104916362
8495,-0.00490158270671254
8496,-0.00586865568897999
8497,-0.00600335391611281
8498,-0.0057259142183926
8499,-0.00664626354991594
8500,-0.0100482052962514
8501,-0.0151127169097654
8502,-0.0192064036469007
8503,-0.0202806651606215
8504,-0.0187137760295087
8505,-0.0165233212070195
8506,-0.0150850030937473
8507,-0.0140854972219383
8508,-0.012534734280067
8509,-0.0101649134467423
8510,-0.00759134492447967
8511,-0.00550942688424201
8512,-0.00409477385832994
8513,-0.00303763717498226
8514,-0.00192023769243612
8515,-0.000664354170718722
8516,0.000248156340411001
8517,0.000254136428609298
8518,-0.000287446730262977
8519,0.000169040331999874
8520,0.00299877038917509
8521,0.00763368148098713
8522,0.0116322810806119
8523,0.0128952680024991
8524,0.0115989052230554
8525,0.00966487706790116
8526,0.00857971320735831
8527,0.00815423327464662
8528,0.00728157123886732
8529,0.0053556111955525
8530,0.00274952466817485
8531,0.00028009616664781
8532,-0.00150264563401789
8533,-0.00266059604555768
8534,-0.0036999904060204
8535,-0.00493518980018915
8536,-0.00596590530095408
8537,-0.0061440185332305
8538,-0.00581396861552425
8539,-0.00664627050633736
8540,-0.0100347196638051
8541,-0.0151436566319579
8542,-0.0192120780790768
8543,-0.0201569017217242
8544,-0.0184937111528648
8545,-0.0163596768073663
8546,-0.0150479780625815
8547,-0.014063655248524
8548,-0.012383758438743
8549,-0.0098951810875573
8550,-0.00734252385455108
8551,-0.00537507780098104
8552,-0.0040479130914946
8553,-0.00302409412611443
8554,-0.00194274587107695
8555,-0.000733946419504663
8556,0.000192220578469049
8557,0.000310300795705967
8558,-9.74366652147933E-05
8559,0.00039871298222955
8560,0.00314855297087857
8561,0.00767034350822598
8562,0.0116200137681696
8563,0.0129156691399896
8564,0.0116825387927141
8565,0.00979596159021842
8566,0.00874009885501935
8567,0.00834568172602728
8568,0.0075171558350528
8569,0.00564595055531818
8570,0.00308951280776072
8571,0.000626387845364115
8572,-0.00123114068621368
8573,-0.00251714734133823
8574,-0.00362481006727112
8575,-0.00477745445728847
8576,-0.00563926384935272
8577,-0.00574435036361043
8578,-0.00552687757291701
8579,-0.00653429337783295
8580,-0.00997581559715297
8581,-0.0150056207763235
8582,-0.0190271420949765
8583,-0.0200647067664059
8584,-0.0185495368184212
8585,-0.016481683389499
8586,-0.0151549922169246
8587,-0.0141793915362239
8588,-0.0125589341974382
8589,-0.0100842449960685
8590,-0.00742954796842919
8591,-0.00530536429451126
8592,-0.00387274327748685
8593,-0.00281352937639291
8594,-0.0017175554351117
8595,-0.000513801056525794
8596,0.000324847663126417
8597,0.00026054882981109
8598,-0.000317970728355091
8599,0.000151334752641945
8600,0.00303214667457727
8601,0.00772075030096687
8602,0.0117434882104094
8603,0.0130036862414927
8604,0.0117167228126125
8605,0.00984287994814009
8606,0.00886429591404643
8607,0.00854303456606678
8608,0.00772426574225298
8609,0.00579255040778916
8610,0.00313651299337992
8611,0.000578626802591543
8612,-0.00132268423643725
8613,-0.00257427231262563
8614,-0.00360186688406322
8615,-0.00471806526303268
8616,-0.00564650438741841
8617,-0.005866598013747
8618,-0.00568993991201658
8619,-0.0066205030107605
8620,-0.00996236826893439
8621,-0.0149807141040101
8622,-0.0190573823283824
8623,-0.0200913366313405
8624,-0.0184536085977707
8625,-0.0162290923709583
8626,-0.0148361583506408
8627,-0.0139105022734483
8628,-0.0123800968882062
8629,-0.00995611169205509
8630,-0.00729524362722561
8631,-0.00514473479251744
8632,-0.00372173931626004
8633,-0.00273714993758622
8634,-0.00172998481985325
8635,-0.00051271033996519
8636,0.000500154447676904
8637,0.000666583903894556
8638,0.000192822972205528
8639,0.000584154442608763
8640,0.00332860226162838
8641,0.00795156167163952
8642,0.0119521406889708
8643,0.0131279927999151
8644,0.0116932035666414
8645,0.00972097934336731
8646,0.00875793041437372
8647,0.00850414921954452
8648,0.00772593824975707
8649,0.00582197200049468
8650,0.00323640046416939
8651,0.00077589956996615
8652,-0.00108580070469706
8653,-0.00240797719916001
8654,-0.00357811151490061
8655,-0.00481666494116763
8656,-0.00576921198028055
8657,-0.0059005226248191
8658,-0.00558844217743039
8659,-0.0064447589507963
8660,-0.0098321137483711
8661,-0.0149703519998495
8662,-0.0191489020315563
8663,-0.0202265103003288
8664,-0.0186043880047462
8665,-0.0164038840162911
8666,-0.0150418173997405
8667,-0.0141286821997052
8668,-0.0125649220775711
8669,-0.0100460736052381
8670,-0.00726247630718336
8671,-0.00506094722645809
8672,-0.00374160674200749
8673,-0.00296429884666555
8674,-0.0021078179739932
8675,-0.000888171815278744
8676,0.000216609987027534
8677,0.000451495163896879
8678,3.4453147776244E-06
8679,0.000422302094896353
8680,0.00319273783636058
8681,0.00780735488386382
8682,0.0118096635716662
8683,0.0130907770095268
8684,0.0118482988899874
8685,0.00999922792479245
8686,0.00897940593424223
8687,0.00856520167922276
8688,0.00767703804137209
8689,0.00575440080283021
8690,0.00316780824311489
8691,0.000684024335267759
8692,-0.00118318583396748
8693,-0.00247450294608801
8694,-0.00363103592502006
8695,-0.00490974426821493
8696,-0.00590468001030563
8697,-0.00601321229602526
8698,-0.00563230741894681
8699,-0.00645376946888999
8700,-0.00987233498573382
8701,-0.0150627914266086
8702,-0.019268617776664
8703,-0.0203592029166378
8704,-0.0187620257209946
8705,-0.016574143094708
8706,-0.015156548948132
8707,-0.0141268131550209
8708,-0.012498704806495
8709,-0.0100855777031883
8710,-0.00753592141910865
8711,-0.00547675748633153
8712,-0.00402124376083474
8713,-0.00290559540559386
8714,-0.00180354372513155
8715,-0.000637699277744603
8716,0.000206885193963012
8717,0.000229270609018273
8718,-0.000263487421297451
8719,0.000191555461747696
8720,0.00297765191323443
8721,0.00761412466125896
8722,0.0117012004954869
8723,0.0130712288781475
8724,0.011803743601394
8725,0.0098153629757388
8726,0.00868611121103355
8727,0.00831084163235551
8728,0.00756575530384017
8729,0.00574722125875816
8730,0.00314485758251634
8731,0.00057342077132151
8732,-0.00134116141691087
8733,-0.00256544206470942
8734,-0.00356683337419459
8735,-0.00472325325700092
8736,-0.00575070608329854
8737,-0.00603439369973025
8738,-0.00579418492179927
8739,-0.00654455181616886
8740,-0.00971127964729431
8741,-0.0146951389170451
8742,-0.0189069205906702
8743,-0.0201386468469571
8744,-0.0186239239938165
8745,-0.0164164308435002
8746,-0.0150179436849185
8747,-0.0141332821774769
8748,-0.0126565319103691
8749,-0.0102401736184277
8750,-0.00757103748019153
8751,-0.00546940130814818
8752,-0.00412781327652991
8753,-0.00314507749720851
8754,-0.00203891002921672
8755,-0.000753322050163142
8756,0.000198113397254325
8757,0.000261090719409554
8758,-0.000224521629236194
8759,0.000200687011068271
8760,0.00287445728272147
8761,0.0073536086552251
8762,0.011372870115017
8763,0.0128321387128784
8764,0.0117121602657852
8765,0.00979364228643245
8766,0.00865171398341656
8767,0.00827374165364723
8768,0.00757232530705514
8769,0.00579720296541297
8770,0.00321462786752071
8771,0.000671309093754535
8772,-0.00121326329465065
8773,-0.002480095914345
8774,-0.00361840124678418
8775,-0.00489272222791515
8776,-0.00589133006367419
8777,-0.0060358118913347
8778,-0.00572640567915256
8779,-0.00659126283959879
8780,-0.00996972331747991
8781,-0.0150797021683236
8782,-0.0192513181859041
8783,-0.0203573715837061
8784,-0.0187509693857462
8785,-0.0165098721733765
8786,-0.0150711914466988
8787,-0.0140992535251751
8788,-0.0125331553595517
8789,-0.0100888015138238
8790,-0.00744614066124463
8791,-0.00537312013769384
8792,-0.0040620908347584
8793,-0.00316426144947072
8794,-0.00218191801141843
8795,-0.000934294042388293
8796,0.000143150816821546
8797,0.000378430779372777
8798,-8.4421919268861E-05
8799,0.000206411535902086
8800,0.00279731529505958
8801,0.00738313870635195
8802,0.0115660930882771
8803,0.0130321361638812
8804,0.0117752624633571
8805,0.00978375761390249
8806,0.00871307165895277
8807,0.0083828438737846
8808,0.00755209354394373
8809,0.0055722580168015
8810,0.00292436260312392
8811,0.000481831418921178
8812,-0.00130675738758385
8813,-0.00258328589861656
8814,-0.00374676704931452
8815,-0.00496667792510693
8816,-0.00590349834752966
8817,-0.00610481224119072
8818,-0.00594038133363626
8819,-0.00687453193986238
8820,-0.0101671538088968
8821,-0.0151349648182019
8822,-0.0192438831534955
8823,-0.0203856728532681
8824,-0.0188420054821329
8825,-0.0166428270396267
8826,-0.0152248793890136
8827,-0.0142420851918186
8828,-0.0126072969506699
8829,-0.0100582053537537
8830,-0.00735382937170551
8831,-0.00530106899774058
8832,-0.0040121132074826
8833,-0.00301972439286772
8834,-0.00184221585948897
8835,-0.000480413664960008
8836,0.000488187054392976
8837,0.000499047176619019
8838,-3.83746998253693E-05
8839,0.000416477069717906
8840,0.00317446622209608
8841,0.00765306631697688
8842,0.0115080019923042
8843,0.0127620211552958
8844,0.0116037024174971
8845,0.00985006219474842
8846,0.00889251789069291
8847,0.00854964240110582
8848,0.0077710804269702
8849,0.00594205803423903
8850,0.00334947685090546
8851,0.000750636736145153
8852,-0.00125059112907362
8853,-0.00258654913488536
8854,-0.00367607503103272
8855,-0.00486361937453066
8856,-0.00585245062190814
8857,-0.00605179688542785
8858,-0.00575107620404775
8859,-0.00652971674597362
8860,-0.00979829841435537
8861,-0.0148677063449872
8862,-0.0190878035892145
8863,-0.0202893906951389
8864,-0.0187746057343637
8865,-0.0165822263217764
8866,-0.015135117188224
8867,-0.0141341452739445
8868,-0.0125873931845733
8869,-0.0102278163036528
8870,-0.0076489137369347
8871,-0.0055047289445895
8872,-0.00398171576837245
8873,-0.00286630627301327
8874,-0.00181950086490488
8875,-0.000694775428512091
8876,0.000196688903300251
8877,0.000356470202446556
8878,-8.76046758880008E-06
8879,0.00043162776745714
8880,0.00302358642880415
8881,0.00739362837555843
8882,0.011304988622518
8883,0.0126733379197849
8884,0.0115335446732467
8885,0.00969120102252729
8886,0.00864149108434885
8887,0.00826766557572158
8888,0.00749755613508447
8889,0.00569265855973372
8890,0.00316355316644303
8891,0.000680940627790694
8892,-0.00119753897581152
8893,-0.00246433228824903
8894,-0.00354684459023323
8895,-0.00475667046129432
8896,-0.00577649632949801
8897,-0.00601669054159509
8898,-0.00575724223582203
8899,-0.00655284758527277
8900,-0.00980680600018402
8901,-0.0148547394277856
8902,-0.019073943799471
8903,-0.0202932027014733
8904,-0.0187896999394767
8905,-0.0165870392970874
8906,-0.0151217886707935
8907,-0.014120983042559
8908,-0.0125960926741427
8909,-0.010249638200643
8910,-0.00764895490790449
8911,-0.00547258769878349
8912,-0.00396344484696912
8913,-0.00291552673726557
8914,-0.00191318529087378
8915,-0.000735765531651128
8916,0.000261506770539824
8917,0.000442206479393725
8918,-4.95029656293498E-05
8919,0.000242546990139179
8920,0.00286908083494873
8921,0.00751250878532208
8922,0.0117573410828856
8923,0.0132719912989763
8924,0.012014487374431
8925,0.00993915877034503
8926,0.00874128176400256
8927,0.0083593255639762
8928,0.00762142229937153
8929,0.00578838608935013
8930,0.00318405250776398
8931,0.000657661685867099
8932,-0.00120736471242898
8933,-0.00245322742275182
8934,-0.00354703477042901
8935,-0.00477265634887618
8936,-0.00576465188422943
8937,-0.00593847447602307
8938,-0.00562761469400838
8939,-0.00642128058005094
8940,-0.00970387473253507
8941,-0.0147696162011798
8942,-0.0189761713674361
8943,-0.0201676915170813
8944,-0.0186572560832216
8945,-0.0164961271162952
8946,-0.0151078634249499
8947,-0.0141597898162592
8948,-0.0126063801223828
8949,-0.0101623512611007
8950,-0.00747536743044628
8951,-0.00528974374309409
8952,-0.00383064852626417
8953,-0.00282141019894663
8954,-0.00181325876912703
8955,-0.000622281219493966
8956,0.000352096703165106
8957,0.000490618123768234
8958,-2.89192531173431E-06
8959,0.000343242191987793
8960,0.00301012804090873
8961,0.00759548596178412
8962,0.0116955851281533
8963,0.0131019993514479
8964,0.0118867062979255
8965,0.00998045672241934
8966,0.00893906838559887
8967,0.00860093654687015
8968,0.00783540292673947
8969,0.00601055535375563
8970,0.00347535109692939
8971,0.000994731021833974
8972,-0.0009220942131372
8973,-0.00228256160935174
8974,-0.00345690186814419
8975,-0.00468543336602723
8976,-0.00564651579178793
8977,-0.00581433154942916
8978,-0.00552628864433498
8979,-0.00633308125803619
8980,-0.00959737044357736
8981,-0.0146385785514214
8982,-0.0188628537724451
8983,-0.0201349966333844
8984,-0.0187254405994682
8985,-0.0165990766776462
8986,-0.0151299630217084
8987,-0.0140477994262601
8988,-0.0124458655499334
8989,-0.0101069925547578
8990,-0.00757399079654432
8991,-0.00540802260360609
8992,-0.00378703067543321
8993,-0.00259702539341817
8994,-0.00157722546549258
8995,-0.000532409508435198
8996,0.000320825014025546
8997,0.000472162470834204
8998,3.42178915317303E-05
8999,0.000352657905383395
9000,0.00295337945245281
9001,0.00757994617537154
9002,0.0118279929868803
9003,0.0133006447576501
9004,0.0119508939111713
9005,0.00985110571997787
9006,0.00878855828398528
9007,0.00861306886246919
9008,0.00796958926813116
9009,0.00606391218270448
9010,0.00334235438227531
9011,0.000777469003437431
9012,-0.00105975311225724
9013,-0.00228382695458304
9014,-0.00336471407659979
9015,-0.00454308867556815
9016,-0.00547379195595961
9017,-0.00565068900342074
9018,-0.00542670719877278
9019,-0.00631649923704294
9020,-0.0096425698917433
9021,-0.0147280140669264
9022,-0.0189793430830952
9023,-0.0202108189442264
9024,-0.0186649935661367
9025,-0.0163998021532632
9026,-0.0149318327899402
9027,-0.0139872770833542
9028,-0.0124767072246837
9029,-0.010051341953501
9030,-0.00737584111342365
9031,-0.00525138105169773
9032,-0.00388676122553417
9033,-0.00291581350582739
9034,-0.00185138342639932
9035,-0.000585678807761898
9036,0.000387186781042811
9037,0.000453641632094775
9038,-9.99241409925851E-05
9039,0.000238783309521716
9040,0.00290817828189624
9041,0.0074592442952501
9042,0.0115074783417831
9043,0.0128981204799008
9044,0.0117203338491458
9045,0.00987315022573739
9046,0.00887303104824587
9047,0.00854216197426672
9048,0.00775836840829688
9049,0.00591454140683809
9050,0.00338270906111497
9051,0.000923412349812459
9052,-0.000984086518702361
9053,-0.0023607654306081
9054,-0.00355294259439267
9055,-0.00478466632249357
9056,-0.00576694756713039
9057,-0.00600444828169259
9058,-0.00578297852226102
9059,-0.00656124086220186
9060,-0.00971070444028727
9061,-0.0146839013325136
9062,-0.0189662532736529
9063,-0.0203111167240839
9064,-0.0188330202125503
9065,-0.016553398582324
9066,-0.0150823509508152
9067,-0.0142234410136773
9068,-0.0128121318329372
9069,-0.0103546013990506
9070,-0.00751077304704039
9071,-0.00526123026855442
9072,-0.00396684812677039
9073,-0.00318674019111481
9074,-0.00221064222515575
9075,-0.000819323186237385
9076,0.000374504012091467
9077,0.000552515144910825
9078,-8.3977635394204E-05
9079,6.16461296384183E-05
9080,0.00258043787489589
9081,0.00712450314617861
9082,0.0112959268424371
9083,0.0128218720322668
9084,0.0116660282134802
9085,0.0097249086566794
9086,0.00865061696043704
9087,0.0083799726282776
9088,0.0077296874485995
9089,0.00592302374125533
9090,0.00327698629983067
9091,0.000689132909867946
9092,-0.00121465481163107
9093,-0.00248912493496927
9094,-0.00362739608995021
9095,-0.00489307800979364
9096,-0.00587630982433601
9097,-0.00598650872434808
9098,-0.00559228723270353
9099,-0.00631484904262633
9100,-0.00955996186712708
9101,-0.0146536777846439
9102,-0.0189682070840791
9103,-0.0202882662361151
9104,-0.0188228482729548
9105,-0.0165904069756282
9106,-0.0151004687905556
9107,-0.014123830486606
9108,-0.0126210806892081
9109,-0.0102415083311476
9110,-0.00760390503552724
9111,-0.005479298328233
9112,-0.00409497476378023
9113,-0.00312033703017342
9114,-0.00206948400025959
9115,-0.000798286256111494
9116,0.000221161694901811
9117,0.000337999444324085
9118,-0.000227778592531857
9119,2.80821943849004E-05
9120,0.002633771903864
9121,0.0072470222909508
9122,0.0114802059672372
9123,0.0130465808458237
9124,0.0119030618367449
9125,0.00994741318002592
9126,0.00881066416293542
9127,0.00841616085790339
9128,0.00764641066254123
9129,0.00583802965082687
9130,0.00332024513533836
9131,0.000842687497322623
9132,-0.00111587533959743
9133,-0.0025640264683071
9134,-0.00380362246029696
9135,-0.00500565381831749
9136,-0.00588098450703384
9137,-0.00600632623381077
9138,-0.00574275731523489
9139,-0.00654082040877683
9140,-0.00968457845803217
9141,-0.0145656222709616
9142,-0.0187232879241582
9143,-0.0200328417046738
9144,-0.0186497171667224
9145,-0.0164816142786924
9146,-0.0149916440311396
9147,-0.0139992252887962
9148,-0.0125320064153725
9149,-0.0102304937068177
9150,-0.00762537110972118
9151,-0.00542560765151578
9152,-0.00391978297800082
9153,-0.00291533848143267
9154,-0.00197566750543921
9155,-0.000830677599703187
9156,0.0002186069283728
9157,0.000524013413429274
9158,0.000114366314217587
9159,0.00032895206487655
9160,0.00275592697688885
9161,0.00725844576107669
9162,0.011543489506518
9163,0.0132105342456972
9164,0.0120705817017741
9165,0.0100389127416524
9166,0.00887731309080475
9167,0.00855203090859069
9168,0.00784361895086805
9169,0.00599840358199963
9170,0.00339771346134178
9171,0.000906935060406479
9172,-0.000977307736642836
9173,-0.00236248211732768
9174,-0.00363470194408568
9175,-0.00493622111446749
9176,-0.00587799057074146
9177,-0.00597104691868457
9178,-0.00560110417760862
9179,-0.00631203019025547
9180,-0.00948003939657453
9181,-0.0145098468615685
9182,-0.0188515360738097
9183,-0.0202622314581787
9184,-0.0188607527339924
9185,-0.0166223238338815
9186,-0.015089922059243
9187,-0.0140899622086932
9188,-0.0126081466334142
9189,-0.0102728890320811
9190,-0.00764725855881224
9191,-0.0054582110093672
9192,-0.00396179832774259
9193,-0.00292222900137984
9194,-0.00191166976734721
9195,-0.000730346111292059
9196,0.000249518796353938
9197,0.000388478355949179
9198,-0.00017453190706682
9199,2.53066245676645E-05
9200,0.00258782528703349
9201,0.00724818221549134
9202,0.0115819301337583
9203,0.0132031217130496
9204,0.0120533446433231
9205,0.0101138148628648
9206,0.00905765510679998
9207,0.0087295474761495
9208,0.00792000097571127
9209,0.00600167935405405
9210,0.00343702759680332
9211,0.00104479498566668
9212,-0.000765662294973501
9213,-0.00211668433807453
9214,-0.00334957825814349
9215,-0.00459713018707843
9216,-0.00552825127693106
9217,-0.0057099043582288
9218,-0.005506355166357
9219,-0.00637059071766377
9220,-0.00959287011570714
9221,-0.0145612396542856
9222,-0.0187831225205237
9223,-0.0200998881980095
9224,-0.0186848982729642
9225,-0.0165104171966819
9226,-0.0150734127629685
9227,-0.0141504372028685
9228,-0.0127058879322084
9229,-0.0103768070173047
9230,-0.00773902269616755
9231,-0.00551665127757489
9232,-0.00396105481046507
9233,-0.00285804537175015
9234,-0.00181872670458012
9235,-0.000647838841495665
9236,0.000334136802196849
9237,0.000533941089951286
9238,5.07423118886029E-05
9239,0.000243982388125497
9240,0.00266004240054616
9241,0.00710155238679483
9242,0.0112614998691182
9243,0.0128061415209681
9244,0.0116517158720313
9245,0.00975725983496813
9246,0.00881239336588784
9247,0.00865891899077077
9248,0.00801668897326817
9249,0.00616902331792969
9250,0.00355748583603617
9251,0.0010627999784649
9252,-0.00082806434157511
9253,-0.00220898102211054
9254,-0.00344517715992205
9255,-0.00470461404602602
9256,-0.00565928459915037
9257,-0.00583350493131139
9258,-0.00553866059926722
9259,-0.00623223071465502
9260,-0.00929513294971101
9261,-0.0142233981818559
9262,-0.0185355637401295
9263,-0.0199615018370961
9264,-0.0185515638142407
9265,-0.0162741955172788
9266,-0.0147356047197961
9267,-0.0137999812448674
9268,-0.0124004260530662
9269,-0.0100816092803722
9270,-0.00739939554407629
9271,-0.00516440043930107
9272,-0.00371010673174703
9273,-0.00278464466712961
9274,-0.0018669036476861
9275,-0.000671324438475179
9276,0.000442781548402389
9277,0.000764169416797564
9278,0.000308319269676735
9279,0.00044264981636974
9280,0.00278676212396977
9281,0.00722505279355077
9282,0.0114903020635545
9283,0.0132100627996842
9284,0.0121893782424338
9285,0.010281405841558
9286,0.00917341167781453
9287,0.00881763025907552
9288,0.00805203627261919
9289,0.00618406955250423
9290,0.0035982286874049
9291,0.00112768857111582
9292,-0.00073910387815534
9293,-0.00208751533318695
9294,-0.00330239931783119
9295,-0.00456981966620935
9296,-0.00554797447746559
9297,-0.00574873633079678
9298,-0.00551244436537997
9299,-0.00632365835122191
9300,-0.00950896320718735
9301,-0.014457607649113
9302,-0.0186731064435102
9303,-0.0200262028838352
9304,-0.0187141501885042
9305,-0.0166555066805477
9306,-0.0152391090065589
9307,-0.0142055435907367
9308,-0.0126182709777438
9309,-0.0102371646858125
9310,-0.00763532577006176
9311,-0.00542977398991375
9312,-0.00382292890309536
9313,-0.00267507838004703
9314,-0.00166945212589053
9315,-0.000561525282299459
9316,0.000421878970263776
9317,0.000669356826418043
9318,0.000166349536581536
9319,0.000246359950113837
9320,0.00259701836487616
9321,0.00716540491455398
9322,0.0115910044092153
9323,0.0133207468559313
9324,0.0121202204746264
9325,0.0100173581670821
9326,0.00889335624411999
9327,0.00869650176383524
9328,0.00809130190486741
9329,0.00625141466662294
9330,0.00359108317575547
9331,0.00105668724670766
9332,-0.000806929099470087
9333,-0.00211810452578496
9334,-0.00331453786023365
9335,-0.00460035524406853
9336,-0.00562156668482829
9337,-0.00586407264807404
9338,-0.00563027768573845
9339,-0.00637887145963978
9340,-0.00947240434523703
9341,-0.0143909750820486
9342,-0.0186785189280879
9343,-0.0201112640100966
9344,-0.0187440223888317
9345,-0.0164982805069871
9346,-0.0149512062080926
9347,-0.0140024334020725
9348,-0.0126324201031501
9349,-0.0103649529493784
9350,-0.00768253874169733
9351,-0.00536742223168402
9352,-0.00381372065094734
9353,-0.00284797215820421
9354,-0.00195969402136883
9355,-0.000817132852430681
9356,0.000252720200063088
9357,0.000539608954929766
9358,7.72502564334824E-05
9359,0.000281253775058061
9360,0.00278366365665713
9361,0.00739512393528632
9362,0.0117410163952298
9363,0.0134062569675782
9364,0.0122405487100369
9365,0.0101675488813358
9366,0.00892797777179092
9367,0.00852395976500175
9368,0.00783394288446821
9369,0.00613262326617883
9370,0.00367989302508917
9371,0.00120131610502639
9372,-0.000776746051988847
9373,-0.00219229858086488
9374,-0.0033538357521218
9375,-0.00453393064108514
9376,-0.00551211716779954
9377,-0.00578156807232326
9378,-0.00554654097224975
9379,-0.006229889797295
9380,-0.00926519696732472
9381,-0.0141835060652055
9382,-0.018486434766109
9383,-0.0199140514653756
9384,-0.0185794488310266
9385,-0.0164586130434583
9386,-0.0150421723412857
9387,-0.0140795349731757
9388,-0.0125576237543026
9389,-0.0101973856317834
9390,-0.00762605575310306
9391,-0.00552316533327256
9392,-0.00406360126263545
9393,-0.0030133505875987
9394,-0.00200177217944194
9395,-0.000818124304940475
9396,0.000248115888810183
9397,0.000558903894332313
9398,9.25592823581132E-05
9399,0.000150160630423909
9400,0.00239193829180272
9401,0.00682378516107207
9402,0.0112231251079273
9403,0.0131140590155667
9404,0.0121594892640532
9405,0.0101816045008446
9406,0.0089684554491052
9407,0.00858902380461145
9408,0.00789740280072897
9409,0.00611089086631049
9410,0.00352130179212959
9411,0.000967320317882249
9412,-0.000966335353920712
9413,-0.00228646461208244
9414,-0.00340415731282902
9415,-0.00460331691898881
9416,-0.00559909939071719
9417,-0.00585939481607859
9418,-0.00563435445315096
9419,-0.00637612191117364
9420,-0.00948188874178738
9421,-0.0144511141638104
9422,-0.0188128135595469
9423,-0.0203164547334687
9424,-0.0189914709845192
9425,-0.0167372079451836
9426,-0.0151318390481509
9427,-0.0141157722174851
9428,-0.0127213440908518
9429,-0.0104852429538261
9430,-0.00785915411458083
9431,-0.00559168129785507
9432,-0.00406291994893328
9433,-0.00308870660664179
9434,-0.00214686435411308
9435,-0.000917544236915298
9436,0.000231930273566501
9437,0.000558886681880956
9438,9.28760410585719E-05
9439,0.000246782288308935
9440,0.00263505447759208
9441,0.00707682175993124
9442,0.011270159678411
9443,0.0128936843844703
9444,0.0118270777479116
9445,0.00993804417072515
9446,0.00888013425473254
9447,0.00858907598478328
9448,0.00791249874405275
9449,0.00613934361438065
9450,0.00359340352781684
9451,0.00106835375552434
9452,-0.000902164192847283
9453,-0.00229962892090532
9454,-0.00344553669518032
9455,-0.00457705324249001
9456,-0.00547803440543243
9457,-0.0057257553693158
9458,-0.00557518667709793
9459,-0.00636099367394386
9460,-0.00939360074902355
9461,-0.0142391048246218
9462,-0.0185656623379141
9463,-0.0201582082029056
9464,-0.0189450294064471
9465,-0.0167248281143887
9466,-0.0150846104972932
9467,-0.0140385906251827
9468,-0.0126556949739634
9469,-0.0104469331871314
9470,-0.00781747534019388
9471,-0.00548689279931814
9472,-0.00384837281536825
9473,-0.00278816862438895
9474,-0.00186787211328049
9475,-0.000764893202870455
9476,0.000269443377971792
9477,0.000592045591861827
9478,0.000177617712902453
9479,0.000294756760233628
9480,0.00253493326709288
9481,0.00687673752618444
9482,0.0111604757783164
9483,0.0129896741811953
9484,0.0120314373996114
9485,0.0100598741581353
9486,0.00884406490101472
9487,0.00847104450073237
9488,0.00779876442560061
9489,0.00603196362033466
9490,0.00347119908995797
9491,0.000969476765635949
9492,-0.000921032870737849
9493,-0.00226098269055288
9494,-0.0034444824200487
9495,-0.00466077786872983
9496,-0.00557193326627773
9497,-0.00571143697129446
9498,-0.0054302509658358
9499,-0.00619423115457339
9500,-0.00933543738713404
9501,-0.0143092929929381
9502,-0.0186570889212157
9503,-0.0201485326871112
9504,-0.0188161918109073
9505,-0.0165668196173936
9506,-0.0149864601892059
9507,-0.0139951482184435
9508,-0.0125993559460504
9509,-0.0103572163291503
9510,-0.00776339449013241
9511,-0.00554583094356438
9512,-0.0040115740103248
9513,-0.00297645771119334
9514,-0.00202749788075824
9515,-0.000911107917176357
9516,0.000103857711721658
9517,0.000414899223838357
9518,2.9271282605664E-05
9519,0.000212394064564886
9520,0.00254738121813259
9521,0.00700780910943797
9522,0.0113952097158746
9523,0.0132436237419711
9524,0.0121990050024885
9525,0.0101151872912131
9526,0.00887283772732506
9527,0.00857970958221188
9528,0.00800100824455068
9529,0.00624366765376615
9530,0.00361568004957165
9531,0.00107080923087032
9532,-0.00076099290865665
9533,-0.00198036027126328
9534,-0.00310808089412563
9535,-0.00441255123783321
9536,-0.00548559266987569
9537,-0.00569630948886548
9538,-0.00530996505146651
9539,-0.0058823776626495
9540,-0.00891325832992478
9541,-0.0139291135285391
9542,-0.0184050904301599
9543,-0.0200180060629176
9544,-0.0187698104258194
9545,-0.0165723427309439
9546,-0.0150095398856817
9547,-0.0140173306172573
9548,-0.0126502999349147
9549,-0.010476172204032
9550,-0.00791182774837456
9551,-0.00561235585616914
9552,-0.00393775705677142
9553,-0.00283147981386521
9554,-0.00191067844404694
9555,-0.000824045568217479
9556,0.00022133092674199
9557,0.000551188176829116
9558,0.000101875255249453
9559,0.000215632734220287
9560,0.00259957255900851
9561,0.00718882352136843
9562,0.0116101871842638
9563,0.0133411551009253
9564,0.0121919020678645
9565,0.0101758383772351
9566,0.00909556025509234
9567,0.00884957713727022
9568,0.00815258223540767
9569,0.00627122533782015
9570,0.00363863615013016
9571,0.00113183126091209
9572,-0.000751003161842784
9573,-0.00207823313414693
9574,-0.00322227367511916
9575,-0.0044236975545388
9576,-0.00542997644744219
9577,-0.00573554043641186
9578,-0.00551622366299178
9579,-0.00613228876372448
9580,-0.00903004346772564
9581,-0.0138763380609209
9582,-0.0182882745954639
9583,-0.0199333530395874
9584,-0.0187254138793381
9585,-0.0165570175341487
9586,-0.0150548302225879
9587,-0.0141372468745713
9588,-0.012765756491148
9589,-0.0104753820522196
9590,-0.00779085448418541
9591,-0.00549858891776929
9592,-0.00394921434049562
9593,-0.00294998792987874
9594,-0.00202132559333016
9595,-0.000845689039045663
9596,0.000283111135956543
9597,0.000652991996579648
9598,0.000200044303780447
9599,0.000251976732709324
9600,0.00251778705742903
9601,0.00700942513543281
9602,0.0114494451701176
9603,0.0132974037862871
9604,0.0122240945845548
9605,0.0101547879018268
9606,0.00898420568567419
9607,0.00876960983915872
9608,0.00823173727235506
9609,0.00647031868573773
9610,0.00379310179590134
9611,0.00114760437811471
9612,-0.00081672682819788
9613,-0.00214604027313971
9614,-0.00332376716528931
9615,-0.0046444920644036
9616,-0.00575501741380118
9617,-0.00603078715781759
9618,-0.00568139359911384
9619,-0.00622026447612976
9620,-0.00918128352838163
9621,-0.0141573831493701
9622,-0.0186237729092598
9623,-0.0201858461227469
9624,-0.0188192431333946
9625,-0.0165301498436553
9626,-0.0150098624059554
9627,-0.0141456829380617
9628,-0.0128120687445024
9629,-0.010491672927123
9630,-0.00773830728708247
9631,-0.0053938198208503
9632,-0.0038120396731152
9633,-0.00276901754667477
9634,-0.00180436309852445
9635,-0.00066548493297805
9636,0.000361054948485014
9637,0.00068260354992274
9638,0.000318201352836857
9639,0.000495304059266408
9640,0.00273898169788731
9641,0.00703920425857985
9642,0.0113058983087827
9643,0.0131565603365975
9644,0.01219041424184
9645,0.0101440851295841
9646,0.00886333066958215
9647,0.00854307128643585
9648,0.00803067886894612
9649,0.00639564807783373
9650,0.00383481924079501
9651,0.00124446225229965
9652,-0.00070433507322424
9653,-0.00203456566362873
9654,-0.0032204800493001
9655,-0.00453134030460141
9656,-0.00559620868897113
9657,-0.00582989215062192
9658,-0.00550179989367205
9659,-0.00611060381755476
9660,-0.00910359790252961
9661,-0.0140397899662429
9662,-0.0184756591811341
9663,-0.0200986627164278
9664,-0.0188324678827041
9665,-0.0165518449466022
9666,-0.0149226189413196
9667,-0.0139685380361738
9668,-0.0126987466682967
9669,-0.0105598057994985
9670,-0.00794386329550308
9671,-0.00559635201550753
9672,-0.00393166821077394
9673,-0.0028434986523847
9674,-0.00190439856502888
9675,-0.000796253857446667
9676,0.000256487697494237
9677,0.000642120046540768
9678,0.000308305704177277
9679,0.000448641757020113
9680,0.00263823410652476
9681,0.00695610487948061
9682,0.0113489925445537
9683,0.0133735625848946
9684,0.0125170554268408
9685,0.0104473495957486
9686,0.00903727664732874
9687,0.00857108970284391
9688,0.007967619084657
9689,0.00630098505349362
9690,0.00372873041159218
9691,0.00112632202520828
9692,-0.00080990904435931
9693,-0.00207728335047616
9694,-0.0031850980954472
9695,-0.00447905988662496
9696,-0.00560694162299701
9697,-0.0058978906087366
9698,-0.00552660526126189
9699,-0.00601577628610567
9700,-0.00893397730240334
9701,-0.0139027574441648
9702,-0.0184083571441054
9703,-0.0200458209021136
9704,-0.0187503775764973
9705,-0.0164713497726525
9706,-0.0148874946065928
9707,-0.0139687706848983
9708,-0.0127039321512185
9709,-0.0105722051637325
9710,-0.00796635261589678
9711,-0.00558938679171466
9712,-0.00387680446255828
9713,-0.00282733086443111
9714,-0.00204296255554324
9715,-0.00106050693288854
9716,4.33320631939009E-05
9717,0.000581334865867382
9718,0.000283355517717125
9719,0.000289900949592935
9720,0.00236722039418824
9721,0.00674257478295296
9722,0.0112402871726109
9723,0.0132120654805551
9724,0.0121916709942669
9725,0.0101098777583703
9726,0.00893997074270736
9727,0.00872837842883208
9728,0.00811403359857332
9729,0.00621268123886026
9730,0.00347830408950133
9731,0.000949638698969673
9732,-0.000825878690396396
9733,-0.00206734979256771
9734,-0.00328592689551265
9735,-0.00464799661250652
9736,-0.00570681050350157
9737,-0.00588846952156243
9738,-0.00549267444361052
9739,-0.00602777569711624
9740,-0.00896101759958035
9741,-0.01388590744578
9742,-0.0183667368641526
9743,-0.0200702809302014
9744,-0.0189115606382937
9745,-0.0167560925193757
9746,-0.0152025933333947
9747,-0.0141839416071958
9748,-0.0127281443572612
9749,-0.0104450617627551
9750,-0.00786366953867282
9751,-0.00567299937478015
9752,-0.00411442056151422
9753,-0.00300650288326166
9754,-0.00199314559942838
9755,-0.000825602854759022
9756,0.000281600991191728
9757,0.0007056561002884
9758,0.000313775140382383
9759,0.000293881864003428
9760,0.00238648976646509
9761,0.00681842368920142
9762,0.0114237450417757
9763,0.0134912102996217
9764,0.0124521654800623
9765,0.0102323180946429
9766,0.00892682821475061
9767,0.00869118764237006
9768,0.00814612331067182
9769,0.00631977143860101
9770,0.00362898787315844
9771,0.00113453601772147
9772,-0.000609959489918169
9773,-0.00185170779360411
9774,-0.00310950513705685
9775,-0.00452007075053245
9776,-0.00562172291899779
9777,-0.00586790120138477
9778,-0.00557600080634231
9779,-0.00620776934997809
9780,-0.00915027695748745
9781,-0.0139718550150089
9782,-0.0183067156972488
9783,-0.0199259783737136
9784,-0.0187842923240384
9785,-0.0166933260023265
9786,-0.0151819353426711
9787,-0.0141852951531095
9788,-0.0127808888582603
9789,-0.0105639396204595
9790,-0.00795906322009657
9791,-0.00559687779918255
9792,-0.00382801222459426
9793,-0.00265475567799953
9794,-0.00176343931884428
9795,-0.000758658363161119
9796,0.00029445048131686
9797,0.000766060415406429
9798,0.000427060942968189
9799,0.000424361124582691
9800,0.00250955574573547
9801,0.00688393116117787
9802,0.0113500537638992
9803,0.0132683789044211
9804,0.0122080472277418
9805,0.0101182789964505
9806,0.0089564955211761
9807,0.00876213350983534
9808,0.00820428563498424
9809,0.00640927125424947
9810,0.00376373590807043
9811,0.00121856739410644
9812,-0.000669059148753566
9813,-0.00200889632313883
9814,-0.00323553485030528
9815,-0.004553191407215
9816,-0.00558931785588192
9817,-0.00577353504087638
9818,-0.00536077626037284
9819,-0.00586156617020311
9820,-0.00879977858438159
9821,-0.0137940827026117
9822,-0.0183582763999952
9823,-0.0200869375605142
9824,-0.0188716909851443
9825,-0.0166209080351408
9826,-0.0150159285246044
9827,-0.0140575131065567
9828,-0.0127582056664782
9829,-0.010616425640393
9830,-0.00805423110800274
9831,-0.00577543374950947
9832,-0.00413178268612615
9833,-0.00301086412229404
9834,-0.00203450084411013
9835,-0.000929311774889472
9836,7.54959179513337E-05
9837,0.000392114976284126
9838,-1.70404361568718E-07
9839,0.0001155040292067
9840,0.00231329301798361
9841,0.00664493024507989
9842,0.011030102127687
9843,0.0130271195182023
9844,0.0121529925583587
9845,0.0101102879586865
9846,0.00879054948012128
9847,0.00846605126446119
9848,0.00800915604958244
9849,0.00643767149126649
9850,0.00388575022915879
9851,0.00124473957386372
9852,-0.000775818912371493
9853,-0.0021783554773686
9854,-0.00344476793831523
9855,-0.00483408178818051
9856,-0.00593030501519302
9857,-0.00611642247023509
9858,-0.00568561372889033
9859,-0.00619078776871915
9860,-0.00911290847688236
9861,-0.01401794401282
9862,-0.018469447704363
9863,-0.0201611404823026
9864,-0.018990858270529
9865,-0.0167749370849738
9866,-0.0151367822152218
9867,-0.0141131070967434
9868,-0.0127634479710563
9869,-0.010578681150993
9870,-0.00797041463248935
9871,-0.00567955966971539
9872,-0.00408451206995934
9873,-0.00301722453834843
9874,-0.00201359856214226
9875,-0.000798020841886935
9876,0.000312126106944717
9877,0.000661985465842957
9878,0.000253355122930776
9879,0.000355549330660982
9880,0.00254666452179063
9881,0.00685452132588615
9882,0.0112141919355493
9883,0.0132270312216694
9884,0.0124016203586343
9885,0.0103660400435313
9886,0.00896242566380942
9887,0.00850901321061098
9888,0.00796131226714109
9889,0.00635181503001647
9890,0.00376620756692711
9891,0.00109184301700477
9892,-0.000883793461812282
9893,-0.00211435957611978
9894,-0.00317099740510452
9895,-0.00447475140777873
9896,-0.0056700956053849
9897,-0.00603674610063938
9898,-0.00572139785764489
9899,-0.00622626414922821
9900,-0.00908296358187881
9901,-0.0139307955893071
9902,-0.018388812846896
9903,-0.0201829671932695
9904,-0.0191820029748315
9905,-0.0170833416142798
9906,-0.0153894712075474
9907,-0.0141657472100931
9908,-0.0126571597955866
9909,-0.0104979247243071
9910,-0.00802791271463717
9911,-0.00579410199546612
9912,-0.00411321766586134
9913,-0.00296821971383915
9914,-0.00205332978045384
9915,-0.00104486249373121
9916,-6.99505000299425E-05
9917,0.000306697102896266
9918,-9.56646247807192E-06
9919,0.000130941425063534
9920,0.00231619017362304
9921,0.00664457130308808
9922,0.0110359367594036
9923,0.0130199094138501
9924,0.0121316826271395
9925,0.0101264813956962
9926,0.00887976625732522
9927,0.00855658882201212
9928,0.00796799332080715
9929,0.00623370861553729
9930,0.00365976583474208
9931,0.00117489111846227
9932,-0.000649768402270844
9933,-0.00195548836890214
9934,-0.00321736867788383
9935,-0.00460886498902245
9936,-0.00569690435843643
9937,-0.00592054684693012
9938,-0.00558331883151753
9939,-0.00616143999792444
9940,-0.00907055551969986
9941,-0.0139088837119181
9942,-0.0183246520420548
9943,-0.0200484264940767
9944,-0.0189439116517746
9945,-0.0167797557805746
9946,-0.0151659559080279
9947,-0.0141553056231709
9948,-0.0128210105421365
9949,-0.0106418292833772
9950,-0.0079984029840569
9951,-0.00562567021048854
9952,-0.00395852774274798
9953,-0.00290776320982234
9954,-0.00201257699930159
9955,-0.00090236595841769
9956,0.000183800948087278
9957,0.000546091951110785
9958,8.98099352924389E-05
9959,0.00010056118861279
9960,0.00228629006963286
9961,0.00672499412062305
9962,0.0112166656032093
9963,0.0132110954346665
9964,0.0122668906353762
9965,0.0102029862935192
9966,0.00892376695052521
9967,0.00859037581619189
9968,0.00800378229753419
9969,0.00625541537889495
9970,0.00360597333302425
9971,0.000990378543518215
9972,-0.000915920823495901
9973,-0.00214563887450855
9974,-0.00321570588260365
9975,-0.00448424396361937
9976,-0.00564060456439087
9977,-0.00603007605847184
9978,-0.00575589515688696
9979,-0.00622724888848472
9980,-0.00898762511533366
9981,-0.0137767000867987
9982,-0.0182307332410223
9983,-0.0199721494738152
9984,-0.0188291180658713
9985,-0.0166390602741293
9986,-0.0150581090511656
9987,-0.0140853090729765
9988,-0.0127280434997512
9989,-0.0104958010248119
9990,-0.00785461152401484
9991,-0.00555626132889314
9992,-0.00397101660270275
9993,-0.00297091337258951
9994,-0.00212458336284724
9995,-0.00106756019294441
9996,3.14488718719252E-05
9997,0.000512361066823331
9998,0.00018063876082554
9999,0.000177456840127915
