T,AI2_filter1
0,0
1,-6.93715138533728E-23
2,-4.89258932659671E-08
3,-1.20195880227072E-07
4,-4.93346113092615E-07
5,-1.6509800610482E-06
6,-1.64904582675938E-06
7,9.00504332065837E-07
8,2.08568817795967E-06
9,-1.67256163844325E-06
10,-4.97363891576101E-06
11,-5.27608189939038E-07
12,6.41313103787532E-06
13,3.16849106302837E-06
14,-7.96718947204444E-06
15,-7.62743154466807E-06
16,8.26089817208177E-06
17,1.41910136228525E-05
18,-5.07420829836163E-06
19,-2.03433302555993E-05
20,-4.20724732101621E-07
21,2.72438880307605E-05
22,1.1622299600826E-05
23,-3.00652417826259E-05
24,-2.45891662291813E-05
25,3.19021296716812E-05
26,4.54001439164194E-05
27,-2.27530610216472E-05
28,-6.46558340667269E-05
29,7.89466258488892E-06
30,8.73364791841618E-05
31,2.20463527509912E-05
32,-0.000103963087669571
33,-6.39673017558328E-05
34,0.00011501599599131
35,0.000124604749934179
36,-0.000112916639108451
37,-0.000208795210652997
38,9.28533126148115E-05
39,0.000337356736344806
40,-2.35089810440337E-05
41,-0.000389595836117809
42,0.000904142092929075
43,0.0046909105765027
44,0.00946707070928673
45,0.0124756511248262
46,0.0124030514295133
47,0.0105302055553504
48,0.00905423298664842
49,0.00874325962814882
50,0.00858020117567484
51,0.00732567620228857
52,0.00485260391320029
53,0.00199061662448137
54,-0.000423815317480076
55,-0.00214045895051086
56,-0.00343823066435703
57,-0.00468695494761122
58,-0.00585996375849657
59,-0.00649717927172256
60,-0.00644720277389673
61,-0.00666691993050781
62,-0.00872888975019651
63,-0.0130472960818266
64,-0.0178557430534004
65,-0.0205716952012406
66,-0.0202637848471746
67,-0.0183345306479525
68,-0.0166874994633885
69,-0.015750878239099
70,-0.0146031991194352
71,-0.0125370608757985
72,-0.00987199904147748
73,-0.00736204211402743
74,-0.00540764825098641
75,-0.00397527996375986
76,-0.00285167305370321
77,-0.00178684958881728
78,-0.000716314606973288
79,9.45129192409742E-06
80,3.29449704457015E-05
81,-8.71663336844083E-05
82,0.00116451913214771
83,0.00470698943817915
84,0.00934573809533761
85,0.0124799609953803
86,0.0126028604846032
87,0.0107119313209689
88,0.00899214468694904
89,0.00847153093891271
90,0.00834237173666205
91,0.00730298423641103
92,0.00501047129169883
93,0.00218643893737204
94,-0.000247898335685356
95,-0.00191535883168429
96,-0.00309237226104921
97,-0.00425393811210991
98,-0.00543975412953496
99,-0.00614351171054859
100,-0.00613280708589655
101,-0.00635371693965729
102,-0.00843654973659965
103,-0.0128404628889383
104,-0.017787520114302
105,-0.0206545564028183
106,-0.0204705454999914
107,-0.0186003461041199
108,-0.016924553563701
109,-0.0158992616122571
110,-0.0146768704200408
111,-0.0126012092719446
112,-0.00997313504808546
113,-0.00750336421912314
114,-0.00559810079586943
115,-0.00425693588742096
116,-0.00323253767505529
117,-0.00216604103242529
118,-0.000941532499742753
119,-1.97647343567412E-05
120,6.22164055323473E-05
121,-0.000182896356801333
122,0.000910395696927407
123,0.0044422956423859
124,0.00923872639031066
125,0.0125642081856495
126,0.0127914311446661
127,0.0109202329611896
128,0.00919988172007165
129,0.00867644024947705
130,0.00850787260817339
131,0.00738253044944539
132,0.00500380686992299
133,0.00214241319167684
134,-0.000286786322621225
135,-0.00195740830245499
136,-0.00318543258908221
137,-0.00443555228548988
138,-0.00569344214670308
139,-0.00639449835500712
140,-0.00629090148006007
141,-0.00637341878312732
142,-0.00833948167619715
143,-0.0126795110745678
144,-0.0176000616137324
145,-0.020460924068126
146,-0.020301119957193
147,-0.0184896236112305
148,-0.0168736206555123
149,-0.0158706647625601
150,-0.0146404539757897
151,-0.0125603446297461
152,-0.00992811441857544
153,-0.00741965437016055
154,-0.00545029583303106
155,-0.00409076485709187
156,-0.00313347091709149
157,-0.00215865920136594
158,-0.000966076308018547
159,-3.12151240876361E-05
160,1.72925058140683E-05
161,-0.000330423106803742
162,0.000689660007231963
163,0.00426813802711367
164,0.00918511500053369
165,0.0125821406341596
166,0.0127910256277287
167,0.0108895118022935
168,0.00920608645240312
169,0.00877594943787881
170,0.00870106552795004
171,0.00764421943992801
172,0.00530562089897013
173,0.00243554410961871
174,-5.89107513616527E-05
175,-0.00179649872046122
176,-0.00302027330677511
177,-0.00420811186958241
178,-0.00544285137197361
179,-0.00620689421249337
180,-0.00617043060030976
181,-0.00622173492477031
182,-0.00808955463172616
183,-0.012402240704841
184,-0.0174277719608904
185,-0.0204237651363209
186,-0.0202964628756601
187,-0.0184217117880991
188,-0.016772491663603
189,-0.0158425818171466
190,-0.0147359027589966
191,-0.012735204785315
192,-0.0101148239548563
193,-0.00757658554472387
194,-0.00553276538935289
195,-0.00403898162491748
196,-0.002944169024281
197,-0.00193681105634542
198,-0.000835001203181456
199,1.47444077106689E-05
200,0.000103060259321879
201,-0.000150884452874888
202,0.000826179296880108
203,0.00417942046247037
204,0.00888636964250594
205,0.0122927596965944
206,0.0126741456564039
207,0.0108646604872852
208,0.00908350262533009
209,0.00852049975838756
210,0.00846701013476434
211,0.00755639761896506
212,0.00530568252663516
213,0.00238469440078282
214,-0.000202515265942526
215,-0.00197403103346305
216,-0.00320203563549904
217,-0.00443768796724853
218,-0.00574849725543061
219,-0.00653725991120977
220,-0.0064461699911558
221,-0.00640878217091548
222,-0.00819799734875824
223,-0.0124539389407265
224,-0.0174601971530372
225,-0.0204957749640827
226,-0.0204427308014604
227,-0.0186056993305563
228,-0.0169208866037734
229,-0.0159321068185192
230,-0.0148257527541561
231,-0.0129111706056979
232,-0.0104180398869834
233,-0.00798142543772999
234,-0.00596995099199509
235,-0.00443832043471253
236,-0.0032784643686406
237,-0.00223187284159675
238,-0.00112047715263821
239,-0.000237495025359969
240,-5.72724654593085E-05
241,-0.00020782714500795
242,0.000805049623938572
243,0.00411609983217616
244,0.00876890699672971
245,0.0121622779417104
246,0.0125607070555689
247,0.0107664607569864
248,0.00899006866373868
249,0.00841957229005436
250,0.00834242741261712
251,0.00742523488918116
252,0.00525735099804079
253,0.00252586413201729
254,0.000130444318902175
255,-0.00158357054543708
256,-0.00290616361253584
257,-0.00428294946044548
258,-0.00569201952207069
259,-0.00653905274371405
260,-0.00648293164909208
261,-0.00641697465711426
262,-0.0080877143307056
263,-0.0122162424391868
264,-0.0172129743962463
265,-0.0203743591076049
266,-0.0204598240424852
267,-0.0186495850289767
268,-0.0168751484692513
269,-0.0157591139269096
270,-0.0145416227125435
271,-0.0125295549702172
272,-0.00995008427289677
273,-0.00747496975863812
274,-0.00551535849485305
275,-0.00411661181351575
276,-0.00309468507967845
277,-0.00210130333022716
278,-0.000936337246513697
279,3.35209469731899E-05
280,0.000237477339481677
281,3.21810896891466E-05
282,0.000983416404759453
283,0.00428443163589699
284,0.0089616390744007
285,0.012384951715715
286,0.0128514100608216
287,0.0111976155817962
288,0.00956164257930931
289,0.00899949807479613
290,0.00878859656926796
291,0.00775402023198742
292,0.00561200170436531
293,0.00296353004225573
294,0.000526381095486627
295,-0.00135897538271461
296,-0.00277884835458481
297,-0.00404549423320394
298,-0.00527599630925136
299,-0.00611116203913718
300,-0.00622220558871095
301,-0.0062807481056813
302,-0.00789698030701285
303,-0.0119408219939101
304,-0.0170462560016298
305,-0.0204769453544974
306,-0.0207251275588362
307,-0.0188310147048694
308,-0.0169180404023964
309,-0.0158885299476716
310,-0.0149820882989254
311,-0.01322649896267
312,-0.0106409105087234
313,-0.00797199958657943
314,-0.00581453591858608
315,-0.00425557192193194
316,-0.00305236807645168
317,-0.00190286483435212
318,-0.000746954532127162
319,4.50555204640967E-05
320,9.9015886011083E-05
321,-7.98790505879903E-05
322,0.00097055725793443
323,0.00424137427366916
324,0.00874686989380249
325,0.0120336184020167
326,0.0124991395580955
327,0.0108877748557991
328,0.00923831404080779
329,0.0086659981141257
330,0.00855100846037531
331,0.00767295855762283
332,0.00560437223427863
333,0.00291844901829477
334,0.000460629740652452
335,-0.00134379875822207
336,-0.0026733032612862
337,-0.00398006776785535
338,-0.00536599919292856
339,-0.00630967996925611
340,-0.00636888146457907
341,-0.00626863444254079
342,-0.00774667566162847
343,-0.0117199272990375
344,-0.0167712894011004
345,-0.0201297111648779
346,-0.0203409819815399
347,-0.0185116501147459
348,-0.0167250605854686
349,-0.0157501923362133
350,-0.0147542948978628
351,-0.0128532475807278
352,-0.010217429771204
353,-0.00763282522001193
354,-0.00559973763709803
355,-0.00412359929875976
356,-0.00298372426446427
357,-0.00191997250319174
358,-0.000836320478646077
359,-5.3948624741581E-05
360,-3.73364924376494E-06
361,-0.000289730310664541
362,0.000574220677018097
363,0.0037695376634121
364,0.00845160074052299
365,0.0120671242104884
366,0.0127711705155085
367,0.0111903063452584
368,0.00946379815142647
369,0.00885439737880338
370,0.00875420420894571
371,0.00785081279504684
372,0.00568131735806577
373,0.00289584354415875
374,0.000424312726009442
375,-0.00131846063163934
376,-0.00258369031492413
377,-0.00385337970035982
378,-0.00519184579861381
379,-0.0060552185847675
380,-0.00605579837998002
381,-0.00598888527395694
382,-0.00757237351351154
383,-0.0116246230304995
384,-0.0166841318003867
385,-0.0200560136163644
386,-0.0203654183851318
387,-0.0186584755453923
388,-0.0168802869015152
389,-0.0157932396311347
390,-0.0147355694813567
391,-0.0129458797676707
392,-0.0104757971499099
393,-0.00789352667782396
394,-0.00568815054786934
395,-0.00409049769203613
396,-0.00303158202359171
397,-0.00211064538343916
398,-0.00098798477965997
399,3.17774348369902E-05
400,0.000297909245086149
401,5.07033787306737E-05
402,0.000853979081187327
403,0.00403162980158988
404,0.00873664124068036
405,0.0123231658865737
406,0.0129453936326988
407,0.0113160520906179
408,0.00958693997227104
409,0.00893790024242668
410,0.0087489151742731
411,0.00782583978054071
412,0.00576856593046003
413,0.00308727348654693
414,0.00053407796286471
415,-0.00142133411466255
416,-0.00278526237464961
417,-0.00394123264382605
418,-0.00515378992149456
419,-0.0061012722750802
420,-0.00631488583635221
421,-0.0063029102335812
422,-0.00768203252287974
423,-0.0114851964141227
424,-0.0164770414305831
425,-0.0199165678261086
426,-0.0202481260234684
427,-0.0185140964531712
428,-0.0168217091699655
429,-0.0159538280732638
430,-0.0150332289367484
431,-0.0131501411329218
432,-0.0105187600201298
433,-0.00796490641403117
434,-0.00595550316696354
435,-0.00445087282331696
436,-0.00325783275631751
437,-0.00216094777906235
438,-0.00101646667857798
439,-6.10409155358403E-05
440,0.0002137852400931
441,-1.0400850360962E-05
442,0.000643173915549226
443,0.00354476755981474
444,0.00815229515541362
445,0.0119657572297971
446,0.0128827221806729
447,0.0112876485909993
448,0.0093741037700257
449,0.00864501165789597
450,0.00861226439546741
451,0.00786896262742794
452,0.00581543367749071
453,0.00306684825291941
454,0.000576282073714865
455,-0.00124167117989967
456,-0.00263339891804667
457,-0.00402035729469913
458,-0.00539991016164124
459,-0.00623281160182767
460,-0.00618364999254674
461,-0.00606725277787188
462,-0.00759246141880121
463,-0.0116093401597925
464,-0.0167173905064484
465,-0.0202109875349416
466,-0.0206120584028935
467,-0.018892869662689
468,-0.0170460106921261
469,-0.0159226185223521
470,-0.014863726572209
471,-0.0130471387811758
472,-0.01052386753997
473,-0.00793295492079023
474,-0.00578371954613052
475,-0.00422757134183569
476,-0.00312726340812515
477,-0.0021143348524824
478,-0.000911696994010536
479,0.000169315341136576
480,0.000464705462554666
481,0.000116988504938041
482,0.000629731300714607
483,0.00349096364058129
484,0.00814294192934991
485,0.011997400108631
486,0.012906993585647
487,0.0112761774673253
488,0.00933719863465138
489,0.00862418497000051
490,0.00866483285520586
491,0.00802445009376509
492,0.0060224421973229
493,0.00320945242572932
494,0.000583897855023642
495,-0.00129941669609286
496,-0.002599067216983
497,-0.00382292614034667
498,-0.00515859945455862
499,-0.00614236823995079
500,-0.00627886254041893
501,-0.00613680402445049
502,-0.00737676692733409
503,-0.0110853356150303
504,-0.0161398777443489
505,-0.0198478842589994
506,-0.0204801053611308
507,-0.0187994571638295
508,-0.016858279036362
509,-0.0157154517321912
510,-0.0147895607898251
511,-0.0131405688182254
512,-0.0106946369889856
513,-0.00810419010044111
514,-0.00595274572293313
515,-0.00439597089649617
516,-0.003257404297009
517,-0.00219610570804433
518,-0.00101454416192575
519,-2.75568607298396E-05
520,0.000204263784165567
521,-9.96005211393466E-05
522,0.000509527195368083
523,0.00341461219169872
524,0.00805351757492309
525,0.0119319317753378
526,0.0129421867013941
527,0.0113937329858879
528,0.00940246075095026
529,0.00852559213009834
530,0.00844386555132399
531,0.00782831637590993
532,0.00593307318530878
533,0.00315680759389935
534,0.000446307734103857
535,-0.00153744153818626
536,-0.00282584085950036
537,-0.00393238824408558
538,-0.00516091976330815
539,-0.00611922405885095
540,-0.0062606653202697
541,-0.00607599940058927
542,-0.00724553107412387
543,-0.0109488313647145
544,-0.0160953276363581
545,-0.0199135431219512
546,-0.0205903123666014
547,-0.0189081952478192
548,-0.016997756019921
549,-0.0159227817080052
550,-0.0150093246740306
551,-0.0132534681977076
552,-0.0106518225260944
553,-0.00799579614093646
554,-0.00591965945901043
555,-0.00449126033529682
556,-0.00341639331312038
557,-0.00232885019394378
558,-0.00109667484489838
559,-9.91634399914547E-05
560,9.76251959319087E-05
561,-0.000253750126875933
562,0.000324128960740052
563,0.00322255524065231
564,0.00787244619850907
565,0.0117692970171095
566,0.0128069528332668
567,0.0113071530155178
568,0.00937930337821665
569,0.00853529095098295
570,0.00841937414074661
571,0.00774693301502423
572,0.00587150147506584
573,0.003214957374865
574,0.000606783318781413
575,-0.00142056572726697
576,-0.00286320863450271
577,-0.0040652102635535
578,-0.00524593559758004
579,-0.00612071908192646
580,-0.00627724433822917
581,-0.00616274421330714
582,-0.00729705523921698
583,-0.0108311947306624
584,-0.0158511132113978
585,-0.0197412257022569
586,-0.0206043796936363
587,-0.0189937939042808
588,-0.0169519606397412
589,-0.0156990137447299
590,-0.0147623802112457
591,-0.0131516324446077
592,-0.010698128310421
593,-0.00805070558538927
594,-0.0058605671670292
595,-0.00432052045043266
596,-0.00323316555676432
597,-0.00222899436658433
598,-0.00109933641018014
599,-0.000145512409758011
600,8.48878828455056E-05
601,-0.00021133638885952
602,0.000362219574768324
603,0.00317164558890055
604,0.00771034400041416
605,0.0115626060635401
606,0.0126489948437188
607,0.0112450343195286
608,0.00940956888765894
609,0.00864931842457413
610,0.00861820713655483
611,0.00801067082060885
612,0.00615135080526072
613,0.00347842570589944
614,0.00086980232142729
615,-0.0011355472966719
616,-0.00259099091534787
617,-0.00388341601290923
618,-0.00518886653221041
619,-0.00613671980261114
620,-0.00628904492814922
621,-0.00614830686005657
622,-0.00728791912429655
623,-0.0108472627613267
624,-0.0158682514929258
625,-0.0197200311015435
626,-0.0205249489827728
627,-0.0188646453571459
628,-0.0168179646521392
629,-0.0156481680011104
630,-0.0148821739354476
631,-0.0134390325797077
632,-0.0110286264300957
633,-0.00827618510596298
634,-0.00594321472807487
635,-0.00434297751210442
636,-0.00327664290576116
637,-0.002278600771902
638,-0.00108916166129353
639,-6.60053711427258E-05
640,0.000163484420914352
641,-0.000205067030240917
642,0.000293373978866978
643,0.00308273485848407
644,0.00766536420036895
645,0.0116090678784953
646,0.0128094858358845
647,0.0114976964941982
648,0.00968095442883505
649,0.00885487165997985
650,0.0087184072908182
651,0.00801174295503905
652,0.00605470239853282
653,0.00326968903034405
654,0.000583362101466745
655,-0.00137869998525447
656,-0.00267429651072876
657,-0.00383322340727441
658,-0.00516627824476261
659,-0.00625298971925989
660,-0.0064691549243276
661,-0.00623456108467332
662,-0.00725444202921249
663,-0.0108305967801088
664,-0.0159723079813308
665,-0.0198792047837299
666,-0.0206226821017052
667,-0.0189192999454326
668,-0.0169471557186648
669,-0.0158696091984357
670,-0.0150712106551325
671,-0.013519868202193
672,-0.0110964298931249
673,-0.00844513988692771
674,-0.00615490605453419
675,-0.00445438154570632
676,-0.00330739934617203
677,-0.00241741211743755
678,-0.00141144369722557
679,-0.000385371477732135
680,4.82607825427889E-05
681,-0.000211297539906548
682,9.72913112388012E-05
683,0.00259598642690611
684,0.00714760735620823
685,0.0113740227443453
686,0.0128559130532062
687,0.0115451439726343
688,0.00952089288416199
689,0.00855368096144426
690,0.00847645480503053
691,0.00793176775897866
692,0.0060961446073534
693,0.00334985400879632
694,0.000641250859031941
695,-0.00138935453910224
696,-0.0027762029515687
697,-0.00399728136186771
698,-0.00533565991435273
699,-0.00639884220018153
700,-0.00658159706394747
701,-0.00626369503867361
702,-0.00713553514852472
703,-0.0106115182902638
704,-0.0158595849139096
705,-0.0200741735353813
706,-0.0211079646086481
707,-0.0194614542490446
708,-0.0173211151179704
709,-0.0160391070071534
710,-0.0151455255985196
711,-0.0136016591092099
712,-0.0112197805879329
713,-0.00861528983820926
714,-0.00636986669550502
715,-0.00468147866219449
716,-0.00349425314631455
717,-0.00254778701578252
718,-0.00151835491810304
719,-0.000492470754176859
720,-3.39563469868764E-05
721,-0.000237020149606798
722,0.000109319953159995
723,0.00259253204379292
724,0.00710082266541149
725,0.0112998969693754
726,0.0127822367970803
727,0.0114877316999259
728,0.00948556846417423
729,0.00853608333124117
730,0.0084598354660757
731,0.00791126300157688
732,0.00610921463969886
733,0.00345462205374249
734,0.00084854835756881
735,-0.00114319569848684
736,-0.00256841505624593
737,-0.00384315081320063
738,-0.00519607791361133
739,-0.00625695607129422
740,-0.00647788019891502
741,-0.00623151909755603
742,-0.00711304116733078
743,-0.0104560784598913
744,-0.0154821289584648
745,-0.0195556897265768
746,-0.0206498762426387
747,-0.0192011352308544
748,-0.0172164247642383
749,-0.0159525203711724
750,-0.0150092984550003
751,-0.0134505105949116
752,-0.0110771661453443
753,-0.00842909196958606
754,-0.00609839832544946
755,-0.00438456515711835
756,-0.00327356049302844
757,-0.00242245174700437
758,-0.00142380505764068
759,-0.000392403426500127
760,3.98886940171389E-05
761,-0.000201679361872193
762,0.000171786457609217
763,0.00275055021721777
764,0.00733308632526281
765,0.0115252502746116
766,0.0129567118053898
767,0.0116266955444027
768,0.00961297051029177
769,0.00866458596965105
770,0.00861385966495001
771,0.00810953797572487
772,0.0063114991472301
773,0.00357913338216168
774,0.000875390791964457
775,-0.00112253248857925
776,-0.00244577222913851
777,-0.00362374474830806
778,-0.00499812409964145
779,-0.00618259401844813
780,-0.00651106384870183
781,-0.00627025282855533
782,-0.00708735345545283
783,-0.0104025189050738
784,-0.0154985893715052
785,-0.0196810934153626
786,-0.0208040443730405
787,-0.0192734437557747
788,-0.0172115355223035
789,-0.0159976512359051
790,-0.0151864203602453
791,-0.0136733236486131
792,-0.0112038966277332
793,-0.00846821287673733
794,-0.00619751821509385
795,-0.00458771176799694
796,-0.00339249233535479
797,-0.00224051936042587
798,-0.000978716378965557
799,4.87091759955843E-05
800,0.000278621574814703
801,-0.000128511800588971
802,0.000192326736267035
803,0.00269819777913602
804,0.00710926169199469
805,0.0111671576704808
806,0.0126655452071164
807,0.0115462437621162
808,0.00966029059389059
809,0.00864792653886324
810,0.00848054530267387
811,0.00800509189722948
812,0.00638768528968564
813,0.00380268751310487
814,0.00106614239020263
815,-0.00108245136220738
816,-0.00248164382741552
817,-0.00355720225870453
818,-0.00474149260323002
819,-0.00581954435768059
820,-0.0061897356453411
821,-0.00604964422501225
822,-0.00690869629240743
823,-0.0101909499314468
824,-0.0152553155203215
825,-0.0194707408115621
826,-0.0206775580708585
827,-0.0192123474193223
828,-0.0171278613644884
829,-0.0157904035704723
830,-0.014844240180245
831,-0.0133428075712182
832,-0.0110985145016229
833,-0.00864214202769243
834,-0.00643849474702464
835,-0.00462521482136171
836,-0.00322353537714578
837,-0.00215144737364241
838,-0.00118885367788674
839,-0.000324081203691763
840,6.22394143622208E-05
841,-0.000100215860627268
842,0.000230302245764882
843,0.00253519272489941
844,0.0068550173380497
845,0.0110920461244654
846,0.0128313059342746
847,0.0117492846787533
848,0.00973696271270156
849,0.00867873070593967
850,0.00861359106839706
851,0.00818808388664268
852,0.00641553585369525
853,0.00360844405483317
854,0.000831919194089633
855,-0.0011535905536867
856,-0.00241314675551426
857,-0.00353975849193106
858,-0.00487294501036158
859,-0.00599708948823773
860,-0.00626055316931988
861,-0.0059791550838548
862,-0.00675723616468981
863,-0.00999281536208402
864,-0.0150066829406533
865,-0.0192241684988054
866,-0.0205615942766906
867,-0.0193124956555838
868,-0.0173853047840747
869,-0.0160607628217696
870,-0.0150366154785279
871,-0.0134616953251165
872,-0.0111693325670906
873,-0.00866250381227477
874,-0.00642766641820041
875,-0.00466439973918265
876,-0.0033827033301812
877,-0.00238358183118592
878,-0.00135648151264217
879,-0.000356662983643222
880,7.5775720818107E-05
881,-0.000181998736225599
882,4.52204172260679E-05
883,0.00240539891807488
884,0.00693929165888096
885,0.0113815558425793
886,0.0131701455846568
887,0.0119936162463338
888,0.00985357903716362
889,0.00870307797175246
890,0.00858210457969041
891,0.00815662314004139
892,0.00649840966853201
893,0.00391205653768766
894,0.00131938196254159
895,-0.000678921958551391
896,-0.00213723984606572
897,-0.00345991401848508
898,-0.00482270734798976
899,-0.00583634140168212
900,-0.00599743817478836
901,-0.00570549657665616
902,-0.0065243300054308
903,-0.00979141481653905
904,-0.0148297211477788
905,-0.0190855426983013
906,-0.0204539034152643
907,-0.0192061344803221
908,-0.0172960249000684
909,-0.0160738182390873
910,-0.0152183614843069
911,-0.0137654370334565
912,-0.0114752427327681
913,-0.00890780270409149
914,-0.00664932784080717
915,-0.00490344444819956
916,-0.00360000878079408
917,-0.00251256532567891
918,-0.00140274479679991
919,-0.000382500725142312
920,5.42321700011193E-05
921,-0.000157055549778917
922,0.000102602991772931
923,0.00237662495668026
924,0.00674495202690468
925,0.0111389048063886
926,0.0131085314071771
927,0.0121952800243175
928,0.0101601909174893
929,0.00892333507915084
930,0.00871624920922293
931,0.00832838577793127
932,0.00670803802060428
933,0.00398505324753122
934,0.00114231236816631
935,-0.000964431398552981
936,-0.00226266496541862
937,-0.00332938934901026
938,-0.00461666425264054
939,-0.00581108073449979
940,-0.00622747399982702
941,-0.00603731385605399
942,-0.00675150993205834
943,-0.00985222639586286
944,-0.0148445336479543
945,-0.0192166657943955
946,-0.0207364561569044
947,-0.0195241376191545
948,-0.017517708416068
949,-0.0161726117048405
950,-0.0152362066986506
951,-0.013701441536425
952,-0.0112825462670949
953,-0.0085963838035838
954,-0.00631490156700526
955,-0.00462119729259973
956,-0.00334929759828428
957,-0.0022492107199008
958,-0.00115095026020934
959,-0.000191372583071495
960,0.000204752144373689
961,7.89814340217667E-06
962,0.000252834294349615
963,0.00239675925552496
964,0.00656785391936037
965,0.0108166099282234
966,0.0127307616090367
967,0.0118068681223063
968,0.00979061342705399
969,0.0086201981837942
970,0.00848669297633553
971,0.00810654383207404
972,0.0064610338640871
973,0.00380536711811831
974,0.00112947115329403
975,-0.000899150394242397
976,-0.00235083367486551
977,-0.0036648138271912
978,-0.00502117032523825
979,-0.00605115271774628
980,-0.00628841574327993
981,-0.00608847155721374
982,-0.00688704315720609
983,-0.00998615457686994
984,-0.0148709394478287
985,-0.0191649594952631
986,-0.0207096535158025
987,-0.0195510881930327
988,-0.0175403056310086
989,-0.0161555756481121
990,-0.0152236387024189
991,-0.0137605173956192
992,-0.0114341383844544
993,-0.00881414783918305
994,-0.0065635647901739
995,-0.00487861433156739
996,-0.0036042536212685
997,-0.00249117960364155
998,-0.00136196400512076
999,-0.000353892658577052
1000,8.12153965614122E-05
1001,-0.000122724459721521
1002,7.37012576725413E-05
1003,0.00218716167965794
1004,0.00639646835691093
1005,0.0107248449060132
1006,0.0126783919465991
1007,0.0117141577923713
1008,0.00963222827470429
1009,0.008464563891022
1010,0.00843594129434582
1011,0.00819359028938362
1012,0.00660063123231886
1013,0.00385507865694302
1014,0.00101983474963473
1015,-0.00109162927171135
1016,-0.00248445801626168
1017,-0.00369840918181073
1018,-0.00506672730970734
1019,-0.00622844115916234
1020,-0.00655616992133277
1021,-0.00628368520851104
1022,-0.00693690887983181
1023,-0.010011599797351
1024,-0.0150342958743767
1025,-0.0194604512986338
1026,-0.0209745219980357
1027,-0.0196752125752041
1028,-0.0175964142983973
1029,-0.016298004894243
1030,-0.0155063956964248
1031,-0.0140908640124101
1032,-0.0116729956842762
1033,-0.00887835587518222
1034,-0.00644913454594085
1035,-0.00464514508463805
1036,-0.00335986954944124
1037,-0.00235128922681527
1038,-0.00137087421570145
1039,-0.000435535122623319
1040,6.84412282508954E-05
1041,7.33727908760088E-06
1042,0.000266818905663436
1043,0.0022739679788666
1044,0.00629098027870204
1045,0.0105349145377328
1046,0.0126201280308696
1047,0.0119015642461468
1048,0.00996617604914924
1049,0.00874845989115837
1050,0.00858350533125844
1051,0.00828772617767769
1052,0.00674784927229647
1053,0.00403090680095466
1054,0.00109997272532737
1055,-0.00115985487105003
1056,-0.00259098690081027
1057,-0.00367969783438436
1058,-0.00489123127157787
1059,-0.00603451480747354
1060,-0.0064820395950485
1061,-0.00627772620269304
1062,-0.00678373707685429
1063,-0.00957381017668376
1064,-0.0144401556939808
1065,-0.0190017524611315
1066,-0.0208126402113281
1067,-0.0196908760198745
1068,-0.0175474193580746
1069,-0.0160827686328401
1070,-0.0152330597447733
1071,-0.013924422370904
1072,-0.0116823494993908
1073,-0.00903446596796322
1074,-0.00669904378316632
1075,-0.0049350505467851
1076,-0.0036133432195869
1077,-0.00248594901765805
1078,-0.00136316257472727
1079,-0.000358062613683866
1080,9.09450622937134E-05
1081,-0.000104332642214992
1082,5.77744336176572E-05
1083,0.00209515862611512
1084,0.00625014071395637
1085,0.0106273512062192
1086,0.012752577660329
1087,0.0119981284450561
1088,0.0100163376503083
1089,0.00874584457448913
1090,0.00847332934238304
1091,0.0080313524080619
1092,0.00642634620638006
1093,0.00382695391924411
1094,0.00115265177382169
1095,-0.000871022826712323
1096,-0.00222165851867618
1097,-0.00340537104030236
1098,-0.00480359566151137
1099,-0.00610372052155041
1100,-0.00660077847360372
1101,-0.00636544864290314
1102,-0.00685133743306403
1103,-0.00965626101822638
1104,-0.014478068544647
1105,-0.0188676771407584
1106,-0.020494591599846
1107,-0.0193784166597925
1108,-0.0174509616585416
1109,-0.016196262568268
1110,-0.0153642258828182
1111,-0.0139505746865855
1112,-0.011674280712806
1113,-0.00909992899349105
1114,-0.00680889188887215
1115,-0.00498755313017067
1116,-0.00360722948622492
1117,-0.00252263565665404
1118,-0.00148895500954837
1119,-0.000504590833839433
1120,-1.93716868834417E-05
1121,-0.000240330317071769
1122,-0.00020573812948048
1123,0.00171278845180028
1124,0.00587980588991799
1125,0.0103868664198068
1126,0.0126401758901064
1127,0.0119284882894333
1128,0.00993380727838242
1129,0.0086855895942391
1130,0.00852302823289351
1131,0.00824526375969618
1132,0.0067672166005177
1133,0.00417731393148277
1134,0.00138472680931291
1135,-0.000810535597941738
1136,-0.00227331747727403
1137,-0.00344777123658609
1138,-0.00476855054234335
1139,-0.00604471233395847
1140,-0.006617108153844
1141,-0.00644857190845622
1142,-0.00685927152229078
1143,-0.00949484349378242
1144,-0.014273426348944
1145,-0.0188700784612965
1146,-0.020796576728552
1147,-0.0198098945132656
1148,-0.0177914161317391
1149,-0.016404627892026
1150,-0.0155196868313004
1151,-0.0140448173058525
1152,-0.0116089210097034
1153,-0.00889377439231584
1154,-0.00666557517245332
1155,-0.00508283048264817
1156,-0.00389856409420731
1157,-0.00285122560980936
1158,-0.00179469892910516
1159,-0.00082621555233761
1160,-0.00032449069254525
1161,-0.000402748275455998
1162,-0.000187504475577864
1163,0.00177231804389415
1164,0.00583281543480464
1165,0.0102610455630295
1166,0.012566478983895
1167,0.011931877898671
1168,0.00990053920201436
1169,0.00853891216215644
1170,0.00833146874709783
1171,0.00811683856106133
1172,0.00671048228257244
1173,0.00412895237677128
1174,0.00132488473902247
1175,-0.000851588792148548
1176,-0.00230553297794716
1177,-0.00353148439192617
1178,-0.00491105604766121
1179,-0.00615810944843166
1180,-0.00662816281848912
1181,-0.00640224189513398
1182,-0.00685082552022132
1183,-0.00953198410432855
1184,-0.0142842073470695
1185,-0.0188357455003252
1186,-0.0207759055818024
1187,-0.019801273756172
1188,-0.0176763939143689
1189,-0.0161215271518616
1190,-0.015225047050063
1191,-0.0139667002931229
1192,-0.011741161185122
1193,-0.0089676769464444
1194,-0.0064718334121162
1195,-0.00470299668702116
1196,-0.00352622034101951
1197,-0.00248748300600498
1198,-0.00128026717683296
1199,-0.000150331206561854
1200,0.000275921240648704
1201,-8.70123582981713E-05
1202,-8.91103827892347E-05
1203,0.00186821682131733
1204,0.00599767903113446
1205,0.0103963735002721
1206,0.0126330530765728
1207,0.0120459992941615
1208,0.0101486758215079
1209,0.00881486062734712
1210,0.00846720586202675
1211,0.00812632585444524
1212,0.00679168665156538
1213,0.00441478363653366
1214,0.00172349489173567
1215,-0.000527027115455628
1216,-0.00211521208212148
1217,-0.00338605978897121
1218,-0.00473252199429988
1219,-0.00596543646013232
1220,-0.0064398951558938
1221,-0.00614356882109905
1222,-0.00644516217516782
1223,-0.00905639523767523
1224,-0.0139348630821624
1225,-0.0187092940436955
1226,-0.0207573438488328
1227,-0.0197216022610918
1228,-0.0175263469414178
1229,-0.0160338859595349
1230,-0.0152804211818588
1231,-0.0141185527331968
1232,-0.0119355227351058
1233,-0.00922336098649317
1234,-0.00678510001459096
1235,-0.00497010008686457
1236,-0.00366711938731305
1237,-0.00259169211356698
1238,-0.00149806589101738
1239,-0.000440354210072473
1240,0.000151309380414611
1241,7.83368992015041E-05
1242,0.000173202353153584
1243,0.00192946800565838
1244,0.00581534102659062
1245,0.0102108288765906
1246,0.0126462869489776
1247,0.0121950846057718
1248,0.0102413013099029
1249,0.00879077389010647
1250,0.00843811847347182
1251,0.0082020963629001
1252,0.00695449060662134
1253,0.00456662765501784
1254,0.00179477013375029
1255,-0.000526363864949062
1256,-0.00210665266513767
1257,-0.00327487933238343
1258,-0.00449652630712587
1259,-0.00570993997615148
1260,-0.00631804042743661
1261,-0.00618647279504449
1262,-0.00650386759304387
1263,-0.00895578565674001
1264,-0.0136685606527252
1265,-0.0184416114405617
1266,-0.0206435893479798
1267,-0.0197705262320405
1268,-0.0176336511190248
1269,-0.016094822167398
1270,-0.0152489839923069
1271,-0.0140054901266303
1272,-0.0117924667680558
1273,-0.00911130419609916
1274,-0.00672540433307651
1275,-0.00493666388362604
1276,-0.00364465748437924
1277,-0.00261432881497681
1278,-0.00159728431810656
1279,-0.000586682116609597
1280,-3.3365547769713E-06
1281,-0.000127387026236183
1282,-0.000162331395280918
1283,0.00150679051852549
1284,0.00549661300407826
1285,0.0101421422699453
1286,0.0127623878690792
1287,0.0123213799250401
1288,0.0103190572792576
1289,0.00889368075148069
1290,0.00856771419370025
1291,0.00819721091913918
1292,0.00668418863752184
1293,0.00413565291017488
1294,0.00145105476087869
1295,-0.000671530208826715
1296,-0.0021726847665335
1297,-0.00342011751253425
1298,-0.00472349738124907
1299,-0.00590750569782001
1300,-0.00642718472563112
1301,-0.006244315122871
1302,-0.00654633135592244
1303,-0.00896128739009217
1304,-0.0136253243054284
1305,-0.0184172555776838
1306,-0.0207386587161656
1307,-0.0200154764366146
1308,-0.0179655357654593
1309,-0.0164328103172691
1310,-0.0155650204458223
1311,-0.0143166866671382
1312,-0.0121141830335596
1313,-0.00944027395562556
1314,-0.00705188185864654
1315,-0.00524503725994793
1316,-0.00390453345181703
1317,-0.00279800814647648
1318,-0.00171175691059254
1319,-0.000662570891092169
1320,-4.45597696959798E-05
1321,-0.000110191024690389
1322,-0.000115866015253202
1323,0.00145723472008902
1324,0.00523918756867074
1325,0.00973739822350997
1326,0.0124189789618974
1327,0.0121673356259229
1328,0.0102513797057245
1329,0.00873102642035993
1330,0.00833092307245725
1331,0.00814088502635986
1332,0.00700880549166388
1333,0.00473502735314542
1334,0.0020104027289809
1335,-0.000358212634946464
1336,-0.00205415118011884
1337,-0.00334478453049588
1338,-0.00464981638013074
1339,-0.00590023842976011
1340,-0.0064977147986049
1341,-0.0062907014841718
1342,-0.00647781437456613
1343,-0.00882222913868047
1344,-0.0135395646339555
1345,-0.0184281582276817
1346,-0.0207639740385849
1347,-0.0199733947092657
1348,-0.0178885851184292
1349,-0.0164064894186015
1350,-0.0155824997382246
1351,-0.0142685748133818
1352,-0.0119395441456887
1353,-0.00922359156528025
1354,-0.00691704190226499
1355,-0.0051895731113859
1356,-0.00381416739267348
1357,-0.00262947642677641
1358,-0.00158762402415306
1359,-0.000739175840533696
1360,-0.000326131504522896
1361,-0.000448250140805976
1362,-0.000374841071725505
1363,0.00129190816393513
1364,0.0051182989985156
1365,0.00964677874959525
1366,0.0123831439706231
1367,0.0121960259284163
1368,0.0103355194420251
1369,0.00887448118363368
1370,0.0085275942176801
1371,0.00831312193109957
1372,0.00703115677431258
1373,0.0045650831940619
1374,0.00176531399642085
1375,-0.000510200582545487
1376,-0.00207514338153741
1377,-0.00335156457539961
1378,-0.00474950214286012
1379,-0.00605623837163878
1380,-0.00659467803263368
1381,-0.00629090502203445
1382,-0.00645048497939179
1383,-0.00882820612100184
1384,-0.0135561796279086
1385,-0.0184135086391463
1386,-0.0207407674139972
1387,-0.0200005818710111
1388,-0.0179778113895426
1389,-0.0165183368332522
1390,-0.0156949446448435
1391,-0.0143931766388721
1392,-0.012063233538057
1393,-0.00929408708201575
1394,-0.00692075353833655
1395,-0.00519933827892274
1396,-0.00389684899234165
1397,-0.00271313202430362
1398,-0.00148478510225096
1399,-0.000341213698564024
1400,0.000246163593806627
1401,2.90514431199836E-05
1402,-0.000170297548922118
1403,0.00128554134012852
1404,0.0051098946454902
1405,0.00976765738629533
1406,0.0125670937399403
1407,0.0122768556133935
1408,0.0102395136093719
1409,0.00869585996807649
1410,0.00841939733454602
1411,0.00833402708173801
1412,0.00711754903618424
1413,0.0046346767938116
1414,0.00181372075611501
1415,-0.000416732795773493
1416,-0.00187196821045247
1417,-0.00302773592647649
1418,-0.00435199120879886
1419,-0.00566261313204199
1420,-0.00626244260460349
1421,-0.00600410001171464
1422,-0.00612493940252201
1423,-0.00840402676622393
1424,-0.0130900952071012
1425,-0.0180465620194215
1426,-0.0205548027980074
1427,-0.0199310815566513
1428,-0.0178964226393093
1429,-0.0163883263365415
1430,-0.0156094766189707
1431,-0.0144581021739215
1432,-0.0122744281707299
1433,-0.00954851626340541
1434,-0.00712863887046456
1435,-0.00536772821917599
1436,-0.00411907570389278
1437,-0.00309374156393206
1438,-0.00204944339716859
1439,-0.000976240707108917
1440,-0.000239929498029398
1441,-0.000141393050734401
1442,-8.2924870314965E-05
1443,0.00136153374994164
1444,0.00494182608543769
1445,0.00941141593121329
1446,0.0123349164465191
1447,0.0124263112331858
1448,0.0107108666203847
1449,0.00918134093270063
1450,0.00867627466685604
1451,0.00839190432482256
1452,0.0071741452818135
1453,0.0047932654426807
1454,0.00197293261851921
1455,-0.000415989835578538
1456,-0.00204406010148028
1457,-0.00323470067303381
1458,-0.00448818210122282
1459,-0.00578649662380416
1460,-0.00650309122003998
1461,-0.00637010632966788
1462,-0.0064742839011318
1463,-0.00861722195676635
1464,-0.013213176586535
1465,-0.0182170677879741
1466,-0.0208248501757299
1467,-0.0202267414478291
1468,-0.0181389213846932
1469,-0.0165803489765905
1470,-0.0157794460807009
1471,-0.0145852405532364
1472,-0.0123280543096351
1473,-0.00957239173981672
1474,-0.00722149129004919
1475,-0.00557074759699222
1476,-0.00435959681682654
1477,-0.00325261856945359
1478,-0.00206629592993654
1479,-0.000892837694128435
1480,-0.000169883229954903
1481,-0.000193251787348642
1482,-0.000266792663769019
1483,0.00117176872842743
1484,0.00491283170327088
1485,0.00957552700084702
1486,0.0125286887669644
1487,0.0124459725008759
1488,0.0105272303650896
1489,0.00896261431509172
1490,0.00859280392283202
1491,0.00844259146684682
1492,0.00723401497652672
1493,0.00479696491846197
1494,0.00199035267127579
1495,-0.000298758771350813
1496,-0.00186956279692616
1497,-0.00314958434278743
1498,-0.00457637848445771
1499,-0.00596881556769495
1500,-0.00662388777819135
1501,-0.00635401778149576
1502,-0.00636398860924874
1503,-0.0084766748983076
1504,-0.013052204049113
1505,-0.0180289213588443
1506,-0.0206456319156665
1507,-0.0201068454563228
1508,-0.0180733611484213
1509,-0.0165193496311072
1510,-0.0157108967928386
1511,-0.0145599175968959
1512,-0.0123793634654897
1513,-0.00964124525675442
1514,-0.00718966878412649
1515,-0.00536226901528033
1516,-0.00400021348184115
1517,-0.0028496377860693
1518,-0.00174225066731907
1519,-0.000712298628175573
1520,-0.00010147841468139
1521,-0.000155416371127102
1522,-0.000234229441728212
1523,0.00112667969504531
1524,0.00472096758782589
1525,0.00929801870006419
1526,0.0123270596562397
1527,0.0124118011791384
1528,0.0105866855373108
1529,0.00897744187320569
1530,0.00851765374149434
1531,0.00834317909635995
1532,0.00717578046739359
1533,0.00477110134475416
1534,0.00195295113684513
1535,-0.000355768586316247
1536,-0.00190553924594609
1537,-0.00311587934975377
1538,-0.00446285250478983
1539,-0.0058260981123422
1540,-0.00653507136075904
1541,-0.00635492906631813
1542,-0.00638648204631221
1543,-0.00840921909281779
1544,-0.0128795415242636
1545,-0.0178788149605918
1546,-0.0206569083120179
1547,-0.0202653334967342
1548,-0.0182201920878169
1549,-0.0165191869021842
1550,-0.0155684605695506
1551,-0.0143644553687535
1552,-0.0121920923012507
1553,-0.00948412126977335
1554,-0.00711050352377241
1555,-0.00542867154637093
1556,-0.00419838883494376
1557,-0.0030356685957399
1558,-0.00175624165480525
1559,-0.000548510236345732
1560,7.35719692109782E-05
1561,-0.000133088506239869
1562,-0.000354178901097169
1563,0.00101941518844566
1564,0.00474274360055083
1565,0.00942643495789154
1566,0.0124948021773464
1567,0.0126337970163688
1568,0.0109214211766176
1569,0.00938493123891197
1570,0.00885466323874328
1571,0.00854201108893408
1572,0.00735169987974518
1573,0.00506689158614802
1574,0.00231469913119309
1575,-0.000138061983109554
1576,-0.00191110359780862
1577,-0.00315221579446005
1578,-0.00429112128328685
1579,-0.00546716161271713
1580,-0.00624406545590866
1581,-0.00629603626924576
1582,-0.00644060947709951
1583,-0.00835293014396033
1584,-0.0126729826788083
1585,-0.0176843847679607
1586,-0.0206000346561889
1587,-0.0202798058309821
1588,-0.0181675072382782
1589,-0.0163949599712709
1590,-0.015523669549241
1591,-0.0145344276584035
1592,-0.012551392118488
1593,-0.00986990226694578
1594,-0.00734750555081903
1595,-0.00542818883961086
1596,-0.00399322472385487
1597,-0.00276872432659249
1598,-0.00160405906933233
1599,-0.000580204637997509
1600,-1.50314274539843E-05
1601,-6.29016489151804E-05
1602,-6.79231542835789E-05
1603,0.0013078315923593
1604,0.00474414370886442
1605,0.00908733699225836
1606,0.0120583586254363
1607,0.0123750105488669
1608,0.0108817899327797
1609,0.00941045008134846
1610,0.00883689891045755
1611,0.00852906756311175
1612,0.00742517498767405
1613,0.00520586539733502
1614,0.00243400672069837
1615,-6.8426586890395E-05
1616,-0.00185534199647761
1617,-0.0030992263853644
1618,-0.00429034119784276
1619,-0.00555915661673918
1620,-0.00639715088905993
1621,-0.00643646710173527
1622,-0.00651934442871341
1623,-0.00835790946722334
1624,-0.0125970821623819
1625,-0.0175227728364614
1626,-0.0203914682639531
1627,-0.020124117918455
1628,-0.0181634125577557
1629,-0.0165403169446132
1630,-0.0156896446400222
1631,-0.0145724570681202
1632,-0.0124416999767397
1633,-0.00974533327261625
1634,-0.00735284339489454
1635,-0.00557830952365682
1636,-0.00419779078730492
1637,-0.00296195061841348
1638,-0.00178055844686923
1639,-0.000705281007704596
1640,9.12782487564478E-07
1641,0.00010741644286593
1642,0.000102676129694191
1643,0.00130264185797506
1644,0.00459227654923343
1645,0.00899855176209749
1646,0.0121376537721185
1647,0.012461920308419
1648,0.0107576879471966
1649,0.00910679295222216
1650,0.00861958304220363
1651,0.00857399792421179
1652,0.00761572891897089
1653,0.00530373199725845
1654,0.00237250361862285
1655,-0.000149926703908967
1656,-0.00183802632368818
1657,-0.00304196549695133
1658,-0.00432473365130015
1659,-0.00569691715744741
1660,-0.0065134003087572
1661,-0.0064287388644399
1662,-0.0064208625307601
1663,-0.00828036890016902
1664,-0.0126126349742614
1665,-0.0176392216768282
1666,-0.0206055192492274
1667,-0.0204355150790837
1668,-0.0185320652718885
1669,-0.0168860359179787
1670,-0.0159658446460634
1671,-0.0148047181696043
1672,-0.012657033243496
1673,-0.00989937644827825
1674,-0.00739115242779509
1675,-0.00555928038950348
1676,-0.0042747908245527
1677,-0.00321128182061214
1678,-0.00211550579347076
1679,-0.00102309611564871
1680,-0.000359726942017083
1681,-0.000446676382684737
1682,-0.000633342756883129
1683,0.00063187633788685
1684,0.00422602709895434
1685,0.00891219085666706
1686,0.0121053964507411
1687,0.0123335923639
1688,0.010572414253922
1689,0.00893062236891556
1690,0.00839300706534229
1691,0.00820619081433927
1692,0.00716911761637053
1693,0.00497214728770613
1694,0.00226303220867148
1695,-0.000134041023247788
1696,-0.00186615177038062
1697,-0.00317479363854477
1698,-0.00451579547329781
1699,-0.00591351402292599
1700,-0.00675507355256611
1701,-0.0066291934573678
1702,-0.00644407060246618
1703,-0.00808789810467255
1704,-0.0123778819616655
1705,-0.0175967396323237
1706,-0.0207825602427789
1707,-0.0206082910485458
1708,-0.0184772986877475
1709,-0.0166191326981641
1710,-0.0156920881834421
1711,-0.0146898599880424
1712,-0.0127122000628764
1713,-0.0100577194612992
1714,-0.00759796930137299
1715,-0.00576047919922181
1716,-0.00439397270301329
1717,-0.00320121848444357
1718,-0.00200064242258721
1719,-0.000843338926333838
1720,-0.000104414133047435
1721,-0.000104845109530195
1722,-0.000287350021639221
1723,0.000849454772095734
1724,0.00429495960298295
1725,0.00897770771009136
1726,0.0123198706055318
1727,0.0126848833105391
1728,0.0109193440583948
1729,0.00917665350567897
1730,0.00855839335067203
1731,0.00833801125103994
1732,0.00725602903729753
1733,0.00497815899055957
1734,0.0021965186985116
1735,-0.00022570460442702
1736,-0.00194225071908638
1737,-0.00320686320118313
1738,-0.00447600629032482
1739,-0.00580540200776007
1740,-0.00664599256076881
1741,-0.00659894269530426
1742,-0.00648700196848839
1743,-0.00810427528526935
1744,-0.0122860061910569
1745,-0.0174307709568284
1746,-0.020657217485971
1747,-0.0206054385151779
1748,-0.0185899666479246
1749,-0.0167896399368017
1750,-0.0158667021310039
1751,-0.0148326990592525
1752,-0.0127995819670531
1753,-0.0100838653556447
1754,-0.00757898116403532
1755,-0.00571807756855591
1756,-0.00434123740991036
1757,-0.00315481228240575
1758,-0.00199825389011898
1759,-0.000925325886418016
1760,-0.000270048924912651
1761,-0.000305534379964766
1762,-0.000483873776152919
1763,0.000630455209088757
1764,0.00399326214561177
1765,0.00860141052773265
1766,0.0119860129896848
1767,0.012520218423687
1768,0.0109265707444405
1769,0.00924153836171934
1770,0.0086023770773105
1771,0.00841995934586238
1772,0.00748514655378858
1773,0.00535557303735081
1774,0.00259602325677955
1775,7.71272288715431E-05
1776,-0.00174648501508584
1777,-0.00306024797986539
1778,-0.00433785715927215
1779,-0.00567024570157051
1780,-0.00652596892997988
1781,-0.00653509362049724
1782,-0.00653957821996087
1783,-0.00826635453829225
1784,-0.0124243538357668
1785,-0.0173894114433241
1786,-0.0204346397671662
1787,-0.0203659184419718
1788,-0.0184726386189971
1789,-0.0167672458740254
1790,-0.015836703043524
1791,-0.0147851979521074
1792,-0.0128105315807929
1793,-0.0101672626405268
1794,-0.00764443866373362
1795,-0.00570164379334583
1796,-0.00429926697795277
1797,-0.00316969826020636
1798,-0.00203467862277153
1799,-0.000851475979643934
1800,-1.97666673344305E-05
1801,3.52725332374668E-05
1802,-0.000198554354126604
1803,0.000797445205480611
1804,0.00408792101965869
1805,0.0086827965294906
1806,0.0120447399221774
1807,0.0125115217315653
1808,0.0108658994043609
1809,0.00922561635211779
1810,0.00870586277157308
1811,0.00858433794487413
1812,0.00755527881465162
1813,0.00524928661211694
1814,0.00241175324652163
1815,-1.44567214465917E-06
1816,-0.00164119146913408
1817,-0.00286682725091158
1818,-0.00420808502643967
1819,-0.00565390381340497
1820,-0.0065260034762378
1821,-0.00638801146206325
1822,-0.00614214604112709
1823,-0.00766887817076181
1824,-0.0118238547751771
1825,-0.0169977095116358
1826,-0.0203141112213154
1827,-0.0203992624621349
1828,-0.0185085073749141
1829,-0.0167731940460917
1830,-0.0158854830056041
1831,-0.0149242891882915
1832,-0.0130024067489706
1833,-0.0103536912217078
1834,-0.00780785417495759
1835,-0.00583790140054244
1836,-0.00438050351990858
1837,-0.00318136034079975
1838,-0.00202683289903462
1839,-0.000905017861914511
1840,-0.000162629202509779
1841,-0.000157526355782177
1842,-0.00040187459078393
1843,0.00058696421727145
1844,0.00388889477069799
1845,0.00857541131274577
1846,0.0121125414390962
1847,0.0127308536666158
1848,0.011091674270266
1849,0.00931980704064015
1850,0.00868073735229493
1851,0.00859906394346244
1852,0.00775419084185449
1853,0.00560430482130311
1854,0.00273903203378362
1855,0.000141205884472085
1856,-0.00165978056743962
1857,-0.00288907462124498
1858,-0.00413298904670863
1859,-0.00554220990696406
1860,-0.00649530402575218
1861,-0.00644275513704584
1862,-0.00617031907272024
1863,-0.0076121279251744
1864,-0.0117836479026809
1865,-0.0171171585738232
1866,-0.0205835827735237
1867,-0.0206490073567557
1868,-0.0186017021949351
1869,-0.0167451232320115
1870,-0.0158601965376512
1871,-0.0149487576730746
1872,-0.0130218829610394
1873,-0.0103194320482941
1874,-0.00773110436990249
1875,-0.00573574280859535
1876,-0.00424630656291903
1877,-0.00303899483569634
1878,-0.00193933918034263
1879,-0.000870017502367299
1880,-5.75276063703945E-05
1881,0.000119395310732237
1882,-4.71801433034409E-05
1883,0.000799091517127783
1884,0.00387829305340515
1885,0.00851049512386017
1886,0.0122023472514734
1887,0.0129820993594543
1888,0.0113430118606204
1889,0.00945991713568788
1890,0.00873295965783935
1891,0.00861370064533054
1892,0.00773521219605292
1893,0.0055722903451527
1894,0.00276573501112475
1895,0.000255506351250362
1896,-0.00153424978147384
1897,-0.00282840432135633
1898,-0.00409397470418638
1899,-0.00544033312086084
1900,-0.0063729705674391
1901,-0.00644109937088582
1902,-0.00630359326108698
1903,-0.00767810843648112
1904,-0.0115850209774658
1905,-0.0167184200310137
1906,-0.020249225169291
1907,-0.0205359447673928
1908,-0.0186089432314493
1909,-0.0166985625159972
1910,-0.0157584163020899
1911,-0.0149406871868098
1912,-0.0131721597640955
1913,-0.0105008545683743
1914,-0.00779132131624481
1915,-0.00570433332848238
1916,-0.00429458786845309
1917,-0.00324358959086439
1918,-0.00217051725200662
1919,-0.00095987152529723
1920,-2.65200612502301E-05
1921,7.79480267267785E-05
1922,-0.000293548539657219
1923,0.000421169654552863
1924,0.00353980988558527
1925,0.00829822248913487
1926,0.01209742046526
1927,0.0129616518614739
1928,0.0114086277492821
1929,0.00957141887511319
1930,0.0088087785215575
1931,0.00863545826817704
1932,0.00778110566029483
1933,0.00569274740676581
1934,0.00288009011596112
1935,0.000247996981697806
1936,-0.00164450285953079
1937,-0.00289683778735311
1938,-0.00402999741124679
1939,-0.00529786876080957
1940,-0.00624315221030586
1941,-0.00633598149885094
1942,-0.00619547535938494
1943,-0.00758744778458991
1944,-0.0115545924199771
1945,-0.0167408733244556
1946,-0.0203046728380564
1947,-0.020678230231394
1948,-0.0189052795448129
1949,-0.0170585597601307
1950,-0.0159308190542874
1951,-0.0147682043183425
1952,-0.0128027981120909
1953,-0.0102562376296543
1954,-0.00782937806016396
1955,-0.00587989863255931
1956,-0.00435604325798518
1957,-0.00309370766565608
1958,-0.0019060966874971
1959,-0.000725438721905314
1960,0.000105944891459631
1961,0.000115812146614203
1962,-0.000299298300345443
1963,0.000440279411151966
1964,0.00362975739688546
1965,0.00843398709364747
1966,0.0121899244340487
1967,0.0129396008381256
1968,0.0112960891575976
1969,0.00947503100248162
1970,0.00882781938064698
1971,0.00878820974915569
1972,0.00801454844919153
1973,0.0059516220860275
1974,0.00315385039828659
1975,0.000545881850736723
1976,-0.00134954188179644
1977,-0.0026724414918294
1978,-0.00392431753710811
1979,-0.00529282337216186
1980,-0.00627864875291265
1981,-0.00636028723216034
1982,-0.00617555955161381
1983,-0.00750069304575913
1984,-0.0114142466097366
1985,-0.0166114557675869
1986,-0.0202309265103258
1987,-0.0205985172704165
1988,-0.0187152028524738
1989,-0.0167977758452538
1990,-0.0158253845137124
1991,-0.014997594543971
1992,-0.0132625935701228
1993,-0.0106555303261456
1994,-0.00802078195953235
1995,-0.00598662397290212
1996,-0.00454601560037075
1997,-0.0033465015685885
1998,-0.00208524862565049
1999,-0.000786753661966622
2000,0.00010453848710904
2001,0.000164247975749192
2002,-0.000161550477591514
2003,0.000583251490953145
2004,0.00354521535307369
2005,0.00799197990641196
2006,0.0115649602979483
2007,0.0124521260544025
2008,0.0110777253801938
2009,0.00937856261796539
2010,0.00865301716761472
2011,0.00849595229163464
2012,0.00769650880099953
2013,0.00568156262165934
2014,0.00293555851694393
2015,0.000362358896727343
2016,-0.00150700698972245
2017,-0.0028217457231996
2018,-0.00409573861382783
2019,-0.00550383612850893
2020,-0.00651836889537301
2021,-0.00659128931573704
2022,-0.00633849114641698
2023,-0.0075376931835686
2024,-0.0113202234714067
2025,-0.0164627776842115
2026,-0.0201409240341033
2027,-0.0206380319347149
2028,-0.0188764926607822
2029,-0.0170165891470517
2030,-0.0160226987819336
2031,-0.0151256385160873
2032,-0.0133451811870341
2033,-0.0107689975051354
2034,-0.00819923614219635
2035,-0.00616296793483697
2036,-0.00464086625048023
2037,-0.00340544456042997
2038,-0.00224739517498747
2039,-0.0010872824217265
2040,-0.000178292844037712
2041,6.64415592314176E-05
2042,-0.000111750211303907
2043,0.000595476724101473
2044,0.00344324203896277
2045,0.00790292098912809
2046,0.0116288174349267
2047,0.0126268990851091
2048,0.0112039566858307
2049,0.00938423625309032
2050,0.00860947765868309
2051,0.00848509519981507
2052,0.00770394556087341
2053,0.00564565103946909
2054,0.00284765802053973
2055,0.000282772550661934
2056,-0.00150382875406297
2057,-0.00269329019871164
2058,-0.00384966690418529
2059,-0.00520342032651818
2060,-0.0062535892339336
2061,-0.006409208547805
2062,-0.00620368541491712
2063,-0.00738797024700426
2064,-0.0111586761847672
2065,-0.0163582689149005
2066,-0.0201240330543648
2067,-0.0206295954920156
2068,-0.0187570603225829
2069,-0.0167625483608104
2070,-0.0157419351672386
2071,-0.0149446022883946
2072,-0.0132813701005301
2073,-0.0107348531328737
2074,-0.00811860086575793
2075,-0.00604863368863595
2076,-0.00454785266011451
2077,-0.00334498194301109
2078,-0.0021910846338516
2079,-0.00105269151533141
2080,-0.00026046622257
2081,-0.000213848055919727
2082,-0.000549479510959373
2083,0.000147611176094767
2084,0.00311626999976161
2085,0.00772907442920637
2086,0.011576283502263
2087,0.0126688776810387
2088,0.0113224421382121
2089,0.00953605938477336
2090,0.008746300741976
2091,0.00861885903750425
2092,0.00791100491656636
2093,0.00597005281833365
2094,0.00321327037610384
2095,0.00053294795497358
2096,-0.00147499260284073
2097,-0.00286380441316503
2098,-0.00411772463764752
2099,-0.00548214736255457
2100,-0.00650543586742144
2101,-0.0066160699436103
2102,-0.00634342319071354
2103,-0.00744989655224723
2104,-0.0111621066276843
2105,-0.01634371311507
2106,-0.020132529057179
2107,-0.0206926724538617
2108,-0.0188917722653378
2109,-0.0169653349904595
2110,-0.0159949209362249
2111,-0.0152349384659404
2112,-0.0135975212065578
2113,-0.0110323826830379
2114,-0.00831828975753189
2115,-0.00611612407067505
2116,-0.00457529630642987
2117,-0.00349576247251824
2118,-0.00252380957744711
2119,-0.00143043702303503
2120,-0.000483043430049462
2121,-0.00022607640815634
2122,-0.000465945501212079
2123,0.000221070011137802
2124,0.00321183668918749
2125,0.00792917254258078
2126,0.0118550375302793
2127,0.0128965693498372
2128,0.0114152504439991
2129,0.00953081165575743
2130,0.00871439617404328
2131,0.0085697231104629
2132,0.00781839060443272
2133,0.00584761172097819
2134,0.00311258223867467
2135,0.000489451828642894
2136,-0.0014442427908723
2137,-0.00272736786877806
2138,-0.00385905988908943
2139,-0.00516788827933769
2140,-0.00625495032945437
2141,-0.00645987153831236
2142,-0.00615941378818094
2143,-0.00710338208604826
2144,-0.0106959279508562
2145,-0.0159674255421718
2146,-0.020009000988917
2147,-0.0207789765360338
2148,-0.0190073125666257
2149,-0.0169688843062168
2150,-0.0158563999502975
2151,-0.0149768082061571
2152,-0.0132509862637241
2153,-0.010670233888832
2154,-0.0080613940456301
2155,-0.00603396236499617
2156,-0.0045803206861349
2157,-0.00339028522237602
2158,-0.00218350966575779
2159,-0.000931116052915299
2160,-3.22417558665538E-05
2161,2.04845223532412E-05
2162,-0.00041811046469217
2163,0.000189942097945703
2164,0.00321528560850528
2165,0.00799783722491488
2166,0.0119444427112149
2167,0.0129513977276682
2168,0.0114399955951623
2169,0.00960924907707887
2170,0.00894316000988486
2171,0.0089546869858548
2172,0.00824595251478627
2173,0.00618006624947653
2174,0.00331140038651136
2175,0.000632329536914986
2176,-0.00126200366881024
2177,-0.0024863438901021
2178,-0.00361679966699117
2179,-0.00500016801102898
2180,-0.00621206580882848
2181,-0.00655516626423431
2182,-0.00636705047565357
2183,-0.00736237416184054
2184,-0.0109289199953593
2185,-0.0161027978277513
2186,-0.0199976396575233
2187,-0.020623628668007
2188,-0.0187976677124064
2189,-0.016857150405747
2190,-0.015943992711974
2191,-0.0152141349340484
2192,-0.0134826284664753
2193,-0.0107937101916259
2194,-0.0081098522180237
2195,-0.00608762938620066
2196,-0.00464408765611643
2197,-0.00341099184555656
2198,-0.0021635262073441
2199,-0.000945794254386249
2200,-0.000111406297403644
2201,-4.00517234468281E-05
2202,-0.000381840182239102
2203,0.000237004646404032
2204,0.0030640023956963
2205,0.00754814094147669
2206,0.0113453397260754
2207,0.0124563908574795
2208,0.011142729648881
2209,0.00937835679851383
2210,0.00862266860751352
2211,0.00856797056749481
2212,0.00796126969345895
2213,0.00611013288278725
2214,0.00340210015366785
2215,0.000737354132315888
2216,-0.00125554545397671
2217,-0.00261773482570791
2218,-0.00387102456025822
2219,-0.00531244095020087
2220,-0.00647549628065083
2221,-0.00667738655704341
2222,-0.00633259714294175
2223,-0.0072299269167956
2224,-0.0107903877131635
2225,-0.0160699664885623
2226,-0.0201797303092375
2227,-0.0210263722996059
2228,-0.019235551171732
2229,-0.0170645160661421
2230,-0.0158444243323351
2231,-0.0150322617676109
2232,-0.0135164711788444
2233,-0.0111030541160302
2234,-0.00850294106896719
2235,-0.00639187332203942
2236,-0.00488377336808023
2237,-0.00369194520646445
2238,-0.00248348792491722
2239,-0.00120144545606979
2240,-0.000244797042296034
2241,-9.71898428616399E-05
2242,-0.000442065252221167
2243,0.000126395779782622
2244,0.00290005560698238
2245,0.0073942790798689
2246,0.0113398934935642
2247,0.0127107083630465
2248,0.0115900125109237
2249,0.00978685485775977
2250,0.00881185828018177
2251,0.00856834714598948
2252,0.00790910656190521
2253,0.00603475079100549
2254,0.00320785824994603
2255,0.000387987429854294
2256,-0.0016334983579985
2257,-0.00285969760793304
2258,-0.00394255509977248
2259,-0.00529820745802549
2260,-0.00644108539698728
2261,-0.00661252603940392
2262,-0.00622195056193287
2263,-0.00710330295527339
2264,-0.0106680990765314
2265,-0.0159094215758376
2266,-0.0199391619942567
2267,-0.0207736558415499
2268,-0.0191299029922461
2269,-0.0171917588084544
2270,-0.0160958881097441
2271,-0.0151892359874253
2272,-0.0134555854957996
2273,-0.0108861937524298
2274,-0.00826581806044202
2275,-0.00619623520067494
2276,-0.00471203446131566
2277,-0.00353752943036266
2278,-0.00236933402170718
2279,-0.00111164634996977
2280,-0.000121281931472138
2281,5.64696414884108E-05
2282,-0.000365260988538969
2283,4.45543320168665E-05
2284,0.00273278380274257
2285,0.00728493073191883
2286,0.0112966719267629
2287,0.0125841270605798
2288,0.0112912326293286
2289,0.00944527153120328
2290,0.00864275034976834
2291,0.00863502472006838
2292,0.00809939140393812
2293,0.00624228406212538
2294,0.00342793644399975
2295,0.000615777212280222
2296,-0.00148906907513392
2297,-0.00288128949638643
2298,-0.00408011766902901
2299,-0.00542718580021962
2300,-0.00652308319206001
2301,-0.00671254093795212
2302,-0.00636502770879263
2303,-0.00720803627598204
2304,-0.0106671810263677
2305,-0.0158642834253735
2306,-0.0199604692946198
2307,-0.0208653306573945
2308,-0.0191970882107334
2309,-0.0172009390129842
2310,-0.0161412877810893
2311,-0.0153643328649142
2312,-0.0137198411159519
2313,-0.0111150311158404
2314,-0.00839600143324531
2315,-0.00625790890504335
2316,-0.00473567407126793
2317,-0.00350729435568537
2318,-0.00228976045747841
2319,-0.00105280548923934
2320,-0.00014094253443435
2321,3.70772895009076E-06
2322,-0.000349593204026708
2323,0.000155112235599842
2324,0.00286416648766533
2325,0.00738554478078811
2326,0.0114323537806878
2327,0.0128621776870037
2328,0.0117068121162746
2329,0.00985006141385956
2330,0.00887661708335869
2331,0.0086644929666117
2332,0.00802554450070858
2333,0.00620602358074261
2334,0.00352578445752411
2335,0.000876483109201826
2336,-0.00109907063527019
2337,-0.00244847152904858
2338,-0.00371477238164597
2339,-0.00520820465901506
2340,-0.0064536646211173
2341,-0.00672774072565956
2342,-0.0063855580716518
2343,-0.00719567010118826
2344,-0.0106418001825975
2345,-0.0158775678413163
2346,-0.0200484241467041
2347,-0.0210098601237095
2348,-0.0193233817951069
2349,-0.0172214123819322
2350,-0.0160244602154013
2351,-0.0151717747852283
2352,-0.0135622698190883
2353,-0.0110521274477348
2354,-0.00838267929181744
2355,-0.00620936123438517
2356,-0.00464315090589497
2357,-0.00345501560960131
2358,-0.00233295211648456
2359,-0.00110881765652976
2360,-5.33742399892938E-05
2361,0.000286611891376217
2362,1.95251735928979E-06
2363,0.000396041343768993
2364,0.00293493446352273
2365,0.00736958173007541
2366,0.0114367735318985
2367,0.0129170351997882
2368,0.0117719977231402
2369,0.00987418447362275
2370,0.00883497724800839
2371,0.00857342370827076
2372,0.00793407301979902
2373,0.00614485566510059
2374,0.00344956458787526
2375,0.000696601675661825
2376,-0.00138433636309596
2377,-0.00268642767165634
2378,-0.00372302786942021
2379,-0.00497359656692585
2380,-0.00615412080073089
2381,-0.00653324812835445
2382,-0.00628320096395032
2383,-0.00705120820202954
2384,-0.0103960010915764
2385,-0.0156101350411974
2386,-0.0198456444176605
2387,-0.0208426072828616
2388,-0.0191079433781043
2389,-0.0169660398283781
2390,-0.015846367899856
2391,-0.0151566820411988
2392,-0.0136556996904781
2393,-0.0111240193682861
2394,-0.00837554134540522
2395,-0.0061838049919813
2396,-0.00468511120605908
2397,-0.00358381239126564
2398,-0.00252011335817599
2399,-0.00135061525793099
2400,-0.00038006460171764
2401,-0.000127586661579648
2402,-0.000438158972992977
2403,1.16119236683574E-05
2404,0.00263684519288634
2405,0.00712020057203128
2406,0.0111767001230508
2407,0.012623905507615
2408,0.011479770264285
2409,0.00963694479840346
2410,0.0086653678619545
2411,0.00842465369474662
2412,0.00776924019112527
2413,0.00602541751314484
2414,0.00350907036637093
2415,0.000985060927718674
2416,-0.00100702710138045
2417,-0.00244013015726195
2418,-0.00368098499959757
2419,-0.00499778848130911
2420,-0.00607858894427012
2421,-0.00635401313333279
2422,-0.00611096179123922
2423,-0.00692138024429335
2424,-0.0102239240156795
2425,-0.0153499075710095
2426,-0.0195992968559333
2427,-0.0207425190222902
2428,-0.0191394009018601
2429,-0.0169924961355883
2430,-0.0158059066374975
2431,-0.0151513867619223
2432,-0.013813268899983
2433,-0.0114306411474934
2434,-0.00869822674611018
2435,-0.00642472256154168
2436,-0.0048526771559974
2437,-0.00371926532790609
2438,-0.00261686613441616
2439,-0.00137394128277972
2440,-0.000330330208965185
2441,-5.12918340609017E-05
2442,-0.000389177530878524
2443,5.84790059554154E-06
2444,0.00259119371159886
2445,0.00709962624291003
2446,0.0112711984323072
2447,0.0128747008981122
2448,0.0118246118727342
2449,0.00995671994143174
2450,0.00889807819550354
2451,0.00861319116592473
2452,0.00798136815821986
2453,0.00624762150460722
2454,0.00365104145757207
2455,0.000991519608483556
2456,-0.00107617788435383
2457,-0.0024665457985538
2458,-0.00362513313252155
2459,-0.00495546383153303
2460,-0.00617424902101042
2461,-0.0065785000879027
2462,-0.00630208168684333
2463,-0.00693827546262123
2464,-0.0101240566362795
2465,-0.0153442370473615
2466,-0.0198232946763214
2467,-0.0211157156410738
2468,-0.0194773735296839
2469,-0.0172142316813235
2470,-0.0159790822848306
2471,-0.0153593962982943
2472,-0.0140509060179713
2473,-0.011640728912977
2474,-0.00884598960995082
2475,-0.0065008515952883
2476,-0.00485345207053687
2477,-0.00367644829186902
2478,-0.00261548250508631
2479,-0.00147907562931009
2480,-0.000504560107551136
2481,-0.000201537441044901
2482,-0.000497574149098894
2483,-0.000143549243027514
2484,0.00234121397115914
2485,0.00680250569136866
2486,0.0110170955537749
2487,0.0126696680698625
2488,0.0116054257558241
2489,0.0097055674939211
2490,0.00867429391950356
2491,0.0084619171416812
2492,0.00786638441492157
2493,0.00610108603778536
2494,0.0034507402640145
2495,0.000760945260785802
2496,-0.00130928279319779
2497,-0.00267279391955769
2498,-0.00376227463946256
2499,-0.00500803939166683
2500,-0.00619759041209853
2501,-0.00664590142878412
2502,-0.00639019918492248
2503,-0.00691787068260043
2504,-0.00991230127577388
2505,-0.015045780746652
2506,-0.019666169324525
2507,-0.0212364915577775
2508,-0.0197971677261351
2509,-0.0175305951486311
2510,-0.0161471691710309
2511,-0.0153716603321424
2512,-0.0139853368850439
2513,-0.011582407337425
2514,-0.00884558975927795
2515,-0.0065498130509123
2516,-0.00487516587234867
2517,-0.00357606355759656
2518,-0.00236999629742549
2519,-0.00115734311776546
2520,-0.000169944059739892
2521,0.000175791823579476
2522,-2.15278007748193E-05
2523,0.000361516700606271
2524,0.00266989227934764
2525,0.00681022549152834
2526,0.0107944305866203
2527,0.012460467355833
2528,0.0115603441279856
2529,0.00977495173473958
2530,0.00875492608923092
2531,0.00857373691485522
2532,0.00811876561132797
2533,0.00651499733853441
2534,0.00389678688124732
2535,0.00109526422879159
2536,-0.00110193040645862
2537,-0.00251235840980665
2538,-0.00361104376199676
2539,-0.00490989713219625
2540,-0.00617815741523194
2541,-0.00663939010510408
2542,-0.00631654973622161
2543,-0.0068049589210009
2544,-0.00987436697838203
2545,-0.0151199501772127
2546,-0.0197216500339158
2547,-0.0210984735041419
2548,-0.0194504010068811
2549,-0.0171511038604546
2550,-0.0159180159621006
2551,-0.0153033369124117
2552,-0.0139401088438914
2553,-0.0114428849505028
2554,-0.00862649867711943
2555,-0.00636857542676452
2556,-0.0048625947668012
2557,-0.00380769001189251
2558,-0.00281816980496583
2559,-0.00167872001605625
2560,-0.000591059780377343
2561,-9.84546522443888E-05
2562,-0.000282742789240069
2563,-3.37149014175518E-05
2564,0.00221138434093219
2565,0.00657690115444083
2566,0.0110083242470795
2567,0.0130119240201842
2568,0.0120742169067786
2569,0.00994819737286254
2570,0.0085984787671886
2571,0.00832600780869821
2572,0.00797902217493954
2573,0.00650398117470646
2574,0.00393785888040086
2575,0.00114340360576686
2576,-0.00104862809735882
2577,-0.00247510815253207
2578,-0.00363910863780383
2579,-0.00503130321878043
2580,-0.00638464199418952
2581,-0.00691539440051802
2582,-0.00662918147281569
2583,-0.00705893685161352
2584,-0.0099536192331234
2585,-0.015034720037747
2586,-0.0196656045443221
2587,-0.0212698038837664
2588,-0.0198164201607357
2589,-0.017473016079035
2590,-0.0160388646484221
2591,-0.0153389925557222
2592,-0.0141307673836176
2593,-0.0118677370113327
2594,-0.00913504480503727
2595,-0.0067622521079141
2596,-0.00506020412786292
2597,-0.00383520261896297
2598,-0.00273139699172013
2599,-0.0015450519540806
2600,-0.000489500558838672
2601,-7.14647521486071E-05
2602,-0.000300849285409931
2603,-4.71994151625162E-05
2604,0.00219981190537498
2605,0.00652772447347358
2606,0.0109226301745639
2607,0.012953804224721
2608,0.0121131492739284
2609,0.0101000504003419
2610,0.00881564831182849
2611,0.00851690813874351
2612,0.00805398505439888
2613,0.00645459954648004
2614,0.00387729387273256
2615,0.00121338677140223
2616,-0.00083642443560178
2617,-0.0022576839640966
2618,-0.0035246005397265
2619,-0.00495014116853694
2620,-0.00618521483250804
2621,-0.00658613095378453
2622,-0.00633801632020183
2623,-0.00694399902703981
2624,-0.00994471240069445
2625,-0.0149453231210979
2626,-0.0194318085815085
2627,-0.0210301809775209
2628,-0.0197514685131503
2629,-0.0176203575665203
2630,-0.0162865707159256
2631,-0.0155535971594385
2632,-0.0142482281778516
2633,-0.0118869241630049
2634,-0.00908906825847251
2635,-0.00671569404168765
2636,-0.00508746790461621
2637,-0.00395590899690294
2638,-0.00287684930245214
2639,-0.0016249151780184
2640,-0.000491661012537054
2641,-6.1345382383666E-05
2642,-0.000316089289422639
2643,-4.39313184813127E-05
2644,0.00225123259189299
2645,0.00652376897006367
2646,0.0106828852902321
2647,0.0124306049666773
2648,0.0115026231565084
2649,0.00969580786861563
2650,0.00875832680044378
2651,0.00871778193112513
2652,0.00834024207816632
2653,0.00672248360361514
2654,0.00409236751619294
2655,0.00134416180309541
2656,-0.000801189237769601
2657,-0.0022484756087581
2658,-0.00343806445205962
2659,-0.00478560711398839
2660,-0.00606907245477272
2661,-0.00660698359331215
2662,-0.00640047702582953
2663,-0.00686013181653721
2664,-0.00966233433247962
2665,-0.0146095455729321
2666,-0.0191964977033119
2667,-0.0208753053343135
2668,-0.0195411068530317
2669,-0.0172949925399021
2670,-0.0159226047539987
2671,-0.0152443979979074
2672,-0.0140086179390992
2673,-0.0116978359772404
2674,-0.00896281215928109
2675,-0.00665976788322851
2676,-0.00504960544562703
2677,-0.00388128258837197
2678,-0.00280829677589964
2679,-0.00166931734937021
2680,-0.000670277923344301
2681,-0.000264253258431638
2682,-0.0004512938860735
2683,-0.000170289996417446
2684,0.0020275817219953
2685,0.00627305622536852
2686,0.0106669951377235
2687,0.0128270033916399
2688,0.0121562739448686
2689,0.010226782829188
2690,0.00893025765753242
2691,0.00864804942628238
2692,0.00832123276100262
2693,0.00688496651899904
2694,0.00430181585263166
2695,0.00141156708954276
2696,-0.000885826410362018
2697,-0.00233489697526333
2698,-0.00342282047673235
2699,-0.004726041708904
2700,-0.00607430708813378
2701,-0.00666383760928984
2702,-0.00635705520942974
2703,-0.00658658163616958
2704,-0.00920699582371618
2705,-0.0141851564251093
2706,-0.0190110324588836
2707,-0.0209683671958375
2708,-0.0197724449922616
2709,-0.0174876286203315
2710,-0.016017219699814
2711,-0.0153146163352567
2712,-0.014134746372922
2713,-0.0118539365922345
2714,-0.00904997974861255
2715,-0.00663431994218426
2716,-0.00497457326012648
2717,-0.00383328597701564
2718,-0.00276439551846465
2719,-0.00152891342210555
2720,-0.00039217572730962
2721,4.81314897238552E-05
2722,-0.000280106144059606
2723,-0.000236879485673425
2724,0.00177959143807682
2725,0.00599453104494936
2726,0.0104916541847413
2727,0.012804525208941
2728,0.0122505578026057
2729,0.0103470778637489
2730,0.00897840874954173
2731,0.0085825124583338
2732,0.00820150435816918
2733,0.00683297668373595
2734,0.00438744955628431
2735,0.00157493191831143
2736,-0.000775032481761272
2737,-0.00233577164012612
2738,-0.00346786822408472
2739,-0.00472219208507062
2740,-0.00602926317310613
2741,-0.00667217001366904
2742,-0.00646791811219616
2743,-0.00673346983375664
2744,-0.00929228864229252
2745,-0.0142038888485185
2746,-0.0190529934714678
2747,-0.0211041752386749
2748,-0.0199751428505726
2749,-0.0176787883605705
2750,-0.0161612790231799
2751,-0.0154353723883665
2752,-0.0142453983330521
2753,-0.0119089791454458
2754,-0.00899787181363678
2755,-0.0065101444461481
2756,-0.00490343764372058
2757,-0.00391363211652686
2758,-0.00295910154323487
2759,-0.00170230262686499
2760,-0.000458157372241878
2761,5.04140158513421E-05
2762,-0.000285230004052679
2763,-0.0002378811532321
2764,0.0018598416448838
2765,0.00615975414569386
2766,0.0106223484737407
2767,0.0127875823354212
2768,0.0121248590177428
2769,0.0102670727170284
2770,0.00903911122857562
2771,0.00872388897865214
2772,0.00829053383649482
2773,0.0068003298359808
2774,0.0042655710556546
2775,0.00143783562725407
2776,-0.000873662758628111
2777,-0.00237891233674977
2778,-0.00346132702284091
2779,-0.00466818951437581
2780,-0.00590531998241427
2781,-0.00645340928077865
2782,-0.00619115418572571
2783,-0.00651335055802431
2784,-0.00922062585825809
2785,-0.0142256442075092
2786,-0.0189943176984045
2787,-0.0208582189922386
2788,-0.0196269178591845
2789,-0.0174022219897117
2790,-0.0160139576301359
2791,-0.0153172962852902
2792,-0.014072264796686
2793,-0.0117653870768049
2794,-0.00906013480014389
2795,-0.00682370253047052
2796,-0.00528164971275383
2797,-0.00408242871053348
2798,-0.00279629664675465
2799,-0.00133196336231873
2800,-0.000125069892389204
2801,0.000182287525853792
2802,-0.00034788265988744
2803,-0.000386778035685802
2804,0.00171719742395058
2805,0.00605587389302587
2806,0.0105620214331179
2807,0.0127775129102299
2808,0.0121638490845299
2809,0.0103381850119694
2810,0.00913160773459416
2811,0.00884896503499535
2812,0.0084595330875405
2813,0.00699982351649841
2814,0.00447642107530882
2815,0.00167293835531465
2816,-0.000577237182783565
2817,-0.00201344352891611
2818,-0.00308651182868493
2819,-0.00439128123858757
2820,-0.00582065938164316
2821,-0.00657371471648466
2822,-0.00640626185965435
2823,-0.00662997640217411
2824,-0.00910131824203704
2825,-0.0139257323504533
2826,-0.0187398573182251
2827,-0.0208532179634978
2828,-0.0198800016695184
2829,-0.0177495831186041
2830,-0.0162929503706635
2831,-0.0154964797191179
2832,-0.0142313091397293
2833,-0.0119826604100293
2834,-0.00931961858555094
2835,-0.00701410344038419
2836,-0.00530001863098983
2837,-0.00396312426607557
2838,-0.00271289731709756
2839,-0.00141649873493113
2840,-0.000291348815340446
2841,0.000169199368378729
2842,-9.06875818020618E-05
2843,2.8136236212594E-06
2844,0.0020059091825882
2845,0.00614442456041472
2846,0.0105024757134943
2847,0.01263975173489
2848,0.0119984357306258
2849,0.0102385276426012
2850,0.00918551026488358
2851,0.00898465537374314
2852,0.00846376493920213
2853,0.00678200828971524
2854,0.00422986408923159
2855,0.00165470890232192
2856,-0.000382701569991117
2857,-0.00187870610891054
2858,-0.0031852138743054
2859,-0.00459446258052509
2860,-0.00590326786414582
2861,-0.0065116292006941
2862,-0.00636389199501917
2863,-0.00671680904576484
2864,-0.0092641144231493
2865,-0.0140707630046818
2866,-0.0188417227013304
2867,-0.0209055417866261
2868,-0.0198405036918626
2869,-0.0176169504002004
2870,-0.0161844276547297
2871,-0.0155522839067493
2872,-0.0144437258500935
2873,-0.0121982522710198
2874,-0.00943502960797633
2875,-0.00710590418302456
2876,-0.00551357070735796
2877,-0.00431515106410127
2878,-0.00306880370912217
2879,-0.00165496637738325
2880,-0.000427752858538964
2881,3.91181248213781E-05
2882,-0.000272334141409744
2883,-0.000235205419582284
2884,0.00170527074126376
2885,0.00579162676590942
2886,0.0102014051497804
2887,0.0125514641432407
2888,0.012157939879526
2889,0.0104551934509167
2890,0.00922260427909822
2891,0.00884468502776137
2892,0.00840486264612428
2893,0.00700075171141049
2894,0.00459572358226365
2895,0.00184239821296225
2896,-0.000525878014933786
2897,-0.00219195654795138
2898,-0.0034302607406482
2899,-0.00472712361179474
2900,-0.00604083657904532
2901,-0.00669999940383487
2902,-0.00649521027334635
2903,-0.00668678420406376
2904,-0.00911804624511452
2905,-0.0139467311055691
2906,-0.0188293010078065
2907,-0.0210145403083947
2908,-0.0200559780836364
2909,-0.0178979784800015
2910,-0.0164231055420577
2911,-0.0156348581561297
2912,-0.0143931235645199
2913,-0.012182289292395
2914,-0.00956501183290105
2915,-0.00727373015087529
2916,-0.00551785743705733
2917,-0.00413901762867341
2918,-0.0029299613516326
2919,-0.00173704251388451
2920,-0.000646023949566961
2921,-8.26696534043749E-05
2922,-0.000226412731932497
2923,-0.000185257150313786
2924,0.00161334231504941
2925,0.00564122284450055
2926,0.0101778729729411
2927,0.012667450986871
2928,0.0122313259656858
2929,0.0103702460855167
2930,0.00909524393715749
2931,0.0088535798230467
2932,0.00853480412611107
2933,0.00706812928196715
2934,0.00451433967421508
2935,0.00174302989574661
2936,-0.000488260456865105
2937,-0.00205604161226066
2938,-0.00335902672803609
2939,-0.0047670610989103
2940,-0.00606079245316607
2941,-0.00657930851357294
2942,-0.00627069728513696
2943,-0.0064624083686961
2944,-0.008909739378919
2945,-0.013707883942531
2946,-0.018594352646109
2947,-0.0209102271420379
2948,-0.020144604197055
2949,-0.0180813688320798
2950,-0.0165456200384914
2951,-0.0156339828589241
2952,-0.0143003140715009
2953,-0.0120157194923965
2954,-0.00929803348104274
2955,-0.00691545519438691
2956,-0.00516286752984587
2957,-0.00389762850075542
2958,-0.00282823300247335
2959,-0.00171119775140696
2960,-0.000624515539803943
2961,-5.08659155499321E-05
2962,-0.00021666065907298
2963,-0.000227511426113479
2964,0.00152165304707814
2965,0.00553001200216298
2966,0.0100818756728391
2967,0.0126059192073233
2968,0.012198504443349
2969,0.0103383835294014
2970,0.00903462343887133
2971,0.00876603912223204
2972,0.00847461752900098
2973,0.00711197536324262
2974,0.00468519767276249
2975,0.00196492074312492
2976,-0.000332631519284312
2977,-0.00201019554518162
2978,-0.00335906209871846
2979,-0.00474337370735557
2980,-0.00604918393383472
2981,-0.00668278539771605
2982,-0.00650821348540405
2983,-0.00671088811746117
2984,-0.00903930803749873
2985,-0.0137455896940875
2986,-0.0186894115482232
2987,-0.0211280733079388
2988,-0.0203619203275166
2989,-0.0181411216059695
2990,-0.0164833063673088
2991,-0.0156684734851695
2992,-0.0145774073962956
2993,-0.0124267504999501
2994,-0.00961252590836955
2995,-0.00705907320043522
2996,-0.00528053096294729
2997,-0.00412711409637745
2998,-0.00309137066077419
2999,-0.00179773579909637
3000,-0.000457914688618675
3001,0.000195252250859215
3002,-0.00015524622729445
3003,-0.000469480948709985
3004,0.00107474849752844
3005,0.0050799315665421
3006,0.00978303243838682
3007,0.0124948486655092
3008,0.012211370416166
3009,0.0103778052148818
3010,0.00904083686910615
3011,0.00874496312856335
3012,0.00846366759868984
3013,0.00712459852364553
3014,0.00469792553325275
3015,0.00195490032259113
3016,-0.000351862576461673
3017,-0.00199659352901249
3018,-0.00328137391732844
3019,-0.00461169760735635
3020,-0.0059100167880583
3021,-0.00658006604293438
3022,-0.00644001428000183
3023,-0.00662553165884766
3024,-0.00888555901785945
3025,-0.0135303213603196
3026,-0.0184804521128975
3027,-0.0209992906423952
3028,-0.0203381822422492
3029,-0.0181867319298957
3030,-0.0165280370384898
3031,-0.0156535586761393
3032,-0.0145119670911204
3033,-0.0124084414064972
3034,-0.00975000470773231
3035,-0.00733202932010631
3036,-0.00550542028257046
3037,-0.00413097808252067
3038,-0.00293127465057678
3039,-0.00173487944018432
3040,-0.000654996429324217
3041,-9.44413076887406E-05
3042,-0.000205151603280258
3043,-0.000190138685291355
3044,0.00137659400436726
3045,0.00502380731424587
3046,0.00934036078800227
3047,0.0120011086554761
3048,0.0119640141723037
3049,0.0103298898736512
3050,0.00894851693162268
3051,0.00852722606375082
3052,0.00828954818494786
3053,0.00714777013219123
3054,0.00482897899165683
3055,0.00196976327764146
3056,-0.000541571809236275
3057,-0.00227268653546484
3058,-0.00350014247188963
3059,-0.00476156784604939
3060,-0.00605520867082751
3061,-0.00671482388348568
3062,-0.00646805308870242
3063,-0.00647320219513118
3064,-0.00858331574554837
3065,-0.0131710821150082
3066,-0.0181316940097372
3067,-0.0206787931153761
3068,-0.0200580801050044
3069,-0.0179897159964645
3070,-0.0164651457606548
3071,-0.0157288299745159
3072,-0.0146570582579485
3073,-0.0125230690128366
3074,-0.00977988628749745
3075,-0.00731155372060614
3076,-0.00551672608024086
3077,-0.00421491681088152
3078,-0.00304204201024474
3079,-0.0017924116767972
3080,-0.000643784996389529
3081,-9.80557046557665E-05
3082,-0.000323084628408474
3083,-0.000415062247920282
3084,0.00118034805070908
3085,0.0049942956007366
3086,0.00946957831082335
3087,0.0121337602383609
3088,0.0119512011285524
3089,0.010165027385438
3090,0.00873650992570328
3091,0.00834994478139557
3092,0.00814487559437632
3093,0.00701261557278881
3094,0.00472487287751196
3095,0.00193642655773471
3096,-0.000502550496092826
3097,-0.00218619472636026
3098,-0.00336811548040968
3099,-0.0045753552009192
3100,-0.00586212140939215
3101,-0.00662411962074449
3102,-0.00655994080277306
3103,-0.0067230440596001
3104,-0.00890400329686863
3105,-0.0135166161627187
3106,-0.0185252465224021
3107,-0.0211361248407575
3108,-0.0205168915883649
3109,-0.0183411870575616
3110,-0.0166525604450235
3111,-0.0158021200642905
3112,-0.0147273913121922
3113,-0.0126648802401878
3114,-0.00997473907286664
3115,-0.00748609958678952
3116,-0.0056393574347733
3117,-0.00435197525980543
3118,-0.0033018929988087
3119,-0.00219971974454596
3120,-0.00107805960287232
3121,-0.000382177278494564
3122,-0.000384383903649313
3123,-0.000344337711955658
3124,0.00124420399001371
3125,0.00502536994332271
3126,0.0095753131087352
3127,0.0124163478857477
3128,0.0123864232643005
3129,0.0106364446134802
3130,0.009154337789939
3131,0.00868893408336924
3132,0.00838239352767739
3133,0.00710536413668956
3134,0.00468561222936577
3135,0.00187976997374057
3136,-0.000458209910928897
3137,-0.00205318598014089
3138,-0.00326706920235103
3139,-0.00457414074898622
3140,-0.00589621612654943
3141,-0.00659997641268269
3142,-0.00647520299547421
3143,-0.00662781222162751
3144,-0.00878332115681115
3145,-0.0132969064760388
3146,-0.0182085000222961
3147,-0.0208550866561833
3148,-0.0204070740199427
3149,-0.018386083596168
3150,-0.0167001839198434
3151,-0.0157263897027598
3152,-0.014538178004256
3153,-0.0124606329129341
3154,-0.0098242679013101
3155,-0.00737403309863863
3156,-0.0055021551216695
3157,-0.00413502276422234
3158,-0.0029821359318407
3159,-0.00178570692122105
3160,-0.000620767698486551
3161,1.78044564047473E-05
3162,-0.000146076696550459
3163,-0.000285767937738389
3164,0.00122465805804976
3165,0.00505306481331879
3166,0.00966593190301504
3167,0.0124786468255042
3168,0.0123708694102762
3169,0.010627593379414
3170,0.00926533563983899
3171,0.00890209169395675
3172,0.00857085915709267
3173,0.00720746092948527
3174,0.00477354015698919
3175,0.00202767353820818
3176,-0.000295712543868171
3177,-0.00196688940546665
3178,-0.00325652808168478
3179,-0.00457311624512503
3180,-0.00590672864144615
3181,-0.00669274678452998
3182,-0.00663785185511207
3183,-0.00671883951006966
3184,-0.00871055735717579
3185,-0.0131754469324282
3186,-0.0182413304771793
3187,-0.021072944014234
3188,-0.0206238697291613
3189,-0.0184383512166138
3190,-0.0166534597761463
3191,-0.0157856734298462
3192,-0.0147966062497892
3193,-0.0128084063329556
3194,-0.0101061353355644
3195,-0.00757634885385996
3196,-0.00574763722099119
3197,-0.00451578144301508
3198,-0.00343867311384482
3199,-0.0021662315602618
3200,-0.000845824447059368
3201,-0.000128393707944645
3202,-0.000358194864062413
3203,-0.00062064917149987
3204,0.00084684043989811
3205,0.00474923681732713
3206,0.00947239188475235
3207,0.0123410789900609
3208,0.0122175060867475
3209,0.0104220156947169
3210,0.00901245026392767
3211,0.00865092529737489
3212,0.00841234953998637
3213,0.00722299013215841
3214,0.00495969312762391
3215,0.00229179769685275
3216,-5.13978502038026E-05
3217,-0.00177728637702906
3218,-0.00311191273630848
3219,-0.00446072383952264
3220,-0.00579900696700461
3221,-0.00652912753229194
3222,-0.00637465273274988
3223,-0.0063909325862967
3224,-0.00839249291826937
3225,-0.0128786512035103
3226,-0.01790768441321
3227,-0.0206943970873168
3228,-0.0203135253393107
3229,-0.0183220361866493
3230,-0.0167037218570043
3231,-0.0158158036945023
3232,-0.014634846993849
3233,-0.0124518494295583
3234,-0.00969349792541364
3235,-0.00723608313027973
3236,-0.00549955032927427
3237,-0.00431319862877521
3238,-0.0032674298710868
3239,-0.00205980949998688
3240,-0.000800800855718141
3241,-5.95291862275088E-05
3242,-0.000202869164646024
3243,-0.000477165993951445
3244,0.000772808953563837
3245,0.00438883873107478
3246,0.00902742769220306
3247,0.0120945474135334
3248,0.012233623118115
3249,0.010517960790818
3250,0.00902213161336799
3251,0.00861043347498411
3252,0.00844279572266639
3253,0.0073239311972942
3254,0.0050118606937093
3255,0.0022236390874962
3256,-0.000189490213518992
3257,-0.00189359653034858
3258,-0.0031562941524188
3259,-0.00443246213637269
3260,-0.0057479720217307
3261,-0.00655279871174371
3262,-0.00653375600276181
3263,-0.00660455133883337
3264,-0.00849814747903298
3265,-0.0128440296634898
3266,-0.0179049106097163
3267,-0.0208829310135203
3268,-0.020602119822431
3269,-0.0184574479633633
3270,-0.016595731567607
3271,-0.0156713151822828
3272,-0.0147259872683587
3273,-0.012819993701319
3274,-0.0101397079437449
3275,-0.00755572058759927
3276,-0.00565319839840497
3277,-0.00438247292998095
3278,-0.00332613730277165
3279,-0.0021300472521358
3280,-0.000891160451622542
3281,-0.000180528161206829
3282,-0.000328973844206127
3283,-0.000535012320103341
3284,0.000834245334087426
3285,0.0045171023729806
3286,0.00909894342958443
3287,0.0120559448864678
3288,0.0121794412441259
3289,0.0105783499494551
3290,0.00918099466226297
3291,0.0086961582950219
3292,0.00832298304531454
3293,0.00705727108014806
3294,0.00476428923818719
3295,0.00207796246787973
3296,-0.000271497247293082
3297,-0.0019422555515708
3298,-0.00312529892956043
3299,-0.0042968330571195
3300,-0.0055970367893646
3301,-0.00650964995640862
3302,-0.00660271993101007
3303,-0.00666479825101009
3304,-0.00845169687223212
3305,-0.0127153107994921
3306,-0.0177802526008997
3307,-0.0208072106938113
3308,-0.0205711534807432
3309,-0.0184656492646308
3310,-0.0166302916771882
3311,-0.0156755584491946
3312,-0.0146362817434545
3313,-0.012655399754222
3314,-0.010002513187032
3315,-0.00751009419686933
3316,-0.00564421899522773
3317,-0.00431832401963359
3318,-0.00320682576510441
3319,-0.00203187057301945
3320,-0.000837480935905536
3321,-0.000111575230994305
3322,-0.00022674771156538
3323,-0.000495901925887489
3324,0.000728256422573704
3325,0.00436013953890925
3326,0.00909534587596857
3327,0.0122764363137494
3328,0.0124615629604916
3329,0.0107147019727743
3330,0.00915560867518331
3331,0.00868030920697754
3332,0.00847229467605725
3333,0.00737782820746906
3334,0.00516548529708487
3335,0.00247714526873268
3336,7.08544762279972E-05
3337,-0.00170867003387997
3338,-0.00303024280435812
3339,-0.00430834254177617
3340,-0.00563942869319204
3341,-0.00652502815531936
3342,-0.00657210824896004
3343,-0.00657281455607546
3344,-0.00827067695221229
3345,-0.0124507411630295
3346,-0.0175165729649888
3347,-0.0206718050425743
3348,-0.0206323766423623
3349,-0.0186726093523987
3350,-0.0168691586606386
3351,-0.0158873163346408
3352,-0.0148592439871006
3353,-0.0129356050648405
3354,-0.0102849937310434
3355,-0.00767048944819786
3356,-0.00564616337795949
3357,-0.00429108667153284
3358,-0.00330779027914545
3359,-0.00224262798046104
3360,-0.000964822142304624
3361,-2.18593321015169E-05
3362,-2.63807302926459E-05
3363,-0.000421037663895777
3364,0.000579068518572588
3365,0.00411565856587597
3366,0.00893034895906451
3367,0.0122131613167975
3368,0.0123981054828208
3369,0.0105996997879417
3370,0.0090536815495118
3371,0.00866533375269126
3372,0.00853137343305958
3373,0.00745798617571567
3374,0.0052596375169026
3375,0.00259896396781072
3376,0.000170755402820072
3377,-0.00172251013155849
3378,-0.00316530827027235
3379,-0.00444348842980759
3380,-0.00565455240737405
3381,-0.00644175028932307
3382,-0.0065156415544839
3383,-0.00661343228324649
3384,-0.00836003287779665
3385,-0.0125132729962896
3386,-0.0175386865487215
3387,-0.0206756152189952
3388,-0.0206195486131596
3389,-0.0186446236123619
3390,-0.0168665934011962
3391,-0.0159444218811579
3392,-0.0149335879792317
3393,-0.012950296128902
3394,-0.0102480988471923
3395,-0.00768320031882807
3396,-0.00575988465522746
3397,-0.00441715272521279
3398,-0.0033297024239031
3399,-0.00218256237723475
3400,-0.000961686008633058
3401,-0.000142992841431411
3402,-0.000171109479594382
3403,-0.000443497377406522
3404,0.000699822039559117
3405,0.00427534238893004
3406,0.00904242022659227
3407,0.0122990088856586
3408,0.0125313513381676
3409,0.0108037477360766
3410,0.0092794247957002
3411,0.00885039963660576
3412,0.0086535806138486
3413,0.00753271002465527
3414,0.00531056508513405
3415,0.00264927168213171
3416,0.000252065554518313
3417,-0.00157759054603565
3418,-0.00295417673623158
3419,-0.00420653522463852
3420,-0.00544176502529672
3421,-0.00626762375992533
3422,-0.00635537363007068
3423,-0.0064365536659221
3424,-0.00815451878533984
3425,-0.0122859137538347
3426,-0.0173170940326091
3427,-0.0205028731829504
3428,-0.0205101946671082
3429,-0.0185377491754488
3430,-0.0166665600334289
3431,-0.0156381630561354
3432,-0.0146312036335892
3433,-0.0127633596022524
3434,-0.0101514909237966
3435,-0.00755616437385593
3436,-0.00555463235719148
3437,-0.00421477301666521
3438,-0.00320598642391279
3439,-0.00208532495990191
3440,-0.00077453733528674
3441,0.000167008725848702
3442,0.000181240085420697
3443,-0.000148251054441625
3444,0.000888973068064334
3445,0.00434899922787856
3446,0.00901540984031687
3447,0.0122185411437263
3448,0.0124507428571567
3449,0.0107295693037182
3450,0.00918529586667647
3451,0.00875696349642062
3452,0.00864097764665273
3453,0.0076351194713853
3454,0.00544309636715596
3455,0.00269706550940162
3456,0.000209965036361388
3457,-0.00161524783807521
3458,-0.00293418085334523
3459,-0.00417846080030535
3460,-0.00545902105162835
3461,-0.00628753410951104
3462,-0.00628757253521588
3463,-0.00626259100484233
3464,-0.00795053110722539
3465,-0.0121362235309533
3466,-0.0172460293295303
3467,-0.0204910380545144
3468,-0.0205320164328983
3469,-0.0185609697014434
3470,-0.0166454454374543
3471,-0.015545770773126
3472,-0.0144989172716961
3473,-0.0126606865930403
3474,-0.0101112036263135
3475,-0.00752878728756799
3476,-0.00545817173617769
3477,-0.00403934815875461
3478,-0.00305597962364497
3479,-0.00209161801855161
3480,-0.000953915298613116
3481,-5.39387215792476E-05
3482,7.03664519573479E-05
3483,-0.000132522106275759
3484,0.000910213906268005
3485,0.0042694026476152
3486,0.00886840261142452
3487,0.012135558360078
3488,0.0125202384989629
3489,0.0109216254629576
3490,0.00939732128698646
3491,0.00889831462980745
3492,0.00867906796459865
3493,0.00760248471659417
3494,0.00542057351706308
3495,0.00276347687359819
3496,0.000379982104392024
3497,-0.00139595411634397
3498,-0.00272279616868815
3499,-0.00398657203169438
3500,-0.00528946901667252
3501,-0.00618616896616393
3502,-0.00630112110137356
3503,-0.00634717940772582
3504,-0.00798618693188968
3505,-0.0120673682467867
3506,-0.0171648863530337
3507,-0.020533824716305
3508,-0.0207200384763725
3509,-0.0188021491763813
3510,-0.0168802839900575
3511,-0.0158182035592818
3512,-0.0148602534018619
3513,-0.0130693861147894
3514,-0.010481128795348
3515,-0.00783766484859026
3516,-0.00574417937811371
3517,-0.00430573149601946
3518,-0.00325019984604942
3519,-0.00219286658079621
3520,-0.00102463577565899
3521,-0.000173893600391671
3522,-0.000119757296691037
3523,-0.000374360763332399
3524,0.000623878023493942
3525,0.00395592007935774
3526,0.0085998470624736
3527,0.0119910796870463
3528,0.0124846328096978
3529,0.0108887848286989
3530,0.0093000101604064
3531,0.00879051154940559
3532,0.00865171643072798
3533,0.00764564980880544
3534,0.00541759418957198
3535,0.00261765804377384
3536,0.000110343276177406
3537,-0.00169198241444291
3538,-0.00297550582207658
3539,-0.00421049886574226
3540,-0.00554684200021397
3541,-0.00650280516452812
3542,-0.00661698021811779
3543,-0.00655977332684078
3544,-0.00805790593449522
3545,-0.0120782943918786
3546,-0.0172310476444058
3547,-0.0206747204555236
3548,-0.0208419111440314
3549,-0.0188224026592505
3550,-0.0168307897886832
3551,-0.0157960126859229
3552,-0.014904237954204
3553,-0.0131350264927359
3554,-0.0105365663356919
3555,-0.00793565064460138
3556,-0.00596576122561393
3557,-0.00464635638224507
3558,-0.00359052485859247
3559,-0.00239930213147573
3560,-0.00108285461890473
3561,-0.000217057111509231
3562,-0.000304462426955611
3563,-0.000714441730757061
3564,0.000284841735260369
3565,0.00378456133445223
3566,0.00859997027019001
3567,0.0120246501827849
3568,0.0124529123223689
3569,0.0108276730689801
3570,0.00927478628483678
3571,0.00877124030117146
3572,0.0085754985275386
3573,0.00757313692070116
3574,0.00551861620600868
3575,0.00295854441572701
3576,0.000526271273357175
3577,-0.00144108230212665
3578,-0.00294761167569134
3579,-0.00424371801714896
3580,-0.00547194609787031
3581,-0.00632118812555274
3582,-0.00643689897630146
3583,-0.00641416411154731
3584,-0.00785728755952211
3585,-0.0117472289675042
3586,-0.016834584099908
3587,-0.0203667474789715
3588,-0.0206980536456333
3589,-0.0187602830059551
3590,-0.0167116817885228
3591,-0.015584920881294
3592,-0.0146997351687959
3593,-0.013034175638476
3594,-0.0104978798213865
3595,-0.00780819747439705
3596,-0.00565896391499935
3597,-0.00424691129795393
3598,-0.00328855417520857
3599,-0.00229639922118576
3600,-0.0010867865299868
3601,-0.000136987281815959
3602,-5.14897853132684E-05
3603,-0.000396986752661037
3604,0.000479423444317549
3605,0.00380437304485723
3606,0.00860185054449711
3607,0.0122077475880359
3608,0.0128292790476594
3609,0.0112032144113669
3610,0.00947613784005125
3611,0.00884655165940644
3612,0.008715372850141
3613,0.0078519461666763
3614,0.00579544170399296
3615,0.00306884176503862
3616,0.000507321765003045
3617,-0.00139661778250968
3618,-0.00274795234155653
3619,-0.00402208230324877
3620,-0.00541781264897335
3621,-0.00644703980468911
3622,-0.00657745980357851
3623,-0.0064361555328786
3624,-0.00779846131050236
3625,-0.0117287199072015
3626,-0.0168926849111272
3627,-0.0204229954909102
3628,-0.0206833587367701
3629,-0.0187218678945516
3630,-0.01677633542034
3631,-0.0158266888211298
3632,-0.0150555936607107
3633,-0.0133543082924722
3634,-0.0106820698415858
3635,-0.00789142449702495
3636,-0.0057520138391549
3637,-0.00439438275954152
3638,-0.00341048561004229
3639,-0.00228942377635836
3640,-0.000957981536876503
3641,2.97245163275718E-06
3642,2.04160041235182E-05
3643,-0.000361863279758122
3644,0.000541103182036054
3645,0.00387077856151478
3646,0.0085746693883258
3647,0.0120309964962573
3648,0.0125597314710717
3649,0.010949976912092
3650,0.00929579600400663
3651,0.00871464960089495
3652,0.00858747729961431
3653,0.0077321532917017
3654,0.00573910703265669
3655,0.00312176701168104
3656,0.000644514854985349
3657,-0.00126469700887901
3658,-0.00270053478054155
3659,-0.00406224607570229
3660,-0.00548814390548065
3661,-0.00649769141337147
3662,-0.00659607491254829
3663,-0.00641240393874081
3664,-0.00769606228154332
3665,-0.0115232150853723
3666,-0.0166292023506777
3667,-0.0202109586409079
3668,-0.0206186202096552
3669,-0.0188055537634585
3670,-0.0169038446136231
3671,-0.0158689297092712
3672,-0.0149835989310822
3673,-0.0132905319859548
3674,-0.0107923061899608
3675,-0.00819870734424806
3676,-0.00608984832528683
3677,-0.00458801602331142
3678,-0.00347887363513138
3679,-0.00240083899195841
3680,-0.00119002950987781
3681,-0.000229353459848143
3682,-7.2115440586415E-05
3683,-0.000368149996584432
3684,0.000429701675539719
3685,0.00357574431659109
3686,0.00823526807309493
3687,0.0118362936413317
3688,0.012543497253252
3689,0.0109937368681413
3690,0.00928196423762209
3691,0.00861670938989881
3692,0.00843614550999679
3693,0.00756128465977321
3694,0.00557433788310717
3695,0.00297161297622425
3696,0.000487221210965767
3697,-0.00144769863820504
3698,-0.00286520990734364
3699,-0.00413106783466513
3700,-0.0054753094189138
3701,-0.00655031218143282
3702,-0.00682909092817807
3703,-0.00672186333636694
3704,-0.00784105452521866
3705,-0.0114313289183167
3706,-0.0165260095197752
3707,-0.0203534629464634
3708,-0.0209566705237937
3709,-0.0190419645692118
3710,-0.0168980837082622
3711,-0.0158360851213024
3712,-0.0152018884018136
3713,-0.0137165985552482
3714,-0.0111187669770012
3715,-0.00826618451086135
3716,-0.00607590118240104
3717,-0.00473388264642708
3718,-0.00376953381300109
3719,-0.00263618161216443
3720,-0.0012901513614367
3721,-0.000312767757507005
3722,-0.000237748753830318
3723,-0.000551292109716142
3724,0.00032371707697192
3725,0.00351046335919373
3726,0.00812047507846592
3727,0.0117034054059894
3728,0.012520270551292
3729,0.0111071319433383
3730,0.00939927932968782
3731,0.00862316695779516
3732,0.00838259846383948
3733,0.00756267276823046
3734,0.00561590189455974
3735,0.00291752433877359
3736,0.000283335092766022
3737,-0.00166797669771356
3738,-0.00292640307143149
3739,-0.00401556290271351
3740,-0.0053173638387879
3741,-0.00645282236117081
3742,-0.00675943338102465
3743,-0.00660537970164237
3744,-0.00769213500805015
3745,-0.0113347928782648
3746,-0.0165182809616573
3747,-0.0203927215691935
3748,-0.021015607169259
3749,-0.0191561689912791
3750,-0.017073477017046
3751,-0.0159575482728401
3752,-0.0151176658828922
3753,-0.0134200054728521
3754,-0.0107784242652426
3755,-0.00804636547414033
3756,-0.00597795479401254
3757,-0.00465480826283422
3758,-0.00366186205851114
3759,-0.00253150893918307
3760,-0.00119109589081616
3761,-0.000168859606891102
3762,-6.20000836496674E-05
3763,-0.000462488381861838
3764,0.000260734275194913
3765,0.00343015160288158
3766,0.00822827771466883
3767,0.0120038893513469
3768,0.012788354666465
3769,0.0111768434848499
3770,0.00937970346393687
3771,0.00873442119835433
3772,0.00864635644589593
3773,0.00779104948969717
3774,0.00569967142345912
3775,0.00297525273071626
3776,0.000454260368746832
3777,-0.0014609999580632
3778,-0.00287427731501663
3779,-0.00412955112931909
3780,-0.00538530166503481
3781,-0.00631560611242444
3782,-0.00651216470643454
3783,-0.00645400922612207
3784,-0.00769497766329072
3785,-0.0113857242310532
3786,-0.0165417403570899
3787,-0.0204357579350384
3788,-0.0211321963379225
3789,-0.0193028955507799
3790,-0.0171796789434188
3791,-0.0160428973561697
3792,-0.0152723673413555
3793,-0.0136888568695024
3794,-0.0111176084512293
3795,-0.00837778078692171
3796,-0.00623010666264782
3797,-0.00475705269577628
3798,-0.00357250189562589
3799,-0.00230917786585863
3800,-0.000994501937715415
3801,-0.000136716324587025
3802,-0.000202578623068065
3803,-0.000686695136393936
3804,2.43844864580422E-05
3805,0.00319861962013933
3806,0.00802382681509783
3807,0.011882030981583
3808,0.0127777441861712
3809,0.011235035730825
3810,0.00944546504462859
3811,0.00879243757893567
3812,0.00869776310002438
3813,0.00778920856088522
3814,0.00558779803682909
3815,0.00279904794536885
3816,0.000362293280145282
3817,-0.00138307726241878
3818,-0.00273072150364437
3819,-0.00410723703522013
3820,-0.00553066618399669
3821,-0.00648925813021712
3822,-0.00657860595142047
3823,-0.0064387311722505
3824,-0.00770065543644327
3825,-0.0114156644135374
3826,-0.0165068727841588
3827,-0.0203292307733037
3828,-0.0210877345624789
3829,-0.0194221522668885
3830,-0.0173726997179493
3831,-0.0161252880089984
3832,-0.0151932057988332
3833,-0.0135728457143635
3834,-0.0110778560795381
3835,-0.00838365516482026
3836,-0.00620761365175106
3837,-0.00473995657433104
3838,-0.0036607787512913
3839,-0.00250457648991952
3840,-0.00117082905346904
3841,-0.000187022812565807
3842,-0.000144078652441462
3843,-0.000600148928642001
3844,7.84455313277976E-05
3845,0.00315299063078556
3846,0.00777388385296582
3847,0.0113917632482044
3848,0.0122056060460881
3849,0.0108503364374293
3850,0.00937863588667835
3851,0.00892865510648884
3852,0.00885028278222743
3853,0.00790852253405941
3854,0.00573609549438261
3855,0.00297626528270838
3856,0.000470241909681581
3857,-0.00139301944372668
3858,-0.00277370604054663
3859,-0.00409020283704334
3860,-0.00550115042593041
3861,-0.00657110809762707
3862,-0.00676956683874803
3863,-0.00656326729235388
3864,-0.00761144520498716
3865,-0.0111923490979975
3866,-0.0163848224421136
3867,-0.0204343009445837
3868,-0.0213044338881416
3869,-0.0195520652040398
3870,-0.0173727051066312
3871,-0.0161289516227204
3872,-0.0153140736876175
3873,-0.0137623483571095
3874,-0.0112087216987141
3875,-0.00841534569119121
3876,-0.00620805002135844
3877,-0.00476619685691591
3878,-0.00368571005439016
3879,-0.00247157329364866
3880,-0.00106937194081664
3881,-5.68853364417501E-05
3882,-4.98031714573523E-05
3883,-0.000619948313832066
3884,-9.98395586521644E-05
3885,0.00289640132270709
3886,0.00764345504020338
3887,0.0115396453859168
3888,0.0125488288742504
3889,0.0111292714569267
3890,0.00942090283357209
3891,0.00880736011292638
3892,0.00875903279183912
3893,0.00793517402156016
3894,0.00580816732334466
3895,0.00298911533550132
3896,0.000402578520993719
3897,-0.00148525585401554
3898,-0.00281908527426077
3899,-0.00404051087900643
3900,-0.00534921146743875
3901,-0.00635597403009044
3902,-0.00654678622617006
3903,-0.00635598028510365
3904,-0.00740214594166236
3905,-0.0109595848841721
3906,-0.0161175461270409
3907,-0.0201059684615337
3908,-0.020877369908511
3909,-0.0190414396349089
3910,-0.0168795863579869
3911,-0.0157674768679753
3912,-0.0151113843755339
3913,-0.013658091911068
3914,-0.0111383842283102
3915,-0.00835314261327112
3916,-0.00613688683957083
3917,-0.00466806609118718
3918,-0.00358867974392667
3919,-0.00245504875573444
3920,-0.00117050357222202
3921,-0.000196657864712726
3922,-0.000107846770010473
3923,-0.0005757535623625
3924,-3.85626305026012E-05
3925,0.00293048358737564
3926,0.00772992910093208
3927,0.0117647796714221
3928,0.0128505135794686
3929,0.0113438351507271
3930,0.00948667945972795
3931,0.00883827517913618
3932,0.00887477052315504
3933,0.00808975600575594
3934,0.00587214273378066
3935,0.0029689654767156
3936,0.000462140183149984
3937,-0.00125880471552706
3938,-0.00257306172112931
3939,-0.00399254938348687
3940,-0.00551310473936486
3941,-0.00653838478486605
3942,-0.00660965321689973
3943,-0.00636233410460998
3944,-0.00745075427302831
3945,-0.0109904448098653
3946,-0.0160127792823436
3947,-0.0199444989219558
3948,-0.0209296966784394
3949,-0.0194452845790522
3950,-0.0174207163796925
3951,-0.0160882622294464
3952,-0.0151017206493106
3953,-0.0135382404850102
3954,-0.0111537424887184
3955,-0.00849238665376114
3956,-0.00621105898669937
3957,-0.00459924684103467
3958,-0.00351981698243854
3959,-0.00256626150341941
3960,-0.00145628988016062
3961,-0.000468273806028929
3962,-0.000196341840401296
3963,-0.000505193241576985
3964,-4.42336349377795E-06
3965,0.00274459763590032
3966,0.00732971159805107
3967,0.0113561174617886
3968,0.0126573097515647
3969,0.0113882567922601
3970,0.00956218104016826
3971,0.00873686560487816
3972,0.00863789645108803
3973,0.00798055748069133
3974,0.00606837460805366
3975,0.00333478326893265
3976,0.000697217489664369
3977,-0.00125815470699211
3978,-0.00259651119144106
3979,-0.0038032343417727
3980,-0.00516938231892191
3981,-0.00632081673437873
3982,-0.00664716217840246
3983,-0.00645846286229155
3984,-0.00734252782399135
3985,-0.0106861826050075
3986,-0.0157593381213104
3987,-0.0198908436231068
3988,-0.0209549738972427
3989,-0.0193617656364777
3990,-0.0172400438169431
3991,-0.0159889041009684
3992,-0.0151808519965292
3993,-0.0137066572798696
3994,-0.0112839745786955
3995,-0.0085731611905186
3996,-0.00630492370797268
3997,-0.0047113657569279
3998,-0.00358134346564982
3999,-0.00252794067110839
4000,-0.00134038443108535
4001,-0.000331539278306196
4002,-9.17744859319521E-05
4003,-0.00048384212947197
4004,-0.000101156983254596
4005,0.00255634790881868
4006,0.00713919961931886
4007,0.0112432207459638
4008,0.0126333632455974
4009,0.0114223120710117
4010,0.0096353816158055
4011,0.00883982453818717
4012,0.00874077843809905
4013,0.00805306508287273
4014,0.00612422627635686
4015,0.00340635681041324
4016,0.000755635760900167
4017,-0.00130318362089032
4018,-0.00277750237895382
4019,-0.00400989944560187
4020,-0.00524203531537281
4021,-0.00623187756099108
4022,-0.00654106668156987
4023,-0.00648534448718176
4024,-0.00748168117943542
4025,-0.0107740853728144
4026,-0.0156883240896856
4027,-0.0197403248203161
4028,-0.0209009617634124
4029,-0.0194752214615673
4030,-0.0174128134778407
4031,-0.0160711854793583
4032,-0.0151572438891446
4033,-0.0136962841528097
4034,-0.0113761913050317
4035,-0.00872220230877501
4036,-0.00641727006948693
4037,-0.00478661528728227
4038,-0.00369307796374604
4039,-0.00267188206591713
4040,-0.00138828378351333
4041,-0.000184506056737134
4042,0.000176336184686433
4043,-0.000256523133770972
4044,4.07325447046681E-05
4045,0.00271463494481454
4046,0.00736347760902059
4047,0.0113937241808922
4048,0.012531866197787
4049,0.0111112988478884
4050,0.00938830604810582
4051,0.00887861716752983
4052,0.00900355264125274
4053,0.00829402997873345
4054,0.00620521819944873
4055,0.00342172303068223
4056,0.000876764845694705
4057,-0.00103271193012232
4058,-0.00246091920958778
4059,-0.00376919672954515
4060,-0.00512811375029392
4061,-0.00623191713939285
4062,-0.00660159854611253
4063,-0.0065198696185993
4064,-0.00742252166773037
4065,-0.0106558987956386
4066,-0.0156379272344786
4067,-0.0198347662745234
4068,-0.0210623700966309
4069,-0.0195628084396888
4070,-0.0174086873125289
4071,-0.0161066044325163
4072,-0.0153393990079492
4073,-0.013971230554363
4074,-0.0116026530955769
4075,-0.00882969459286644
4076,-0.00643280355381432
4077,-0.00474161937604864
4078,-0.00358851988204193
4079,-0.00254009354819605
4080,-0.0013054138825497
4081,-0.000176747388184902
4082,0.000181753549247119
4083,-0.00018778810472192
4084,0.00011270948360861
4085,0.00267534746864808
4086,0.00724130632267389
4087,0.0114028907564133
4088,0.0128549265139674
4089,0.0116696413211037
4090,0.00989524516486401
4091,0.00913146732424447
4092,0.00907648441894488
4093,0.00841310270813074
4094,0.00646622147502863
4095,0.00368701366989855
4096,0.000957628062315011
4097,-0.00114111624934203
4098,-0.00257228805809511
4099,-0.0037182073872462
4100,-0.0049331824375086
4101,-0.00601939237405788
4102,-0.00641216072483057
4103,-0.00625876575621049
4104,-0.0070154132657591
4105,-0.0101950490946175
4106,-0.0153135434326814
4107,-0.0197260393403286
4108,-0.0210458551699045
4109,-0.0194475935495673
4110,-0.017129795599799
4111,-0.0157584388611876
4112,-0.015046739983292
4113,-0.0137795533821043
4114,-0.0114953936931229
4115,-0.00879328893356045
4116,-0.00646001922671921
4117,-0.00480104275635282
4118,-0.00364674781556071
4119,-0.0026122597500006
4120,-0.00143373442630352
4121,-0.000352302579420906
4122,1.701521663902E-05
4123,-0.000341985880377366
4124,-0.000127633879981257
4125,0.00229867965164444
4126,0.00686390826053809
4127,0.0112312357865961
4128,0.0128925317258711
4129,0.0116605537376354
4130,0.00960703269159465
4131,0.00862414703848488
4132,0.00860337064624027
4133,0.00810757135943238
4134,0.00625108660990427
4135,0.00348668587594646
4136,0.000848823740632329
4137,-0.00107648819542706
4138,-0.00244248873488536
4139,-0.00373505344531465
4140,-0.00514801673999757
4141,-0.00626401851209708
4142,-0.00652731581979316
4143,-0.00628127735869636
4144,-0.00707474335866863
4145,-0.0102970393538844
4146,-0.0153305344428974
4147,-0.0195978373035506
4148,-0.0209019992811234
4149,-0.019482329232966
4150,-0.0173893665349187
4151,-0.0160940784187594
4152,-0.015268181265652
4153,-0.013821768240713
4154,-0.0114385008889761
4155,-0.00875844245362434
4156,-0.00651029598182026
4157,-0.00491950272943825
4158,-0.00376943065857749
4159,-0.00267355993034461
4160,-0.00140956814398941
4161,-0.000278557036801994
4162,8.7325642410761E-05
4163,-0.000267579563003486
4164,2.53238231980651E-05
4165,0.00256300746946009
4166,0.00714059828514148
4167,0.0113742238956927
4168,0.0128930769790092
4169,0.0116767870431274
4170,0.00977003670952284
4171,0.0088763919018773
4172,0.00879942357053469
4173,0.00823070103968448
4174,0.00642465115762052
4175,0.00376642841222531
4176,0.00111331858035199
4177,-0.000966827698827267
4178,-0.00245122768306622
4179,-0.00370251176435433
4180,-0.0050083234313649
4181,-0.00611840941955878
4182,-0.006491777497934
4183,-0.00633832523235855
4184,-0.00711758858389821
4185,-0.0102728792602777
4186,-0.0152862686800795
4187,-0.0195968663756778
4188,-0.0209417501943855
4189,-0.0195073794861769
4190,-0.0173638236080737
4191,-0.0160392807527562
4192,-0.0152271609705159
4193,-0.0137989007094324
4194,-0.0113908597840137
4195,-0.00865154700030587
4196,-0.00636451941385507
4197,-0.00478606956538846
4198,-0.00367626301675359
4199,-0.00262224058011707
4200,-0.00141081169135788
4201,-0.000345455983289636
4202,-1.57642849053384E-05
4203,-0.000348460552378939
4204,-2.82660981401399E-05
4205,0.00246896293868701
4206,0.00697041922087971
4207,0.0112095216716199
4208,0.0128485727926057
4209,0.0117454773174199
4210,0.00981584186907645
4211,0.00878935362884621
4212,0.00860205661125458
4213,0.00801628232587113
4214,0.00624846081538002
4215,0.00362987381903406
4216,0.001006407260502
4217,-0.00105708136575723
4218,-0.00254780109930399
4219,-0.00380836777286241
4220,-0.00508684572228507
4221,-0.00614287637642877
4222,-0.0064919115895369
4223,-0.00634902818691669
4224,-0.00710243390725726
4225,-0.0101711035401549
4226,-0.015141462112731
4227,-0.0195590950542252
4228,-0.0210957422406186
4229,-0.0197500087507455
4230,-0.0175096345676014
4231,-0.0160234988213904
4232,-0.0151552944256359
4233,-0.0138140171518985
4234,-0.0115428581016808
4235,-0.00888597638102429
4236,-0.0065794728970894
4237,-0.00488833727091723
4238,-0.00363739714978236
4239,-0.00250867852757721
4240,-0.00132485540519555
4241,-0.00031134812087887
4242,4.31714349743638E-05
4243,-0.000203457464282512
4244,0.000150008219611101
4245,0.00257639278912847
4246,0.00698044169345447
4247,0.0111721493544964
4248,0.0127758829407453
4249,0.0115917343329048
4250,0.00961646472501962
4251,0.00873982798943083
4252,0.00889568765361879
4253,0.00860150164500371
4254,0.0068300918162454
4255,0.00395598978854887
4256,0.00111112143403053
4257,-0.00094453685464278
4258,-0.00230558277460241
4259,-0.00356379163909547
4260,-0.00504123591255721
4261,-0.0063138590750202
4262,-0.00668430228297717
4263,-0.00636429177114578
4264,-0.00692190142295815
4265,-0.00992304575603013
4266,-0.0149444311001561
4267,-0.0194453241771564
4268,-0.0210586557717225
4269,-0.0197935353033845
4270,-0.0176243417035551
4271,-0.016156975203527
4272,-0.0152448532762132
4273,-0.0138299114871022
4274,-0.0114745762526796
4275,-0.00872057846257166
4276,-0.0063490955149972
4277,-0.00472000243796431
4278,-0.00366503892667396
4279,-0.00269762030985826
4280,-0.00145442010158018
4281,-0.000208938081090756
4282,0.000280951930346198
4283,-0.000104052741135232
4284,-3.53377812242182E-05
4285,0.00221826847853917
4286,0.00664273257931282
4287,0.0109336768038198
4288,0.0126415302106767
4289,0.0116167074734481
4290,0.00983810009214573
4291,0.00900749769277799
4292,0.00893145049837709
4293,0.00830553398696204
4294,0.0064273304336848
4295,0.00374636370777458
4296,0.00113583180447793
4297,-0.000885599935867687
4298,-0.00234802561250081
4299,-0.00362907634904403
4300,-0.00501470606640069
4301,-0.006239476910293
4302,-0.00668851539633829
4303,-0.00645879545630102
4304,-0.00699436235006021
4305,-0.00990767885501747
4306,-0.0148999323715138
4307,-0.0194438795453504
4308,-0.0210831371745629
4309,-0.019794094254185
4310,-0.0176186129811195
4311,-0.0162108322513833
4312,-0.0153842148927239
4313,-0.0140400674147183
4314,-0.0117743740391629
4315,-0.00915915115510438
4316,-0.00690026161931585
4317,-0.00524396699560207
4318,-0.00403917475124756
4319,-0.00296277792545442
4320,-0.00176923060600134
4321,-0.000654635557373257
4322,-0.000206003233914381
4323,-0.0004941658116966
4324,-0.000302763325203567
4325,0.0019990301723705
4326,0.00643448220008966
4327,0.0107853420073677
4328,0.0125896381354163
4329,0.0116063028439093
4330,0.00978582290290014
4331,0.00890151541374842
4332,0.00882086534947125
4333,0.00822113713454736
4334,0.00637265929813904
4335,0.00374457725715076
4336,0.00120079198017628
4337,-0.000838232296021241
4338,-0.00246720931014401
4339,-0.00394121143443341
4340,-0.00533329092997504
4341,-0.00635453115479294
4342,-0.00662527984257112
4343,-0.00645084092212001
4344,-0.00718714395476412
4345,-0.0101837370289935
4346,-0.0150499289732154
4347,-0.0194329311829289
4348,-0.021061266998279
4349,-0.0198809837063135
4350,-0.0177786847210575
4351,-0.0163489490023186
4352,-0.0154726735952327
4353,-0.0140988633626019
4354,-0.0117835765625803
4355,-0.00906125225397638
4356,-0.0066810330104098
4357,-0.00496073914521744
4358,-0.00376314163308629
4359,-0.00272345517154847
4360,-0.00155750168744378
4361,-0.000451995028554286
4362,-6.09944100401391E-06
4363,-0.000321862209908028
4364,-0.000213779333945815
4365,0.00197530746151075
4366,0.00636839989457945
4367,0.0108199467781193
4368,0.0127927124526429
4369,0.011870408148846
4370,0.00993664405876487
4371,0.00891921002739478
4372,0.00889209655261055
4373,0.00852210424108846
4374,0.0068325257616013
4375,0.00409568628682203
4376,0.00127366628614991
4377,-0.000930037156259001
4378,-0.00247725693927728
4379,-0.00378589741046209
4380,-0.00517121653503043
4381,-0.00636919223317604
4382,-0.0067929903643588
4383,-0.00657142085036452
4384,-0.00711841811408242
4385,-0.00998980845775411
4386,-0.0149069881515534
4387,-0.0194338126390715
4388,-0.0211488622961425
4389,-0.0199531337449653
4390,-0.0178052558377196
4391,-0.016364918514698
4392,-0.015495200721697
4393,-0.0141095872466408
4394,-0.0118006448604848
4395,-0.00917964482768352
4396,-0.00698786825753774
4397,-0.00541526146278731
4398,-0.00420731039513435
4399,-0.00303414899674674
4400,-0.00176144619004169
4401,-0.000664284311511315
4402,-0.000279172583384521
4403,-0.000599043579570895
4404,-0.000429212886269797
4405,0.00180087016270565
4406,0.00615824838635075
4407,0.0105370756640175
4408,0.0124678909541455
4409,0.0115470707341925
4410,0.009625112178225
4411,0.00860751888901654
4412,0.00856872345339345
4413,0.00817537213675788
4414,0.00646118441453114
4415,0.00374811509984729
4416,0.00105172343777599
4417,-0.000956429900050788
4418,-0.00236580489089107
4419,-0.00368874230407129
4420,-0.00517984059180517
4421,-0.00642076495659346
4422,-0.00676769257599794
4423,-0.00646205346051443
4424,-0.00704619570503624
4425,-0.0100444922629456
4426,-0.0150358384099684
4427,-0.0195333219650911
4428,-0.0212193833834049
4429,-0.0200838244721586
4430,-0.0180153484674441
4431,-0.0165528871421321
4432,-0.0155867417516863
4433,-0.0141785726385533
4434,-0.0119598070661404
4435,-0.00938746012620361
4436,-0.00707114233181876
4437,-0.00529958712386277
4438,-0.00402910171643942
4439,-0.0029624119039117
4440,-0.00177473528097022
4441,-0.000593435534268615
4442,-4.7676097462651E-05
4443,-0.000327542091176627
4444,-0.000285862981237827
4445,0.00177335139213631
4446,0.00602872178145343
4447,0.0103727046538125
4448,0.0123098586247315
4449,0.0114610487245076
4450,0.00968032946556904
4451,0.0087872940646445
4452,0.00877044242189478
4453,0.00833641300418498
4454,0.00663490517069136
4455,0.00400863398694017
4456,0.00136651263512362
4457,-0.000686094635149654
4458,-0.00215022545694044
4459,-0.0034277285001715
4460,-0.00483557389099822
4461,-0.00613699240858326
4462,-0.00671902118679119
4463,-0.00659543292189557
4464,-0.00707458192269178
4465,-0.00975321610440396
4466,-0.0145356213401245
4467,-0.0191327424883331
4468,-0.0210702741137247
4469,-0.020047049452354
4470,-0.0178950590666852
4471,-0.0163638202820742
4472,-0.0155060741894387
4473,-0.0142850411388476
4474,-0.0121328508502109
4475,-0.00947727099331747
4476,-0.00706900747088409
4477,-0.00528687763414967
4478,-0.00403321940872671
4479,-0.00295043676144091
4480,-0.00175488986294467
4481,-0.000625128898273946
4482,-0.00014360801156018
4483,-0.00043152409792
4484,-0.000376478748493113
4485,0.00163732815373144
4486,0.0058223906717218
4487,0.0101970017515021
4488,0.0122797375540682
4489,0.0115311853726315
4490,0.00968208009591934
4491,0.00865215649213172
4492,0.00862764625616681
4493,0.00834133355932253
4494,0.00676334397339697
4495,0.00408239772105845
4496,0.00124813268552794
4497,-0.000982697792654779
4498,-0.00251824971876544
4499,-0.00376956439096085
4500,-0.00510767819304643
4501,-0.00635243096415152
4502,-0.00692298855350373
4503,-0.00679906405687612
4504,-0.00720465674971514
4505,-0.00971453644419805
4506,-0.0143425944081166
4507,-0.0189321748376513
4508,-0.0210010125061108
4509,-0.0201122834028675
4510,-0.0180068827793872
4511,-0.0164707193054532
4512,-0.015619154364199
4513,-0.0144052153238129
4514,-0.0122282386546971
4515,-0.00954156159834119
4516,-0.00713953283261067
4517,-0.00538021614992417
4518,-0.00410885820888452
4519,-0.00296319159725981
4520,-0.00170140779147817
4521,-0.00051207928745033
4522,3.91312727750206E-05
4523,-0.000205122686243943
4524,-0.00020529050754334
4525,0.00167151806742393
4526,0.00577329148002772
4527,0.0102128574286513
4528,0.0124301567583372
4529,0.0117306721189493
4530,0.00980419472558743
4531,0.00866101655968579
4532,0.0085635850295287
4533,0.00823887238695238
4534,0.00665396420577416
4535,0.00404540949731172
4536,0.00136567569450775
4537,-0.000745551119940041
4538,-0.0023198777701438
4539,-0.00372642581355103
4540,-0.00514964267533571
4541,-0.00629117423006349
4542,-0.0066617517366933
4543,-0.00643832995190814
4544,-0.00693335300569809
4545,-0.00962851155250371
4546,-0.0143924110887694
4547,-0.0190279457750982
4548,-0.0211204638163375
4549,-0.0202809283710986
4550,-0.0182005472254677
4551,-0.0165997967763121
4552,-0.0156382761843026
4553,-0.0143978682942394
4554,-0.0123222980135883
4555,-0.00974371814103537
4556,-0.00731816225275495
4557,-0.00544173333883348
4558,-0.00413813057658973
4559,-0.00312779270910736
4560,-0.00203890306316545
4561,-0.000882400497194879
4562,-0.000219198719803979
4563,-0.000360160464053437
4564,-0.000372194451364263
4565,0.00143010493011364
4566,0.00550809988840772
4567,0.0100095707203157
4568,0.0123194620541264
4569,0.0116789491105881
4570,0.00975776134989122
4571,0.00859311176595864
4572,0.00850360236037308
4573,0.00825607035814531
4574,0.00677797430929806
4575,0.00419401467173039
4576,0.00139377072209955
4577,-0.000890660690411605
4578,-0.00251697027046167
4579,-0.00379588752708131
4580,-0.00504351787880521
4581,-0.00612932975030743
4582,-0.00657536444130235
4583,-0.00642238589632863
4584,-0.00688374051357683
4585,-0.00949664774737536
4586,-0.01425367258871
4587,-0.0189870276985459
4588,-0.0211806076878073
4589,-0.0203384770052021
4590,-0.0181683811321787
4591,-0.0165105547886666
4592,-0.0156032302811187
4593,-0.0144673385327823
4594,-0.0124181031235389
4595,-0.00975602897380831
4596,-0.00725179434220379
4597,-0.00541735912760124
4598,-0.00422572595152178
4599,-0.00322073690199621
4600,-0.00195336439972194
4601,-0.000587949691953575
4602,7.84793277822489E-05
4603,-0.000314797379848444
4604,-0.000625317212717441
4605,0.00109133220756406
4606,0.00535350796065858
4607,0.0101345154464113
4608,0.0126036632369649
4609,0.011932448960727
4610,0.00988152122900475
4611,0.00861584887185386
4612,0.00850698871545131
4613,0.00829249016596242
4614,0.00685236716138839
4615,0.00429530430308001
4616,0.00151630758621209
4617,-0.000758647301130559
4618,-0.00240446596199269
4619,-0.00372891728680439
4620,-0.00501810107388949
4621,-0.00612137380125638
4622,-0.00657888415784563
4623,-0.00645751057777219
4624,-0.00695330081974197
4625,-0.00955022590829273
4626,-0.0142258035269809
4627,-0.0188834931029091
4628,-0.0211112282399218
4629,-0.0204338777904979
4630,-0.0184422446837054
4631,-0.0168073609808503
4632,-0.0157131120335488
4633,-0.0143256409280225
4634,-0.0121890173423481
4635,-0.00968096460793553
4636,-0.00739493124934123
4637,-0.00559245670088949
4638,-0.00421631008679823
4639,-0.0030509731271744
4640,-0.00187274379710718
4641,-0.000764941097217029
4642,-0.000212486295372435
4643,-0.0004030133330471
4644,-0.000379024249507836
4645,0.00145470852621041
4646,0.00547171345116312
4647,0.00983355867049713
4648,0.0120222919735973
4649,0.0113701733500454
4650,0.00956522419942118
4651,0.00858173002131271
4652,0.00863680031348729
4653,0.00843210896455369
4654,0.00692249185448006
4655,0.00432450035227237
4656,0.00158033725016991
4657,-0.000631298138990223
4658,-0.00227171601066476
4659,-0.00368990826491947
4660,-0.00513503095220613
4661,-0.00637144230351399
4662,-0.00686012221264755
4663,-0.00664494065034202
4664,-0.00698251256095216
4665,-0.00946772676840218
4666,-0.0141440343131561
4667,-0.0188695011971342
4668,-0.0211307587962079
4669,-0.0204243657707828
4670,-0.0184242439696813
4671,-0.0168844184116674
4672,-0.0159507372089468
4673,-0.0146611498087218
4674,-0.0124844514847538
4675,-0.00985255903763764
4676,-0.00747229168159902
4677,-0.00566647860065476
4678,-0.00435612299115365
4679,-0.00326255311241925
4680,-0.00209884936023519
4681,-0.000912713086516075
4682,-0.000219384256996202
4683,-0.000313649956163712
4684,-0.000342165899263499
4685,0.00131281738898163
4686,0.00518999438541281
4687,0.00960422270289488
4688,0.0120070601444701
4689,0.0115359906352926
4690,0.00972381153990793
4691,0.00858527482608666
4692,0.00850365756166994
4693,0.00827150103940296
4694,0.00677264966006652
4695,0.0041128895180033
4696,0.00124650915745564
4697,-0.00101449382534125
4698,-0.00253747874635928
4699,-0.00373575197258697
4700,-0.00501636468575275
4701,-0.00622795392419087
4702,-0.00676855362794774
4703,-0.00656602146165215
4704,-0.00684542337315291
4705,-0.00927615986657561
4706,-0.0139782178157785
4707,-0.0187931522503861
4708,-0.0211197291939053
4709,-0.0203974575426004
4710,-0.0183384871696439
4711,-0.0167942653002312
4712,-0.0159717134933617
4713,-0.0148647730375408
4714,-0.0128096977166953
4715,-0.010119959894191
4716,-0.00751469740026989
4717,-0.00547594787865286
4718,-0.00409631791121942
4719,-0.00311213434161064
4720,-0.00208407422261476
4721,-0.000920321279150384
4722,-0.000170890042862617
4723,-0.000275118643377843
4724,-0.000423297438233875
4725,0.00113512029034725
4726,0.00508171765181929
4727,0.00969670189878187
4728,0.0122577610834325
4729,0.0117898994763984
4730,0.00987378880848463
4731,0.00863247366053073
4732,0.00849476880665405
4733,0.00824766964383949
4734,0.00679076220856369
4735,0.00425229332540896
4736,0.00154197265464353
4737,-0.000630125893421696
4738,-0.00218080079505851
4739,-0.00346221692158259
4740,-0.0047922515059857
4741,-0.00601631120057266
4742,-0.00660604033417771
4743,-0.00652245581927173
4744,-0.00691778816940642
4745,-0.00935800443801876
4746,-0.0139572077539875
4747,-0.0186740242591382
4748,-0.0210293659138365
4749,-0.0204505573681328
4750,-0.0184962369504315
4751,-0.0168710222978492
4752,-0.0157984038208961
4753,-0.0144527878588553
4754,-0.0123526393333008
4755,-0.00983469199980276
4756,-0.00747615305380134
4757,-0.00558775679453702
4758,-0.00420019275332219
4759,-0.00312267834858679
4760,-0.00203631920354958
4761,-0.000902362237266014
4762,-0.000214783597027988
4763,-0.000316343927905283
4764,-0.000371589581353347
4765,0.00129681424893206
4766,0.0052906929256601
4767,0.0098993326536961
4768,0.0124680474067958
4769,0.0120423676943509
4770,0.0101517989351453
4771,0.00889010985695517
4772,0.00873794280716557
4773,0.00854082372311189
4774,0.00716330401917078
4775,0.00463705303837316
4776,0.00183722739625751
4777,-0.000455462631776513
4778,-0.0020757331526944
4779,-0.00338107360837258
4780,-0.00476137560680244
4781,-0.00609522535947903
4782,-0.00678440734962733
4783,-0.00667000154509624
4784,-0.00686523314684099
4785,-0.00905805687244456
4786,-0.0135555947392749
4787,-0.018373032120136
4788,-0.0208676225032218
4789,-0.0202760600076977
4790,-0.0181998775413318
4791,-0.0165836920973733
4792,-0.0157558024896308
4793,-0.0146768754714639
4794,-0.0125851827666533
4795,-0.00983777082935228
4796,-0.00730595556041263
4797,-0.00548419253909283
4798,-0.0042651661390956
4799,-0.0032221629895047
4800,-0.00200848625019576
4801,-0.000748626059788368
4802,-5.34649230339855E-05
4803,-0.000246557062541632
4804,-0.000448599399814754
4805,0.00102868230851139
4806,0.00484821435260702
4807,0.00943308289456139
4808,0.0121927739273704
4809,0.0120529796069967
4810,0.0103403293520267
4811,0.00905791864247017
4812,0.0087619472262319
4813,0.00842678019301791
4814,0.00698824918041072
4815,0.00447889195323837
4816,0.00173628999256386
4817,-0.000511590887949617
4818,-0.00213609743408562
4819,-0.00347864374195168
4820,-0.00487132453231844
4821,-0.0061588200182584
4822,-0.00677268159173726
4823,-0.00660673180605842
4824,-0.00678416853707895
4825,-0.00896183794420012
4826,-0.0134430155737217
4827,-0.0183018859652491
4828,-0.0209502139064735
4829,-0.0205673923427433
4830,-0.0185856208530667
4831,-0.016827829434795
4832,-0.0157171712779126
4833,-0.0144820248604401
4834,-0.0125324510310618
4835,-0.010091879983361
4836,-0.00771680073662804
4837,-0.00575595239398284
4838,-0.00429062485950588
4839,-0.00317927220678594
4840,-0.00210313020787938
4841,-0.000936873110645594
4842,-0.000104936807210041
4843,-6.59372337246413E-05
4844,-0.000231301506644579
4845,0.00101438806697804
4846,0.00457274771590479
4847,0.00912003359069496
4848,0.0120447412890399
4849,0.0120555893164436
4850,0.0103590348525242
4851,0.00903925497303181
4852,0.00876025114670511
4853,0.00847534188450253
4854,0.00704148712461069
4855,0.00449381777661189
4856,0.00173763780397151
4857,-0.000480730164038271
4858,-0.00207579320437378
4859,-0.00340730412676387
4860,-0.00478364666700561
4861,-0.00605441367833672
4862,-0.00668887786476201
4863,-0.00656491916080876
4864,-0.00672863568998988
4865,-0.00882366513545269
4866,-0.0132592821429837
4867,-0.0181908012583481
4868,-0.0209465832150294
4869,-0.0205639678550917
4870,-0.0184931703834172
4871,-0.0167260840153242
4872,-0.0157531202828625
4873,-0.0146415798334187
4874,-0.0126202437009118
4875,-0.00997274999987956
4876,-0.00749480304379724
4877,-0.00564043021924751
4878,-0.00432530163562188
4879,-0.00319957344063487
4880,-0.00198049979309601
4881,-0.000783550416000951
4882,-0.000160594668808342
4883,-0.000398699516098394
4884,-0.000629844981679318
4885,0.000819124521657841
4886,0.00462876541915561
4887,0.00924649741913631
4888,0.0120633441405191
4889,0.0119453232804825
4890,0.0101801937169535
4891,0.00881278863385089
4892,0.00850833211645775
4893,0.00832432970199069
4894,0.00715678373691552
4895,0.00488078088105221
4896,0.00218849347902376
4897,-0.000187188482054843
4898,-0.00196647372475411
4899,-0.00334998457542823
4900,-0.00468253550864236
4901,-0.0059406519784237
4902,-0.00663461378865253
4903,-0.00658351120641028
4904,-0.00677776617811564
4905,-0.00885276093536286
4906,-0.0132249909020487
4907,-0.0180655836556776
4908,-0.0207484547634418
4909,-0.0203582700414619
4910,-0.0183352780401389
4911,-0.0166154859383954
4912,-0.0156662325079559
4913,-0.0145885580703498
4914,-0.0126302395478583
4915,-0.0100285552042597
4916,-0.0075275312712419
4917,-0.00561424674561803
4918,-0.0043061236062577
4919,-0.00330491537718475
4920,-0.00224778694896864
4921,-0.00109849528686239
4922,-0.000333537576573748
4923,-0.000328341772738534
4924,-0.000392521320947171
4925,0.00105100978432522
4926,0.00475551401962166
4927,0.0093120154262922
4928,0.012159131311576
4929,0.0120826220794623
4930,0.0102897415885457
4931,0.00884291535518361
4932,0.00846205352761299
4933,0.00819387020841832
4934,0.00688835330896258
4935,0.00445357117223555
4936,0.00169574771238132
4937,-0.000596185162833083
4938,-0.00222363185090076
4939,-0.0035048412155491
4940,-0.00480240714578816
4941,-0.00602813557287709
4942,-0.00666489008955165
4943,-0.00657092486214879
4944,-0.00675267247990518
4945,-0.00879579582961724
4946,-0.0130862865497819
4947,-0.0178577209098679
4948,-0.0205691366826475
4949,-0.0202899110261637
4950,-0.0183534420772526
4951,-0.0166326899704462
4952,-0.0156469397431626
4953,-0.0145749169546902
4954,-0.0126541402665567
4955,-0.010049795738854
4956,-0.00749069541093841
4957,-0.00553491678121858
4958,-0.00425014021403521
4959,-0.00328439745064292
4960,-0.00218855464428416
4961,-0.000941033814471982
4962,-0.000137110663926589
4963,-0.000223644523729562
4964,-0.000424722488703375
4965,0.000995699686422762
4966,0.0048403647611509
4967,0.00958112617387401
4968,0.0124995571984271
4969,0.0123478899457229
4970,0.0104376769102955
4971,0.00895136412050077
4972,0.00863384268419111
4973,0.00846036145744966
4974,0.00719280261564849
4975,0.00471429531783165
4976,0.00188650082697988
4977,-0.000423698105586132
4978,-0.00200510559297042
4979,-0.00324776011348075
4980,-0.00457786001227948
4981,-0.00586379818431452
4982,-0.00648572563817553
4983,-0.00629527523067029
4984,-0.00642545401329475
4985,-0.00854939127652445
4986,-0.0129553626808702
4987,-0.017722355462948
4988,-0.0203463631258953
4989,-0.0201047510864866
4990,-0.0183918892353407
4991,-0.0168367773399103
4992,-0.0157054583259464
4993,-0.0142924182709829
4994,-0.0122204813450775
4995,-0.00982165605120984
4996,-0.0075626700936057
4997,-0.00567479485547841
4998,-0.00425503917595633
4999,-0.00322889599305239
5000,-0.00223418807226306
5001,-0.00103909128296584
5002,-9.16044956397518E-05
5003,-1.50821379884422E-05
5004,-0.000295243496998302
5005,0.000836304794459609
5006,0.00447505208169356
5007,0.0092655639757593
5008,0.0123617569321798
5009,0.0123150244015268
5010,0.0104193372123108
5011,0.0089613020759961
5012,0.00870267400417483
5013,0.00854070173360285
5014,0.00723021291000692
5015,0.00475303820037828
5016,0.00201538073516248
5017,-0.000209936310234827
5018,-0.00180839841743063
5019,-0.00313148024489224
5020,-0.00451061412954984
5021,-0.00581660171187956
5022,-0.00649315292810496
5023,-0.00635847820867729
5024,-0.00643358065952306
5025,-0.00840958932085972
5026,-0.0127725469730811
5027,-0.017715078468927
5028,-0.0205484042737344
5029,-0.0202749387705508
5030,-0.0183177105424189
5031,-0.0166478114062789
5032,-0.0157505988406456
5033,-0.0147207725423828
5034,-0.0128113999365431
5035,-0.0102549253479871
5036,-0.00773670004850479
5037,-0.00569498199694693
5038,-0.00422552133738375
5039,-0.00318836280834764
5040,-0.00224703571259987
5041,-0.00119413023874725
5042,-0.000372829581515296
5043,-0.000275972268498386
5044,-0.00041929792137707
5045,0.000815384572605663
5046,0.00446116488471205
5047,0.00923933074323289
5048,0.012357910795668
5049,0.0123089835857934
5050,0.0103320402728937
5051,0.00877729774674543
5052,0.00850736590905713
5053,0.00842686913508848
5054,0.00722942424250363
5055,0.00487177584995777
5056,0.00226133875855945
5057,0.000113080473446813
5058,-0.00154216101925755
5059,-0.00303053787967085
5060,-0.00454066137987961
5061,-0.00585335172090752
5062,-0.0064805840661728
5063,-0.00634403227136355
5064,-0.00644056572829081
5065,-0.00836120360657179
5066,-0.0126015552088478
5067,-0.0174979805852701
5068,-0.0204508195900752
5069,-0.0203709120625303
5070,-0.0185299653102108
5071,-0.0168722578375836
5072,-0.0159659941286787
5073,-0.014936923176968
5074,-0.0129784218252379
5075,-0.0103084615384746
5076,-0.00771003222312648
5077,-0.0056944560829659
5078,-0.00427606010124998
5079,-0.00318652638892997
5080,-0.00211886592382534
5081,-0.001027378567124
5082,-0.000306286953502104
5083,-0.00030032420586606
5084,-0.000406348165141608
5085,0.000875449757067027
5086,0.00438154441195118
5087,0.00887676175196965
5088,0.0118413913934135
5089,0.0119056625643726
5090,0.0101201032258067
5091,0.00858834857117012
5092,0.00821100029343183
5093,0.00812679392269736
5094,0.00708397329509961
5095,0.00482362393734204
5096,0.00209607132127584
5097,-0.000234754845294492
5098,-0.00188755053544013
5099,-0.00318388588530088
5100,-0.00453647664280339
5101,-0.00585122086853238
5102,-0.00652642647716847
5103,-0.00635312618031339
5104,-0.00638544161795134
5105,-0.00833845297875247
5106,-0.0126759799143982
5107,-0.0175905547082604
5108,-0.0204570846348293
5109,-0.0203155986759522
5110,-0.0185031346973571
5111,-0.0168537121759409
5112,-0.0158393558438703
5113,-0.0147005988002053
5114,-0.0128247497632321
5115,-0.0104102091747325
5116,-0.00799519588613559
5117,-0.00593642472832237
5118,-0.00438598228216435
5119,-0.00330285631054474
5120,-0.00237302883858899
5121,-0.00132349833838027
5122,-0.000431408450787599
5123,-0.000217938443324317
5124,-0.000330226139495205
5125,0.000735791466024059
5126,0.0040827040733066
5127,0.0086928454541679
5128,0.0119838180889118
5129,0.0123448516832368
5130,0.0106675828392621
5131,0.00908047467086149
5132,0.00858470675510909
5133,0.00838174464270421
5134,0.00724748680715283
5135,0.00494888220732936
5136,0.00223179986201613
5137,-9.55351272120609E-05
5138,-0.00178920194700426
5139,-0.00312200275740444
5140,-0.00443943665275935
5141,-0.00568740790616125
5142,-0.00638074382847686
5143,-0.00632184546463746
5144,-0.0064114806844621
5145,-0.0082446158047965
5146,-0.0123930679726927
5147,-0.0172714017750927
5148,-0.0202962277072554
5149,-0.0203087382723691
5150,-0.0184718597501912
5151,-0.0166843051674289
5152,-0.015593646546896
5153,-0.0144729267306196
5154,-0.0125975097538744
5155,-0.0101274782244817
5156,-0.00770991569645089
5157,-0.00577003683358499
5158,-0.00434209637652841
5159,-0.00321979614151539
5160,-0.00211185934426156
5161,-0.000948586130693636
5162,-0.000147063910963471
5163,-0.000145293951605969
5164,-0.000396525613316455
5165,0.000691450806056391
5166,0.00414259464389855
5167,0.00881461798929415
5168,0.0120794413808409
5169,0.0123663824284585
5170,0.0106259513250767
5171,0.00902294961986337
5172,0.00857267628125052
5173,0.00846435810569472
5174,0.00742288962952996
5175,0.00515133473600737
5176,0.00238605467976571
5177,3.69888431351687E-06
5178,-0.00168357279550961
5179,-0.00297699422219817
5180,-0.00432173813722347
5181,-0.00569721264443772
5182,-0.00651665267289209
5183,-0.00645473976767053
5184,-0.00641598897657991
5185,-0.00813303751858093
5186,-0.0122963316122852
5187,-0.0173077451859411
5188,-0.0204846088260416
5189,-0.0205925007347202
5190,-0.0187855032178144
5191,-0.0169934683404211
5192,-0.0159029364869345
5193,-0.0148079810089346
5194,-0.0129552837184369
5195,-0.0104368657546145
5196,-0.00787449779407636
5197,-0.00577356396149434
5198,-0.00428751980618573
5199,-0.00323063566705649
5200,-0.00220462214768035
5201,-0.00103607755983013
5202,-0.000160702365436405
5203,-0.000114860468718237
5204,-0.000399444352011954
5205,0.000623897022473714
5206,0.00404701030183788
5207,0.0087542285564395
5208,0.0121134227064036
5209,0.0125368702304411
5210,0.0109268092293841
5211,0.00937903612757796
5212,0.0088986929845611
5213,0.00876701684633094
5214,0.0078007259354477
5215,0.00564758279994089
5216,0.0028679087314935
5217,0.00026319229253212
5218,-0.00168793930171515
5219,-0.00303946169796893
5220,-0.00420654875480834
5221,-0.0054054908564187
5222,-0.00626664477297127
5223,-0.00639728360280691
5224,-0.00645058765044366
5225,-0.008051306989348
5226,-0.0120472291580755
5227,-0.0170418269976261
5228,-0.0203590955237937
5229,-0.0206228955227545
5230,-0.0189005637266521
5231,-0.0171389019920779
5232,-0.0160269246779827
5233,-0.0148199508967037
5234,-0.0128120604046176
5235,-0.0102584598535678
5236,-0.00786223185523569
5237,-0.0059711963275876
5238,-0.00450531306208657
5239,-0.00327190416014125
5240,-0.00210925131253884
5241,-0.00101291432255235
5242,-0.00031192352599923
5243,-0.000332885979577003
5244,-0.000547495065294742
5245,0.000541822982551802
5246,0.00396221975696372
5247,0.00869182897198786
5248,0.0121580528749219
5249,0.0126609953748469
5250,0.0109734216290694
5251,0.00925552797143836
5252,0.00869881890989604
5253,0.0086335203610325
5254,0.00773192272132237
5255,0.00553822681613635
5256,0.0027182884784841
5257,0.000225156236116235
5258,-0.00151970206831647
5259,-0.00279617229713052
5260,-0.00411712601134371
5261,-0.00553243608485249
5262,-0.00645480247136198
5263,-0.00648289290668457
5264,-0.00643424782650495
5265,-0.00803115397466483
5266,-0.0120602854730557
5267,-0.0170481698758305
5268,-0.0203441263925834
5269,-0.020623451090281
5270,-0.0189232146770339
5271,-0.0171348936466161
5272,-0.015986107135411
5273,-0.0148236621561076
5274,-0.0129275209201475
5275,-0.0104207331065837
5276,-0.00794178779227386
5277,-0.00595168775300315
5278,-0.00450804996373021
5279,-0.00337068982624542
5280,-0.00219227197240194
5281,-0.000898189251012232
5282,3.0042531197665E-05
5283,7.00920720267757E-05
5284,-0.00027835757325326
5285,0.000594838364324954
5286,0.00379943313498901
5287,0.00831740212117393
5288,0.01160494850386
5289,0.0120606318435876
5290,0.0105137051708309
5291,0.00903932528502775
5292,0.00867544262915487
5293,0.00868208755170298
5294,0.00777626913017306
5295,0.00556178282967749
5296,0.00270897053260552
5297,0.00016241543047491
5298,-0.00162530607343406
5299,-0.00289452883966592
5300,-0.00416959098772798
5301,-0.00554700889370776
5302,-0.00645577342789699
5303,-0.00647267704632136
5304,-0.006414439359999
5305,-0.00804151450809828
5306,-0.0121493196532532
5307,-0.0171957346536574
5308,-0.020456864207496
5309,-0.0206427468309852
5310,-0.0189192737934863
5311,-0.017255473534359
5312,-0.0163129700590507
5313,-0.0153068524226327
5314,-0.013452077777325
5315,-0.0108907711895228
5316,-0.00829271280708222
5317,-0.00615064178083027
5318,-0.00460514830359226
5319,-0.00351366936954688
5320,-0.00250169307515381
5321,-0.00131173351184314
5322,-0.000281637101672309
5323,-2.23059574286642E-05
5324,-0.000258789879005951
5325,0.000548166274079989
5326,0.00368612512069217
5327,0.00832752180625632
5328,0.0118828470888259
5329,0.0125249803486258
5330,0.0109324690654868
5331,0.0092270735953685
5332,0.0085990141768555
5333,0.00844333805959166
5334,0.00755095897937497
5335,0.00550790741241801
5336,0.00285538044712635
5337,0.000391092578644005
5338,-0.00143230994060565
5339,-0.00271038143651717
5340,-0.00389480194441726
5341,-0.00521156582035927
5342,-0.00623148699676362
5343,-0.00642833043849189
5344,-0.00635676385973593
5345,-0.00771539252731912
5346,-0.0115674910135831
5347,-0.0166591724819398
5348,-0.0202316392508833
5349,-0.0207023439690026
5350,-0.0190333819459097
5351,-0.0172456229463268
5352,-0.0161589238051652
5353,-0.0150748670367292
5354,-0.013223974453566
5355,-0.0107545000744524
5356,-0.00830753852839195
5357,-0.00628420551322329
5358,-0.00475063676496216
5359,-0.00359437103144027
5360,-0.00252315617452929
5361,-0.00130297602621767
5362,-0.000248096374332657
5363,3.73801155375112E-07
5364,-0.000350039161305371
5365,0.000279708319472515
5366,0.00334991772899106
5367,0.00813499125739783
5368,0.011903615823274
5369,0.0125882585294193
5370,0.0108413611601002
5371,0.00902749504061009
5372,0.00853493106295337
5373,0.00863771087487039
5374,0.00782783095532734
5375,0.00559264143277048
5376,0.00268570800130043
5377,0.000139237392162386
5378,-0.00162017334570872
5379,-0.00288041727125867
5380,-0.00415726732596755
5381,-0.00554904747855254
5382,-0.00652977600776597
5383,-0.00664994260671572
5384,-0.00657101737165228
5385,-0.00795348125298533
5386,-0.0117582608120674
5387,-0.0167574675659276
5388,-0.0203177046474805
5389,-0.0208653131489382
5390,-0.0192117001045702
5391,-0.0172970509114875
5392,-0.0160843912461342
5393,-0.0150601712090955
5394,-0.0134139530031359
5395,-0.011065783764429
5396,-0.00853002757243773
5397,-0.00631553529086637
5398,-0.00466070916437509
5399,-0.00349710990639333
5400,-0.00247685757948976
5401,-0.00133386570116523
5402,-0.000377155354163614
5403,-0.000197288937404353
5404,-0.000518045077152916
5405,0.00022315937975276
5406,0.00338383702407831
5407,0.00817168930839607
5408,0.011897127245849
5409,0.0125683284284373
5410,0.0108440051291936
5411,0.0090290947460569
5412,0.00847513149229512
5413,0.00849789103648796
5414,0.0076766704559216
5415,0.0055407757511897
5416,0.00277615330043433
5417,0.000279598627925089
5418,-0.00158523545749841
5419,-0.00300450214567907
5420,-0.00432351793456808
5421,-0.00559913378476521
5422,-0.00644122736495293
5423,-0.00653893821457112
5424,-0.00653283643730624
5425,-0.00796632540582631
5426,-0.011757043768319
5427,-0.0167277235167746
5428,-0.0202653607587071
5429,-0.0207516555443299
5430,-0.0190030159864096
5431,-0.0170624929804503
5432,-0.0159553211203997
5433,-0.0150636572593969
5434,-0.0134110226077866
5435,-0.0109062813404553
5436,-0.00823505539898113
5437,-0.00605352512943771
5438,-0.00455268863718662
5439,-0.0034933428461438
5440,-0.00243465901505186
5441,-0.00118428691262161
5442,-0.00019428413585618
5443,-0.000117837241600483
5444,-0.000608800806842888
5445,2.47649570198655E-05
5446,0.00321150694835025
5447,0.00811690062754527
5448,0.0119488321339485
5449,0.0126543923039835
5450,0.0109128134487314
5451,0.00907723771881831
5452,0.00850669196495701
5453,0.00848897311225186
5454,0.00759681002459815
5455,0.0053999571737217
5456,0.00263227283437621
5457,0.000194908379100066
5458,-0.00159393249627654
5459,-0.00297525007701255
5460,-0.00431165175367036
5461,-0.00562451847122354
5462,-0.00646759834456278
5463,-0.0065101542652559
5464,-0.00643412905494021
5465,-0.00784264671671196
5466,-0.0116640895100715
5467,-0.0166747147940601
5468,-0.0202238474482783
5469,-0.0207163470401471
5470,-0.019012197037849
5471,-0.0171363973221596
5472,-0.016036319382455
5473,-0.0150649627685382
5474,-0.0133370588192977
5475,-0.010880747953346
5476,-0.00836202881188323
5477,-0.00626443804071237
5478,-0.00464969098080871
5479,-0.0033642629764585
5480,-0.00217541285581767
5481,-0.000963044460857634
5482,-3.40524757697572E-05
5483,0.000108317543957637
5484,-0.000253606411814802
5485,0.00037492073826711
5486,0.00336331694764455
5487,0.00804461338595736
5488,0.0118150597266784
5489,0.012621359176718
5490,0.0110070027888134
5491,0.00925329440158564
5492,0.00876410535712531
5493,0.00885622826169334
5494,0.00802904413233524
5495,0.00577136766147237
5496,0.00285705360024469
5497,0.000317712660911179
5498,-0.00145917110453247
5499,-0.00278080144035443
5500,-0.00412484944845175
5501,-0.00554245456120828
5502,-0.00650118248451343
5503,-0.00655619012669137
5504,-0.00635310457393553
5505,-0.00756762097970695
5506,-0.0112545992643797
5507,-0.0162793261787675
5508,-0.0199784888203053
5509,-0.0206525264434324
5510,-0.0190503363986642
5511,-0.0171743727476616
5512,-0.0160487864069185
5513,-0.0151072870271403
5514,-0.0134515644061358
5515,-0.0110237518387264
5516,-0.00844664185295004
5517,-0.00626314368864026
5518,-0.00462216424357574
5519,-0.00338375822002
5520,-0.00225958675820553
5521,-0.00108345852825541
5522,-0.000151385206113556
5523,4.29496709747956E-05
5524,-0.00022119960488444
5525,0.000481589661833027
5526,0.00342248536749479
5527,0.00794718661083683
5528,0.0116124364465536
5529,0.0124912529434266
5530,0.0110396778915943
5531,0.00933607593039767
5532,0.00874145153655998
5533,0.00875582040433621
5534,0.00803312097084258
5535,0.00596224185212822
5536,0.00309035530582834
5537,0.000403535787556014
5538,-0.00150968574157936
5539,-0.00277098926962716
5540,-0.00391987409429485
5541,-0.00522834720513485
5542,-0.00627315524188214
5543,-0.00649842163835916
5544,-0.00637004932261132
5545,-0.00751240161001605
5546,-0.0110819545020579
5547,-0.0160672002352216
5548,-0.0198307451756694
5549,-0.0206004728162425
5550,-0.019036804042354
5551,-0.0171140495201413
5552,-0.0159034219361385
5553,-0.0149131265496372
5554,-0.013275219701687
5555,-0.0108863985338343
5556,-0.00830279647008498
5557,-0.00607477093976792
5558,-0.0044479621296661
5559,-0.00335165028759448
5560,-0.00242307434233613
5561,-0.00134238777433554
5562,-0.000372400583635823
5563,-0.000160039460285422
5564,-0.000564950936106762
5565,-6.29944534997092E-05
5566,0.00287277082725367
5567,0.00768253646924895
5568,0.0117130785874681
5569,0.0127564112757759
5570,0.0112268115175129
5571,0.00940033930830481
5572,0.00880657089430606
5573,0.00891636697675291
5574,0.00825645075666295
5575,0.00615976845682567
5576,0.00321172906252611
5577,0.000452792230983152
5578,-0.00149732524715448
5579,-0.00274809926169266
5580,-0.00385983446457535
5581,-0.00515790928403452
5582,-0.00624357629590092
5583,-0.00651186807032653
5584,-0.00637624638073941
5585,-0.0075023116049353
5586,-0.0111344928155212
5587,-0.0162452305321396
5588,-0.0200580146404282
5589,-0.0207217215951902
5590,-0.0190167387147033
5591,-0.017109809102772
5592,-0.0160922941703712
5593,-0.0152864621075027
5594,-0.0136546079876035
5595,-0.0111244817440735
5596,-0.00841039934436425
5597,-0.00615262990050082
5598,-0.00455683101047976
5599,-0.00348001845844936
5600,-0.00253115873244965
5601,-0.00138021105406157
5602,-0.000275357743426939
5603,0.000102323829561129
5604,-0.000216777900654036
5605,0.000204201645625932
5606,0.00295046762110273
5607,0.00763116272681914
5608,0.011694261115464
5609,0.0128601029110086
5610,0.0113950854402025
5611,0.00951406871090481
5612,0.0088024284280706
5613,0.00880891201388544
5614,0.00809990175447837
5615,0.00603338955020596
5616,0.00320559149502138
5617,0.00059157786660654
5618,-0.00132577439322455
5619,-0.0027219635793515
5620,-0.00403925666700174
5621,-0.00540687906322396
5622,-0.00637370624465257
5623,-0.00647424405497413
5624,-0.00626377569615531
5625,-0.00739379558278608
5626,-0.0110181653693484
5627,-0.0161071472390766
5628,-0.0199610901997676
5629,-0.0207362101646233
5630,-0.0191120746870432
5631,-0.0171761046789921
5632,-0.016052533932887
5633,-0.0151410290345955
5634,-0.0134414223269721
5635,-0.0109045416271265
5636,-0.00828410813343293
5637,-0.00619506569563213
5638,-0.00469827573505716
5639,-0.00352683361019002
5640,-0.00237428496578847
5641,-0.00113325823833821
5642,-0.000128855366207246
5643,0.000125013509124449
5644,-0.000179650524673458
5645,0.000312146703484426
5646,0.00299597626863184
5647,0.00749575107434645
5648,0.0114888226351408
5649,0.0128138298466786
5650,0.0115559568600801
5651,0.0096817186782871
5652,0.00879046150503106
5653,0.00867379958825923
5654,0.00803352754645679
5655,0.00608820810748141
5656,0.00323815538253313
5657,0.000493637393355618
5658,-0.00143213515796926
5659,-0.00260009451695813
5660,-0.00363309110161663
5661,-0.00495035434969103
5662,-0.0061687628392333
5663,-0.00658822795342752
5664,-0.00649014896259933
5665,-0.00750390651387826
5666,-0.0109949579760158
5667,-0.0160999881380154
5668,-0.0200591787056457
5669,-0.0208631064133836
5670,-0.0191513649209719
5671,-0.0171305611380576
5672,-0.0160305761206578
5673,-0.0152208876379131
5674,-0.0136055444512824
5675,-0.0110959456431962
5676,-0.00846571085464633
5677,-0.00633692833302258
5678,-0.00475752309668959
5679,-0.00348591535707307
5680,-0.00228323556630358
5681,-0.0010751262167259
5682,-0.000138534514357155
5683,8.57253350793746E-05
5684,-0.000200869897863647
5685,0.000291140462341274
5686,0.00289410944102719
5687,0.00724901960626623
5688,0.0111289739463141
5689,0.0124654252531769
5690,0.0113479563512383
5691,0.00965236732674677
5692,0.00887139336646702
5693,0.00876195158995178
5694,0.00807520108959382
5695,0.00610644736761631
5696,0.00329881234114905
5697,0.000642712980199534
5698,-0.00122906175378043
5699,-0.00246993660146191
5700,-0.00371375909579888
5701,-0.00525540605387664
5702,-0.00653899432733031
5703,-0.00681301344411847
5704,-0.00648417897973113
5705,-0.00734589289149602
5706,-0.0108053175660168
5707,-0.0159274480264504
5708,-0.0198948847151969
5709,-0.0207084022227893
5710,-0.0190235979171555
5711,-0.017030961994793
5712,-0.0159571310125723
5713,-0.0152010912581884
5714,-0.0136645230086872
5715,-0.0111935000000827
5716,-0.00852482732007246
5717,-0.00635974193659891
5718,-0.00486047312132001
5719,-0.00376432551306173
5720,-0.00266315079918807
5721,-0.00136368508403713
5722,-0.000234894145912645
5723,8.11170791385469E-05
5724,-0.000274247485144061
5725,0.000148972994346898
5726,0.00286011824275556
5727,0.00745612929929796
5728,0.0114797105833587
5729,0.0127223289717947
5730,0.0113980422198666
5731,0.00962018139430568
5732,0.00895048949264601
5733,0.00899608515024258
5734,0.00836001199651052
5735,0.00635398154787587
5736,0.00349559462042176
5737,0.000748833621820537
5738,-0.00130806496408629
5739,-0.00272681902049595
5740,-0.00393917930909268
5741,-0.00522166480848789
5742,-0.00627444885092651
5743,-0.00658062294414197
5744,-0.00646140131572001
5745,-0.00742731809253137
5746,-0.0107796687127457
5747,-0.0157638833731025
5748,-0.0197603713526843
5749,-0.0207456486797428
5750,-0.0192137607533409
5751,-0.017265678866108
5752,-0.0161476184977545
5753,-0.0152949233190817
5754,-0.0136416691607978
5755,-0.0110944300827367
5756,-0.00842437712071001
5757,-0.00626696321310424
5758,-0.00469843442407308
5759,-0.00350666541674536
5760,-0.00243487812364122
5761,-0.00131541880370125
5762,-0.000339885909949924
5763,2.51516657085504E-06
5764,-0.000234028064921168
5765,0.000204084939268065
5766,0.00281776285329829
5767,0.00739932937045277
5768,0.0115898835211733
5769,0.0130081817854938
5770,0.0116447412245876
5771,0.00964526077986802
5772,0.0088225212418108
5773,0.00893416345859565
5774,0.00847198985504962
5775,0.00655579517950781
5776,0.00366646623467623
5777,0.000868250287637898
5778,-0.00120142756907277
5779,-0.00263326186599797
5780,-0.00388977900811962
5781,-0.00521142751824617
5782,-0.00626958996187369
5783,-0.0065796688550255
5784,-0.00648361415483295
5785,-0.00743657763975528
5786,-0.0106947244548678
5787,-0.0155846392071549
5788,-0.0196234540172833
5789,-0.0207800140658705
5790,-0.0193617516064202
5791,-0.0173294664065969
5792,-0.0160301086023814
5793,-0.0151273122715996
5794,-0.0136316905019055
5795,-0.0112988977130867
5796,-0.00872774670437813
5797,-0.00654508380138547
5798,-0.00491931215768812
5799,-0.00366846317334934
5800,-0.00249912429435147
5801,-0.00126177512375647
5802,-0.000237222453932882
5803,5.211012302733E-05
5804,-0.000257680234053297
5805,0.000163327213565772
5806,0.00277207935852626
5807,0.00727960469301758
5808,0.011368682977151
5809,0.0127979135284159
5810,0.0115954678537923
5811,0.00975748352817923
5812,0.00893443917247505
5813,0.00891214093339421
5814,0.00835645938774591
5815,0.00648832112541669
5816,0.00372614991339184
5817,0.00103452733755378
5818,-0.000966804474964602
5819,-0.00235018476483461
5820,-0.00361021240520307
5821,-0.00502290820862935
5822,-0.00620232803583084
5823,-0.00655485935917545
5824,-0.0064049996681577
5825,-0.00730741945821467
5826,-0.0105957068098102
5827,-0.0155568986077626
5828,-0.0196331393955334
5829,-0.0207939525958747
5830,-0.0193915049606753
5831,-0.0173816495709877
5832,-0.0160766244497233
5833,-0.0151652042043066
5834,-0.0137160180648242
5835,-0.0114503818549166
5836,-0.0088414684391548
5837,-0.00648149220206874
5838,-0.00469622015690253
5839,-0.00348293867316121
5840,-0.00251287551228435
5841,-0.00142115262995642
5842,-0.000371304261063123
5843,-1.3494287458825E-05
5844,-0.000402509856652893
5845,-0.000196885359924939
5846,0.00227488353981544
5847,0.00688326852025746
5848,0.0112243313038854
5849,0.0128214122526528
5850,0.0115744993045112
5851,0.00958024568963512
5852,0.00868980195346045
5853,0.00877075658052417
5854,0.00838109309196532
5855,0.0065823269119349
5856,0.00375823777406007
5857,0.000978249216973959
5858,-0.00103802107672928
5859,-0.00238487130371431
5860,-0.00364825331823344
5861,-0.0051248879826052
5862,-0.00633488074309388
5863,-0.00658492588293838
5864,-0.00622073277691526
5865,-0.00693438006068001
5866,-0.0101826644378646
5867,-0.0152480589511929
5868,-0.019460904595754
5869,-0.0206993072891939
5870,-0.0193349868251053
5871,-0.0174001661620498
5872,-0.0162079407741519
5873,-0.0153411383580878
5874,-0.0137895981667518
5875,-0.0113522007432623
5876,-0.00866924176888446
5877,-0.00638848674226471
5878,-0.00471127432811661
5879,-0.00349453690484527
5880,-0.00242970790824215
5881,-0.00128159366027016
5882,-0.000259064015620551
5883,8.23160642221295E-05
5884,-0.000230879186082635
5885,7.52341481888077E-05
5886,0.00252614946564773
5887,0.00694398121276509
5888,0.0110348847140119
5889,0.0124852833155697
5890,0.0112716208286754
5891,0.00942954084397373
5892,0.0086696396371348
5893,0.00876142856851378
5894,0.00830032413141094
5895,0.00647673493718132
5896,0.00373360539796953
5897,0.00104263601909555
5898,-0.00100354329283014
5899,-0.00246515717813687
5900,-0.00376202549706306
5901,-0.00512806692317062
5902,-0.00623292435489083
5903,-0.00654947418213851
5904,-0.00637500860133278
5905,-0.00720449436749943
5906,-0.0104110026747914
5907,-0.0153826292069958
5908,-0.0195524109153101
5909,-0.020758950923101
5910,-0.0193096852448682
5911,-0.01729804066923
5912,-0.0161422098490347
5913,-0.0153920847406618
5914,-0.0138926975619906
5915,-0.0113980024474121
5916,-0.00867187831251637
5917,-0.00647011343547429
5918,-0.00492856512996212
5919,-0.00376340978755678
5920,-0.0026394281892576
5921,-0.00140904288775403
5922,-0.000331724788888145
5923,6.69735870107882E-05
5924,-0.00019013884697082
5925,8.86818440194288E-05
5926,0.00240400961263972
5927,0.00671755536000379
5928,0.010909257252082
5929,0.012642018856104
5930,0.0116591871214212
5931,0.00981081688842191
5932,0.00888140668330088
5933,0.0088680625297589
5934,0.00845932710021705
5935,0.00670502745766113
5936,0.00388480463961064
5937,0.00101925963404546
5938,-0.00109827357649709
5939,-0.00244879638318197
5940,-0.00360445156155146
5941,-0.00497608138146579
5942,-0.00619870951117046
5943,-0.00655903830792749
5944,-0.00627548522799441
5945,-0.00695930380705522
5946,-0.0101134883858854
5947,-0.015115059252987
5948,-0.0193312149021232
5949,-0.0206201572090867
5950,-0.0193328406795225
5951,-0.0174805461840022
5952,-0.0163295106537515
5953,-0.0154308978448246
5954,-0.0138237091630579
5955,-0.0113981899774865
5956,-0.00880532383297493
5957,-0.00659386886609101
5958,-0.00488245437653607
5959,-0.00356891786041868
5960,-0.00243915515180104
5961,-0.00126454420585568
5962,-0.000176422298866447
5963,0.000287061796773804
5964,4.92789085797193E-05
5965,0.000294392026262507
5966,0.00262401048977921
5967,0.00704806034605821
5968,0.0113521212609154
5969,0.0130721323026263
5970,0.0119420202845584
5971,0.00991806510220888
5972,0.00888505643501696
5973,0.00886511977965821
5974,0.00852948306024112
5975,0.00690568171613491
5976,0.00422366810009194
5977,0.00141649918316602
5978,-0.000772212804791982
5979,-0.00225474831471567
5980,-0.0034712649448534
5981,-0.00479743056951404
5982,-0.00598186172057906
5983,-0.00641803554504978
5984,-0.00625940686827303
5985,-0.00695471595624774
5986,-0.00998091204073247
5987,-0.0148861822932235
5988,-0.0191843026783378
5989,-0.0206539959267045
5990,-0.0194483612920635
5991,-0.0175258488146296
5992,-0.0162930376131545
5993,-0.0154201895060619
5994,-0.0138940092217913
5995,-0.0114903500153591
5996,-0.008853482479813
5997,-0.006617227769784
5998,-0.00494338026465224
5999,-0.00369793398585808
6000,-0.00263387049793794
6001,-0.00151154194009511
6002,-0.000430591666611811
6003,9.568667743112E-05
6004,-8.20042511305552E-05
6005,8.18144553065899E-05
6006,0.00216906179055479
6007,0.0063807630731867
6008,0.0107255837908564
6009,0.0127387338981224
6010,0.0119228909665473
6011,0.0100209532151269
6012,0.00891561511115278
6013,0.00877237960302763
6014,0.00836702833642316
6015,0.00672357635260878
6016,0.00403461024066557
6017,0.00123035670602277
6018,-0.00093422448631923
6019,-0.0023894539085707
6020,-0.00361075821884467
6021,-0.0049754411103189
6022,-0.00618405457860159
6023,-0.00657714708803129
6024,-0.00630815734467945
6025,-0.00688456704834528
6026,-0.00984699779050181
6027,-0.0147556587998168
6028,-0.0190820278160314
6029,-0.0205528900131967
6030,-0.0193037250315723
6031,-0.0173234779890545
6032,-0.0160805411016438
6033,-0.015292573515951
6034,-0.0139195125966293
6035,-0.0116278420791134
6036,-0.00896312713626288
6037,-0.00658912464062502
6038,-0.00481261900935646
6039,-0.00359913653957277
6040,-0.0026418551793954
6041,-0.00157411456978312
6042,-0.000478298785361372
6043,2.93006090233217E-05
6044,-0.000251611160017039
6045,-0.000174044375794435
6046,0.00197252440974384
6047,0.0063660856810643
6048,0.0108559747094561
6049,0.0128630127979354
6050,0.0119258330680902
6051,0.00989820273374714
6052,0.00872882237154607
6053,0.00858573380689047
6054,0.00823238467830868
6055,0.00668280819860073
6056,0.00410379181761082
6057,0.00138901132237862
6058,-0.000722055108422312
6059,-0.00214406634428331
6060,-0.00333095890345778
6061,-0.00466475008610729
6062,-0.00588199229504077
6063,-0.00635810519919786
6064,-0.0062302893689975
6065,-0.00692969158405916
6066,-0.00993267119517884
6067,-0.0148322443615551
6068,-0.0191997364835767
6069,-0.0207895285560418
6070,-0.0196290158528034
6071,-0.0175903368803474
6072,-0.0161773565979427
6073,-0.0152611719826841
6074,-0.0138852835752477
6075,-0.0116468536281179
6076,-0.00898910681622686
6077,-0.00656615656402138
6078,-0.00473504358592773
6079,-0.00348199255963197
6080,-0.0025000995240071
6081,-0.00144820369351654
6082,-0.000410984435062545
6083,7.83535366650994E-05
6084,-0.000103542322765471
6085,0.000102229781227526
6086,0.00220040313168542
6087,0.00631246460337727
6088,0.0105143186089264
6089,0.0125091542497095
6090,0.0118542585897501
6091,0.0101558387262636
6092,0.0091456795165781
6093,0.00900185302215225
6094,0.00860908864905443
6095,0.00701341087486746
6096,0.00432636405951041
6097,0.00145165344258186
6098,-0.000754335373539887
6099,-0.00212229372454164
6100,-0.00317742798949518
6101,-0.00445376627120018
6102,-0.00573546368130539
6103,-0.00627881727889655
6104,-0.00608369174982801
6105,-0.00660917860653516
6106,-0.00950788579906822
6107,-0.0144845179138048
6108,-0.0190151452441164
6109,-0.0206755772375858
6110,-0.0194653645094411
6111,-0.0174037248782376
6112,-0.0160964953980683
6113,-0.0153278875440717
6114,-0.0140059956058272
6115,-0.0117491706454079
6116,-0.0091277190362871
6117,-0.00680432268941087
6118,-0.0049910478369013
6119,-0.00359840684761306
6120,-0.00244566490849299
6121,-0.00134303640075856
6122,-0.000335717627760961
6123,0.000193584308861609
6124,0.000137179951612337
6125,0.000412076979919113
6126,0.00245119158889899
6127,0.0064813775811772
6128,0.0106817322441776
6129,0.0126911959287612
6130,0.0119522923244138
6131,0.0101092094686923
6132,0.00903996969100092
6133,0.0089580074115494
6134,0.008630189156925
6135,0.00702416502125139
6136,0.00432427429537579
6137,0.00151866489562191
6138,-0.00059039268834625
6139,-0.00194659581451831
6140,-0.00307962759178189
6141,-0.00443567973242353
6142,-0.00576731871422899
6143,-0.00637363449110003
6144,-0.00623975959972532
6145,-0.00672155884279309
6146,-0.00943661781163908
6147,-0.0142231470989605
6148,-0.018720808058324
6149,-0.0205043113248062
6150,-0.0194276953810522
6151,-0.0174026331302466
6152,-0.0160452863882756
6153,-0.0151830683770759
6154,-0.0137416777794431
6155,-0.0113871759630233
6156,-0.00878832878256131
6157,-0.00664638837733906
6158,-0.00506658265108032
6159,-0.00380233257894104
6160,-0.00262665995510875
6161,-0.00142761232650356
6162,-0.000334365169502008
6163,0.000236901124854075
6164,0.00015295913079745
6165,0.000319109841485424
6166,0.00225248203997392
6167,0.00633773407376289
6168,0.0107946717881813
6169,0.0130702769813089
6170,0.0123618164244924
6171,0.0103024159286481
6172,0.00901125987466921
6173,0.00890767647762778
6174,0.00870885735829278
6175,0.00719084860987167
6176,0.00445978924851708
6177,0.00159454000505286
6178,-0.000510521654571134
6179,-0.00182473150760087
6180,-0.00294949143620077
6181,-0.00433385672370035
6182,-0.00567859045631752
6183,-0.00626747192154537
6184,-0.00612155466581677
6185,-0.00661359489415866
6186,-0.00933222520709962
6187,-0.0141048664281563
6188,-0.018625040580566
6189,-0.0205210348916982
6190,-0.0196029470048417
6191,-0.0176634101718408
6192,-0.0162674318237248
6193,-0.015338058755556
6194,-0.0139283190660335
6195,-0.0116841468934609
6196,-0.00910960514189338
6197,-0.00680677809633257
6198,-0.00499807499064561
6199,-0.00364963446771099
6200,-0.00259506122287124
6201,-0.00157581148351734
6202,-0.000563488006647991
6203,2.1882463551499E-05
6204,-5.5370431629343E-05
6205,7.49301673037742E-05
6206,0.00198443894534695
6207,0.00608806382365693
6208,0.0105674321315046
6209,0.0128483571830383
6210,0.012172213672071
6211,0.0101972089872453
6212,0.00897613613517434
6213,0.00885498204651716
6214,0.00860160267232898
6215,0.00712384860815099
6216,0.00455010768846446
6217,0.00179742138265617
6218,-0.000409293462683193
6219,-0.00199925614777679
6220,-0.0033525821089014
6221,-0.00476205490372152
6222,-0.00599129682017739
6223,-0.00648907545319454
6224,-0.00633174365452601
6225,-0.00681140670400838
6226,-0.00946175252016339
6227,-0.0141769177940246
6228,-0.0187308541344908
6229,-0.0207086089830149
6230,-0.0198058560202291
6231,-0.0178015483954522
6232,-0.0163770240103873
6233,-0.0155277630554178
6234,-0.0142084784975436
6235,-0.0119185573740597
6236,-0.00918256988937315
6237,-0.00678663392905275
6238,-0.0050585435561641
6239,-0.00383350983039472
6240,-0.00273272797870679
6241,-0.00148303285592899
6242,-0.000281200784079179
6243,0.000243787950404251
6244,-9.76178190730236E-05
6245,-0.000195166359547578
6246,0.00168987247403677
6247,0.00591736239341444
6248,0.0105051201129319
6249,0.012801577550254
6250,0.0121012932386722
6251,0.010137855728585
6252,0.00897411025951279
6253,0.00892094160208273
6254,0.00871415856900131
6255,0.00723547829833287
6256,0.00459200230945649
6257,0.00172599738741654
6258,-0.000549303527368715
6259,-0.00209065981074994
6260,-0.00331544424281082
6261,-0.00463322850622006
6262,-0.00587163714239868
6263,-0.00642907185066425
6264,-0.00630240444767794
6265,-0.00677456820484657
6266,-0.00942202693062698
6267,-0.0141552579345803
6268,-0.0187316658464659
6269,-0.0207378824821893
6270,-0.0198864232971082
6271,-0.0179316939181446
6272,-0.0164939549457493
6273,-0.0155580338616465
6274,-0.0141594147771956
6275,-0.0118816813782553
6276,-0.00922945336542396
6277,-0.00688421333999924
6278,-0.00510841838520421
6279,-0.00378597202355835
6280,-0.00264060500040884
6281,-0.00143719624398537
6282,-0.000298442995285075
6283,0.000256442380788616
6284,5.28366743594464E-05
6285,7.18259354828037E-05
6286,0.00189197717713249
6287,0.00586725951073925
6288,0.0102084922721245
6289,0.012472972790366
6290,0.0119577149041657
6291,0.0101937964692003
6292,0.00906691416679593
6293,0.00891520380470292
6294,0.00863228785680274
6295,0.00718393168384803
6296,0.00461785500833703
6297,0.00179030730698507
6298,-0.000483871041383924
6299,-0.00200743513870463
6300,-0.00319769359108359
6301,-0.00452860656570334
6302,-0.00585789351101136
6303,-0.00651333860425389
6304,-0.00638408009246632
6305,-0.0067303803620908
6306,-0.00922284282359855
6307,-0.0138881832958483
6308,-0.0185121363237907
6309,-0.0206152734814331
6310,-0.0198322854177022
6311,-0.0178933012098028
6312,-0.0164430706892592
6313,-0.0155055144779055
6314,-0.0141440144096516
6315,-0.011931982875241
6316,-0.00930966843187934
6317,-0.00689202949753717
6318,-0.00497685501053173
6319,-0.00359380640114322
6320,-0.00256189627669077
6321,-0.00153909737866238
6322,-0.000437500480268167
6323,0.000269430869553695
6324,0.000210679612387122
6325,0.000187699213083629
6326,0.00187335881532614
6327,0.00586764978720759
6328,0.0104246897138311
6329,0.0128536753133207
6330,0.0122323048511637
6331,0.0101956476670034
6332,0.00892323447277439
6333,0.00886886055006549
6334,0.00875274250692201
6335,0.0073270818844484
6336,0.00462480874411001
6337,0.00164065282996105
6338,-0.000700363157247355
6339,-0.00218328771813898
6340,-0.00325747638340055
6341,-0.00446884378633569
6342,-0.00578008079103942
6343,-0.00655372112712218
6344,-0.00655209948361405
6345,-0.0068629051115804
6346,-0.00917337844254312
6347,-0.0137354444408332
6348,-0.0184928005764418
6349,-0.0208448665738328
6350,-0.020182029135144
6351,-0.0181745790460686
6352,-0.0166225690089395
6353,-0.015667501612539
6354,-0.0143178743046202
6355,-0.0120772836656376
6356,-0.00945150670280993
6357,-0.00713360929568579
6358,-0.00532679751491996
6359,-0.00389109739846285
6360,-0.00266869800010564
6361,-0.00154879086402709
6362,-0.000575466423455522
6363,-6.21223137493294E-05
6364,-0.000144749952349269
6365,-3.71634334930925E-05
6366,0.00170429927504965
6367,0.00558007626350964
6368,0.0100283672792754
6369,0.0125730819230452
6370,0.0122387381027915
6371,0.0104014080541635
6372,0.00909594019773365
6373,0.00889440424204045
6374,0.00872338386673974
6375,0.00740183185063517
6376,0.00487767023789852
6377,0.00204528319182032
6378,-0.000216788431168155
6379,-0.00171786154934312
6380,-0.00291574528967403
6381,-0.00429869711784764
6382,-0.00571438209304896
6383,-0.0064569590048603
6384,-0.00633720608168859
6385,-0.00654434529478185
6386,-0.00881557644900686
6387,-0.0133978478435033
6388,-0.018239670828404
6389,-0.0207481705375974
6390,-0.0202486793088539
6391,-0.018287874905396
6392,-0.0166302068880719
6393,-0.0155522104084512
6394,-0.0142278442707451
6395,-0.0121471694399725
6396,-0.00963232075670483
6397,-0.00725821089056249
6398,-0.00532791074192283
6399,-0.00387862929454336
6400,-0.00276843103563788
6401,-0.00172692104219964
6402,-0.00068506820760683
6403,-3.91951671803434E-05
6404,-8.81649330344813E-05
6405,-7.33387461404583E-05
6406,0.00158779231249772
6407,0.00552520008932522
6408,0.0101465979511939
6409,0.0128289511376435
6410,0.0124923656239542
6411,0.0105404515522405
6412,0.00911903141754202
6413,0.00888660407785219
6414,0.00876515541903652
6415,0.00748991826673557
6416,0.00492062056753701
6417,0.00194552649219101
6418,-0.000458981754392397
6419,-0.00198360776917016
6420,-0.00306931271253339
6421,-0.00431533584317507
6422,-0.00569145521688674
6423,-0.00649519190069262
6424,-0.00643825155102901
6425,-0.00664778061180249
6426,-0.00890753639686347
6427,-0.0135232910854013
6428,-0.0183954320971347
6429,-0.0208280001731735
6430,-0.0201604185827964
6431,-0.018110986398809
6432,-0.0165816202206699
6433,-0.015760727973344
6434,-0.014586217479563
6435,-0.0124355388286533
6436,-0.00976337317318134
6437,-0.00733715192756425
6438,-0.00546852767694061
6439,-0.00403823025542037
6440,-0.00281880024538732
6441,-0.00164704953456132
6442,-0.000603782154238796
6443,-8.16888099456099E-05
6444,-0.000249064868072493
6445,-0.000277611191889177
6446,0.00135596703602468
6447,0.00522580110913357
6448,0.00980004622859703
6449,0.0125464881293334
6450,0.0123490266267615
6451,0.0104599246697932
6452,0.00893886567585279
6453,0.00853706217000783
6454,0.00835223958470742
6455,0.00719882191446622
6456,0.00485571047289738
6457,0.00205648010638103
6458,-0.000326406336978987
6459,-0.00197091700646207
6460,-0.00320325927570468
6461,-0.00449490954537415
6462,-0.00578456657899346
6463,-0.00646032459995243
6464,-0.00634066949725849
6465,-0.00655301767355854
6466,-0.00879289516901293
6467,-0.0133247579935002
6468,-0.0181181481731156
6469,-0.0205624740538866
6470,-0.0199863348780647
6471,-0.018022148861633
6472,-0.0165160939209776
6473,-0.0156701861583216
6474,-0.0144599817724732
6475,-0.0122913638752336
6476,-0.00964382099707565
6477,-0.0072913883459492
6478,-0.00550513249943162
6479,-0.00411007367294817
6480,-0.00288048052465093
6481,-0.0017033726216652
6482,-0.000661072327426681
6483,-7.46487370714414E-05
6484,-8.98903221073712E-05
6485,4.52185334894563E-06
6486,0.00158700949585917
6487,0.00524450158409902
6488,0.00961160773001316
6489,0.0122848284647232
6490,0.0121311928979309
6491,0.0103382976051566
6492,0.00896391075303594
6493,0.00876195695491407
6494,0.0087366172957271
6495,0.00757872960238918
6496,0.00508246780472387
6497,0.00215131015590387
6498,-0.000207268833763663
6499,-0.00172179935459007
6500,-0.00287927442620532
6501,-0.00423081590376426
6502,-0.005644016005617
6503,-0.00638759806071531
6504,-0.00623832514587295
6505,-0.00638163649104709
6506,-0.0086016964343916
6507,-0.0132040695237414
6508,-0.0181209704255879
6509,-0.0206545624128136
6510,-0.0200686633610563
6511,-0.0180172325682464
6512,-0.0164461835605767
6513,-0.0156462669989545
6514,-0.0145743876540932
6515,-0.012507922916709
6516,-0.00980559846862194
6517,-0.00726004842460998
6518,-0.00529963112060757
6519,-0.00388732717713212
6520,-0.00276347169200759
6521,-0.00164600372187388
6522,-0.000511928263121763
6523,0.000231923975254198
6524,0.000268645488487926
6525,0.000264575795316533
6526,0.00173837749227023
6527,0.00544032521002951
6528,0.0100062876973238
6529,0.0128702261935221
6530,0.0127351414052111
6531,0.01076479059034
6532,0.00912793937186332
6533,0.00871865053893716
6534,0.00861701510836427
6535,0.00750003861498608
6536,0.00508492079153166
6537,0.00218383159568007
6538,-0.000243001032841509
6539,-0.00188452254978771
6540,-0.00312118160825847
6541,-0.00442705307112797
6542,-0.00571061826550359
6543,-0.00636898775049153
6544,-0.00625290344876689
6545,-0.00647442829195862
6546,-0.00868100492897388
6547,-0.0131483635903809
6548,-0.0179296362695494
6549,-0.0204592236811695
6550,-0.019998910799604
6551,-0.0180842398841931
6552,-0.0165591414674712
6553,-0.0157060450091305
6554,-0.0145351717970614
6555,-0.012383573225838
6556,-0.00965810608630453
6557,-0.00717789882036593
6558,-0.00535076388902139
6559,-0.00407225998097425
6560,-0.00301652386192815
6561,-0.00188901343558827
6562,-0.000711805532874041
6563,4.24814607748366E-05
6564,1.48967376287018E-05
6565,-0.000113066844445301
6566,0.00125141000760872
6567,0.00494326718956208
6568,0.00962381578588401
6569,0.0126716815949433
6570,0.0127054920867019
6571,0.0108405243852979
6572,0.00925390309582893
6573,0.00888002691075463
6574,0.00882863248333765
6575,0.00775880103449222
6576,0.00533363905692656
6577,0.00236005036294537
6578,-9.4844385414006E-05
6579,-0.00159943355861193
6580,-0.00259820929004325
6581,-0.00382281252746038
6582,-0.00534139877937168
6583,-0.00635840949213061
6584,-0.00635699213973803
6585,-0.00635262309126399
6586,-0.00829349448308577
6587,-0.0127668282603305
6588,-0.0177676698003784
6589,-0.0204378610684364
6590,-0.0199334626221453
6591,-0.0179682545481216
6592,-0.0165335136273285
6593,-0.0158125779627866
6594,-0.0146567821335794
6595,-0.0124369064130811
6596,-0.00970849659067777
6597,-0.00729823757134372
6598,-0.00546512878486343
6599,-0.00404044461285987
6600,-0.00283688978481088
6601,-0.00172212167557459
6602,-0.000694856819530993
6603,-5.45164164897816E-05
6604,-3.45689928561127E-05
6605,1.47782556607752E-05
6606,0.0015474535380613
6607,0.00526280094158978
6608,0.00978688473636871
6609,0.0126129019577108
6610,0.0125533591989573
6611,0.0108050011341943
6612,0.0093935369857165
6613,0.0090163009752122
6614,0.00875135650653505
6615,0.00749806496741898
6616,0.00514790080946803
6617,0.00242612525838127
6618,9.16459053847717E-05
6619,-0.00158063526125984
6620,-0.00284512904797072
6621,-0.00413374536584971
6622,-0.00546745108207313
6623,-0.00628700644744479
6624,-0.00628202273866376
6625,-0.00641102173153836
6626,-0.00842862797445783
6627,-0.0128644185574114
6628,-0.0178314631904543
6629,-0.0205564356216443
6630,-0.0201181400698284
6631,-0.0181176632182812
6632,-0.0165697296395621
6633,-0.0157810834002957
6634,-0.0146579611051838
6635,-0.0125110377343291
6636,-0.00983030537975753
6637,-0.00743902402514427
6638,-0.0055989266629325
6639,-0.00411768257518197
6640,-0.00282844320684458
6641,-0.00168862760971386
6642,-0.000733792812337331
6643,-0.000157619443451324
6644,-7.71734346924453E-05
6645,9.32153062791125E-05
6646,0.00162705745667379
6647,0.00519599983339339
6648,0.0096223355058085
6649,0.0125475042200201
6650,0.0126544645883603
6651,0.0109063329330757
6652,0.00933906180627719
6653,0.0089134517044993
6654,0.00886068141121922
6655,0.00789635148299303
6656,0.00561666397978717
6657,0.00269905553908866
6658,0.00012014153381625
6659,-0.00165202596203137
6660,-0.00288445228872745
6661,-0.0041184970562501
6662,-0.00541890675107587
6663,-0.00620956396535141
6664,-0.00618294615568704
6665,-0.00630814394590014
6666,-0.00830581733449728
6667,-0.0126719307834242
6668,-0.0175735656428165
6669,-0.0203405982915175
6670,-0.0200602794027872
6671,-0.0182075107552314
6672,-0.0166786538540582
6673,-0.0158071320714665
6674,-0.0146197058849277
6675,-0.012484600818526
6676,-0.00984334218531229
6677,-0.00747094396009503
6678,-0.00565599149897367
6679,-0.0042365526773634
6680,-0.00298321979953799
6681,-0.00174971866120807
6682,-0.00058474203973943
6683,0.00014577720742349
6684,0.000161664634796277
6685,8.46670647224181E-05
6686,0.00139449998170332
6687,0.00491408179314157
6688,0.00941285897449193
6689,0.0123766573551732
6690,0.01243701145474
6691,0.0106571266870134
6692,0.0091710925296349
6693,0.00889802574987207
6694,0.00893974360071824
6695,0.0079491367953261
6696,0.00558460025207168
6697,0.00261969017940541
6698,5.30761038464539E-05
6699,-0.00170400700432168
6700,-0.00297719393562226
6701,-0.0043080584536891
6702,-0.00570692944465409
6703,-0.00653049280438572
6704,-0.00643215550692259
6705,-0.00639662729554114
6706,-0.00821900640234774
6707,-0.0124940680094854
6708,-0.0174398331895938
6709,-0.0203328123237474
6710,-0.0201354252571624
6711,-0.0182444933289315
6712,-0.0166093214846003
6713,-0.0156842376916295
6714,-0.0145336118627301
6715,-0.0124307243334835
6716,-0.00971838638370238
6717,-0.00721121505294944
6718,-0.00533861166216219
6719,-0.00401185840103493
6720,-0.00292805833942233
6721,-0.00181783142923814
6722,-0.00068432627070804
6723,6.28543697929973E-05
6724,7.90258411249089E-05
6725,-5.07202870358171E-05
6726,0.00116539320093404
6727,0.00462618331648933
6728,0.00919871554526635
6729,0.0123704769276233
6730,0.012623832913152
6731,0.010857716286158
6732,0.00922238239447633
6733,0.00882757557459623
6734,0.00891417991753142
6735,0.00806870082809094
6736,0.00579003164768366
6737,0.00280704081844959
6738,0.000211555716725907
6739,-0.00151176160697625
6740,-0.00273197760111711
6741,-0.00407446183457011
6742,-0.00556055472571541
6743,-0.00648348038416578
6744,-0.00643752434274624
6745,-0.0064005972116416
6746,-0.00820222587154534
6747,-0.0124799157616879
6748,-0.0174682653831427
6749,-0.0204111737195009
6750,-0.0202136830264458
6751,-0.0182605007244926
6752,-0.0165703232474016
6753,-0.0156865569083026
6754,-0.0146810928205588
6755,-0.0127355774469539
6756,-0.0100939082346781
6757,-0.00756031126365356
6758,-0.00563490236772743
6759,-0.00428882879471826
6760,-0.00320166596283851
6761,-0.00204355777304402
6762,-0.000804238225986821
6763,4.07618544048194E-05
6764,7.44149052986224E-05
6765,-0.000106496473242405
6766,0.00107365723723217
6767,0.00456695871547822
6768,0.00920994786022016
6769,0.0124403578783118
6770,0.0127446646843318
6771,0.0110390339628625
6772,0.00942189532748299
6773,0.00891995412429759
6774,0.00879888685110896
6775,0.00780144333557088
6776,0.00554179001615569
6777,0.00267190381912972
6778,0.000114800229848097
6779,-0.00167218353139124
6780,-0.00290525736287078
6781,-0.00409813676541974
6782,-0.00537517395010351
6783,-0.0062219087479463
6784,-0.00626249701763563
6785,-0.00631473025244301
6786,-0.00808213910202295
6787,-0.0122658412096255
6788,-0.0172413639719494
6789,-0.0202793991060575
6790,-0.020194931467439
6791,-0.0183120693197209
6792,-0.0166707245673058
6793,-0.0158224336730526
6794,-0.0147823467735644
6795,-0.0127006558606465
6796,-0.00989583427411736
6797,-0.00727662118115806
6798,-0.00535270930865413
6799,-0.00402493666064907
6800,-0.00294332033353866
6801,-0.00181817987362807
6802,-0.000647259182295462
6803,0.000167890664301711
6804,0.000261898486026495
6805,0.000157402315078207
6806,0.00130414422677997
6807,0.00464533040245606
6808,0.0091554907443003
6809,0.0123972700334134
6810,0.0128243493403689
6811,0.0112114182848036
6812,0.00957467906436796
6813,0.00899496328336199
6814,0.00883767328447186
6815,0.00786530299327264
6816,0.00562733947976283
6817,0.00273579523794111
6818,0.000166071638185197
6819,-0.00155177097652603
6820,-0.00266268117683373
6821,-0.00380980872931525
6822,-0.00519912341518129
6823,-0.00623470222892877
6824,-0.00637223873306554
6825,-0.00635904919510717
6826,-0.00799406106628496
6827,-0.0121180773121366
6828,-0.0171432063716062
6829,-0.0202665136466618
6830,-0.0202205611251654
6831,-0.0183092685156964
6832,-0.0166094319867363
6833,-0.0157373477372677
6834,-0.0147689222912484
6835,-0.0128587399833591
6836,-0.0102401029933346
6837,-0.00770693334389754
6838,-0.00574249943295485
6839,-0.00433727026445986
6840,-0.00323057025037754
6841,-0.00211219905840518
6842,-0.000906748553269942
6843,-3.7290810856089E-05
6844,5.21919570076703E-06
6845,-0.000307407794802238
6846,0.000631039823733717
6847,0.00400047271454021
6848,0.00882119864992261
6849,0.0124269618372794
6850,0.0129962351391524
6851,0.0112652207916797
6852,0.00945521890103383
6853,0.00883534037582646
6854,0.00874780597761592
6855,0.00781430141794261
6856,0.00554676495445743
6857,0.00265605342855863
6858,0.000167894301660349
6859,-0.00150242251327542
6860,-0.0027323360595491
6861,-0.00409623920206745
6862,-0.005562401145242
6863,-0.00640539228228635
6864,-0.00623110567083857
6865,-0.00605210911242337
6866,-0.007753240623641
6867,-0.0120237526301047
6868,-0.0171099133883948
6869,-0.0202181710956486
6870,-0.0201914740913772
6871,-0.0183515806837111
6872,-0.0166709142868373
6873,-0.0156959403212441
6874,-0.0145735453488068
6875,-0.0125821114161319
6876,-0.00998417357134396
6877,-0.00749651978267455
6878,-0.00553052952438251
6879,-0.00408197414385124
6880,-0.00293711892358309
6881,-0.00181520794811714
6882,-0.000642052007028536
6883,0.000179397078931048
6884,0.000202018782299462
6885,-6.81423632432516E-05
6886,0.000926502075167837
6887,0.00423379418446285
6888,0.00880077070967294
6889,0.0120864962175502
6890,0.0125179918322813
6891,0.0109491343441796
6892,0.00945852799883424
6893,0.00908329852967618
6894,0.00909862279923183
6895,0.00822801404040906
6896,0.00603006236181706
6897,0.00310725034737931
6898,0.000413072425944861
6899,-0.00147945782384904
6900,-0.00270365643478328
6901,-0.0038401694749427
6902,-0.00516474825631576
6903,-0.00619073869085806
6904,-0.00636525987099745
6905,-0.00632027400890276
6906,-0.00782089479154063
6907,-0.0118553232455893
6908,-0.0170007646989054
6909,-0.0204051070976289
6910,-0.0205618362874212
6911,-0.0186215276371236
6912,-0.0167678263628442
6913,-0.0158294645667846
6914,-0.0149292136623677
6915,-0.0130695260911256
6916,-0.0103573144044648
6917,-0.00765378510034529
6918,-0.00561174486655087
6919,-0.00429339808027903
6920,-0.00335558025454392
6921,-0.00235909572527507
6922,-0.00115971475137502
6923,-0.000189271800119346
6924,-5.00364627231068E-06
6925,-0.000237525811167134
6926,0.000637531082050146
6927,0.00381775216242741
6928,0.00844582074905062
6929,0.0119779646583685
6930,0.0126106850467379
6931,0.0110042260353243
6932,0.00930434978854643
6933,0.00876499846593015
6934,0.00875270055588591
6935,0.00789976091760516
6936,0.0056890686199645
6937,0.00278347666841224
6938,0.000201189830270155
6939,-0.001564467606658
6940,-0.00278550953464942
6941,-0.00404601647485153
6942,-0.00547888835871832
6943,-0.00649057317555088
6944,-0.00656673119430472
6945,-0.00643041394818489
6946,-0.00786452524646405
6947,-0.0118190404685057
6948,-0.0168747483065624
6949,-0.020239896594426
6950,-0.0204475705806493
6951,-0.0186134068802199
6952,-0.0168418709636173
6953,-0.0159061849934559
6954,-0.0149449183099293
6955,-0.0130444330239469
6956,-0.0103948943129024
6957,-0.0078422863885542
6958,-0.00590872864366286
6959,-0.00453069250454613
6960,-0.00338369663671316
6961,-0.00217402135427018
6962,-0.000871822180310505
6963,0.000103673606513638
6964,0.000260639059027212
6965,-2.38600068236975E-05
6966,0.000743012354767581
6967,0.00378668172535297
6968,0.00834463115042958
6969,0.0119246372228539
6970,0.0126565693534376
6971,0.0110814631611541
6972,0.00930520900511014
6973,0.00867110070182419
6974,0.0086821896893537
6975,0.00801636541750972
6976,0.00604132085791269
6977,0.00322522096408723
6978,0.000501327755141475
6979,-0.00150245020912747
6980,-0.00282364038917287
6981,-0.00396489517952831
6982,-0.00522530533658674
6983,-0.00622740612541717
6984,-0.00646284972486087
6985,-0.00645384025733519
6986,-0.00783757588904801
6987,-0.0116573800013844
6988,-0.0167000934949321
6989,-0.0202281929247233
6990,-0.0206129440860422
6991,-0.0187966474651582
6992,-0.0169017932330074
6993,-0.0158678252568154
6994,-0.0149392619115662
6995,-0.0131449280777928
6996,-0.0105605373998236
6997,-0.00800430346417779
6998,-0.00604998102914479
6999,-0.0046569742560485
7000,-0.00346879024956045
7001,-0.00219347393579339
7002,-0.000875963318378723
7003,1.7093159755924E-05
7004,7.20449709309901E-05
7005,-0.000204084842306488
7006,0.000694793004882796
7007,0.00386193032176502
7008,0.00841645342781375
7009,0.0118976055592914
7010,0.0125598348577244
7011,0.0110126454038697
7012,0.00932490058589585
7013,0.00876798322937691
7014,0.00880288053336756
7015,0.00809953392319664
7016,0.00605153004392916
7017,0.00319026312691195
7018,0.000498407304406053
7019,-0.00143906077288153
7020,-0.00277504026975673
7021,-0.00405835820770504
7022,-0.00547712351752384
7023,-0.00649495416184354
7024,-0.00658599857829143
7025,-0.00642150477604121
7026,-0.00777671664339275
7027,-0.0116680583787882
7028,-0.0167508839323026
7029,-0.0202325903490204
7030,-0.0205653021483568
7031,-0.018777197303712
7032,-0.0169496599890166
7033,-0.0159089062227125
7034,-0.0148840808857345
7035,-0.0130282608865999
7036,-0.0105153259960099
7037,-0.00808499812436521
7038,-0.00614997890932604
7039,-0.00465695200998619
7040,-0.00342084707927376
7041,-0.00226345497417947
7042,-0.00109810622192545
7043,-0.000177925705735756
7044,5.93698003225919E-05
7045,-0.000156188148770791
7046,0.000511568062769396
7047,0.00336028026578358
7048,0.00788112576722366
7049,0.0117104097209493
7050,0.0128018717409017
7051,0.0114040416863787
7052,0.00953582318121519
7053,0.00871556385833318
7054,0.00863924288270211
7055,0.00799282679649966
7056,0.00604306456489066
7057,0.00323426076987044
7058,0.000565448004862089
7059,-0.00132693390250336
7060,-0.00258200193336223
7061,-0.00378277460402575
7062,-0.00517143289454801
7063,-0.00624845061195634
7064,-0.00647137606737842
7065,-0.00643484158696331
7066,-0.00783298448889853
7067,-0.0116771185948036
7068,-0.0167037681725225
7069,-0.0201992381768192
7070,-0.0206072612520974
7071,-0.0188903985035367
7072,-0.0171096320061389
7073,-0.0161393135376843
7074,-0.0152249969085345
7075,-0.0134277106550857
7076,-0.010808100330619
7077,-0.00813209505904461
7078,-0.00598865003878313
7079,-0.00446735263543525
7080,-0.00333999135745102
7081,-0.00227620260694516
7082,-0.00112798629958822
7083,-0.00022713939305057
7084,-6.94736649424183E-05
7085,-0.000336945901544007
7086,0.000426603673894799
7087,0.00345936724593231
7088,0.00801880526592343
7089,0.0116048739216801
7090,0.01234336474115
7091,0.0108172133952942
7092,0.00917503069014203
7093,0.00871075934616487
7094,0.00879664942718329
7095,0.00804582305958854
7096,0.00593094615466146
7097,0.00308996893360725
7098,0.00049263423068476
7099,-0.00136354050037556
7100,-0.0026448001605156
7101,-0.0038466933438904
7102,-0.00518434517106297
7103,-0.00623799342679499
7104,-0.00649582294878415
7105,-0.00645041801937869
7106,-0.00772064188136685
7107,-0.0114347146025836
7108,-0.0165169769415669
7109,-0.0202373157761343
7110,-0.020790469239365
7111,-0.0189504404355635
7112,-0.0168806988625291
7113,-0.0157141186322281
7114,-0.014813603262654
7115,-0.0131467803196063
7116,-0.0106561969652779
7117,-0.00809352617249683
7118,-0.00605626563040933
7119,-0.00457322794088523
7120,-0.00336318658451568
7121,-0.00216527820793827
7122,-0.000964769661866783
7123,-0.000125908825236061
7124,-5.34754934290634E-05
7125,-0.000365545167932964
7126,0.000343388455866189
7127,0.00326087034162533
7128,0.00772668902217426
7129,0.0113757966480414
7130,0.0123168866776653
7131,0.0109336223878917
7132,0.00921650790296938
7133,0.00853663490973862
7134,0.00848302444263739
7135,0.00775912779252238
7136,0.0057111105021581
7137,0.0028265998853802
7138,0.000107318342579294
7139,-0.00178549090035789
7140,-0.00294456859749899
7141,-0.00397048129660968
7142,-0.00521685801275359
7143,-0.00626959668906498
7144,-0.0065127033278731
7145,-0.00636958781136217
7146,-0.00749009972402616
7147,-0.0110761180249196
7148,-0.0161093321809141
7149,-0.019896538949971
7150,-0.0206346613063085
7151,-0.0190247851257761
7152,-0.0171094939742898
7153,-0.0159696988294548
7154,-0.0150407665964888
7155,-0.0133791203742264
7156,-0.0109034412451996
7157,-0.00828167271068832
7158,-0.00613622400907306
7159,-0.00464435907850249
7160,-0.00359617915751535
7161,-0.00258507872350888
7162,-0.00138404423001038
7163,-0.0003459926478524
7164,-9.21638743685413E-05
7165,-0.000423870994340849
7166,0.000134855240683546
7167,0.00300523781646154
7168,0.00764799366579502
7169,0.0115760301767447
7170,0.0126746882669319
7171,0.0112299137433102
7172,0.00932909529982714
7173,0.00850988018650934
7174,0.00843909740904833
7175,0.00777657361717858
7176,0.00579425372424103
7177,0.00296072824667165
7178,0.000300238913620329
7179,-0.00153594144498131
7180,-0.0027026334832318
7181,-0.00384312565397662
7182,-0.00525691861634183
7183,-0.00640097455412271
7184,-0.00657100593858344
7185,-0.00624187934464347
7186,-0.00723032298178764
7187,-0.0108758760562533
7188,-0.0161292319655742
7189,-0.0201106253365555
7190,-0.0208507595459925
7191,-0.0190703744682265
7192,-0.0169870131378333
7193,-0.0158186225299339
7194,-0.0149774056254874
7195,-0.0134119374821381
7196,-0.0109843465709623
7197,-0.00836416503920215
7198,-0.0061561940677605
7199,-0.00451632007843157
7200,-0.00330791525674453
7201,-0.00227343281058929
7202,-0.00123401485452718
7203,-0.000396656483099654
7204,-0.000203173195061493
7205,-0.000458520857569287
7206,0.000151572201973582
7207,0.00295605200443397
7208,0.00750247572794842
7209,0.011431898792551
7210,0.012634334137589
7211,0.0112989160546343
7212,0.00944350237140261
7213,0.00861355304969888
7214,0.0085220950740997
7215,0.00788054356614592
7216,0.00599266577691523
7217,0.00328125887746745
7218,0.000640823505706986
7219,-0.00135415515997827
7220,-0.00274096194376865
7221,-0.00394226597965559
7222,-0.00520034826665953
7223,-0.00616479041743702
7224,-0.0063339313305597
7225,-0.00614533855273012
7226,-0.00722031963054366
7227,-0.0108212088490143
7228,-0.0160076740631248
7229,-0.0199919205726464
7230,-0.0207496410238691
7231,-0.0189312374529426
7232,-0.0168175085585933
7233,-0.0157299593050573
7234,-0.0150381812460312
7235,-0.0135332907001794
7236,-0.0110232751077806
7237,-0.00830816066744312
7238,-0.00613240206847821
7239,-0.0046208382789721
7240,-0.00348539722907572
7241,-0.00237968376461796
7242,-0.00117646245542678
7243,-0.000199782837989927
7244,2.62025468578192E-05
7245,-0.000309139932512368
7246,0.000174467362998382
7247,0.0028971788871472
7248,0.00744284160310171
7249,0.0113976735727074
7250,0.0125800774749299
7251,0.0111930828986384
7252,0.00933793646187288
7253,0.00859002854963412
7254,0.00858277965239377
7255,0.00793390554822508
7256,0.00595503120932809
7257,0.00316589041811732
7258,0.00054078444012871
7259,-0.00134818054545899
7260,-0.00260476694459371
7261,-0.00373640392466789
7262,-0.00504260208734767
7263,-0.00615312736810749
7264,-0.00645649911718817
7265,-0.0062700222253662
7266,-0.00720261730214138
7267,-0.0106336757602414
7268,-0.0157579556110186
7269,-0.0198205466227726
7270,-0.0207228512717443
7271,-0.019021788170524
7272,-0.0169525589511029
7273,-0.01583900130682
7274,-0.0150758716604376
7275,-0.0134900631464431
7276,-0.0109247965335725
7277,-0.00819193708552743
7278,-0.00601664185688268
7279,-0.0045044134130214
7280,-0.00338606630460929
7281,-0.00235505506246522
7282,-0.00127188133921155
7283,-0.000362405193887244
7284,-5.88591236857734E-05
7285,-0.000228898095723763
7286,0.000306819810525682
7287,0.0028400121444538
7288,0.00709443348126394
7289,0.0109581201784215
7290,0.0123738708864591
7291,0.0113289519740678
7292,0.00961207327842507
7293,0.00875009876035738
7294,0.00861358655875374
7295,0.00801435830005751
7296,0.0061825168238183
7297,0.00343171717860578
7298,0.000692963883101962
7299,-0.00131717894179044
7300,-0.0025997579267825
7301,-0.00372874861216281
7302,-0.00510171249372426
7303,-0.00631062153931733
7304,-0.00662560785837867
7305,-0.00634132410477252
7306,-0.00716885152040458
7307,-0.0105696665043188
7308,-0.0157069012522456
7309,-0.0197607475724242
7310,-0.0206449785892866
7311,-0.0189775517776212
7312,-0.0169997994173121
7313,-0.0159773723573933
7314,-0.0152723567958389
7315,-0.0137391560989867
7316,-0.0112346771936277
7317,-0.00852161632060598
7318,-0.00628398497722695
7319,-0.00467268352202683
7320,-0.00349700728700139
7321,-0.00244843322957944
7322,-0.00131791245854711
7323,-0.000326708167163724
7324,-1.29039565149619E-06
7325,-0.000253458332467729
7326,0.000215860976015387
7327,0.00285153699079927
7328,0.00733725439059928
7329,0.0113325574848201
7330,0.0126292392948401
7331,0.0113258297152998
7332,0.00944634992333295
7333,0.00860805277290582
7334,0.00857295612535174
7335,0.00802946698242251
7336,0.00620584700876546
7337,0.00347104511400223
7338,0.000758085041213371
7339,-0.00124965458860947
7340,-0.0025412281546431
7341,-0.00364474642585844
7342,-0.00495718576540321
7343,-0.00611635705258999
7344,-0.00640145451074867
7345,-0.00606136873582713
7346,-0.00680182236118003
7347,-0.0101758252334598
7348,-0.0154354184762613
7349,-0.0197077602473382
7350,-0.020734159810373
7351,-0.0190215467731151
7352,-0.0168791553011735
7353,-0.0157318246991827
7354,-0.0150170815502861
7355,-0.0135339081592427
7356,-0.0110631004286294
7357,-0.00836896908742931
7358,-0.00617412391630884
7359,-0.00460961154740365
7360,-0.00341133718188207
7361,-0.00225166505175651
7362,-0.00101133995184407
7363,-2.52673310508845E-05
7364,0.000160080287342528
7365,-0.000288622334080688
7366,1.59797150348859E-05
7367,0.00256716794048424
7368,0.00708031180337098
7369,0.0112278548849126
7370,0.0127347677819894
7371,0.0115532263186425
7372,0.00961504533778
7373,0.00862169304226868
7374,0.00851667542962045
7375,0.00805045591202014
7376,0.00631669859342914
7377,0.0035268907854078
7378,0.000637591199188748
7379,-0.00149124961107677
7380,-0.00273462966904428
7381,-0.00369529978350452
7382,-0.00493256400035883
7383,-0.00615493551067369
7384,-0.00657028101145608
7385,-0.00631034557393533
7386,-0.00702335386002884
7387,-0.0102862862007088
7388,-0.0154178920463438
7389,-0.0196133888635564
7390,-0.0206536143187573
7391,-0.0190334836607761
7392,-0.0170004125842676
7393,-0.0159082340234289
7394,-0.0151679963521972
7395,-0.0136117575194272
7396,-0.0110743868071436
7397,-0.00835027773051341
7398,-0.00616672117675817
7399,-0.00466042655453665
7400,-0.00357175626921018
7401,-0.00253541533215393
7402,-0.00134563213188466
7403,-0.000276646550567671
7404,7.66638918223563E-05
7405,-0.000251961190278796
7406,3.59380800485003E-05
7407,0.00247828525295551
7408,0.00691570062206648
7409,0.0110992229363961
7410,0.0127281869542486
7411,0.0116726808693705
7412,0.00979681747239686
7413,0.008778943174554
7414,0.00859029337782252
7415,0.00805586896198746
7416,0.00634760905783307
7417,0.00368254628411302
7418,0.000926160782923389
7419,-0.00116709512612563
7420,-0.00248351009615542
7421,-0.00353887166977269
7422,-0.00480754130137318
7423,-0.00598914472612043
7424,-0.00633190586449817
7425,-0.00599966725440741
7426,-0.0066650033399866
7427,-0.00994535264196315
7428,-0.0151849042896985
7429,-0.0195324293514598
7430,-0.020672932170606
7431,-0.0190572718668014
7432,-0.0169860465520402
7433,-0.0158876840454006
7434,-0.0151841864702549
7435,-0.0136795268833366
7436,-0.0112140203202272
7437,-0.00860104597734354
7438,-0.00651341199206686
7439,-0.00497492235227721
7440,-0.00369978244961832
7441,-0.0024612706297692
7442,-0.00122325973405374
7443,-0.000268591287906117
7444,-4.06650942107064E-05
7445,-0.000380289019695913
7446,-1.17373964916951E-05
7447,0.0025061926645501
7448,0.00697156440876865
7449,0.0111572469130689
7450,0.0127787115894291
7451,0.0117005021868021
7452,0.00979711459095678
7453,0.00877150709424492
7454,0.00859103824756523
7455,0.00805341853205245
7456,0.00633342843099568
7457,0.00368796434471216
7458,0.0010002385865461
7459,-0.00100624193130504
7460,-0.00225308821701003
7461,-0.00327252878665821
7462,-0.00457732588159266
7463,-0.00592360624053362
7464,-0.00652465513357051
7465,-0.0063629338940008
7466,-0.00694143050074876
7467,-0.009942347374639
7468,-0.0149795319330992
7469,-0.0193795316369615
7470,-0.0207163569297321
7471,-0.0191981196680324
7472,-0.0170433617940137
7473,-0.015806419673802
7474,-0.0150334399493231
7475,-0.0135114810635217
7476,-0.0110158187215122
7477,-0.00837332151861734
7478,-0.00630914522786898
7479,-0.00483539081646313
7480,-0.00361518363336441
7481,-0.0024266629886669
7482,-0.0012709379532007
7483,-0.000384072182491382
7484,-9.50617705098356E-05
7485,-0.000243603008547072
7486,0.000259094749179753
7487,0.00268151001022283
7488,0.0069006080035446
7489,0.0109468897854491
7490,0.0126541586316089
7491,0.0117287848615163
7492,0.00984568844827362
7493,0.0087464715807994
7494,0.00860698291045022
7495,0.00828521918449905
7496,0.00675423392842252
7497,0.00405781273247551
7498,0.00111916948970925
7499,-0.00112124340746831
7500,-0.00246754493360435
7501,-0.00351330161203421
7502,-0.00482636427459752
7503,-0.00609383212877963
7504,-0.00647900891587596
7505,-0.0060917607793351
7506,-0.00662607240292278
7507,-0.00977066864429594
7508,-0.0149489131901883
7509,-0.0193541223705731
7510,-0.0206405547071503
7511,-0.019158371368407
7512,-0.0171200691731112
7513,-0.0159681393367588
7514,-0.0152231879671107
7515,-0.0137491333777924
7516,-0.0113255445962142
7517,-0.00865803777154676
7518,-0.00641734952062924
7519,-0.00476897781676208
7520,-0.00356704312885124
7521,-0.0025478366024773
7522,-0.00147216725531465
7523,-0.000465750358511259
7524,-4.45857457273177E-05
7525,-0.000281181218026881
7526,-2.48130458274796E-05
7527,0.00229880603794365
7528,0.0067187778614614
7529,0.011052187467956
7530,0.0128244039643059
7531,0.0117336709968451
7532,0.0097346778476081
7533,0.00874331003162086
7534,0.00877845948458791
7535,0.00845698930453071
7536,0.00677658603068771
7537,0.00402457062084762
7538,0.00122793415336596
7539,-0.00084438424684787
7540,-0.00217472314082304
7541,-0.00329463122879489
7542,-0.00461173336159432
7543,-0.00583242801337437
7544,-0.0062742419281831
7545,-0.00604372594480266
7546,-0.00662399210572792
7547,-0.00959410739640199
7548,-0.0145681359970592
7549,-0.0189932410015078
7550,-0.0205032711976035
7551,-0.0192034069761586
7552,-0.0171745894599117
7553,-0.0159631933061429
7554,-0.0152080706932761
7555,-0.0137349065406896
7556,-0.0112530877248365
7557,-0.00852366649152327
7558,-0.00630242205490379
7559,-0.00469819575240749
7560,-0.00343928524888899
7561,-0.00228288794503521
7562,-0.00114755210844932
7563,-0.000206901856151976
7564,0.000172107240656323
7565,2.332091943236E-05
7566,0.000359468035767238
7567,0.00255311561818336
7568,0.00669652692139769
7569,0.0109153205948526
7570,0.0129018385816956
7571,0.0121413492200606
7572,0.0102357293177546
7573,0.00902083731832794
7574,0.00877787762284578
7575,0.0084007870617051
7576,0.00688192729869879
7577,0.00427816614973945
7578,0.00144338671804003
7579,-0.000809254813786445
7580,-0.00229542174058316
7581,-0.00344393752644896
7582,-0.00469486706378934
7583,-0.00584571284613399
7584,-0.00626124515006716
7585,-0.00603145380592288
7586,-0.00661576291835201
7587,-0.00960561197535352
7588,-0.0146375625891156
7589,-0.0191412333744996
7590,-0.0206965151868118
7591,-0.0193800056555269
7592,-0.0173090013867905
7593,-0.0160937583629679
7594,-0.0153948726495616
7595,-0.0139953761524252
7596,-0.0115423013644499
7597,-0.00877704228065458
7598,-0.00650192461552609
7599,-0.0048980754078816
7600,-0.00370835915087438
7601,-0.0026012443959066
7602,-0.00137979074349667
7603,-0.000227403369467109
7604,0.00031663479731696
7605,0.000130445028628247
7606,0.000293939205833439
7607,0.00241386050587504
7608,0.00669242485529301
7609,0.0110867743092227
7610,0.013052076115229
7611,0.0120768506498201
7612,0.0099997923499843
7613,0.00881982332467604
7614,0.0087205310081296
7615,0.00840354577948754
7616,0.00682590713393004
7617,0.00416376751752199
7618,0.00134185604468035
7619,-0.0008877729277128
7620,-0.00240859279461916
7621,-0.00361597425138678
7622,-0.00488365776515949
7623,-0.00602133568383397
7624,-0.00645481461469315
7625,-0.00626980893119353
7626,-0.00684734163615411
7627,-0.00974607620204995
7628,-0.014685501061676
7629,-0.0191994746930404
7630,-0.0208546115513826
7631,-0.0196027791013564
7632,-0.0174749056255175
7633,-0.0161364674637274
7634,-0.0153723056184121
7635,-0.0140122425022115
7636,-0.0116373614146069
7637,-0.00890837095550757
7638,-0.00660910556614448
7639,-0.00493333369968586
7640,-0.00362728480628035
7641,-0.00239771646190263
7642,-0.00115573600548994
7643,-0.000162229520789812
7644,0.000130107972854625
7645,-0.000209653488671913
7646,-3.33345952980022E-05
7647,0.00212796020441281
7648,0.00634184953493521
7649,0.010650650106668
7650,0.0127076265937793
7651,0.0120150955086881
7652,0.0101875448515097
7653,0.00904452539396482
7654,0.00885876550876478
7655,0.00854156188270437
7656,0.00708756430284205
7657,0.00451450392127907
7658,0.0016464543912966
7659,-0.000663589104706165
7660,-0.0021591087275235
7661,-0.00327503476124933
7662,-0.00456168238735823
7663,-0.00589870778416567
7664,-0.00656107353606347
7665,-0.00642760439599665
7666,-0.00685176949085548
7667,-0.0095667265950875
7668,-0.0144662917565424
7669,-0.0190823611816886
7670,-0.0208495564328991
7671,-0.0196406932561809
7672,-0.0175361396473729
7673,-0.0162684253085769
7674,-0.0155906168568793
7675,-0.0142517265079529
7676,-0.0118354665780197
7677,-0.00909231923238052
7678,-0.00685100447593452
7679,-0.00524390478987433
7680,-0.00395301977377536
7681,-0.00271469554331991
7682,-0.00149309339332547
7683,-0.000507218152551264
7684,-0.000117833503289651
7685,-0.000272924368666626
7686,2.23212417580057E-05
7687,0.00211428914820092
7688,0.00611652943420817
7689,0.0102227746816497
7690,0.012193345455783
7691,0.0115470630377058
7692,0.00986697927645937
7693,0.0089058105501145
7694,0.00883156197145132
7695,0.00848858442423386
7696,0.00693526564832875
7697,0.00433314156970043
7698,0.00155408933533768
7699,-0.000663530493796137
7700,-0.00218954355741668
7701,-0.00342775178180341
7702,-0.00478376543322245
7703,-0.00606635358140256
7704,-0.00662397795052493
7705,-0.00643050504165903
7706,-0.00683267677298786
7707,-0.00949898875368889
7708,-0.0143271775915802
7709,-0.0189380546618208
7710,-0.0208202179576184
7711,-0.0197730516276643
7712,-0.0177417576390077
7713,-0.0164135490412186
7714,-0.0156356912197926
7715,-0.0142735299571145
7716,-0.0119073342073984
7717,-0.00918178802063203
7718,-0.00687248683250851
7719,-0.00519512166040238
7720,-0.00394151895312514
7721,-0.00282451505068405
7722,-0.00166640948479402
7723,-0.000606307635933175
7724,-9.337417706805E-05
7725,-0.000224298814781772
7726,-3.26193646972686E-05
7727,0.00195363933885056
7728,0.00599413920253437
7729,0.0103109412090469
7730,0.0125512695240549
7731,0.0120602600542241
7732,0.0103089798548027
7733,0.00909347811723433
7734,0.00876189380692265
7735,0.00832386912953633
7736,0.00683439804455007
7737,0.00430676332708044
7738,0.00150382941707646
7739,-0.000786796797028181
7740,-0.00231680802393578
7741,-0.00346826584115477
7742,-0.00474178181224125
7743,-0.00602578869852493
7744,-0.00663849256226947
7745,-0.0064693069388506
7746,-0.00683685298329208
7747,-0.00946212410134342
7748,-0.0143031150811568
7749,-0.0189773164640832
7750,-0.0209097973687405
7751,-0.0198455483356752
7752,-0.0177482122544688
7753,-0.0163834848891675
7754,-0.015647698593668
7755,-0.0143577055570603
7756,-0.0119990328140683
7757,-0.00919840808881395
7758,-0.00682620792310485
7759,-0.00519006268869379
7760,-0.00404746762705392
7761,-0.00298575222155891
7762,-0.00176515066834903
7763,-0.000601536352072794
7764,-6.55642173925482E-05
7765,-0.000281921404550622
7766,-0.000200715143472763
7767,0.00174308099214354
7768,0.00582252626899422
7769,0.0102018995325899
7770,0.0124686810604127
7771,0.0119556255303497
7772,0.0101642377799375
7773,0.00892795383436529
7774,0.00861022337062133
7775,0.00820917556943262
7776,0.00675971132691096
7777,0.00426323953989278
7778,0.00148240779838864
7779,-0.000791803587589709
7780,-0.00231007009427432
7781,-0.00345785827368017
7782,-0.00474018681681047
7783,-0.00603957816057211
7784,-0.00664650641987399
7785,-0.00641460911875888
7786,-0.00666276471370244
7787,-0.00917646671618841
7788,-0.0140029486178622
7789,-0.0187873626323499
7790,-0.0208807454713437
7791,-0.0199128778572877
7792,-0.017794123057422
7793,-0.01633743583898
7794,-0.0155289337728424
7795,-0.0142358614741567
7796,-0.0119243864915017
7797,-0.00916293563071071
7798,-0.00677394994676581
7799,-0.00506484831789277
7800,-0.00384924784396862
7801,-0.00278905637153019
7802,-0.00166810530057891
7803,-0.000641006574134251
7804,-0.000186301307421585
7805,-0.000397656464817906
7806,-0.000275384694717788
7807,0.00168811945488726
7808,0.00576573462977701
7809,0.0101541703640751
7810,0.0124455017754338
7811,0.011949211597424
7812,0.0101602921569098
7813,0.00893145178370748
7814,0.00863681571894248
7815,0.00826965593708964
7816,0.00686398145883031
7817,0.0044119421869142
7818,0.0016237956566948
7819,-0.000760303373856279
7820,-0.00243502632748592
7821,-0.00362531864961258
7822,-0.00474630888380339
7823,-0.00579977726995799
7824,-0.00629072268575167
7825,-0.00613762504961546
7826,-0.00651744883186184
7827,-0.00906169558303901
7828,-0.0138222869754488
7829,-0.0185499008587073
7830,-0.0206470999690342
7831,-0.0197122730392442
7832,-0.0176249985466851
7833,-0.0162094877134917
7834,-0.015474594541717
7835,-0.014299554146888
7836,-0.0121459004520187
7837,-0.00953370572280655
7838,-0.00719705161437102
7839,-0.00540721943835018
7840,-0.00406131983888068
7841,-0.00292357071471347
7842,-0.00174550931251804
7843,-0.000571339695372966
7844,8.12155738949457E-05
7845,-0.000103512241453726
7846,-0.00023912295736144
7847,0.00140047949920745
7848,0.00542143574091688
7849,0.0100595770244278
7850,0.0126130897171341
7851,0.0121514831981225
7852,0.0102559734115359
7853,0.00899937239071958
7854,0.00877951085271144
7855,0.00842664781469109
7856,0.00691198239173033
7857,0.00437408289028762
7858,0.0016665453722359
7859,-0.000530695482227673
7860,-0.00208621216860277
7861,-0.00329938458560653
7862,-0.00452367952745049
7863,-0.00569181216799599
7864,-0.00628973401265416
7865,-0.00619898154879032
7866,-0.0065317904087535
7867,-0.00894315202933541
7868,-0.0136419108843773
7869,-0.0185005044838789
7870,-0.0208259879538252
7871,-0.0199944352467522
7872,-0.0178168961192471
7873,-0.0162838674748043
7874,-0.0155557489319425
7875,-0.014427345527482
7876,-0.0121798850135905
7877,-0.00935189383199883
7878,-0.00688768446392164
7879,-0.00515407242419964
7880,-0.00389972822644808
7881,-0.00275021171316326
7882,-0.00155677818267182
7883,-0.000517438501662158
7884,-4.51943761104079E-05
7885,-0.000190977636480015
7886,-6.47602038391633E-05
7887,0.00170757384700271
7888,0.00547240765527684
7889,0.00968008530246286
7890,0.0120665749855609
7891,0.0118101737402425
7892,0.0101776620633456
7893,0.00896317821953257
7894,0.00866162289120888
7895,0.0083566307520889
7896,0.00702674030581338
7897,0.00457119205003233
7898,0.00171450889119389
7899,-0.000696682841631078
7900,-0.00229377521788598
7901,-0.00336799570669708
7902,-0.00448064529468652
7903,-0.00571675868595892
7904,-0.00648442897519797
7905,-0.00646464577879114
7906,-0.0066750023725323
7907,-0.00886948935432476
7908,-0.0134261558584256
7909,-0.0182847375919159
7910,-0.0206824556476849
7911,-0.0198992434590918
7912,-0.0177268093648662
7913,-0.0161989089028787
7914,-0.0155046355093532
7915,-0.0144250773070735
7916,-0.0122206407944237
7917,-0.00942972788034514
7918,-0.00700909104446714
7919,-0.00533636818643822
7920,-0.00414949921960009
7921,-0.00301371829713665
7922,-0.00169502289419354
7923,-0.000403068892763801
7924,0.000260828589279173
7925,3.26246290509673E-05
7926,-0.000155517434119446
7927,0.00139694871472932
7928,0.00529573465228494
7929,0.00986099224846955
7930,0.0124615803690427
7931,0.0121202939380309
7932,0.0103044297852594
7933,0.00903751847456218
7934,0.00877548372038437
7935,0.00844038321124168
7936,0.00703377752251694
7937,0.00462706920227292
7938,0.00195848255981154
7939,-0.000338593906591401
7940,-0.00203818385023774
7941,-0.00329895737185614
7942,-0.00447558008392098
7943,-0.00566126944643743
7944,-0.00642932586960571
7945,-0.00649898690961369
7946,-0.00674702364565153
7947,-0.00885311456854138
7948,-0.0133296666632383
7949,-0.0182724875358909
7950,-0.0208678662208713
7951,-0.0202034807864753
7952,-0.017986458678725
7953,-0.0163508088757494
7954,-0.0156071204172589
7955,-0.0145364687661846
7956,-0.0123273670278792
7957,-0.00949129445461686
7958,-0.00701494967711213
7959,-0.00530104674756312
7960,-0.00409768751677791
7961,-0.00299794089416779
7962,-0.00179066490320527
7963,-0.000634689945102681
7964,-2.11124160285078E-05
7965,-0.000169745121388164
7966,-0.000244376091265381
7967,0.00132789465667143
7968,0.00516364394377339
7969,0.00972197387977011
7970,0.0124356720468027
7971,0.0122036775066606
7972,0.0103467420558154
7973,0.00894478054278472
7974,0.00865454969285642
7975,0.0084500065118853
7976,0.00713320033993785
7977,0.00459971187232381
7978,0.00171120886331463
7979,-0.000621572983264174
7980,-0.00212727841766062
7981,-0.0032242147340851
7982,-0.0044770749761742
7983,-0.00586473674346942
7984,-0.0067087368429998
7985,-0.00669059725028039
7986,-0.00686943517394359
7987,-0.00902683860955265
7988,-0.0135675186219028
7989,-0.0184772193772197
7990,-0.0210089561234534
7991,-0.0203669466975804
7992,-0.0182218057251687
7993,-0.0165770108213497
7994,-0.0157339417933677
7995,-0.0146050559836301
7996,-0.0124439186276237
7997,-0.0096596487298145
7998,-0.00713276762650042
7999,-0.00532321977098087
8000,-0.00410819921404655
8001,-0.0030734395468784
8002,-0.00186192395266934
8003,-0.000566976689842713
8004,0.000185675125945053
8005,2.50783529404002E-06
8006,-0.000267969309525774
8007,0.00113205667184379
8008,0.00495470091769499
8009,0.0096165319445061
8010,0.0124372402481136
8011,0.0122819549917812
8012,0.0104929964799196
8013,0.00911550851777106
8014,0.00874329084256182
8015,0.00840565127597323
8016,0.00707729711307407
8017,0.00471953253397102
8018,0.00201031432787539
8019,-0.000375863148058609
8020,-0.00213982053179009
8021,-0.00341667430461237
8022,-0.00458683857752342
8023,-0.00576959649700896
8024,-0.00654010700973849
8025,-0.00659965734905546
8026,-0.00679163623678242
8027,-0.00876878495962977
8028,-0.013075394870012
8029,-0.0179134877387735
8030,-0.020562974553956
8031,-0.0200832175722538
8032,-0.0180490294748365
8033,-0.0165029814386941
8034,-0.0157903396777074
8035,-0.0147690539012757
8036,-0.0126224981374912
8037,-0.0097910940559581
8038,-0.00724446213573324
8039,-0.00545668240458775
8040,-0.00423674082813749
8041,-0.00314926841305907
8042,-0.00191952926162796
8043,-0.000704774534355942
8044,-5.64938952838247E-05
8045,-0.000233577520175122
8046,-0.000373711508979993
8047,0.00114952588494323
8048,0.00498570810139024
8049,0.00960112482527107
8050,0.0124200797486161
8051,0.0123068251254272
8052,0.010515659363267
8053,0.009070579069165
8054,0.00865358304538054
8055,0.00836256723425105
8056,0.00712983590632461
8057,0.00484569185948919
8058,0.00218991159393501
8059,-0.000139662405425979
8060,-0.00190033693564704
8061,-0.0033097048055538
8062,-0.00470103930915055
8063,-0.00601459785489074
8064,-0.00671445339815576
8065,-0.00659850456141067
8066,-0.00670002184224226
8067,-0.00874471480830388
8068,-0.0131959189324286
8069,-0.0181571776080738
8070,-0.0208827436076857
8071,-0.0204337711977326
8072,-0.0183673773125181
8073,-0.016735268601952
8074,-0.015958842128349
8075,-0.0149701392921378
8076,-0.012926872184264
8077,-0.0101660315711841
8078,-0.00759586344996619
8079,-0.00573050977483735
8080,-0.00445624088147729
8081,-0.00336425493045615
8082,-0.0021451388835736
8083,-0.000907667858801316
8084,-0.000183020049641691
8085,-0.00026124864831158
8086,-0.000363783733279896
8087,0.00105529700437302
8088,0.00466517336120951
8089,0.00907673720993564
8090,0.0118634966711167
8091,0.0118984033780555
8092,0.0103177114896041
8093,0.00905472116408138
8094,0.00880503947036876
8095,0.00868212769374642
8096,0.00753336915291649
8097,0.00514987947524989
8098,0.00226717303180734
8099,-0.000217259734932495
8100,-0.00193178848489026
8101,-0.00317752003174612
8102,-0.00446479617523234
8103,-0.00578941902696513
8104,-0.00651908906604879
8105,-0.00636785247910846
8106,-0.00641196893077957
8107,-0.00846817590449635
8108,-0.0130021093762092
8109,-0.0180308270584064
8110,-0.0207537204950915
8111,-0.0202752357986012
8112,-0.0182234684753101
8113,-0.0166488198423941
8114,-0.0159033015877017
8115,-0.0148750704304246
8116,-0.0127575540620692
8117,-0.00995569875259409
8118,-0.00740460095525524
8119,-0.00560116503286867
8120,-0.00441152177266353
8121,-0.00340490492479547
8122,-0.00221784030085428
8123,-0.000906085880525684
8124,-4.16121620987991E-05
8125,-5.34388971422998E-05
8126,-0.000250649939774114
8127,0.00100595764969224
8128,0.00457087855905387
8129,0.00911192960504573
8130,0.0120648983702543
8131,0.0121374764334721
8132,0.0104394548880144
8133,0.0089881952451234
8134,0.00856154441537499
8135,0.00833767826101992
8136,0.00723208703389183
8137,0.00503026855702132
8138,0.00231531924923623
8139,-0.000179676443868088
8140,-0.00203198565755349
8141,-0.00331466603018255
8142,-0.00445923897332811
8143,-0.00568615754034439
8144,-0.00658538946651075
8145,-0.00672280917244606
8146,-0.00679039863958953
8147,-0.00849568312560554
8148,-0.012655347456194
8149,-0.0176731739635671
8150,-0.0207023470056339
8151,-0.0204712351581962
8152,-0.0183918924001281
8153,-0.016663440317412
8154,-0.0158738963671146
8155,-0.0149379464219271
8156,-0.0129239173930556
8157,-0.0101728684110354
8158,-0.00763871094764529
8159,-0.00580256270396379
8160,-0.00449588694004524
8161,-0.00335900755873214
8162,-0.00217521331114232
8163,-0.00102217659118161
8164,-0.000303597013997014
8165,-0.000294146410329157
8166,-0.000352856244433189
8167,0.00100402955111863
8168,0.00459681547433202
8169,0.00919259652985982
8170,0.0122652542042368
8171,0.0124256336847584
8172,0.0107128337948554
8173,0.009223729409263
8174,0.00884238671408663
8175,0.00870365764710415
8176,0.00759066351818828
8177,0.00527772335220287
8178,0.00248849444807257
8179,4.34400406361796E-05
8180,-0.00172995223889379
8181,-0.00303812604801112
8182,-0.00428649941428426
8183,-0.00555334848141207
8184,-0.00638255169635462
8185,-0.00645288295177921
8186,-0.0065624194637977
8187,-0.00837907475636589
8188,-0.0126112842047769
8189,-0.0176402171376639
8190,-0.020684729140825
8191,-0.0205068485083366
8192,-0.018478209805671
8193,-0.016768509608482
8194,-0.0160002374062434
8195,-0.0151157724685967
8196,-0.0131303680259339
8197,-0.0103096093619577
8198,-0.00762834655055605
8199,-0.0056870021691782
8200,-0.00439914129716431
8201,-0.00335348596086369
8202,-0.00221660053119725
8203,-0.00102736519619783
8204,-0.000264616787575256
8205,-0.000286630578519677
8206,-0.000442023726035736
8207,0.000833393167621243
8208,0.00441188291368019
8209,0.00904628015717286
8210,0.0121788209532278
8211,0.0124077058151502
8212,0.0107484839620337
8213,0.00924619823957871
8214,0.00876597846685534
8215,0.00851624796484615
8216,0.00738341023524643
8217,0.00514901990086054
8218,0.00243886445347822
8219,8.31133968734034E-06
8220,-0.00176050037247768
8221,-0.00300049829257494
8222,-0.00416120987547282
8223,-0.0054346909006336
8224,-0.00637343274549843
8225,-0.0065270021711064
8226,-0.00659997416549324
8227,-0.00833092335704263
8228,-0.0125564997102015
8229,-0.0176632413762689
8230,-0.0207620713987998
8231,-0.0205589401921764
8232,-0.0184820917429773
8233,-0.0167557069875617
8234,-0.0159712897859182
8235,-0.0150367862693711
8236,-0.0130211175244387
8237,-0.0102565637520969
8238,-0.00766612916777118
8239,-0.00572177292251088
8240,-0.00431718296132485
8241,-0.00317802146040912
8242,-0.00207831284543967
8243,-0.000974603666555375
8244,-0.000193559534091276
8245,-0.000123007647743107
8246,-0.0003313841211387
8247,0.000630317660100627
8248,0.00383726182995562
8249,0.00837457890898509
8250,0.0117622742710937
8251,0.0123319348419032
8252,0.0108113524023162
8253,0.00925178593321805
8254,0.00873705596322928
8255,0.00858446588347196
8256,0.00756657433500057
8257,0.00533131318765601
8258,0.00252953776755219
8259,1.01707861388169E-05
8260,-0.00184552871088916
8261,-0.0032237564535618
8262,-0.00452366209666513
8263,-0.00580411689687656
8264,-0.0065929250754157
8265,-0.00658092222501058
8266,-0.00659997869239211
8267,-0.00835599046743962
8268,-0.0125914542705461
8269,-0.0176982069982759
8270,-0.0208510915474695
8271,-0.0207287864163363
8272,-0.0186576395564534
8273,-0.0168512743026722
8274,-0.0160128096232929
8275,-0.0151122599696896
8276,-0.0131357670527341
8277,-0.0103347411184067
8278,-0.00769989682713241
8279,-0.00581158299239279
8280,-0.00451212838286009
8281,-0.00335987287919503
8282,-0.00209097159765343
8283,-0.000826500515288365
8284,-3.60681695260696E-05
8285,-3.30602049313707E-05
8286,-0.000211815497061659
8287,0.000898751064829662
8288,0.00421635215824336
8289,0.00869776966801325
8290,0.0119042135675129
8291,0.0122968157143718
8292,0.0106803656269969
8293,0.00910602422433624
8294,0.00862950580750019
8295,0.00852962007557105
8296,0.00753727484527163
8297,0.00530153189847378
8298,0.00253480349539363
8299,0.000125310481730549
8300,-0.00161371262905776
8301,-0.00298383670390271
8302,-0.00439964764309147
8303,-0.00580895730764431
8304,-0.00664032695259678
8305,-0.00659998521539135
8306,-0.00657783307908614
8307,-0.00827141515984494
8308,-0.0123929500904449
8309,-0.0174032890973489
8310,-0.0206125655191506
8311,-0.0207114840783281
8312,-0.0188418300925229
8313,-0.0170316057459247
8314,-0.0160301704063213
8315,-0.0150409247317318
8316,-0.0131895062663519
8317,-0.0106104772767161
8318,-0.00807617277170917
8319,-0.0061063239301362
8320,-0.00468335926267247
8321,-0.00351341296087455
8322,-0.00232804923574688
8323,-0.00114498195661469
8324,-0.000386900272234571
8325,-0.000416329060597366
8326,-0.000662574459344776
8327,0.0004158381964109
8328,0.00384878734816743
8329,0.00859791442143854
8330,0.0120713873890297
8331,0.0125468264797633
8332,0.0107962217215313
8333,0.00902812792619189
8334,0.00849276805037047
8335,0.00851239065872776
8336,0.00768049436175545
8337,0.00547883136097083
8338,0.00258632726300945
8339,8.86542187325418E-06
8340,-0.00179825500078481
8341,-0.00310046497832429
8342,-0.00439661628890671
8343,-0.00574025193945607
8344,-0.00657627071552338
8345,-0.00652445540256822
8346,-0.00638951069174629
8347,-0.00790167821358992
8348,-0.0119139702518663
8349,-0.0169868856983558
8350,-0.0203639984537207
8351,-0.0205651039525008
8352,-0.0186521884706796
8353,-0.0167597212940058
8354,-0.0158002039244654
8355,-0.0149937392936838
8356,-0.0133064212757383
8357,-0.0107168783272606
8358,-0.00801789243851074
8359,-0.00589796273463836
8360,-0.00446975785194264
8361,-0.00340188095459211
8362,-0.00227949178625301
8363,-0.00103520551580794
8364,-0.000159850435496951
8365,-0.000157069340618108
8366,-0.000515236283974222
8367,0.000384884558571158
8368,0.00369169456130192
8369,0.00840930884560382
8370,0.011913944477985
8371,0.0124587823361571
8372,0.0108197565724042
8373,0.00917775477352705
8374,0.00871321986132842
8375,0.00872373733998518
8376,0.0078708473234453
8377,0.00570178020876849
8378,0.00285554891030256
8379,0.000256973874599906
8380,-0.00161422655718161
8381,-0.00291432184606667
8382,-0.00413411871535789
8383,-0.00547567058957943
8384,-0.00648474484862606
8385,-0.00665567418407571
8386,-0.00657804181415823
8387,-0.00795759246427857
8388,-0.0118361599200138
8389,-0.0169176560599062
8390,-0.0203876620748321
8391,-0.0206506378771657
8392,-0.0187692439649503
8393,-0.016926673742503
8394,-0.0159830793369522
8395,-0.0150678030966813
8396,-0.0132025053435072
8397,-0.0105431441903698
8398,-0.00794538508883242
8399,-0.00595611231110898
8400,-0.00454922092564285
8401,-0.00344478129438735
8402,-0.00235257414748699
8403,-0.00117829723022568
8404,-0.000265610256554975
8405,-9.38684250259823E-05
8406,-0.000325521768499385
8407,0.000506675740934948
8408,0.00362805856074481
8409,0.00826246472555655
8410,0.011898231219507
8411,0.0126900609679584
8412,0.0112231159905752
8413,0.00956003773661249
8414,0.00890490916476721
8415,0.00869224325078325
8416,0.00773866033341135
8417,0.00563936248578308
8418,0.00292453844643726
8419,0.000364777629074111
8420,-0.00158682017633535
8421,-0.00296355338413436
8422,-0.00414771044308013
8423,-0.00537964461109245
8424,-0.00631806350832567
8425,-0.00648912476763563
8426,-0.00642013454304511
8427,-0.00778465950111685
8428,-0.0116754812535473
8429,-0.0168335122781483
8430,-0.0203881322582712
8431,-0.0206698625486243
8432,-0.0187674909752921
8433,-0.0169629392311955
8434,-0.0161467122791411
8435,-0.0153585019747414
8436,-0.0135194122518167
8437,-0.0107887230234612
8438,-0.00810229166915795
8439,-0.00605741395336256
8440,-0.00461309470797482
8441,-0.00346650530020906
8442,-0.002341817566152
8443,-0.00117596653664903
8444,-0.000327866174915197
8445,-0.000272061114764613
8446,-0.000641352270639665
8447,0.000101490008039449
8448,0.00326054626955829
8449,0.00805219606932404
8450,0.0118297753929156
8451,0.0126048632651553
8452,0.0109879209696813
8453,0.00923491111810974
8454,0.00868991479258182
8455,0.00869600790588479
8456,0.00785533066657879
8457,0.00569501187981757
8458,0.00289479426848134
8459,0.000371187342559551
8460,-0.00148117243783852
8461,-0.00285793870673462
8462,-0.00416487459690102
8463,-0.00550229282882644
8464,-0.00643790793766008
8465,-0.00656481751277033
8466,-0.00648219565693678
8467,-0.00780122504324528
8468,-0.0115442169042938
8469,-0.0165577416605438
8470,-0.0201478667340206
8471,-0.0206141067515268
8472,-0.0188011298997786
8473,-0.0168662620079287
8474,-0.0158823969851743
8475,-0.0151184452811338
8476,-0.0134426219008619
8477,-0.0107808737652737
8478,-0.00802559340137166
8479,-0.00597494443087557
8480,-0.00468731645339572
8481,-0.0036662110087462
8482,-0.00243123236791034
8483,-0.00102432832632418
8484,-6.88640139201155E-05
8485,-7.12609356550084E-05
8486,-0.000444217397609712
8487,0.000434631877393474
8488,0.00363881106872792
8489,0.00817354101012662
8490,0.0115592296614282
8491,0.0121791421979255
8492,0.0107382237278917
8493,0.00920170615234077
8494,0.00864807241948546
8495,0.00852102363807241
8496,0.00770278821290521
8497,0.0057648819752357
8498,0.00314300065615182
8499,0.000569458663049145
8500,-0.0014501902547906
8501,-0.00289368176885554
8502,-0.00414447659845889
8503,-0.00545909115608639
8504,-0.00646633086880509
8505,-0.00662832790727302
8506,-0.00644518422835272
8507,-0.00765350704900209
8508,-0.0114742646291122
8509,-0.0167334953309952
8510,-0.0204933134875077
8511,-0.0208907850179403
8512,-0.0188817387893806
8513,-0.0168346686309196
8514,-0.0158659219020944
8515,-0.0151298179282523
8516,-0.0134368174734552
8517,-0.0107746076125043
8518,-0.00805814103850119
8519,-0.00599049175962665
8520,-0.00457314102510293
8521,-0.00342169731408433
8522,-0.00219955190486568
8523,-0.000909484958860847
8524,-4.98934390504279E-06
8525,5.11787172797004E-05
8526,-0.00030460360386571
8527,0.000443061892684215
8528,0.00349651631994956
8529,0.00807342516268423
8530,0.0117008131907878
8531,0.0125404961380512
8532,0.0111151106239202
8533,0.00944066985100871
8534,0.00877581052561085
8535,0.00865248714239477
8536,0.0078870390828404
8537,0.00594666487991298
8538,0.00323927559758659
8539,0.000555407279399444
8540,-0.00151337160513583
8541,-0.0028962897517228
8542,-0.00401153676712704
8543,-0.00522237364525101
8544,-0.0062458963509275
8545,-0.00651317727663611
8546,-0.00638325615627586
8547,-0.00748009032285562
8548,-0.011072718711521
8549,-0.0161750612814614
8550,-0.0200078766825023
8551,-0.0206816368427318
8552,-0.0189538683688436
8553,-0.0170048706704549
8554,-0.0159477606204215
8555,-0.0151044886334236
8556,-0.0134299439500222
8557,-0.0108766206522597
8558,-0.00821031118381443
8559,-0.00607508594774009
8560,-0.00458230504400053
8561,-0.00347773305866862
8562,-0.00239810118358587
8563,-0.00119534838512028
8564,-0.000247024987046995
8565,-0.00011048297249958
8566,-0.000478902974090904
8567,0.000181885043538188
8568,0.00322448554549004
8569,0.00795070572279458
8570,0.0117854174013231
8571,0.0127167186398142
8572,0.0112240046113585
8573,0.00944154778569446
8574,0.00873657226074132
8575,0.00860380598799552
8576,0.00775565997370913
8577,0.00566697366380268
8578,0.00288471095658284
8579,0.000296636487159395
8580,-0.00158278610776772
8581,-0.00284917580746511
8582,-0.00399665201377755
8583,-0.00532679573341184
8584,-0.00645920750988838
8585,-0.00677406505341798
8586,-0.00661480143597012
8587,-0.00761252346060439
8588,-0.0110975319168965
8589,-0.0161785610484092
8590,-0.0200971935978473
8591,-0.0208629488638901
8592,-0.0191288847337209
8593,-0.0171069818900916
8594,-0.0160325237806174
8595,-0.0152675291522647
8596,-0.0136767857964635
8597,-0.0111315444626382
8598,-0.0084339740383405
8599,-0.00630768473490454
8600,-0.00486214743607317
8601,-0.00377118781079888
8602,-0.00263598390598443
8603,-0.00134526242012818
8604,-0.000328997139633238
8605,-0.000175864393161488
8606,-0.000598372654498561
8607,-5.21437859992927E-05
8608,0.00289164954118645
8609,0.00763151955198248
8610,0.0115930493266567
8611,0.0126417950146646
8612,0.0111410183658429
8613,0.00924794954980372
8614,0.00846713006534263
8615,0.0084085376384524
8616,0.0077876212378769
8617,0.0059747651410347
8618,0.00335757420081788
8619,0.000697290663431307
8620,-0.0014695775400546
8621,-0.00303650096205985
8622,-0.00427388808305295
8623,-0.00545950672750522
8624,-0.00640265602255349
8625,-0.00665373347837914
8626,-0.00652406472645444
8627,-0.0075118634886158
8628,-0.0109333915321355
8629,-0.0160141500368682
8630,-0.020042433770305
8631,-0.0209077203200465
8632,-0.0191413657686386
8633,-0.0170185640619423
8634,-0.0159498509592272
8635,-0.0153423584522531
8636,-0.0138962308656946
8637,-0.0113023142251575
8638,-0.00838381451285066
8639,-0.00606044704706826
8640,-0.00459208278178023
8641,-0.00361304157596985
8642,-0.00257074123904357
8643,-0.0012613743934298
8644,-0.000157639676040332
8645,5.51793018071322E-05
8646,-0.000373441625353237
8647,0.000135184459756571
8648,0.00304117696644556
8649,0.00772574592078597
8650,0.011598866685215
8651,0.012581380505
8652,0.0111318793301937
8653,0.00942425130845683
8654,0.00884084819280422
8655,0.00882957415583127
8656,0.00807003378881097
8657,0.00607041630344674
8658,0.00339427667477661
8659,0.000839224908348455
8660,-0.00119027062420248
8661,-0.00273603626306108
8662,-0.00406349317549101
8663,-0.00529965879827717
8664,-0.0061471555286751
8665,-0.00624749952958713
8666,-0.00611196512289312
8667,-0.00729941566406451
8668,-0.0109523768459807
8669,-0.0160931265797013
8670,-0.0200308677537866
8671,-0.0208592756385286
8672,-0.0192080268857028
8673,-0.0172087178537511
8674,-0.0160973537823632
8675,-0.0153351604014163
8676,-0.0138405024162676
8677,-0.011388049013887
8678,-0.00863731794941261
8679,-0.00631802197438582
8680,-0.00471577315184521
8681,-0.00365241142145689
8682,-0.00267316041834916
8683,-0.00146925348360422
8684,-0.000349856404195488
8685,1.91317548086458E-05
8686,-0.000263290475413369
8687,0.00022476009447768
8688,0.00295181700640994
8689,0.0074732180027476
8690,0.0113596957476018
8691,0.0125029635471288
8692,0.0111718665476739
8693,0.00940697895267828
8694,0.00867064192265597
8695,0.00861053041369291
8696,0.00799553963662634
8697,0.00621753140090594
8698,0.00365157099679228
8699,0.00102747761607225
8700,-0.00114672539553728
8701,-0.00275790275763505
8702,-0.00403185869282141
8703,-0.00522352168224027
8704,-0.00619131400555343
8705,-0.00654416797695651
8706,-0.00654467079538049
8707,-0.00755439735790086
8708,-0.0108481982190945
8709,-0.0158083062932378
8710,-0.019913196047231
8711,-0.0210253946748962
8712,-0.0194362191121969
8713,-0.017247554132291
8714,-0.0159690864599704
8715,-0.015257672669065
8716,-0.0139312230254697
8717,-0.0115618861130096
8718,-0.00877568930745895
8719,-0.00641948247405267
8720,-0.00484354095904907
8721,-0.00381468303200898
8722,-0.00281693546916707
8723,-0.00156181221053019
8724,-0.000424455413697775
8725,-0.000115424336488258
8726,-0.000530207444508438
8727,-0.000176601192178564
8728,0.00253310160992183
8729,0.00722390479790169
8730,0.011382387511426
8731,0.0127118048668518
8732,0.0113787282080982
8733,0.00951116619058654
8734,0.00872473793519365
8735,0.00869442608052989
8736,0.00807341603999269
8737,0.00615898437727942
8738,0.00338312845379657
8739,0.000632587352232929
8740,-0.00149060748133465
8741,-0.00293960033954641
8742,-0.00410133340823908
8743,-0.00531844574520742
8744,-0.00636060826709515
8745,-0.00666419731527509
8746,-0.00645116493868567
8747,-0.0072626867828586
8748,-0.0105875211209556
8749,-0.0157906041256655
8750,-0.0200973869269977
8751,-0.0211796276693218
8752,-0.0194350533941621
8753,-0.017222870705851
8754,-0.0161126993149665
8755,-0.0155410291365825
8756,-0.0141293563425679
8757,-0.0115537684461071
8758,-0.00870351930096811
8759,-0.00648207355961325
8760,-0.0050178401504259
8761,-0.00390328936772674
8762,-0.00274513563768026
8763,-0.0014797903490713
8764,-0.000459486334095925
8765,-0.000150770233642774
8766,-0.000364033697565372
8767,0.000150337496743772
8768,0.00272624375507791
8769,0.00709025975177873
8770,0.011078739127362
8771,0.0125546689669556
8772,0.0114766221062701
8773,0.00968443005016132
8774,0.00876490651062863
8775,0.00860156198496895
8776,0.00801635655603898
8777,0.00627604601734816
8778,0.00366660652455442
8779,0.000964524307262683
8780,-0.00123633050550845
8781,-0.00280963600069118
8782,-0.0040359113164173
8783,-0.0052171425850753
8784,-0.0061970695073261
8785,-0.00651747699249897
8786,-0.00639043283690436
8787,-0.00721977450614899
8788,-0.0104061996973622
8789,-0.0154248217194758
8790,-0.019711191944302
8791,-0.0209925550296417
8792,-0.0194736257533728
8793,-0.0172801956026444
8794,-0.0159806910779601
8795,-0.0152447423039039
8796,-0.0138820780023927
8797,-0.0114949070402131
8798,-0.0087493274077917
8799,-0.00646358829215707
8800,-0.00490054146856486
8801,-0.0037889484171216
8802,-0.00267892615206798
8803,-0.00136567011000352
8804,-0.000218374930711573
8805,0.000114744922639993
8806,-0.00026830606182036
8807,3.08845173495989E-05
8808,0.00256032700031928
8809,0.0070658815778465
8810,0.0112082939144322
8811,0.0127061535069055
8812,0.0115437919434602
8813,0.00967702322355639
8814,0.00876427016220278
8815,0.00868447491564849
8816,0.00821048859469628
8817,0.00654113339261226
8818,0.00391861618392782
8819,0.00116154066430133
8820,-0.00103298581335097
8821,-0.00250838116757371
8822,-0.00366178883965372
8823,-0.00493241710645358
8824,-0.00613800181172385
8825,-0.00664442777067441
8826,-0.00654545011759246
8827,-0.0073110804054398
8828,-0.010479738202092
8829,-0.0155565844665041
8830,-0.0198943596257692
8831,-0.0211673488977745
8832,-0.0196245873634042
8833,-0.017441038948854
8834,-0.0161464900825033
8835,-0.0153374738200295
8836,-0.0138377078092529
8837,-0.0113543403630218
8838,-0.00861833890416257
8839,-0.00638721641704924
8840,-0.00482310046359851
8841,-0.00365459249114173
8842,-0.00252701531236939
8843,-0.00128259301626316
8844,-0.000221870955104071
8845,8.11549041956469E-05
8846,-0.000309780735011765
8847,-7.24388540118372E-05
8848,0.00236697280068693
8849,0.00686303217150425
8850,0.0111001963440927
8851,0.0126864573021047
8852,0.0115236635103806
8853,0.00963266734389348
8854,0.00876392243277747
8855,0.00874722149510373
8856,0.00823790157183912
8857,0.00645680354488799
8858,0.00380530852668982
8859,0.00115924690220722
8860,-0.000933811486829302
8861,-0.00246391521660284
8862,-0.0037587799852161
8863,-0.00507784911190838
8864,-0.00620068472396876
8865,-0.00660819559381979
8866,-0.00644626293448375
8867,-0.00710104685145141
8868,-0.0100788856716475
8869,-0.0150287400324364
8870,-0.0194493448100933
8871,-0.0209379063113266
8872,-0.0195195857033692
8873,-0.0172886917725953
8874,-0.0159353468466122
8875,-0.0152364677527167
8876,-0.0139874882596699
8877,-0.0117104470709171
8878,-0.00901438788366028
8879,-0.00669393914409933
8880,-0.00501366958608771
8881,-0.00376545945316821
8882,-0.00261323053464474
8883,-0.00139114231452258
8884,-0.000345047260053304
8885,3.36869454245574E-05
8886,-0.000186229115255565
8887,0.000184365473364665
8888,0.00257466758158559
8889,0.00687965196562978
8890,0.0109960988152505
8891,0.0126584194905336
8892,0.0116369602503162
8893,0.00973805093644842
8894,0.00872205304477994
8895,0.00866135022513432
8896,0.00835724457347855
8897,0.00686194688375934
8898,0.00429746843425934
8899,0.00150239687976122
8900,-0.000748636406511047
8901,-0.00227040653808789
8902,-0.00347339730648915
8903,-0.00479923018621308
8904,-0.00604947031114416
8905,-0.0065647328312495
8906,-0.00639581751083703
8907,-0.00697995250130847
8908,-0.00991130729111694
8909,-0.0148462039648683
8910,-0.0192460108392581
8911,-0.0207185212041292
8912,-0.0193410132653511
8913,-0.0172146757696223
8914,-0.0159606108293241
8915,-0.015279757920166
8916,-0.0139630231821051
8917,-0.0116003729345408
8918,-0.00887535075824274
8919,-0.00660121359488298
8920,-0.00499686497361377
8921,-0.00379055040463906
8922,-0.00262437223978915
8923,-0.00137273561688493
8924,-0.000342141154693687
8925,-3.74296531970284E-05
8926,-0.000333360180491599
8927,3.06631658840992E-05
8928,0.00249165663153902
8929,0.00687948309901777
8930,0.0110333521855131
8931,0.0127094185380746
8932,0.0117388967620514
8933,0.00991958464155174
8934,0.0089150971826572
8935,0.00873530421704652
8936,0.00825827311446765
8937,0.0066771694692142
8938,0.00415140704925785
8939,0.00141964959569968
8940,-0.00083739406674909
8941,-0.00241235708034344
8942,-0.00364220731626124
8943,-0.00495310776276978
8944,-0.00616822193406086
8945,-0.00660366959596075
8946,-0.00627416734862151
8947,-0.00668520588675837
8948,-0.00958673883118686
8949,-0.0146998750757825
8950,-0.0193586760663124
8951,-0.0209830300508012
8952,-0.019593476516272
8953,-0.0173774969443359
8954,-0.0160498995599046
8955,-0.0153379882497458
8956,-0.0140263117084218
8957,-0.0116846170914669
8958,-0.00893592787082522
8959,-0.00653578978443686
8960,-0.00476050753634069
8961,-0.00350468505425832
8962,-0.00248900821477617
8963,-0.00143464384862881
8964,-0.00041650324983968
8965,7.20080183602298E-05
8966,-9.43677687972861E-05
8967,0.00014179592749284
8968,0.00233380486217541
8969,0.00661559560472644
8970,0.0109406880866401
8971,0.0128544457152336
8972,0.0119296427775718
8973,0.00997753357746311
8974,0.00889932419133347
8975,0.00883878605135189
8976,0.00854286734083253
8977,0.00700748016085286
8978,0.00438573336665824
8979,0.00157077133876831
8980,-0.00067736850023542
8981,-0.00223081443315039
8982,-0.00350496527986529
8983,-0.00487994542814692
8984,-0.0061180502846263
8985,-0.00660172748504954
8986,-0.00644730530212605
8987,-0.00708907408597566
8988,-0.0100554435143047
8989,-0.0149749669085041
8990,-0.0193732598785873
8991,-0.0209326236205968
8992,-0.0196958099539457
8993,-0.0176334671087267
8994,-0.016292842301552
8995,-0.015460823356534
8996,-0.0140797829993569
8997,-0.0117744927341384
8998,-0.00911402358332451
8999,-0.00681300376831331
9000,-0.00514765123548709
9001,-0.00397737792397585
9002,-0.00294727615592544
9003,-0.0017659598393241
9004,-0.000608367202826215
9005,-8.18250795329901E-05
9006,-0.00031934993964862
9007,-0.000176486281529364
9008,0.00197546342773336
9009,0.00627690398806799
9010,0.010651697174647
9011,0.0126200429415447
9012,0.0117340764711783
9013,0.00978341312667244
9014,0.0086660729975791
9015,0.00855654461223545
9016,0.00824550964368487
9017,0.00674807715249235
9018,0.00419791798364751
9019,0.00145070328898996
9020,-0.000752711121180546
9021,-0.00226704796224173
9022,-0.0034822222858775
9023,-0.00479649688335255
9024,-0.00602839584265801
9025,-0.00656821736991293
9026,-0.006438599671345
9027,-0.00697934129005246
9028,-0.00978307305128089
9029,-0.0146772109233168
9030,-0.0192796486134252
9031,-0.0211040962160193
9032,-0.0199426837291991
9033,-0.017741993655785
9034,-0.0162739949395429
9035,-0.015497113062628
9036,-0.0142597549261912
9037,-0.0119819551871677
9038,-0.00919218570921738
9039,-0.00673729392422216
9040,-0.00497918457979013
9041,-0.00372973574333254
9042,-0.00260326819459813
9043,-0.00140208163986276
9044,-0.000389683043157852
9045,-9.13502573100347E-05
9046,-0.000453330992768103
9047,-0.000256468127949958
9048,0.00202014424316969
9049,0.00638005127681148
9050,0.0107370202511271
9051,0.0127033805917657
9052,0.0118926711937046
9053,0.0100564707882111
9054,0.00900267936290413
9055,0.00885309739853531
9056,0.00843193370546371
9057,0.00684541953409524
9058,0.00429083260003653
9059,0.00159767179311541
9060,-0.000577548310370936
9061,-0.00213792058714235
9062,-0.00344178984040738
9063,-0.00482436839252039
9064,-0.00607409271945522
9065,-0.00658718131444039
9066,-0.00639981148977194
9067,-0.00686753110157412
9068,-0.00960524569090076
9069,-0.0144535465218454
9070,-0.0190284762225889
9071,-0.0208546905090727
9072,-0.0197595907177341
9073,-0.0177003605373687
9074,-0.0163951654839784
9075,-0.0157356960777158
9076,-0.0145683036139618
9077,-0.012348988523665
9078,-0.00958761131124979
9079,-0.00706835685276542
9080,-0.0051742455726444
9081,-0.00385178221187217
9082,-0.00279580047453173
9083,-0.00169066312731403
9084,-0.000610258141048531
9085,-8.34827616131112E-05
9086,-0.000288393657735262
9087,-0.000193285892342646
9088,0.00181124052079276
9089,0.00598304790282987
9090,0.0103564044062113
9091,0.0124238041856682
9092,0.0116276229148198
9093,0.00971078993027974
9094,0.00862150438111639
9095,0.00858767278625328
9096,0.00838678554790638
9097,0.00697699167527012
9098,0.00444179595067375
9099,0.00161813305181896
9100,-0.000723550343043784
9101,-0.0023587797750748
9102,-0.00360998605832034
9103,-0.00489719748661741
9104,-0.00612472233162645
9105,-0.00670542865811353
9106,-0.00657127691824014
9107,-0.00698069548761135
9108,-0.00958772123927939
9109,-0.0143683283744764
9110,-0.0190008636365255
9111,-0.0209196351679864
9112,-0.0198246791816974
9113,-0.0176617173375205
9114,-0.0162436521000491
9115,-0.015527279645857
9116,-0.0143379989624387
9117,-0.0121065612040422
9118,-0.00937595796105758
9119,-0.00695707739553391
9120,-0.00517787744704356
9121,-0.00390370382172297
9122,-0.00282803463477109
9123,-0.00170066646288326
9124,-0.000617600859800156
9125,-6.14756438271969E-05
9126,-0.000195656005555998
9127,-5.80444914624283E-05
9128,0.00190306235595822
9129,0.00600333574902662
9130,0.0103965235738043
9131,0.0126117824666918
9132,0.01199934924913
9133,0.0101716870608647
9134,0.00901153489355909
9135,0.00878010407971721
9136,0.00837079335091138
9137,0.00687952092832773
9138,0.00443885598008974
9139,0.00177917930171069
9140,-0.000490393813557551
9141,-0.00217105458442833
9142,-0.0034454419280773
9143,-0.0046268473557839
9144,-0.00570756465431331
9145,-0.006265409143427
9146,-0.00623347955017729
9147,-0.00669268065009755
9148,-0.00918676424689519
9149,-0.0138163257645732
9150,-0.0184762001801805
9151,-0.020644007986414
9152,-0.0198379964607888
9153,-0.0177980395510661
9154,-0.0163050334414225
9155,-0.0154505299284795
9156,-0.0142043701076348
9157,-0.0120245005539071
9158,-0.00937192150612597
9159,-0.00697392398824396
9160,-0.00516489220143247
9161,-0.00388510858923682
9162,-0.00286269092032866
9163,-0.00178368076943339
9164,-0.000665928911287648
9165,-2.52774169620497E-05
9166,-0.000154273768520379
9167,-0.000152419946273032
9168,0.00164301892850705
9169,0.00572444994186963
9170,0.0102870702159834
9171,0.0127180115611312
9172,0.0122039420687391
9173,0.0103443396261228
9174,0.00913953583166547
9175,0.00893124122089117
9176,0.00855759832068246
9177,0.00700950900728702
9178,0.00441701644146456
9179,0.00163096388340794
9180,-0.000635396916855137
9181,-0.00222122076486885
9182,-0.00344646009059458
9183,-0.00470601239725992
9184,-0.00593536716497564
9185,-0.00658822644730641
9186,-0.00653051168553023
9187,-0.00687965275273158
9188,-0.00927253624239803
9189,-0.0138813364964615
9190,-0.0185939843038739
9191,-0.0208033826001671
9192,-0.0199461079428765
9193,-0.0177873325561005
9194,-0.0162352200327087
9195,-0.015461181953478
9196,-0.014347255003609
9197,-0.012187366812603
9198,-0.0094122064030296
9199,-0.0068976544426769
9200,-0.00511038467637628
9201,-0.00393398412446217
9202,-0.00293576409819378
9203,-0.00175341598473331
9204,-0.000520483592811042
9205,0.000126272959602204
9206,-0.000100521579588267
9207,-0.000215391751399773
9208,0.00150033305906308
9209,0.0055491364134984
9210,0.0101328886177029
9211,0.0126341819602955
9212,0.012185919679354
9213,0.0103137123594475
9214,0.00900915603337975
9215,0.00869572202521352
9216,0.00830898807905607
9217,0.00686601822083136
9218,0.00443787743044777
9219,0.00177924978695017
9220,-0.000470721184050124
9221,-0.00215697632383337
9222,-0.00352489633722689
9223,-0.00486310165773676
9224,-0.00605678190185659
9225,-0.00660822041535578
9226,-0.00647979258702097
9227,-0.00684294675768375
9228,-0.00930939495258968
9229,-0.0139857470350466
9230,-0.0187167993320179
9231,-0.0209057765209525
9232,-0.0200364040200317
9233,-0.0179077669921975
9234,-0.0164089883499184
9235,-0.015656853738429
9236,-0.0145092095619388
9237,-0.0122995903261834
9238,-0.00951186773126927
9239,-0.00701716965605413
9240,-0.00522880147284407
9241,-0.004008255097359
9242,-0.00296883626929875
9243,-0.00180477543877378
9244,-0.000646384406131086
9245,-7.7527064107955E-05
9246,-0.000343414322809002
9247,-0.000452740351815187
9248,0.00130383106694367
9249,0.0054172664963855
9250,0.0100667639883047
9251,0.0126099503972863
9252,0.0121817627909774
9253,0.0103374686623554
9254,0.00908618303746993
9255,0.00883258081405226
9256,0.00848307767365271
9257,0.00704869812855894
9258,0.00460950037347732
9259,0.00191874459603249
9260,-0.000389019636869931
9261,-0.00213894762919903
9262,-0.00354110944484313
9263,-0.00487684183745238
9264,-0.00606015270180599
9265,-0.00660406795211631
9266,-0.00642228798096122
9267,-0.00663109932336308
9268,-0.00888443369141323
9269,-0.0134426130555632
9270,-0.0182788653192322
9271,-0.0207422829473698
9272,-0.0200995121309967
9273,-0.0179823100766414
9274,-0.0163413454495695
9275,-0.0155119558922096
9276,-0.0144778119091322
9277,-0.0124737621507186
9278,-0.00979470500245362
9279,-0.00724791850871853
9280,-0.00533860247672658
9281,-0.00402405898645463
9282,-0.00291268626723884
9283,-0.00165311124468042
9284,-0.000386395630561637
9285,0.000248362668637337
9286,-1.9290845595453E-05
9287,-0.000180200835443498
9288,0.001492412769318
9289,0.00550144510895434
9290,0.0100653433015204
9291,0.0125910087688726
9292,0.0122066343730077
9293,0.0103980746884931
9294,0.00912866669336006
9295,0.00884395957677175
9296,0.00852142006258232
9297,0.00717511890599451
9298,0.00482095271288755
9299,0.00217371823400607
9300,-0.000102313482103378
9301,-0.00180503020103431
9302,-0.00319175084143484
9303,-0.00461621036966541
9304,-0.00597331355652285
9305,-0.00665098287890943
9306,-0.00646689159473805
9307,-0.00659238955660916
9308,-0.00882518288683769
9309,-0.0134764059692562
9310,-0.0184148025590107
9311,-0.0208752902096172
9312,-0.0201541844687051
9313,-0.0179984193879614
9314,-0.0163770279013818
9315,-0.0155182404100583
9316,-0.0143509378126969
9317,-0.0122226129334718
9318,-0.0095747371400623
9319,-0.00720135787262705
9320,-0.00546611098097338
9321,-0.00425586239609504
9322,-0.00323839963186767
9323,-0.00209345747643841
9324,-0.000863922448986218
9325,-0.000101675568472657
9326,-0.000172395520903858
9327,-0.000264384692825845
9328,0.00129530444092626
9329,0.00517200752151262
9330,0.00976405544412531
9331,0.0124714702266822
9332,0.0122612062899782
9333,0.0104874733700972
9334,0.0091145729365284
9335,0.00867711323073148
9336,0.00824654385902471
9337,0.00688969547689934
9338,0.00461231696519341
9339,0.00206142744402407
9340,-0.000162739190897881
9341,-0.00184756008819434
9342,-0.00318491268856458
9343,-0.00451382494078183
9344,-0.00581191043405796
9345,-0.00654492717234955
9346,-0.0064769971490158
9347,-0.00663327717832426
9348,-0.00875678716690196
9349,-0.0132871058357261
9350,-0.0182591927352274
9351,-0.0208991150750405
9352,-0.0203201049448356
9353,-0.0181395296029073
9354,-0.0164091905588482
9355,-0.0155298997374236
9356,-0.0144564851707983
9357,-0.0123873706463839
9358,-0.00965307611846017
9359,-0.00712470732474227
9360,-0.00531547816835438
9361,-0.00413420814947947
9362,-0.00314605314092262
9363,-0.00197975244984052
9364,-0.000750138438207247
9365,-7.66181368826659E-05
9366,-0.000274571362248859
9367,-0.000435909163374279
9368,0.00112514802929246
9369,0.00501287556030489
9370,0.00959874290358781
9371,0.0123175411328782
9372,0.0121624433361699
9373,0.0104746344724771
9374,0.00920752356446365
9375,0.00889183721161489
9376,0.00855162483264789
9377,0.00717778902687875
9378,0.00477437406780202
9379,0.0020864245187204
9380,-0.000212221985141239
9381,-0.00194775219412184
9382,-0.00336340303965633
9383,-0.00473534896354936
9384,-0.0059430370124233
9385,-0.00650094533019344
9386,-0.00634398858382827
9387,-0.00655664796892054
9388,-0.00874100177544055
9389,-0.0132111540390809
9390,-0.0180916427631765
9391,-0.0207800843737934
9392,-0.0203736072551964
9393,-0.0182958281002557
9394,-0.0165080843359181
9395,-0.0155492535739412
9396,-0.0145270055521178
9397,-0.0125844081523883
9398,-0.0098826222515086
9399,-0.00725970954456909
9400,-0.0053638051261842
9401,-0.00419976120007609
9402,-0.00326596609298474
9403,-0.00208347384426772
9404,-0.000777132091787033
9405,-6.0480516038601E-05
9406,-0.000280737485907557
9407,-0.000465099039446784
9408,0.00112283733427203
9409,0.00504760100757689
9410,0.00961635154866619
9411,0.0122739531959251
9412,0.0120842926196182
9413,0.0104170746515137
9414,0.00917608721044084
9415,0.0088504935387264
9416,0.00850960435926086
9417,0.0072152135100503
9418,0.00494186783916216
9419,0.00231207815653604
9420,-5.25702200412576E-05
9421,-0.00186966722875015
9422,-0.00325269854414006
9423,-0.00452140421736861
9424,-0.00573058606980533
9425,-0.00645609924637199
9426,-0.00647626606029074
9427,-0.00669707689252398
9428,-0.00874210260849467
9429,-0.0130859499345462
9430,-0.0179228449573997
9431,-0.02057836944855
9432,-0.0201080847625913
9433,-0.0180170927836475
9434,-0.0163334610944602
9435,-0.0155163150517991
9436,-0.014545099993151
9437,-0.0125586965336086
9438,-0.00981410033877168
9439,-0.00717997683099243
9440,-0.00524359787936076
9441,-0.00400024762143323
9442,-0.00303693476875121
9443,-0.00191447014239885
9444,-0.000661704270620356
9445,8.68729998967689E-05
9446,-0.000115075718330815
9447,-0.00044810216858522
9448,0.000881232785138061
9449,0.00469616384072583
9450,0.00944044882915872
9451,0.0123765551914943
9452,0.0122889244287036
9453,0.0105113485142357
9454,0.00915162370073155
9455,0.00883493913811112
9456,0.0085412574514167
9457,0.00720241840051333
9458,0.00483359515563883
9459,0.00219334533361405
9460,-8.10236769533385E-05
9461,-0.00183105839819218
9462,-0.00324985114738096
9463,-0.00459302062776057
9464,-0.00581354666460076
9465,-0.00646668205425184
9466,-0.00636630145954317
9467,-0.00644959684676078
9468,-0.00839901853920245
9469,-0.012800169617095
9470,-0.0178941671566706
9471,-0.0208615282095876
9472,-0.0205158983484617
9473,-0.0182803073452668
9474,-0.0163527876629601
9475,-0.0154127184163382
9476,-0.0144854683622709
9477,-0.0126056264517052
9478,-0.00994980578375602
9479,-0.00738302996675558
9480,-0.00547922312991688
9481,-0.00419088413519027
9482,-0.00312375138579288
9483,-0.00193242397290784
9484,-0.00068150250697867
9485,8.81714232421134E-05
9486,1.5393817280566E-05
9487,-0.00016091579225134
9488,0.00118356096096204
9489,0.0048369021032107
9490,0.0093909126884691
9491,0.0122453137800275
9492,0.0121559347785469
9493,0.0103565390048253
9494,0.00896504948572274
9495,0.00871801158273098
9496,0.00862616549700654
9497,0.00748151925316098
9498,0.00512442579863591
9499,0.00229636695579082
9500,-0.000203441928027889
9501,-0.00203764517546827
9502,-0.00336423063886493
9503,-0.00455162556591433
9504,-0.0056839850564411
9505,-0.00634905865722774
9506,-0.0062987960976024
9507,-0.0064041840746097
9508,-0.00833401409332641
9509,-0.0126893175851917
9510,-0.0177231633933936
9511,-0.0206434814652746
9512,-0.0203251054615118
9513,-0.0182325614759748
9514,-0.0165128306592778
9515,-0.0157298003449915
9516,-0.0148436751742623
9517,-0.0129254699081564
9518,-0.0102119878212733
9519,-0.00757145210133882
9520,-0.00556175273253951
9521,-0.00418158928674843
9522,-0.00311805326279113
9523,-0.00202806035099126
9524,-0.000870855328552951
9525,-9.43500571216093E-05
9526,-9.86328325670943E-05
9527,-0.000272400570720457
9528,0.000953996256470841
9529,0.00447573655165918
9530,0.00905818241110772
9531,0.012151680589177
9532,0.0123581312501634
9533,0.0106841686459045
9534,0.00917242032732123
9535,0.00871225809215034
9536,0.00852651023261332
9537,0.00745690089648002
9538,0.00521837709482286
9539,0.00244368160106729
9540,-3.24185824136142E-05
9541,-0.00179168633337787
9542,-0.00302434704821891
9543,-0.00422178973723587
9544,-0.00551338019791248
9545,-0.00638404739530291
9546,-0.00645204436256278
9547,-0.00655473205360417
9548,-0.00841641547132479
9549,-0.0126947406004187
9550,-0.0176734607963595
9551,-0.0205907107648407
9552,-0.0203357016653364
9553,-0.018324541148201
9554,-0.0166163296375804
9555,-0.0157430024512412
9556,-0.01473582569557
9557,-0.0127664088187244
9558,-0.0100997718790669
9559,-0.00755082064837638
9560,-0.00561660262773219
9561,-0.00427755802513586
9562,-0.00322663956583987
9563,-0.00212136817536034
9564,-0.000930073388056267
9565,-0.000138001836015183
9566,-0.000179136108080781
9567,-0.000418059798860136
9568,0.000790236426610099
9569,0.00438586541177103
9570,0.00908944521136981
9571,0.0122606248550234
9572,0.0124588353088274
9573,0.0107250584601917
9574,0.00915755314344335
9575,0.00867584960917947
9576,0.00851810873764819
9577,0.00753307253573925
9578,0.00539893435124384
9579,0.0026615725939296
9580,0.00010103868958525
9581,-0.00181065945167853
9582,-0.00315572045037657
9583,-0.00439091071845412
9584,-0.00569956297438258
9585,-0.00658744441971657
9586,-0.00659893981886864
9587,-0.00652435440200701
9588,-0.00820118936264694
9589,-0.0124791373591212
9590,-0.0176852490897523
9591,-0.0208782365970045
9592,-0.0207378340434116
9593,-0.0186612693340621
9594,-0.0168599343934353
9595,-0.0159844665309926
9596,-0.0150307481865899
9597,-0.0130679343662521
9598,-0.0103357770251961
9599,-0.0077168213123599
9600,-0.00576618115292337
9601,-0.00444265975763683
9602,-0.00337970645101556
9603,-0.00222313598919972
9604,-0.000996168029793475
9605,-0.000240449263843605
9606,-0.000377640126782802
9607,-0.000697588192238507
9608,0.000503855358817468
9609,0.00414784785766403
9610,0.00888564057007396
9611,0.012047178282012
9612,0.0122442521927874
9613,0.0105840926929589
9614,0.00914426840687172
9615,0.00874282899161364
9616,0.00856122894441388
9617,0.00752434698886991
9618,0.00543337041677763
9619,0.00283492922850597
9620,0.00036590170289327
9621,-0.00160768773028722
9622,-0.00308735388724283
9623,-0.00436705348254713
9624,-0.00561826677703003
9625,-0.00650956111099052
9626,-0.00667153697339332
9627,-0.00672354446136085
9628,-0.00826174801161497
9629,-0.0121684788696466
9630,-0.0171041118893808
9631,-0.0203850481607946
9632,-0.0205604332596779
9633,-0.0186686444863426
9634,-0.0167655257911981
9635,-0.0157050067874294
9636,-0.0147557380584777
9637,-0.0129951876480126
9638,-0.0104403462376487
9639,-0.00782220693989755
9640,-0.00577406225328838
9641,-0.00441212552172649
9642,-0.00339040879525391
9643,-0.0022327185183139
9644,-0.000874903501868139
9645,7.42599073132983E-05
9646,3.83054020503894E-05
9647,-0.000352125679929269
9648,0.00068299995616016
9649,0.00421612522476049
9650,0.00897101999410149
9651,0.0122067429392759
9652,0.0124223592712468
9653,0.0107208431035445
9654,0.0092873186546661
9655,0.00899469185516646
9656,0.00891332489821957
9657,0.00780875154668484
9658,0.0054914608227644
9659,0.00270887248478645
9660,0.000265313534131559
9661,-0.00153241826103441
9662,-0.0028887483894505
9663,-0.0042004775480563
9664,-0.00554245222583175
9665,-0.00643304408720609
9666,-0.00648587996085147
9667,-0.00644497643998778
9668,-0.00801739919607597
9669,-0.0120540227280788
9670,-0.0170769954915101
9671,-0.020312972832409
9672,-0.0203740901280936
9673,-0.0184444935173981
9674,-0.016633897058141
9675,-0.0156879126962328
9676,-0.0147392230640782
9677,-0.0128719184974648
9678,-0.0102296863373636
9679,-0.00761012753661544
9680,-0.00558139924533629
9681,-0.00419915945353774
9682,-0.00317760066872789
9683,-0.00211871399003596
9684,-0.00089280027801797
9685,3.62802991940168E-05
9686,9.16513636558706E-05
9687,-0.000278038762300557
9688,0.000594979608933929
9689,0.00393216920768319
9690,0.00870096545403462
9691,0.0121783134236962
9692,0.0126163840905881
9693,0.0109018858035341
9694,0.00927398220753608
9695,0.00882796025537984
9696,0.00875532030501311
9697,0.00774916146279216
9698,0.00549624502410823
9699,0.00271385375657999
9700,0.000255597998299366
9701,-0.00153560388307938
9702,-0.00287518940238486
9703,-0.00418629264876341
9704,-0.00555987338516649
9705,-0.00651275633452859
9706,-0.00662407391083362
9707,-0.00657423665829993
9708,-0.0080459746683647
9709,-0.0119779472770368
9710,-0.0170383178633905
9711,-0.0204831958428022
9712,-0.0207529697484086
9713,-0.0188236804705411
9714,-0.0168167027040358
9715,-0.0157275703187062
9716,-0.0148902375293676
9717,-0.0132869005492605
9718,-0.0107627559663219
9719,-0.00797016682033401
9720,-0.00564910321102897
9721,-0.00413290914141349
9722,-0.00321110576389025
9723,-0.00231598429923577
9724,-0.00112909334476703
9725,-0.000100916263351291
9726,6.31146453094185E-05
9727,-0.000293700584267807
9728,0.000509335347302115
9729,0.00378628726091234
9730,0.00857866122575977
9731,0.0121546117123916
9732,0.0126881787115293
9733,0.0109922865174912
9734,0.00930317981111303
9735,0.00877923926002883
9736,0.00867765371349567
9737,0.00771261031564989
9738,0.00555295857618902
9739,0.00287970228506045
9740,0.000495837093819612
9741,-0.0012995945982523
9742,-0.00270926525826061
9743,-0.00407772988366223
9744,-0.00543126788892766
9745,-0.00631903462047056
9746,-0.0064137755802196
9747,-0.00642586760653529
9748,-0.00795528912421363
9749,-0.0118452917479065
9750,-0.0167802940831486
9751,-0.0201371675472329
9752,-0.0204558193995956
9753,-0.0186861854202256
9754,-0.0168135306919662
9755,-0.0157007974711573
9756,-0.0146785148341772
9757,-0.0128869758513539
9758,-0.01037228730388
9759,-0.00783301555370478
9760,-0.00582661261413138
9761,-0.00444091872824513
9762,-0.00340452701102312
9763,-0.00232023059762548
9764,-0.00106477151353463
9765,-0.000108287591237741
9766,-3.64889097915178E-05
9767,-0.000424429709397838
9768,0.00038601756891482
9769,0.00367282272245199
9770,0.00849454054679549
9771,0.01213218196687
9772,0.0127118203100217
9773,0.0109987913744909
9774,0.00927212946403614
9775,0.00878739920283838
9776,0.0088252371770399
9777,0.0080050835668494
9778,0.0058860365273014
9779,0.00313934717442309
9780,0.00065283254014032
9781,-0.0011945597146973
9782,-0.00260142786067298
9783,-0.00396300832003378
9784,-0.00533551957774256
9785,-0.00622855743257909
9786,-0.00624276230423658
9787,-0.00608742501679111
9788,-0.00748339890888194
9789,-0.0114148459378486
9790,-0.0165568579073722
9791,-0.0201071595691854
9792,-0.020451617364966
9793,-0.0185944414733439
9794,-0.0167122305545015
9795,-0.0157567197983102
9796,-0.0149451974081342
9797,-0.0132524974264834
9798,-0.0106832559232541
9799,-0.00801167100363819
9800,-0.00587534818350408
9801,-0.0044080495486178
9802,-0.00337248467888111
9803,-0.00235878885128961
9804,-0.00113858602812601
9805,-7.27366619041212E-05
9806,0.000203188297340027
9807,-8.80223279541515E-05
9808,0.00058520256968905
9809,0.00361411799704646
9810,0.00827823144396454
9811,0.011929562398994
9812,0.0125724304252763
9813,0.0108590919123795
9814,0.00910848535974094
9815,0.00867279231404742
9816,0.00882022058546486
9817,0.00805809559523081
9818,0.005888324932468
9819,0.0030547457398475
9820,0.000548842552069714
9821,-0.00124295238058895
9822,-0.00260379408204922
9823,-0.00399339728659004
9824,-0.00544181609544225
9825,-0.00638745021294666
9826,-0.0064009757171436
9827,-0.00621932011298376
9828,-0.00759656245191573
9829,-0.0115267618898219
9830,-0.0166994950615211
9831,-0.020338517950635
9832,-0.0208038938568176
9833,-0.0189837282372832
9834,-0.0169509301054277
9835,-0.0157233726572238
9836,-0.0147421192515998
9837,-0.0131347567375308
9838,-0.0108038013311212
9839,-0.00827057081460971
9840,-0.00604656239399629
9841,-0.00438130032559916
9842,-0.00323466235589091
9843,-0.0022679712752728
9844,-0.00117775895219601
9845,-0.000226500003727076
9846,-6.90197973307911E-06
9847,-0.0002924698281682
9848,0.00043505019495325
9849,0.00353240969578926
9850,0.00824946578348572
9851,0.0119613993190134
9852,0.0127220448062171
9853,0.0111547510027264
9854,0.00944472274904591
9855,0.00885274444061743
9856,0.00875519828785992
9857,0.00788953132742439
9858,0.00583911442528424
9859,0.00315829363441737
9860,0.0006060508795773
9861,-0.00139454803003979
9862,-0.00284798702119981
9863,-0.00406099647230306
9864,-0.00526325742949627
9865,-0.00620392093161691
9866,-0.00646612453313332
9867,-0.00647525021567287
9868,-0.0077488434697491
9869,-0.0114083012407558
9870,-0.0164408674275158
9871,-0.0201580229384051
9872,-0.0207497136554967
9873,-0.0189703989008109
9874,-0.0169685016593827
9875,-0.0158708048222189
9876,-0.0150460034755704
9877,-0.0134534641339234
9878,-0.0109758449155121
9879,-0.00829557046484026
9880,-0.00605124589280905
9881,-0.00444353004693735
9882,-0.00331157154663599
9883,-0.0022854695325239
9884,-0.00111880831768172
9885,-0.000120574050244844
9886,0.000101076708324062
9887,-0.000253438478545393
9888,0.000327961072369097
9889,0.00329114419387828
9890,0.00802320861996244
9891,0.0119159690475198
9892,0.0128606014419993
9893,0.0113147145715227
9894,0.00949567398594535
9895,0.00884757675220726
9896,0.00884254826214417
9897,0.00811487855104929
9898,0.00609955132742526
9899,0.00334955346130985
9900,0.000742146669245423
9901,-0.00124222893782622
9902,-0.00268040800212387
9903,-0.00395867831896901
9904,-0.00526948897245445
9905,-0.00624609492024975
9906,-0.00640925991271974
9907,-0.00623828358880853
9908,-0.00737313424270655
9909,-0.0110368624318398
9910,-0.0162219626804556
9911,-0.0201211202397853
9912,-0.0207575021445483
9913,-0.0188335016235861
9914,-0.0166450067284123
9915,-0.0155278692783902
9916,-0.0148836659251738
9917,-0.0134842987541875
9918,-0.0110307341651774
9919,-0.00824196400249815
9920,-0.00594188861215168
9921,-0.00442334266425911
9922,-0.00343315753037373
9923,-0.0024683560018264
9924,-0.00126352600130723
9925,-0.000204216333426874
9926,3.8525996684185E-05
9927,-0.000343937209169656
9928,0.000176414558220314
9929,0.00307704747876277
9930,0.00780000532211569
9931,0.0117768127898802
9932,0.0128668730612333
9933,0.0114398797486152
9934,0.00964994426218574
9935,0.00894871691927968
9936,0.00885946730372064
9937,0.00807133000131499
9938,0.00606053786530314
9939,0.00338369871898577
9940,0.000859551410101525
9941,-0.00110966149908323
9942,-0.0026066784265817
9943,-0.00393999767417664
9944,-0.00525477800295746
9945,-0.00624778767767284
9946,-0.00651493717551665
9947,-0.00646742437963
9948,-0.0075742645795296
9949,-0.0110125689117779
9950,-0.015968053128571
9951,-0.0198795817438624
9952,-0.0207919232472602
9953,-0.0191754855519808
9954,-0.0170865768881188
9955,-0.0158378126346495
9956,-0.0149961863882
9957,-0.0134949058332997
9958,-0.0110632903552236
9959,-0.00834358781729645
9960,-0.00607542627081727
9961,-0.00452212103280904
9962,-0.00345879659753465
9963,-0.00243732619296285
9964,-0.00123117397796058
9965,-0.000223186121359806
9966,-5.02743929472546E-05
9967,-0.000488550794650922
9968,2.24792902007594E-06
9969,0.00290019601041101
9970,0.00764329223265107
9971,0.0116413351430883
9972,0.0127104411011632
9973,0.0111974198596453
9974,0.00930985325431127
9975,0.00860883882323837
9976,0.00866778438545427
9977,0.00807876230623152
9978,0.00615046904941939
9979,0.00338473920038039
9980,0.000724739714927964
9981,-0.00128158668843597
9982,-0.00273375177994487
9983,-0.00407209592461341
9984,-0.00546773798195721
9985,-0.00646844155126002
9986,-0.00655728851410038
9987,-0.00626950602304058
9988,-0.00731343201832239
9989,-0.0109192571172461
9990,-0.0160743494653144
9991,-0.0200322974588423
9992,-0.0208880176703476
9993,-0.01927859605081
9994,-0.0172838113880464
9995,-0.0160771644735766
9996,-0.0151503197627661
9997,-0.0135467321635942
9998,-0.0111380611604561
9999,-0.00854585116134293
