T,AI2_filter1
0,-2.63611752642817E-21
1,-1.85918394410675E-06
2,-2.56148182472408E-06
3,9.07572664846726E-07
4,4.18797531749699E-06
5,-6.81551842941751E-07
6,-8.33012814996091E-06
7,-3.03868503816916E-06
8,1.15032761853718E-05
9,9.31696466469157E-06
10,-1.32754302730355E-05
11,-1.8353052400496E-05
12,1.23914177269683E-05
13,3.1130395020438E-05
14,-4.76153587471768E-06
15,-4.3740834078889E-05
16,-9.03247458799667E-06
17,5.61197161481861E-05
18,3.35681845434007E-05
19,-5.96222951213327E-05
20,-6.29024120320614E-05
21,5.67830497571502E-05
22,0.000102802094947263
23,-3.46565728619501E-05
24,-0.000142040700366128
25,-4.05183216501458E-06
26,0.000181193189421611
27,6.93590839384466E-05
28,-0.000207295235322986
29,-0.000160848574413232
30,0.000213564140105927
31,0.000285554611972894
32,-0.000184923019400514
33,-0.000452786638333548
34,0.000101500745151078
35,0.000696953843274885
36,8.19411741412266E-05
37,-0.00116986713594298
38,-0.00052636730301847
39,0.00348405766851667
40,0.00885819821147727
41,0.0118893897101652
42,0.0112107014738323
43,0.00898336795270254
44,0.00785366602068718
45,0.00781589310966203
46,0.00686152175981562
47,0.00402204242970546
48,0.000598079457257021
49,-0.00166475262921523
50,-0.0026474778471008
51,-0.00355851756999885
52,-0.00505447108932702
53,-0.00640022518086619
54,-0.00665440310065669
55,-0.00627987383035269
56,-0.00709856645015506
57,-0.0104339365292336
58,-0.0154220847125764
59,-0.0194835171601837
60,-0.0206496656907147
61,-0.0192749081299247
62,-0.0173011455871141
63,-0.0160765536777371
64,-0.015277862321653
65,-0.0138563039545737
66,-0.0114678528521606
67,-0.00871079568489464
68,-0.00634482901102472
69,-0.00467320143631446
70,-0.00352039637836781
71,-0.00247697793145925
72,-0.00126709221417001
73,-0.000150019016884556
74,0.000237652867751741
75,-0.000123134894344452
76,6.54638977646506E-05
77,0.00241759492974373
78,0.00685725784290435
79,0.0111252943116954
80,0.0128268852444217
81,0.0117826963609564
82,0.00991549107376514
83,0.00896140562536442
84,0.00884254461383618
85,0.00829679074287501
86,0.0065138409862776
87,0.00381797288620351
88,0.00110359434237254
89,-0.000981417762902694
90,-0.00240860854747355
91,-0.00362162632503229
92,-0.00497067033410236
93,-0.00616543559003805
94,-0.00656261338624886
95,-0.00632255797540745
96,-0.00696583630976289
97,-0.0100460044589409
98,-0.0150904562731142
99,-0.0194754255242322
100,-0.0208407505524536
101,-0.0193446969482174
102,-0.0171128556996829
103,-0.0157371058229493
104,-0.0149265701935757
105,-0.0135435656798184
106,-0.0112228806417287
107,-0.0085935651559674
108,-0.00637113007171233
109,-0.00474619308990808
110,-0.00350409771842195
111,-0.00234086688085619
112,-0.00111693329502234
113,-9.21749039068963E-05
114,0.0002375563062978
115,-4.2899997267536E-05
116,0.000288124517422245
117,0.00267718295690667
118,0.00700758198646791
119,0.0111635741970084
120,0.0128868864005122
121,0.0119414340765089
122,0.0100749865783852
123,0.00897589436138822
124,0.00871983873048819
125,0.00820938008303108
126,0.00660878495221115
127,0.00406611196692181
128,0.00136102060200558
129,-0.000802081411331063
130,-0.00227213575618407
131,-0.00346375972583062
132,-0.00480421931963618
133,-0.00606367042429672
134,-0.00655933300556945
135,-0.00636552922828825
136,-0.00697682508514178
137,-0.0100086367161827
138,-0.0150692721966716
139,-0.019558808096406
140,-0.0210734227888914
141,-0.0197028788499024
142,-0.0175228858672267
143,-0.0161152871124703
144,-0.0152229197651449
145,-0.0137715520867697
146,-0.011448342036093
147,-0.0088762775118779
148,-0.00670475794454341
149,-0.00506096484853218
150,-0.00373767680318116
151,-0.00250185183218884
152,-0.0012724478056535
153,-0.000305301216693793
154,-5.9612320248478E-05
155,-0.000429357011721126
156,-0.00017286753046672
157,0.00221080991598364
158,0.00665289912473739
159,0.0109888138433065
160,0.0128246675200835
161,0.0118508995340452
162,0.00990922529705732
163,0.0088443566355227
164,0.00875329887224513
165,0.00839768029957008
166,0.00681937978653894
167,0.00420112316836796
168,0.00143249531125442
169,-0.000752555028682921
170,-0.00225301463809967
171,-0.00348853804184203
172,-0.00481629695659983
173,-0.00597178509751633
174,-0.00633546828723404
175,-0.00605488398727635
176,-0.0066161600439575
177,-0.00959410025254832
178,-0.0146178665665358
179,-0.0191383459633688
180,-0.0207302082958638
181,-0.0194033634169306
182,-0.0172202175528423
183,-0.0158419090216572
184,-0.0150471389154903
185,-0.0136703957004934
186,-0.011306737795625
187,-0.00864786610225817
188,-0.00650766583394637
189,-0.00504722330963123
190,-0.00389650524453757
191,-0.00265705342014625
192,-0.00126640115082169
193,-0.00012295677796521
194,0.000228395786396926
195,-9.48220699594131E-05
196,0.000153845871091789
197,0.0024449829159286
198,0.00674475518788077
199,0.0110200833354949
200,0.0129582500311732
201,0.012147402896433
202,0.0102396257826008
203,0.00902783009156683
204,0.00875322826014316
205,0.00833601292417979
206,0.00681253191369951
207,0.00424077950928532
208,0.00144441205667082
209,-0.000783935711711032
210,-0.00226919078162396
211,-0.00345639124036441
212,-0.00479498857102971
213,-0.00605325442520171
214,-0.00652837920952856
215,-0.00625004569951834
216,-0.00667995461917411
217,-0.0095029357958325
218,-0.0145004809011824
219,-0.019176026785309
220,-0.0209969043415687
221,-0.0197964144859779
222,-0.0175554221957588
223,-0.0160255069634624
224,-0.0151486507043219
225,-0.0138182704423879
226,-0.0115240571966728
227,-0.00881613251183975
228,-0.00650201251127265
229,-0.00488501209601556
230,-0.00372695550817476
231,-0.00260931777015363
232,-0.0013354083066705
233,-0.000209906920268641
234,0.000195987924335937
235,-7.91666776124833E-05
236,0.000176985398387788
237,0.00245051890370117
238,0.00671999718993227
239,0.0109551818550232
240,0.0128725007942858
241,0.0121021562706975
242,0.0102816376388375
243,0.00912155876435673
244,0.00881448920709311
245,0.00834681165965321
246,0.0068594060642938
247,0.00440061131925768
248,0.00166402588656858
249,-0.000633076474592267
250,-0.00221844790841585
251,-0.00339267644365498
252,-0.00462278921070621
253,-0.00584594805970754
254,-0.00644256020695028
255,-0.00630616200891678
256,-0.00671614974564357
257,-0.0093746429350817
258,-0.0142517870100222
259,-0.0189502275566506
260,-0.0208326919958281
261,-0.0196104866869641
262,-0.0173227150275044
263,-0.0158672266804685
264,-0.0151795264587155
265,-0.0139683578350129
266,-0.011591786735437
267,-0.00868213762043951
268,-0.00622476767130034
269,-0.00459057945578505
270,-0.00347642659646558
271,-0.00239521557772996
272,-0.00114336628913511
273,-3.31328164099406E-05
274,0.000366869638634049
275,6.72328762873509E-05
276,0.000227954219192391
277,0.00234646071974202
278,0.00650972795406872
279,0.0107858995586788
280,0.0128591282860318
281,0.0122237024051686
282,0.0104142383249289
283,0.00915258923285018
284,0.00871927151231397
285,0.00819008809173468
286,0.0067463455985633
287,0.00439850409712934
288,0.00173231665629496
289,-0.000624963993756046
290,-0.00236227608026792
291,-0.00362407681676635
292,-0.00477034840815307
293,-0.00581758049965602
294,-0.00633383315153148
295,-0.00628992808157547
296,-0.00683745473896316
297,-0.00949751425209592
298,-0.0142209485429953
299,-0.0187717223824419
300,-0.0206571468766141
301,-0.0195481200601332
302,-0.0173187693246262
303,-0.015786685752192
304,-0.0149918418479903
305,-0.0138034915775588
306,-0.011600304758088
307,-0.00886970336741163
308,-0.00645706494163049
309,-0.00475198458296675
310,-0.00358442043946834
311,-0.00254128040056331
312,-0.00135068638058193
313,-0.000215499806239836
314,0.000298938626510092
315,9.52637547578913E-05
316,0.000252175084144936
317,0.00231319785585632
318,0.00647297640194106
319,0.0108255440810165
320,0.01297046759942
321,0.0123317189356728
322,0.0104919654865475
323,0.00927000254429183
324,0.00893800612313913
325,0.00844246771478806
326,0.00688122249297082
327,0.00436228644334659
328,0.00165905132245471
329,-0.000542344951283547
330,-0.00207582578098264
331,-0.00327530738429137
332,-0.00453471556894254
333,-0.00573164071544763
334,-0.0062803202695066
335,-0.00612844832396141
336,-0.00653564377757551
337,-0.00915120590469374
338,-0.013971349902253
339,-0.0187044781661127
340,-0.0207611163718095
341,-0.0197471628034889
342,-0.0175300846061951
343,-0.0159552044505285
344,-0.0150983659457986
345,-0.0138733257171208
346,-0.0117046239758388
347,-0.00908433610881457
348,-0.00678742031262171
349,-0.00510575496308206
350,-0.00384644163090219
351,-0.00268429958440812
352,-0.00145715763339066
353,-0.000386282432155902
354,3.74102256625574E-05
355,-0.0002165044577022
356,-7.37923041477173E-05
357,0.00197843843396576
358,0.00614912318511924
359,0.0105761816131478
360,0.0128530205071799
361,0.0123263607569441
362,0.0105120316703854
363,0.00925579835458825
364,0.00892389858430348
365,0.00851417659030164
366,0.00707075820923326
367,0.00459975445221596
368,0.00183302999920851
369,-0.000484358527826013
370,-0.00209263179755184
371,-0.00329074610172928
372,-0.00451830105400435
373,-0.00571401577714126
374,-0.00629539255438047
375,-0.00615779290583401
376,-0.0065225060769961
377,-0.00906136831278155
378,-0.0138222991379329
379,-0.0185335682989914
380,-0.0205887741426165
381,-0.0195888676436834
382,-0.0174254782081565
383,-0.015948117055137
384,-0.015175170443331
385,-0.0139423278619309
386,-0.0116610119451374
387,-0.00890098288094409
388,-0.0065404579172453
389,-0.00491421711792852
390,-0.00378276195514478
391,-0.00272376407168043
392,-0.00150062307766648
393,-0.000343927324043706
394,0.000163960372914233
395,-0.000100487829779591
396,-6.6311683468106E-05
397,0.00186826469911319
398,0.00599930340417711
399,0.0104718467305629
400,0.0128262592399727
401,0.0123599635899161
402,0.0105604699056087
403,0.00925057427588433
404,0.00880141940990939
405,0.00828211300035309
406,0.00683329528928606
407,0.00447530328856403
408,0.00183913920615056
409,-0.000435873339989373
410,-0.00208262865180951
411,-0.00331371405018285
412,-0.00453708006316797
413,-0.00575413877217869
414,-0.00642796998093938
415,-0.00638489338923231
416,-0.00672717630983745
417,-0.0091086522414626
418,-0.0137017693756461
419,-0.0183799189325741
420,-0.0205602249527706
421,-0.0197336898075796
422,-0.0176568990565852
423,-0.016129710176635
424,-0.015231116618253
425,-0.0139099445732627
426,-0.0116511045954301
427,-0.0089952655514846
428,-0.00670929390866419
429,-0.00503838839195165
430,-0.00376987319404262
431,-0.00259850188393447
432,-0.00136424611771728
433,-0.000252070758271378
434,0.000250240832293987
435,2.863350256338E-05
436,6.47544493670515E-05
437,0.00189716126147613
438,0.0058725455704207
439,0.0102291012382612
440,0.0125252397500271
441,0.0120163981114722
442,0.010201660924131
443,0.00898304209014248
444,0.00874403040369334
445,0.0084171833140895
446,0.00698596688427939
447,0.00448273937664721
448,0.00170800756483033
449,-0.000580698911668305
450,-0.00217526498272065
451,-0.00340965468687978
452,-0.00470213002333827
453,-0.00596207442681837
454,-0.00660380691296042
455,-0.00650034393388962
456,-0.00680361038489091
457,-0.00915995706156637
458,-0.0137407467923687
459,-0.0184687384294448
460,-0.0207737791079376
461,-0.020047136915497
462,-0.0179405388763795
463,-0.0163114044659389
464,-0.0154141539156399
465,-0.0142498658474977
466,-0.0121322627388646
467,-0.00942153711737294
468,-0.00694473774267992
469,-0.00518285670087419
470,-0.00403758517828685
471,-0.00306854711490756
472,-0.00192239225311122
473,-0.000759718833261452
474,-0.000189482057925265
475,-0.000406766408730284
476,-0.000393273061714321
477,0.00145910577223684
478,0.00552106937080652
479,0.0100247481249977
480,0.0125096315841555
481,0.01216635472977
482,0.0103926564793862
483,0.0090558787565149
484,0.00864467272342527
485,0.00824691063055615
486,0.00688471614727553
487,0.00448125789059871
488,0.00173045601711453
489,-0.00057886549070109
490,-0.00212316290968514
491,-0.00320311238240862
492,-0.00434311541537454
493,-0.00557262519234724
494,-0.00629548179687843
495,-0.00626278949612676
496,-0.00654447904857044
497,-0.00883383912936631
498,-0.0133999743654203
499,-0.0181838162201068
500,-0.0205426611985736
501,-0.0198130277002243
502,-0.0176783386954417
503,-0.0160548235417868
504,-0.0151945985366433
505,-0.0140495568401455
506,-0.0119223170975651
507,-0.00921805314925367
508,-0.00678522600448391
509,-0.00504799217076925
510,-0.00383723830128113
511,-0.00272895195814366
512,-0.00147095264624709
513,-0.000299120578235924
514,0.000208733851048854
515,-5.35303555371938E-05
516,-3.13371239449925E-05
517,0.00183321128173519
518,0.0058564772865628
519,0.0103017122313356
520,0.0128000191855234
521,0.0125737190532132
522,0.0109230867876202
523,0.00957646835459696
524,0.0089997544845787
525,0.00841339531425275
526,0.00698523724848511
527,0.00463665089549543
528,0.0019259202162273
529,-0.000459600829794958
530,-0.00215157936753948
531,-0.00333123665595375
532,-0.00447331113585833
533,-0.00565711220623803
534,-0.00633796052927707
535,-0.00625065365626405
536,-0.00643322516218168
537,-0.00861415148597637
538,-0.0131501503880766
539,-0.0180272173054848
540,-0.0205543859902869
541,-0.0199735454457985
542,-0.0179027123242523
543,-0.0162553288801874
544,-0.0153377599075069
545,-0.0141858930174709
546,-0.0121541014542929
547,-0.00959962293858751
548,-0.00724579491020022
549,-0.00544807377018614
550,-0.00411554261713958
551,-0.00295028359467598
552,-0.00169713062914301
553,-0.000468889922139652
554,0.000186471892426039
555,-1.63101312960272E-06
556,-0.000128771378695818
557,0.00147848637344555
558,0.00542014930478018
559,0.0100496559787197
560,0.012763387317631
561,0.0125241764253736
562,0.0106762632363064
563,0.00921331657790571
564,0.00874351267579336
565,0.00838058558317952
566,0.00714342998038197
567,0.00493851372536199
568,0.00235300244998128
569,7.91134363446184E-06
570,-0.00181086630475713
571,-0.00321788421227446
572,-0.00451170853303922
573,-0.00569824331691846
574,-0.00633742740842813
575,-0.00628496066726541
576,-0.00656690740227204
577,-0.00882804465960151
578,-0.013405288001658
579,-0.0183219460638632
580,-0.0208763944968703
581,-0.0202513821617192
582,-0.0180732885095126
583,-0.0163614772805097
584,-0.0154872229764197
585,-0.0143932891106959
586,-0.0122809030781039
587,-0.00950092853806931
588,-0.00695478571116178
589,-0.00515929524432905
590,-0.00397934536368598
591,-0.0029301831082935
592,-0.00165759280522793
593,-0.000366071497437998
594,0.000253237617517643
595,-8.25059191179129E-05
596,-0.000351421040896583
597,0.00121656418888429
598,0.00520684694371348
599,0.00990097528875936
600,0.0126540074565258
601,0.0124361149956853
602,0.0106193060431827
603,0.00922456384890399
604,0.00885636937953262
605,0.00856034858258805
606,0.00725808147434033
607,0.00484868710354167
608,0.00206036665060736
609,-0.000317642092896447
610,-0.00198874653095996
611,-0.0032248488356329
612,-0.00446501437733664
613,-0.00569362361507863
614,-0.00635160078033536
615,-0.00623580613616617
616,-0.00641759016412939
617,-0.00860811853702885
618,-0.0131658408054524
619,-0.0181034172806419
620,-0.0206997936445554
621,-0.0201051807401238
622,-0.0179170655284384
623,-0.0161760931762784
624,-0.0153215835662888
625,-0.0143295573100661
626,-0.0123390681578919
627,-0.00960304181632107
628,-0.00700225147450425
629,-0.00513235354653977
630,-0.00393925961744348
631,-0.0029333846963407
632,-0.00169461462487901
633,-0.000387089230334958
634,0.000283878522237805
635,1.49667178280241E-05
636,-0.000169947242885134
637,0.00147801889898373
638,0.00546195003974641
639,0.0099944524761751
640,0.0125002202631148
641,0.0121421318882887
642,0.0104100865833928
643,0.00921496262940016
644,0.0089458930668836
645,0.00859953585027687
646,0.00727082114150882
647,0.00499582406848954
648,0.00238551373204284
649,6.648853202998E-06
650,-0.00185144121691353
651,-0.00322784974287944
652,-0.00441091231960672
653,-0.00552369574235276
654,-0.00622044349877501
655,-0.00626329701809667
656,-0.00648608462049293
657,-0.00850669409891237
658,-0.0128791954294722
659,-0.017845996375057
660,-0.0206687147058135
661,-0.0202952464123601
662,-0.0181933738261806
663,-0.0164308427752768
664,-0.0155100572948232
665,-0.0144364840160642
666,-0.0123982098318039
667,-0.00970487498414241
668,-0.00718832328202519
669,-0.00530363411712225
670,-0.00397611706145749
671,-0.00291184734744998
672,-0.00185214297462139
673,-0.000801468794929016
674,-0.00012959060290576
675,-8.79006755259552E-05
676,-1.68911724875937E-05
677,0.00150186250727421
678,0.00513235006314712
679,0.00955694739307053
680,0.012368411072664
681,0.0123765974635764
682,0.0106623626467367
683,0.00918626617638508
684,0.00873054121998225
685,0.00848501729533474
686,0.00731860470084944
687,0.00498045518184232
688,0.00212669505393534
689,-0.000395903546194843
690,-0.00217601631628981
691,-0.00341541548926314
692,-0.00458528744121485
693,-0.00577101632279117
694,-0.00646483891458433
695,-0.00638196179074911
696,-0.00646070204984376
697,-0.00840588187348257
698,-0.0127424439128387
699,-0.0176551232470222
700,-0.0204253448574032
701,-0.0200684625678812
702,-0.0180674300730034
703,-0.0164273020277078
704,-0.0155709842065458
705,-0.01447040231943
706,-0.0123460904699125
707,-0.00959225450866618
708,-0.00712120680451125
709,-0.00538038828283131
710,-0.00417491295791844
711,-0.00308203454108476
712,-0.00185162838483071
713,-0.000645668909023969
714,1.4635256141806E-05
715,-0.00011762921148625
716,-0.000242276935773797
717,0.00118927942631166
718,0.00486090449893405
719,0.00939307497782269
720,0.0123175559352621
721,0.0124203673442761
722,0.0107739196777509
723,0.0093206828555365
724,0.0088271596107051
725,0.0085044685590494
726,0.00728955189332069
727,0.00500084361697618
728,0.00229444062583153
729,-7.14649142492E-05
730,-0.00179474707467398
731,-0.0031131970727188
732,-0.00443932418629734
733,-0.00576992207302619
734,-0.00654825485872271
735,-0.00648748011131707
736,-0.0065391025259049
737,-0.0084273207078194
738,-0.0127193053733923
739,-0.0176582067873638
740,-0.0205494209457776
741,-0.0203526021161012
742,-0.0184417519280901
743,-0.0167571149760983
744,-0.0157764360092176
745,-0.0146031389342906
746,-0.0125249767151137
747,-0.00985401983566592
748,-0.00736251675148481
749,-0.00547724386001651
750,-0.00414134836283187
751,-0.00306089920950087
752,-0.0019371653699494
753,-0.0007662494976257
754,-2.77428866072309E-07
755,4.39711284304314E-06
756,-8.50278249831499E-05
757,0.00129084906287731
758,0.00492214658308256
759,0.0094614666274663
760,0.0123673761168128
761,0.012388228390721
762,0.0106736448001004
763,0.00924607731810095
764,0.00882708405934204
765,0.00852262485581362
766,0.00726819260679802
767,0.00499006405966875
768,0.00238591583795726
769,0.000100107703750757
770,-0.00168155007039257
771,-0.00313276319231251
772,-0.00448825895977133
773,-0.00569459118507473
774,-0.0063442256379337
775,-0.0062924954380994
776,-0.00643625911634265
777,-0.00834834371397805
778,-0.0125840349150437
779,-0.0175276190669717
780,-0.0205437096250476
781,-0.0204428485982141
782,-0.0184360001750725
783,-0.0165379560890436
784,-0.0154750112551717
785,-0.0144590239898958
786,-0.0126053750185011
787,-0.00999286888539487
788,-0.00737720106136599
789,-0.00535891526293311
790,-0.00398965357102074
791,-0.00290116936773611
792,-0.00169685398565192
793,-0.000430822774575463
794,0.000285930989355928
795,4.412442869729E-05
796,-0.000350954730961641
797,0.000863225550607389
798,0.00457040963307687
799,0.00935381875394454
800,0.0125113662497252
801,0.0126519771514044
802,0.010896361807431
803,0.00936935722349765
804,0.00893943732340092
805,0.00875708761667393
806,0.00764087578805322
807,0.00535989315762677
808,0.00259661981032164
809,0.000144543214125354
810,-0.00167112563239755
811,-0.00304963616914619
812,-0.00435733579044533
813,-0.00559160490548215
814,-0.00625379744949495
815,-0.00610820598624275
816,-0.00610457754377668
817,-0.00795634975927697
818,-0.012267049952326
819,-0.0173207217558783
820,-0.0203759252356509
821,-0.0202736240234426
822,-0.018337003411152
823,-0.0166027011223385
824,-0.0156809066767549
825,-0.0146727493498438
826,-0.0127236745427244
827,-0.0100344952396381
828,-0.00742326956434565
829,-0.00544600940356735
830,-0.00409485253243516
831,-0.0029982154529667
832,-0.0017687346277207
833,-0.000430375893790362
834,0.000424590485316528
835,0.0003153072816113
836,-7.60086869284683E-05
837,0.000972442659069121
838,0.00444378553130925
839,0.0090690450706823
840,0.0122181766646201
841,0.0124670109012893
842,0.0108514586921274
843,0.0094163125690558
844,0.00899318927987265
845,0.00876503119469268
846,0.00762831556050698
847,0.00539196896095401
848,0.00268951336817011
849,0.000245405754895642
850,-0.00159940577012478
851,-0.00296454513107884
852,-0.00420620270836573
853,-0.00542478942216348
854,-0.00619996194979657
855,-0.00621405470144172
856,-0.00625006047317406
857,-0.00797621973221302
858,-0.0121360030270037
859,-0.0171725131545301
860,-0.0203408119290915
861,-0.0203375153287671
862,-0.0183742145041883
863,-0.0165157959345299
864,-0.0154851438848702
865,-0.0144629490272873
866,-0.0125891897532144
867,-0.0100037033789198
868,-0.00746116159316065
869,-0.00549013631731597
870,-0.00410671093528925
871,-0.00299771363277521
872,-0.00181493515384386
873,-0.000548686739089573
874,0.00030319342849666
875,0.000320886513642298
876,0.000124839867174066
877,0.00128452185544638
878,0.00469177719544916
879,0.00915638427462096
880,0.0122172432886624
881,0.0125165980151072
882,0.0109802521750168
883,0.00951049538122187
884,0.00894628055615787
885,0.00861269309263335
886,0.00749808655532545
887,0.00534525635425418
888,0.00266468393602376
889,0.000160341371085751
890,-0.00173534826236484
891,-0.00307016151316993
892,-0.00423263919991195
893,-0.0053999450706697
894,-0.00616865308898317
895,-0.0061667583463736
896,-0.00613270220003538
897,-0.00776168907633523
898,-0.011869902801591
899,-0.0169464285822175
900,-0.020228626636238
901,-0.0203567780364787
902,-0.0184897862037542
903,-0.0166594438016645
904,-0.0155751569162931
905,-0.0144405770132423
906,-0.0124696431262662
907,-0.00988483890192054
908,-0.00744699336318978
909,-0.00559344723886606
910,-0.00424844076142291
911,-0.00311141380842598
912,-0.00192228522608015
913,-0.000710915340012885
914,7.71257064758962E-05
915,7.22579789720068E-05
916,-0.000132639604822901
917,0.000989774145426978
918,0.00436912473692389
919,0.00889474521806563
920,0.0121037603531963
921,0.0125388793281485
922,0.0110493356631554
923,0.00956227420964772
924,0.00897555473605353
925,0.00862182446243546
926,0.00747507176139994
927,0.00531180194868163
928,0.00268925152232952
929,0.000275384836301146
930,-0.00160419796719979
931,-0.00304366183882004
932,-0.00435430622795987
933,-0.0056151965300794
934,-0.00642278907335394
935,-0.0064649808629135
936,-0.00647107448897969
937,-0.00804440605524771
938,-0.0119628845423696
939,-0.0168256305194485
940,-0.0200314636602319
941,-0.020253360773148
942,-0.0185166213059678
943,-0.0167103271656149
944,-0.0155536736440291
945,-0.0143827205866497
946,-0.012486933600156
947,-0.0100104363794878
948,-0.00759115149613978
949,-0.00567016709061497
950,-0.00430223577619154
951,-0.00326625811901542
952,-0.00221140376638627
953,-0.00101494562509135
954,-0.000107406287901104
955,-4.17871358054513E-06
956,-0.00023178909134163
957,0.000795648245961092
958,0.00416533858711562
959,0.00882190615266125
960,0.0121890673245356
961,0.0126655527335817
962,0.0110860095805465
963,0.00948923719261863
964,0.00887658866372413
965,0.00858427502598417
966,0.0075282239242954
967,0.00544739363812829
968,0.00289472945248478
969,0.00052354015190932
970,-0.00136894173988436
971,-0.00286728865676175
972,-0.00422162361491056
973,-0.00546829568178168
974,-0.00623772356681888
975,-0.00627980684660944
976,-0.0063319710784413
977,-0.00797059968848199
978,-0.0119928812774855
979,-0.0170367271817936
980,-0.0204313197866384
981,-0.020678901175859
982,-0.0187564362667448
983,-0.0167680847764175
984,-0.0156893644482255
985,-0.0148035926647951
986,-0.0130595518951489
987,-0.010395394712644
988,-0.00764664358936253
989,-0.00559293439472001
990,-0.00433344885194799
991,-0.00337812392032541
992,-0.00218192401369171
993,-0.000744959826116852
994,0.00025021901582847
995,0.000203449782740473
996,-0.000302933041669947
997,0.000448590642784075
998,0.00362361247879652
999,0.00823763543818747
1000,0.0117587654054387
1001,0.012509224095203
1002,0.011142516242015
1003,0.00957990687007398
1004,0.00887908280386292
1005,0.00851221166477756
1006,0.00744394259083943
1007,0.00534938417839723
1008,0.00272526619161562
1009,0.000265171978344629
1010,-0.0016452858374992
1011,-0.00306359060469298
1012,-0.0043096182686635
1013,-0.00551069400544186
1014,-0.00631100193060207
1015,-0.00638882434408088
1016,-0.00641339650380293
1017,-0.00797120668903075
1018,-0.0119197468796722
1019,-0.0169307452443467
1020,-0.0203277797001551
1021,-0.0206142872399714
1022,-0.0187754439856281
1023,-0.016875982802317
1024,-0.0158159197094603
1025,-0.0148738397218828
1026,-0.013102372507938
1027,-0.0105172289445622
1028,-0.00786920233439114
1029,-0.00578403310357877
1030,-0.00436166305972989
1031,-0.00329692553960566
1032,-0.00217499163348154
1033,-0.000886877862387024
1034,0.000102112937143391
1035,0.000247940972784859
1036,-2.46284117100216E-05
1037,0.000830932403019487
1038,0.00395861400915391
1039,0.00845376317494293
1040,0.0118482518927608
1041,0.0124988826078779
1042,0.0111077892186465
1043,0.00962982318858486
1044,0.00907311863332034
1045,0.00880016293299484
1046,0.00771431159792433
1047,0.00553543950906455
1048,0.00285234857501301
1049,0.000409659286034983
1050,-0.00142716094210096
1051,-0.00278568219122442
1052,-0.00406362612915762
1053,-0.00540953908997129
1054,-0.00637933122753511
1055,-0.00649931152071523
1056,-0.00637269971407342
1057,-0.0077028968126038
1058,-0.0115485250332951
1059,-0.0166624899181095
1060,-0.0202560876052775
1061,-0.0206617981359085
1062,-0.018800638950473
1063,-0.0167950333395904
1064,-0.0156269303769897
1065,-0.0146233943826317
1066,-0.0128668794206283
1067,-0.0103844225436296
1068,-0.00788575490286706
1069,-0.0059139956798585
1070,-0.00452256607647881
1071,-0.00343353314205132
1072,-0.00227310870335811
1073,-0.000928508990408214
1074,0.000137292913976142
1075,0.000315364461670939
1076,-4.0033525904555E-05
1077,0.000676029405999536
1078,0.00378501492303724
1079,0.00847743654642915
1080,0.0121527461439753
1081,0.0129310262550344
1082,0.0114256631229857
1083,0.0097196428158808
1084,0.00899551817012957
1085,0.00867353835665375
1086,0.00761890514619968
1087,0.00551020806594315
1088,0.00290047422658166
1089,0.000476289205546641
1090,-0.00142155054365274
1091,-0.00284332719573662
1092,-0.00408063517027884
1093,-0.00529872161989085
1094,-0.00618936110044183
1095,-0.00634565806136033
1096,-0.00626595481611842
1097,-0.00753072102397589
1098,-0.0112513953090145
1099,-0.0163442372379375
1100,-0.0200547080660804
1101,-0.0205663051965195
1102,-0.0186901736241743
1103,-0.0166449559701211
1104,-0.0155698219006416
1105,-0.0147611824017564
1106,-0.0130968363908214
1107,-0.0104870417167163
1108,-0.00775474416515008
1109,-0.00563309343111379
1110,-0.00423191819816511
1111,-0.0032014467333678
1112,-0.0021125272826317
1113,-0.000855803736415502
1114,0.000121245087826299
1115,0.00025503483393312
1116,-0.00011618504412692
1117,0.000523737044772369
1118,0.00346989918467229
1119,0.00802857794849529
1120,0.0117249557479909
1121,0.012644389531852
1122,0.0112562521539098
1123,0.0095960195247039
1124,0.0089456755087384
1125,0.00879045146713653
1126,0.00789301608526172
1127,0.00578839520188647
1128,0.0030449744181731
1129,0.0005059230082469
1130,-0.00139058307888256
1131,-0.00275100794052496
1132,-0.00396351218500935
1133,-0.00520698118228279
1134,-0.00612905863879202
1135,-0.00630348152278919
1136,-0.00623391881664614
1137,-0.00748934855192541
1138,-0.0111740967951194
1139,-0.0162482608885745
1140,-0.0200150236862183
1141,-0.0206416185482249
1142,-0.0188504330251335
1143,-0.016807394577474
1144,-0.0156995114420334
1145,-0.0149003642442024
1146,-0.0132914987550599
1147,-0.0107215314680658
1148,-0.00798136054875724
1149,-0.00583908479962175
1150,-0.00443990725899749
1151,-0.00340860120672892
1152,-0.00227185813924945
1153,-0.000940424941597652
1154,6.41775589998392E-05
1155,0.000159108973582158
1156,-0.000228123854806209
1157,0.000516116674401733
1158,0.00365594126001049
1159,0.00835538458963608
1160,0.012047384172376
1161,0.0128684110926482
1162,0.011393046612217
1163,0.00968721394347934
1164,0.00899806131657299
1165,0.00880606554147564
1166,0.00791305543013966
1167,0.00586114120904009
1168,0.00317408504561902
1169,0.000667400834916989
1170,-0.00120411184419862
1171,-0.00254962123309633
1172,-0.00380720156013095
1173,-0.00517236882477383
1174,-0.00621561547375148
1175,-0.00641475673193552
1176,-0.00626832934201157
1177,-0.00741797984107713
1178,-0.011026524569634
1179,-0.016074119591917
1180,-0.0198834378976482
1181,-0.0206236561939204
1182,-0.0189453740013677
1183,-0.0169104798137484
1184,-0.0157003216017676
1185,-0.0148124145598993
1186,-0.0132418907415254
1187,-0.0108093216800554
1188,-0.00818173458611918
1189,-0.00605595963681208
1190,-0.00462123165512231
1191,-0.00359081116226731
1192,-0.00252154292048347
1193,-0.00125834747714999
1194,-0.000223753563492309
1195,4.58023229395282E-06
1196,-0.00029642031047607
1197,0.000311523758835242
1198,0.00312192019932163
1199,0.00756691454420844
1200,0.0113158197932623
1201,0.0124418224245365
1202,0.0112409116858253
1203,0.00961241000645587
1204,0.00888967796894599
1205,0.00870480325971889
1206,0.00786962064849307
1207,0.00583739601220546
1208,0.00310307278036856
1209,0.00053545637845329
1210,-0.00137172267420268
1211,-0.00273705264476418
1212,-0.00400545387825983
1213,-0.00536304000599047
1214,-0.00639139231154518
1215,-0.00659465307546645
1216,-0.00646769188172489
1217,-0.0076269126951334
1218,-0.0112406874485417
1219,-0.016318724791299
1220,-0.0201764062373069
1221,-0.0209413443958211
1222,-0.0192625130269941
1223,-0.0172524720376845
1224,-0.0161083019950809
1225,-0.0152664948326461
1226,-0.0136665858006766
1227,-0.0111518534665062
1228,-0.00843681826518235
1229,-0.00621218549782451
1230,-0.00464913295529421
1231,-0.00351644236845614
1232,-0.00245819458301909
1233,-0.00130897999424692
1234,-0.000369563315207177
1235,-0.000124876237664642
1236,-0.000332853364548966
1237,0.000349305607139966
1238,0.003171167591839
1239,0.00757918370233882
1240,0.0112567753437847
1241,0.012284624040037
1242,0.0109922299656556
1243,0.00932016480691698
1244,0.00859829599404849
1245,0.00841836047874846
1246,0.0075792979718247
1247,0.00556664546913607
1248,0.0028970781628517
1249,0.000413729217913986
1250,-0.00142882698868
1251,-0.00275727428286061
1252,-0.00400396667778367
1253,-0.00535204936865796
1254,-0.00638570865479104
1255,-0.00659939862275798
1256,-0.00647574682723531
1257,-0.00763083434963039
1258,-0.0112295765658583
1259,-0.0162611986499419
1260,-0.0200359930314116
1261,-0.0207251568253856
1262,-0.0190283563890862
1263,-0.0170379662610353
1264,-0.0158725588398931
1265,-0.0149452288008305
1266,-0.0132853193519035
1267,-0.0108380695428446
1268,-0.00829434941677588
1269,-0.0062115536072086
1270,-0.00466744611501062
1271,-0.00346082138114655
1272,-0.00231509249629583
1273,-0.0010977999320723
1274,-0.000115483865324085
1275,0.000106676246966329
1276,-0.000224136030248853
1277,0.000308442974636037
1278,0.00311902998150521
1279,0.00773738615416448
1280,0.0117226581158231
1281,0.0129233925438146
1282,0.011555330022286
1283,0.00966240590928059
1284,0.0087746245896703
1285,0.00859848019885515
1286,0.00789548396396947
1287,0.00602345929665585
1288,0.00337790520478713
1289,0.000761098900716129
1290,-0.00129966574894885
1291,-0.00278881271995842
1292,-0.00404876173502141
1293,-0.00531258801060778
1294,-0.00628601217275573
1295,-0.00649543836132765
1296,-0.00632806059881619
1297,-0.00733863141218188
1298,-0.0108099291586278
1299,-0.0159220232358644
1300,-0.0199915392409988
1301,-0.0209503177490261
1302,-0.0192698410797102
1303,-0.0170941602662295
1304,-0.0158019067985236
1305,-0.0149469557758066
1306,-0.0134166803673118
1307,-0.010937571898328
1308,-0.00820246946242211
1309,-0.0059948790688265
1310,-0.0045628127087917
1311,-0.00362051052944678
1312,-0.00266854405656134
1313,-0.00146949121427606
1314,-0.000420230601636866
1315,-0.000177169025001713
1316,-0.000549286406845521
1317,-4.59557795489914E-05
1318,0.00278873020967678
1319,0.00745355837655082
1320,0.0114742888469569
1321,0.0127155883202081
1322,0.0114196828942341
1323,0.00961139957475987
1324,0.00877154323004352
1325,0.00858400030461128
1326,0.00783036934255647
1327,0.00590347929898979
1328,0.0032313021312797
1329,0.000645816364923588
1330,-0.00132237056877286
1331,-0.00271210954235192
1332,-0.0039506970044915
1333,-0.0053003362085127
1334,-0.00639618373994579
1335,-0.00665701680977704
1336,-0.00642346439050091
1337,-0.00729257175785058
1338,-0.0106311146256073
1339,-0.0156909582915918
1340,-0.0198176691396714
1341,-0.0209104428957827
1342,-0.0193595112131114
1343,-0.0172441510723555
1344,-0.0159554803936402
1345,-0.0151100394080973
1346,-0.0136191902864848
1347,-0.0111657906265587
1348,-0.00839959963022163
1349,-0.00612023789054095
1350,-0.00461379081283571
1351,-0.00359072298453427
1352,-0.00252202377075753
1353,-0.00118924435196603
1354,-7.11232126276308E-05
1355,0.000109595444513367
1356,-0.000428522377511961
1357,-8.7285409692428E-05
1358,0.00268545812207115
1359,0.00739700253389865
1360,0.011503851008926
1361,0.012801478983543
1362,0.0115206357385412
1363,0.00970925334657506
1364,0.00885297126143261
1365,0.00863465257125564
1366,0.00788450014320416
1367,0.00606447365165175
1368,0.00357235407299432
1369,0.00108418999500308
1370,-0.000980372780496534
1371,-0.00256699090204949
1372,-0.00390849914627442
1373,-0.00522119430090826
1374,-0.00627931953301522
1375,-0.0065921505435042
1376,-0.00640122187059974
1377,-0.00718943604485038
1378,-0.0104041608519756
1379,-0.0154738679167068
1380,-0.0197552407768619
1381,-0.0209782648592433
1382,-0.0194350330081651
1383,-0.0173022907441335
1384,-0.0160879030855296
1385,-0.0153658412644854
1386,-0.0139298248346033
1387,-0.0114420022278051
1388,-0.00861110357357046
1389,-0.00624969955438057
1390,-0.00462732537951834
1391,-0.00352011744077769
1392,-0.00250069368951134
1393,-0.00130483340068311
1394,-0.00021228630455779
1395,0.00015477241232356
1396,-0.000151651975064719
1397,0.000212342074180924
1398,0.0027573347215106
1399,0.00718777479270503
1400,0.0111484348612661
1401,0.0124468330059147
1402,0.0112350068936868
1403,0.00953009271250172
1404,0.0088147212129135
1405,0.00870530668317466
1406,0.0079331449484243
1407,0.00595756811972643
1408,0.00329963101619512
1409,0.000758671744541155
1410,-0.00124085865863677
1411,-0.00272542222139443
1412,-0.00398239470436089
1413,-0.00522588562315091
1414,-0.00623817866057752
1415,-0.00657768269910941
1416,-0.00650422667091376
1417,-0.00742250602341353
1418,-0.0106695891550477
1419,-0.0156641852216833
1420,-0.0198722161460742
1421,-0.0211145500215043
1422,-0.0196377352251825
1423,-0.0174951162742699
1424,-0.0161502293595292
1425,-0.0152667102904204
1426,-0.0137614400391572
1427,-0.0113391724598849
1428,-0.00865767177011057
1429,-0.00643805273320465
1430,-0.00486496642536248
1431,-0.00368165071705788
1432,-0.00251931893584955
1433,-0.00123003367234976
1434,-0.000149760879621096
1435,0.000164860446123325
1436,-0.000146706906787152
1437,0.0002370117310663
1438,0.002738821699252
1439,0.00708009604296962
1440,0.0110489796284984
1441,0.0125229488506582
1442,0.011516015978351
1443,0.00985679010364245
1444,0.00904003492997161
1445,0.00888015975198549
1446,0.00822406383727221
1447,0.00641364985349199
1448,0.00378289787412462
1449,0.00110757251730473
1450,-0.00104742225570755
1451,-0.00259202123437311
1452,-0.00382868509581416
1453,-0.00504803828089861
1454,-0.00605975824686862
1455,-0.00638135491296573
1456,-0.00621958660317329
1457,-0.00698076593443932
1458,-0.0100874024523885
1459,-0.015074766178788
1460,-0.0194335392410624
1461,-0.0208593074130467
1462,-0.0194458549891193
1463,-0.0172504556158581
1464,-0.0158905717180658
1465,-0.0151172592826472
1466,-0.0137377946708845
1467,-0.0113006835991117
1468,-0.00848290210367966
1469,-0.00617570021800003
1470,-0.00465944990604805
1471,-0.0035989664480665
1472,-0.00251600375353621
1473,-0.0012660974971184
1474,-0.000249291689706535
1475,-2.11907711544806E-05
1476,-0.000378072986447553
1477,4.02702694886115E-05
1478,0.00265098916450206
1479,0.00716603468786998
1480,0.011338373500581
1481,0.0129332664508205
1482,0.0118452106656295
1483,0.00993365416408865
1484,0.00889034789646972
1485,0.00869376145499315
1486,0.00814923076328605
1487,0.00643140363057829
1488,0.00379513653269095
1489,0.00108816172894196
1490,-0.00104017857996769
1491,-0.00252134778224803
1492,-0.00373784718149504
1493,-0.00500726102973808
1494,-0.00609463973439968
1495,-0.00646496873838871
1496,-0.00630477894059004
1497,-0.00702020898264604
1498,-0.0100471017690364
1499,-0.0149628338734722
1500,-0.0193183105731163
1501,-0.020831924981544
1502,-0.0195431550062085
1503,-0.0174161017815325
1504,-0.0160279535237126
1505,-0.0151880258225363
1506,-0.0137965798865758
1507,-0.0114206771438235
1508,-0.00866185357246918
1509,-0.00634416874991233
1510,-0.00477535330970084
1511,-0.00368584675935541
1512,-0.00258499714238046
1513,-0.00125498156336566
1514,-0.000106610395975588
1515,0.000169595193328211
1516,-0.000313264402529035
1517,-9.18658250066233E-05
1518,0.00243820170659384
1519,0.00702474790626785
1520,0.0112785546097781
1521,0.012859132472316
1522,0.0117272900459144
1523,0.00985415506127188
1524,0.00891551802573233
1525,0.00878126087858824
1526,0.00821198660238692
1527,0.00643568240524108
1528,0.0037626764942519
1529,0.00105181090296519
1530,-0.00104323202852339
1531,-0.00246011568306404
1532,-0.00364341092041787
1533,-0.00497713033282459
1534,-0.00617377055336211
1535,-0.00654894972848444
1536,-0.00624326262773479
1537,-0.00681682916991634
1538,-0.0098694015717204
1539,-0.0149291060461509
1540,-0.0193593048645606
1541,-0.0208188422509861
1542,-0.0194748028896104
1543,-0.0173823213664846
1544,-0.0160270006123705
1545,-0.0151059119587809
1546,-0.0135956157678782
1547,-0.0112382437283548
1548,-0.00863872042426993
1549,-0.00641759388235306
1550,-0.00475687239967997
1551,-0.00354335332293257
1552,-0.00253102033668607
1553,-0.00148113177532455
1554,-0.000498824170231938
1555,-6.82669029032643E-05
1556,-0.000266779057603868
1557,-1.48459862171611E-05
1558,0.00218971962187163
1559,0.00641785970820749
1560,0.0106507667635841
1561,0.0125448663717365
1562,0.011734978012166
1563,0.00995079521960536
1564,0.00893328125622696
1565,0.00874028625277041
1566,0.00818933929333069
1567,0.00644301779057661
1568,0.00377949674286148
1569,0.00107535423282558
1570,-0.00104277046250439
1571,-0.00256125083147003
1572,-0.00387361504208047
1573,-0.00523819791739629
1574,-0.00635200975723305
1575,-0.00666954137203287
1576,-0.0064145175813862
1577,-0.00702441728408539
1578,-0.00994970990844121
1579,-0.0148015991577757
1580,-0.0191817286495433
1581,-0.020809721400624
1582,-0.019644962835312
1583,-0.0175677565136903
1584,-0.0161666770990157
1585,-0.0153350589014906
1586,-0.0140081363687449
1587,-0.0116876754482805
1588,-0.00889855961888067
1589,-0.00647307812836704
1590,-0.00479046808385861
1591,-0.00363599074676758
1592,-0.00253592895114185
1593,-0.00127231736552183
1594,-0.000224368852792925
1595,-7.04332038893182E-06
1596,-0.000459247535153762
1597,-0.000182165631041057
1598,0.00230809448910383
1599,0.0067459062617085
1600,0.0108761690890695
1601,0.0124763706569621
1602,0.011458878701103
1603,0.00965072959492957
1604,0.00867512074233333
1605,0.00849399700950778
1606,0.00798258299301569
1607,0.00638149353123716
1608,0.00390642165278174
1609,0.00129117430482874
1610,-0.000871998673073503
1611,-0.00245268589125376
1612,-0.00373806697211498
1613,-0.00502943210235298
1614,-0.00614320114497086
1615,-0.0065551556900219
1616,-0.00638285245089413
1617,-0.00698053018483688
1618,-0.00984683624588351
1619,-0.0146869234007942
1620,-0.0190987838342704
1621,-0.0207185675924592
1622,-0.0194874494776734
1623,-0.0173733923480524
1624,-0.0160273086614074
1625,-0.0152809746732124
1626,-0.0139730091123541
1627,-0.0116066481562836
1628,-0.00878436193988937
1629,-0.00637316557580489
1630,-0.00473090516742935
1631,-0.00364648093720353
1632,-0.00265955472035009
1633,-0.00146338822375426
1634,-0.000279176537727023
1635,0.000270292942537769
1636,6.34099585670727E-05
1637,0.000212486424562026
1638,0.00228273442020997
1639,0.00642394401634946
1640,0.0106765840398359
1641,0.0126684535966537
1642,0.0119179957367313
1643,0.0100667133047776
1644,0.00890811278101016
1645,0.00865340445331648
1646,0.00820900919767405
1647,0.00666027807815776
1648,0.00412747497857549
1649,0.00142228147966337
1650,-0.000742987040310619
1651,-0.00224176159467999
1652,-0.00347566881182905
1653,-0.00482096785077501
1654,-0.00604902925263269
1655,-0.00654566910219543
1656,-0.00640014877561012
1657,-0.00699728678220312
1658,-0.00985306552510124
1659,-0.014668287339432
1660,-0.0190749748354355
1661,-0.0207740380481728
1662,-0.019693395108852
1663,-0.0176658281953143
1664,-0.0162280445057174
1665,-0.0152885861161417
1666,-0.0138930684135549
1667,-0.0116305475330221
1668,-0.00895306396801913
1669,-0.00653328637677986
1670,-0.0047402216514201
1671,-0.00355400569233885
1672,-0.00263452684006196
1673,-0.00159666191565059
1674,-0.000526916587725179
1675,-2.68762414714913E-05
1676,-0.000265652513442798
1677,-0.000103262518274144
1678,0.00210792662597467
1679,0.00649088466949004
1680,0.0109203482665662
1681,0.0129131724560999
1682,0.0120794343370951
1683,0.0102251142284938
1684,0.00914780301579439
1685,0.00890523970713735
1686,0.00832866101447172
1687,0.0066276110723916
1688,0.00407438778217154
1689,0.00145045689360431
1690,-0.000689475525959603
1691,-0.00227619122773905
1692,-0.00360198447500984
1693,-0.00493365711752726
1694,-0.00606450635047621
1695,-0.00645657113382523
1696,-0.0062086918540511
1697,-0.00668568657101945
1698,-0.00945746001160183
1699,-0.0143129277359843
1700,-0.0188639242677917
1701,-0.020675614956216
1702,-0.019593262293186
1703,-0.0175222898554727
1704,-0.0161088546283406
1705,-0.0152463249685837
1706,-0.0138776416500408
1707,-0.011572406796879
1708,-0.00888893520850621
1709,-0.00657942006663179
1710,-0.00494049949274212
1711,-0.00380455246212495
1712,-0.00277443911703625
1713,-0.00154417835383963
1714,-0.000320521842037298
1715,0.000223067503171468
1716,-9.57769210743797E-05
1717,-0.000101824713927729
1718,0.00193881795145109
1719,0.0062454531876592
1720,0.010709537727083
1721,0.0127593331745706
1722,0.0119165596789411
1723,0.0100111206444245
1724,0.00893893882668606
1725,0.00878948776360214
1726,0.00831623890983414
1727,0.00665259073910435
1728,0.00408901951787171
1729,0.00146606911606041
1730,-0.000654228996582084
1731,-0.00222490389266583
1732,-0.00351455765659676
1733,-0.00475380840460055
1734,-0.00579028829370263
1735,-0.00620222851356968
1736,-0.00609720347380107
1737,-0.00668791931113025
1738,-0.00942043489455788
1739,-0.0141689366856988
1740,-0.0187324574652843
1741,-0.0207012486362668
1742,-0.0197413467432977
1743,-0.0176164087242829
1744,-0.0160472179737528
1745,-0.0150952789757505
1746,-0.0137450474408286
1747,-0.0114740102660032
1748,-0.00877755234895129
1749,-0.0064362679061952
1750,-0.00477247693409551
1751,-0.00359651911742552
1752,-0.00252590348678108
1753,-0.00134092921581887
1754,-0.000284125185328529
1755,8.57459030121068E-05
1756,-0.000259760803763255
1757,-0.000144586509542618
1758,0.00201677027641445
1759,0.0063476282893657
1760,0.0108072992927728
1761,0.0129248364068759
1762,0.0121853691823692
1763,0.010288910325999
1764,0.00909777651565958
1765,0.0088214428121585
1766,0.00833076737279128
1767,0.00672657518213208
1768,0.00417863095350087
1769,0.00148974711555226
1770,-0.000691403537681161
1771,-0.00224067168928467
1772,-0.00347303383294297
1773,-0.00473150848437775
1774,-0.00589637689628458
1775,-0.00644822514835277
1776,-0.0063613898068558
1777,-0.00680854050038405
1778,-0.00933009857561367
1779,-0.0139573586287017
1780,-0.0185799905623487
1781,-0.0207294800894591
1782,-0.0199168061006651
1783,-0.017815099853377
1784,-0.0162151884363609
1785,-0.0153096971820389
1786,-0.0140951193329226
1787,-0.0119224522584063
1788,-0.00919742612382327
1789,-0.00676856309688055
1790,-0.00507713399283085
1791,-0.00393279787135934
1792,-0.00285030742494811
1793,-0.00156672623607341
1794,-0.000389255077061055
1795,6.64890727493017E-05
1796,-0.000215249964707647
1797,-7.02511900048422E-05
1798,0.00199619536288297
1799,0.00607308205017681
1800,0.0102755809523912
1801,0.0123566265638708
1802,0.0118312414047422
1803,0.0101901112252659
1804,0.00909448247909557
1805,0.00877475554947737
1806,0.00826189308579861
1807,0.00672860490143586
1808,0.00426625179578671
1809,0.00158973828403733
1810,-0.000637220172892127
1811,-0.00222206799100635
1812,-0.00345667184828552
1813,-0.00470915194629031
1814,-0.0058710821350866
1815,-0.0064108860178132
1816,-0.00631554528280058
1817,-0.00679861673679446
1818,-0.00939779586112393
1819,-0.0140623913229509
1820,-0.0186110230109092
1821,-0.0206318023180588
1822,-0.0197835696056837
1823,-0.0177971911706255
1824,-0.016340664127182
1825,-0.0154502228016515
1826,-0.0141310819669463
1827,-0.0118782546202046
1828,-0.00916127705289582
1829,-0.00673337900188767
1830,-0.00495488389452311
1831,-0.00371471820189524
1832,-0.00264549980347168
1833,-0.00144633982215299
1834,-0.000289368954446636
1835,0.000210815855432171
1836,-0.000116934473200384
1837,-0.000166793544690944
1838,0.00173851654789506
1839,0.00589583299113863
1840,0.0103689392104852
1841,0.0126515746857197
1842,0.0121036853382949
1843,0.0103119451719394
1844,0.00911284490801316
1845,0.00878296981271877
1846,0.00828289134819548
1847,0.00673592417772896
1848,0.00425246513901096
1849,0.00157506958776428
1850,-0.000636316404724379
1851,-0.00220675642584781
1852,-0.00344223235059296
1853,-0.00471806196474774
1854,-0.00590602597938159
1855,-0.00642033432669185
1856,-0.00621367646395672
1857,-0.00655115554836693
1858,-0.0090802921294018
1859,-0.0138052693888993
1860,-0.0184811736611141
1861,-0.0205829341331769
1862,-0.0197220371177466
1863,-0.0176740174338483
1864,-0.0161705942400524
1865,-0.0152649376946131
1866,-0.0139491023779402
1867,-0.0117257385111832
1868,-0.00909163778677036
1869,-0.00679110391430703
1870,-0.00512008391722348
1871,-0.0039111675947808
1872,-0.00281551926406206
1873,-0.00159353444807866
1874,-0.000430769497697362
1875,0.00010388586902373
1876,-0.000145391630659194
1877,-0.000130514369800425
1878,0.00178109477732012
1879,0.00593427315727799
1880,0.0104603854880005
1881,0.0128169605624943
1882,0.0122611863062507
1883,0.0103744965432504
1884,0.0091201493261734
1885,0.00886377982424818
1886,0.00849166690903822
1887,0.00699571940399966
1888,0.00446609779543575
1889,0.00171755920190549
1890,-0.000559983993792622
1891,-0.00220979323440668
1892,-0.00349555579407404
1893,-0.00470945257489658
1894,-0.00576427232207991
1895,-0.00625911976040507
1896,-0.00623661842950464
1897,-0.00678292289025735
1898,-0.00928932875906106
1899,-0.0137653804220831
1900,-0.0182504275477322
1901,-0.0204338029766855
1902,-0.0198163187789978
1903,-0.0179043920974541
1904,-0.01634844156942
1905,-0.0153785481184292
1906,-0.0141506010099935
1907,-0.0120809472759577
1908,-0.00943346029274929
1909,-0.00688151352523594
1910,-0.00493333403141237
1911,-0.00368642714357654
1912,-0.00279336712214981
1913,-0.0017413351958268
1914,-0.000494010770020976
1915,0.000280843837806313
1916,0.000134850044626053
1917,-1.00567727874214E-05
1918,0.00164886859684884
1919,0.00568096843624956
1920,0.0102410216372524
1921,0.0126676426212494
1922,0.0121710175370443
1923,0.0103741528190599
1924,0.00920787218860908
1925,0.00892032429715544
1926,0.00839888029183855
1927,0.0068297677505024
1928,0.00444972148057322
1929,0.00194222391375537
1930,-0.000265290591081608
1931,-0.00206916593215874
1932,-0.0035299601563416
1933,-0.00478171986596483
1934,-0.00581531657538595
1935,-0.00635772610186184
1936,-0.00639096252687629
1937,-0.00685335142578691
1938,-0.00918115034317197
1939,-0.0136186847955061
1940,-0.0183129761849784
1941,-0.0207644198646585
1942,-0.0202228142076083
1943,-0.0181861598791584
1944,-0.0164995730136016
1945,-0.0155087581188956
1946,-0.0143047275330624
1947,-0.0122320430096081
1948,-0.00960156790224038
1949,-0.00713491750483121
1950,-0.00525625968193471
1951,-0.00394545059506642
1952,-0.00288763174006507
1953,-0.00172025669430367
1954,-0.000468257072181466
1955,0.000283896714634256
1956,0.000138925646321697
1957,-6.85291327671646E-05
1958,0.00140137695571259
1959,0.00525768845185963
1960,0.0098652558375968
1961,0.0125418624772904
1962,0.0122238594955306
1963,0.0103462206112851
1964,0.00898589851141702
1965,0.00867204119808637
1966,0.00832688207790305
1967,0.00688923238419295
1968,0.00442090059883707
1969,0.00174666477222527
1970,-0.000451315857730602
1971,-0.00205927613825802
1972,-0.00338967205810773
1973,-0.00475492302846031
1974,-0.00602153144838622
1975,-0.00665231779623355
1976,-0.00653840698880091
1977,-0.00676942478924878
1978,-0.00896567922520029
1979,-0.0133977532787748
1980,-0.018110383601071
1981,-0.0205267351656099
1982,-0.0199294214321543
1983,-0.0179124060495555
1984,-0.0163656252816282
1985,-0.015551036539789
1986,-0.0143946019685771
1987,-0.0121619555938044
1988,-0.00929468087697437
1989,-0.00674869016060003
1990,-0.00502525774089559
1991,-0.00393170226619403
1992,-0.00295371758970972
1993,-0.00175026266380053
1994,-0.00051065392714947
1995,0.000160604121180109
1996,4.1234974335752E-05
1997,4.74813586461751E-05
1998,0.00171161549373055
1999,0.00547962456012474
2000,0.00976760829769737
2001,0.0122388383369804
2002,0.0120600442287697
2003,0.0105155179134337
2004,0.0093496024781692
2005,0.00895367535446124
2006,0.00840335195452124
2007,0.00685895713568215
2008,0.00444923785370372
2009,0.00190367598228867
2010,-0.000223114795066179
2011,-0.00186632512675604
2012,-0.00328026422300496
2013,-0.00466599566266887
2014,-0.00583371815979497
2015,-0.00631896946673768
2016,-0.00615870350995323
2017,-0.00650936121018467
2018,-0.00889875096222607
2019,-0.0134413818103525
2020,-0.018131144069505
2021,-0.0204901926686551
2022,-0.0199174027117636
2023,-0.0179916821469295
2024,-0.0164803581198024
2025,-0.0155937996994959
2026,-0.0143790694278706
2027,-0.0122572394971177
2028,-0.0096317499670827
2029,-0.00722646388412775
2030,-0.00538957302675128
2031,-0.00405625572514676
2032,-0.00296285795168257
2033,-0.00182744287676602
2034,-0.000670864970387626
2035,1.91804883427974E-05
2036,-8.05174757277242E-05
2037,-0.000178408136437491
2038,0.00135003152654595
2039,0.00515378120578477
2040,0.0096532645954443
2041,0.0122728027689613
2042,0.0120021237744574
2043,0.0102399256677933
2044,0.00898627690269489
2045,0.00872504872386752
2046,0.00839435773965912
2047,0.00697970984798196
2048,0.00456565877471823
2049,0.00195116569374897
2050,-0.000225974361593152
2051,-0.00186248117786541
2052,-0.00323250810181982
2053,-0.00460035050664497
2054,-0.00582386644951598
2055,-0.00640406108993992
2056,-0.00628200306973105
2057,-0.00656898890370529
2058,-0.00886631428127606
2059,-0.0134020194569785
2060,-0.01818382577259
2061,-0.0206211011474324
2062,-0.0200015582175022
2063,-0.0179301783073419
2064,-0.0163179629533779
2065,-0.0154714925218108
2066,-0.0143636611078393
2067,-0.0122443295354988
2068,-0.00945152335888715
2069,-0.00684202286226807
2070,-0.00495456987997249
2071,-0.00375938830127594
2072,-0.00284483417484397
2073,-0.00177851248455407
2074,-0.000582033367186548
2075,0.000152843796686119
2076,4.37743342317393E-05
2077,-8.29445366313226E-05
2078,0.00145047677373337
2079,0.00529979681802891
2080,0.00986010931624481
2081,0.0125317316085097
2082,0.012283363258087
2083,0.0104962655311976
2084,0.00918089911629791
2085,0.00886486526571241
2086,0.00851898916905459
2087,0.00710667393779013
2088,0.00465346316760086
2089,0.00192578870963767
2090,-0.000405199814423388
2091,-0.00215850499317281
2092,-0.00354844702607513
2093,-0.00485493532485562
2094,-0.00602230685666817
2095,-0.00662167002475622
2096,-0.00655063178234306
2097,-0.00678863185570442
2098,-0.00888329766662339
2099,-0.013212762153702
2100,-0.0180285991787291
2101,-0.0208073932468532
2102,-0.0206082005240428
2103,-0.0187180040949004
2104,-0.016961708277309
2105,-0.0158639984635042
2106,-0.0146675822967236
2107,-0.0126668015269961
2108,-0.0100191582494125
2109,-0.00741004855971239
2110,-0.00538947638019194
2111,-0.00406573979709199
2112,-0.00312149321043833
2113,-0.00209728106923611
2114,-0.00093108292168628
2115,-0.000175559456353637
2116,-0.000250269629435071
2117,-0.000394222373664991
2118,0.00105280792711998
2119,0.00481376216219841
2120,0.0093867427829013
2121,0.0122021757876988
2122,0.0121316325618591
2123,0.010418147706848
2124,0.009043264542906
2125,0.00864909014581586
2126,0.00832731943562017
2127,0.00702311315630523
2128,0.00463840773807938
2129,0.00188449523124803
2130,-0.00046775275283497
2131,-0.00210430631580054
2132,-0.00325595187481836
2133,-0.00437307138051624
2134,-0.00553315528459644
2135,-0.00624943377399178
2136,-0.00625293863784685
2137,-0.0064606049769347
2138,-0.00852135948235743
2139,-0.0129034241567871
2140,-0.0177799300501667
2141,-0.0204824787850899
2142,-0.0200864554135342
2143,-0.018068594378735
2144,-0.016371021098006
2145,-0.0154108928678454
2146,-0.0142738832302101
2147,-0.0122882288233841
2148,-0.009767972893929
2149,-0.00739637418196932
2150,-0.00551334349053588
2151,-0.00409503050646842
2152,-0.00296839642776182
2153,-0.00189633647262657
2154,-0.000812161750254969
2155,-7.68001506735957E-05
2156,-3.8768620207497E-05
2157,-8.76439773975282E-05
2158,0.00130746603367107
2159,0.00495710580140299
2160,0.00951915704787534
2161,0.0124145440944597
2162,0.0123708840413841
2163,0.0105880813361504
2164,0.00916853350269562
2165,0.00884674812242821
2166,0.00864038945755186
2167,0.00737170490629836
2168,0.00494489536427145
2169,0.00216320787754644
2170,-0.000188679184847975
2171,-0.0018883730437265
2172,-0.00320787671383565
2173,-0.0044952314091444
2174,-0.00569811458870778
2175,-0.00633359639382015
2176,-0.00625071740980886
2177,-0.0064412520059149
2178,-0.00852078594440763
2179,-0.0129149534505511
2180,-0.0178273395260511
2181,-0.0206237512477988
2182,-0.0203219990403702
2183,-0.0183091404635975
2184,-0.0165491878363872
2185,-0.0155836179830513
2186,-0.0145424322785636
2187,-0.0126267067766835
2188,-0.0100158741809955
2189,-0.00745518963052362
2190,-0.00548713963443889
2191,-0.00417479663802314
2192,-0.00320615756997784
2193,-0.00215725009074439
2194,-0.0009435241158079
2195,-6.37090999416675E-05
2196,2.14578804128907E-05
2197,-6.62297443142984E-05
2198,0.00127584518332701
2199,0.00490123938620051
2200,0.00947143316694241
2201,0.0123979830352105
2202,0.0123908605277873
2203,0.0106228301165153
2204,0.00917752694663766
2205,0.00879935085896407
2206,0.00854260426717183
2207,0.00727307924598343
2208,0.00491516284738932
2209,0.00224083519691325
2210,-4.05643618756873E-05
2211,-0.00176575430196214
2212,-0.00319511537115494
2213,-0.00461272207124383
2214,-0.00591318879476917
2215,-0.00659148686623187
2216,-0.00648167136715394
2217,-0.00657645650088247
2218,-0.00854776845933148
2219,-0.0129054170972304
2220,-0.0178684287149628
2221,-0.0207234273853045
2222,-0.0204208529290353
2223,-0.0183788698668781
2224,-0.0166240771429907
2225,-0.0156820479753095
2226,-0.0146168735277946
2227,-0.0126272813634142
2228,-0.00995432791423407
2229,-0.00735737762421985
2230,-0.00532886093085203
2231,-0.00393838283941975
2232,-0.00297758604004968
2233,-0.00207430647787709
2234,-0.00103031451921726
2235,-0.000198550266162429
2236,-7.01180505206417E-05
2237,-0.000191116391209623
2238,0.000986959132104084
2239,0.00447910515657621
2240,0.00912084403158192
2241,0.0122821062956831
2242,0.0124698502747034
2243,0.0107397328053981
2244,0.00925530166974817
2245,0.00889407834053749
2246,0.00871326848096619
2247,0.00745709688157689
2248,0.00497193687766544
2249,0.00210809068203905
2250,-0.00026439503692592
2251,-0.0019129007922284
2252,-0.00319364559959826
2253,-0.00454400375418596
2254,-0.00590850103891404
2255,-0.00669945857120712
2256,-0.00665046071660371
2257,-0.00673290738266636
2258,-0.00865052194083219
2259,-0.0129316176345983
2260,-0.0178086176454429
2261,-0.0206206295130151
2262,-0.0203737773041259
2263,-0.0184542770672126
2264,-0.0167729022517772
2265,-0.0157881277742291
2266,-0.0146391753088454
2267,-0.0126534436286536
2268,-0.0100877670795436
2269,-0.00758010403985688
2270,-0.00551673382557262
2271,-0.00400480152023696
2272,-0.00295636428746019
2273,-0.00204314202584324
2274,-0.000992771742164858
2275,-9.20771853530362E-05
2276,0.000112017479297654
2277,-4.38806174897703E-05
2278,0.000968493382288307
2279,0.00428444620449278
2280,0.00887045827007451
2281,0.0121026253852047
2282,0.0123877335238634
2283,0.0106967054458468
2284,0.00918882761370242
2285,0.00878646380902861
2286,0.0085964982898622
2287,0.00740292332714301
2288,0.00505193217544208
2289,0.00231861858770883
2290,-3.31998800460526E-05
2291,-0.00178857706387778
2292,-0.00319475230030298
2293,-0.00458049452187801
2294,-0.00591300443340981
2295,-0.00669671578859085
2296,-0.00665942916290581
2297,-0.00666553801924474
2298,-0.00840485276827805
2299,-0.0125799566882604
2300,-0.0175891876439741
2301,-0.0206818091752722
2302,-0.0205891237729545
2303,-0.0185709626433529
2304,-0.0167152293078912
2305,-0.0157180809114717
2306,-0.0147072377846017
2307,-0.0127969749364323
2308,-0.0101516813169052
2309,-0.00756740201516949
2310,-0.0055949281120472
2311,-0.00425559309208927
2312,-0.0032328547623466
2313,-0.00214792444122863
2314,-0.000933650515751629
2315,-6.3668081807396E-05
2316,-9.87396931118371E-06
2317,-0.000211162594240497
2318,0.000941051088739271
2319,0.0044394898024132
2320,0.00909001885444228
2321,0.0122750435977567
2322,0.0125184804243353
2323,0.0108457887188085
2324,0.00935818326169723
2325,0.00890782887998946
2326,0.00861207653842535
2327,0.00732737098398322
2328,0.00495912973448989
2329,0.00228431153948239
2330,2.36511218871001E-05
2331,-0.00165378729418033
2332,-0.00300578868500729
2333,-0.00433691850279134
2334,-0.00560215164206115
2335,-0.00634342957004651
2336,-0.0063397072220456
2337,-0.00643945597863527
2338,-0.0082370517592958
2339,-0.0123641368618247
2340,-0.0172787160876811
2341,-0.0203779160174955
2342,-0.020456869585153
2343,-0.0186539887533625
2344,-0.0168657250968593
2345,-0.0157471104606264
2346,-0.0145949448014659
2347,-0.0127097609767632
2348,-0.0102359668061471
2349,-0.00776562003789326
2350,-0.00570670183512289
2351,-0.00416415836898024
2352,-0.00301970696933732
2353,-0.00197816845533327
2354,-0.000883429662041596
2355,-9.77864789484651E-05
2356,-9.15614651285699E-05
2357,-0.000366743463013791
2358,0.000675461021825751
2359,0.00409043630037644
2360,0.00873745276451585
2361,0.0119869076090407
2362,0.0123119677333559
2363,0.0107015176985927
2364,0.00925454646686518
2365,0.00884386757725204
2366,0.00860498957397491
2367,0.00738732476091203
2368,0.00506697428149276
2369,0.00240502561420704
2370,0.000141025955544107
2371,-0.00153597209818472
2372,-0.00290541763375635
2373,-0.00431137346072867
2374,-0.00569620926103512
2375,-0.00652684489480914
2376,-0.00652458840870158
2377,-0.00656471005018063
2378,-0.00832069056754913
2379,-0.0124715175960638
2380,-0.0174564919408857
2381,-0.0206198572189678
2382,-0.0207144434095248
2383,-0.0188726428207278
2384,-0.0170248946994467
2385,-0.0158723234300563
2386,-0.0147204306474376
2387,-0.0128287585453736
2388,-0.0103066060981783
2389,-0.007773579701654
2390,-0.00570244749196333
2391,-0.00422481532748335
2392,-0.00318402638906729
2393,-0.00222185928434937
2394,-0.00113327571511356
2395,-0.000263658975589982
2396,-0.00012610638513784
2397,-0.000330648528717862
2398,0.000639982765510881
2399,0.00390766707472316
2400,0.00851095669689008
2401,0.0119028859410162
2402,0.0124186286457223
2403,0.0108449520625833
2404,0.00926605385009752
2405,0.00873818041690106
2406,0.00853939037962111
2407,0.00745582309986352
2408,0.00520050909396931
2409,0.00247125051590938
2410,8.59244152323118E-05
2411,-0.0016575480992765
2412,-0.00299452478507408
2413,-0.00429846681616898
2414,-0.00558236864752197
2415,-0.00637466779904646
2416,-0.00638913200618316
2417,-0.00642424958337525
2418,-0.00810257613028747
2419,-0.012156162834403
2420,-0.0171146593173408
2421,-0.0203214016366662
2422,-0.0204455544422784
2423,-0.0185936750604975
2424,-0.0167776767264146
2425,-0.0157534421470526
2426,-0.0147430337694443
2427,-0.0128809270495717
2428,-0.0102812856252276
2429,-0.00768655222599861
2430,-0.00563626886926644
2431,-0.00419536545015786
2432,-0.00312614077640013
2433,-0.00209149449674485
2434,-0.000956512187909883
2435,-6.97712474591464E-05
2436,0.000105867691138324
2437,-4.54146567105075E-05
2438,0.000913723582861072
2439,0.00406703712545653
2440,0.00853293000234211
2441,0.0118762014663573
2442,0.012437087925581
2443,0.0108963569784869
2444,0.00925543241885025
2445,0.00860693880395082
2446,0.00832840527188789
2447,0.00724699247923648
2448,0.00502966423765396
2449,0.00232324068312058
2450,-4.78054886608589E-05
2451,-0.00176198696244003
2452,-0.00307840836513693
2453,-0.00441543581407885
2454,-0.0057666993794887
2455,-0.00657072050843822
2456,-0.00648794597208298
2457,-0.00638126173417939
2458,-0.0079926700346106
2459,-0.0120992239019978
2460,-0.0171702345726201
2461,-0.0204716302877539
2462,-0.0206517946165987
2463,-0.0188292918065756
2464,-0.0170120994451031
2465,-0.0159466493354796
2466,-0.0148727035438322
2467,-0.0129554202578968
2468,-0.0103203171262065
2469,-0.00771956897521895
2470,-0.00572836934596746
2471,-0.0044255459971197
2472,-0.00349117675124366
2473,-0.00246069075285282
2474,-0.00119541914449921
2475,-0.000223229964987632
2476,-0.000175072342930661
2477,-0.000588062004956753
2478,0.000250908013860772
2479,0.00358385051500259
2480,0.00837987231183731
2481,0.0119286923588071
2482,0.0124874751215054
2483,0.0108966171074199
2484,0.00931336429923205
2485,0.00879349846640357
2486,0.00858129806759624
2487,0.00747169228815241
2488,0.00521249136551574
2489,0.00249450810274474
2490,9.42880734269671E-05
2491,-0.00169361810060209
2492,-0.00305921260347917
2493,-0.00436136286327631
2494,-0.00566594452186858
2495,-0.00653533819360001
2496,-0.00660820420149086
2497,-0.00656397239271576
2498,-0.00802981532862184
2499,-0.0119141857788878
2500,-0.0169273456048273
2501,-0.0203929208295766
2502,-0.0207667948348489
2503,-0.0189717100725406
2504,-0.0170518542915168
2505,-0.0159509964716289
2506,-0.0150085827166036
2507,-0.0132815569830609
2508,-0.0107217855724797
2509,-0.00801971613830459
2510,-0.00582089566069843
2511,-0.00431662419729543
2512,-0.00327605728003163
2513,-0.00226844873097247
2514,-0.0010997867055664
2515,-0.000172420834762631
2516,-4.57135765746638E-05
2517,-0.000342768592960858
2518,0.000493473754832091
2519,0.00368225408418718
2520,0.0083473286696126
2521,0.0119136553614138
2522,0.0125825714972692
2523,0.0110418374271092
2524,0.00941557303689231
2525,0.00887098527576873
2526,0.00872543560418292
2527,0.00770462320052111
2528,0.00546188914374074
2529,0.00270568020701769
2530,0.000291999250786937
2531,-0.00147568725708734
2532,-0.00284816523682909
2533,-0.00420173000589428
2534,-0.00555014263209199
2535,-0.00642659932736191
2536,-0.00650440708587772
2537,-0.00647988405324095
2538,-0.00792763613009931
2539,-0.0117197356344321
2540,-0.0166367054667654
2541,-0.0201119249598517
2542,-0.0206046374290916
2543,-0.0189161297253715
2544,-0.0169811682660273
2545,-0.0157548972807496
2546,-0.0146741551593273
2547,-0.0128842040736485
2548,-0.0103749484003249
2549,-0.00782736111126067
2550,-0.00582329483900355
2551,-0.0044510726499514
2552,-0.00341221857016934
2553,-0.00231020915930479
2554,-0.0010466700463961
2555,-7.2944963406787E-05
2556,8.23711440048899E-05
2557,-0.000174072015367183
2558,0.000675978273181299
2559,0.00379579850646992
2560,0.00833009378100252
2561,0.0117938141077627
2562,0.0124382403333427
2563,0.0109010954070892
2564,0.00923427559146527
2565,0.00862206246305604
2566,0.00847873933139835
2567,0.00757973371054465
2568,0.00550072575028251
2569,0.00282220020468096
2570,0.000365179983681429
2571,-0.00147916861712417
2572,-0.00286885258657197
2573,-0.00419070733466289
2574,-0.00553236381974895
2575,-0.00644367434219282
2576,-0.00653237968176437
2577,-0.00645186187653832
2578,-0.0078346307951665
2579,-0.0116460380991716
2580,-0.016678315239793
2581,-0.0202886380166505
2582,-0.0208709680199364
2583,-0.0192276515390147
2584,-0.0173140341029995
2585,-0.0160840007857734
2586,-0.0149833930641226
2587,-0.0131959036702483
2588,-0.0107108062512222
2589,-0.00811961572198997
2590,-0.00592477534331189
2591,-0.00429513760587074
2592,-0.0031366844108702
2593,-0.00215420459514141
2594,-0.00111649547168417
2595,-0.000264813129125075
2596,-8.76495056351029E-05
2597,-0.000321449507614155
2598,0.000446578434007568
2599,0.0034551085673891
2600,0.00799366283779331
2601,0.0116026388391671
2602,0.01242268117931
2603,0.0109838818338554
2604,0.00932424125089945
2605,0.0086707107444308
2606,0.00847186694961677
2607,0.00752293938573462
2608,0.0054222588918251
2609,0.00276740544104298
2610,0.000375832197285605
2611,-0.00138178635367532
2612,-0.00269921934159859
2613,-0.00401360540155143
2614,-0.00543885321997077
2615,-0.00646658341347852
2616,-0.0065800315518557
2617,-0.00637073418787887
2618,-0.00756789692679873
2619,-0.0113038990890388
2620,-0.0164181469800294
2621,-0.0201441347843165
2622,-0.0207440972133797
2623,-0.0190436171662461
2624,-0.0171291418210565
2625,-0.0160110302536611
2626,-0.0150493405909734
2627,-0.0133197830815449
2628,-0.0108122648375993
2629,-0.00820399526471008
2630,-0.00604914677636541
2631,-0.00447981357542544
2632,-0.00333258138633844
2633,-0.00228483945766113
2634,-0.00113952457351746
2635,-0.000206854427852186
2636,-3.44574018917884E-05
2637,-0.000360776968679223
2638,0.000298794290856052
2639,0.00327890890535594
2640,0.00790423828255588
2641,0.0116593352113
2642,0.01259545481267
2643,0.0111945885399563
2644,0.00950919179009344
2645,0.00881937245417271
2646,0.00863562548600996
2647,0.00777944810165532
2648,0.00579010023869292
2649,0.00314433033634297
2650,0.000608516605375847
2651,-0.00132938491334932
2652,-0.00268053526304493
2653,-0.00385769117682668
2654,-0.00516049634293575
2655,-0.00624925044213573
2656,-0.00653294538046226
2657,-0.00637264048932509
2658,-0.00740708628711777
2659,-0.0109304991951582
2660,-0.0159857943515972
2661,-0.0198166564716203
2662,-0.0205401791278073
2663,-0.0188901947847597
2664,-0.0169895471161369
2665,-0.0158992040476072
2666,-0.0149598152064711
2667,-0.0132195662986093
2668,-0.0106970306679326
2669,-0.00809895894502468
2670,-0.00594307861682656
2671,-0.00431912081546239
2672,-0.0031092193346424
2673,-0.00207584585103561
2674,-0.0010045495269707
2675,-8.1874572668895E-05
2676,0.000201256396104234
2677,-2.80450106343189E-06
2678,0.000657141296929934
2679,0.00354626253038562
2680,0.00813551133211705
2681,0.0119492445154986
2682,0.0129053046422803
2683,0.0113755089283829
2684,0.0095009685189226
2685,0.00874674308601446
2686,0.00866801163898393
2687,0.00794898668366788
2688,0.00599740650204738
2689,0.00330022666155356
2690,0.000697833124214408
2691,-0.00130836576218599
2692,-0.00275050544946619
2693,-0.0039998479899286
2694,-0.00527961516720534
2695,-0.00626392021455449
2696,-0.00647998219087439
2697,-0.0063679700946858
2698,-0.0075062996517398
2699,-0.011077210547636
2700,-0.016103954152391
2701,-0.0199019431310632
2702,-0.0206342918204518
2703,-0.0190070915832455
2704,-0.0171095190635637
2705,-0.0160096520134357
2706,-0.0150525510184509
2707,-0.0132605689103858
2708,-0.0106616631304855
2709,-0.00805091166116177
2710,-0.00601872903902474
2711,-0.00458712385294537
2712,-0.00347741806144423
2713,-0.00238678510454027
2714,-0.00120899956968782
2715,-0.000266440578366747
2716,-4.62946782075256E-05
2717,-0.000289218823443786
2718,0.00040406794718132
2719,0.00333997643659984
2720,0.00793308268534121
2721,0.0117316152209095
2722,0.0127021577525811
2723,0.0112199103317004
2724,0.00940903283622928
2725,0.00874164641254057
2726,0.00877074924521984
2727,0.00812684596693125
2728,0.0061679733949221
2729,0.00341711741493487
2730,0.000797670378899029
2731,-0.00117975175735676
2732,-0.00262494297295653
2733,-0.00395124201935715
2734,-0.00531887699124221
2735,-0.00632158629681921
2736,-0.00648729322266609
2737,-0.00630122987801955
2738,-0.00735347828794383
2739,-0.0108372114157254
2740,-0.0158546482568653
2741,-0.0197951835056766
2742,-0.0207420019005966
2743,-0.0192034870401296
2744,-0.0171980776049527
2745,-0.0159741759956182
2746,-0.0150926209634432
2747,-0.0135282581713355
2748,-0.0110325724689824
2749,-0.00824591089912113
2750,-0.00593395863591685
2751,-0.00440984052892131
2752,-0.00344336221817807
2753,-0.0024954410178752
2754,-0.0012515758274753
2755,-0.000111125793217451
2756,0.000185071757847317
2757,-0.000224688518539501
2758,0.000193983121383953
2759,0.00296470505000709
2760,0.00757956679407572
2761,0.0115027691054175
2762,0.0125918117942977
2763,0.0111814012490135
2764,0.00940018587658744
2765,0.008723040863596
2766,0.0087062930249093
2767,0.00799787028051935
2768,0.0059750356121981
2769,0.00317496592345968
2770,0.000545233004449446
2771,-0.00138002391535375
2772,-0.00273420913368533
2773,-0.00400243276646193
2774,-0.00538018865938456
2775,-0.006402076933643
2776,-0.00651983939178147
2777,-0.00624549856852625
2778,-0.00727189758489329
2779,-0.010817542725337
2780,-0.0158830311061097
2781,-0.0197778850525293
2782,-0.0206564352359818
2783,-0.0191466816320181
2784,-0.0172380252312394
2785,-0.0160166978134843
2786,-0.0149832378187861
2787,-0.0132751950501799
2788,-0.0108377326937834
2789,-0.00827554249272565
2790,-0.0061200662086839
2791,-0.00454135751821505
2792,-0.0034233032123073
2793,-0.00242858873520638
2794,-0.00126750481544509
2795,-0.000179926536776749
2796,0.000198236415107736
2797,-8.91502222782518E-05
2798,0.000340692270039049
2799,0.00302592830215894
2800,0.00763229526099843
2801,0.0117255084442316
2802,0.0130416822643283
2803,0.0116961148470823
2804,0.00974338158312485
2805,0.00880548272963871
2806,0.00865079517649636
2807,0.00800876969269421
2808,0.00616251613775838
2809,0.00349000523534067
2810,0.000855825017574766
2811,-0.00115910452403539
2812,-0.00257953183970652
2813,-0.00384205065935044
2814,-0.00519781005543368
2815,-0.0062467889459222
2816,-0.00640470918412208
2817,-0.00608773051476594
2818,-0.0069912074637682
2819,-0.0104743678157875
2820,-0.0156437893367529
2821,-0.0197190518676308
2822,-0.020666919863945
2823,-0.0190721848833804
2824,-0.0170756406331801
2825,-0.0158994263872259
2826,-0.0149958871286404
2827,-0.0133649939352184
2828,-0.0109147771621245
2829,-0.00832282751531425
2830,-0.00616565274952991
2831,-0.00458645787373977
2832,-0.00346141287184395
2833,-0.00249830892373467
2834,-0.00141319666184053
2835,-0.000370363671805466
2836,3.99878289599706E-05
2837,-0.000212495786754916
2838,0.000163382898933103
2839,0.00275063663343912
2840,0.00734832935507607
2841,0.0115436773298631
2842,0.0129349243511077
2843,0.0115343539351983
2844,0.00948370867669313
2845,0.00856075227551348
2846,0.00853246552298886
2847,0.00797044411067102
2848,0.00607082731073732
2849,0.00331853262281979
2850,0.000725400720158617
2851,-0.00114091224613533
2852,-0.00244690437314636
2853,-0.00370589336934403
2854,-0.00511414805310244
2855,-0.00621054019906261
2856,-0.0064283930644071
2857,-0.00618836618455746
2858,-0.00709232244056192
2859,-0.0104255609948231
2860,-0.0154110525810289
2861,-0.0194969347946961
2862,-0.0206983188563539
2863,-0.0193577309493579
2864,-0.0173563828723578
2865,-0.0159662561434319
2866,-0.0149374669186173
2867,-0.0134345601906743
2868,-0.0111930121665773
2869,-0.00860754196789986
2870,-0.00620154760643984
2871,-0.00432490205896174
2872,-0.00306283713260079
2873,-0.00214849653623952
2874,-0.00119981469875252
2875,-0.000294198329361174
2876,2.5198759122785E-05
2877,-0.000239595984463431
2878,0.000192503414278904
2879,0.00282900231800434
2880,0.00740638399719242
2881,0.0115603294240949
2882,0.0129997192890755
2883,0.011749927005733
2884,0.00982176689230268
2885,0.00887684166754095
2886,0.00874007230129923
2887,0.00814540110630294
2888,0.00633843535189437
2889,0.003670093507314
2890,0.00101337219021215
2891,-0.00101962857612792
2892,-0.0024270906085218
2893,-0.00365526010464964
2894,-0.00501431481844012
2895,-0.00616507331057337
2896,-0.00649491407412518
2897,-0.00628420444298036
2898,-0.00711116044456983
2899,-0.0103867439375366
2900,-0.0154122380767406
2901,-0.0195432224126273
2902,-0.0206819815837197
2903,-0.019238844899615
2904,-0.0172687567228095
2905,-0.0160554773364535
2906,-0.0151405072889599
2907,-0.0135313948683613
2908,-0.0110892673125801
2909,-0.00846972505409938
2910,-0.00626187049144921
2911,-0.00461747852738514
2912,-0.00341640846576311
2913,-0.00239187262687969
2914,-0.00129343708191021
2915,-0.000284546125081512
2916,7.91272873286209E-05
2917,-0.000209784799706577
2918,0.000129771048481463
2919,0.00266028934005814
2920,0.00717312749859077
2921,0.0112735088396012
2922,0.0126251965500443
2923,0.0113429892111448
2924,0.00960535722309832
2925,0.00905499621563109
2926,0.00922663292999823
2927,0.00859935405961202
2928,0.00652759871520438
2929,0.00371393723490703
2930,0.00118761624221922
2931,-0.000647504241604441
2932,-0.00205159074442001
2933,-0.00344772861930229
2934,-0.00492123178208866
2935,-0.00603623883041961
2936,-0.00630265176142668
2937,-0.0061119106923812
2938,-0.00697113809397819
2939,-0.0101665988708875
2940,-0.0150291517419306
2941,-0.0190765951910005
2942,-0.0203042976007797
2943,-0.0190477833863117
2944,-0.0172227458986661
2945,-0.0160463624551079
2946,-0.0150819150561407
2947,-0.013386520921328
2948,-0.0108698691062538
2949,-0.00823944895814702
2950,-0.00611593592143602
2951,-0.00462033138812582
2952,-0.00354920466939543
2953,-0.00256558485278389
2954,-0.00140636312333514
2955,-0.000262071001998052
2956,0.000270678087030357
2957,0.000116539188176601
2958,0.000465932318732939
2959,0.00285525446112204
2960,0.00720269819590948
2961,0.0113168004216525
2962,0.0129105801164926
2963,0.0118749996110473
2964,0.0100911422019771
2965,0.00917065745921994
2966,0.0089549021631368
2967,0.00824594726949413
2968,0.00638635300285539
2969,0.00376747461652609
2970,0.0011809421941634
2971,-0.000876848003356198
2972,-0.00239245914196379
2973,-0.0036763206394251
2974,-0.00497370529280582
2975,-0.00605134222184671
2976,-0.00640398995945415
2977,-0.00623299633467721
2978,-0.00696517543134201
2979,-0.0100634674567288
2980,-0.0150805932910842
2981,-0.0194785932007985
2982,-0.020916657583931
2983,-0.0194842323502338
2984,-0.0172458484313671
2985,-0.0158148591257642
2986,-0.0149727551928018
2987,-0.0136222573096025
2988,-0.011364263997259
2989,-0.00875001651912145
2990,-0.00645461507113398
2991,-0.00473328308638389
2992,-0.00350638676403805
2993,-0.00252438058166849
2994,-0.00151418377297172
2995,-0.000531173562662449
2996,-4.52215612302384E-05
2997,-0.000173364603869996
2998,0.000141872265173529
2999,0.00245391403028693
3000,0.00686346480505137
3001,0.0112288234880042
3002,0.0130171169194363
3003,0.0118773725145289
3004,0.00982975561659837
3005,0.00887017286212972
3006,0.00894878292819104
3007,0.00853616451701985
3008,0.00665836136222146
3009,0.0038381217011401
3010,0.00123247559645844
3011,-0.000599537463580407
3012,-0.00195287345236524
3013,-0.00333838050504128
3014,-0.00480062285420372
3015,-0.00582870395996352
3016,-0.00599665118567106
3017,-0.00582187149020295
3018,-0.00679205768901017
3019,-0.0100567284597263
3020,-0.0149235719660555
3021,-0.0190387817455055
3022,-0.0204326081902004
3023,-0.0192596192237624
3024,-0.0172906692557953
3025,-0.0159052367445621
3026,-0.0149783946123761
3027,-0.0136121945592205
3028,-0.0113973380826709
3029,-0.00873217252009644
3030,-0.00628929788486882
3031,-0.00449422407047972
3032,-0.00333108252889624
3033,-0.00239036383315748
3034,-0.00126728078643736
3035,-0.000138822725347456
3036,0.000323661679831045
3037,3.21885659115836E-05
3038,0.00025966535734615
3039,0.00262844276871756
3040,0.00707381579711078
3041,0.0113562095874585
3042,0.0131038985948835
3043,0.0121235081836491
3044,0.0102780475778933
3045,0.00927041366864109
3046,0.00907296399935682
3047,0.00851299462978581
3048,0.00680627245268864
3049,0.00420422051575851
3050,0.00151173161278398
3051,-0.00063228230528725
3052,-0.00212889876134255
3053,-0.00336393527352797
3054,-0.00470370323472535
3055,-0.00591118517670892
3056,-0.00635988601515452
3057,-0.00617716699575492
3058,-0.00685030391445628
3059,-0.00993675954175933
3060,-0.0149912181884692
3061,-0.0194153087806123
3062,-0.0208704099689633
3063,-0.0195246137032948
3064,-0.0174657423563328
3065,-0.0161907649904398
3066,-0.0153326386789104
3067,-0.0137942808861329
3068,-0.011349018602714
3069,-0.00871711185236467
3070,-0.00656035113743829
3071,-0.00494953605006318
3072,-0.00363605028479297
3073,-0.00239032588622384
3074,-0.00114392305195407
3075,-0.000156477448813835
3076,9.83951206326797E-05
3077,-0.000285299171235189
3078,-3.49337011717287E-05
3079,0.00239965845333684
3080,0.0069252894416175
3081,0.0112726667531206
3082,0.0130051529862265
3083,0.0119307053067681
3084,0.0100326336290401
3085,0.0091040447990919
3086,0.00902413732824199
3087,0.00845443957591539
3088,0.00661549113802044
3089,0.00394244080564695
3090,0.00134456230882083
3091,-0.000661986705237241
3092,-0.00214851375621185
3093,-0.00348264307526462
3094,-0.00487165848854314
3095,-0.00601219553183892
3096,-0.00636895493224408
3097,-0.00614673813058341
3098,-0.00677668704930422
3099,-0.00973800408014719
3100,-0.0146407656575462
3101,-0.0190317608232019
3102,-0.0206224172558931
3103,-0.0194663534897503
3104,-0.0175031005135865
3105,-0.0162040466590809
3106,-0.0152996733505133
3107,-0.0137786640491416
3108,-0.011386163094523
3109,-0.00874244531999595
3110,-0.00647243622428677
3111,-0.00474397318041554
3112,-0.00344663181875082
3113,-0.00235641812077467
3114,-0.00123336020273394
3115,-0.000168445267802662
3116,0.000308883723658817
3117,2.96694712094102E-05
3118,7.73433625959444E-05
3119,0.00211732032531648
3120,0.00636773800527905
3121,0.0107343912641923
3122,0.0126591845365188
3123,0.0117247097846536
3124,0.00986524847561772
3125,0.00901221622845937
3126,0.00913300157617417
3127,0.00878227570592167
3128,0.00701354930089575
3129,0.00424372437703754
3130,0.00151283721822755
3131,-0.000561549472237883
3132,-0.00207277141178881
3133,-0.00344589655094122
3134,-0.00488056646100826
3135,-0.00603395643234014
3136,-0.00637587419121537
3137,-0.00614145282444479
3138,-0.0067553500028824
3139,-0.00967941999654483
3140,-0.014566798071343
3141,-0.0190297598228164
3142,-0.0207457292263469
3143,-0.0196382800107565
3144,-0.0175981655650932
3145,-0.0162283401902659
3146,-0.0154052412659521
3147,-0.0140573681093922
3148,-0.0117237477587832
3149,-0.00895599685085841
3150,-0.00654870606760791
3151,-0.00484030200088503
3152,-0.00365841089548102
3153,-0.00259364861976913
3154,-0.00137284439397339
3155,-0.000232455854749344
3156,0.000215059480678524
3157,-9.88028158177146E-05
3158,1.85034462921817E-05
3159,0.00217790685242811
3160,0.00648668672773108
3161,0.0108768392115771
3162,0.0128976768943467
3163,0.012100948531304
3164,0.0102447094986344
3165,0.00919350519827256
3166,0.00908943409226501
3167,0.00869504608445609
3168,0.00704663556679701
3169,0.00437856975831303
3170,0.0016474982580344
3171,-0.000437565615343719
3172,-0.00189448616797636
3173,-0.00322266071608854
3174,-0.00472428725150277
3175,-0.00601815853942387
3176,-0.00644068208657845
3177,-0.00617793499392745
3178,-0.00673172826512669
3179,-0.00963206772085853
3180,-0.0145050003608582
3181,-0.0189246403220575
3182,-0.0206163914320751
3183,-0.0195750256494794
3184,-0.0176496495054617
3185,-0.0163063206130427
3186,-0.0153718139891588
3187,-0.0139111228708512
3188,-0.0116315550045467
3189,-0.00905741735718779
3190,-0.00677450165990632
3191,-0.00499435051931716
3192,-0.0036698082736729
3193,-0.00260653315691624
3194,-0.00155243495408721
3195,-0.000548418670128915
3196,-5.82383620603335E-05
3197,-0.000233843396180895
3198,-6.76961531395674E-05
3199,0.00200850370293629
3200,0.00623245567186859
3201,0.0106559212775062
3202,0.0128045665845223
3203,0.0121164177996161
3204,0.0102662869478858
3205,0.00911743584205795
3206,0.00887991874718593
3207,0.00841173583699303
3208,0.00679767397058086
3209,0.00421391325140416
3210,0.00150656998385886
3211,-0.000636074390934654
3212,-0.00212229111894672
3213,-0.00335859747429719
3214,-0.00471391818457354
3215,-0.00595779466510869
3216,-0.00645961814314148
3217,-0.00627645506871323
3218,-0.00679638938540856
3219,-0.00960029436191157
3220,-0.0144511430747767
3221,-0.0189615954322468
3222,-0.0207570778122502
3223,-0.0197330639741912
3224,-0.0177622521654723
3225,-0.0164120918740973
3226,-0.01555244197741
3227,-0.014180567621989
3228,-0.0119125441199004
3229,-0.00927016004030384
3230,-0.00692764731871613
3231,-0.00517025547776628
3232,-0.00392560535019708
3233,-0.00290741758423893
3234,-0.00180302267331358
3235,-0.000673979008643673
3236,-5.55055252984129E-05
3237,-0.00016771931341343
3238,-3.03359978815113E-05
3239,0.00195835478421348
3240,0.00611252312719295
3241,0.0105291121091605
3242,0.0126878955614053
3243,0.0119510359468493
3244,0.0100156504964868
3245,0.00887036885302893
3246,0.00879093627826376
3247,0.00853156855507123
3248,0.00702253574143639
3249,0.00442358396135287
3250,0.00168534613848406
3251,-0.000461588609533748
3252,-0.00199876501372795
3253,-0.00336658809400351
3254,-0.00483376832664377
3255,-0.0060705182713872
3256,-0.00649453579532377
3257,-0.00627144841904334
3258,-0.00677848036706321
3259,-0.00950284403733314
3260,-0.0142359027403434
3261,-0.0187612958702839
3262,-0.0207718950359782
3263,-0.0199748333151124
3264,-0.0180041511877309
3265,-0.016445330525136
3266,-0.0154237319321841
3267,-0.0141050866730686
3268,-0.0119905847403
3269,-0.00937900014195233
3270,-0.00689721039506808
3271,-0.004983531357652
3272,-0.00369463626612638
3273,-0.00269655477486986
3274,-0.00155190762008554
3275,-0.000312934309634596
3276,0.000349440321671527
3277,9.8592993239975E-05
3278,-2.92614637657664E-05
3279,0.00175941333340126
3280,0.00592385029145245
3281,0.0105291212464083
3282,0.0128948578369066
3283,0.0122488134012785
3284,0.0102737823230325
3285,0.00903041594982841
3286,0.00886900260237625
3287,0.00857813695354758
3288,0.00708637695178772
3289,0.00452562480746259
3290,0.00180885473743707
3291,-0.000345232815119033
3292,-0.00188619723563673
3293,-0.00322195739067856
3294,-0.00464491150598694
3295,-0.00588166488910676
3296,-0.00635168287232584
3297,-0.00614970533216673
3298,-0.00661118658291412
3299,-0.00928948413690674
3300,-0.0140697769061954
3301,-0.0187157332406191
3302,-0.0207977026905045
3303,-0.0199645020723663
3304,-0.0179395952413198
3305,-0.0164148817587563
3306,-0.0154818257464402
3307,-0.0141816684906011
3308,-0.0119858852909831
3309,-0.0093048173053668
3310,-0.00686059215444146
3311,-0.00504028965337808
3312,-0.00378606155635429
3313,-0.0027523323121335
3314,-0.00160683089780051
3315,-0.000470794726004902
3316,6.26724768476515E-05
3317,-0.000190470086294836
3318,-0.000137388394829953
3319,0.00189279320542437
3320,0.00615465953311328
3321,0.0106250201613048
3322,0.0127584082840724
3323,0.0120242731887127
3324,0.0102071861464233
3325,0.00922132510783332
3326,0.00918983495409772
3327,0.00884318406318529
3328,0.00725004676380204
3329,0.00467793918879543
3330,0.00201994372294168
3331,-0.000103411410342492
3332,-0.00167243074425346
3333,-0.00306189402440311
3334,-0.0045681825409443
3335,-0.00595627566606799
3336,-0.0066094806980454
3337,-0.00649632922228507
3338,-0.0068763662950519
3339,-0.00938162033871863
3340,-0.014042385251188
3341,-0.0186751550826008
3342,-0.0207927674914463
3343,-0.0199947243556698
3344,-0.01802424513304
3345,-0.016593163115086
3346,-0.0157503408188461
3347,-0.0144853240984242
3348,-0.0122831267094594
3349,-0.00959465616593926
3350,-0.0071206688688232
3351,-0.00519576873597988
3352,-0.00380550148451521
3353,-0.00274560961025845
3354,-0.00172813099008219
3355,-0.000700693310233054
3356,-6.23888018649566E-05
3357,-8.87523552076555E-05
3358,-1.99154055171963E-05
3359,0.00166445794205742
3360,0.00550655482253494
3361,0.00989835686115304
3362,0.012329104239051
3363,0.01189584113878
3364,0.0100917344676009
3365,0.00895311793031789
3366,0.00889230812119562
3367,0.00867198666792419
3368,0.00713497475567102
3369,0.00442416974730575
3370,0.0015772615609394
3371,-0.000593528209089387
3372,-0.00206418981042225
3373,-0.0033299209445093
3374,-0.00474785913259453
3375,-0.0060634555211546
3376,-0.00665308623704864
3377,-0.00649490110643466
3378,-0.0068190671816307
3379,-0.0092319794897426
3380,-0.0138289072111665
3381,-0.0185249436424541
3382,-0.0208073654438332
3383,-0.0201193317472502
3384,-0.018109401270583
3385,-0.0165798130506904
3386,-0.0157297185647923
3387,-0.0145702662364417
3388,-0.0124860770832249
3389,-0.00986139679332709
3390,-0.00742609401542633
3391,-0.00554764939704875
3392,-0.0041765352146487
3393,-0.00305968614209273
3394,-0.00192601085482946
3395,-0.00079034091128819
3396,-9.82926637753335E-05
3397,-0.000123135166008506
3398,-7.5137880446263E-05
3399,0.00161153905895197
3400,0.00553887592715935
3401,0.0101306561790981
3402,0.0128085052344592
3403,0.012502020052722
3404,0.0105710679092537
3405,0.0091150767633745
3406,0.00879968061615173
3407,0.00860220001744917
3408,0.00730706144032772
3409,0.00477519062220677
3410,0.0018524845694413
3411,-0.000533425940011875
3412,-0.00209579300002496
3413,-0.00325874951005583
3414,-0.00457238322754168
3415,-0.00595084855599371
3416,-0.00666986178929439
3417,-0.00648067472324237
3418,-0.00658854074789691
3419,-0.00882557296472675
3420,-0.0134686923758822
3421,-0.0183465185903693
3422,-0.0207328937492556
3423,-0.0200138021950436
3424,-0.017970105463831
3425,-0.016500569536264
3426,-0.015722799927633
3427,-0.0145147639188196
3428,-0.0122702201487567
3429,-0.00952106127620709
3430,-0.00710846144882403
3431,-0.00536432862935944
3432,-0.00412271458317928
3433,-0.00306024808068361
3434,-0.00192092155534487
3435,-0.000765621539310189
3436,-6.15950272782675E-05
3437,-7.85176214544667E-05
3438,-2.66513098755193E-05
3439,0.00164321790898783
3440,0.00551830645395007
3441,0.0100381237736815
3442,0.0126733441088374
3443,0.0123994232883658
3444,0.0105684344797261
3445,0.00921377750692083
3446,0.00893477448014967
3447,0.00870821743609778
3448,0.00738172996925281
3449,0.00487219461425489
3450,0.00201701616739885
3451,-0.000310920976776217
3452,-0.00186073624928289
3453,-0.00304129497315846
3454,-0.00436559515374301
3455,-0.00573705237453156
3456,-0.00646058074252574
3457,-0.00632277952897744
3458,-0.00652010902252484
3459,-0.00882030298777591
3460,-0.0134420389562143
3461,-0.0182487369993127
3462,-0.0206355263994816
3463,-0.0200564265678124
3464,-0.0181869233087017
3465,-0.0167404791918494
3466,-0.0158085526485524
3467,-0.0144724680484416
3468,-0.0123148096622906
3469,-0.00977996706495596
3470,-0.0074402704180082
3471,-0.00553117982744036
3472,-0.0040900952124784
3473,-0.00301179377880907
3474,-0.0019837888769672
3475,-0.000861837301995706
3476,-9.97486066961675E-05
3477,-0.000174176089233486
3478,-0.000386022486765651
3479,0.00103059135991854
3480,0.00492360479818105
3481,0.00968923195103371
3482,0.0125178551246997
3483,0.0122422237249403
3484,0.0103549415658462
3485,0.00905844672455671
3486,0.0089042777841607
3487,0.00871125634735151
3488,0.00731267683804923
3489,0.00476381872994777
3490,0.00197088528090828
3491,-0.000290609274636713
3492,-0.00187279753330145
3493,-0.00313905511911775
3494,-0.00449143476880954
3495,-0.00583279532527453
3496,-0.00656936412709014
3497,-0.00651690521092586
3498,-0.00676461738253211
3499,-0.00899019467755359
3500,-0.0134837954381861
3501,-0.0182496669703245
3502,-0.0206869977055964
3503,-0.0201045268590898
3504,-0.0181008026098463
3505,-0.0165160124195373
3506,-0.0156114042240081
3507,-0.0144376432509072
3508,-0.0123737613789323
3509,-0.00975874163777807
3510,-0.00728693141200757
3511,-0.00535281560448833
3512,-0.00397222251622566
3513,-0.00290930632615199
3514,-0.00183304226415539
3515,-0.000701973288872294
3516,7.34428482126044E-06
3517,-6.47448583675583E-05
3518,-0.000167445661630806
3519,0.00131083811305723
3520,0.00504304451768372
3521,0.00949375108054243
3522,0.0121115219127484
3523,0.0118685566349861
3524,0.0101437322140642
3525,0.00896480104824544
3526,0.00885227618411612
3527,0.00868931717554152
3528,0.00731700538114548
3529,0.00474741976853894
3530,0.00190738040514107
3531,-0.000347201677509135
3532,-0.00185220061985296
3533,-0.00305446973760608
3534,-0.00442545435438309
3535,-0.00583568005000482
3536,-0.00661349098054917
3537,-0.00654380463036392
3538,-0.00673560637076339
3539,-0.00889363532523722
3540,-0.0133409861379371
3541,-0.0181292760504097
3542,-0.0206746889961162
3543,-0.0202304846384675
3544,-0.0183156002198531
3545,-0.0167522937964035
3546,-0.0158418917958955
3547,-0.014655867591467
3548,-0.0125552395224364
3549,-0.00988692565917415
3550,-0.00739939680011734
3551,-0.00550633489454708
3552,-0.00415378514192927
3553,-0.00302891474676889
3554,-0.00182911356864372
3555,-0.000619932767624583
3556,7.05602218402519E-05
3557,-6.63528417282503E-05
3558,-0.000218329671888716
3559,0.00123009550179547
3560,0.00495784346499571
3561,0.00949412631152351
3562,0.0123183213185924
3563,0.0122785960435515
3564,0.0105597434453099
3565,0.00917478581361528
3566,0.0088845929521671
3567,0.00880569420690714
3568,0.00770531961650212
3569,0.00527864586075352
3570,0.00226912781171588
3571,-0.000298190180464999
3572,-0.00194832371622674
3573,-0.00303552098677589
3574,-0.00421923804843406
3575,-0.00557037153414752
3576,-0.00640315466599963
3577,-0.00634998226092524
3578,-0.0064543037390952
3579,-0.00851645912417305
3580,-0.0129822520302642
3581,-0.0179074475448246
3582,-0.0205972030132197
3583,-0.0201938444115483
3584,-0.0181996964646644
3585,-0.0165170418222829
3586,-0.0155577316228674
3587,-0.0144572485824678
3588,-0.0125509718947327
3589,-0.0100819707711539
3590,-0.00768032222679162
3591,-0.00571187599367905
3592,-0.00419357434729855
3593,-0.00295664127690261
3594,-0.00179185367281074
3595,-0.000717951695293921
3596,-0.000127253651298462
3597,-0.000246239952812557
3598,-0.000300656693900726
3599,0.00124692609524888
3600,0.00505691139679181
3601,0.00968005547427639
3602,0.0125767215936911
3603,0.0125436194935529
3604,0.0107648710674759
3605,0.00930969575994497
3606,0.0089653467610312
3607,0.00882137561585465
3608,0.00765581974114251
3609,0.00524979562151214
3610,0.0023842955460999
3611,-3.32595209948209E-05
3612,-0.00169120240509555
3613,-0.0029504937616484
3614,-0.00431389395491793
3615,-0.00572675340376625
3616,-0.0065223511112324
3617,-0.00639990273780828
3618,-0.00641251549627133
3619,-0.00836636280826277
3620,-0.0127813547439698
3621,-0.0177761254741041
3622,-0.0205994767833972
3623,-0.0202868077997119
3624,-0.0183347562366737
3625,-0.0167185661861025
3626,-0.0158327887507112
3627,-0.0146851320917813
3628,-0.0125706575581064
3629,-0.00989252295950653
3630,-0.00746760603140679
3631,-0.00565486583526086
3632,-0.00431499670013058
3633,-0.00318607540876239
3634,-0.00208120160907129
3635,-0.00102297626232699
3636,-0.000350284019650611
3637,-0.000318662082797195
3638,-0.000312863379357105
3639,0.00111336735543139
3640,0.0047661740307082
3641,0.00942153855074885
3642,0.0125382940394308
3643,0.0126656401188498
3644,0.0108110995300337
3645,0.009161392033174
3646,0.00874346447530375
3647,0.00869603862038682
3648,0.0076296297942689
3649,0.00520322071086474
3650,0.00228091650638976
3651,-8.93724041547938E-05
3652,-0.00161124085891106
3653,-0.00279126657800036
3654,-0.0042056769296699
3655,-0.00571808110894792
3656,-0.00655342496836466
3657,-0.00640847725759145
3658,-0.00640238560766954
3659,-0.00836308746385282
3660,-0.0127788718002103
3661,-0.0177649886956647
3662,-0.0206126444818777
3663,-0.0203674125190709
3664,-0.0184674285901045
3665,-0.0168407148554486
3666,-0.0159218064882914
3667,-0.0147915367014535
3668,-0.0127406346526416
3669,-0.0100946552190498
3670,-0.00763498911298277
3671,-0.00577382142698638
3672,-0.00441421105924767
3673,-0.00323839125431761
3674,-0.00198761176848184
3675,-0.00074197296907402
3676,-7.17410544623688E-07
3677,-8.19085870032421E-05
3678,-0.000233850408697415
3679,0.00116175074671669
3680,0.00489849126328609
3681,0.0095862944086751
3682,0.0126098407866955
3683,0.0126483762900132
3684,0.0108548949356375
3685,0.00935405639160637
3686,0.00897353659085763
3687,0.0087933087527579
3688,0.00760207347528622
3689,0.00524473147754736
3690,0.00253064867059178
3691,0.000276574188432938
3692,-0.00134218873809902
3693,-0.00270759878917664
3694,-0.0041918948672532
3695,-0.00560834324253413
3696,-0.00630948395252251
3697,-0.00613132062012859
3698,-0.00620894951147602
3699,-0.00828284116716422
3700,-0.0127540877076389
3701,-0.0177231529465897
3702,-0.0205383138961939
3703,-0.0203140666926086
3704,-0.0184877843668443
3705,-0.0168924280996448
3706,-0.0158651822061163
3707,-0.0145197085369311
3708,-0.0123087983707803
3709,-0.0096738242017614
3710,-0.00732208272562111
3711,-0.00549683726192853
3712,-0.00406740127559916
3713,-0.00286701349350348
3714,-0.00175457206582604
3715,-0.00070609014835201
3716,-1.67733607549609E-05
3717,1.79266594092259E-05
3718,-5.79393736632765E-05
3719,0.00119964483533422
3720,0.00466726496537208
3721,0.0091881809058929
3722,0.012254617273383
3723,0.0124434400766601
3724,0.010766990035201
3725,0.00933106854932629
3726,0.00902575321700895
3727,0.00894484212823756
3728,0.00781028401019682
3729,0.00540189553819944
3730,0.0025443255294579
3731,0.000152731565335051
3732,-0.00148606531585287
3733,-0.00273169421899299
3734,-0.00407366193475478
3735,-0.00548859604223749
3736,-0.00635009893022348
3737,-0.006308773523816
3738,-0.00629899747846596
3739,-0.00809814819111349
3740,-0.0123738522202456
3741,-0.0174281735684526
3742,-0.0205100667601041
3743,-0.0204490150929971
3744,-0.0185434412372277
3745,-0.0167881821835006
3746,-0.0157856431088169
3747,-0.0147063994819589
3748,-0.0127828714419706
3749,-0.010207098330779
3750,-0.00768605404094276
3751,-0.00569942880720445
3752,-0.00430062554508505
3753,-0.0032343952739409
3754,-0.00211640405930638
3755,-0.000833556081305883
3756,0.000140250735432293
3757,0.000276572613496766
3758,9.02516482109801E-05
3759,0.00119201984711909
3760,0.00460457921149625
3761,0.00916549359452066
3762,0.0122829449607074
3763,0.0124910050606611
3764,0.0108147405951439
3765,0.00937555943331137
3766,0.00906247303948138
3767,0.00896604438420767
3768,0.00780610259658181
3769,0.00536154556491003
3770,0.00247386137643208
3771,8.93348865766632E-05
3772,-0.00150292939726737
3773,-0.0027132014158735
3774,-0.00408161496395262
3775,-0.00556763645279381
3776,-0.00647809866102825
3777,-0.00643323942982895
3778,-0.00640450448400854
3779,-0.00820608963381885
3780,-0.0124763887776878
3781,-0.0174599407372411
3782,-0.0204161289055832
3783,-0.0202728034369459
3784,-0.0184120610916333
3785,-0.0167870470065769
3786,-0.0158615704501292
3787,-0.0147298931424323
3788,-0.0127118846061894
3789,-0.0101479460912643
3790,-0.00775654798165226
3791,-0.00586147063828033
3792,-0.00439272430152456
3793,-0.00317572941574008
3794,-0.00201365015900751
3795,-0.000848744125882356
3796,-2.6368423339266E-05
3797,4.60942614793911E-05
3798,-0.000148679926858584
3799,0.000912403229447372
3800,0.00427431344804248
3801,0.00887957222438145
3802,0.0121515841980476
3803,0.0124983198305514
3804,0.0108224516633762
3805,0.00926862423459952
3806,0.00886214787198877
3807,0.00879844884160674
3808,0.007779183475229
3809,0.00547091330847337
3810,0.0026131238579152
3811,0.000158768703633459
3812,-0.00148853633398396
3813,-0.0026457848158388
3814,-0.00391613737881501
3815,-0.00543070222340583
3816,-0.00655618140191537
3817,-0.00673523659436473
3818,-0.00669309797863439
3819,-0.00821901506635846
3820,-0.0122002786339251
3821,-0.0171398790900485
3822,-0.0202955141133528
3823,-0.0203656727412599
3824,-0.0185421640021811
3825,-0.0168061966800453
3826,-0.0157838617476539
3827,-0.0146602232456269
3828,-0.0126924827929692
3829,-0.0101096947109238
3830,-0.00761267616796507
3831,-0.00561934315068078
3832,-0.00415846611053583
3833,-0.0030578494340551
3834,-0.00203403026694918
3835,-0.000942529281149157
3836,-0.000112721525566235
3837,-2.91531448470112E-07
3838,-0.000175201194173613
3839,0.000880113665115111
3840,0.00425158815339489
3841,0.00891890697022161
3842,0.0122900912957486
3843,0.0127144766692774
3844,0.0110518501310944
3845,0.0094519895598444
3846,0.00895998040429235
3847,0.00877359816103492
3848,0.00761467827141062
3849,0.00522703107622523
3850,0.00241714839047304
3851,7.47926126729078E-05
3852,-0.0015704498593396
3853,-0.00291843559719765
3854,-0.00441893970532621
3855,-0.00594818338797329
3856,-0.0068060366376263
3857,-0.00665325317303448
3858,-0.0064971694253464
3859,-0.00819131983519502
3860,-0.0124314498232925
3861,-0.0174810308510228
3862,-0.0205192322133886
3863,-0.0203551113653823
3864,-0.0183545328288225
3865,-0.0165948463521346
3866,-0.0156684237674659
3867,-0.014652933585207
3868,-0.0127266092477269
3869,-0.0101229732767867
3870,-0.00759783325610662
3871,-0.00560714153325892
3872,-0.00416987842478544
3873,-0.00306977422609657
3874,-0.0019741251640442
3875,-0.000728794129025814
3876,0.000260846865603658
3877,0.000400712990437385
3878,4.90918459414003E-05
3879,0.000833209984531878
3880,0.00406094744935024
3881,0.00882859924110951
3882,0.0124369200716103
3883,0.0130304746094578
3884,0.0113781725909929
3885,0.00970448316642966
3886,0.0091746954104125
3887,0.00903708283888828
3888,0.00798204448372454
3889,0.00567630569208562
3890,0.00285214465189733
3891,0.000406486794724314
3892,-0.00129814791458359
3893,-0.00251591995101495
3894,-0.00373919316288473
3895,-0.00508940136148108
3896,-0.00603980709932138
3897,-0.00610806536730648
3898,-0.00598783865589236
3899,-0.00745033354224439
3900,-0.0114800338485814
3901,-0.016664749751435
3902,-0.0201445830046598
3903,-0.0203704982018875
3904,-0.0184528100548989
3905,-0.0165731223679949
3906,-0.0155886819582274
3907,-0.0146554834056802
3908,-0.0128015459158948
3909,-0.0101436626677637
3910,-0.00751852567956005
3911,-0.00551601510961498
3912,-0.00414133861681127
3913,-0.0030681651255616
3914,-0.00195666593189964
3915,-0.000753405919836187
3916,0.000136113995373206
3917,0.000279814600075427
3918,0.000112004458367499
3919,0.00105386485397019
3920,0.00414710929291034
3921,0.00854854675633514
3922,0.0119244904659659
3923,0.0126335012612181
3924,0.0112407494026073
3925,0.00965279806340886
3926,0.00903071161722486
3927,0.00887863147148878
3928,0.00799026423233153
3929,0.00584406160549855
3930,0.00299623559631843
3931,0.000425234191888336
3932,-0.00133076550093879
3933,-0.00252243592301609
3934,-0.00376787327642978
3935,-0.00521252017732019
3936,-0.00622463964591608
3937,-0.00627243928297492
3938,-0.0061229146929702
3939,-0.0075992640612068
3940,-0.0116262562224576
3941,-0.016734598325848
3942,-0.0201274160276323
3943,-0.0203620400986493
3944,-0.0185454206191818
3945,-0.0167437860772333
3946,-0.0157283221896047
3947,-0.0146924894534001
3948,-0.0127733536459669
3949,-0.0101484178815116
3950,-0.00760485120388038
3951,-0.00562437731181134
3952,-0.00416373019995416
3953,-0.00296647252316985
3954,-0.00180132844202113
3955,-0.000639855500847077
3956,0.000169209413649116
3957,0.000225833174341008
3958,-4.4794646122323E-05
3959,0.000833050737401173
3960,0.00402156447727845
3961,0.00867305114152705
3962,0.0122262606932806
3963,0.0128277567506191
3964,0.011150305560772
3965,0.00943370612041065
3966,0.00897992794578772
3967,0.00907204623177977
3968,0.00823688746935378
3969,0.00597908011286657
3970,0.0030679882049474
3971,0.000544570416633027
3972,-0.00119147059896607
3973,-0.00247041207624357
3974,-0.00380359460712594
3975,-0.00522762381366926
3976,-0.00616790549326075
3977,-0.00620612253839987
3978,-0.00609551478298045
3979,-0.00756040084569225
3980,-0.0115191822549377
3981,-0.0166031987466949
3982,-0.0200569480956512
3983,-0.0203438429820852
3984,-0.0184772779171876
3985,-0.0165757919103119
3986,-0.0155562532022898
3987,-0.0146731827753411
3988,-0.012964825451173
3989,-0.0104561453126515
3990,-0.00787835571116172
3991,-0.00579168027027926
3992,-0.00427521030718058
3993,-0.00312600928070846
3994,-0.0020632691745262
3995,-0.00095959817389913
3996,-9.6825309797037E-05
3997,0.000109515285649287
3998,-9.34189150238317E-06
3999,0.000912476849595177
4000,0.00400760003334635
4001,0.00852712970294995
4002,0.0120562802675181
4003,0.0127782410294165
4004,0.0112376056493399
4005,0.00951976182021426
4006,0.0089259980028026
4007,0.00888819632967256
4008,0.00805093752725816
4009,0.0058861229177321
4010,0.00306089219678505
4011,0.000583512410005239
4012,-0.00110762975586467
4013,-0.00233858373121581
4014,-0.0036816140763947
4015,-0.00520760397635769
4016,-0.00627906667530048
4017,-0.00637505740070246
4018,-0.00621355446591823
4019,-0.00757250384020953
4020,-0.0114462789237782
4021,-0.0165101438985735
4022,-0.020024957680808
4023,-0.0204535513396905
4024,-0.0187662825705192
4025,-0.0169831353546295
4026,-0.0159310034419195
4027,-0.0148818740788869
4028,-0.0130049316892877
4029,-0.0104418153445153
4030,-0.00790215858617533
4031,-0.00582634077461078
4032,-0.00423750487625629
4033,-0.00300843854716251
4034,-0.00194641370770273
4035,-0.000895814423016765
4036,-5.31790998408039E-05
4037,0.000154705896920543
4038,-4.4384690184057E-05
4039,0.000697946526928621
4040,0.00366282390603567
4041,0.0082466900168146
4042,0.0119810021852135
4043,0.0128530662972009
4044,0.011302044510591
4045,0.00949317259313747
4046,0.00885537261224656
4047,0.00885033994294496
4048,0.00806904551358403
4049,0.00592752514202854
4050,0.0030529938471015
4051,0.000436724365027123
4052,-0.00141897477740239
4053,-0.00269846106217476
4054,-0.00390728611986334
4055,-0.00524683320228372
4056,-0.00627423804158918
4057,-0.00647381630585386
4058,-0.00637443370947293
4059,-0.00765090211023057
4060,-0.0114369781031297
4061,-0.0165694888626415
4062,-0.0202162050744804
4063,-0.0205982072437102
4064,-0.0186555803794977
4065,-0.0166714698616265
4066,-0.0156922168732726
4067,-0.0148849392642714
4068,-0.0131542240580428
4069,-0.0105691386843957
4070,-0.00799949520802839
4071,-0.00599942360355626
4072,-0.00449924287395507
4073,-0.00324034399375241
4074,-0.0020643992051463
4075,-0.000955000088172745
4076,-0.000150190940160806
4077,1.57437111354474E-05
4078,-0.00015130702141688
4079,0.000668404514253044
4080,0.0036900849654284
4081,0.00829430137351631
4082,0.0120314158639147
4083,0.0128960660701974
4084,0.0113383068389012
4085,0.00956081694195664
4086,0.00900963605933629
4087,0.00909068750232865
4088,0.00831915109599006
4089,0.00612545307183552
4090,0.0032426785097044
4091,0.000720190644548635
4092,-0.00102921859977379
4093,-0.00233228762751526
4094,-0.00370489171224562
4095,-0.00519268106554701
4096,-0.00620737019766279
4097,-0.00626821393466057
4098,-0.00606705099953011
4099,-0.00736618818192578
4100,-0.0112241888224881
4101,-0.0163758339479459
4102,-0.0200209312444995
4103,-0.0205032273426362
4104,-0.0187863869040025
4105,-0.0170066412327662
4106,-0.0160475554031616
4107,-0.0150828575879628
4108,-0.0131778541718721
4109,-0.0105312669503565
4110,-0.00798733709145113
4111,-0.0059886722470576
4112,-0.00442541880002492
4113,-0.00312217687433941
4114,-0.00202016951226959
4115,-0.00108249455178129
4116,-0.000408878986867416
4117,-0.000232767788086146
4118,-0.000317173605781209
4119,0.000493157550488006
4120,0.00337238870910194
4121,0.00786514131711613
4122,0.0116905233744057
4123,0.0127737845603642
4124,0.011318278217905
4125,0.00942579447444968
4126,0.00874385721397774
4127,0.00893120226195467
4128,0.00846403287720803
4129,0.00647082007977238
4130,0.00349282283106115
4131,0.000725045906078247
4132,-0.00113817831180612
4133,-0.00235230360659106
4134,-0.00361961055977553
4135,-0.00516105854650614
4136,-0.00633784849798803
4137,-0.00647628241176495
4138,-0.00616466197390083
4139,-0.00724976067230716
4140,-0.0109594816627836
4141,-0.0161265530839507
4142,-0.0199124026733884
4143,-0.0205313956265372
4144,-0.0188297237609285
4145,-0.0169359218044125
4146,-0.0158560179260484
4147,-0.0149156203797825
4148,-0.0132050461568566
4149,-0.0107724131735491
4150,-0.00827998028043307
4151,-0.00615717890239102
4152,-0.00446210768240543
4153,-0.00315186773288886
4154,-0.0020831327413915
4155,-0.00103105935233669
4156,-9.15816244000638E-05
4157,0.000254308111348371
4158,3.67496776687489E-05
4159,0.000533527957150906
4160,0.00325227845423195
4161,0.00788625298551555
4162,0.0119624368376907
4163,0.0131490810763125
4164,0.0116353069539525
4165,0.00967946812192374
4166,0.0089688673731238
4167,0.00904195375141328
4168,0.00833868970155879
4169,0.00615435648090175
4170,0.00318433802572552
4171,0.00054644918154512
4172,-0.00125332626475488
4173,-0.00249562340091816
4174,-0.003741549990665
4175,-0.00516614860763621
4176,-0.00628170358362897
4177,-0.00653167902404121
4178,-0.0063802955942302
4179,-0.00745980674692426
4180,-0.010994474147622
4181,-0.0160350246515808
4182,-0.0198879758559709
4183,-0.0206675265956303
4184,-0.0190510529937812
4185,-0.0171662197016576
4186,-0.0161345235649747
4187,-0.0152848865583967
4188,-0.0135696095393729
4189,-0.0109814937644246
4190,-0.00833536523383643
4191,-0.00623147497415114
4192,-0.00467737928324189
4193,-0.00342979959844816
4194,-0.00228765251068752
4195,-0.00119261903813591
4196,-0.000369987232088796
4197,-0.000171146590890198
4198,-0.000343161854385894
4199,0.00037637122436896
4200,0.00323383369981509
4201,0.00776724728093282
4202,0.0116691287203511
4203,0.0128574554543131
4204,0.0115065368747335
4205,0.00963454169960918
4206,0.00882090103279107
4207,0.00877449647422754
4208,0.00812121378903926
4209,0.00609263624672647
4210,0.00318993578108771
4211,0.00049991428168162
4212,-0.00132275183804223
4213,-0.00249256933412384
4214,-0.00369913922404146
4215,-0.00522624502989665
4216,-0.00647429529654323
4217,-0.00669075064380921
4218,-0.00634441958969376
4219,-0.00729238758139389
4220,-0.0109265038275004
4221,-0.0162088454646707
4222,-0.0202200759804929
4223,-0.0209580921660629
4224,-0.0191689382922023
4225,-0.0171149933529135
4226,-0.0159979440557442
4227,-0.0151543778176625
4228,-0.013499445213884
4229,-0.010968068680115
4230,-0.00833548431432606
4231,-0.00622225820728857
4232,-0.00469348401292209
4233,-0.00351700405818548
4234,-0.00242385174770859
4235,-0.00129353903843829
4236,-0.000396529604197535
4237,-0.00020531705483708
4238,-0.000513999973501534
4239,5.07203284970157E-05
4240,0.0028995931079481
4241,0.00760201588093316
4242,0.0116986847464205
4243,0.0129284392793263
4244,0.0114518076817379
4245,0.00945304231709465
4246,0.00868047721333226
4247,0.0088440231838231
4248,0.0084115883598957
4249,0.00645477036785692
4250,0.00344579517895524
4251,0.000573693194852884
4252,-0.001369287315691
4253,-0.00252116640747843
4254,-0.00359835578506913
4255,-0.00498992911596338
4256,-0.00619946551686336
4257,-0.00649093784279634
4258,-0.00624982453137568
4259,-0.0072300301676851
4260,-0.0107992378741252
4261,-0.0159930954809602
4262,-0.0199883873232518
4263,-0.0208125577669222
4264,-0.0191547941258759
4265,-0.017194743201952
4266,-0.0161015906555828
4267,-0.0152450454564643
4268,-0.0135809596419912
4269,-0.0110354372823205
4270,-0.00834894888782601
4271,-0.00615438464700539
4272,-0.00458234005761055
4273,-0.00342945718045876
4274,-0.00236036071235366
4275,-0.00117191306886554
4276,-0.000154367614710641
4277,0.000115413915107278
4278,-0.000208896473268132
4279,0.000301912270817582
4280,0.00312221004166039
4281,0.00780445306882909
4282,0.0118565265894981
4283,0.0130640480330245
4284,0.0116575011347273
4285,0.00977686757305567
4286,0.00903018468524213
4287,0.00907674089932629
4288,0.00851485335179638
4289,0.00657123903492242
4290,0.00369762046166123
4291,0.000916154915039286
4292,-0.00108115253089662
4293,-0.00235852285161177
4294,-0.00350748682553257
4295,-0.0049036353118464
4296,-0.00613551954935002
4297,-0.0065049236787511
4298,-0.00632145961573687
4299,-0.00724636252652186
4300,-0.0106651226289472
4301,-0.0157390338747464
4302,-0.0197509316169817
4303,-0.0207087027819958
4304,-0.0191787952624602
4305,-0.0172295355501657
4306,-0.0160220208516185
4307,-0.0150193014870695
4308,-0.0132918634938533
4309,-0.0108097546045312
4310,-0.00825049107262332
4311,-0.00613349197162427
4312,-0.00453570632659414
4313,-0.0033150566964071
4314,-0.00223666764269794
4315,-0.00110895936224103
4316,-0.000129040862438361
4317,0.000193186698889634
4318,-5.61256749855985E-05
4319,0.000419459783999007
4320,0.00306215799998986
4321,0.00754116978371842
4322,0.0115050128257588
4323,0.0127725492660947
4324,0.0115031721074863
4325,0.0097523107995298
4326,0.00908538586611373
4327,0.0091615575310774
4328,0.00861047519371183
4329,0.00669893350010782
4330,0.00387965062673921
4331,0.00112000828918103
4332,-0.000934595411845982
4333,-0.00231782594561843
4334,-0.0035472914060072
4335,-0.00497278496472998
4336,-0.00620645820226907
4337,-0.00653469074445784
4338,-0.00620610307522891
4339,-0.00690463737443882
4340,-0.0101842245982246
4341,-0.0153571326862426
4342,-0.0196359632430164
4343,-0.0207970899189332
4344,-0.0192925935640415
4345,-0.0173144724743718
4346,-0.0161809526987575
4347,-0.0153144568568951
4348,-0.0136220140559155
4349,-0.0110406343893861
4350,-0.00839111646864172
4351,-0.0062922109505835
4352,-0.00473644965305672
4353,-0.00346262517228972
4354,-0.00227599927296362
4355,-0.00112253324763821
4356,-0.000228426874078062
4357,-6.49365874939711E-07
4358,-0.000293325665447257
4359,0.000137253682116551
4360,0.00271490186415336
4361,0.00721629135106866
4362,0.0113632306276271
4363,0.0128374425992354
4364,0.0115762974197733
4365,0.00961975808476018
4366,0.00876064024598646
4367,0.00883640522495235
4368,0.00839546107408202
4369,0.00652017111526684
4370,0.00364703495748973
4371,0.000886543574722885
4372,-0.00105245004160987
4373,-0.002309997364569
4374,-0.00350989722344004
4375,-0.0049670133577974
4376,-0.00621174253940417
4377,-0.00654489881157928
4378,-0.00627645130088892
4379,-0.00705486093307783
4380,-0.0103212293379224
4381,-0.0153643427936497
4382,-0.0195106111498459
4383,-0.0206337907616499
4384,-0.019146158540988
4385,-0.0171533570134909
4386,-0.0159881704143224
4387,-0.0151574037629905
4388,-0.0135666267549323
4389,-0.0110389474535366
4390,-0.00832430774185713
4391,-0.00612271099610419
4392,-0.00455799404086695
4393,-0.00337885977038681
4394,-0.00227136905947224
4395,-0.00108836147281571
4396,-9.17208561387701E-05
4397,0.000211051490139477
4398,-8.03605952934641E-05
4399,0.000309487011887412
4400,0.00285336617852201
4401,0.00735612363650447
4402,0.0115575083705855
4403,0.0131406927430315
4404,0.0119928242775369
4405,0.0100673376741404
4406,0.00912434112207539
4407,0.0090808268902834
4408,0.00859678284021744
4409,0.00676106847218364
4410,0.00390255561579576
4411,0.00106214431083547
4412,-0.000972653745113016
4413,-0.00221170144735945
4414,-0.00328242935448122
4415,-0.00464927088330091
4416,-0.0059424349315579
4417,-0.00637320075412364
4418,-0.0060919488515692
4419,-0.00674172586156501
4420,-0.00993431998351039
4421,-0.0150888346687575
4422,-0.0194526391884433
4423,-0.0207042443121957
4424,-0.0191644881999906
4425,-0.0170237686735319
4426,-0.0157528153964672
4427,-0.0149221245738973
4428,-0.0134241035356961
4429,-0.0110406342479836
4430,-0.00846041741482397
4431,-0.00631021622760545
4432,-0.00469384506557709
4433,-0.00343458853990208
4434,-0.00230824021172719
4435,-0.00115654179781609
4436,-0.000156745007436494
4437,0.000193700226690826
4438,-0.000110194830636774
4439,0.000146472612095377
4440,0.00254718156196597
4441,0.0070544457835272
4442,0.0113908251733136
4443,0.0130622017108983
4444,0.0118686593298986
4445,0.00988486170223866
4446,0.00900014175673366
4447,0.00905112472241529
4448,0.00851880448487632
4449,0.00650021172189372
4450,0.00354048580633621
4451,0.000806238622568281
4452,-0.00106341126392616
4453,-0.00229523529695692
4454,-0.00350663673933053
4455,-0.00496368544061957
4456,-0.00620353554073327
4457,-0.00655934335700526
4458,-0.00630823138239181
4459,-0.00703360641205563
4460,-0.0102035458762153
4461,-0.015227651061177
4462,-0.0194910273270251
4463,-0.0207742853012793
4464,-0.0193559614505856
4465,-0.0173191853547699
4466,-0.0160793866447324
4467,-0.0152190759200548
4468,-0.0136635963202564
4469,-0.011224994975575
4470,-0.00861232682593382
4471,-0.00645159697958787
4472,-0.00483705659178373
4473,-0.00360629921824028
4474,-0.00255479548601294
4475,-0.0014774964204631
4476,-0.00044033380885637
4477,9.32375955099273E-05
4478,-3.81688838838795E-05
4479,0.000157736685598055
4480,0.00225190472093392
4481,0.00648747828455275
4482,0.0108891839330688
4483,0.0129429514666704
4484,0.0121038889703026
4485,0.0101394210543493
4486,0.00899009072566265
4487,0.00882234560033569
4488,0.00835678863474464
4489,0.00660948788681081
4490,0.00386297390168854
4491,0.00113756025968316
4492,-0.000854619957546486
4493,-0.00220205317819523
4494,-0.00348121941566911
4495,-0.00499067761440321
4496,-0.00626022492556486
4497,-0.00656677175432113
4498,-0.0061744968784167
4499,-0.00673091765165779
4500,-0.00977744346276367
4501,-0.0147561892139524
4502,-0.0190688522409326
4503,-0.0205036023919488
4504,-0.0192826599740374
4505,-0.0173690817408473
4506,-0.0161148421972416
4507,-0.0151822745670877
4508,-0.0136203766196388
4509,-0.0112474324370658
4510,-0.00867741427532408
4511,-0.00649713130830919
4512,-0.0048547085954116
4513,-0.00360167659091551
4514,-0.00246367652840845
4515,-0.00123953404030174
4516,-0.000156044702438735
4517,0.000215020787101841
4518,-0.000121872363979393
4519,9.65034776482792E-05
4520,0.00241760234186985
4521,0.00672602749372925
4522,0.0108107071785428
4523,0.0123990262060132
4524,0.0114003785767163
4525,0.00970005619704311
4526,0.00891581467466552
4527,0.00889189761183574
4528,0.00837922426647846
4529,0.00660774524723054
4530,0.0039025918857361
4531,0.00114999168667864
4532,-0.000961232509732834
4533,-0.00234439124077851
4534,-0.00346433390883888
4535,-0.00477820300683909
4536,-0.00606115285669255
4537,-0.00659103479804581
4538,-0.00637666285527721
4539,-0.00688573751089597
4540,-0.00977980599573685
4541,-0.0147404716621679
4542,-0.0192019166286606
4543,-0.0207485669958021
4544,-0.0194519391452284
4545,-0.0173740525540095
4546,-0.0160618438867608
4547,-0.0152056584879998
4548,-0.0137125047748593
4549,-0.0113129738277698
4550,-0.00868828998139478
4551,-0.00650167661956503
4552,-0.0048627763095458
4553,-0.00357281868587953
4554,-0.00242938284584691
4555,-0.00133017450350191
4556,-0.000434434760125024
4557,-0.000124823025001533
4558,-0.000344481218521851
4559,5.26949875478683E-06
4560,0.0023364076383477
4561,0.00663392370240669
4562,0.0108615024336397
4563,0.012698421828874
4564,0.0118084229792647
4565,0.00996227439200682
4566,0.00894828443917713
4567,0.00883001359052016
4568,0.0083572189017807
4569,0.00660797318205745
4570,0.00386493947405995
4571,0.00112594562381498
4572,-0.000861340135039852
4573,-0.00212254168953388
4574,-0.00325919027481978
4575,-0.00470702200114069
4576,-0.00609837266242688
4577,-0.00661938784707382
4578,-0.00630622075839854
4579,-0.00669729828774927
4580,-0.00950477997199978
4581,-0.0144524300494506
4582,-0.0190035978484663
4583,-0.0207055476236174
4584,-0.0195289094288084
4585,-0.0174772849075038
4586,-0.0161576948989754
4587,-0.0153594951568696
4588,-0.0139870177112478
4589,-0.0116632827802643
4590,-0.00900080903075058
4591,-0.00672198108740942
4592,-0.00503623435324192
4593,-0.00375142993668812
4594,-0.00258365622928878
4595,-0.00138589327514626
4596,-0.000377884238472436
4597,-4.05650741631821E-05
4598,-0.000350259861668871
4599,-0.000150166595851603
4600,0.00207270321288836
4601,0.0063822120967827
4602,0.010745036181535
4603,0.0127503011675462
4604,0.0119406926382533
4605,0.0100504716171487
4606,0.00896223656918715
4607,0.00886468149420954
4608,0.00852117536602081
4609,0.00689606682364703
4610,0.00415286932135
4611,0.00127683503539398
4612,-0.000896715755344829
4613,-0.0022845813668412
4614,-0.00342351337973244
4615,-0.00475964583096406
4616,-0.00601042380072127
4617,-0.00646743842867873
4618,-0.00620161400504781
4619,-0.0066835154808934
4620,-0.00953373036586258
4621,-0.0144608992650584
4622,-0.0189887697786559
4623,-0.0207126177530205
4624,-0.0195862471607691
4625,-0.0175633412607433
4626,-0.0162191120216278
4627,-0.015344037884781
4628,-0.0138743229532986
4629,-0.0114889404748589
4630,-0.0088454891557409
4631,-0.0066492034295535
4632,-0.00503440768702434
4633,-0.00375055564496424
4634,-0.00252537647961543
4635,-0.00125704019024647
4636,-0.000181730724594903
4637,0.000223853980143704
4638,-3.77626437667287E-05
4639,0.000154204583523884
4640,0.00232196075190384
4641,0.00658735375349945
4642,0.0109485090433024
4643,0.0129534835922661
4644,0.0120868585648423
4645,0.0100855871981871
4646,0.00889102526828888
4647,0.00874245241790163
4648,0.00841653764970042
4649,0.00687255365053026
4650,0.00425641732075812
4651,0.00150294499435127
4652,-0.000622072877331028
4653,-0.00206423281409732
4654,-0.00331978717261177
4655,-0.00477231684740355
4656,-0.00611009031253847
4657,-0.00661610097223536
4658,-0.00633314801685317
4659,-0.00670545121492917
4660,-0.00939455821442047
4661,-0.0142147372471632
4662,-0.018760099399185
4663,-0.0205841505746564
4664,-0.019538307977023
4665,-0.0175270406957978
4666,-0.0161617905111523
4667,-0.0152833884126024
4668,-0.0138285107158385
4669,-0.011443723178182
4670,-0.00877211100577563
4671,-0.00653693474816099
4672,-0.0049043171361734
4673,-0.0036468122142898
4674,-0.00248196213079151
4675,-0.00125233700366442
4676,-0.000140967081946838
4677,0.000338067122155134
4678,5.43455388815588E-05
4679,4.38904514162724E-05
4680,0.00193579766343093
4681,0.00608534294045694
4682,0.0106104424207269
4683,0.0129288075007737
4684,0.0122839977866002
4685,0.0103078650635545
4686,0.00904187696406417
4687,0.00887625833914183
4688,0.00862057432383544
4689,0.00714397967324674
4690,0.00449991953994384
4691,0.0016281588733791
4692,-0.000610328309591515
4693,-0.00206416322695237
4694,-0.00321696166182061
4695,-0.00453181129445167
4696,-0.00579023363018719
4697,-0.00630055870632095
4698,-0.00606470476196266
4699,-0.00648705833544673
4700,-0.0092282416201384
4701,-0.0141123678456503
4702,-0.0187202750082818
4703,-0.0205791999307888
4704,-0.0195284134247218
4705,-0.0174797503664562
4706,-0.0160670294025035
4707,-0.0151686667661289
4708,-0.0137545918050025
4709,-0.0114560536112529
4710,-0.00884535207875501
4711,-0.0065880322225658
4712,-0.00487822682385239
4713,-0.00358087980199031
4714,-0.00246834712832134
4715,-0.00133474760566063
4716,-0.000253110047909545
4717,0.000326652124884146
4718,0.000217249818124922
4719,0.000304288924848404
4720,0.00210280947808389
4721,0.00602046661549927
4722,0.010375261715235
4723,0.0127416084072881
4724,0.0123063669788079
4725,0.0104930288027311
4726,0.00921747075463313
4727,0.00894749584685414
4728,0.00864062982583392
4729,0.00719269914963212
4730,0.00456682770345454
4731,0.00165700492955372
4732,-0.000607414125085529
4733,-0.00200744277706258
4734,-0.00307861208841534
4735,-0.00439745456446737
4736,-0.00576059934029688
4737,-0.00635191548748849
4738,-0.00605433648848209
4739,-0.0063129741918874
4740,-0.00895060806713114
4741,-0.0138796645160353
4742,-0.0185893236305284
4743,-0.0204667156995654
4744,-0.0193631750252143
4745,-0.0173406832845616
4746,-0.0160940387025439
4747,-0.0153553153497383
4748,-0.013926138857035
4749,-0.0114906123589265
4750,-0.00883690452522147
4751,-0.00670994242148078
4752,-0.00512951181231009
4753,-0.00376982068260838
4754,-0.00245603314780287
4755,-0.0012040562607867
4756,-0.000192006004985803
4757,0.000248123365695179
4758,9.59819986408037E-05
4759,0.00026823281033028
4760,0.00218809455623673
4761,0.00616682649168673
4762,0.0104810034563003
4763,0.0127168836593884
4764,0.0121267306146991
4765,0.0102281790443866
4766,0.00898273797933252
4767,0.0088093311219862
4768,0.00858555295410134
4769,0.00718510484062445
4770,0.00458926545963774
4771,0.00167080117093673
4772,-0.000690749304381593
4773,-0.00224828502520817
4774,-0.00341115460609281
4775,-0.00467510732628962
4776,-0.00592618028214041
4777,-0.00651597302933
4778,-0.00635673743928814
4779,-0.00672995010471013
4780,-0.00930355384218566
4781,-0.0140540383544448
4782,-0.0186933631039602
4783,-0.0207173667191496
4784,-0.0198255483850132
4785,-0.0178386008067206
4786,-0.016404217097445
4787,-0.0154487545744871
4788,-0.0139679665288896
4789,-0.0116150925572634
4790,-0.0089873314444562
4791,-0.0067324757457166
4792,-0.00498534661753025
4793,-0.00359852837343493
4794,-0.00242813266165104
4795,-0.00135647506695432
4796,-0.0004324903858564
4797,6.00660199607494E-06
4798,-0.000148593511099963
4799,-5.99994294216774E-06
4800,0.00193054358268718
4801,0.00603840343085601
4802,0.0105466983372263
4803,0.0129210990179944
4804,0.0123586570000648
4805,0.0104403256331613
4806,0.00920495796399421
4807,0.00904955388499646
4808,0.00877257008157512
4809,0.00724953123618745
4810,0.00457377242176766
4811,0.00170758626471802
4812,-0.000514084512070722
4813,-0.00196474535415805
4814,-0.00311504967986671
4815,-0.00442702648344509
4816,-0.00572648947512129
4817,-0.00632399629972703
4818,-0.00610350331085452
4819,-0.00635293516752783
4820,-0.00882383970906994
4821,-0.013603959850055
4822,-0.0184089301594082
4823,-0.0205968564547561
4824,-0.0197457283339355
4825,-0.0177232692648874
4826,-0.0163169402801189
4827,-0.0154795274408955
4828,-0.0140793189683677
4829,-0.0116749339734798
4830,-0.0089451883791224
4831,-0.00669060677856437
4832,-0.00506701741114582
4833,-0.00379488721865754
4834,-0.00261553845917517
4835,-0.00143707369343688
4836,-0.000414847592527115
4837,4.79292172628932E-05
4838,-0.000153642876805047
4839,-0.000106937545964984
4840,0.00171134471661277
4841,0.00573023611831563
4842,0.0102321971863653
4843,0.0126695134925126
4844,0.0121486855821543
4845,0.0101746329651026
4846,0.00881886035884987
4847,0.00859345929032884
4848,0.00837192428693868
4849,0.00698374456197186
4850,0.00440591563188821
4851,0.001534837185381
4852,-0.000748080079917001
4853,-0.00221172449910615
4854,-0.003274832974332
4855,-0.00445719216332598
4856,-0.00569596485703921
4857,-0.00634733548219495
4858,-0.00621765936284858
4859,-0.00647489493064317
4860,-0.00885076327542346
4861,-0.0135462350014673
4862,-0.0183892439922782
4863,-0.0207037473051294
4864,-0.0199221107285456
4865,-0.0178386065088853
4866,-0.0163375859999466
4867,-0.0155174595224863
4868,-0.0142530289187408
4869,-0.0119550043310739
4870,-0.00917336377042008
4871,-0.00674249300942752
4872,-0.00496800020472406
4873,-0.00367754579579182
4874,-0.00258947960365568
4875,-0.00150659194360053
4876,-0.00050162230260778
4877,1.88183434719655E-05
4878,-0.0001232241589348
4879,-8.06382031358459E-05
4880,0.00168470685660669
4881,0.00568660277155937
4882,0.0102655976466284
4883,0.0128295690361618
4884,0.012382208736416
4885,0.0103822300975506
4886,0.00895184283466973
4887,0.00867744499570581
4888,0.00845328396014567
4889,0.00709316454389313
4890,0.00457644573743687
4891,0.00181080563463115
4892,-0.000361110474266678
4893,-0.00179921022430114
4894,-0.00298022918793726
4895,-0.00437000597335853
4896,-0.00576496355687216
4897,-0.00640667674087617
4898,-0.00611333284825838
4899,-0.0061882098139526
4900,-0.00851036271255797
4901,-0.0133117030871729
4902,-0.0183116050514795
4903,-0.0207008941557182
4904,-0.0198878242609865
4905,-0.0177544239852837
4906,-0.0162636453052033
4907,-0.0154971618166854
4908,-0.0142669872670038
4909,-0.0119724457230955
4910,-0.00920898956336257
4911,-0.00683426032016306
4912,-0.00511617793046782
4913,-0.00383339813749775
4914,-0.00269846856580856
4915,-0.00154099148133887
4916,-0.000456384880871272
4917,0.000131643281210299
4918,1.42734180937256E-05
4919,3.91960571471158E-06
4920,0.00163729761919425
4921,0.00547781574594046
4922,0.00994518195978114
4923,0.0125139272200575
4924,0.012200975755195
4925,0.0104053886416192
4926,0.00914619134270848
4927,0.00893802821757605
4928,0.00869195643283154
4929,0.00729553048815014
4930,0.00477258282228639
4931,0.0020089318009585
4932,-0.000185912946178914
4933,-0.00165547005595325
4934,-0.00283605346492426
4935,-0.00420576500575845
4936,-0.00563314457581739
4937,-0.00639970749226224
4938,-0.00625399462106679
4939,-0.00637185945882165
4940,-0.00858470875034602
4941,-0.0132193476491725
4942,-0.0181404413453318
4943,-0.020587980873189
4944,-0.0198865130506857
4945,-0.0178045564648303
4946,-0.0162766675659309
4947,-0.0154456115903666
4948,-0.014192111916599
4949,-0.0119309526452748
4950,-0.00922960916474253
4951,-0.00690874516968665
4952,-0.00520742612576941
4953,-0.00389485409539485
4954,-0.00270523519707023
4955,-0.00150716333154183
4956,-0.000411046854142345
4957,0.00017784815659126
4958,5.41837019634723E-05
4959,-9.84340206690477E-06
4960,0.00150449924464876
4961,0.00524881137848769
4962,0.00978355825021053
4963,0.0125952172343299
4964,0.0125055332045266
4965,0.0106914184586713
4966,0.00918498298136054
4967,0.00876474536569826
4968,0.00857049942523075
4969,0.00742585053354601
4970,0.00507737287343508
4971,0.00223611724632425
4972,-0.000188005706931534
4973,-0.00181048546180035
4974,-0.00296791186575278
4975,-0.00422958177828118
4976,-0.00559356985946665
4977,-0.00636266335360862
4978,-0.00621346592260667
4979,-0.00626681201685677
4980,-0.00837576599115664
4981,-0.0129331619056943
4982,-0.0178487101463236
4983,-0.0203512372202485
4984,-0.0197115408732441
4985,-0.0176522326981534
4986,-0.0161145823296596
4987,-0.0152913153973591
4988,-0.0140962016708044
4989,-0.0119177833378801
4990,-0.00926588575784655
4991,-0.00693282466395021
4992,-0.00517795010868434
4993,-0.00380826035103482
4994,-0.00258344354217306
4995,-0.0013811278040627
4996,-0.000304863737739112
4997,0.000265050957378298
4998,0.000148004381207997
4999,0.000112448139617796
5000,0.00164889354610219
5001,0.00539461205018398
5002,0.00992360866954905
5003,0.0127304609720913
5004,0.0126184276145677
5005,0.0107531988275581
5006,0.00919698438129332
5007,0.00876724998245858
5008,0.00859648152102269
5009,0.00746556200833427
5010,0.00510817419327698
5011,0.00226825248133209
5012,-0.000122517572038532
5013,-0.0017052278439021
5014,-0.00284821001137446
5015,-0.00411196634834058
5016,-0.00546788111284556
5017,-0.00621872340299396
5018,-0.00605457322692401
5019,-0.00608240229525822
5020,-0.00813379267554104
5021,-0.0126340555591121
5022,-0.0175738409790422
5023,-0.0202157061835393
5024,-0.0197546341813693
5025,-0.0177947960877453
5026,-0.0162414742603461
5027,-0.0153655400214546
5028,-0.0141762855554566
5029,-0.0120660179993987
5030,-0.00946060057349706
5031,-0.0070899455431946
5032,-0.00525619778145519
5033,-0.003867698631099
5034,-0.00271486386349545
5035,-0.00158807979387
5036,-0.000496439928646147
5037,0.000147101506076017
5038,3.78115793112446E-05
5039,-9.5033874336448E-05
5040,0.00135974727315318
5041,0.00516939033663964
5042,0.0098693762485503
5043,0.0127963973260077
5044,0.0126875095809937
5045,0.0107995538132139
5046,0.00927251307373445
5047,0.00884834182339198
5048,0.00854680582134023
5049,0.00720357102288776
5050,0.0047473817641709
5051,0.00201269736555299
5052,-0.000205598921171321
5053,-0.00173921319457922
5054,-0.00297224664973388
5055,-0.00432198516618512
5056,-0.00566309199600342
5057,-0.00635042619812177
5058,-0.00617131334812352
5059,-0.00625449285415704
5060,-0.00839591141431049
5061,-0.0130020966906088
5062,-0.0180523164326785
5063,-0.0207569621412462
5064,-0.0202541767710553
5065,-0.0181743308355925
5066,-0.0165221030384123
5067,-0.0156258526147826
5068,-0.0144532761199647
5069,-0.0123344244365082
5070,-0.00969590192624932
5071,-0.00729599028090813
5072,-0.00542694238387796
5073,-0.00398635762973504
5074,-0.00282163940420325
5075,-0.00178334542815397
5076,-0.00080927658795611
5077,-0.000149499701997749
5078,-8.55435694776065E-05
5079,-9.7750258881272E-05
5080,0.00122964709601666
5081,0.0047737998075468
5082,0.00938667929739298
5083,0.0125221374609863
5084,0.0126671003184843
5085,0.0107859823558921
5086,0.00907530211443777
5087,0.00860399979131433
5088,0.00854551352132788
5089,0.00750141303659984
5090,0.00507166404130124
5091,0.00207069549303974
5092,-0.00040890298565439
5093,-0.00193898103804001
5094,-0.00294529242600179
5095,-0.0040898400333382
5096,-0.00541687222869479
5097,-0.00623646593631416
5098,-0.00616728846657825
5099,-0.00622043094283942
5100,-0.00822124015710797
5101,-0.0127085807959834
5102,-0.0177639015167007
5103,-0.0205705827440456
5104,-0.0201532514758425
5105,-0.0180828268944937
5106,-0.0164210004554634
5107,-0.0155656267963278
5108,-0.0144454027688985
5109,-0.0122930803132059
5110,-0.00953905600141735
5111,-0.00707047675260716
5112,-0.00525858027021205
5113,-0.00390104113109895
5114,-0.00268742444829569
5115,-0.0014739801209441
5116,-0.000379095418830754
5117,0.000213226965971105
5118,9.31432005262087E-05
5119,-4.93304414060612E-05
5120,0.00125806366424609
5121,0.00479383988295622
5122,0.00931373201396503
5123,0.0123124794795041
5124,0.0124080533827967
5125,0.010633728488264
5126,0.0091177424481919
5127,0.00880096716185752
5128,0.0088055962114677
5129,0.00780022881654348
5130,0.00546523872096902
5131,0.00258062116418062
5132,0.000107827748354065
5133,-0.00159319378874614
5134,-0.00285317925572452
5135,-0.00417236268184091
5136,-0.00553436476402143
5137,-0.00631334980180508
5138,-0.00619290870432433
5139,-0.00617519694838264
5140,-0.00806571531452003
5141,-0.0124439834524075
5142,-0.0174548051248945
5143,-0.0202936812025214
5144,-0.0199517917881531
5145,-0.0179765774019847
5146,-0.0164253429923087
5147,-0.0156813224155348
5148,-0.014648133252354
5149,-0.0125415045720137
5150,-0.00977595163412386
5151,-0.00722285729638686
5152,-0.00528810310930414
5153,-0.00387509605660429
5154,-0.002749767545834
5155,-0.00169529462852679
5156,-0.000666402544347076
5157,5.99949191756936E-06
5158,-1.5099203687504E-05
5159,-0.000170375075556322
5160,0.00105612438443982
5161,0.00459205454206848
5162,0.00924375374587644
5163,0.0124069446777676
5164,0.0125885512732281
5165,0.0108044189862087
5166,0.00921907507095285
5167,0.00880037186945549
5168,0.00870023062935423
5169,0.00763305132843229
5170,0.00529618271150445
5171,0.0024370995685607
5172,-1.42611587841692E-06
5173,-0.00162433827080177
5174,-0.00274810079751196
5175,-0.00395748652127723
5176,-0.00534786969506699
5177,-0.00628317482634008
5178,-0.00630232840540425
5179,-0.00628574363255716
5180,-0.00806965840002669
5181,-0.0123720710106008
5182,-0.0174445997543989
5183,-0.0204747571021861
5184,-0.0203417629974843
5185,-0.0184418899596781
5186,-0.0167439827656705
5187,-0.0157013920566356
5188,-0.0144265999016231
5189,-0.012307318736912
5190,-0.00972349980116534
5191,-0.00734765744504445
5192,-0.00544094338466799
5193,-0.00395136829730853
5194,-0.00277874392937684
5195,-0.00174635250812688
5196,-0.000727473875455755
5197,1.26710657443787E-05
5198,9.12626003794182E-05
5199,-2.32788651994746E-05
5200,0.00116962277475742
5201,0.00466744429112633
5202,0.00933463540379526
5203,0.0125491206315365
5204,0.0127650142651026
5205,0.0109791162222879
5206,0.00937507802869183
5207,0.00893541940186365
5208,0.00881133421012951
5209,0.00772596438426316
5210,0.00539331697212214
5211,0.00254538217161291
5212,7.26931247055015E-05
5213,-0.00165395711951378
5214,-0.00289770718512798
5215,-0.00416569878660582
5216,-0.005542960341193
5217,-0.00644315603603781
5218,-0.00641728552559331
5219,-0.00629621117909553
5220,-0.00791769466194137
5221,-0.0121272776186783
5222,-0.0173033877914531
5223,-0.0205662770360776
5224,-0.0205644760703775
5225,-0.0185676418216717
5226,-0.0166894490835826
5227,-0.0156267431873741
5228,-0.0145339108890531
5229,-0.0126023079086014
5230,-0.0100392354583512
5231,-0.00756817003048342
5232,-0.00561738186877766
5233,-0.00418740673571944
5234,-0.00307692780637717
5235,-0.00201767436523426
5236,-0.000913733081541533
5237,-0.000116978306505042
5238,-4.16671470005916E-05
5239,-0.000187089647499923
5240,0.000983636985534986
5241,0.00448588210792166
5242,0.00919466984600385
5243,0.0124801710900502
5244,0.0127564333330085
5245,0.0109829482347837
5246,0.00935653039927348
5247,0.0089067671350295
5248,0.00880072360662493
5249,0.00773046701527774
5250,0.00538395100409686
5251,0.0025054498798442
5252,4.95992504962915E-06
5253,-0.00174794887285474
5254,-0.00301207695036099
5255,-0.00426470338838064
5256,-0.00557864150992971
5257,-0.00641484731773827
5258,-0.00638451194250546
5259,-0.0063102774998615
5260,-0.00795797754695506
5261,-0.0121237829972599
5262,-0.0172025366747955
5263,-0.0203537773242036
5264,-0.0202510774459524
5265,-0.0181944218372264
5266,-0.0163336671421173
5267,-0.0153509193310125
5268,-0.0143242950038929
5269,-0.0124023950122701
5270,-0.00984775241303001
5271,-0.00743960291345382
5272,-0.00553533484238298
5273,-0.00401080143558027
5274,-0.00269373309702716
5275,-0.00152009421524751
5276,-0.000528134097027486
5277,4.48591209109367E-05
5278,-6.52552640249696E-06
5279,-0.000148161322020278
5280,0.00101879555183948
5281,0.0044466562743652
5282,0.00912195921872541
5283,0.0125093626022624
5284,0.0129303270254135
5285,0.0111810778102339
5286,0.00944783982226038
5287,0.00890550570989945
5288,0.00882577511135253
5289,0.0078597007892464
5290,0.00560387091151748
5291,0.00277339524606018
5292,0.000295763933256457
5293,-0.00145352004682164
5294,-0.00273350466397151
5295,-0.0040006993522649
5296,-0.00531153562998296
5297,-0.00614623081353469
5298,-0.00614015043243109
5299,-0.00609901011991167
5300,-0.00775286006324863
5301,-0.0119026975726176
5302,-0.0169910682533402
5303,-0.0202117980988211
5304,-0.0202293209285121
5305,-0.0183139446169412
5306,-0.0165861488726686
5307,-0.0156898817569574
5308,-0.0146591655090638
5309,-0.0126281128618387
5310,-0.00990324991441216
5311,-0.00735006066836605
5312,-0.00540440333149172
5313,-0.00396007480889623
5314,-0.00277518985231191
5315,-0.00166551820295129
5316,-0.000600052586986346
5317,0.000123964222352018
5318,0.000159190113734169
5319,-4.24559458130782E-05
5320,0.000971735485010308
5321,0.00427043385283962
5322,0.00889626270812153
5323,0.0122843176705844
5324,0.0127148562550909
5325,0.0109922808879658
5326,0.00934447254628037
5327,0.00896522323575016
5328,0.00908301425829556
5329,0.00824885464557826
5330,0.00596637606253881
5331,0.00295783668517523
5332,0.000286011485798995
5333,-0.00151879415155792
5334,-0.00269708738425012
5335,-0.00384587711965437
5336,-0.0051656720893651
5337,-0.00612545388397266
5338,-0.00621451603116693
5339,-0.006127080010244
5340,-0.0076390681920134
5341,-0.0117067756823643
5342,-0.0168791924054706
5343,-0.02029774212174
5344,-0.0204589654286729
5345,-0.0185093443786665
5346,-0.0166138917098293
5347,-0.0155866980676266
5348,-0.0145845311822209
5349,-0.0127027956472708
5350,-0.0101163254654826
5351,-0.0076144608616812
5352,-0.00565288555632906
5353,-0.00415809626676489
5354,-0.00288317217297616
5355,-0.0016545201581542
5356,-0.000509205844073254
5357,0.00019850387093027
5358,0.000156335238499703
5359,-0.000102332150736405
5360,0.000892720952613128
5361,0.00416688418338957
5362,0.00877620781775543
5363,0.012255318229443
5364,0.0129228392426731
5365,0.0114360400427979
5366,0.00980420456827081
5367,0.00917937062257795
5368,0.00899284323979009
5369,0.00803092261727588
5370,0.00583107328943762
5371,0.00296458111348048
5372,0.000364673170390085
5373,-0.00142715608448963
5374,-0.00258248970890439
5375,-0.00369486518392359
5376,-0.00502143014088031
5377,-0.00605398607858807
5378,-0.00623643044914485
5379,-0.00620159869013492
5380,-0.00769213195866084
5381,-0.0116536214911658
5382,-0.0166501628106086
5383,-0.0198969381741083
5384,-0.020006541913936
5385,-0.0181804828850143
5386,-0.0164988262123736
5387,-0.0156198023622691
5388,-0.0146306602287951
5389,-0.01269645496205
5390,-0.0100899351954222
5391,-0.00760938492807396
5392,-0.00566071164737004
5393,-0.00416989042460858
5394,-0.00294215965098981
5395,-0.00179716376373218
5396,-0.000665543762303691
5397,0.000173413227100707
5398,0.000312945429189125
5399,9.82040350824772E-05
5400,0.000947419079996785
5401,0.00405679991740565
5402,0.0086791401953818
5403,0.0123233758548397
5404,0.0130816736292767
5405,0.0114597131629001
5406,0.00957928907710929
5407,0.00884336955186728
5408,0.00879685483803874
5409,0.00809641317963083
5410,0.00605534223740646
5411,0.00313208310801285
5412,0.000325445373086812
5413,-0.001660185678516
5414,-0.0028673077137895
5415,-0.00389111742515631
5416,-0.00511199089948036
5417,-0.0061331115431776
5418,-0.00636144704536098
5419,-0.00628858314020833
5420,-0.007621372692169
5421,-0.0114758366664515
5422,-0.0166038041298508
5423,-0.0201631574137851
5424,-0.020493752487088
5425,-0.0186228593997874
5426,-0.0167489110114714
5427,-0.0157658580606676
5428,-0.014822031687414
5429,-0.0129451785448973
5430,-0.0103010178783462
5431,-0.00774785176078074
5432,-0.00580224911453228
5433,-0.0043875737874094
5434,-0.00320790009400309
5435,-0.00201842671500661
5436,-0.000787353659066162
5437,0.000120784535956734
5438,0.000246517096043313
5439,-4.98754863746347E-05
5440,0.000720100463949225
5441,0.00382073657908414
5442,0.00850104793794898
5443,0.0121978535641053
5444,0.0129621709579864
5445,0.011354621980736
5446,0.00956098379516777
5447,0.00892576946009536
5448,0.00885514232704248
5449,0.0079855709945824
5450,0.00580221226945866
5451,0.00292988257495648
5452,0.000308362458616789
5453,-0.00157370600310936
5454,-0.00285722532160454
5455,-0.00401512584112795
5456,-0.00527975318996142
5457,-0.00627443187892141
5458,-0.00651446460693398
5459,-0.00648762507025392
5460,-0.00779096420703529
5461,-0.0115264181415888
5462,-0.0165891766949382
5463,-0.0202333296816032
5464,-0.0206785238381269
5465,-0.0187633623559059
5466,-0.016704379704202
5467,-0.0156187012342489
5468,-0.014785790368307
5469,-0.0130929030977317
5470,-0.0104842717294419
5471,-0.00780144204572968
5472,-0.00573544894514544
5473,-0.00431322213928245
5474,-0.00315365953261087
5475,-0.00191238974572504
5476,-0.000618759776417692
5477,0.000228561014416013
5478,0.0001657991656166
5479,-0.000307842188380708
5480,0.000399626478366909
5481,0.00352324219776264
5482,0.00824922992542782
5483,0.0120224892915055
5484,0.012915685667803
5485,0.0114249992127205
5486,0.00963701078557789
5487,0.00891170308635928
5488,0.00880083588682329
5489,0.00804452102736712
5490,0.00605589783460641
5491,0.00330006347820775
5492,0.000658202100100979
5493,-0.00129839610445975
5494,-0.00262505538355438
5495,-0.00380801195490836
5496,-0.00512382956175283
5497,-0.00616570497610732
5498,-0.00638074092069409
5499,-0.00626865044324169
5500,-0.00751957819818345
5501,-0.0112758237494107
5502,-0.0163629818438085
5503,-0.0199804570579765
5504,-0.0204261212866544
5505,-0.0186544790329302
5506,-0.0168447074223936
5507,-0.0159294544941808
5508,-0.0150806178112801
5509,-0.0132876608953493
5510,-0.0106560300512853
5511,-0.0080301551838527
5512,-0.00596942099965493
5513,-0.00445004708223894
5514,-0.00320386066185
5515,-0.00199413168255786
5516,-0.000783302944396374
5517,9.65186974365311E-05
5518,0.000231320941724941
5519,-2.02589656732578E-05
5520,0.00075307889210402
5521,0.00374253377307897
5522,0.00824099155997243
5523,0.0118297557299329
5524,0.0126497699966122
5525,0.01119638535891
5526,0.00952723682601208
5527,0.00895507307104955
5528,0.00895778830638489
5529,0.00820476842952569
5530,0.00610850144319336
5531,0.0032267929492726
5532,0.00055280071412951
5533,-0.00131844228027708
5534,-0.0025238155004056
5535,-0.00364179873713322
5536,-0.00495953523886001
5537,-0.00601186181971262
5538,-0.00620120796349827
5539,-0.00604546049476302
5540,-0.00729154066422483
5541,-0.011122862058661
5542,-0.0163478390987228
5543,-0.0200830470492105
5544,-0.020534488204279
5545,-0.0186562417177093
5546,-0.0167504971406504
5547,-0.0158760806300416
5548,-0.0151718007579609
5549,-0.0134458942076248
5550,-0.010683143504521
5551,-0.00782517328456965
5552,-0.00564731051671563
5553,-0.00422425549467926
5554,-0.00318033706926385
5555,-0.00210237152748843
5556,-0.000880393386708097
5557,9.03757554659776E-05
5558,0.000283593526540088
5559,-1.01174668880605E-05
5560,0.000646163533568703
5561,0.00355591955225561
5562,0.008125172208466
5563,0.0119255128125373
5564,0.0129357499286461
5565,0.0114713693253131
5566,0.00956545590072546
5567,0.00868634437891647
5568,0.00850495084904228
5569,0.00777033777639648
5570,0.00583274452904712
5571,0.00312098264244458
5572,0.000528234329378152
5573,-0.00136231729833607
5574,-0.00262189266391258
5575,-0.00376633420019463
5576,-0.00509480726813738
5577,-0.00619229259431999
5578,-0.00644158032574247
5579,-0.00625557507527622
5580,-0.00732813882385386
5581,-0.0109548163530509
5582,-0.0161262993717569
5583,-0.0199982603527681
5584,-0.0206128788719681
5585,-0.0187355594374939
5586,-0.0166534784129398
5587,-0.0155795340682785
5588,-0.014813178422472
5589,-0.0132077465215942
5590,-0.0106783542525445
5591,-0.00804266777313635
5592,-0.00596777510529743
5593,-0.00451198779578888
5594,-0.00340016625706541
5595,-0.00233677287004362
5596,-0.00119816546679112
5597,-0.0002403571773838
5598,8.13105003197207E-05
5599,-7.09044235517586E-05
5600,0.0005615740570866
5601,0.00331544019425482
5602,0.00784305829288181
5603,0.0118690347363162
5604,0.0132112385272888
5605,0.0118899804093926
5606,0.00987313594666157
5607,0.00886347414956935
5608,0.00874897161971232
5609,0.00819446334020332
5610,0.00627953303281933
5611,0.00332547454490935
5612,0.000414339066395927
5613,-0.00161356121263156
5614,-0.00278517890562006
5615,-0.00379100078828399
5616,-0.00509639255561315
5617,-0.00627873677356505
5618,-0.00659535803872816
5619,-0.00637674103702235
5620,-0.00734750257934715
5621,-0.0108872673694564
5622,-0.016038860911461
5623,-0.0199568090112326
5624,-0.020657631163319
5625,-0.0188756591442884
5626,-0.0168587781721522
5627,-0.0157828874873106
5628,-0.0149469398492946
5629,-0.0132555020271461
5630,-0.0106865277617456
5631,-0.0080712685583899
5632,-0.00602893816581291
5633,-0.00456096929769919
5634,-0.00338484218976624
5635,-0.00225437391472015
5636,-0.00111091958967585
5637,-0.000239639853617159
5638,-5.81662826231298E-05
5639,-0.000312155657983704
5640,0.000333470573964921
5641,0.00319270354873498
5642,0.00779780962072369
5643,0.0117759842815827
5644,0.0129889356945345
5645,0.0116042282247347
5646,0.00966778821060994
5647,0.00879365240714122
5648,0.00872666367046265
5649,0.00812404113731739
5650,0.00621148391064345
5651,0.00341951737204624
5652,0.000739778771421835
5653,-0.00119433882120912
5654,-0.00249422380591726
5655,-0.00370889730887164
5656,-0.00509855467929773
5657,-0.00619960001371048
5658,-0.00641151975729801
5659,-0.00619405319589652
5660,-0.00723845474502577
5661,-0.01080367278503
5662,-0.015899683035362
5663,-0.0197696842656072
5664,-0.0205056086324703
5665,-0.018802983965686
5666,-0.0168234227126693
5667,-0.0157325943865979
5668,-0.0148997763787943
5669,-0.0132704066714359
5670,-0.0107701044027568
5671,-0.00814911002674114
5672,-0.00601781898291024
5673,-0.00444903614184733
5674,-0.00322493318893355
5675,-0.0020841530325083
5676,-0.000901190292990545
5677,5.57599334543878E-05
5678,0.000281169807177456
5679,-8.5093813680894E-05
5680,0.000300238027006354
5681,0.00292564539893754
5682,0.0075137420658859
5683,0.0116989199857786
5684,0.0131524903809247
5685,0.0118525696180986
5686,0.00984312364671525
5687,0.00889233652459374
5688,0.00886711393764029
5689,0.00839148720287356
5690,0.00655512565626144
5691,0.0036925399430036
5692,0.000831648404327032
5693,-0.00125298033092182
5694,-0.00255290705318885
5695,-0.00364616051260758
5696,-0.00496168569455732
5697,-0.00616499190668015
5698,-0.00657604078153641
5699,-0.00643906169855856
5700,-0.00736088370309724
5701,-0.0107748595787607
5702,-0.0159148098012755
5703,-0.0200049346778822
5704,-0.020899237651959
5705,-0.0191568966620633
5706,-0.0170782566546599
5707,-0.0160212386372041
5708,-0.0153025930554532
5709,-0.0136362998444486
5710,-0.0108852497395524
5711,-0.0080308604180247
5712,-0.00591448476781112
5713,-0.00453602203097645
5714,-0.00341406060447012
5715,-0.00218832497187721
5716,-0.00088724046882811
5717,8.7116416232356E-05
5718,0.000311327321037571
5719,5.17314186326681E-05
5720,0.000574114435087289
5721,0.00316638391966442
5722,0.00752706025499536
5723,0.0115063104165256
5724,0.0129579974163774
5725,0.0117952272459825
5726,0.00987859510913128
5727,0.00892272474651726
5728,0.00888302013289667
5729,0.00843368370122978
5730,0.00661443069016069
5731,0.00373469834394105
5732,0.000890056077178235
5733,-0.00109822537916677
5734,-0.00230015075096891
5735,-0.00340713085810745
5736,-0.00483451870813053
5737,-0.00610727122307414
5738,-0.00643920008562397
5739,-0.00611185964745003
5740,-0.00685657438615114
5741,-0.0102012801900905
5742,-0.0153997133664184
5743,-0.0196423816167474
5744,-0.0207122806436436
5745,-0.019071978692395
5746,-0.0169544727637428
5747,-0.0157563147679162
5748,-0.0149382854511025
5749,-0.0133447796079946
5750,-0.0108191295568088
5751,-0.00817585074759595
5752,-0.0061004225479881
5753,-0.00459681245807342
5754,-0.0033234859147871
5755,-0.00204048206686279
5756,-0.000780062605686422
5757,0.000120412673647439
5758,0.000285786447837959
5759,4.30488806362381E-06
5760,0.000559378032217802
5761,0.00322677274807784
5762,0.00763872478316187
5763,0.0115886194888826
5764,0.0129674599529631
5765,0.0117813498047926
5766,0.00990938089368996
5767,0.00898412365627028
5768,0.00890992710603032
5769,0.00843084824421158
5770,0.00667374223339379
5771,0.00390450977354121
5772,0.0010826277647232
5773,-0.00101966917393109
5774,-0.00236641108912453
5775,-0.00351963845493306
5776,-0.00488459490813998
5777,-0.00607781549390461
5778,-0.00638986013845959
5779,-0.00610391194925711
5780,-0.00690806736616448
5781,-0.0102925138315861
5782,-0.0155032769570487
5783,-0.0197480426870662
5784,-0.0208188664843285
5785,-0.0191532889055145
5786,-0.0169630404977301
5787,-0.0156977310239403
5788,-0.0149192172117105
5789,-0.0134724435821148
5790,-0.0110324753926942
5791,-0.00825180173778188
5792,-0.00589955514956646
5793,-0.0042618435881072
5794,-0.00313972234659336
5795,-0.00209659162328374
5796,-0.000866801777481091
5797,0.000224159282060242
5798,0.000508580700676371
5799,6.68756024003823E-05
5800,0.000341670042902436
5801,0.0029378275790031
5802,0.00758079074776752
5803,0.0118346444916508
5804,0.0133425335591452
5805,0.0121053146332478
5806,0.0101472622659423
5807,0.00915918267416599
5808,0.00899439505760866
5809,0.00840398344067544
5810,0.00661967031259654
5811,0.0039424234995511
5812,0.00121025792185422
5813,-0.000912557012071049
5814,-0.00231117855518533
5815,-0.00340192128104046
5816,-0.00463136194664908
5817,-0.00581980442834952
5818,-0.0063123347211648
5819,-0.00616315539778975
5820,-0.00683959004602952
5821,-0.00994748580839842
5822,-0.01506368859972
5823,-0.0195176809070795
5824,-0.0208723266311359
5825,-0.0193009117260838
5826,-0.0170252458881079
5827,-0.0156822814769991
5828,-0.0149128803675965
5829,-0.013492047808659
5830,-0.0110617032049027
5831,-0.00833222371289865
5832,-0.00607064409899068
5833,-0.00445334058393137
5834,-0.00324660662190907
5835,-0.00216233466342209
5836,-0.00106566979724326
5837,-0.000159346311799391
5838,0.000142733931632113
5839,-5.21363702967581E-05
5840,0.000418905305029984
5841,0.0029236362188058
5842,0.00730453046309981
5843,0.0114415755785071
5844,0.0130880472219734
5845,0.0120434369322411
5846,0.0101245329719764
5847,0.00907777514959475
5848,0.00895343082828453
5849,0.00853954115878314
5850,0.00689475741338323
5851,0.00417898116033908
5852,0.00129709601621457
5853,-0.000926226432424901
5854,-0.00232720677274585
5855,-0.00339700484136552
5856,-0.00463321703057534
5857,-0.00582501441058375
5858,-0.00629772434028177
5859,-0.00615133545014725
5860,-0.00687129427180804
5861,-0.0099772247648331
5862,-0.0149643276649851
5863,-0.0192483044074092
5864,-0.0205983967607407
5865,-0.019266413765785
5866,-0.0172951282019721
5867,-0.0160694205447026
5868,-0.0151857173782186
5869,-0.0136092362687024
5870,-0.0111620559309987
5871,-0.0085311106627553
5872,-0.00633674121421488
5873,-0.00468798161330634
5874,-0.00341344212345064
5875,-0.00229175981998682
5876,-0.00117489948751081
5877,-0.000241510015228455
5878,5.05386599527577E-05
5879,-0.000237139024025856
5880,0.000129067202550765
5881,0.00266245584586291
5882,0.00723447385779006
5883,0.0115566847269837
5884,0.0131966661164802
5885,0.0119803360607199
5886,0.00992526466984264
5887,0.00888338886871268
5888,0.00878076768927842
5889,0.00824784743032246
5890,0.00640850300882784
5891,0.00365636821884875
5892,0.000988062040277973
5893,-0.000966477617834212
5894,-0.00230206757325721
5895,-0.00353557174539532
5896,-0.0049609767127812
5897,-0.00619238998694766
5898,-0.00656934310931468
5899,-0.00630639878677684
5900,-0.00695859975072385
5901,-0.0100576734131914
5902,-0.0151002332089137
5903,-0.0194662618503301
5904,-0.0208223020666813
5905,-0.0193504522026944
5906,-0.0171916103956039
5907,-0.015932346282113
5908,-0.0152277175596536
5909,-0.0138508148692361
5910,-0.0114005424433973
5911,-0.00859391071452205
5912,-0.00629854407018667
5913,-0.00476401940132556
5914,-0.0036720721448708
5915,-0.00256790278850795
5916,-0.00128455756073169
5917,-0.000195995202759267
5918,0.000100708933824066
5919,-0.000269762015322201
5920,3.56137292095434E-05
5921,0.00249970597776378
5922,0.00689975290938886
5923,0.0109991395020164
5924,0.0125582536954488
5925,0.0114889592281545
5926,0.00965323845644665
5927,0.00869981642844618
5928,0.00856829364956135
5929,0.00807765739352279
5930,0.00642203578554108
5931,0.00382031983954061
5932,0.00108304824975356
5933,-0.00108250456346514
5934,-0.002502571816903
5935,-0.00357211914605902
5936,-0.00476487732552995
5937,-0.0059437626210988
5938,-0.00645419530644723
5939,-0.00628657403429786
5940,-0.00684822189055472
5941,-0.00979180023713038
5942,-0.0148432723929846
5943,-0.0194282020377965
5944,-0.021019071277013
5945,-0.0195902305098968
5946,-0.017274631924568
5947,-0.0158201366079574
5948,-0.015026707742896
5949,-0.0136875237684615
5950,-0.011333520440214
5951,-0.00860218894810107
5952,-0.00630679113976339
5953,-0.00469435891309256
5954,-0.00351877755421998
5955,-0.00242433172306006
5956,-0.00125774031630676
5957,-0.000285816568076706
5958,-3.68156405451442E-06
5959,-0.000327874491190241
5960,-4.31051686726911E-05
5961,0.00231430300044267
5962,0.00666567194586227
5963,0.0108937750913071
5964,0.0126743545558309
5965,0.0117195057825323
5966,0.00982281829846977
5967,0.00876783534691591
5968,0.00864468818373009
5969,0.00826150242597125
5970,0.00668937793130855
5971,0.00407749839271268
5972,0.00126937915569448
5973,-0.000970006306136407
5974,-0.00243940013151473
5975,-0.00352301966067504
5976,-0.00470256663532762
5977,-0.00589056514475343
5978,-0.00647667009792821
5979,-0.00639741309709312
5980,-0.00693081948072256
5981,-0.00969069549852213
5982,-0.0145424802071821
5983,-0.0190836983218166
5984,-0.020793401833141
5985,-0.0195140659088438
5986,-0.0173087790463451
5987,-0.0159810283696363
5988,-0.0153515674525508
5989,-0.0140951790832566
5990,-0.0116341420869997
5991,-0.00869443535344464
5992,-0.00629528634054052
5993,-0.00474946078334282
5994,-0.00366656737886671
5995,-0.00254761625036132
5996,-0.0012769662169594
5997,-0.000249005297777774
5998,1.30969379052858E-05
5999,-0.000333750166145784
6000,-4.55510827704757E-05
6001,0.00229160648852064
6002,0.00659462200397673
6003,0.010837644446015
6004,0.0127471195127142
6005,0.0119284375113903
6006,0.0100165511292588
6007,0.00878319207676714
6008,0.00846922950454794
6009,0.00800826523269312
6010,0.00644692505010944
6011,0.00384988994077512
6012,0.00105742005903084
6013,-0.00111291306681151
6014,-0.00248107794207614
6015,-0.00353251452633249
6016,-0.00478434074019909
6017,-0.00604502314020846
6018,-0.00659258401119526
6019,-0.0064011660126494
6020,-0.00688202097942426
6021,-0.00968622273863693
6022,-0.0145798186371416
6023,-0.0190963579312194
6024,-0.0207955106260055
6025,-0.0196032277292868
6026,-0.0174937840071117
6027,-0.0161105315849883
6028,-0.0153065577506955
6029,-0.0139922475235881
6030,-0.0117092649198191
6031,-0.00898472856795139
6032,-0.00656805613187877
6033,-0.00480770381960732
6034,-0.00361362764287875
6035,-0.00263403534523505
6036,-0.00154891553211818
6037,-0.000500784882863482
6038,-7.09115947059647E-05
6039,-0.000365836552377119
6040,-0.000216850527750279
6041,0.00200370946955453
6042,0.00639813128272608
6043,0.0108432527223264
6044,0.0128448154857794
6045,0.0119707322151106
6046,0.0100171059943693
6047,0.00886492421594374
6048,0.00867812217377306
6049,0.00826249960346323
6050,0.00664703497243458
6051,0.00396610140846623
6052,0.00110441128775967
6053,-0.00111862615214339
6054,-0.00251092953838728
6055,-0.00354207602134588
6056,-0.00476014507009718
6057,-0.00602854233016003
6058,-0.00661819935486408
6059,-0.00643006137594853
6060,-0.00684505888793472
6061,-0.0095909307011133
6062,-0.014522862421116
6063,-0.019145847330532
6064,-0.0208986397476869
6065,-0.0196498980711685
6066,-0.0174544393504672
6067,-0.0160659197388169
6068,-0.0153399389741756
6069,-0.0140973465380902
6070,-0.0118256462984488
6071,-0.00908780895729915
6072,-0.00667987560180822
6073,-0.00493107508036305
6074,-0.00370482175283008
6075,-0.00265715473824827
6076,-0.00152651087147078
6077,-0.000484967414051323
6078,-8.05330263223468E-05
6079,-0.000376956119304319
6080,-0.000208909034281086
6081,0.00201582330367075
6082,0.00638109294173173
6083,0.0107822443377229
6084,0.0127630814371908
6085,0.0119197934158251
6086,0.0100333099562112
6087,0.0089179855800563
6088,0.00868438874536656
6089,0.00819163852843635
6090,0.00661358748902405
6091,0.00415023826379931
6092,0.00154414015763768
6093,-0.000612027156467592
6094,-0.00217003769658677
6095,-0.00339863143283313
6096,-0.0046514266132904
6097,-0.00584011615871402
6098,-0.00642747607579928
6099,-0.00636436507469288
6100,-0.00687935901244685
6101,-0.00958293886425515
6102,-0.014422355885168
6103,-0.0190662421618625
6104,-0.0209593003571483
6105,-0.0198286480467861
6106,-0.017637222051877
6107,-0.0161742692225811
6108,-0.015347685016346
6109,-0.0139795925952721
6110,-0.0115865795587185
6111,-0.00882223561533028
6112,-0.00650519695252918
6113,-0.0048342755367363
6114,-0.00354463451383771
6115,-0.00236276869039578
6116,-0.00120938723871634
6117,-0.0002747606277832
6118,7.83775524639286E-05
6119,-0.000117047569205115
6120,0.000128769702235011
6121,0.00220378445458284
6122,0.00629456191946936
6123,0.0106064789778095
6124,0.0127668187225155
6125,0.0120917359682843
6126,0.0101092287035032
6127,0.00877929667353139
6128,0.00856122178524933
6129,0.00837141654729183
6130,0.00705304744362422
6131,0.0045220978814699
6132,0.00163729110144741
6133,-0.000676577074850956
6134,-0.0021451697736045
6135,-0.00320936166241218
6136,-0.00441837797291015
6137,-0.00569170306085196
6138,-0.00638382695703357
6139,-0.00636454144584344
6140,-0.00682528454494299
6141,-0.00937282473670991
6142,-0.0140432257748306
6143,-0.018669687118683
6144,-0.0207478007759409
6145,-0.0198220035125721
6146,-0.0176380143484059
6147,-0.0160319599254431
6148,-0.015177449718062
6149,-0.0140092012997258
6150,-0.011832819345439
6151,-0.00906530135161941
6152,-0.00660151548694778
6153,-0.00490433286316157
6154,-0.00375764508441522
6155,-0.00264652028599604
6156,-0.00132679112325414
6157,-0.000159900909026185
6158,0.000214717388321696
6159,-0.00017545150454885
6160,-8.97519286697393E-05
6161,0.00201581488128009
6162,0.00621855705283316
6163,0.0105604312592666
6164,0.0126870128062781
6165,0.0120458721810785
6166,0.0101905427095967
6167,0.00896862539863054
6168,0.00875525183243256
6169,0.00850613374492577
6170,0.0071427207211448
6171,0.00459569681297187
6172,0.00169558553835288
6173,-0.000640520616431339
6174,-0.00213308371670155
6175,-0.00324097406310013
6176,-0.00451969581694047
6177,-0.00582359974906456
6178,-0.00641651156512822
6179,-0.00618741493491383
6180,-0.0064945750183839
6181,-0.00909783674764387
6182,-0.0139817194703419
6183,-0.0187548738777766
6184,-0.0207649617392642
6185,-0.019657788474121
6186,-0.0174023335669347
6187,-0.0159075535201781
6188,-0.0151980381834476
6189,-0.0140510361996059
6190,-0.0118081522596607
6191,-0.00903969327250654
6192,-0.0066847164089989
6193,-0.00508990052315452
6194,-0.00393963819052991
6195,-0.00276612635204478
6196,-0.00142451854380121
6197,-0.000277931097332475
6198,0.000105240520261868
6199,-0.000238816605695463
6200,-0.000138856419767073
6201,0.00192489555558561
6202,0.00610848736650111
6203,0.0105308685673981
6204,0.0128005289723454
6205,0.0122483276023916
6206,0.0103511320059674
6207,0.00897712875463553
6208,0.00858933575499251
6209,0.00824634334233551
6210,0.00692682607155946
6211,0.00451322448909068
6212,0.00169860777967306
6213,-0.000690907769597321
6214,-0.00230406412900302
6215,-0.00343939404025642
6216,-0.00460504212005912
6217,-0.00578821230026342
6218,-0.00639778480273241
6219,-0.00629160914716174
6220,-0.00665548884655809
6221,-0.00914382710152284
6222,-0.0138283984715819
6223,-0.0185093216260293
6224,-0.0206375330186767
6225,-0.0197689812668376
6226,-0.0176608938657079
6227,-0.0160826229124545
6228,-0.0151414928408582
6229,-0.0138557927753792
6230,-0.0117118520024725
6231,-0.00915673996429873
6232,-0.00687888095357456
6233,-0.00515331785007694
6234,-0.00385206161574448
6235,-0.00269308777840487
6236,-0.00146437712175707
6237,-0.000318752506775662
6238,0.000212115503019425
6239,-4.5024258327442E-05
6240,-9.50082582147904E-05
6241,0.00168316224924621
6242,0.00570079616478681
6243,0.0101798839037441
6244,0.0126028833365861
6245,0.0121583048235253
6246,0.0103341125184297
6247,0.00907451403788323
6248,0.0088200462706007
6249,0.00853276555319998
6250,0.00717864272514532
6251,0.00474333944358715
6252,0.00199322688711564
6253,-0.000307476071661136
6254,-0.00191697217155506
6255,-0.00314931577284669
6256,-0.00443322670389321
6257,-0.00569025863564451
6258,-0.00632207677888895
6259,-0.00619327195505595
6260,-0.00650122759088893
6261,-0.00896250655096089
6262,-0.0137305785247551
6263,-0.0185783036995496
6264,-0.0207934650046814
6265,-0.0198208419124086
6266,-0.0175385580025031
6267,-0.0159562358839532
6268,-0.0152359382678022
6269,-0.0141738017625559
6270,-0.0120185945033752
6271,-0.00923576808114702
6272,-0.00672402541130054
6273,-0.00489431956358542
6274,-0.00359012249337038
6275,-0.00248054349368755
6276,-0.00137219432871348
6277,-0.000400002646068022
6278,2.93213610029863E-05
6279,-0.000165580469226399
6280,-8.12102554027756E-05
6281,0.00173348544415529
6282,0.00567929404935615
6283,0.0101398030178436
6284,0.0126838155038351
6285,0.0123692779501673
6286,0.010516944286645
6287,0.00910624754634145
6288,0.00876337127238996
6289,0.00852427652175296
6290,0.00722775367337161
6291,0.00472763854622896
6292,0.00183744619436516
6293,-0.000532500361562142
6294,-0.002095198838626
6295,-0.00325435290207858
6296,-0.00452139541748228
6297,-0.00580185531790579
6298,-0.00644259506814187
6299,-0.0062916271085967
6300,-0.00655129760368515
6301,-0.00893082835941535
6302,-0.0136040676728263
6303,-0.0184302559727447
6304,-0.0207734984470574
6305,-0.0200281347652017
6306,-0.0179146839482748
6307,-0.0163399599217238
6308,-0.015520215800972
6309,-0.014377303794653
6310,-0.012213123202008
6311,-0.00946081940437447
6312,-0.00699796789212785
6313,-0.00525168730288339
6314,-0.00403115011343377
6315,-0.00288827726405061
6316,-0.00156159451690554
6317,-0.000303634745657092
6318,0.000258052478032061
6319,-3.82783977399033E-05
6320,-0.000135109219279056
6321,0.00160924351824113
6322,0.00558329227888573
6323,0.00999708027763978
6324,0.0123499428874504
6325,0.0118503767624081
6326,0.00999423100449174
6327,0.00873260325168241
6328,0.00852277856364579
6329,0.00834119249847416
6330,0.00713693663846716
6331,0.00483142622769508
6332,0.00211159189332082
6333,-0.000276487073708989
6334,-0.00200755846714573
6335,-0.00328422326597034
6336,-0.00452663895469153
6337,-0.00577166752323502
6338,-0.00651465542404627
6339,-0.0065496049526837
6340,-0.00689461520938639
6341,-0.00918584775700414
6342,-0.0137098020714423
6343,-0.018468611769783
6344,-0.0208588483858631
6345,-0.0202231899430259
6346,-0.0182240638728074
6347,-0.0167088145781236
6348,-0.0158340390232811
6349,-0.0145347700724315
6350,-0.0122332352049071
6351,-0.00947060993807078
6352,-0.00707777108631095
6353,-0.00534169823313608
6354,-0.00404837167199972
6355,-0.00289491169213627
6356,-0.00171783046337897
6357,-0.000636613396006718
6358,-5.60286940267093E-05
6359,-0.000127187830609978
6360,-3.26209454129826E-05
6361,0.0016820175391268
6362,0.00551640318763979
6363,0.00994376573539116
6364,0.0125338065623722
6365,0.0122808999708468
6366,0.0104400775844891
6367,0.00895546669269123
6368,0.00847141128320683
6369,0.00812040751901834
6370,0.00686214950236048
6371,0.00455511942194863
6372,0.00184482385322519
6373,-0.00053470018353912
6374,-0.00226131252560636
6375,-0.00352477916093221
6376,-0.00471973256148057
6377,-0.00588121194258528
6378,-0.00653096430715828
6379,-0.00646652533255103
6380,-0.00667574196401762
6381,-0.0088107210967621
6382,-0.0132638895200429
6383,-0.0181183325084502
6384,-0.0206773500113467
6385,-0.0200770899583294
6386,-0.0179116666425927
6387,-0.0162184259352012
6388,-0.0153961947110189
6389,-0.0143824676024719
6390,-0.0123573508817881
6391,-0.00966010501483737
6392,-0.0071655774074225
6393,-0.00533833147216742
6394,-0.00403737717294431
6395,-0.00288220508082132
6396,-0.00164426076685883
6397,-0.000505871056847505
6398,1.89501089866322E-05
6399,-0.000228817707822931
6400,-0.000317843705828648
6401,0.0013306582820455
6402,0.00524829222372207
6403,0.00984167350523163
6404,0.0125793614972354
6405,0.0123967244082113
6406,0.0105808627786118
6407,0.00917030709848262
6408,0.00885829926988997
6409,0.00869154325807922
6410,0.0074723864334716
6411,0.00501295385204889
6412,0.00210556834977457
6413,-0.000331537515910173
6414,-0.00197573553461392
6415,-0.00319252468488325
6416,-0.00448924088816586
6417,-0.00579884912960422
6418,-0.00647612831740006
6419,-0.0063278677370479
6420,-0.00651147507225196
6421,-0.00875848358031365
6422,-0.0133357676527723
6423,-0.0181905734842277
6424,-0.0206928054552345
6425,-0.0201462976783386
6426,-0.0181375052269815
6427,-0.0164924308589198
6428,-0.0154893070941054
6429,-0.0142336906249274
6430,-0.0121560218952023
6431,-0.00958937836660955
6432,-0.00715909413750187
6433,-0.00519601193368058
6434,-0.00373960996544647
6435,-0.00265336755625844
6436,-0.001665692259721
6437,-0.000672398990661009
6438,-3.2525068236882E-05
6439,-6.76162728873878E-05
6440,-8.68153621045372E-05
6441,0.00147669248467472
6442,0.00533048085912634
6443,0.00996505494171566
6444,0.0127433512948048
6445,0.0124974258208144
6446,0.0105718343759344
6447,0.00912525954267632
6448,0.00886148389224191
6449,0.00874780379332759
6450,0.00755872092218197
6451,0.0051496121733212
6452,0.00231674141059294
6453,-8.10073674833882E-05
6454,-0.00173214994310342
6455,-0.00292956219247814
6456,-0.00415613562683268
6457,-0.00545075254075794
6458,-0.00625605841602314
6459,-0.00627065526582611
6460,-0.00644907712850317
6461,-0.00851408984595691
6462,-0.0129778932451506
6463,-0.0179852210096611
6464,-0.0207829729027296
6465,-0.0203750780846946
6466,-0.0182519439132489
6467,-0.0164560088934464
6468,-0.0154921502708542
6469,-0.014411590981995
6470,-0.0124134603704771
6471,-0.0097520734453806
6472,-0.00721555559448149
6473,-0.00528535124937391
6474,-0.00392131885471724
6475,-0.00279904311784276
6476,-0.00162011798994226
6477,-0.000448193766004104
6478,0.000216799090436782
6479,7.76747617724888E-05
6480,-9.23157339406439E-05
6481,0.00129626555684606
6482,0.0049909842314338
6483,0.00962731233316685
6484,0.0126616547250859
6485,0.0127460881307499
6486,0.0108908400183306
6487,0.00917475584956207
6488,0.00861965275021465
6489,0.00852053363464205
6490,0.0075676644088186
6491,0.00525629841527851
6492,0.00224916146262076
6493,-0.000346407181064355
6494,-0.00197517055435079
6495,-0.00302715790025724
6496,-0.00423448545626613
6497,-0.00565238447729722
6498,-0.00651042003314051
6499,-0.00640653665157459
6500,-0.00644038395175859
6501,-0.00847784936200955
6502,-0.0129658608688113
6503,-0.0179216800024783
6504,-0.0206341863484699
6505,-0.0202590087211348
6506,-0.0183025609955147
6507,-0.0166416543153125
6508,-0.0156481523419096
6509,-0.014426678508099
6510,-0.0123204985457909
6511,-0.00965274644409209
6512,-0.00718496369539028
6513,-0.00535277276469446
6514,-0.00407374992755791
6515,-0.00297075102355008
6516,-0.00173276384987865
6517,-0.000506769940656156
6518,0.000109411004667756
6519,-0.000135166087555219
6520,-0.000290658105636259
6521,0.00129292808559145
6522,0.00514141161805983
6523,0.00960126057866802
6524,0.0121747009611519
6525,0.0119489919513273
6526,0.0102962398784419
6527,0.00913253191696035
6528,0.00895358977664735
6529,0.00878709911637355
6530,0.00761169718962217
6531,0.00534219235977473
6532,0.00261238115727134
6533,0.000104829537812625
6534,-0.00183567803250482
6535,-0.00327921195569972
6536,-0.00452239826351016
6537,-0.00563227219279444
6538,-0.00623829103227826
6539,-0.0061702575367525
6540,-0.00633349173309604
6541,-0.00832428329377671
6542,-0.0126389481759354
6543,-0.0175431722823393
6544,-0.0203807380127713
6545,-0.0201095818346738
6546,-0.0181110898046622
6547,-0.0163981975236905
6548,-0.0155212920607562
6549,-0.0145344569148184
6550,-0.0125730960076522
6551,-0.00987192163998981
6552,-0.00729975668176845
6553,-0.00541306367348638
6554,-0.00412822926708397
6555,-0.00301567835120467
6556,-0.00176065972718401
6557,-0.00052491672293656
6558,0.00011370485600364
6559,-9.49119344456659E-05
6560,-0.00027244096511557
6561,0.00118706363616515
6562,0.00492555242584061
6563,0.00948295116850647
6564,0.0123771190754501
6565,0.0124491080723915
6566,0.0108104640826452
6567,0.00938596666645277
6568,0.00891216496285717
6569,0.00860157450097557
6570,0.0074037947717231
6571,0.0051273158675306
6572,0.00240601458534986
6573,2.49425536384071E-08
6574,-0.00175439460025382
6575,-0.00305833372611922
6576,-0.00432096180937589
6577,-0.00558112980021953
6578,-0.00634003393505372
6579,-0.00632641680047679
6580,-0.00643954228352493
6581,-0.00833976669520009
6582,-0.0125985101648137
6583,-0.0175166827730153
6584,-0.0204074508571824
6585,-0.0201562685898164
6586,-0.018098428661082
6587,-0.0162741755270566
6588,-0.0153073224825286
6589,-0.014307948195066
6590,-0.012420097562348
6591,-0.00984686457917707
6592,-0.00739119144687445
6593,-0.00553157876336344
6594,-0.00415947516918787
6595,-0.00291994114770681
6596,-0.00160592508680392
6597,-0.000395266304967782
6598,0.000218334425862031
6599,3.22536851567348E-05
6600,-0.000143028292703358
6601,0.00123225687135013
6602,0.00487753068637355
6603,0.00947643947813685
6604,0.0125383407475331
6605,0.0127105391150754
6606,0.0109645870650184
6607,0.00933764889019509
6608,0.00880680120087299
6609,0.00866196875916034
6610,0.00768149811102755
6611,0.00546148563658368
6612,0.00260665865622679
6613,2.67243495410109E-05
6614,-0.00178895779095547
6615,-0.00302050570432958
6616,-0.00417932087435319
6617,-0.00542239793614158
6618,-0.00627290774835911
6619,-0.00635952136183008
6620,-0.00645764808820771
6621,-0.00822034623218689
6622,-0.0123519088083123
6623,-0.0172903588101713
6624,-0.0203484283263055
6625,-0.0202905099293435
6626,-0.0183464179388764
6627,-0.01654949474715
6628,-0.0155722070025269
6629,-0.0145506133777582
6630,-0.0126139334368889
6631,-0.00994843171508738
6632,-0.0073801670882642
6633,-0.00545707007382829
6634,-0.00413888290557332
6635,-0.00305560488854411
6636,-0.00187998099953068
6637,-0.000671874162545545
6638,4.76814763965324E-05
6639,-7.91019298806988E-05
6640,-0.000332870095070528
6641,0.000923689335362527
6642,0.00456985000795694
6643,0.00929361157303442
6644,0.0124474746171243
6645,0.0125789786404157
6646,0.0107499211451356
6647,0.00913756758043121
6648,0.00870514841380451
6649,0.00860339394313097
6650,0.00755948477419679
6651,0.00528994953458346
6652,0.00252257256047574
6653,0.000114336639169137
6654,-0.00161213038253931
6655,-0.00290687748815882
6656,-0.00418185326125078
6657,-0.00546704094495486
6658,-0.00627825206093043
6659,-0.0063279942564734
6660,-0.00644152494955313
6661,-0.00824875575555995
6662,-0.012425805925053
6663,-0.0174185323596864
6664,-0.0205374935915603
6665,-0.0204984641819142
6666,-0.0184902302566633
6667,-0.0165836880766304
6668,-0.0155403317309725
6669,-0.0145344148048112
6670,-0.0126429875325097
6671,-0.009987661790191
6672,-0.00740467595830231
6673,-0.00550395181510357
6674,-0.00425738847240634
6675,-0.00321960412688669
6676,-0.00198288651208713
6677,-0.000627099772791111
6678,0.00020967055863385
6679,6.53730230937601E-05
6680,-0.000340126555471155
6681,0.000718054122758136
6682,0.00421008152407474
6683,0.00886763942124966
6684,0.0120474074250675
6685,0.0122758540079838
6686,0.0105662727447998
6687,0.00904177466656036
6688,0.00865828908862524
6689,0.00861783946733182
6690,0.00768369526415103
6691,0.00552035921274939
6692,0.00275931128549257
6693,0.000238948824992883
6694,-0.0016195596192606
6695,-0.00295756893587662
6696,-0.00418785050177466
6697,-0.00543234160019539
6698,-0.00626690121739326
6699,-0.00636269065944188
6700,-0.00645913590220594
6701,-0.00815741593841568
6702,-0.0121980872459251
6703,-0.0171316411365692
6704,-0.0203256648705166
6705,-0.0204550744352315
6706,-0.0186009927765641
6707,-0.016751694896807
6708,-0.0156776578725315
6709,-0.0146289317707957
6710,-0.0127406656905341
6711,-0.0101245551286293
6712,-0.00756014533862251
6713,-0.0056076409377432
6714,-0.00424018650347285
6715,-0.00307986972346916
6716,-0.00181174883052259
6717,-0.000533642408768087
6718,0.000229452834362596
6719,0.000155004884980249
6720,-6.10764745591155E-05
6721,0.00109700573975559
6722,0.00444186590666005
6723,0.00882213707803672
6724,0.0118803316577056
6725,0.0122612859893738
6726,0.0107850471415085
6727,0.00930892048344124
6728,0.00876624067242248
6729,0.00857735419084319
6730,0.00767127006508333
6731,0.00562872745099643
6732,0.00288104973494117
6733,0.000221781229218166
6734,-0.00175710309276155
6735,-0.00303201792727468
6736,-0.00407639443006866
6737,-0.00523244401689895
6738,-0.00617637073260249
6739,-0.00642375218056338
6740,-0.00649986459669379
6741,-0.00801512278279864
6742,-0.0119296426081418
6743,-0.0169275638885219
6744,-0.020249659485616
6745,-0.0203690964882561
6746,-0.0183673325649538
6747,-0.0164214910854547
6748,-0.0154205032019974
6749,-0.0145292768416091
6750,-0.0127333251156627
6751,-0.0101073917128845
6752,-0.00750794880008301
6753,-0.00558403129610419
6754,-0.00435049617447486
6755,-0.00339889507939279
6756,-0.00229324991205296
6757,-0.000994946181962171
6758,-4.73362084342117E-05
6759,1.23231053876057E-05
6760,-0.000298779730983906
6761,0.000644083664634602
6762,0.00395222301128972
6763,0.0085925322932375
6764,0.0119833086597304
6765,0.0124713851590307
6766,0.0108477381896657
6767,0.00919218169758937
6768,0.00860488172148728
6769,0.00844737344056895
6770,0.00751527567358183
6771,0.00539616492272244
6772,0.00265047340187522
6773,0.000121706230868783
6774,-0.00172456000726443
6775,-0.00302394279863091
6776,-0.0042356647181195
6777,-0.00551142390350234
6778,-0.0063800569275244
6779,-0.00642414077570398
6780,-0.00635305463534973
6781,-0.00784508284642202
6782,-0.0117641559115745
6783,-0.0167258415968807
6784,-0.0200582445465818
6785,-0.0203346152236543
6786,-0.0185523934401402
6787,-0.0166952226331046
6788,-0.0156123072492585
6789,-0.0146463520527917
6790,-0.0129328412250177
6791,-0.010460715840954
6792,-0.00788336109532652
6793,-0.00579377020945432
6794,-0.0043474169096344
6795,-0.00328489209312278
6796,-0.00218680762656215
6797,-0.000953322995996717
6798,-8.87211322831986E-05
6799,-0.000109644941884705
6800,-0.000455329011613224
6801,0.000533184712530991
6802,0.00393513427576831
6803,0.00864785907238082
6804,0.0120671564373565
6805,0.0125760645868853
6806,0.010980679793991
6807,0.00930991947438092
6808,0.00862048833134935
6809,0.0083370165805181
6810,0.00739264768179839
6811,0.00542919383257286
6812,0.00288634003311301
6813,0.000425394142382705
6814,-0.00152782653403145
6815,-0.00296864474574527
6816,-0.00422197404227556
6817,-0.00547636345035577
6818,-0.00638808225391283
6819,-0.00655521617275128
6820,-0.00656969199701913
6821,-0.00804872154416837
6822,-0.0119518360609007
6823,-0.0169936161809604
6824,-0.0204369187408377
6825,-0.0207187812044784
6826,-0.0188436435739869
6827,-0.0169354160506991
6828,-0.0158885395406325
6829,-0.0149161188064793
6830,-0.0130593634219128
6831,-0.0104205046737466
6832,-0.0078212679785
6833,-0.00582634331455691
6834,-0.00440867377605327
6835,-0.0032461341476294
6836,-0.00205714576347796
6837,-0.000849006258801373
6838,-3.19941387033929E-05
6839,1.45109172918647E-05
6840,-0.000197720217497314
6841,0.000819007526418085
6842,0.00410721945001669
6843,0.00871403655518558
6844,0.0121470908409842
6845,0.0127112946189706
6846,0.0110834598822836
6847,0.00931642415122168
6848,0.0086104896608698
6849,0.00844546881932027
6850,0.00763997091317193
6851,0.00569095612462163
6852,0.00302393821307846
6853,0.000416023367993622
6854,-0.00158592221643892
6855,-0.00295089214549948
6856,-0.00407571503435944
6857,-0.00525110615304854
6858,-0.00618479632846062
6859,-0.00644092008316324
6860,-0.00653031772448107
6861,-0.00801503407992506
6862,-0.0118648291088133
6863,-0.0168497552524948
6864,-0.0202847706153238
6865,-0.0206145510273638
6866,-0.0187991542698128
6867,-0.0169114973251299
6868,-0.0158560655939892
6869,-0.0149152299692465
6870,-0.0131578946654333
6871,-0.0106057403425733
6872,-0.00799102519700734
6873,-0.0059316751386458
6874,-0.00455112583946349
6875,-0.00354407891115306
6876,-0.002431742922354
6877,-0.00105985406918296
6878,1.93649223271787E-05
6879,0.000103457100352107
6880,-0.000400101006665088
6881,0.000260582596564875
6882,0.00345151625737394
6883,0.00824197183967027
6884,0.0118963033476039
6885,0.0125360426716373
6886,0.0108839657843624
6887,0.00912931234565137
6888,0.008515495575884
6889,0.00846930568638863
6890,0.00775349763321681
6891,0.00583705212517791
6892,0.00312813963227857
6893,0.000415792681851765
6894,-0.00168827760963664
6895,-0.0030881384967944
6896,-0.00419074865019432
6897,-0.00535179455623425
6898,-0.0062987099242509
6899,-0.00653383502059871
6900,-0.00651248999326953
6901,-0.00784279088748117
6902,-0.0116141693625118
6903,-0.0166669264717269
6904,-0.0202620312245804
6905,-0.0207203282707353
6906,-0.0189276207035185
6907,-0.0169899271493767
6908,-0.0158979033529052
6909,-0.014977513720768
6910,-0.0132667111414326
6911,-0.0107295057457434
6912,-0.00806541576656335
6913,-0.00588937373251549
6914,-0.00434646129468886
6915,-0.00319716915745579
6916,-0.00206017520353707
6917,-0.000816215512521721
6918,9.03972378346769E-05
6919,0.000125328819998966
6920,-0.000274162869109475
6921,0.000473085817150961
6922,0.00355734974427954
6923,0.00809900009787428
6924,0.0116087834629517
6925,0.0123831543277473
6926,0.0110694379479394
6927,0.00962588610243008
6928,0.00912254794948684
6929,0.00897050187124451
6930,0.00803740257950159
6931,0.00594749983702967
6932,0.00323798486406176
6933,0.000703180590696234
6934,-0.00119476973603876
6935,-0.00253506556933795
6936,-0.00374470634255043
6937,-0.00503660590581506
6938,-0.00601489171343279
6939,-0.00621124639422578
6940,-0.00618616238476829
6941,-0.00758079712652069
6942,-0.0114334725967219
6943,-0.0165463819774793
6944,-0.0201918457736723
6945,-0.0206983846726948
6946,-0.018932676587548
6947,-0.0169967437034789
6948,-0.0159047152789922
6949,-0.0149874800557644
6950,-0.0132601952508753
6951,-0.0106965279329894
6952,-0.00805829703913454
6953,-0.0059938306979041
6954,-0.0045864878336487
6955,-0.00350160448217825
6956,-0.00233525138367651
6957,-0.00101901778593549
6958,-3.84502741565403E-05
6959,6.97662050762295E-05
6960,-0.000264784478612048
6961,0.000516063819500715
6962,0.00361270180194986
6963,0.00818781113681968
6964,0.0117474545897701
6965,0.012509186855795
6966,0.0110655901115712
6967,0.00943971406607154
6968,0.00883392806738749
6969,0.00872424675188847
6970,0.00792729076232085
6971,0.00596815633215394
6972,0.00330848269357831
6973,0.000713653912099418
6974,-0.00132331337093334
6975,-0.00279095299810632
6976,-0.00403351051280632
6977,-0.00527988551710947
6978,-0.00622709290725352
6979,-0.00644038234504219
6980,-0.00639310562046104
6981,-0.00764167693102034
6982,-0.0112864007448527
6983,-0.0162905197613126
6984,-0.0200024427080039
6985,-0.0206672753453957
6986,-0.0190238171256417
6987,-0.0171290343866116
6988,-0.0160282666445187
6989,-0.0150884997034879
6990,-0.0133467115636549
6991,-0.0107955029585299
6992,-0.00818909096420063
6993,-0.00612814430543981
6994,-0.00466653548329417
6995,-0.00351157038653225
6996,-0.00231301052715098
6997,-0.000973342936863512
6998,9.20021346326127E-05
6999,0.000316769046942334
7000,8.70051442175589E-07
7001,0.000668265016551578
7002,0.00368658155462008
7003,0.00838885432914353
7004,0.0121905513278908
7005,0.0130302386716649
7006,0.0113949211300847
7007,0.00953176913897872
7008,0.00890494378444138
7009,0.00893930983827141
7010,0.00817110907702942
7011,0.00601798174491401
7012,0.00316002834547693
7013,0.000605268990038214
7014,-0.00120755112304792
7015,-0.00252227840888634
7016,-0.00380368180522455
7017,-0.00517183168411531
7018,-0.00620369270936218
7019,-0.00648270687600757
7020,-0.00651525052217102
7021,-0.00777659982521265
7022,-0.0112940052844372
7023,-0.0161414834433025
7024,-0.0198567391919247
7025,-0.0206751050918337
7026,-0.0191032454998329
7027,-0.0170554495848226
7028,-0.0157317030743066
7029,-0.0147434828957309
7030,-0.013129236017208
7031,-0.0106554060770728
7032,-0.00794664835609654
7033,-0.0057307653004596
7034,-0.00424543656122244
7035,-0.00320858053987905
7036,-0.00216602783243481
7037,-0.000989416314009896
7038,-0.00013158800886832
7039,-0.000113248958325442
7040,-0.000513875773621024
7041,0.000198048589186302
7042,0.00323934671537156
7043,0.007857530884942
7044,0.0116116814076014
7045,0.0126226313575255
7046,0.0112926021279345
7047,0.00956362808265881
7048,0.00876344235188011
7049,0.00855339993824614
7050,0.00779344541394523
7051,0.0059075081993919
7052,0.00327824391202547
7053,0.000703346055188506
7054,-0.00127085694927138
7055,-0.00266295028421685
7056,-0.00389121768299641
7057,-0.00519312434260018
7058,-0.0061968360027483
7059,-0.00641318089909755
7060,-0.0063328466893761
7061,-0.00756167037526449
7062,-0.0112240748093038
7063,-0.0162743559036844
7064,-0.0200270866894262
7065,-0.020668769811631
7066,-0.0188955212868016
7067,-0.0168225302766877
7068,-0.0156577806422755
7069,-0.0148791677528694
7070,-0.0134220017286573
7071,-0.0110345740387186
7072,-0.0083467810941448
7073,-0.00609182363450118
7074,-0.00454265504555301
7075,-0.00345684311384385
7076,-0.00235644056447529
7077,-0.00105453582944006
7078,-3.11419353607019E-05
7079,6.27954943019467E-05
7080,-0.000419079973778131
7081,0.000180320822212265
7082,0.00326670968305873
7083,0.00809140347820429
7084,0.0120069304160016
7085,0.0129737501955714
7086,0.0114828604912284
7087,0.00969556684033302
7088,0.00901275801215157
7089,0.00895405155323259
7090,0.00822411036836836
7091,0.00625697096259603
7092,0.00355092459081042
7093,0.000957688310383188
7094,-0.00102092196552829
7095,-0.00244436757741207
7096,-0.00371164158557367
7097,-0.00503381173476897
7098,-0.00604893071274202
7099,-0.00627309944216125
7100,-0.00616411519202798
7101,-0.00731349553761148
7102,-0.0109085255866412
7103,-0.015987602342705
7104,-0.0198629309963946
7105,-0.0206343694266482
7106,-0.0189386757650028
7107,-0.0169122300794798
7108,-0.0157896159411798
7109,-0.0150170900868782
7110,-0.0135002062904406
7111,-0.011037300149666
7112,-0.00833429823064582
7113,-0.0061099224108702
7114,-0.00454545958502953
7115,-0.00336963177502213
7116,-0.00219021350551335
7117,-0.000891155610387396
7118,0.000105062746554552
7119,0.000245064629710355
7120,-0.000150700180026273
7121,0.000419920683618786
7122,0.00328543905690505
7123,0.00782179668736625
7124,0.0115874147385502
7125,0.0126170162557176
7126,0.0112932329251547
7127,0.00963067768172504
7128,0.00899879080483671
7129,0.00899933455618367
7130,0.00839936460038444
7131,0.00656679331475903
7132,0.00385404208296401
7133,0.00106399959784054
7134,-0.00114714339801272
7135,-0.00261510071631878
7136,-0.00370598716698327
7137,-0.00484895358638464
7138,-0.00588816576102533
7139,-0.00626571180804029
7140,-0.00618755679513533
7141,-0.00717293374959945
7142,-0.0106358441987925
7143,-0.0158391514725495
7144,-0.0200104187852555
7145,-0.0209690393718697
7146,-0.0192343320237433
7147,-0.0170868017358238
7148,-0.015911146665562
7149,-0.0151143814513779
7150,-0.0135032816320403
7151,-0.0109187731699253
7152,-0.00819742816119341
7153,-0.00608190267097547
7154,-0.00465437163618009
7155,-0.00357870727685185
7156,-0.00247924719997035
7157,-0.00121734256162108
7158,-0.000125306776172948
7159,0.000237344249770719
7160,1.02822415415498E-05
7161,0.000548769930941102
7162,0.00329692961799745
7163,0.00788229174588218
7164,0.0118936499731426
7165,0.0130919507889208
7166,0.0116276872698856
7167,0.00964035983019716
7168,0.0088253222023014
7169,0.00889722686085756
7170,0.00841262652114091
7171,0.00652947495782795
7172,0.0036790953165666
7173,0.000894256935039699
7174,-0.00112945387675272
7175,-0.00243687767296712
7176,-0.00356803171384824
7177,-0.00487791695600934
7178,-0.00601953647792799
7179,-0.00637336929427496
7180,-0.00622881022492317
7181,-0.00715711962571236
7182,-0.0105319435839586
7183,-0.0156138538909196
7184,-0.0197347952732048
7185,-0.0207863068490256
7186,-0.0191937616982913
7187,-0.0170843031748669
7188,-0.0158413647354053
7189,-0.0150183931023792
7190,-0.0134889764778924
7191,-0.0109655265274059
7192,-0.0081401728535953
7193,-0.00581726342589739
7194,-0.00428957670907795
7195,-0.00331877214825876
7196,-0.002404893372399
7197,-0.00123937913170864
7198,-0.000146763068104817
7199,0.000185879741790882
7200,-0.000176746900527877
7201,0.000185882369921284
7202,0.00283045992261829
7203,0.00742966792071399
7204,0.0115476603638599
7205,0.0129054700115206
7206,0.0116064978614972
7207,0.00971424698185765
7208,0.00885744375354505
7209,0.00877762871497863
7210,0.0081672087292918
7211,0.00631614137053179
7212,0.00364541644415467
7213,0.0010289587675268
7214,-0.000991068348883537
7215,-0.00244378296294612
7216,-0.00369260311820586
7217,-0.00494503091332173
7218,-0.0059099480152051
7219,-0.0061761299574289
7220,-0.0061515787751492
7221,-0.00728071860044425
7222,-0.0107007611961484
7223,-0.0156086205746776
7224,-0.0195269884314103
7225,-0.0205633877110343
7226,-0.019131321030682
7227,-0.0171563577266278
7228,-0.0158943159222474
7229,-0.0149888453684436
7230,-0.0134823315621875
7231,-0.0111216373557959
7232,-0.0084762982461863
7233,-0.00622470453121188
7234,-0.0046479127011102
7235,-0.00358158956453872
7236,-0.00259284762990369
7237,-0.00138665153333387
7238,-0.000264312034982206
7239,0.000104485364631878
7240,-0.000230693645828325
7241,0.000123198196008619
7242,0.0027386548737414
7243,0.00736283648987924
7244,0.0116140338643082
7245,0.0131542402462435
7246,0.0119471945505436
7247,0.00998958927064505
7248,0.00900558231740661
7249,0.00889473708510677
7250,0.00839109199166224
7251,0.00666697729248087
7252,0.00400563976341484
7253,0.00127542410846044
7254,-0.000858992907515853
7255,-0.00232221543134943
7256,-0.00350934620696397
7257,-0.00475149872572353
7258,-0.00580946829941569
7259,-0.00616382341630035
7260,-0.00607403674636434
7261,-0.0070049033301635
7262,-0.0103097087114206
7263,-0.0153602798037817
7264,-0.0195832197000519
7265,-0.0208047303130409
7266,-0.0192956710334692
7267,-0.0171380550123094
7268,-0.0158341672694627
7269,-0.0150602760537742
7270,-0.0136671103817836
7271,-0.0112565746757619
7272,-0.00847671649181456
7273,-0.00616882659549807
7274,-0.00462202343189873
7275,-0.00351862545067751
7276,-0.00233774196773761
7277,-0.000907002167460559
7278,0.000271255917461205
7279,0.000485452555512975
7280,-5.89783832573334E-05
7281,0.000187083789484878
7282,0.00277921161240715
7283,0.00733417428953175
7284,0.0114203428483444
7285,0.0128051225136151
7286,0.0115913325886857
7287,0.00979134173201737
7288,0.00900558708118085
7289,0.00898694804815307
7290,0.00842535910062164
7291,0.00658294115844978
7292,0.00388456941535674
7293,0.00125140980064439
7294,-0.000758678386279055
7295,-0.00223297626998177
7296,-0.00359136869374568
7297,-0.0050041732930834
7298,-0.00607653068581342
7299,-0.00633194162883128
7300,-0.0061972846373052
7301,-0.00718230765565408
7302,-0.0105025407173948
7303,-0.0154344330499974
7304,-0.0195276077573553
7305,-0.0207967991476454
7306,-0.0194889857451475
7307,-0.0174525572301611
7308,-0.0160437466758808
7309,-0.0150660490733423
7310,-0.0136009039150535
7311,-0.0113031991557641
7312,-0.00866687948368233
7313,-0.00638819026730503
7314,-0.00477535539816022
7315,-0.00362602332839636
7316,-0.00247977588188525
7317,-0.00112440390426968
7318,1.58562830971135E-05
7319,0.00027561014239559
7320,-0.000157461085525285
7321,0.00018369550005164
7322,0.00275948726537785
7323,0.0071773547928972
7324,0.0111288143104222
7325,0.0125332203571267
7326,0.0114971703104551
7327,0.00985570689230834
7328,0.00904395573856278
7329,0.00887309786399614
7330,0.00826394939754148
7331,0.00659548112602797
7332,0.00412357822082324
7333,0.00150267157855984
7334,-0.000740683595493996
7335,-0.00244177465898268
7336,-0.00379846828342927
7337,-0.00505510291209075
7338,-0.0060504732327311
7339,-0.00636143569645363
7340,-0.00622565764814944
7341,-0.00701859097298154
7342,-0.0100953958709253
7343,-0.0149662606589763
7344,-0.0191970460831284
7345,-0.0206052534081411
7346,-0.0193174841683925
7347,-0.0172755470688649
7348,-0.0159527829805916
7349,-0.0151032214423247
7350,-0.0136862460815718
7351,-0.0113542843965704
7352,-0.00869277710955078
7353,-0.0064154976745095
7354,-0.00476831657778529
7355,-0.00355745917561277
7356,-0.0024142903224869
7357,-0.00112574578298183
7358,2.22141887881536E-05
7359,0.000423716575449279
7360,0.000105996236899225
7361,0.000366080059778823
7362,0.00275821971411733
7363,0.00713957189539433
7364,0.0112449540612817
7365,0.0127618718915491
7366,0.0116358184756453
7367,0.0098505199203126
7368,0.00906600608006493
7369,0.00904835285270778
7370,0.00847504616347356
7371,0.00665486576543076
7372,0.00404814591399312
7373,0.00147943169131255
7374,-0.000626715532857234
7375,-0.0023034570376585
7376,-0.00374862269562701
7377,-0.00503886421606784
7378,-0.00595063914471281
7379,-0.00618887454570928
7380,-0.00610454882953045
7381,-0.0070145532882969
7382,-0.0101566956493841
7383,-0.0150381246824563
7384,-0.0192980533595384
7385,-0.020748973003953
7386,-0.0194338859439375
7387,-0.017287018565592
7388,-0.0158954372829295
7389,-0.0150896568715121
7390,-0.0137439153053977
7391,-0.0113754363318855
7392,-0.00857903541961573
7393,-0.00621536921099543
7394,-0.00461646727061404
7395,-0.00351550804184466
7396,-0.00244061899829521
7397,-0.00119033703023181
7398,-0.000119893540371235
7399,0.000180422407649311
7400,-0.000176377558375966
7401,0.00011864934853479
7402,0.00253818638166126
7403,0.00691777536756369
7404,0.0110939016776648
7405,0.0128057447730664
7406,0.0118472500873553
7407,0.0100005913224307
7408,0.00896603780898543
7409,0.00878925588118843
7410,0.00832102294771613
7411,0.00670864457262876
7412,0.00413431219965972
7413,0.00140102600792293
7414,-0.00081751875831893
7415,-0.00239152371042287
7416,-0.00367029917297997
7417,-0.00498711817991314
7418,-0.00612866858302154
7419,-0.00654097581089469
7420,-0.00636647686033886
7421,-0.00700318363502332
7422,-0.00994041861133505
7423,-0.014820851898999
7424,-0.0192032960383513
7425,-0.0207516523151342
7426,-0.0194548257133244
7427,-0.0172877666447771
7428,-0.0158838862738221
7429,-0.0150930174108772
7430,-0.0138024195190063
7431,-0.0115230243056627
7432,-0.00879252222455094
7433,-0.00640748346112686
7434,-0.00472191223453726
7435,-0.00356801226996979
7436,-0.00251308330864562
7437,-0.0012645285484582
7438,-9.13091896870002E-05
7439,0.000336235316097515
7440,-3.73027889481964E-05
7441,8.80109859257645E-05
7442,0.00239092664366335
7443,0.00686996678693039
7444,0.0112542047208481
7445,0.0130437963179909
7446,0.0119836758824101
7447,0.0100463570245253
7448,0.00907435764663613
7449,0.00900693935976441
7450,0.00851115039727985
7451,0.00675251782880512
7452,0.00411009132308322
7453,0.00148309241412759
7454,-0.000585557146306106
7455,-0.00212901540877368
7456,-0.0034724519483262
7457,-0.00479780724063334
7458,-0.00584041090433217
7459,-0.00616091260447319
7460,-0.0060163931567066
7461,-0.00677279095720255
7462,-0.00980252922385207
7463,-0.0147001243798808
7464,-0.0190750809731939
7465,-0.0206405815605603
7466,-0.0193706163382569
7467,-0.0172111406350144
7468,-0.0158075744655993
7469,-0.0150282076696312
7470,-0.0137345079371674
7471,-0.0114067804558233
7472,-0.00862479080331001
7473,-0.00627036580290107
7474,-0.0047015768565957
7475,-0.00363869561561547
7476,-0.00255518814822815
7477,-0.00121323790229298
7478,-2.07261298567273E-05
7479,0.000305910353299433
7480,-0.000193550943146308
7481,-0.000116764520097909
7482,0.00220974522064051
7483,0.00672058802771143
7484,0.0111255094163784
7485,0.0129436002341999
7486,0.0119018887512136
7487,0.00992562264216534
7488,0.00887058292734588
7489,0.00876788146157992
7490,0.00834749946577744
7491,0.00671964305417085
7492,0.00415111756317147
7493,0.00150732523065224
7494,-0.000591760050069469
7495,-0.00210222680809033
7496,-0.00337951229083089
7497,-0.00470797072494513
7498,-0.0058612178386054
7499,-0.00630828898364849
7500,-0.00618152586035511
7501,-0.00683732929646186
7502,-0.00977019092810586
7503,-0.0146891528727909
7504,-0.0191871328474821
7505,-0.0208648667309353
7506,-0.0196161783561008
7507,-0.0173964531340628
7508,-0.0159090010133178
7509,-0.0150871310742808
7510,-0.0138524866695021
7511,-0.0116930718962021
7512,-0.009080607540851
7513,-0.006730206449927
7514,-0.00495779729532927
7515,-0.00365492363703295
7516,-0.00251199850859111
7517,-0.00130406410567339
7518,-0.000230372900719443
7519,0.000180478266263633
7520,-7.48799967023516E-05
7521,0.000182639639715727
7522,0.00244809142641148
7523,0.00668433695400488
7524,0.0108096690146436
7525,0.0125587555652408
7526,0.0116949748766992
7527,0.0099657504886858
7528,0.00901433055272787
7529,0.00884863859589536
7530,0.00836554929873042
7531,0.00679477497755887
7532,0.0043117426516266
7533,0.00161594345496744
7534,-0.000672825374278032
7535,-0.00234239430035408
7536,-0.00363936102376699
7537,-0.00492017868538464
7538,-0.00606875636294078
7539,-0.00652832635209729
7540,-0.00631696011174862
7541,-0.00677093407379142
7542,-0.00951127099701207
7543,-0.0143818525398262
7544,-0.0189774228645827
7545,-0.020782135573868
7546,-0.0195852100674457
7547,-0.0173454166645688
7548,-0.0158470487871313
7549,-0.0150656784495862
7550,-0.0138609996462815
7551,-0.0116313034808949
7552,-0.00886834770464268
7553,-0.00642756126508881
7554,-0.00473202313207551
7555,-0.00361954928840625
7556,-0.00263256215816251
7557,-0.00146826078886489
7558,-0.000364585500229713
7559,8.77921424207383E-05
7560,-0.000131657880310134
7561,0.000154767613239793
7562,0.00243138505202721
7563,0.00667382120552181
7564,0.0108392657498205
7565,0.0126589576797782
7566,0.0118275400377452
7567,0.010049459972156
7568,0.00902552308861437
7569,0.00885275794548985
7570,0.00843055689829457
7571,0.00691389484193489
7572,0.00443750633068223
7573,0.00173177585273192
7574,-0.000550951961363571
7575,-0.00220622074408073
7576,-0.0034849637981917
7577,-0.00472208224876707
7578,-0.00580727585114756
7579,-0.00624311249809317
7580,-0.00608806835142996
7581,-0.00663349633785365
7582,-0.0094227412603454
7583,-0.0142908493995668
7584,-0.0188988699063485
7585,-0.0207847834018456
7586,-0.0197191650161653
7587,-0.0175939568505747
7588,-0.0161368415075312
7589,-0.0153201056740337
7590,-0.0140631176910844
7591,-0.0118383861150691
7592,-0.00913784956169188
7593,-0.00672534009473143
7594,-0.00495547442284168
7595,-0.00373041143139158
7596,-0.00271127174187685
7597,-0.00158943564745161
7598,-0.000474657786353183
7599,7.46518166300776E-05
7600,-0.000130202953342647
7601,-5.4868977339312E-05
7602,0.00193230624751734
7603,0.0061308537292752
7604,0.010597013854736
7605,0.012782918772677
7606,0.0120530984806949
7607,0.0101141384170794
7608,0.00894604240010584
7609,0.00881568642118439
7610,0.00849501553507232
7611,0.00693456398089392
7612,0.0042692697851633
7613,0.00140977540569227
7614,-0.000873777303422315
7615,-0.00243450859628971
7616,-0.00363902639710768
7617,-0.00486273310377934
7618,-0.00597540168611667
7619,-0.00647065117582025
7620,-0.00639954009550847
7621,-0.00700034122564986
7622,-0.00975422578780779
7623,-0.014515630815715
7624,-0.0190438307690892
7625,-0.0209352635626162
7626,-0.0199056569535303
7627,-0.0177568311945413
7628,-0.0162114775753766
7629,-0.0153173654159928
7630,-0.0140442162744045
7631,-0.0118462695481726
7632,-0.00919348397247867
7633,-0.00686274975984453
7634,-0.00519073712629555
7635,-0.00398505424440043
7636,-0.00283767135345612
7637,-0.00152953526930413
7638,-0.000360173224048578
7639,4.90979932908816E-05
7640,-0.000325474230394218
7641,-0.000247277598423229
7642,0.00190452301153014
7643,0.00622948379825504
7644,0.0106647072985205
7645,0.0127744660954798
7646,0.0120969628881227
7647,0.0103257223032183
7648,0.00925606479996563
7649,0.0090492212554675
7650,0.00859320727639759
7651,0.00702751838437431
7652,0.00452166986698392
7653,0.00184741788922724
7654,-0.000359851102735872
7655,-0.00196128710220906
7656,-0.00325642341702956
7657,-0.0045730733390148
7658,-0.00575428672505338
7659,-0.00625291193095525
7660,-0.00610262634228829
7661,-0.00660725658883907
7662,-0.00934627603903801
7663,-0.0141802685890719
7664,-0.0187695302893463
7665,-0.0206519350304993
7666,-0.0196229926860796
7667,-0.0175904966942052
7668,-0.016237528698108
7669,-0.0154613715954991
7670,-0.0141751765504833
7671,-0.0119359188083698
7672,-0.00929193660978107
7673,-0.00693239302331552
7674,-0.00509202461755652
7675,-0.00368928560067774
7676,-0.00254910267854437
7677,-0.00146700858399657
7678,-0.000451176873604449
7679,0.000107596439547085
7680,7.52795774062222E-06
7681,8.5393236725712E-05
7682,0.00185461148763026
7683,0.0057602279435473
7684,0.010126491715404
7685,0.012506883124636
7686,0.0121067778242516
7687,0.0103889663987259
7688,0.00922918382343981
7689,0.0089889851451225
7690,0.00862122627632315
7691,0.00717963444050144
7692,0.00473639754039969
7693,0.00203424178083852
7694,-0.000263846583126523
7695,-0.00195639719823058
7696,-0.00328081651188872
7697,-0.00456787103700116
7698,-0.00573554770862683
7699,-0.00627503951987809
7700,-0.00613737799520722
7701,-0.0065231922772173
7702,-0.00906909641428069
7703,-0.0138375306086012
7704,-0.0185921073305116
7705,-0.0207191037552487
7706,-0.0197751206235372
7707,-0.0176314025989053
7708,-0.0161651890757698
7709,-0.0154265074007594
7710,-0.0142389629455506
7711,-0.0119702520620341
7712,-0.00916755271341228
7713,-0.00673514689904483
7714,-0.00505304293471907
7715,-0.00389609206022792
7716,-0.00281081184825659
7717,-0.0015194936052932
7718,-0.000248179780908596
7719,0.00037786336729271
7720,0.00017315910919526
7721,0.000170368123845117
7722,0.00198527878850495
7723,0.00597362571282859
7724,0.0103401934407335
7725,0.0126367166233468
7726,0.0121332728237727
7727,0.010316078409822
7728,0.00906085185738479
7729,0.00877435586367812
7730,0.0084593012983371
7731,0.00712748424533711
7732,0.00474776730839118
7733,0.00203052910386069
7734,-0.000289258349770118
7735,-0.00195161384331175
7736,-0.00322977605302676
7737,-0.00451324140162334
7738,-0.00571259174453533
7739,-0.00628068043227514
7740,-0.00617342612062647
7741,-0.00661076155588455
7742,-0.0091926491715678
7743,-0.0139294086579923
7744,-0.0186223308169747
7745,-0.0207624610403332
7746,-0.0199210925968306
7747,-0.0178368537633068
7748,-0.0162701390407436
7749,-0.015345766403664
7750,-0.0140854884696952
7751,-0.0119370240783952
7752,-0.00930979533751936
7753,-0.00692370533036814
7754,-0.00514693228763617
7755,-0.00390812734551029
7756,-0.00286768522694963
7757,-0.00168761244245355
7758,-0.000456502384911469
7759,0.000229227907547999
7760,7.84632468681896E-05
7761,4.00796723691823E-05
7762,0.00178712983659089
7763,0.00579368494690783
7764,0.0102827669823128
7765,0.0127097364377757
7766,0.0122748200440628
7767,0.0105029248098873
7768,0.00932157334012139
7769,0.00908950246492361
7770,0.00871685026505327
7771,0.00722768524141856
7772,0.00471949570292507
7773,0.00199415509651842
7774,-0.000267334203715192
7775,-0.00192579229650474
7776,-0.00330313318549086
7777,-0.00474018914819896
7778,-0.00606782775548756
7779,-0.00666355495090931
7780,-0.00642392393021634
7781,-0.00659228643432156
7782,-0.00892926447291446
7783,-0.0136336035436935
7784,-0.0185098296108616
7785,-0.0208323268191389
7786,-0.0199819809135628
7787,-0.0177623832711285
7788,-0.0161491664303948
7789,-0.0153317531373068
7790,-0.0141715310027062
7791,-0.011979710120596
7792,-0.00924945819766155
7793,-0.00686211556798664
7794,-0.00517309058775706
7795,-0.0039527942435134
7796,-0.00281783157927554
7797,-0.00158570684641226
7798,-0.000473835736481039
7799,1.49847278561785E-05
7800,-0.000220135670187555
7801,-0.000194470837982175
7802,0.0016350555775689
7803,0.005662821513536
7804,0.010182281531074
7805,0.0127162639435797
7806,0.0123831701550772
7807,0.0105699208440066
7808,0.00921071095938413
7809,0.00883700752649856
7810,0.00851136300381945
7811,0.00722900978657057
7812,0.00491684896442341
7813,0.00223388252591167
7814,-0.000127004872288448
7815,-0.00187809360180201
7816,-0.00319509457622199
7817,-0.00442553376653967
7818,-0.00557541266983866
7819,-0.00620030773783288
7820,-0.00618129678458882
7821,-0.00655149646545157
7822,-0.0088869074342741
7823,-0.0134273233493963
7824,-0.0181914222272971
7825,-0.0205998076627884
7826,-0.019963275369821
7827,-0.0178984583943311
7828,-0.0162870611259757
7829,-0.0153927425006242
7830,-0.0142004451089129
7831,-0.0120431430000745
7832,-0.00933094133608555
7833,-0.00688867946865787
7834,-0.00513311035200508
7835,-0.00394012169672239
7836,-0.00292239650313501
7837,-0.00175362482450404
7838,-0.000528256467697851
7839,0.000182196483619876
7840,5.85828412230131E-05
7841,-4.71221126731282E-05
7842,0.00152245297249032
7843,0.00540932896522123
7844,0.0100220616974097
7845,0.0127570538473032
7846,0.0125322299632927
7847,0.0106875631539968
7848,0.00927778873796467
7849,0.00893590589870858
7850,0.0086782128832501
7851,0.00739199012897695
7852,0.00499474057610156
7853,0.00224567061046189
7854,-9.27654976545631E-05
7855,-0.00178017970884359
7856,-0.0030826131904405
7857,-0.00436386179493126
7858,-0.00556986574573151
7859,-0.00621074456893491
7860,-0.0061834889408495
7861,-0.0065526522685026
7862,-0.00889012528103174
7863,-0.0134123278744201
7864,-0.0181389822652993
7865,-0.0205152928604671
7866,-0.0198602530041233
7867,-0.017767203546455
7868,-0.0161014654977511
7869,-0.0151631675558371
7870,-0.0140092166329551
7871,-0.0119981855711511
7872,-0.00946043325850352
7873,-0.0070916485607982
7874,-0.00526197586468513
7875,-0.00393800245021787
7876,-0.00285913514879812
7877,-0.00172781987036348
7878,-0.000573025786381389
7879,7.84008449727261E-05
7880,-0.000106649803861
7881,-0.000261340662005639
7882,0.00135328376972699
7883,0.0054099565316358
7884,0.0101930289477314
7885,0.0129288552017769
7886,0.0125293517780128
7887,0.0105077429135462
7888,0.00905816093005018
7889,0.00876744061277454
7890,0.00852568443090241
7891,0.0072009360120452
7892,0.00480509934653301
7893,0.00215610218310451
7894,-3.75989541955571E-05
7895,-0.00163178772985776
7896,-0.00293919512291439
7897,-0.00430682076037262
7898,-0.00562130961984538
7899,-0.00631463895282853
7900,-0.00623951626212874
7901,-0.00650481663150782
7902,-0.00877796943182381
7903,-0.013307574271328
7904,-0.0180475832676272
7905,-0.0203904256629735
7906,-0.0197105830500838
7907,-0.0176903185929738
7908,-0.0161738605493521
7909,-0.015332011371961
7910,-0.0141370698394797
7911,-0.0119981074488408
7912,-0.00935357640993151
7913,-0.00694571269602461
7914,-0.00511830055646672
7915,-0.00380287573291597
7916,-0.00272071194946102
7917,-0.00155331127129376
7918,-0.000311032230900157
7919,0.000458394868597587
7920,0.000350516717778063
7921,0.00015489031739234
7922,0.00158691643086439
7923,0.00537807631290812
7924,0.0099297438739295
7925,0.0125688704955701
7926,0.0122141144022671
7927,0.010293039796039
7928,0.00891818754341327
7929,0.00868154345839126
7930,0.00852809157241037
7931,0.00732502840686192
7932,0.00500464367152748
7933,0.00231881879811341
7934,4.32082550459101E-06
7935,-0.00170491838120197
7936,-0.00306191764073315
7937,-0.00441931388212172
7938,-0.00569897890763781
7939,-0.00635316248685079
7940,-0.00622937853311432
7941,-0.00642408738970753
7942,-0.00861712596933566
7943,-0.0131074089934419
7944,-0.0178917665256741
7945,-0.0203243272535015
7946,-0.0196671368991412
7947,-0.017539731267517
7948,-0.0158747575824916
7949,-0.0150060894719595
7950,-0.0139578454539163
7951,-0.0120162867043928
7952,-0.00946280498612574
7953,-0.00701098001611545
7954,-0.00509970680175025
7955,-0.00375387853029862
7956,-0.00271312356155228
7957,-0.00163191982615857
7958,-0.000491717081007404
7959,0.000186039118756337
7960,2.08509446861369E-05
7961,-0.000193604805734974
7962,0.00124376873124465
7963,0.00506312242481813
7964,0.00969017217339794
7965,0.012469602443901
7966,0.0122951534025574
7967,0.0105296098394289
7968,0.00921589160528028
7969,0.00891526564169539
7970,0.00861314912707595
7971,0.00727421358116778
7972,0.00490726926717659
7973,0.00224725142727711
7974,-5.06330226098217E-05
7975,-0.00179028711064946
7976,-0.00317580909540465
7977,-0.00450784169146806
7978,-0.00573385738785291
7979,-0.00635911119088254
7980,-0.00621358516599571
7981,-0.0063298859853616
7982,-0.00840075798857494
7983,-0.0128421499625567
7984,-0.0177413502465745
7985,-0.0204040304931961
7986,-0.0199623979273572
7987,-0.0179600972161408
7988,-0.0163380438146567
7989,-0.0154479759566261
7990,-0.0143069023861334
7991,-0.0122179008157881
7992,-0.00953084653019922
7993,-0.00702437576321073
7994,-0.00514383542875537
7995,-0.00387865279921716
7996,-0.00292878494106551
7997,-0.00190044310480756
7998,-0.000718864601978023
7999,9.40687594587409E-05
8000,5.19820639097639E-05
8001,-0.000173155754463195
8002,0.00114215771889417
8003,0.00490081075605256
8004,0.00964610772933921
8005,0.0126167636940791
8006,0.012489922203358
8007,0.0105711833651125
8008,0.00907489924575375
8009,0.00873604906861697
8010,0.00850847519215977
8011,0.00720902769150334
8012,0.00481497939463823
8013,0.00216951163302513
8014,-2.35250273206887E-05
8015,-0.00167371325903791
8016,-0.00308409741238718
8017,-0.00449434087276449
8018,-0.00573609600949047
8019,-0.00633465161495385
8020,-0.00623263513418516
8021,-0.0064541637190381
8022,-0.00853810900396069
8023,-0.0128359173053552
8024,-0.0175921193785393
8025,-0.0202923097411453
8026,-0.02002350834309
8027,-0.0181292533993963
8028,-0.0164727599484453
8029,-0.0155244577725983
8030,-0.0144112525349871
8031,-0.0123906327897202
8032,-0.00972130371635557
8033,-0.00718962618700766
8034,-0.00529137741716824
8035,-0.00398868045769948
8036,-0.0029280639777808
8037,-0.0017721176531775
8038,-0.000569087762849956
8039,0.000158055500073669
8040,6.83867590126826E-05
8041,-8.91188486699373E-05
8042,0.00128407898616731
8043,0.00494230162887271
8044,0.00950143546991816
8045,0.0124301353816786
8046,0.0124857182666471
8047,0.010786067294702
8048,0.00933526229564677
8049,0.00890783166687836
8050,0.00867366187969363
8051,0.00753232425473058
8052,0.00528996913832022
8053,0.00259388045047047
8054,0.000194665211358434
8055,-0.00157237198801616
8056,-0.00286634359885741
8057,-0.00405693263017839
8058,-0.00521491016835949
8059,-0.00592407802926312
8060,-0.00595181382439385
8061,-0.00615209089278345
8062,-0.00811820963286319
8063,-0.0124013061213659
8064,-0.0173189960607323
8065,-0.0201952324648027
8066,-0.019920289075117
8067,-0.0178572285345329
8068,-0.0160828635405004
8069,-0.0152122098739544
8070,-0.0142836448583077
8071,-0.0123670633266583
8072,-0.00967310912416427
8073,-0.00710920638949442
8074,-0.00526409711999757
8075,-0.00402147512354315
8076,-0.00288516210152282
8077,-0.00152458542855929
8078,-0.0001804273886315
8079,0.000447375095688599
8080,5.91928032663213E-05
8081,-0.000367160321686771
8082,0.000958696072807722
8083,0.00477470159726699
8084,0.00951779693779037
8085,0.0124972452859505
8086,0.0124543049124288
8087,0.0106080197165994
8088,0.00907383371734008
8089,0.00866733364724189
8090,0.00851748390628893
8091,0.00744645425166322
8092,0.00521808784376367
8093,0.00251038518919491
8094,0.000132790930606244
8095,-0.00158325031619893
8096,-0.00287656980386063
8097,-0.00416496929553303
8098,-0.00544514290898305
8099,-0.00618041908909836
8100,-0.00613189245340707
8101,-0.00627445511018719
8102,-0.00827548234026633
8103,-0.0126038001028565
8104,-0.0174758898514694
8105,-0.0202838269925682
8106,-0.0200831044486179
8107,-0.0182317336848706
8108,-0.0165726230547864
8109,-0.0155525002304281
8110,-0.0143664921257236
8111,-0.01238895871283
8112,-0.00987179240815436
8113,-0.00743040375450234
8114,-0.00542969204772839
8115,-0.00392545726662643
8116,-0.00276881271863244
8117,-0.00166951717604427
8118,-0.000530078618777112
8119,0.000217458420378517
8120,0.000120612273993214
8121,-0.000194903455672695
8122,0.000972778806251609
8123,0.00460087474899976
8124,0.00932402933123037
8125,0.0123729863040765
8126,0.012338372858426
8127,0.0104815823434086
8128,0.00905458236264033
8129,0.00883158165195068
8130,0.00874519660842853
8131,0.00756027267964601
8132,0.00521068026075517
8133,0.00250471732597163
8134,0.000146742900072888
8135,-0.00167720503231483
8136,-0.00312472488663936
8137,-0.00441327283671438
8138,-0.0055470388091633
8139,-0.00621759590442182
8140,-0.00628305822540939
8141,-0.00650953029549959
8142,-0.00835160538794957
8143,-0.0124048380293749
8144,-0.0172107913974802
8145,-0.0202423479642318
8146,-0.0202754173259177
8147,-0.0183949841848288
8148,-0.0165068773200004
8149,-0.01532418081862
8150,-0.0141562791503118
8151,-0.012257198098411
8152,-0.00975888099305634
8153,-0.0073235216083813
8154,-0.00541528541387561
8155,-0.00406874757184777
8156,-0.00301907992653796
8157,-0.00191624967824124
8158,-0.000700397331308232
8159,0.000149409901156953
8160,0.000165146054348729
8161,-7.03964277799796E-05
8162,0.00106298742214588
8163,0.00453225712111556
8164,0.00910483675546863
8165,0.0121675481419645
8166,0.0123023140834002
8167,0.0105973095044643
8168,0.00917243467678271
8169,0.00885387482305693
8170,0.00871446314909359
8171,0.00756441123560966
8172,0.0052664062397263
8173,0.00257390365379822
8174,0.000223300158807581
8175,-0.0015584179342733
8176,-0.00295638757603703
8177,-0.00423491804130757
8178,-0.005377498467292
8179,-0.00600951857152158
8180,-0.00597961857923576
8181,-0.00613296757301902
8182,-0.00800640584963429
8183,-0.0121881548976617
8184,-0.0171263466198411
8185,-0.0201962810862321
8186,-0.0201551523083787
8187,-0.0181730940790221
8188,-0.0162874763611338
8189,-0.0152713494066696
8190,-0.0143447360012261
8191,-0.0125854227273938
8192,-0.0100300692809221
8193,-0.00742202672507668
8194,-0.0053951092424144
8195,-0.00407024907962618
8196,-0.00312097224129588
8197,-0.00207762285656238
8198,-0.000827337270751024
8199,0.000101461629138259
8200,0.000149142198604247
8201,-0.000144151212467809
8202,0.000904252862140477
8203,0.00439367289629058
8204,0.00916471041837952
8205,0.012505841494927
8206,0.0127862131388151
8207,0.0109775099773452
8208,0.00931460867892002
8209,0.00884999317571702
8210,0.00874523978042196
8211,0.00768483728418294
8212,0.00537515758336493
8213,0.0025836301411266
8214,0.000194271386789909
8215,-0.00149531250644
8216,-0.00278112771856008
8217,-0.00409128083650441
8218,-0.00543451295523287
8219,-0.0062951599174435
8220,-0.00636491826797341
8221,-0.00645896522546404
8222,-0.00820303516140047
8223,-0.012279189026558
8224,-0.0171615192495023
8225,-0.0202141927012614
8226,-0.0202020839787997
8227,-0.0183066154522274
8228,-0.0165212171744269
8229,-0.0155308510178253
8230,-0.014521523859849
8231,-0.0126450991231741
8232,-0.0100316543022781
8233,-0.0074147016656859
8234,-0.0053395110810611
8235,-0.00390866470887459
8236,-0.00289758152018933
8237,-0.00191925662103635
8238,-0.000792500459427974
8239,9.19676387088337E-05
8240,0.000195136722576145
8241,-6.09323180508333E-05
8242,0.000920830545209521
8243,0.00429893740717744
8244,0.00902342318670919
8245,0.012400645514627
8246,0.0127340262137706
8247,0.0109506236741188
8248,0.00929433877109727
8249,0.00883408901627341
8250,0.00874450775016957
8251,0.00774052807342839
8252,0.00553721940205321
8253,0.00282952101603858
8254,0.000408133393541814
8255,-0.00139983357427185
8256,-0.00273692642960674
8257,-0.00394526092805321
8258,-0.00513662132009616
8259,-0.00594485623806077
8260,-0.00605021442224993
8261,-0.00613409677921426
8262,-0.00778790448116484
8263,-0.0118199140426349
8264,-0.0168007885679807
8265,-0.0200186015565131
8266,-0.0201064649525785
8267,-0.0182372829282581
8268,-0.0164869814977213
8269,-0.0155511639984954
8270,-0.0145440286570487
8271,-0.0126145450581057
8272,-0.0100057597303849
8273,-0.00751791104238891
8274,-0.00558932902774391
8275,-0.00416154392084702
8276,-0.00300761868598433
8277,-0.00190613524097297
8278,-0.000805060571976556
8279,-4.85353683130098E-05
8280,-4.4239048756934E-05
8281,-0.000320420274077717
8282,0.000668370987123183
8283,0.00404340819415339
8284,0.00879187598016497
8285,0.0122573793347339
8286,0.012700054920081
8287,0.0109638868558695
8288,0.0092717049304485
8289,0.00874847174791369
8290,0.00861607584927371
8291,0.00757870982380657
8292,0.00534095525323552
8293,0.00263849110276717
8294,0.000290441135680572
8295,-0.00144755463921406
8296,-0.0028301734901552
8297,-0.00419068966985075
8298,-0.00548194100123071
8299,-0.0062114624769683
8300,-0.00612830372763125
8301,-0.00609374230875046
8302,-0.00777596376297327
8303,-0.0119026086935572
8304,-0.0169500066835548
8305,-0.0202004722132035
8306,-0.0203035672802624
8307,-0.0183963682189221
8308,-0.0165323926460254
8309,-0.0154829500772254
8310,-0.0144622389491943
8311,-0.0125999576554409
8312,-0.0100159447168378
8313,-0.00745219233673382
8314,-0.00542968953456106
8315,-0.00398481908450485
8316,-0.00285937295588013
8317,-0.00172671411910824
8318,-0.000513806544136788
8319,0.000332925896346321
8320,0.000300428241025255
8321,-0.000135640060795224
8322,0.000667419508962008
8323,0.00392833438526324
8324,0.00866642408644736
8325,0.012186289336368
8326,0.0126770475923027
8327,0.0109417922185403
8328,0.00923284305466404
8329,0.00874171036606997
8330,0.00871187779544209
8331,0.00779025197250983
8332,0.00560476605278488
8333,0.00287427658616047
8334,0.000464229120127416
8335,-0.00131555533455707
8336,-0.00269431876763872
8337,-0.00400530124206688
8338,-0.00522643803035819
8339,-0.00591777667868262
8340,-0.00586803364924671
8341,-0.00590250477815246
8342,-0.00759198833448832
8343,-0.0116208935376023
8344,-0.0165574762405172
8345,-0.0198249842907166
8346,-0.0200925014035919
8347,-0.0183599467661904
8348,-0.0165459145470975
8349,-0.0154407898452192
8350,-0.0143844989552164
8351,-0.0125692173758517
8352,-0.0100535990382063
8353,-0.00750646696546636
8354,-0.00547208921171737
8355,-0.00406642639526523
8356,-0.00305320862521117
8357,-0.00204323761426544
8358,-0.000890991355571893
8359,-2.39342644161274E-05
8360,1.61444904779571E-05
8361,-0.000343928435477833
8362,0.000486116381380364
8363,0.00369901659226432
8364,0.00835187139842281
8365,0.0118318539619552
8366,0.0123693578878623
8367,0.0107136076004817
8368,0.00902781542798938
8369,0.0084872728018919
8370,0.00841061006705333
8371,0.0075143058916338
8372,0.00540254381104375
8373,0.00270991867663083
8374,0.000272081919168824
8375,-0.0015312458214218
8376,-0.00284904698499927
8377,-0.00404326010071988
8378,-0.0052143455143233
8379,-0.00598659269260909
8380,-0.00605660094589406
8381,-0.00610676728609847
8382,-0.00770232045104749
8383,-0.0116723048457368
8384,-0.0166817610170304
8385,-0.0200621215640856
8386,-0.020325358002301
8387,-0.0184718461793814
8388,-0.0165861385090343
8389,-0.0155676750939761
8390,-0.0146645680082271
8391,-0.0129014583262841
8392,-0.0103043184196021
8393,-0.00766191425972747
8394,-0.00562368562520233
8395,-0.00427894335639346
8396,-0.00329188514829913
8397,-0.00222186428198532
8398,-0.000956806208975522
8399,6.84571937484429E-06
8400,7.69439538881163E-05
8401,-0.000328466227242616
8402,0.000420147579996466
8403,0.00359258460459472
8404,0.00831447229915005
8405,0.0119649055015066
8406,0.0126668933682958
8407,0.011040408805111
8408,0.00922992213551994
8409,0.00854634734093884
8410,0.00846774501683632
8411,0.00771171720375051
8412,0.00572079722332989
8413,0.00300763963011233
8414,0.000475725998851253
8415,-0.0013495929987386
8416,-0.00261540364672594
8417,-0.00383239862835878
8418,-0.00517364207302023
8419,-0.00613026200930407
8420,-0.00622202721660053
8421,-0.00613241499371471
8422,-0.00757933127952012
8423,-0.0114906046509961
8424,-0.016501401931716
8425,-0.0199066525404636
8426,-0.0202516332618996
8427,-0.0185412312087438
8428,-0.0167540000327757
8429,-0.0156910620979824
8430,-0.0146725115247706
8431,-0.0129017721815746
8432,-0.0104486004289348
8433,-0.00792620433901525
8434,-0.00580484298530663
8435,-0.00423249015879332
8436,-0.00310723186514559
8437,-0.00210593428066214
8438,-0.000983394854932131
8439,-4.76844794510381E-05
8440,0.000103784084895458
8441,-0.000271053023491549
8442,0.000397193881419988
8443,0.00351166714385769
8444,0.00832283727175849
8445,0.0121329214406041
8446,0.0128934090334838
8447,0.0112031462915161
8448,0.0093482171133747
8449,0.008711563649205
8450,0.00866143167094192
8451,0.00780292782350921
8452,0.00564859490008109
8453,0.00286594570486385
8454,0.000375892950262529
8455,-0.00141927459924497
8456,-0.00272876580010071
8457,-0.00398553232958785
8458,-0.00528984431683147
8459,-0.00617116412446845
8460,-0.00620108526367785
8461,-0.00602672019437047
8462,-0.00733706168138955
8463,-0.0111664655890091
8464,-0.0162914621595067
8465,-0.0199611961134278
8466,-0.0204930008266918
8467,-0.0187472925257837
8468,-0.0168063319723344
8469,-0.0156605050493331
8470,-0.0146642322071882
8471,-0.012917787460498
8472,-0.0104541491991192
8473,-0.00796762645242425
8474,-0.00595981282767779
8475,-0.00446455215128209
8476,-0.00327280544964216
8477,-0.00213514931659253
8478,-0.000977116641930554
8479,-0.0001386032483535
8480,-6.52959247219383E-05
8481,-0.00037979661766057
8482,0.000410761038090475
8483,0.00355727495044708
8484,0.00830194181334825
8485,0.012082979945774
8486,0.0129248151920912
8487,0.0113304676701546
8488,0.00946058633272291
8489,0.00871798779817474
8490,0.00860959290181304
8491,0.00782985313840132
8492,0.00584649396673223
8493,0.00321703629691025
8494,0.000790472932162976
8495,-0.0010303372216157
8496,-0.00240507441788607
8497,-0.00371565226710303
8498,-0.00506095402565582
8499,-0.00602029571116554
8500,-0.00618435042958658
8501,-0.00611837075489304
8502,-0.00740181214293864
8503,-0.0110885106118089
8504,-0.0161183248994993
8505,-0.0198610652654346
8506,-0.020563325945192
8507,-0.0189234016340354
8508,-0.0169802034031835
8509,-0.0158281879826071
8510,-0.0148984103457014
8511,-0.0132249445640615
8512,-0.0107272250791793
8513,-0.0080926188865036
8514,-0.00593324239865496
8515,-0.00439161982134439
8516,-0.00326488729028493
8517,-0.00220567274806075
8518,-0.00101911262146985
8519,-1.87069484080335E-05
8520,0.000222316054643021
8521,-0.000100525535138578
8522,0.000470977924838562
8523,0.00336397548011945
8524,0.00801012315008524
8525,0.0118231371464889
8526,0.0126505353821416
8527,0.0109477196024186
8528,0.00905627988191418
8529,0.00853919675308187
8530,0.00878620134443519
8531,0.0082064121412666
8532,0.00615438454111477
8533,0.00335704704838592
8534,0.000860073243936472
8535,-0.000958620368100891
8536,-0.00241516953989822
8537,-0.00390983715540644
8538,-0.00537272958429387
8539,-0.00625852603155545
8540,-0.00624905998748225
8541,-0.00609047356516607
8542,-0.00740093469415005
8543,-0.0111176517132616
8544,-0.0161073208357474
8545,-0.0198152108961893
8546,-0.0205787596714306
8547,-0.0190455366542378
8548,-0.0171249581888126
8549,-0.0158925500125819
8550,-0.0149062257644818
8551,-0.0133007831155154
8552,-0.0109365582097579
8553,-0.00836451129498459
8554,-0.00615045177736749
8555,-0.00451087086388737
8556,-0.00332942714041861
8557,-0.00228127043586374
8558,-0.00115142363923301
8559,-0.000223368895315707
8560,-2.62331689226605E-05
8561,-0.000326901798767119
8562,0.000306949087147649
8563,0.00322208371739074
8564,0.0078259170373258
8565,0.011629046309296
8566,0.0125868216149208
8567,0.0111104151934805
8568,0.00936251175980505
8569,0.00879602002421123
8570,0.00888326226520547
8571,0.00818663600723769
8572,0.00609245691950066
8573,0.00324584755549464
8574,0.000677438193031632
8575,-0.00112499136498409
8576,-0.00241598382693169
8577,-0.00373056668882019
8578,-0.00519162895353482
8579,-0.00623372866765173
8580,-0.00629904751486569
8581,-0.00599018519512986
8582,-0.00709902500936294
8583,-0.0108486891980511
8584,-0.0161243016435146
8585,-0.0200851445610172
8586,-0.0208423328706802
8587,-0.0191469698084336
8588,-0.0171636823660374
8589,-0.0160256554610998
8590,-0.015117654893803
8591,-0.0134557247657248
8592,-0.0110004339860435
8593,-0.00845112257596956
8594,-0.00635208958020674
8595,-0.00477718590863819
8596,-0.00354940808713131
8597,-0.00241252021618791
8598,-0.00121605249387735
8599,-0.000233598160181243
8600,7.70340675772751E-06
8601,-0.000318333344845673
8602,0.00019514088369756
8603,0.00299660291911817
8604,0.00763803103303882
8605,0.0116409910155248
8606,0.0128023553651495
8607,0.0113616953034706
8608,0.00946283375017197
8609,0.00869717396997929
8610,0.00869839786962801
8611,0.00807914542179966
8612,0.00613450169294899
8613,0.00335974426086933
8614,0.000706100135063125
8615,-0.00127480054098071
8616,-0.00268807025422789
8617,-0.00397489194686224
8618,-0.00530643360782941
8619,-0.00625087369696769
8620,-0.00633097709512875
8621,-0.00610107047251756
8622,-0.00723221456719197
8623,-0.0108804941008316
8624,-0.0159898756853384
8625,-0.0198522321129499
8626,-0.0206552515065732
8627,-0.0190912062864293
8628,-0.0171934874426507
8629,-0.0160373474058915
8630,-0.0150819409567843
8631,-0.0134407088092262
8632,-0.011049545892807
8633,-0.0084823805398027
8634,-0.00623565861937295
8635,-0.00451209578272807
8636,-0.00329972607566759
8637,-0.00232553980081249
8638,-0.00124137740920789
8639,-0.000188729368601496
8640,0.000190157331276044
8641,-0.000160520890819076
8642,0.000117027051154481
8643,0.0026857316667231
8644,0.00733330832840425
8645,0.0115684340507745
8646,0.0129535088813152
8647,0.0115420407053424
8648,0.00951609931764182
8649,0.00863092900000071
8650,0.00861007302349739
8651,0.00803359085032404
8652,0.00614708861578377
8653,0.00344568034809996
8654,0.00088128964224029
8655,-0.00103793629082124
8656,-0.00245209878568002
8657,-0.00377668185708532
8658,-0.00514901480062431
8659,-0.00616872942092457
8660,-0.00640315853061458
8661,-0.00634586637293619
8662,-0.00752787726861863
8663,-0.0110700399925913
8664,-0.016068775288826
8665,-0.0199796897488481
8666,-0.0209484620835895
8667,-0.0194699294258936
8668,-0.0174800160170226
8669,-0.0161645327871499
8670,-0.0151321554717759
8671,-0.0135065220043242
8672,-0.0111481947862892
8673,-0.00862069278609367
8674,-0.00646695518328346
8675,-0.00486497567987435
8676,-0.00370115400643687
8677,-0.00266506254574387
8678,-0.00149117988808293
8679,-0.000396890595078773
8680,1.19451335345796E-05
8681,-0.000259261258995719
8682,9.61303314316962E-05
8683,0.00262054164750725
8684,0.00708684649739069
8685,0.0111461939604407
8686,0.0125080586876638
8687,0.0112235036263647
8688,0.00935283070409501
8689,0.00855841491472515
8690,0.00857228255371265
8691,0.00802501328337788
8692,0.00617381398424297
8693,0.00348940357615152
8694,0.000919215671779049
8695,-0.000999170832506989
8696,-0.00239645837165788
8697,-0.00373250671726269
8698,-0.00518490615832193
8699,-0.00630422485409492
8700,-0.00654347185363182
8701,-0.00635353185154178
8702,-0.00737012509553467
8703,-0.01085841823447
8704,-0.0159305611334411
8705,-0.01991681194497
8706,-0.0208520300794609
8707,-0.0192545311316227
8708,-0.01717188141045
8709,-0.0158664966736622
8710,-0.0149299109521605
8711,-0.0134016672756323
8712,-0.0110564338987579
8713,-0.00844597212564857
8714,-0.00620602835873436
8715,-0.00462390777353455
8716,-0.00356712831293027
8717,-0.00258108748241477
8718,-0.00132738066106685
8719,-0.000148160261742668
8720,0.000191209115514335
8721,-0.000252343353172302
8722,4.01576001829654E-05
8723,0.0026792891037653
8724,0.00725127049347624
8725,0.011232852273097
8726,0.0124313845152466
8727,0.0111363820606675
8728,0.00945882177737646
8729,0.00886536651874682
8730,0.00890858196780884
8731,0.00824580476025446
8732,0.00626581836339382
8733,0.00350026614385938
8734,0.000884471539019962
8735,-0.00103890114256857
8736,-0.00237816956353434
8737,-0.0036157371506903
8738,-0.00497991756401595
8739,-0.00602812347789923
8740,-0.00617999341525133
8741,-0.00588863224638986
8742,-0.00684583692307392
8743,-0.0103575662891115
8744,-0.0155154038495989
8745,-0.0196052107390386
8746,-0.0206435233662523
8747,-0.0191498882733062
8748,-0.0171590347798718
8749,-0.0159034795381312
8750,-0.0149582795360204
8751,-0.0133865336854477
8752,-0.0110188410837409
8753,-0.00844267594543792
8754,-0.00625319670641661
8755,-0.00464673771484997
8756,-0.00346875688969523
8757,-0.00237424848257622
8758,-0.00114411146246546
8759,-7.19369563338037E-05
8760,0.000258177542260995
8761,-2.7782715243829E-05
8762,0.000429902072579475
8763,0.00306306992118818
8764,0.00751407389374524
8765,0.0114729742736929
8766,0.0128011284654616
8767,0.0115840831506102
8768,0.00974359196771499
8769,0.00884263492261691
8770,0.00871577928656019
8771,0.00815993988470646
8772,0.00642077472359769
8773,0.00378494602410177
8774,0.00108681584728157
8775,-0.00103163999565919
8776,-0.00250954094533159
8777,-0.00374526284915655
8778,-0.00502685473199102
8779,-0.0060436497505737
8780,-0.00627848784104962
8781,-0.00610715576083406
8782,-0.00709019329491824
8783,-0.0104987488848094
8784,-0.0155159179281188
8785,-0.0195286637440749
8786,-0.0205676661158177
8787,-0.0191126273081076
8788,-0.0171773715269809
8789,-0.0159911379320489
8790,-0.015108649158905
8791,-0.0135740138180293
8792,-0.0112293802574387
8793,-0.00867004560865342
8794,-0.00645626833203258
8795,-0.00475887693512784
8796,-0.00347945254619269
8797,-0.00236046002891793
8798,-0.00117951541416599
8799,-0.000144143649607394
8800,0.000184902959109188
8801,-0.000148641191368804
8802,0.000181783731004018
8803,0.00273033474178907
8804,0.00726591685678517
8805,0.0114041065062962
8806,0.0128065466716542
8807,0.0115093314651728
8808,0.00959830835684318
8809,0.0087544416639872
8810,0.00869470922439858
8811,0.00804473493870272
8812,0.00611549370972932
8813,0.00344667141860468
8814,0.000970504346918667
8815,-0.000884156491118528
8816,-0.00232750881528487
8817,-0.00376947596585586
8818,-0.00527027012000448
8819,-0.00633457116373756
8820,-0.0064640534761887
8821,-0.00615233483569628
8822,-0.0070266961137178
8823,-0.0103738445427993
8824,-0.0154054376792022
8825,-0.019520156777535
8826,-0.020669799059302
8827,-0.0192109191752588
8828,-0.01714373393715
8829,-0.0158446718266458
8830,-0.0150175275990063
8831,-0.0136683569114431
8832,-0.0114467083792441
8833,-0.00883144159774162
8834,-0.00648556363379435
8835,-0.00477179512210836
8836,-0.00363342966990176
8837,-0.00265389958989206
8838,-0.00144557872429176
8839,-0.000235927697858087
8840,0.000240918021396706
8841,-0.000107426545878783
8842,7.07366637634509E-05
8843,0.00247322101849775
8844,0.00700776285432924
8845,0.0113278156064175
8846,0.0129975271826731
8847,0.0118697147801209
8848,0.00990507616954054
8849,0.00886037473578838
8850,0.00869050627667029
8851,0.00817762752896891
8852,0.00650954605402069
8853,0.00393573337051199
8854,0.00126339299260483
8855,-0.000878998376754418
8856,-0.00240332484874241
8857,-0.00366939210556535
8858,-0.00498024479769172
8859,-0.00607040363157052
8860,-0.00638954836355688
8861,-0.00619016445049823
8862,-0.00698141205852158
8863,-0.0101880773917408
8864,-0.0152290893554484
8865,-0.0195367524724784
8866,-0.0209134170108811
8867,-0.0195673700306878
8868,-0.0174767581551964
8869,-0.0160814015050253
8870,-0.0151506729452406
8871,-0.0137414598877536
8872,-0.0115376928551528
8873,-0.00899506514062601
8874,-0.00668750984108263
8875,-0.00491500484209144
8876,-0.00366997414211577
8877,-0.00263539930681031
8878,-0.00143711156670781
8879,-0.000231363851217758
8880,0.000258234314327041
8881,-0.000159426459668895
8882,-0.000180330501559916
8883,0.0020306511687388
8884,0.00656953746438981
8885,0.0110845661735672
8886,0.0129439240154013
8887,0.0118734249972845
8888,0.0099140228230878
8889,0.00893015982295048
8890,0.00881083842802878
8891,0.00820576907179969
8892,0.00635900923687864
8893,0.00374832631549229
8894,0.00127518933845093
8895,-0.000627863729778358
8896,-0.00212133435901092
8897,-0.0035581893578662
8898,-0.00501952529640333
8899,-0.00610676902807856
8900,-0.00636208170911982
8901,-0.00617936623723096
8902,-0.00706322021081716
8903,-0.0103323945422488
8904,-0.0153609496637428
8905,-0.0196314695408675
8906,-0.0209971641993176
8907,-0.0196672846952189
8908,-0.0176030229591228
8909,-0.0162211679169308
8910,-0.0152422299805576
8911,-0.0136937099019643
8912,-0.011336320621037
8913,-0.00877280105005437
8914,-0.0066190931080671
8915,-0.00503115477554735
8916,-0.00384184034972896
8917,-0.00276777951228605
8918,-0.00159742369283552
8919,-0.00050611367462092
8920,-1.79201344748981E-05
8921,-0.000184818993857769
8922,0.000113711238495369
8923,0.00236832748512677
8924,0.0065936605758809
8925,0.0107500423718846
8926,0.0125536657442075
8927,0.0117250239575452
8928,0.010016543087427
8929,0.00911680078847658
8930,0.00902177568987537
8931,0.00852774075160404
8932,0.00680857726387623
8933,0.00416639101821295
8934,0.00151082759916129
8935,-0.000516996065870241
8936,-0.00195574632519765
8937,-0.00328970364312469
8938,-0.0047857154202355
8939,-0.00601468873736842
8940,-0.006316517250494
8941,-0.0059935228921659
8942,-0.00668654838614709
8943,-0.00989106142130284
8944,-0.0149918964903525
8945,-0.0193545593935844
8946,-0.020764420572988
8947,-0.0194701428722685
8948,-0.0174827366690524
8949,-0.0161992922306941
8950,-0.01528314783575
8951,-0.0137333259942166
8952,-0.0113280338809664
8953,-0.00871459867096834
8954,-0.0065514752001887
8955,-0.00499649587294093
8956,-0.00382621932181298
8957,-0.00269706404257192
8958,-0.00141683583617499
8959,-0.000256844136486951
8960,0.000197245455764477
8961,-5.71170650981347E-05
8962,0.000194713629108998
8963,0.00246366738196705
8964,0.00669987048296244
8965,0.0108093459966143
8966,0.0125236088275858
8967,0.0116136189665478
8968,0.009869313818761
8969,0.00900207752897776
8970,0.00901325285958296
8971,0.00865024692800625
8972,0.00698470229836899
8973,0.00425395407226516
8974,0.00143104677757077
8975,-0.000695301707814826
8976,-0.00208337412689549
8977,-0.00328995770221482
8978,-0.0047220892723587
8979,-0.00600077204736872
8980,-0.00637571221032623
8981,-0.00602632259195018
8982,-0.00657634585787315
8983,-0.00962664601064104
8984,-0.0146746962077428
8985,-0.0190951861127532
8986,-0.0205928067569048
8987,-0.0193481269579993
8988,-0.0173759700158498
8989,-0.0161137254046091
8990,-0.0152449055506169
8991,-0.0137602082720989
8992,-0.0114126657367805
8993,-0.00880207790354907
8994,-0.006538548986828
8995,-0.00480534094035686
8996,-0.00350336688227005
8997,-0.00239274751835815
8998,-0.00122173522790801
8999,-9.42982008396175E-05
9000,0.000450717729574151
9001,0.000248121606413295
9002,0.000353302548232733
9003,0.00236647120090648
9004,0.00650244021904188
9005,0.0107921982869543
9006,0.0128066117114158
9007,0.012062511654342
9008,0.0102560074654782
9009,0.00918762421104035
9010,0.00899408364019907
9011,0.00853119226050609
9012,0.00694541135326208
9013,0.00445046397466824
9014,0.00183873589502699
9015,-0.000304493655868028
9016,-0.00191773071784531
9017,-0.00329629950085867
9018,-0.00465230920618082
9019,-0.00573428051096008
9020,-0.00607912134517768
9021,-0.00592836004307191
9022,-0.00665965731945581
9023,-0.009657541339012
9024,-0.0145260109997087
9025,-0.0189159693567564
9026,-0.0205979480077831
9027,-0.0195261960929876
9028,-0.0175127166092152
9029,-0.0160855857378112
9030,-0.0151786705177693
9031,-0.0138562517590706
9032,-0.0116830188986498
9033,-0.00906449102399457
9034,-0.0066498656688003
9035,-0.00482297106442292
9036,-0.00359418160120477
9037,-0.00263925951158762
9038,-0.00156322822138907
9039,-0.000430586104995631
9040,0.000155955322655945
9041,-2.41889912646133E-05
9042,0.000100198907515294
9043,0.00217775042413582
9044,0.00643566459807007
9045,0.0108561766280462
9046,0.0129319925086746
9047,0.0121396789127101
9048,0.0102237017725099
9049,0.00909130220607342
9050,0.00893398589211213
9051,0.00853959702524536
9052,0.0069428125773627
9053,0.00435508667243879
9054,0.00169724168446323
9055,-0.000354124296387719
9056,-0.00182786889061581
9057,-0.00320331302930486
9058,-0.00474102298345275
9059,-0.0060297489746472
9060,-0.00642390018364011
9061,-0.00616786195963515
9062,-0.00679807915337459
9063,-0.0098019093750436
9064,-0.0147179676169595
9065,-0.0190798425451564
9066,-0.0206596248652471
9067,-0.0195293979170813
9068,-0.0175720600707893
9069,-0.0162362046417388
9070,-0.0153201437783574
9071,-0.0138735481200608
9072,-0.011600649622131
9073,-0.00903612054467891
9074,-0.00678044693286302
9075,-0.00503141804309337
9076,-0.00368749120421788
9077,-0.00251527169169715
9078,-0.00130526102549056
9079,-0.000200699504126809
9080,0.000271528207786276
9081,-8.01800542283882E-06
9082,5.16092065687832E-05
9083,0.0020768323450019
9084,0.00630885984299847
9085,0.0107599227641901
9086,0.0129037738436169
9087,0.0121677810931938
9088,0.0102934535760794
9089,0.0092262020864493
9090,0.00915126224714198
9091,0.00878747992897354
9092,0.00713588550119754
9093,0.00447167948718063
9094,0.00179350806721523
9095,-0.00023867816456068
9096,-0.00173147103071972
9097,-0.0031793901180942
9098,-0.00477064535034038
9099,-0.00603651882800457
9100,-0.00635585302764147
9101,-0.00602398706455688
9102,-0.00659021582111425
9103,-0.00954862267756145
9104,-0.0144867723018925
9105,-0.0189773289320917
9106,-0.0207345461759963
9107,-0.0197132277092786
9108,-0.0177639872578022
9109,-0.0164370117898856
9110,-0.0156257723647999
9111,-0.014314823236176
9112,-0.0120357665327039
9113,-0.00925672834004315
9114,-0.00672378768743659
9115,-0.00484731620029321
9116,-0.00357980941528126
9117,-0.00254405843164835
9118,-0.0013645833595538
9119,-0.000160411716976048
9120,0.000447063402359295
9121,0.000250541000454918
9122,0.000306843471820315
9123,0.00222072102249536
9124,0.00623023538051423
9125,0.010435986590906
9126,0.0124759821717344
9127,0.0118565751361413
9128,0.0101995711900636
9129,0.00925620132479129
9130,0.00916665212353469
9131,0.00877284894025374
9132,0.00715395440040545
9133,0.0044940146355461
9134,0.00169224543925356
9135,-0.000490416020361021
9136,-0.00194258856819931
9137,-0.0031224489675277
9138,-0.00446094031490342
9139,-0.00573803367545972
9140,-0.00628192810463447
9141,-0.00609737281847069
9142,-0.00655265760752982
9143,-0.0092713769165065
9144,-0.0141045386929649
9145,-0.018710147512682
9146,-0.0206345899389261
9147,-0.0196223697868032
9148,-0.0174901984425511
9149,-0.0159296127083455
9150,-0.0149898065215132
9151,-0.0137099369039286
9152,-0.0115876959636235
9153,-0.00902589971627811
9154,-0.00669797528028264
9155,-0.00494769103958801
9156,-0.00370699464118616
9157,-0.00264651121300725
9158,-0.00146008288295055
9159,-0.000288022637591602
9160,0.000274605397471156
9161,3.51259757967658E-05
9162,4.06711894890908E-05
9163,0.00192438632301217
9164,0.00600859318576862
9165,0.0104297848210173
9166,0.0127101130820988
9167,0.0121632430475399
9168,0.0103503550122066
9169,0.00918125789121892
9170,0.00901139279947213
9171,0.00872732374786632
9172,0.00726178134283616
9173,0.00464858811781534
9174,0.0017834568575752
9175,-0.000477072623873704
9176,-0.00196149387510828
9177,-0.0031412346016074
9178,-0.00446716730902556
9179,-0.00571062196706897
9180,-0.00620345171206417
9181,-0.00598582521483459
9182,-0.0064322181196442
9183,-0.0091009785879776
9184,-0.0137898231786788
9185,-0.0182406471057066
9186,-0.020191197674445
9187,-0.019474243316775
9188,-0.0177378579598111
9189,-0.0163743968607026
9190,-0.0153055910248408
9191,-0.0137467348775716
9192,-0.0114696497973399
9193,-0.00894662075529591
9194,-0.00667870733360699
9195,-0.00485346310867541
9196,-0.00347493675925934
9197,-0.00241102546774372
9198,-0.00140742988231433
9199,-0.000433816236361738
9200,9.92653094985669E-05
9201,-1.3501765753031E-05
9202,0.000118069692813572
9203,0.0020400532228323
9204,0.00613599873326559
9205,0.0106175420714034
9206,0.0129722088880626
9207,0.0124308106721559
9208,0.0105533586692851
9209,0.00932569212694606
9210,0.00913697957522065
9211,0.00882619620804522
9212,0.00729147581017961
9213,0.00461507925912582
9214,0.00175490480147299
9215,-0.000454840280165415
9216,-0.0019252290007506
9217,-0.00316206139388581
9218,-0.00456688661259508
9219,-0.00584638002919288
9220,-0.00631142371841023
9221,-0.00601853958331442
9222,-0.00638604038689969
9223,-0.00905098857713067
9224,-0.0138723549212375
9225,-0.0185260037114691
9226,-0.0205548442878932
9227,-0.0196637815929649
9228,-0.0176277633037774
9229,-0.0161263011634753
9230,-0.0152157263141773
9231,-0.0139414495133367
9232,-0.0118072992986404
9233,-0.00921973375844218
9234,-0.00683822275264835
9235,-0.00498937863296259
9236,-0.00363351579435186
9237,-0.00251504570013035
9238,-0.00136077423290384
9239,-0.000243878788693268
9240,0.000328075416816082
9241,0.000146389136715604
9242,0.000159393995105046
9243,0.0019694057225084
9244,0.00599092162392754
9245,0.0104401052916534
9246,0.012781935422912
9247,0.0122204428498916
9248,0.0103215552028259
9249,0.00910731041832766
9250,0.00898636358599913
9251,0.00877542413681627
9252,0.00734143628932203
9253,0.00475832078514387
9254,0.00197762633858276
9255,-0.000199876311260389
9256,-0.00171743778614685
9257,-0.00305926440220574
9258,-0.00455881213092981
9259,-0.00587432020154256
9260,-0.00632678562074855
9261,-0.00601210629462572
9262,-0.00637180557318507
9263,-0.00904232996465681
9264,-0.0138757736816806
9265,-0.0185486505288761
9266,-0.0206143712725803
9267,-0.0197866689499474
9268,-0.0178203501116295
9269,-0.0163408743420163
9270,-0.0153743200253067
9271,-0.014022384756065
9272,-0.0118858533873287
9273,-0.0093802753227397
9274,-0.00705776981677649
9275,-0.00516969239500895
9276,-0.00375573914322924
9277,-0.00268395231196827
9278,-0.00164482152851065
9279,-0.000541020787015347
9280,0.000165232792420995
9281,7.0970497662471E-05
9282,-6.79578199745574E-05
9283,0.00144317573912642
9284,0.00531425239171139
9285,0.00990946154703955
9286,0.0125428972240188
9287,0.0121853808594151
9288,0.010341299404196
9289,0.00912093989678875
9290,0.00899170118619553
9291,0.00874995945187208
9292,0.00725712271070113
9293,0.00463565846613314
9294,0.00187238167736909
9295,-0.000248577156140586
9296,-0.00170066503576265
9297,-0.00299641678651777
9298,-0.0045266598126708
9299,-0.00599897297493629
9300,-0.00666416657930083
9301,-0.00643173828705193
9302,-0.00664274863766012
9303,-0.00908314111597786
9304,-0.0138670020581847
9305,-0.0187321258811004
9306,-0.0210088222100711
9307,-0.020179146450162
9308,-0.0180407642931577
9309,-0.0164551070164674
9310,-0.0155500039180807
9311,-0.0142741709004324
9312,-0.0120665603142981
9313,-0.00942604349185341
9314,-0.00711922530057372
9315,-0.00541122895891289
9316,-0.0040944398821232
9317,-0.00286471297420552
9318,-0.00158606614084482
9319,-0.000469870210178115
9320,1.10900106669932E-05
9321,-0.000221701553524974
9322,-0.000200148909973437
9323,0.00155924606552368
9324,0.00541648253016565
9325,0.00974053981220848
9326,0.0122019648541867
9327,0.0119792015603674
9328,0.0103532006296259
9329,0.00911206929846577
9330,0.00876097044562625
9331,0.00842653148175112
9332,0.00711842843517652
9333,0.00472611527438665
9334,0.001952112522716
9335,-0.000385597254365138
9336,-0.00198869064423931
9337,-0.00322547370733525
9338,-0.00461439557574287
9339,-0.0060516595280967
9340,-0.00680147100382707
9341,-0.00663048891611478
9342,-0.00676615101760638
9343,-0.00902110792998023
9344,-0.0136324578875737
9345,-0.0184471296790249
9346,-0.0208086575689981
9347,-0.0201101437067907
9348,-0.0180367100530162
9349,-0.016425318656533
9350,-0.0154964489443951
9351,-0.0142975234692122
9352,-0.0122322193498391
9353,-0.00964365376117943
9354,-0.00720457616379471
9355,-0.00529035609845756
9356,-0.00390963277749738
9357,-0.00282662454923826
9358,-0.00172612377979051
9359,-0.000601265339770121
9360,5.24576573315736E-05
9361,-8.77306995608017E-05
9362,-0.000200530368786925
9363,0.00135099002213973
9364,0.00517746069306928
9365,0.00965115014088359
9366,0.0121946614995337
9367,0.0118430293566869
9368,0.0100532987800644
9369,0.00887100167819902
9370,0.00877973217226866
9371,0.00863165238422896
9372,0.00727571068762522
9373,0.00474344316924771
9374,0.00195359822015007
9375,-0.00027860253035301
9376,-0.00183103342419696
9377,-0.00314649995495023
9378,-0.00461670215920956
9379,-0.00599606195160076
9380,-0.00657970626028374
9381,-0.00629079511311535
9382,-0.00645539056013983
9383,-0.00883970782768657
9384,-0.0135621733866337
9385,-0.0183985827505894
9386,-0.020722248463025
9387,-0.0200142768495782
9388,-0.0180109803654811
9389,-0.0165075874326005
9390,-0.0156407019391372
9391,-0.014435040124088
9392,-0.0123505757613317
9393,-0.0097683615840393
9394,-0.00731781629598575
9395,-0.00533089227705913
9396,-0.00387886052089577
9397,-0.00283594231053938
9398,-0.00187415319479711
9399,-0.000824199333026168
9400,-6.28321142884589E-05
9401,-4.64597961541114E-06
9402,-2.77103524826024E-05
9403,0.00144959879715628
9404,0.00519665594732325
9405,0.00975601421972367
9406,0.0125212102737413
9407,0.0123351373511649
9408,0.0105119172667654
9409,0.00913138008808227
9410,0.00882684603859823
9411,0.00857880805116349
9412,0.00726556689652174
9413,0.00484806114774949
9414,0.00212474726743338
9415,-0.000164193051512876
9416,-0.00184394991665324
9417,-0.00321612879400202
9418,-0.00460368308923633
9419,-0.00586021989122418
9420,-0.00642963024515603
9421,-0.00623543443991273
9422,-0.00645271334523979
9423,-0.00875982409161169
9424,-0.0133876117332987
9425,-0.0182815419154552
9426,-0.0208093686433662
9427,-0.02027293160708
9428,-0.0182828324029203
9429,-0.016694007160213
9430,-0.0157620598978948
9431,-0.014522221317502
9432,-0.0123735290731174
9433,-0.00971911991324958
9434,-0.00729510911310968
9435,-0.00545319109433628
9436,-0.00411822918749017
9437,-0.00301277319003786
9438,-0.0018510986696055
9439,-0.000666640868480025
9440,2.56734358565408E-05
9441,-0.00012682589429727
9442,-0.000338069513296223
9443,0.00106605569284695
9444,0.00483098073570926
9445,0.0094426133635861
9446,0.0122718344424546
9447,0.0121601879964367
9448,0.0104121757329373
9449,0.00909624345024196
9450,0.00884379938314257
9451,0.00863113609128795
9452,0.00732402648820236
9453,0.00488820386761229
9454,0.00215914290187301
9455,-9.03557896589955E-05
9456,-0.00170242870455584
9457,-0.00303143276876018
9458,-0.00442880285161341
9459,-0.00572607701165751
9460,-0.00632855274960333
9461,-0.0061436830684679
9462,-0.00635377999613857
9463,-0.00864969634082617
9464,-0.0132710416086318
9465,-0.018159777881568
9466,-0.0206609596860227
9467,-0.0200578503591317
9468,-0.0179891671624313
9469,-0.016381498529997
9470,-0.0155335746991799
9471,-0.0144418207165012
9472,-0.0124275892099858
9473,-0.0098579663490643
9474,-0.00747991325642319
9475,-0.00564213321462586
9476,-0.0042385609172974
9477,-0.00299494462361203
9478,-0.0016964425353189
9479,-0.000453862724098108
9480,0.000212964414792603
9481,1.28345434965969E-05
9482,-0.000210483951529058
9483,0.00122328027101611
9484,0.00502280450619149
9485,0.00963062953579057
9486,0.0124055977556375
9487,0.0122237364408158
9488,0.0104330949238798
9489,0.00909460270565295
9490,0.00879150102322167
9491,0.00850426086669674
9492,0.00718867075238013
9493,0.00486540866209122
9494,0.00226732868371072
9495,-1.80825550684674E-06
9496,-0.00179552041072547
9497,-0.00328453479220291
9498,-0.00467611574970647
9499,-0.00588331569390549
9500,-0.0064856523502454
9501,-0.00639965945954604
9502,-0.00664893136693468
9503,-0.00884571485020888
9504,-0.0133543379307054
9505,-0.0182674044902107
9506,-0.0209000652765626
9507,-0.0203825717439695
9508,-0.0182892529819712
9509,-0.0166264479901113
9510,-0.0157741592660925
9511,-0.0147042165826949
9512,-0.0126655520435689
9513,-0.0100047358798053
9514,-0.00750599477401315
9515,-0.00557070444352526
9516,-0.00415273185296099
9517,-0.00302726046496048
9518,-0.00194058297334687
9519,-0.00084085606059155
9520,-9.26010104069588E-05
9521,-3.232538179202E-05
9522,-5.88137685420181E-05
9523,0.00132450972142592
9524,0.00491837798864754
9525,0.00942455548284651
9526,0.0123088756749889
9527,0.0122767355891168
9528,0.0104640190505948
9529,0.00896726394449361
9530,0.00860788947303358
9531,0.00848374085029568
9532,0.00738081306545194
9533,0.00508297141033211
9534,0.0023299743227635
9535,-4.14076244459526E-05
9536,-0.00174360639256169
9537,-0.00308034451281793
9538,-0.00447195800535571
9539,-0.00583080146445793
9540,-0.00652675566010771
9541,-0.0063381854852783
9542,-0.00639078980475274
9543,-0.00848898909164707
9544,-0.0130405817936703
9545,-0.0180197690062077
9546,-0.0206511937906893
9547,-0.0201135722189308
9548,-0.0180689761708895
9549,-0.0165102726949292
9550,-0.0157188909073738
9551,-0.014617918970206
9552,-0.0125193225599968
9553,-0.00985982002835367
9554,-0.00743326594774476
9555,-0.00557268926316288
9556,-0.00417371544607014
9557,-0.00301460149778124
9558,-0.00187126984660626
9559,-0.000704196778756373
9560,0.000107383227406042
9561,0.000170164159298919
9562,2.49661490114788E-05
9563,0.00120452131465121
9564,0.0046635171175489
9565,0.00923751472721603
9566,0.0123468045210128
9567,0.012498864575766
9568,0.0106919376409748
9569,0.00909107163760231
9570,0.008686480808925
9571,0.00862741973593182
9572,0.00758914698940888
9573,0.00525644838530938
9574,0.00242084848900492
9575,3.94119510261385E-05
9576,-0.00157975219861235
9577,-0.00283846030499373
9578,-0.00424222232216241
9579,-0.00569451121107915
9580,-0.00650942663066593
9581,-0.0064183018326832
9582,-0.0064992051296134
9583,-0.0085229453452802
9584,-0.0129553299141968
9585,-0.0179185058454929
9586,-0.020711040924822
9587,-0.0203795458595504
9588,-0.0183753622154096
9589,-0.0166641318949894
9590,-0.0157250194348613
9591,-0.0146502282349186
9592,-0.0126852495034964
9593,-0.0100781307496932
9594,-0.0075624813675397
9595,-0.00558172513573544
9596,-0.00413598294320744
9597,-0.00299035195884885
9598,-0.00186844004420904
9599,-0.000732512192088318
9600,2.04251154501826E-05
9601,3.00824538310454E-05
9602,-0.000118027496898182
9603,0.00108945394500104
9604,0.00454703793977325
9605,0.00908012110791067
9606,0.0121650942238328
9607,0.0123564383076756
9608,0.0106335067835526
9609,0.00909778626782961
9610,0.0086834358144094
9611,0.00852830972056498
9612,0.00736054078085446
9613,0.00495955172497907
9614,0.00216939750146993
9615,-0.000107261598349328
9616,-0.00166750665888273
9617,-0.00294002131683977
9618,-0.00435750387807324
9619,-0.00577199593392526
9620,-0.00654872678850267
9621,-0.00648570757300816
9622,-0.0066247071957671
9623,-0.00864024202380987
9624,-0.0129851989654741
9625,-0.0178761862975183
9626,-0.0206829704940326
9627,-0.0204138526254877
9628,-0.0184453086572326
9629,-0.0167325478356445
9630,-0.0157865418702145
9631,-0.0146931515588873
9632,-0.0126636832874983
9633,-0.00996854715821562
9634,-0.00743049397869298
9635,-0.00554622170477053
9636,-0.00425056592605778
9637,-0.0031764211206654
9638,-0.00198376859830119
9639,-0.000713347132373822
9640,8.54219526333074E-05
9641,-2.04969945371914E-05
9642,-0.000349775511747236
9643,0.000789539090777311
9644,0.00436242439229205
9645,0.00907581739699196
9646,0.0122393454185769
9647,0.0123854592094714
9648,0.0106140060749548
9649,0.00910783426455249
9650,0.00874943783344603
9651,0.0086072009356055
9652,0.00744227029544094
9653,0.00510005790742273
9654,0.00238991599327849
9655,0.000114804441508301
9656,-0.00153352216924566
9657,-0.00289306125558159
9658,-0.00435157969117446
9659,-0.00581437506816657
9660,-0.00665665834203698
9661,-0.00656165438964325
9662,-0.00649581308677116
9663,-0.00827469342376361
9664,-0.0125857434093038
9665,-0.0176778031377728
9666,-0.020700901576487
9667,-0.0204705807906899
9668,-0.0184166506278837
9669,-0.0166684582262334
9670,-0.0157846095195249
9671,-0.014759184085446
9672,-0.0127550789581105
9673,-0.0100988396567774
9674,-0.00763459625124158
9675,-0.00576462268998512
9676,-0.00434512868418607
9677,-0.00309430194852321
9678,-0.00184386979906493
9679,-0.000676001018537797
9680,1.06696317589856E-05
9681,-5.86631506107143E-05
9682,-0.000234724830391859
9683,0.000990815083139325
9684,0.00447582686592702
9685,0.00903274194465022
9686,0.0121613099215379
9687,0.0124301355172564
9688,0.0107725142021627
9689,0.00921896056571047
9690,0.00871978687571807
9691,0.00854427797196349
9692,0.00751008783315116
9693,0.00528503428258309
9694,0.00249995882845019
9695,2.26611231523276E-05
9696,-0.00172903355873593
9697,-0.00299379014504798
9698,-0.00428861658787169
9699,-0.00568041718816769
9700,-0.00654677368017611
9701,-0.00647122619089248
9702,-0.00638474002053869
9703,-0.00815309823491162
9704,-0.0124942049643414
9705,-0.0176350912081206
9706,-0.0207167187293892
9707,-0.020569054778726
9708,-0.0185903819240789
9709,-0.0168404629442247
9710,-0.0158896440093931
9711,-0.0148612517228937
9712,-0.0130018222524549
9713,-0.0105246886228391
9714,-0.00807506915768454
9715,-0.0060306763023579
9716,-0.00444595712866634
9717,-0.00320870772751523
9718,-0.00207600300414161
9719,-0.000924619514272747
9720,-0.000101019391162543
9721,-4.43345831118448E-05
9722,-0.000253872231661399
9723,0.000844241290008163
9724,0.00428821307238361
9725,0.00894422590464168
9726,0.0121892329799065
9727,0.012479753764706
9728,0.0107906703832829
9729,0.00925629974759812
9730,0.00882836495890281
9731,0.00868897805904892
9732,0.00763780966890481
9733,0.00543764285814066
9734,0.00277729478379761
9735,0.000428204321133084
9736,-0.00133135101276043
9737,-0.00272930568769837
9738,-0.00412636976536068
9739,-0.00549452251190036
9740,-0.00629664392033762
9741,-0.00624830054653323
9742,-0.00626328203732943
9743,-0.00805256547158237
9744,-0.0122407318534654
9745,-0.0171493371121955
9746,-0.0201141547626297
9747,-0.0200789068085517
9748,-0.0183824621238335
9749,-0.0168991932430288
9750,-0.0160168060233346
9751,-0.0148099372998905
9752,-0.0126589220258959
9753,-0.00999130483040178
9754,-0.0075581024471596
9755,-0.00565504813066697
9756,-0.00419564524266549
9757,-0.00303897805418103
9758,-0.00200570871374558
9759,-0.000962578409438521
9760,-0.00013612395713665
9761,7.76945592814136E-05
9762,9.70141837419477E-06
9763,0.00101991866645638
9764,0.00417861258989575
9765,0.00862719106363078
9766,0.0119272813679889
9767,0.0124049811237463
9768,0.0107849421489068
9769,0.00917074003630674
9770,0.00870723274534605
9771,0.00867944789631313
9772,0.00774233393092316
9773,0.00549145619300908
9774,0.00268085063610703
9775,0.000279327727399195
9776,-0.00139765501874625
9777,-0.00274225605845694
9778,-0.00422349353848202
9779,-0.00570430600669431
9780,-0.00647744621213441
9781,-0.00624715598188431
9782,-0.00606209174643477
9783,-0.00775200414886225
9784,-0.0119757475065419
9785,-0.0170373271265544
9786,-0.0201925274722636
9787,-0.0202318385772547
9788,-0.0184001589991367
9789,-0.016700685570013
9790,-0.0157813633085156
9791,-0.0147964917024947
9792,-0.0129012908088284
9793,-0.0102670379276223
9794,-0.00767350101183935
9795,-0.00565470552458108
9796,-0.00422618495647566
9797,-0.00309586379532478
9798,-0.00193985291549886
9799,-0.000725693607697541
9800,9.83166845143722E-05
9801,9.36036806985494E-05
9802,-0.000209369263354452
9803,0.000756144177530435
9804,0.00406211477530283
9805,0.00869491172845446
9806,0.0120948884647013
9807,0.0125881874653437
9808,0.0109529838616786
9809,0.00931479641310098
9810,0.00881313643580813
9811,0.00874575308153716
9812,0.00779232919486535
9813,0.00553586361315325
9814,0.00268160208267611
9815,0.000192867411203063
9816,-0.00152770002887703
9817,-0.00277832587751834
9818,-0.00406968741139111
9819,-0.00544179318596775
9820,-0.00631467780118951
9821,-0.00631308724116187
9822,-0.00627650631419776
9823,-0.0079205613508084
9824,-0.0119896694462943
9825,-0.0169561520819276
9826,-0.0201590217076159
9827,-0.0203446739506118
9828,-0.0186515100917566
9829,-0.0169856693501071
9830,-0.0159627083926982
9831,-0.0148110887785535
9832,-0.0128299046766648
9833,-0.0102633390237907
9834,-0.00779816823228052
9835,-0.0058123594924394
9836,-0.00429936844335842
9837,-0.00310209074314337
9838,-0.00199571851438694
9839,-0.000873857452554744
9840,-5.2690102406354E-05
9841,2.91399274684546E-05
9842,-0.000212839097430697
9843,0.000743635518419107
9844,0.00405802415765294
9845,0.00878278356154551
9846,0.0122796136381153
9847,0.0127539328566895
9848,0.0109996651134545
9849,0.00928682009421492
9850,0.0088452154118491
9851,0.00890308706092851
9852,0.00801003770079969
9853,0.00571463901836229
9854,0.00280368763085213
9855,0.000323838798873161
9856,-0.00133755376071754
9857,-0.00257692176778982
9858,-0.00397840738702795
9859,-0.00553825433954155
9860,-0.00653540500357326
9861,-0.00649102221134631
9862,-0.00629942223670405
9863,-0.0078477164067749
9864,-0.0119845969460837
9865,-0.0170998860448079
9866,-0.0203573232201866
9867,-0.0204382310204091
9868,-0.0185971593523327
9869,-0.0168999534216085
9870,-0.0159929825763321
9871,-0.0149922282269062
9872,-0.0130760276178231
9873,-0.010477149809703
9874,-0.00796105015683987
9875,-0.00596820989920309
9876,-0.00447593400576804
9877,-0.00327334126947719
9878,-0.00212340277719649
9879,-0.000962947922809903
9880,-0.000145895292389212
9881,-9.95257565845302E-05
9882,-0.000382597039914399
9883,0.00051703393544487
9884,0.00374204794382555
9885,0.00839597990909123
9886,0.0119445918898793
9887,0.0126203348579365
9888,0.0110824560536673
9889,0.00941171448593798
9890,0.00879979566566086
9891,0.00864484751933408
9892,0.00769601465455789
9893,0.00551876238977794
9894,0.00273708762302746
9895,0.00026058360182989
9896,-0.00148053483096442
9897,-0.00273893551538286
9898,-0.0040512060272499
9899,-0.00551771967871942
9900,-0.00651972980619828
9901,-0.0065304518644948
9902,-0.00631416455550175
9903,-0.0077405785021886
9904,-0.0117982953503427
9905,-0.0169914349615239
9906,-0.0204086167326243
9907,-0.0205521769611457
9908,-0.01861675369236
9909,-0.0167880849292664
9910,-0.0158455531496962
9911,-0.0148999104344483
9912,-0.0130340452922741
9913,-0.010431434135943
9914,-0.0078858455510235
9915,-0.00587561191028512
9916,-0.00439495950956263
9917,-0.00324779809531861
9918,-0.00218682015757234
9919,-0.00106897991561048
9920,-0.000157465236433224
9921,8.35024249922327E-05
9922,-8.49242360933088E-05
9923,0.000711617950747126
9924,0.00368802757765726
9925,0.00814868398959264
9926,0.011660867178471
9927,0.0123853558977622
9928,0.010890231081291
9929,0.00928304036716522
9930,0.00883211578309569
9931,0.00891188507000167
9932,0.00814156833789156
9933,0.00598810885010901
9934,0.00309767174725738
9935,0.000474764943434477
9936,-0.0013710485308421
9937,-0.00265974058204731
9938,-0.00393976584907834
9939,-0.00537065849731767
9940,-0.00640900719793193
9941,-0.00653939708315557
9942,-0.00643687462715492
9943,-0.00786819638164866
9944,-0.0118291236457195
9945,-0.0169404353819158
9946,-0.020383961474786
9947,-0.0206349168988728
9948,-0.0187921062126954
9949,-0.0169919775534348
9950,-0.0160438577840424
9951,-0.0151064869342163
9952,-0.0132752200483757
9953,-0.0107184206255094
9954,-0.0082133839059018
9955,-0.00622563689247972
9956,-0.00473616447145962
9957,-0.00354309038583052
9958,-0.00240799538454432
9959,-0.00120720393739522
9960,-0.000230794666355039
9961,2.55537090399831E-05
9962,-0.000190015446147353
9963,0.000534370094487979
9964,0.00349031799427282
9965,0.00802837042921882
9966,0.0116734270950743
9967,0.0124843055204986
9968,0.0109589687244856
9969,0.00922349288989444
9970,0.00862518690377997
9971,0.00861579414204325
9972,0.00785427737365855
9973,0.00580577982568414
9974,0.00307545318487639
9975,0.00059452451799723
9976,-0.00119932494452963
9977,-0.00254627756560675
9978,-0.00393850118868632
9979,-0.00543689978220723
9980,-0.00643098434377073
9981,-0.00642338298284389
9982,-0.00617847903415453
9983,-0.00755396272919038
9984,-0.0115740511689549
9985,-0.0168170362304718
9986,-0.0203913164059234
9987,-0.0207157815291871
9988,-0.0188733037409378
9989,-0.017018780908791
9990,-0.0159921787708436
9991,-0.0149768682659384
9992,-0.0130881532732272
9993,-0.0105174661688144
9994,-0.00805013699654854
9995,-0.006110816355584
9996,-0.0046093944622735
9997,-0.00333064935737963
9998,-0.00213003117378903
9999,-0.00098975102446638
