T,AI2_filter1
0,-1.31805876321408E-21
1,-9.29591972053373E-07
2,-8.64870819601319E-07
3,1.30421068792259E-06
4,2.36854267072431E-06
5,-7.37937268962169E-07
6,-3.72221975812764E-06
7,2.21276780985717E-07
8,6.60271373055776E-06
9,3.12168132155866E-06
10,-7.71011243986082E-06
11,-6.69164426287076E-06
12,9.41561890769413E-06
13,1.5127386718953E-05
14,-4.63823993701598E-06
15,-2.03637602491708E-05
16,-1.47148965939089E-08
17,2.89729684493331E-05
18,1.29228604490711E-05
19,-3.14039846563634E-05
20,-2.74410983133195E-05
21,3.11527278179586E-05
22,4.76767086484346E-05
23,-2.14432481047544E-05
24,-6.82595656541753E-05
25,2.55329211748548E-06
26,8.79921965127429E-05
27,2.86177406736817E-05
28,-0.00010217521263972
29,-7.29155852367165E-05
30,0.000106743783397418
31,0.000132288396933394
32,-9.69916876340474E-05
33,-0.000213362615749833
34,6.42714161122444E-05
35,0.000331486728392201
36,-2.03068912853503E-07
37,-0.000576259862218198
38,-0.00014459107616072
39,0.00179553570130359
40,0.00383212781364565
41,0.00387842435418384
42,0.00155530807134172
43,-0.00136689701428351
44,-0.00313388698523463
45,-0.00391106206922425
46,-0.00494286200660984
47,-0.00638652069544852
48,-0.00710740771334583
49,-0.00678990041724271
50,-0.00716576962645075
51,-0.0102013231358154
52,-0.0153916217845187
53,-0.0198114184309519
54,-0.0210735759209752
55,-0.0195941437220541
56,-0.0175934309282274
57,-0.016437765233121
58,-0.0156134496148477
59,-0.014036686966856
60,-0.0115409696150577
61,-0.00883728820105358
62,-0.00658619781927136
63,-0.00494760813732018
64,-0.00375401635423597
65,-0.00270884232982337
66,-0.00156893729865802
67,-0.000495993791701686
68,-4.79822755800771E-05
69,-0.000313910651079197
70,-0.000127605086510146
71,0.00212417532998605
72,0.00650888644064407
73,0.0108481470732073
74,0.0126392460675986
75,0.0115699258595289
76,0.00961879101944817
77,0.00869263311039759
78,0.0087226479144865
79,0.00825523765479138
80,0.0063724010389683
81,0.00355633535622246
82,0.00091014460416334
83,-0.000970579256618235
84,-0.00230959268492964
85,-0.00365815152730661
86,-0.00519161186479515
87,-0.00640955177859769
88,-0.00669186187858008
89,-0.00639239750312924
90,-0.00712876165036089
91,-0.0103514263441181
92,-0.0154412421303877
93,-0.0197635525801048
94,-0.0210760180566142
95,-0.019641083022781
96,-0.0175776619861714
97,-0.0163874168300176
98,-0.0156903169574688
99,-0.0143079137649156
100,-0.0118716118707173
101,-0.00903699243701154
102,-0.00660790917107439
103,-0.00492194410382357
104,-0.00385115829474966
105,-0.00297426947391576
106,-0.00189054365492535
107,-0.00073974450579114
108,-0.000214215168542394
109,-0.000514910442733758
110,-0.000402683633396786
111,0.00190169622070248
112,0.00648032860547916
113,0.0109685893480252
114,0.0127139017263604
115,0.0114840415786176
116,0.00945209781308365
117,0.00858689218213501
118,0.00871319069921943
119,0.00828002947925479
120,0.0063859748132173
121,0.00355963575423392
122,0.000898088361883992
123,-0.00100332946065478
124,-0.00231051098282835
125,-0.00354238711287262
126,-0.00495930475249321
127,-0.00618040812828291
128,-0.00656994583880915
129,-0.00632668058216258
130,-0.00696496634929967
131,-0.0100168763200846
132,-0.0150290959507408
133,-0.0194277094581963
134,-0.0208881944282864
135,-0.0195687757130771
136,-0.017552510096939
137,-0.0163454418242489
138,-0.0155712759686732
139,-0.0140850002703189
140,-0.0116025658268592
141,-0.00883480895535292
142,-0.00651648035453566
143,-0.00484610269845182
144,-0.00366409405185604
145,-0.00268873387993586
146,-0.00165719374698868
147,-0.000643196771257335
148,-0.000130411181338157
149,-0.000251709394111362
150,2.77422190146901E-05
151,0.00224027172707307
152,0.00649801112171288
153,0.0107310970193714
154,0.0125015745356761
155,0.011475509902463
156,0.00956966983212387
157,0.00866747631168445
158,0.0087415358213835
159,0.00837853436516428
160,0.0066139415331058
161,0.00381730440882697
162,0.00105221959270457
163,-0.000966357047023488
164,-0.0023091591589615
165,-0.00354176677471354
166,-0.0050160909825422
167,-0.00633087025062534
168,-0.00673002155862371
169,-0.00636159585592164
170,-0.00685309395858396
171,-0.00989342303237038
172,-0.0150422669946378
173,-0.0195830383292317
174,-0.0210718216359604
175,-0.0197014799790274
176,-0.0176592921910995
177,-0.0164638571371764
178,-0.0156621470469625
179,-0.0140941762667175
180,-0.0115759416850651
181,-0.00889158941884567
182,-0.00669945229480899
183,-0.00506143315232219
184,-0.00379163815217195
185,-0.00269264101668156
186,-0.00155330243299565
187,-0.000428457701889924
188,0.00016995081819452
189,-1.37589136864988E-06
190,6.27065730031953E-05
191,0.00206685464661737
192,0.00633943822724669
193,0.0108058919885699
194,0.0127979089317499
195,0.0117989153403688
196,0.00978083306784039
197,0.00879906447372207
198,0.00889044673677875
199,0.00856512896446312
200,0.00677974732317586
201,0.00390685392843965
202,0.00105513952189967
203,-0.00101603362231898
204,-0.00232985997270678
205,-0.00343436997946885
206,-0.00476202383343383
207,-0.00605926634662108
208,-0.00662486822703712
209,-0.0064746655517132
210,-0.00704633441158415
211,-0.00999491633433193
212,-0.0150248862899777
213,-0.0195490082003469
214,-0.0210873803825785
215,-0.0197143581061932
216,-0.0175956426218628
217,-0.0163521166885412
218,-0.0156091108352741
219,-0.0141520587261059
220,-0.0116818736850393
221,-0.00895147335727534
222,-0.00669428175161032
223,-0.00504500469320286
224,-0.00381173468945518
225,-0.00275934449238617
226,-0.00167702482125227
227,-0.000631703860549614
228,-9.18181011033523E-05
229,-0.000235775833269602
230,-8.60184531932671E-05
231,0.00193553273516984
232,0.00609580485591278
233,0.0104467616353399
234,0.0125044891481612
235,0.0117465573199559
236,0.00991902064343366
237,0.00889453523608719
238,0.00879409226064408
239,0.00837139779589633
240,0.00669011961332424
241,0.0039857246957175
242,0.00117171742120408
243,-0.00103057386924988
244,-0.00252635985503817
245,-0.00374131768134059
246,-0.00507465087475421
247,-0.00629749480870451
248,-0.00673191565054973
249,-0.00640560300526674
250,-0.00678285582912803
251,-0.0095799201770304
252,-0.0145816241377611
253,-0.0192377422974415
254,-0.0209980350218462
255,-0.019787378891353
256,-0.017679452995173
257,-0.0163588036669096
258,-0.0155886572739518
259,-0.0141895910661119
260,-0.0117538165021406
261,-0.0089340142772773
262,-0.00651291142236251
263,-0.0047669928797771
264,-0.00357289658433258
265,-0.00263260998930295
266,-0.00163540197858716
267,-0.000610955816947191
268,-5.51592264914168E-05
269,-0.000186152550666583
270,-4.40080536823742E-05
271,0.00196402219926627
272,0.00614058891641124
273,0.0105482751524127
274,0.0126481241138421
275,0.0118389545010182
276,0.00986785362184678
277,0.00871133306107612
278,0.00858500041530072
279,0.00822375788897133
280,0.00661157845497021
281,0.00396904469889887
282,0.00126080019484395
283,-0.000800342286948375
284,-0.00223040259487586
285,-0.0035373934708236
286,-0.00505186141538925
287,-0.00639857588052669
288,-0.00684822842075875
289,-0.00650763254151877
290,-0.00691562425035149
291,-0.00975646463185536
292,-0.0147411140863419
293,-0.0193216115329339
294,-0.0210252727771198
295,-0.0198216719748742
296,-0.0177350388676086
297,-0.0163721686699743
298,-0.0154957252568037
299,-0.0140183594019633
300,-0.0116191459487657
301,-0.00892806995627749
302,-0.00660794965906238
303,-0.0048481012467657
304,-0.00356875824684825
305,-0.0025838556164841
306,-0.00161060199375799
307,-0.000587963515612755
308,5.82089726171874E-05
309,4.02139273998461E-05
310,0.000190800547308663
311,0.00208875563373148
312,0.00614650904669422
313,0.0105010163577251
314,0.0125701426717275
315,0.0117072029219748
316,0.00972437764913925
317,0.00868444802332
318,0.00874518725788184
319,0.00846773093330836
320,0.00675462105376137
321,0.00393834256564659
322,0.00114607778069155
323,-0.000873389522362559
324,-0.00221075629617066
325,-0.00342261467175004
326,-0.00482870579658379
327,-0.00607293730053594
328,-0.00650301288493016
329,-0.0062529920573004
330,-0.00676027881116898
331,-0.00957721633587149
332,-0.0144244839377476
333,-0.0189211919898075
334,-0.0207353448304703
335,-0.0197813256458115
336,-0.0178845606058529
337,-0.0165266475589967
338,-0.0155456985021127
339,-0.014022077651079
340,-0.0116936718046772
341,-0.00909526079122469
342,-0.00678813118259902
343,-0.00497971180169062
344,-0.0036717093669004
345,-0.00269269635894994
346,-0.00170823241406633
347,-0.000658698458555182
348,-5.78129259202152E-05
349,-0.000240274105928705
350,-0.000274475682916402
351,0.00157956171825523
352,0.00578875945951722
353,0.0104012694771686
354,0.0127170158939146
355,0.0120286925880248
356,0.0101190849211816
357,0.00902535713586057
358,0.00893761328399132
359,0.00853910035617825
360,0.00684175361995341
361,0.00414180530516572
362,0.00141835260608751
363,-0.00065758454750638
364,-0.00209713201455175
365,-0.00335434824630256
366,-0.0047838882902435
367,-0.00614343110410824
368,-0.00676935566108289
369,-0.00662109816711707
370,-0.00701900612292014
371,-0.00964064049908918
372,-0.0144385175744686
373,-0.0190697282481501
374,-0.0209937611057596
375,-0.0199541768609355
376,-0.0178800016830041
377,-0.0164918373529558
378,-0.0156830446086918
379,-0.014347214798359
380,-0.0120542325810282
381,-0.00938631142078737
382,-0.00704772221481196
383,-0.00526992200105585
384,-0.00396755991818308
385,-0.00294182705790846
386,-0.00192695212777071
387,-0.000886475504045601
388,-0.000247448874924247
389,-0.00028355122146145
390,-0.000152731842539561
391,0.00173881574595029
392,0.00584437635787943
393,0.0103469618515428
394,0.0126506224268684
395,0.0119947683772092
396,0.0100398579633029
397,0.00881030252223237
398,0.0086290836578606
399,0.00830177736163458
400,0.00678779199916488
401,0.0041884281741083
402,0.00135813947451863
403,-0.000931224376262465
404,-0.0024660357753346
405,-0.00360580456304346
406,-0.00484057247470169
407,-0.00611442833303508
408,-0.00677850185481319
409,-0.00665545645796702
410,-0.00698694095460007
411,-0.00952700550575895
412,-0.014332723837418
413,-0.0190538406592275
414,-0.0210687259651598
415,-0.0200854865399094
416,-0.0180531806131966
417,-0.0166885917584433
418,-0.0158458152823872
419,-0.0144190674548966
420,-0.0120439754215624
421,-0.00936067701231809
422,-0.00706461348647654
423,-0.00534592674540545
424,-0.00410192843301284
425,-0.00312906508821521
426,-0.00213056379337942
427,-0.00103385635313708
428,-0.00029094444501549
429,-0.000274688439513718
430,-0.000233359016133025
431,0.00144805300520507
432,0.00536365882545479
433,0.00984091353859823
434,0.0122958927444892
435,0.0118381653865667
436,0.00999389814623067
437,0.00877607986719225
438,0.00858670117878463
439,0.00827305343566825
440,0.0067673433150523
441,0.00416886234201004
442,0.00139320638664505
443,-0.000774060952421449
444,-0.00223267232953354
445,-0.00345789987018325
446,-0.00487141487947216
447,-0.00620227568038133
448,-0.00669190808289024
449,-0.00629894815021342
450,-0.006490419487354
451,-0.00909536110023288
452,-0.0140633187956692
453,-0.0189125209358473
454,-0.0209803549903404
455,-0.0200010226789733
456,-0.0179627440387515
457,-0.016623003550494
458,-0.0158593703489728
459,-0.014526870038021
460,-0.0121700196694234
461,-0.00938030478260972
462,-0.00691067069880552
463,-0.00505378890184339
464,-0.00374530961407269
465,-0.00274036579042306
466,-0.00170414140440855
467,-0.00058840698222793
468,0.000105619536128252
469,6.72928381319927E-06
470,-6.58779201304185E-05
471,0.00156885890040394
472,0.00549250861997326
473,0.00994870724008452
474,0.012299856828034
475,0.0117168658063224
476,0.00984766728230545
477,0.0087353600065774
478,0.00866703066696163
479,0.00836838302265372
480,0.00679796841941532
481,0.00417900080025522
482,0.0014630476257363
483,-0.000658297066293988
484,-0.00214350756730355
485,-0.00338756854135348
486,-0.00473785139095372
487,-0.00602451777838686
488,-0.00665079566028064
489,-0.00652244895237097
490,-0.00683053746118471
491,-0.00924606719111637
492,-0.0139183470719316
493,-0.0186997210667724
494,-0.0209844566355072
495,-0.0202341578536692
496,-0.0181945581889566
497,-0.0166864856249876
498,-0.0158120086201629
499,-0.0145066766845326
500,-0.0122041915467137
501,-0.00939915764340519
502,-0.00688329802784296
503,-0.00502769462770857
504,-0.00377194852147903
505,-0.00282657598235291
506,-0.001830771353424
507,-0.000715793830555041
508,5.08515791016003E-05
509,7.86058242952802E-05
510,7.63571764638593E-05
511,0.00164706971841622
512,0.00547274364107955
513,0.00998779134586004
514,0.0125693263745746
515,0.0121554303210549
516,0.010193122415567
517,0.00883444936073279
518,0.00866068042651876
519,0.00849244537113383
520,0.00706348428992259
521,0.00436901178330951
522,0.00144618967882488
523,-0.000735337160144353
524,-0.00204795603418851
525,-0.00310640134283914
526,-0.00447971340695216
527,-0.00593150542259373
528,-0.00662530503312635
529,-0.00639158582469314
530,-0.00659667427301929
531,-0.00907114490274831
532,-0.0138784860798913
533,-0.0186666214614194
534,-0.0208003594500469
535,-0.0199340919369671
536,-0.0179717217349742
537,-0.0166584001875494
538,-0.0159131956209977
539,-0.0146339863755468
540,-0.0123799097174218
541,-0.00970965761365322
542,-0.00729605799202625
543,-0.00537469442608956
544,-0.00393995541968164
545,-0.00288851244762862
546,-0.00194206562061123
547,-0.000938630699057042
548,-0.000242784261174187
549,-0.000255859226705724
550,-0.000299106939533796
551,0.00129431124483276
552,0.00527575226701955
553,0.0100041517153426
554,0.0126987481195909
555,0.0122673189748804
556,0.0102834536788863
557,0.00897807166729192
558,0.00885053443663235
559,0.00863433648149402
560,0.00712570990381772
561,0.00441554357577787
562,0.00147893211985806
563,-0.000851020496017608
564,-0.00240264503029889
565,-0.00356869094152269
566,-0.00482565119937061
567,-0.00612158351361866
568,-0.0068134539819971
569,-0.00664283724678076
570,-0.00674601746655359
571,-0.00895382417599819
572,-0.013593954200223
573,-0.0184772417520319
574,-0.0208076961981298
575,-0.0199945869133937
576,-0.0179413258057034
577,-0.0165838688529512
578,-0.0159109808021496
579,-0.0146850266442682
580,-0.0123630869889439
581,-0.00960516522962649
582,-0.00723748546482522
583,-0.00547237828169873
584,-0.0041327202289434
585,-0.00301823980212626
586,-0.00192660789327382
587,-0.000817727858511744
588,-8.41348907657344E-05
589,-8.72726300653056E-05
590,-0.000149439982252079
591,0.00134344595155641
592,0.00513751309028791
593,0.00969112033401127
594,0.0123447723441772
595,0.0120176626751133
596,0.0101701370833198
597,0.00892280712151548
598,0.00878288826468198
599,0.00856862196729862
600,0.00710852636032045
601,0.00444487171498265
602,0.0015289181768011
603,-0.000747065297439667
604,-0.00216898057919938
605,-0.00321132932954182
606,-0.00447820308841384
607,-0.00591436960606207
608,-0.00672975717906979
609,-0.00656082468484332
610,-0.00660171132106336
611,-0.00879760078393145
612,-0.0134931380709995
613,-0.0184406872777525
614,-0.020830876227584
615,-0.0201021836148206
616,-0.0181223279247876
617,-0.0167312117644266
618,-0.0159085173852355
619,-0.0145497784305119
620,-0.0122342079618578
621,-0.00957963192406269
622,-0.0072748712300965
623,-0.00548701348806659
624,-0.00412538996683841
625,-0.00306754292780232
626,-0.00207517972851076
627,-0.0010201212563344
628,-0.000269496959602941
629,-0.000233666952660048
630,-0.000275884094803654
631,0.00123887767247956
632,0.00510332767724421
633,0.00976885415524147
634,0.0124895976531039
635,0.0120968498485586
636,0.0100749947698866
637,0.00868853001626304
638,0.00856191132659127
639,0.00847082315061086
640,0.00710349745298917
641,0.00444792929777397
642,0.00153118541014266
643,-0.000701324627864206
644,-0.00210753888787399
645,-0.0032351510285657
646,-0.00461040976897569
647,-0.00603523485269829
648,-0.00672903395778156
649,-0.0064990245489687
650,-0.00663629253338976
651,-0.00897233343321195
652,-0.0136868773161032
653,-0.0185298574730121
654,-0.0208227629139378
655,-0.020085349307477
656,-0.018162286457272
657,-0.016862251944521
658,-0.0161593522552788
659,-0.0148964361737126
660,-0.0125542115512502
661,-0.0097336557666049
662,-0.00724178099737368
663,-0.00536974905271222
664,-0.00402990121515701
665,-0.00303478680594019
666,-0.00212694158737485
667,-0.00117904662624596
668,-0.000489388330382882
669,-0.000389095180307425
670,-0.000309397096972097
671,0.00119346859114991
672,0.00484108626055823
673,0.0092692808163677
674,0.0119738382675787
675,0.0117945169859159
676,0.00999053064883108
677,0.00864559269756688
678,0.00843877465599632
679,0.00832518069980787
680,0.00707061939601736
681,0.00457188016901543
682,0.00171986415766151
683,-0.000582982412366273
684,-0.00211988207906109
685,-0.00333147226626361
686,-0.00470914662933609
687,-0.00611891481062433
688,-0.00685031985339609
689,-0.00666950242228995
690,-0.0067407626301373
691,-0.00886659987372754
692,-0.0134063434059702
693,-0.0183344236828232
694,-0.020954430532835
695,-0.0204850016741778
696,-0.0184960264504188
697,-0.0168606904000949
698,-0.0158903338732961
699,-0.0146642184575962
700,-0.012561613494732
701,-0.00990556943007335
702,-0.00738225832663004
703,-0.0054140857915252
704,-0.00407004907152922
705,-0.00311652684643287
706,-0.00212194431319143
707,-0.000933671325768992
708,-6.94444290183685E-05
709,-7.70692186038772E-05
710,-0.000306227535652971
711,0.00101198263709205
712,0.00479739852972106
713,0.00952578791280996
714,0.0123778152879463
715,0.0120962891558653
716,0.0101310860612809
717,0.00875794928229961
718,0.00861807554915736
719,0.00850844945727383
720,0.00715504150859085
721,0.00455932271832026
722,0.00169115267368791
723,-0.00057212410963638
724,-0.00205334596091134
725,-0.00318918435025147
726,-0.00449596789648507
727,-0.00591884398307089
728,-0.00675599340472455
729,-0.0066367367951443
730,-0.00660331273677916
731,-0.00854546633921394
732,-0.0130259493953522
733,-0.0180516114368844
734,-0.0207364255294144
735,-0.0201828788523907
736,-0.0181255125011275
737,-0.0166558804945227
738,-0.0160017016647163
739,-0.0149169354952342
740,-0.0126463629657386
741,-0.00976530915255204
742,-0.00726249693493048
743,-0.00551320833227695
744,-0.00428287278616413
745,-0.00321158681976043
746,-0.0020688821775547
747,-0.00091411507643082
748,-0.000192815312596614
749,-0.000236159671677667
750,-0.000365486829120197
751,0.000999088732398641
752,0.00466154907020636
753,0.00922476547634322
754,0.012060112893017
755,0.0119172081782896
756,0.0100867571771642
757,0.00873188480085772
758,0.00852932730298877
759,0.00836796579442167
760,0.00701851410095078
761,0.00447881847904958
762,0.00168935114073092
763,-0.000541645817099216
764,-0.00211251274013472
765,-0.00343371599223925
766,-0.00486317512526851
767,-0.00621583197727551
768,-0.00686518867846433
769,-0.0066556060248404
770,-0.00672075444507116
771,-0.00880128530503235
772,-0.0132694210698465
773,-0.0181533098535649
774,-0.0207648878858161
775,-0.0203135234346628
776,-0.0184162270438148
777,-0.0169894105709042
778,-0.0162463209381034
779,-0.0150705391223683
780,-0.012791217290126
781,-0.00993582970239391
782,-0.00741530760215501
783,-0.00560508887330232
784,-0.00432069559324464
785,-0.00322055076176486
786,-0.00206065347327957
787,-0.000905384570276217
788,-0.000217068778679738
789,-0.000303294150267044
790,-0.000428303450200457
791,0.00100565271903739
792,0.00475698298008748
793,0.0093877482724457
794,0.0122864266835573
795,0.0122285637059151
796,0.0104688870224851
797,0.00910728028422457
798,0.00883489914369709
799,0.00864177788588555
800,0.00735803860324074
801,0.00490286900894023
802,0.00208988100161349
803,-0.000270490966169019
804,-0.00192525274085979
805,-0.0031734249470435
806,-0.00445870844430777
807,-0.00577717417806196
808,-0.00653493041446313
809,-0.00640735692204392
810,-0.00639246580336846
811,-0.00833998396703898
812,-0.0128523881725654
813,-0.0179892199389352
814,-0.0208147099117979
815,-0.0203059665059554
816,-0.0181551934086523
817,-0.0165684954793679
818,-0.0159183225819646
819,-0.014969316223227
820,-0.012844908024923
821,-0.0100061517630395
822,-0.00742625559947998
823,-0.00553851553436763
824,-0.00418545741553463
825,-0.00307423473530302
826,-0.00199393322846722
827,-0.000942292833157236
828,-0.000272482863635094
829,-0.000305069453767204
830,-0.000446500176787393
831,0.000840949785267332
832,0.00446471171195787
833,0.00916219502884999
834,0.0122650764476926
835,0.0123077783692308
836,0.0104309480549641
837,0.00889591123140288
838,0.00861243844286916
839,0.00857015728756258
840,0.00741015645243579
841,0.00493516902886866
842,0.00203494470108095
843,-0.000356084012751098
844,-0.00197600565271163
845,-0.00319203633443214
846,-0.00446598299645102
847,-0.0057625231081832
848,-0.00651136420835343
849,-0.00646914038397885
850,-0.00663500679999808
851,-0.00871875143319501
852,-0.013194941154051
853,-0.0181882437132496
854,-0.0209572791019039
855,-0.0205492489571216
856,-0.0185014268598372
857,-0.0168454501388533
858,-0.0159957162109919
859,-0.0149150800763249
860,-0.0128183305720585
861,-0.0100613647428236
862,-0.00750473479679599
863,-0.00561826290585291
864,-0.00432013201126522
865,-0.00325566827952673
866,-0.00208231812469416
867,-0.00081898464692127
868,-1.17106509603031E-05
869,-0.000102214690633559
870,-0.000395224105463998
871,0.00080959824063825
872,0.00442408266751087
873,0.00908463272474396
874,0.0121275152024529
875,0.0122057621948914
876,0.0104763409681284
877,0.00903322494150563
878,0.00865507602117246
879,0.00844499332100911
880,0.00727463580053234
881,0.0049907187249536
882,0.00228373085185031
883,-9.67635186214479E-05
884,-0.00184832873176617
885,-0.00317368195181826
886,-0.00447365433638708
887,-0.00578614485652771
888,-0.00658357646983171
889,-0.00654941387281222
890,-0.00660970437458872
891,-0.00852989889303179
892,-0.0129156521584156
893,-0.017940742531297
894,-0.0207894008726349
895,-0.0204279944077108
896,-0.0184038678152477
897,-0.0168018740165158
898,-0.0160349201584934
899,-0.0150169388403166
900,-0.0129501825278647
901,-0.0102230347170715
902,-0.00768717368403323
903,-0.0057438549712786
904,-0.00430466830799862
905,-0.00315255537612441
906,-0.00208716143530904
907,-0.00105600020217166
908,-0.000348831949666977
909,-0.000268827318895052
910,-0.000294475336873404
911,0.000989846873346501
912,0.0044571961804753
913,0.00898904050708529
914,0.0121185891399172
915,0.0123958670224836
916,0.0107323244293924
917,0.0091676987282141
918,0.00867485517155444
919,0.00852753367223591
920,0.00752213386426396
921,0.00529151976909983
922,0.00244488438835976
923,-0.000126038728973722
924,-0.00193236057801735
925,-0.00315837913674823
926,-0.00435616034638653
927,-0.00568950036886212
928,-0.00657376423755316
929,-0.00651837334444125
930,-0.00637461482841443
931,-0.00804069347966023
932,-0.0123234545162328
933,-0.0174496885879502
934,-0.0204834424927012
935,-0.0202743376253974
936,-0.018373130378851
937,-0.016897030792579
938,-0.016200743366967
939,-0.0151135218483006
940,-0.012877450266982
941,-0.0100311315563563
942,-0.00751173858599585
943,-0.0056602374485842
944,-0.00429427132747448
945,-0.00317651991571316
946,-0.00211831634346234
947,-0.00105365212810781
948,-0.000294038780676989
949,-0.000241655038100338
950,-0.000421758904824001
951,0.000714717992090465
952,0.00421779402776053
953,0.00892796171134891
954,0.0121415344087724
955,0.0123076167691044
956,0.0105349455095176
957,0.00907564329705108
958,0.00880181850582604
959,0.00870191440674824
960,0.00751434163555891
961,0.00512565869013315
962,0.00234492170355847
963,-6.02179522912071E-05
964,-0.00183875481142643
965,-0.00318213156867716
966,-0.0044525267320117
967,-0.00574499392796747
968,-0.00662160356085536
969,-0.00670139487089373
970,-0.00672569421057184
971,-0.00842697344796782
972,-0.012631558971667
973,-0.0177232047383473
974,-0.0208170952944747
975,-0.0206384042591218
976,-0.0186254366563223
977,-0.0169590426633958
978,-0.0161632215965171
979,-0.0151567656011597
980,-0.013112297405057
981,-0.0104139557329101
982,-0.00788405520141721
983,-0.00587390109324569
984,-0.0043342784340844
985,-0.00317166272096383
986,-0.0022043326504727
987,-0.00122047141870698
988,-0.000404713778141317
989,-0.000219489270710882
990,-0.000372246023682428
991,0.000620024848123893
992,0.00395849641226701
993,0.00866775233660143
994,0.0120254277936607
995,0.0122849843316831
996,0.0104369815693132
997,0.00883740036562801
998,0.00853090789713862
999,0.00851190409719386
1000,0.0073618579605332
1001,0.00488121648340345
1002,0.0019997429675419
1003,-0.000343141822999834
1004,-0.0019148182802955
1005,-0.00311092529587658
1006,-0.00443173680706049
1007,-0.00587634331120389
1008,-0.00680500651651781
1009,-0.00677186621360981
1010,-0.00663768829639865
1011,-0.00827150582482517
1012,-0.012517173028419
1013,-0.017693189139914
1014,-0.0208562936431851
1015,-0.0206941551624894
1016,-0.0186167170133743
1017,-0.016826309212264
1018,-0.0159360705761556
1019,-0.0149313172048503
1020,-0.0129379724129943
1021,-0.0102478629379332
1022,-0.00769358666647685
1023,-0.00573274695415813
1024,-0.00434460957706606
1025,-0.00331076182173218
1026,-0.00232926944066977
1027,-0.00123787612525256
1028,-0.000364344124161291
1029,-0.000209764685624233
1030,-0.000393306579941807
1031,0.000620686522263329
1032,0.00397704502911365
1033,0.00865508965706709
1034,0.0119925234106025
1035,0.0123104656204338
1036,0.0105489363543056
1037,0.00895934543198304
1038,0.00859229996492202
1039,0.0085625734071044
1040,0.00751157273889663
1041,0.00513917095470277
1042,0.00223398640777463
1043,-0.000268631916814669
1044,-0.00199305061912409
1045,-0.00320152814952509
1046,-0.00440316601693173
1047,-0.00572335026987057
1048,-0.00662971675770074
1049,-0.00666417983145397
1050,-0.0065890948686901
1051,-0.00821114593586583
1052,-0.0124136182436287
1053,-0.0175881221697564
1054,-0.0207995027626246
1055,-0.0206920601545077
1056,-0.0186718175158449
1057,-0.0169783292978621
1058,-0.0162027749377233
1059,-0.0152317491880679
1060,-0.0131522479515652
1061,-0.0103609170438202
1062,-0.00779908760645071
1063,-0.00586037853989332
1064,-0.00436552858183734
1065,-0.00309568699141663
1066,-0.00195557384161608
1067,-0.000940485504819685
1068,-0.000282704031526268
1069,-0.000273427449749674
1070,-0.000477763078987466
1071,0.000518255796716133
1072,0.00378148071951922
1073,0.00836915047530338
1074,0.0117192996161058
1075,0.0121340313120973
1076,0.0104676566111641
1077,0.00894620701823905
1078,0.00865537260218127
1079,0.00871556945627109
1080,0.00772985640766823
1081,0.00538385137468338
1082,0.00249326286640553
1083,7.23253845926917E-07
1084,-0.0017569454363658
1085,-0.0030654357456762
1086,-0.00439018456710462
1087,-0.00578333127275923
1088,-0.0066798476858924
1089,-0.00664068580746492
1090,-0.00646150824229751
1091,-0.00798294068611318
1092,-0.0121379500220982
1093,-0.0173666089835951
1094,-0.0207173347592028
1095,-0.0207269159726795
1096,-0.0186838175785775
1097,-0.0168260180560728
1098,-0.0158792692719094
1099,-0.0148686193802476
1100,-0.0128817590460588
1101,-0.0102018862720803
1102,-0.00770094063098525
1103,-0.00582531358199292
1104,-0.00446114411070929
1105,-0.00333031057903834
1106,-0.002197035085921
1107,-0.00101206409389543
1108,-0.000130303504226537
1109,-2.71164033400974E-06
1110,-0.000231105056494406
1111,0.000691974614020486
1112,0.00394275483567716
1113,0.00861631408869855
1114,0.0121084035828228
1115,0.0126278979020653
1116,0.0109408573448044
1117,0.00927038898177979
1118,0.00881190957311792
1119,0.00880837418196133
1120,0.00785914587918222
1121,0.00552472603733773
1122,0.00254083859691329
1123,-6.74993891180366E-05
1124,-0.00181574965169887
1125,-0.00297256794728384
1126,-0.00415799911331747
1127,-0.00557883044623057
1128,-0.00664959547757082
1129,-0.00676555088191435
1130,-0.00660070758839208
1131,-0.00803425579220854
1132,-0.012113957541046
1133,-0.0173153301911898
1134,-0.0206272474318873
1135,-0.0205642475033388
1136,-0.0185018391847884
1137,-0.0167612169172977
1138,-0.0160068897519984
1139,-0.0151078849178472
1140,-0.0130873159049973
1141,-0.0103153116411996
1142,-0.00776050988052051
1143,-0.00585861467987985
1144,-0.00445270896063849
1145,-0.00330435266356616
1146,-0.00224533245825843
1147,-0.00118836304206078
1148,-0.000370702644760819
1149,-0.000207846933897085
1150,-0.000389155421333199
1151,0.000523646440957339
1152,0.00374343330199324
1153,0.00840892839229075
1154,0.0118746993540812
1155,0.0123137094541347
1156,0.0105714521074327
1157,0.00897392832308942
1158,0.00867089070306357
1159,0.00875006558336878
1160,0.00776254181476361
1161,0.00538879216368223
1162,0.00245757861005514
1163,-8.58563440122961E-05
1164,-0.00188140353872051
1165,-0.00316949138082031
1166,-0.00442886212934363
1167,-0.00580846099154438
1168,-0.00679203664026105
1169,-0.0068226289907255
1170,-0.00653331309240592
1171,-0.00780373965134887
1172,-0.0118149069188661
1173,-0.0171654468373755
1174,-0.0207602232070472
1175,-0.0208736416778474
1176,-0.0187491352375362
1177,-0.0168255770529348
1178,-0.0159816905247086
1179,-0.01515721171908
1180,-0.0132614914367398
1181,-0.0105294338834331
1182,-0.00791187324271712
1183,-0.00591947435315505
1184,-0.00445832032395798
1185,-0.00329590063238051
1186,-0.00224228043109188
1187,-0.00119189007603052
1188,-0.000371077404588221
1189,-0.000198588280154991
1190,-0.000392762426989767
1191,0.000456813746028456
1192,0.00359453871791794
1193,0.00825291442782761
1194,0.0118453281873595
1195,0.0124755879178048
1196,0.010838908670563
1197,0.00918611419717501
1198,0.00874281024798511
1199,0.00872561163703626
1200,0.00772736950570441
1201,0.00537698894964676
1202,0.0024612499869699
1203,-5.83057272746619E-05
1204,-0.00179825662399197
1205,-0.00301406517772676
1206,-0.00421128871868695
1207,-0.00555536178044261
1208,-0.0065625043941254
1209,-0.0067164897667306
1210,-0.00661577532143628
1211,-0.00800191549039096
1212,-0.0119512431912637
1213,-0.0171411840577133
1214,-0.0206690651621128
1215,-0.020885055981473
1216,-0.0189103940891293
1217,-0.017040533117013
1218,-0.0161613685427396
1219,-0.0153052674624431
1220,-0.0133982653754545
1221,-0.0106212531977307
1222,-0.00792949974574914
1223,-0.0059036631868728
1224,-0.0044582916935633
1225,-0.00328347093637627
1226,-0.00216865252960996
1227,-0.00110953284250429
1228,-0.000405849399855526
1229,-0.000383528315585155
1230,-0.000610976617873565
1231,0.000322689644248271
1232,0.0035245756769971
1233,0.00816460223622218
1234,0.011757884692232
1235,0.0125105611723551
1236,0.0110515307494061
1237,0.00946367957998482
1238,0.00890695123443279
1239,0.00870963712125008
1240,0.00762953529029281
1241,0.00535266682833603
1242,0.00257675079781654
1243,0.000124617089432477
1244,-0.00167739563242058
1245,-0.00301236141582966
1246,-0.00426911398915167
1247,-0.00557605917971087
1248,-0.00650656745924089
1249,-0.00659135414645095
1250,-0.00640402644797867
1251,-0.00766383215082144
1252,-0.0115083453335701
1253,-0.0166991360189417
1254,-0.020319263186134
1255,-0.0206165467739221
1256,-0.0186544830556064
1257,-0.0167719317599638
1258,-0.0159119206610519
1259,-0.0151022923999191
1260,-0.0132447712503033
1261,-0.0105281729109196
1262,-0.00790974879603757
1263,-0.00592832460794405
1264,-0.004475165538319
1265,-0.00329161581305921
1266,-0.00220762285384701
1267,-0.00113975103260934
1268,-0.000272795233975488
1269,1.20796835015237E-05
1270,-8.65231418746928E-05
1271,0.000701230321336572
1272,0.00363090657725524
1273,0.00813742095817793
1274,0.011784845011873
1275,0.0125739415103822
1276,0.0109838825041664
1277,0.00923323108556805
1278,0.0087323907857607
1279,0.00883596613568741
1280,0.00804703903242318
1281,0.00580667575166471
1282,0.00283609829043016
1283,0.00017573042075372
1284,-0.00170188243029274
1285,-0.00301943850240474
1286,-0.00426561133211794
1287,-0.00558363087823088
1288,-0.00649438864390769
1289,-0.00651670548326302
1290,-0.00627674311040321
1291,-0.00753348879460371
1292,-0.0114017806222668
1293,-0.0166031693813905
1294,-0.020226256171264
1295,-0.0205589895021437
1296,-0.0186764652089559
1297,-0.0168785410841666
1298,-0.0160649932752529
1299,-0.0152644021962733
1300,-0.0134082440705156
1301,-0.0106948026545089
1302,-0.00805973750233674
1303,-0.00603498829663373
1304,-0.00454863647117335
1305,-0.00338084053674671
1306,-0.00234135558699416
1307,-0.00128256011541968
1308,-0.000366185206715869
1309,-2.94210745438077E-05
1310,-0.000137289334251045
1311,0.000595844351169794
1312,0.00350415958534549
1313,0.00806866665132591
1314,0.0118218485451131
1315,0.0127014481610649
1316,0.0111484691088385
1317,0.00937245575138703
1318,0.00879645821659013
1319,0.0088204273288479
1320,0.00800787592720459
1321,0.0058122345917113
1322,0.00289904805547457
1323,0.000266696902845854
1324,-0.00156536749865295
1325,-0.00275343052591826
1326,-0.00383738116957546
1327,-0.00511994082157751
1328,-0.00620115864821602
1329,-0.00647006193522692
1330,-0.0063369716158905
1331,-0.00749532653211589
1332,-0.011204321500248
1333,-0.0163620583310916
1334,-0.0200823322881419
1335,-0.020543051909235
1336,-0.0187258965972018
1337,-0.016934993874868
1338,-0.0161127080460461
1339,-0.0152889553817935
1340,-0.0133721523921365
1341,-0.0105845860464769
1342,-0.00793668404204828
1343,-0.00599596580146223
1344,-0.00461966156357723
1345,-0.00346982248795768
1346,-0.00232404627844994
1347,-0.00113837377469415
1348,-0.000214062032654977
1349,-2.36029169245016E-05
1350,-0.000333268407411287
1351,0.000277700037935382
1352,0.00320440034624052
1353,0.0078917573274117
1354,0.0117931697693237
1355,0.0127844748259727
1356,0.0112834610267994
1357,0.00950373118218648
1358,0.0088832057749002
1359,0.00884532342230319
1360,0.00799295766271839
1361,0.00582141179185729
1362,0.002997384889134
1363,0.000452559464283841
1364,-0.00138330497688806
1365,-0.00268892281050212
1366,-0.00393032982907798
1367,-0.00531431630351743
1368,-0.00641158803654467
1369,-0.0066453931146089
1370,-0.0064578181503725
1371,-0.00755453043082508
1372,-0.0112298902982656
1373,-0.0164371426631234
1374,-0.020279589927219
1375,-0.0208165321447908
1376,-0.0189103212366437
1377,-0.016900304145664
1378,-0.0159149315686162
1379,-0.0151340891206111
1380,-0.013421726060142
1381,-0.010814546770122
1382,-0.0081858682150507
1383,-0.00612567020381195
1384,-0.00461455698154399
1385,-0.00341242323478164
1386,-0.00230316178219492
1387,-0.00117696347305249
1388,-0.000258950674616512
1389,1.93987837511374E-06
1390,-0.000214577537684965
1391,0.000426648647081057
1392,0.00329078334455841
1393,0.00788046536968174
1394,0.0117262007750697
1395,0.0127149437137379
1396,0.0112200061054447
1397,0.00943755121653522
1398,0.00884532667752113
1399,0.0088931157376362
1400,0.00812864355410215
1401,0.00595794376621817
1402,0.00303721589096532
1403,0.000396679467314533
1404,-0.00143490691592632
1405,-0.00265810162070688
1406,-0.00386136593475654
1407,-0.00532632080446496
1408,-0.0065511285659255
1409,-0.00681703904843469
1410,-0.00652065531856836
1411,-0.0074675203752044
1412,-0.0110761561705539
1413,-0.0163223348158474
1414,-0.0202554413294059
1415,-0.0209075621011816
1416,-0.0191474597409904
1417,-0.0172661334923569
1418,-0.0162826841453046
1419,-0.0153396759123465
1420,-0.0134215667766238
1421,-0.0107271051383594
1422,-0.0081490541892341
1423,-0.00615052046516924
1424,-0.00461497615464652
1425,-0.00334527926510537
1426,-0.00221882844539036
1427,-0.00113663061888357
1428,-0.000263912312290763
1429,-2.74899306570145E-05
1430,-0.00028715583619621
1431,0.000280926707850316
1432,0.00311028734699734
1433,0.00777419059455342
1434,0.0117708564882221
1435,0.0128676872653287
1436,0.0113556883909759
1437,0.00947012863872724
1438,0.00879514521288789
1439,0.00883532780951657
1440,0.00810575568252834
1441,0.00596751169751109
1442,0.00308632743050433
1443,0.000519341667404666
1444,-0.00123139880951603
1445,-0.0024293736638175
1446,-0.00367604287525844
1447,-0.00519750147516932
1448,-0.00644415898317257
1449,-0.00670386631151083
1450,-0.00638771928705328
1451,-0.00729288372316068
1452,-0.0108612171376629
1453,-0.0161450502435976
1454,-0.020211784330835
1455,-0.0209664753996313
1456,-0.0191415393793272
1457,-0.0171015357887775
1458,-0.0161074107344678
1459,-0.0153976388195601
1460,-0.0137402019716707
1461,-0.0110494565567137
1462,-0.00821662689597344
1463,-0.00598083583364553
1464,-0.00444502158526581
1465,-0.00335532163346322
1466,-0.00238492381573149
1467,-0.00132239277520363
1468,-0.000369402388167492
1469,-3.45248643025531E-05
1470,-0.000232104891019404
1471,0.000327287572073241
1472,0.00306224202003859
1473,0.00757853657392039
1474,0.0114508049590447
1475,0.0125144878947416
1476,0.0110751965068396
1477,0.00933068564424854
1478,0.00881097350794614
1479,0.00898497739127727
1480,0.00835288498543282
1481,0.00624895694252634
1482,0.00328841520890039
1483,0.00051957649109923
1484,-0.0014487614382221
1485,-0.0027148278465992
1486,-0.00383255263968503
1487,-0.00516972813851625
1488,-0.00634534785850939
1489,-0.00664288114016682
1490,-0.00633429487481921
1491,-0.00716201471853096
1492,-0.0106768536510077
1493,-0.0160309887441598
1494,-0.0202224431293576
1495,-0.0210058466854662
1496,-0.0190822750247544
1497,-0.0169288830930985
1498,-0.0159030183697709
1499,-0.0152241095162134
1500,-0.0136054113073844
1501,-0.0109727536553697
1502,-0.00825604228779811
1503,-0.006154274817921
1504,-0.00465903018072792
1505,-0.00346897951842982
1506,-0.00235428529016916
1507,-0.00124718070075228
1508,-0.000372180780194523
1509,-0.000120750017956108
1510,-0.000313886100119598
1511,0.000278597911113445
1512,0.00296256087593559
1513,0.00737991227711673
1514,0.0112852548773049
1515,0.0125804204058676
1516,0.0113628625648843
1517,0.00956183199247373
1518,0.00873060331711555
1519,0.00866513447152685
1520,0.00811435076758638
1521,0.00629442891900504
1522,0.00350973137887456
1523,0.000689794306454183
1524,-0.00139424876091787
1525,-0.00266757443745671
1526,-0.00371809718338557
1527,-0.00505095933452331
1528,-0.00630994820454984
1529,-0.0066772414788943
1530,-0.00635278243177659
1531,-0.00710494996739347
1532,-0.0105295176578545
1533,-0.0157952647052112
1534,-0.0199467192040803
1535,-0.020826440239036
1536,-0.0191387793712243
1537,-0.017196514184551
1538,-0.0161721743972297
1539,-0.0153102018575018
1540,-0.013548193008004
1541,-0.0109614454878603
1542,-0.00837793537346227
1543,-0.0063069553911459
1544,-0.00472830659019257
1545,-0.00349078917880931
1546,-0.00242125625819379
1547,-0.00132515460397685
1548,-0.00033858614244016
1549,1.82040080350667E-05
1550,-0.000246736341056673
1551,0.000170594790528014
1552,0.00283499655647725
1553,0.00746789046924525
1554,0.0115823069977371
1555,0.0128358300546788
1556,0.0114184097466318
1557,0.00955382750922317
1558,0.00886950050877892
1559,0.00891268034822016
1560,0.00822577345771428
1561,0.00616022685776931
1562,0.00330390891298351
1563,0.000619910351670898
1564,-0.00136314104040258
1565,-0.00272430546138589
1566,-0.00390320098308635
1567,-0.00519421367193884
1568,-0.00628793340000591
1569,-0.00659419306459135
1570,-0.00637336632870912
1571,-0.00719673650502165
1572,-0.0105107782739499
1573,-0.0156211538900374
1574,-0.0198011552710747
1575,-0.0208720186271555
1576,-0.019293267742935
1577,-0.0172702046338685
1578,-0.0161582472953715
1579,-0.0153888268566815
1580,-0.0137997993037999
1581,-0.0112271427116626
1582,-0.00847693316400649
1583,-0.00627500401513715
1584,-0.0047189122544159
1585,-0.00351365048272268
1586,-0.00234268330907492
1587,-0.00112986942887943
1588,-0.000221133963240562
1589,-9.08367499531271E-05
1590,-0.000459131646314729
1591,8.71791525472913E-05
1592,0.00289640530486807
1593,0.00746409598457721
1594,0.0113932884728271
1595,0.0126005231305396
1596,0.0113191219016116
1597,0.00955660505064021
1598,0.00880766076859184
1599,0.00876858102635
1600,0.00817160730703656
1601,0.00629568108939078
1602,0.00348613911842493
1603,0.000646906768211892
1604,-0.00147177861650132
1605,-0.00274461473119714
1606,-0.00370300824582886
1607,-0.00491021711040882
1608,-0.00615555183991756
1609,-0.00666062631826478
1610,-0.00645986632068768
1611,-0.0071378561921378
1612,-0.0103502075118725
1613,-0.0155249297416856
1614,-0.0198268889869287
1615,-0.0209079591216056
1616,-0.0192356517684772
1617,-0.0171824740622507
1618,-0.0161908537279051
1619,-0.0155774041024835
1620,-0.0140225344606441
1621,-0.0113634856340481
1622,-0.00852951850950167
1623,-0.00630241335918384
1624,-0.00472556064987953
1625,-0.00348049612517574
1626,-0.00231527229462907
1627,-0.00116910801301464
1628,-0.000276020451493605
1629,-4.4049353970445E-05
1630,-0.000350651726271362
1631,-4.10646315545135E-06
1632,0.00240394660906223
1633,0.00673624676328
1634,0.0108612200956176
1635,0.0125314705249324
1636,0.0115794670485205
1637,0.00982725420717
1638,0.0089275791288807
1639,0.00879066278550442
1640,0.00817836368842675
1641,0.00630894259456585
1642,0.00355042014822277
1643,0.000847813607864292
1644,-0.00115378402703236
1645,-0.00251203493668308
1646,-0.00375838045637714
1647,-0.0052067700764637
1648,-0.0064165803372879
1649,-0.00667034442002382
1650,-0.00627652055423587
1651,-0.00698604871279169
1652,-0.0103519804464227
1653,-0.0155982023148326
1654,-0.0198381816613032
1655,-0.0208532950901636
1656,-0.0192179952461713
1657,-0.0172298343905167
1658,-0.0161683297110101
1659,-0.0153327295164112
1660,-0.0135968315562767
1661,-0.0109881877938137
1662,-0.00838525449844526
1663,-0.00633225353372497
1664,-0.004739905895121
1665,-0.00340946796653518
1666,-0.00227017913112899
1667,-0.00124954477954707
1668,-0.000409523345766292
1669,-7.03904052292716E-05
1670,-0.000196468617027952
1671,0.00029773700695561
1672,0.00280787048216526
1673,0.0071779763825538
1674,0.0111690889987327
1675,0.0124879398007545
1676,0.0111576853713062
1677,0.00929083639192525
1678,0.00859606824071306
1679,0.00873267561218764
1680,0.00821686042991685
1681,0.00630021391862171
1682,0.00354197499990746
1683,0.000936884788141906
1684,-0.00100096480209063
1685,-0.00241077865586269
1686,-0.00374135295176742
1687,-0.00521575163495012
1688,-0.0064381623550807
1689,-0.00676142293074503
1690,-0.00641915339080774
1691,-0.00702079505768141
1692,-0.0101527726196255
1693,-0.0152738436993692
1694,-0.0196532664544712
1695,-0.0209319550590783
1696,-0.0194119862657786
1697,-0.0173295339691387
1698,-0.0161747872017275
1699,-0.0154303276659365
1700,-0.0138822539196606
1701,-0.0113412458985336
1702,-0.00865191417437335
1703,-0.00654259297280198
1704,-0.0050434079267618
1705,-0.0038284400368242
1706,-0.00263634657134639
1707,-0.00141851037796322
1708,-0.000447970243090067
1709,-0.000164197307668776
1710,-0.000436091704587598
1711,-4.23437514576241E-05
1712,0.00242337178351886
1713,0.00677954964197097
1714,0.0108667807343549
1715,0.0124759046217058
1716,0.0115046829413039
1717,0.00978384612788792
1718,0.008912586548987
1719,0.00877183478716382
1720,0.00816442703745052
1721,0.00634608370938303
1722,0.00363834045923413
1723,0.000912530765117837
1724,-0.00116143017796004
1725,-0.00252463049240399
1726,-0.00366610532969454
1727,-0.00502585560808855
1728,-0.00631370219330852
1729,-0.00676831969385637
1730,-0.0064707657349482
1731,-0.00702586037564357
1732,-0.0101206476685455
1733,-0.0152616244763923
1734,-0.0196727493196989
1735,-0.0209485979166556
1736,-0.0194044264056899
1737,-0.0173100194981151
1738,-0.0161652098527842
1739,-0.0154524153843728
1740,-0.0139609313727331
1741,-0.0114756329964456
1742,-0.00877865321861393
1743,-0.00657576106033898
1744,-0.00497994253115731
1745,-0.00377813521646567
1746,-0.00269842363652988
1747,-0.00154414168829453
1748,-0.000487072783408274
1749,-6.55543228425129E-05
1750,-0.000340561482452848
1751,-0.000124736266282721
1752,0.00217584547642699
1753,0.00656380234099957
1754,0.0108360482572608
1755,0.0125780045154972
1756,0.0115765708706381
1757,0.00975245410078181
1758,0.00884302523704715
1759,0.00874612046536335
1760,0.00819013944662444
1761,0.00639841976473379
1762,0.0037244074228534
1763,0.00104229236461522
1764,-0.00103177440721347
1765,-0.00245808296414237
1766,-0.00365099035957271
1767,-0.00496134430216315
1768,-0.0061088121408561
1769,-0.00643256363090577
1770,-0.00609412797644199
1771,-0.00668991706910234
1772,-0.00984585026289649
1773,-0.0150273194620083
1774,-0.0194670465164736
1775,-0.0207945696795764
1776,-0.0193381284272566
1777,-0.0173252224170388
1778,-0.0161840156920116
1779,-0.015378404408971
1780,-0.0137787139091651
1781,-0.0112760725128412
1782,-0.00865642407096466
1783,-0.00651365860143247
1784,-0.00487139122869919
1785,-0.00356448527867674
1786,-0.00244293733000843
1787,-0.00134781620916145
1788,-0.000361265948018515
1789,7.69968887974722E-05
1790,-0.000101317496228884
1791,0.000202878110254302
1792,0.00251835371273404
1793,0.00685235905163415
1794,0.0110385096714067
1795,0.0126876248079877
1796,0.0116000210507684
1797,0.00970919359673247
1798,0.00876166694005523
1799,0.00865481514248456
1800,0.00811312769229658
1801,0.00635580435521381
1802,0.00372363762147061
1803,0.00107557116884502
1804,-0.000966108522226872
1805,-0.00233328275441832
1806,-0.00344017592995964
1807,-0.00470917147916515
1808,-0.00594659015947683
1809,-0.00646625180220114
1810,-0.00626028511510577
1811,-0.00677224770537218
1812,-0.00968868344653335
1813,-0.0147169619843512
1814,-0.0192398916869047
1815,-0.0207572915596568
1816,-0.0193518412335252
1817,-0.0172163453158874
1818,-0.0160053631401803
1819,-0.015353385989806
1820,-0.0139849128645239
1821,-0.0114988939298538
1822,-0.00863239009784305
1823,-0.00625599812091287
1824,-0.00464852636818322
1825,-0.00356026708639105
1826,-0.00253685867191719
1827,-0.00128242278882391
1828,-6.90025106472234E-05
1829,0.000382619149336954
1830,-5.69278631042117E-05
1831,-9.23100949268499E-05
1832,0.0020419975904122
1833,0.00642962493475446
1834,0.0108079332225184
1835,0.0126426621311624
1836,0.0116564909728114
1837,0.009799981717588
1838,0.00887419166725286
1839,0.00879895145531675
1840,0.00827600010764904
1841,0.00650328229428677
1842,0.00383761107235518
1843,0.00116199793474016
1844,-0.000916999025586013
1845,-0.0023718218220577
1846,-0.00361229146041206
1847,-0.00498162885031778
1848,-0.0061998329617246
1849,-0.00658319684344891
1850,-0.00622903653162746
1851,-0.00669784631806936
1852,-0.0096992548254723
1853,-0.0148569226655856
1854,-0.0194532141307175
1855,-0.0209701915813359
1856,-0.0195570012928148
1857,-0.0174595398771027
1858,-0.0162951145181397
1859,-0.0156201884248482
1860,-0.0141626962532757
1861,-0.0116294478052844
1862,-0.00883626274280274
1863,-0.00657961423760868
1864,-0.00498728659445724
1865,-0.00378415208194343
1866,-0.00266918498664087
1867,-0.0014764168070996
1868,-0.000382661439016474
1869,0.000118631504206299
1870,-4.14466645259671E-05
1871,0.000210640485516892
1872,0.0023758842813143
1873,0.00653277804973828
1874,0.0106650924107078
1875,0.0124491034603294
1876,0.0115825900025225
1877,0.0098474764848791
1878,0.00894508072038302
1879,0.00883522325279151
1880,0.00830432451046653
1881,0.00657519259897656
1882,0.00395551981129926
1883,0.00126300388380761
1884,-0.000904227835223087
1885,-0.00244453589546648
1886,-0.00368562078278723
1887,-0.00500262057841866
1888,-0.0062590847894331
1889,-0.00684093689620189
1890,-0.00669246133787651
1891,-0.00713512402137985
1892,-0.00985411788363798
1893,-0.0147278246408304
1894,-0.0192808357236187
1895,-0.0209482692283061
1896,-0.0196441574485268
1897,-0.017507466540363
1898,-0.0162705092067153
1899,-0.0156146816708083
1900,-0.0142299295964154
1901,-0.0117151705635281
1902,-0.00887388548375336
1903,-0.00657156215446339
1904,-0.0049653796658988
1905,-0.00376018483184763
1906,-0.00266943933915346
1907,-0.00157089584340208
1908,-0.000617205100327635
1909,-0.000206200095724258
1910,-0.000362610346259395
1911,-7.17825128806988E-05
1912,0.00211847101129019
1913,0.0063390670310078
1914,0.0106315900228742
1915,0.0125985904897043
1916,0.0117918658998627
1917,0.0099725784244076
1918,0.00898693196641136
1919,0.00891255217234526
1920,0.00846736348391984
1921,0.0067205269120083
1922,0.00395998509484155
1923,0.00115199730947756
1924,-0.000974710760763464
1925,-0.00235662293429798
1926,-0.00346391003535881
1927,-0.0047508490346617
1928,-0.00603839254175055
1929,-0.00663118574458743
1930,-0.00644592505670305
1931,-0.00683785752556745
1932,-0.00954222807407622
1933,-0.0144667094414924
1934,-0.0191269191637854
1935,-0.0209097381476555
1936,-0.019671381373116
1937,-0.0175337141193149
1938,-0.0162671601282662
1939,-0.0155987765759039
1940,-0.014222563074542
1941,-0.0117161738930151
1942,-0.00888918579002872
1943,-0.00663620598244529
1944,-0.00510074041482347
1945,-0.00390908884714486
1946,-0.00271243674067765
1947,-0.00143169198263456
1948,-0.000338735588239986
1949,9.35935155538651E-05
1950,-0.000131430287949496
1951,6.95058011575969E-05
1952,0.00218169154368368
1953,0.00634745617997853
1954,0.0106435147022819
1955,0.0126948785175668
1956,0.0119847518928284
1957,0.0101414396839321
1958,0.00897017776102699
1959,0.00869451504707547
1960,0.00823996957700128
1961,0.00671470002758888
1962,0.00421490955315351
1963,0.00148329671357555
1964,-0.00077364761732625
1965,-0.0023164643946507
1966,-0.00346529628530045
1967,-0.0047154226969278
1968,-0.00603033288549897
1969,-0.00674387479537515
1970,-0.00663357409452367
1971,-0.00692836340242635
1972,-0.00943549590120732
1973,-0.0142772340629082
1974,-0.0190874907010552
1975,-0.0211403288775543
1976,-0.0200722321976123
1977,-0.0179003642096771
1978,-0.016474417422674
1979,-0.0156625426870773
1980,-0.0142233871766049
1981,-0.0117084984262297
1982,-0.00888268348858446
1983,-0.00662950453542806
1984,-0.00511135890889487
1985,-0.00397321720726859
1986,-0.00285516321415734
1987,-0.00163096732489074
1988,-0.000529174684900695
1989,-4.01972586379007E-05
1990,-0.000233762258689467
1991,-6.81286678441223E-05
1992,0.00199255770064802
1993,0.00616843270217617
1994,0.0105297781184479
1995,0.0126198901087387
1996,0.011893339582898
1997,0.010057767689739
1998,0.00898553981506745
1999,0.00883054332357896
2000,0.0083818272472977
2001,0.00672660728989018
2002,0.00408977020584708
2003,0.00132156162631121
2004,-0.000916700777841887
2005,-0.00249034407447841
2006,-0.00371136580913618
2007,-0.00495986543497894
2008,-0.00615076431423476
2009,-0.0067210979211864
2010,-0.00657643806285223
2011,-0.00693837837102217
2012,-0.00949195228928813
2013,-0.0142777284365354
2014,-0.0189683474797267
2015,-0.0209255275682568
2016,-0.0198272115129423
2017,-0.0176808968747291
2018,-0.0163225814271146
2019,-0.0156127258875735
2020,-0.0142869948261141
2021,-0.0118610557657787
2022,-0.00907633865286603
2023,-0.00680821688296308
2024,-0.00521302173568654
2025,-0.00394928513777932
2026,-0.00272341353319056
2027,-0.00149883645800368
2028,-0.000519039740049635
2029,-0.000167752701470638
2030,-0.00038190920119283
2031,-0.000108204478010274
2032,0.00206134595967506
2033,0.00622553315494441
2034,0.0104762026857758
2035,0.0124848591137917
2036,0.0117880466570668
2037,0.0100481315079048
2038,0.00903807251316439
2039,0.00887155638077862
2040,0.00837958786510732
2041,0.00671371252005921
2042,0.00413205005251585
2043,0.00147704956502013
2044,-0.000636487134640601
2045,-0.00214379927786624
2046,-0.00339841904806959
2047,-0.00473874266295013
2048,-0.00597957960674377
2049,-0.00650272738635232
2050,-0.00626457046348174
2051,-0.00658031328347856
2052,-0.00916761892325766
2053,-0.0140296744246121
2054,-0.0188055839483211
2055,-0.0208555523025826
2056,-0.0198382722281332
2057,-0.0177099384735145
2058,-0.0162964774284017
2059,-0.0155318717904815
2060,-0.0142205176669293
2061,-0.01183744903886
2062,-0.00902707409237873
2063,-0.00666851606549267
2064,-0.00504303345695989
2065,-0.00387742715138858
2066,-0.00275731184628171
2067,-0.00146527371318955
2068,-0.000247678512544543
2069,0.000292326147105836
2070,1.80977285233088E-05
2071,1.81489531587973E-05
2072,0.00191699600133889
2073,0.00598544218807407
2074,0.0103140057427337
2075,0.0124604249402121
2076,0.0118558439308703
2077,0.0101228451289378
2078,0.00906125980844761
2079,0.00885997614664622
2080,0.0084198752012535
2081,0.00687589459927899
2082,0.0043692554239831
2083,0.00163762624746906
2084,-0.000663401366714789
2085,-0.00230420451271476
2086,-0.00352745411674744
2087,-0.00474086178286415
2088,-0.00591875247405608
2089,-0.00649500033665797
2090,-0.00632002433648892
2091,-0.00660249465694255
2092,-0.00909970975306436
2093,-0.0139373092834464
2094,-0.0187850233230079
2095,-0.0209080387021301
2096,-0.0198923096681691
2097,-0.0177440771473467
2098,-0.0163689521895139
2099,-0.0156789056628145
2100,-0.0143970399768013
2101,-0.0119955302247214
2102,-0.00918880715084326
2103,-0.00684950530734337
2104,-0.00514947094368637
2105,-0.00378941438504652
2106,-0.00252924945555044
2107,-0.00133673114781535
2108,-0.00038495194453364
2109,-1.56814869194024E-06
2110,-0.000192713735800685
2111,-4.84317114890488E-05
2112,0.00182753329396055
2113,0.00574945150051921
2114,0.0100556278780934
2115,0.012404224811696
2116,0.0120413341145642
2117,0.0103692039998964
2118,0.00920243491971836
2119,0.00891468502763294
2120,0.00849889814737673
2121,0.00700719047710677
2122,0.00449296393168203
2123,0.00173884459756369
2124,-0.000509905421207416
2125,-0.00204915807900255
2126,-0.00325258936391134
2127,-0.00459857711709039
2128,-0.00597467910183674
2129,-0.00666091793603645
2130,-0.00644005201611299
2131,-0.0065778749696755
2132,-0.00892753445968114
2133,-0.0136671573512765
2134,-0.0184755366412145
2135,-0.0206148670285602
2136,-0.0196503993957898
2137,-0.0175374929923105
2138,-0.0161420932939899
2139,-0.0154089508773688
2140,-0.0141424392915571
2141,-0.0118348515678354
2142,-0.00911205601495574
2143,-0.00675579689334728
2144,-0.00497481074380897
2145,-0.00359560217649613
2146,-0.0024177185758952
2147,-0.00129829182999729
2148,-0.000305560991349996
2149,0.000169865352674984
2150,-3.00930298021762E-05
2151,-1.20432345804999E-05
2152,0.00178269103306664
2153,0.00578925086757901
2154,0.0102444351681355
2155,0.0126074403099821
2156,0.0120948882624122
2157,0.0102839850940338
2158,0.00912850543379311
2159,0.00893371873116928
2160,0.00854392954484051
2161,0.00699778499205725
2162,0.00445812127128549
2163,0.00174765092003334
2164,-0.000475043686107852
2165,-0.00206041991256493
2166,-0.00330034607366515
2167,-0.00458353231236865
2168,-0.00585541320203653
2169,-0.00652253971765277
2170,-0.00636286933678153
2171,-0.0065071402906662
2172,-0.00876202266225145
2173,-0.0134501442271654
2174,-0.0183956418884966
2175,-0.0207905664966581
2176,-0.0199909817100549
2177,-0.0178649393823398
2178,-0.0163968195350604
2179,-0.0156691995114451
2180,-0.0144689231391721
2181,-0.0121756890210137
2182,-0.00937771291244839
2183,-0.00693291735635092
2184,-0.00513271141743584
2185,-0.00380616956280898
2186,-0.00269471338004036
2187,-0.00159706984423442
2188,-0.000559187265858039
2189,1.04075565280134E-06
2190,-0.000138779400501758
2191,-0.000130315838718104
2192,0.00161385235955501
2193,0.00560425120567303
2194,0.0101062026310963
2195,0.0125209854960979
2196,0.011995208843652
2197,0.0101169196255403
2198,0.00891998634527189
2199,0.00876621879385598
2200,0.00847670379521505
2201,0.00701633830319081
2202,0.00448184830418541
2203,0.00167362630948894
2204,-0.000709091346784858
2205,-0.00241803582508817
2206,-0.00365446353689441
2207,-0.00482015284295924
2208,-0.00598359052065997
2209,-0.00665460051808924
2210,-0.00657136096773564
2211,-0.00673623846553752
2212,-0.00891719923962239
2213,-0.0135476714666142
2214,-0.0185573518282421
2215,-0.0210781686482718
2216,-0.0203067182407857
2217,-0.0180630967752011
2218,-0.0164529852847048
2219,-0.0156765764942901
2220,-0.0144872619328477
2221,-0.0121690374136901
2222,-0.00932602013167619
2223,-0.0069236099154757
2224,-0.00526767706595126
2225,-0.00405262264870118
2226,-0.00290848591530005
2227,-0.00169365699860979
2228,-0.000591545892875147
2229,-5.25836504459481E-05
2230,-0.000226366951853063
2231,-0.000236990164000162
2232,0.0014484398172572
2233,0.00533987787479711
2234,0.00982183159166058
2235,0.0123871177911621
2236,0.0120912139486533
2237,0.0103298233105556
2238,0.00906917149020642
2239,0.00879211844168413
2240,0.00846070725717393
2241,0.00704501171018931
2242,0.00456251753373386
2243,0.00178924722553141
2244,-0.000531137013224888
2245,-0.00214572817756472
2246,-0.00333457159055888
2247,-0.0045686158796409
2248,-0.00588076525582102
2249,-0.00667418250846869
2250,-0.00662000364581849
2251,-0.00674166866168351
2252,-0.00886732450392701
2253,-0.0134718091658662
2254,-0.018503261921152
2255,-0.0211046071669419
2256,-0.020462134179661
2257,-0.0183435271583319
2258,-0.0167911081566254
2259,-0.0159970870998805
2260,-0.0147794812714664
2261,-0.0124853181921648
2262,-0.0096927515943026
2263,-0.00726845679513682
2264,-0.00546739896027999
2265,-0.00406607257545089
2266,-0.00283891688336334
2267,-0.0016892309198375
2268,-0.000688234662682426
2269,-0.000146928682911233
2270,-0.000214769484423024
2271,-0.000149575303520251
2272,0.00148363347687862
2273,0.00524509986777996
2274,0.00963545370739104
2275,0.0121831572703812
2276,0.0118913767168112
2277,0.0101284090425941
2278,0.00889795406760878
2279,0.00869714208524563
2280,0.00842541392267629
2281,0.00700007936763732
2282,0.00448336320131163
2283,0.00172370869211031
2284,-0.000562960479775015
2285,-0.00221753672271851
2286,-0.00351637209631782
2287,-0.00479768961347782
2288,-0.0060162309353641
2289,-0.00668519511955019
2290,-0.00663596511486245
2291,-0.00687262203470859
2292,-0.00903925193709598
2293,-0.0135111920990814
2294,-0.0183552965295757
2295,-0.0208905690744265
2296,-0.0203229300279391
2297,-0.0183056449229441
2298,-0.0168139855508601
2299,-0.0160762722842341
2300,-0.0149269486771782
2301,-0.0126421782998501
2302,-0.00975699710477776
2303,-0.00723460322891981
2304,-0.00547196473608092
2305,-0.00423762915146997
2306,-0.00313204238235278
2307,-0.00192880724523932
2308,-0.000780423288715505
2309,-0.000191431359711977
2310,-0.000378623383521853
2311,-0.000466341639396629
2312,0.00114526295470652
2313,0.0050274723955193
2314,0.00955855005325501
2315,0.0121744973904841
2316,0.0118985639636414
2317,0.0101578565926291
2318,0.00896011393491022
2319,0.00876454574014671
2320,0.00846027096489321
2321,0.00699528180343317
2322,0.00446061982501538
2323,0.0017104861381353
2324,-0.000540563153548345
2325,-0.00214667594561166
2326,-0.00342719459442
2327,-0.00475982358470504
2328,-0.00606059875499279
2329,-0.00673050581777449
2330,-0.00654252262818638
2331,-0.00659615041553239
2332,-0.00869972751079589
2333,-0.0132743702206423
2334,-0.018262265007626
2335,-0.0208392665899646
2336,-0.0202043608450109
2337,-0.0181065404087813
2338,-0.0165774031382706
2339,-0.0158220023960918
2340,-0.0146645457581797
2341,-0.0124334899283998
2342,-0.00969332061496837
2343,-0.00733245699274294
2344,-0.00563783178108766
2345,-0.0043658938554201
2346,-0.00319990747557357
2347,-0.00195197213438894
2348,-0.000714532650568817
2349,3.3812089597189E-05
2350,-4.84856292296015E-05
2351,-0.000239750440002633
2352,0.00111133017118732
2353,0.00483749652468547
2354,0.00949558740113866
2355,0.0123852203943305
2356,0.0122265483751674
2357,0.0103347791145753
2358,0.00891384816695976
2359,0.00867056290859191
2360,0.00850688442079731
2361,0.00717452534941185
2362,0.00461265156983698
2363,0.00171897145136373
2364,-0.000638996736649333
2365,-0.00222033062860122
2366,-0.00338185692658646
2367,-0.00462948001360446
2368,-0.00599193740892816
2369,-0.00685572849349513
2370,-0.00683372626512368
2371,-0.00686376211492973
2372,-0.00877681839563424
2373,-0.0131927320829503
2374,-0.0182006865179582
2375,-0.0209063037518867
2376,-0.0203397107081489
2377,-0.0182144363119259
2378,-0.016673831297623
2379,-0.0159753823062658
2380,-0.0148381786507342
2381,-0.0124930143699333
2382,-0.00958406492970437
2383,-0.00715878784859825
2384,-0.00551909765629112
2385,-0.00428798578560865
2386,-0.00309587601868313
2387,-0.00188890665420271
2388,-0.000873547837372583
2389,-0.000390378168865013
2390,-0.000501725165912517
2391,-0.000415336339834517
2392,0.00125971034197592
2393,0.00506072948253898
2394,0.00955787988484793
2395,0.012320289343746
2396,0.0122302873121918
2397,0.010474556627645
2398,0.0090582202692391
2399,0.00870965368424385
2400,0.00852590908632141
2401,0.00733297543573745
2402,0.00491575528857047
2403,0.00201008982496742
2404,-0.00046729804690605
2405,-0.00210715140666846
2406,-0.00322198827028223
2407,-0.0044343830906864
2408,-0.00585225086225828
2409,-0.00678472518816631
2410,-0.00673634812463448
2411,-0.0066667011020141
2412,-0.00852014170834487
2413,-0.0129685088723336
2414,-0.0180563381264122
2415,-0.0208437828452421
2416,-0.0203579835565942
2417,-0.018290353215312
2418,-0.0167310998276295
2419,-0.0159530913178594
2420,-0.0147972782561533
2421,-0.012575298535581
2422,-0.0098231739898323
2423,-0.0073958515354832
2424,-0.00557710155008578
2425,-0.00419206784099327
2426,-0.00302545991906665
2427,-0.00191141615552419
2428,-0.000840983217271723
2429,-0.000170644714973973
2430,-0.000231541916643395
2431,-0.000399500844365096
2432,0.000900908069082834
2433,0.00454137697713058
2434,0.00919057050649108
2435,0.0122162188723054
2436,0.0122902224016872
2437,0.0105906627073255
2438,0.00920601164231975
2439,0.00886236526457395
2440,0.00861309246690823
2441,0.00734324994843484
2442,0.00495461484740822
2443,0.0021699811790697
2444,-0.000255896816990715
2445,-0.00200616504950942
2446,-0.00326988052534573
2447,-0.00448122601243324
2448,-0.00573964870274093
2449,-0.00653108786955683
2450,-0.00649495882403324
2451,-0.00653744443052748
2452,-0.00846344640101744
2453,-0.0128948365868814
2454,-0.0179337686829171
2455,-0.020690495429481
2456,-0.0201800107711824
2457,-0.01808869662436
2458,-0.0165603016118924
2459,-0.0159055866637683
2460,-0.0148942972415757
2461,-0.0127155236546684
2462,-0.00989708005251898
2463,-0.00743435926973369
2464,-0.00571320050921017
2465,-0.00445874003520023
2466,-0.00327253032764786
2467,-0.0019881534501718
2468,-0.000799068617368661
2469,-0.000175641534927423
2470,-0.000291920068954007
2471,-0.000330948598621679
2472,0.001171906815704
2473,0.00476268651332845
2474,0.0090234944762708
2475,0.0116566226148983
2476,0.0116989182189945
2477,0.0102729713522402
2478,0.00909521049737626
2479,0.00870265152084055
2480,0.00834517244968744
2481,0.00715802553461394
2482,0.004993071757398
2483,0.00232713563475766
2484,-0.000173448200980594
2485,-0.00203553729533624
2486,-0.00329958011146095
2487,-0.00445030481610468
2488,-0.00572253202489902
2489,-0.00661552375233813
2490,-0.00665543702880403
2491,-0.00667380008851495
2492,-0.00853068388388579
2493,-0.0129587104132149
2494,-0.0181125114899873
2495,-0.0210616852873662
2496,-0.0207216422007678
2497,-0.0186739168641427
2498,-0.0170200554096296
2499,-0.0161466103299019
2500,-0.0149828452462475
2501,-0.0128207285358039
2502,-0.0101231032182497
2503,-0.00771873925349381
2504,-0.00591609924606559
2505,-0.00453257491227449
2506,-0.00328965073110994
2507,-0.00199465228191183
2508,-0.000718807888958591
2509,6.71161534173064E-05
2510,9.22726187698077E-06
2511,-0.000198250619184987
2512,0.0010626946277605
2513,0.0046214826083984
2514,0.0091102535109424
2515,0.0119611225640192
2516,0.0119615546046084
2517,0.0103255464613558
2518,0.00906256092738911
2519,0.00880031585576223
2520,0.0085701397254733
2521,0.00730146357262335
2522,0.00493454273593294
2523,0.00218962798868128
2524,-0.00019824870923721
2525,-0.00192164053004135
2526,-0.00318064915401075
2527,-0.00444247845451149
2528,-0.00583160969343539
2529,-0.00678080244707433
2530,-0.0067910407355606
2531,-0.0066726863272252
2532,-0.00832861832889957
2533,-0.0126319369906594
2534,-0.0178365352646273
2535,-0.0209191723221546
2536,-0.0206116310608649
2537,-0.0184780493432854
2538,-0.0168027129323527
2539,-0.016086329390447
2540,-0.0151191086061989
2541,-0.0129848046764371
2542,-0.0101581303584016
2543,-0.00767066027652188
2544,-0.00593102181232575
2545,-0.00463723336157551
2546,-0.00338154223384657
2547,-0.00202801034086917
2548,-0.000787166799197736
2549,-0.000136329955572955
2550,-0.000302023288281628
2551,-0.00050619541829075
2552,0.000839063703482252
2553,0.00451793760561885
2554,0.0091586371815045
2555,0.0121574888149058
2556,0.0122049467512184
2557,0.0104730326208681
2558,0.00907362111674942
2559,0.0087778909264004
2560,0.00863565419583981
2561,0.00747169652064263
2562,0.00514768669479267
2563,0.00240253707840719
2564,6.89112014694367E-06
2565,-0.00174577247644609
2566,-0.00306680980727503
2567,-0.00437173615375243
2568,-0.00572430927499466
2569,-0.00657304881449021
2570,-0.00648824962312771
2571,-0.00630929114131317
2572,-0.0079145103746778
2573,-0.0121780890757465
2574,-0.0174044484927628
2575,-0.0205806268963522
2576,-0.020347390831433
2577,-0.0181691992878461
2578,-0.016366516046543
2579,-0.0155992293305593
2580,-0.0147561119499937
2581,-0.012826245350879
2582,-0.0100920192781105
2583,-0.00751336598978045
2584,-0.00562821571227568
2585,-0.00430819609976053
2586,-0.00315818510890934
2587,-0.00188529952689536
2588,-0.000574049928477629
2589,0.000223147581272424
2590,7.30205965211431E-05
2591,-0.000346797902262941
2592,0.000688109386130524
2593,0.00420267587507553
2594,0.00892545221502194
2595,0.0121322927420032
2596,0.0123281857882978
2597,0.0106227298513453
2598,0.00919884557755034
2599,0.00889893533063242
2600,0.0087603374292266
2601,0.0075598879797125
2602,0.00515447974926663
2603,0.00232202931204615
2604,-0.00013075393209692
2605,-0.00189499727903803
2606,-0.00317871420177483
2607,-0.00441868887225484
2608,-0.00573894552382675
2609,-0.00664803214404004
2610,-0.00670518586126345
2611,-0.00665567841269894
2612,-0.00827619489280184
2613,-0.0124213272594665
2614,-0.0174851035861673
2615,-0.0206020741185194
2616,-0.0205114527594979
2617,-0.0186180519972459
2618,-0.0170245092232797
2619,-0.0161927947396341
2620,-0.015050915143216
2621,-0.0128514488290934
2622,-0.0100818520392447
2623,-0.00762264113959166
2624,-0.00577962747811974
2625,-0.00436413450047404
2626,-0.00316392595000537
2627,-0.00203446006015408
2628,-0.000947755364623847
2629,-0.000232837727079821
2630,-0.00028984996474857
2631,-0.000619079243655014
2632,0.000385844563848559
2633,0.00384979440425975
2634,0.00865343675459663
2635,0.0120504561403929
2636,0.0123798388824623
2637,0.0106523783723948
2638,0.00911208734214234
2639,0.00871629048880016
2640,0.00855830459807736
2641,0.00741870818416499
2642,0.00514394953189054
2643,0.002465337742805
2644,9.51085020539605E-05
2645,-0.00171866612614633
2646,-0.0031250466234569
2647,-0.00443644792917369
2648,-0.00573689048959571
2649,-0.00662144665452119
2650,-0.00672700791035024
2651,-0.00674360785830997
2652,-0.00833941227045379
2653,-0.0123881362346066
2654,-0.0174348960272023
2655,-0.0206816457620204
2656,-0.0207183059133647
2657,-0.0187656343497002
2658,-0.0169804584015672
2659,-0.0160755792454292
2660,-0.0150862257203422
2661,-0.0130654936767039
2662,-0.0102654930366701
2663,-0.00762371845122868
2664,-0.00569750704036217
2665,-0.00436605630725542
2666,-0.00321708563809072
2667,-0.00197129317640752
2668,-0.000752141338480112
2669,-7.97273445495693E-05
2670,-0.0002649882669816
2671,-0.000573292869175655
2672,0.000586923214386233
2673,0.00405787860893903
2674,0.00859769995422831
2675,0.0117291821894553
2676,0.0121150731892236
2677,0.0107210985197852
2678,0.00946838921831857
2679,0.00914604863834486
2680,0.00896863674165094
2681,0.00783579438989667
2682,0.00550654377589924
2683,0.00260691419754459
2684,-3.39396894044679E-05
2685,-0.00194169149368208
2686,-0.00322925851443454
2687,-0.0044012841147873
2688,-0.005696453729384
2689,-0.00664060068360296
2690,-0.00670231105629596
2691,-0.00653516613930996
2692,-0.00794048795405545
2693,-0.0119340664884991
2694,-0.0170711057944544
2695,-0.0204491383375865
2696,-0.0205590455409074
2697,-0.018610317614034
2698,-0.0168125363724647
2699,-0.0159162675867182
2700,-0.0149492421525991
2701,-0.0129570011052586
2702,-0.010216574429125
2703,-0.00767368990103715
2704,-0.00582778639545871
2705,-0.00449179947292216
2706,-0.00327659200258588
2707,-0.00198978623417891
2708,-0.000775445060668702
2709,-8.51454072216958E-05
2710,-0.000211966866752206
2711,-0.00052356667934265
2712,0.000505896086724188
2713,0.00384508027636954
2714,0.00843833612158288
2715,0.0117770643912721
2716,0.0122702211148576
2717,0.0107257117872924
2718,0.00921057540127338
2719,0.00877101836952052
2720,0.00868016446849594
2721,0.00769112337973948
2722,0.00545140983795532
2723,0.00261583676193215
2724,5.16221450804238E-05
2725,-0.00181138836839411
2726,-0.00311797696205174
2727,-0.00431040109060775
2728,-0.00556614804504264
2729,-0.00646018027645922
2730,-0.00654454529004469
2731,-0.00644802698061965
2732,-0.00786840975868413
2733,-0.0117972401328092
2734,-0.0168806337773746
2735,-0.0202876462514457
2736,-0.0204740295327022
2737,-0.0185865774507973
2738,-0.0168386696216303
2739,-0.0160126093462308
2740,-0.0151103986062371
2741,-0.0131129144903125
2742,-0.0102871751463011
2743,-0.00765201098235632
2744,-0.0057922268973714
2745,-0.00453798920834342
2746,-0.00343196497699683
2747,-0.00217987965268631
2748,-0.000886062428590631
2749,-8.54885696157081E-05
2750,-0.000202265573534297
2751,-0.000611312889322646
2752,0.000374523164409208
2753,0.00385832710650546
2754,0.00868788852662984
2755,0.0121201639908686
2756,0.0124893149610866
2757,0.0107781149072013
2758,0.0092246978854679
2759,0.00881605302256312
2760,0.00866419240242521
2761,0.00753142018898401
2762,0.00523869483176217
2763,0.00251162792622183
2764,7.77300622623946E-05
2765,-0.00177328092027544
2766,-0.00313453984215684
2767,-0.00432351402117592
2768,-0.00554403531027511
2769,-0.00651238511683677
2770,-0.00679151157063729
2771,-0.00682162329733432
2772,-0.00814681267193232
2773,-0.011854622399059
2774,-0.0168298177334638
2775,-0.0203353166957522
2776,-0.0206777683361597
2777,-0.0188039942025924
2778,-0.0169031259922467
2779,-0.0159124402025724
2780,-0.0149841415321075
2781,-0.0130950527910984
2782,-0.0103775392662356
2783,-0.00772735323487338
2784,-0.00573470498832693
2785,-0.00435377611248901
2786,-0.00324517924021506
2787,-0.00210084733072065
2788,-0.000884140176633605
2789,-1.22177788548647E-05
2790,4.02899436721766E-05
2791,-0.000285557223477818
2792,0.00057951873828702
2793,0.00382887607093819
2794,0.00851952225130444
2795,0.0120147120182396
2796,0.0125560133855903
2797,0.0109617791188502
2798,0.009412319626422
2799,0.0089674393456487
2800,0.00882344712379312
2801,0.00774366047253384
2802,0.00548887402766122
2803,0.00273765287667059
2804,0.000220750630621463
2805,-0.00172858843440711
2806,-0.00314827520639588
2807,-0.00432067889965173
2808,-0.00545552263987215
2809,-0.00630602581154063
2810,-0.0064750517292178
2811,-0.00643976460015293
2812,-0.00778759134390296
2813,-0.0116284129151474
2814,-0.0167924862112256
2815,-0.0204199810636616
2816,-0.0207391597195709
2817,-0.0187594499158769
2818,-0.0168170893068307
2819,-0.0159207342442448
2820,-0.0151457227083621
2821,-0.0133428171823856
2822,-0.0106096282936016
2823,-0.00791561810857547
2824,-0.00592740565155462
2825,-0.00458843861562939
2826,-0.00348238635625184
2827,-0.00225405227223267
2828,-0.00091454880646458
2829,9.19339947940411E-06
2830,-2.74157895838226E-05
2831,-0.000541672363655264
2832,0.00015721505141073
2833,0.00336278729906041
2834,0.0081418112324884
2835,0.0117903046312512
2836,0.012459927351311
2837,0.0109020529741718
2838,0.00928852139743205
2839,0.00874638540330293
2840,0.00856971700686802
2841,0.00755688732650382
2842,0.00540985330851735
2843,0.00274428096655451
2844,0.000309081072340169
2845,-0.00152222115779157
2846,-0.00284721062314042
2847,-0.00407854757034199
2848,-0.00544205703668961
2849,-0.0065143870141098
2850,-0.00670829867056302
2851,-0.00651782602755251
2852,-0.00772116611498843
2853,-0.0115543761099096
2854,-0.0167872531931322
2855,-0.020443396355815
2856,-0.020745625369501
2857,-0.0187845278511823
2858,-0.0169163979848614
2859,-0.01606410898807
2860,-0.0152254284398757
2861,-0.0132881081326445
2862,-0.01046284862016
2863,-0.007781459206321
2864,-0.00586508802712234
2865,-0.00457673480435687
2866,-0.00348886069827007
2867,-0.00229939934857702
2868,-0.00102349402116213
2869,-8.36304869237223E-05
2870,7.15582153396777E-05
2871,-0.000158403125597355
2872,0.000677686096506455
2873,0.00371863327519732
2874,0.00814117759406894
2875,0.011503106940311
2876,0.0121059867691306
2877,0.0106447921514934
2878,0.00916448828406711
2879,0.00872944420161297
2880,0.00862344261933329
2881,0.00763729496602762
2882,0.00549195479408034
2883,0.0028562531439068
2884,0.000484075090598314
2885,-0.00134085601921022
2886,-0.00278526786482334
2887,-0.00417916249765361
2888,-0.00559381916084322
2889,-0.00658920473922555
2890,-0.00672762255783701
2891,-0.00660489983411102
2892,-0.00790796636765124
2893,-0.0117325098832512
2894,-0.0168760890057229
2895,-0.020518362814283
2896,-0.0209283708839327
2897,-0.0190513963231144
2898,-0.0171073212452499
2899,-0.016089150926444
2900,-0.0151879701656521
2901,-0.0133583605836697
2902,-0.0106673528953223
2903,-0.00797760514204607
2904,-0.00592467635482445
2905,-0.00454458657372511
2906,-0.00352557105113581
2907,-0.00249304672810606
2908,-0.00131099952144174
2909,-0.000368788144575328
2910,-0.000218091880516889
2911,-0.000517934450873647
2912,0.000288311233968719
2913,0.00347891230793634
2914,0.00818888437051746
2915,0.0117603431647826
2916,0.0123494007625637
2917,0.0107411449165873
2918,0.00918156594650517
2919,0.00881355525369864
2920,0.00883189550463831
2921,0.00791458519935455
2922,0.00574306334507827
2923,0.00298596009983882
2924,0.000414590943564136
2925,-0.00159619718534931
2926,-0.00306873978942325
2927,-0.00430096622481873
2928,-0.00553619948774662
2929,-0.0065277573296186
2930,-0.0067900622832238
2931,-0.00666818255106585
2932,-0.00773214373433601
2933,-0.011283019181988
2934,-0.0164053966397924
2935,-0.0202856426840789
2936,-0.0209193223787444
2937,-0.0190500415648376
2938,-0.0169916220167444
2939,-0.0159529572706251
2940,-0.0151736054835301
2941,-0.0134723002464563
2942,-0.0108127986685875
2943,-0.00809635627111327
2944,-0.00602690346693017
2945,-0.00462891362466993
2946,-0.00355772919247945
2947,-0.00247378690427745
2948,-0.00129436034065746
2949,-0.00038222957869194
2950,-0.000222889591986219
2951,-0.000492528853954254
2952,0.000279809578641482
2953,0.00338015136840389
2954,0.0080942323546186
2955,0.011865394493612
2956,0.0127158729197343
2957,0.0111734940224867
2958,0.00940622063310781
2959,0.00875779552761636
2960,0.00866360875728773
2961,0.00781939344570257
2962,0.00574155817173105
2963,0.00299689207619179
2964,0.000419459062052279
2965,-0.00153222060129054
2966,-0.00291387973253015
2967,-0.0041107561089307
2968,-0.00537224256541462
2969,-0.00638319457040218
2970,-0.00663036604513213
2971,-0.00649814661392028
2972,-0.00757530199050076
2973,-0.0111285154246994
2974,-0.016238487420801
2975,-0.0201597091585408
2976,-0.0209266510083673
2977,-0.0191959662430037
2978,-0.0171524710434139
2979,-0.0160005228249214
2980,-0.01511014447273
2981,-0.013404999944777
2982,-0.0108239540378028
2983,-0.0081868597702612
2984,-0.00616429073287603
2985,-0.00477988379845462
2986,-0.00366283963700106
2987,-0.00245989583106152
2988,-0.00116212205940856
2989,-0.000247010851324622
2990,-0.000216063775951613
2991,-0.000628284629538386
2992,0.000103341001761092
2993,0.00325179117880575
2994,0.00799918045989409
2995,0.0117322371824866
2996,0.0125238936910347
2997,0.0109925556748545
2998,0.00933438997527156
2999,0.00882553086416855
3000,0.00879682703711956
3001,0.00790257521315167
3002,0.00573058499358334
3003,0.00296374503646219
3004,0.000470001951036819
3005,-0.00137889811089197
3006,-0.00274199221245454
3007,-0.0040077239282504
3008,-0.00534229276436908
3009,-0.00636786013854783
3010,-0.00658310537533081
3011,-0.00642013143921656
3012,-0.00749869361606361
3013,-0.0110836518403652
3014,-0.0162211901737637
3015,-0.020119950658684
3016,-0.0208186584457399
3017,-0.0190598486001871
3018,-0.017104070621561
3019,-0.0160924962739911
3020,-0.0152343245209331
3021,-0.0134012265223039
3022,-0.0106787808056951
3023,-0.00804482073667878
3024,-0.00612454686068618
3025,-0.00476578740336412
3026,-0.00354720537434672
3027,-0.00224770400300718
3028,-0.00096157124864324
3029,-0.000102138157128603
3030,-8.20923864458168E-05
3031,-0.000519295595311616
3032,6.19799357173741E-05
3033,0.00299347412100978
3034,0.00767150030945075
3035,0.0115842762534143
3036,0.0126417710978785
3037,0.0112129001943121
3038,0.00943370584672752
3039,0.00874283190784769
3040,0.00864752071840554
3041,0.00782011347652966
3042,0.0057412279533572
3043,0.00300527807744038
3044,0.000485446782449512
3045,-0.00138585730612178
3046,-0.00272608342429025
3047,-0.00393408836781988
3048,-0.00521999001775642
3049,-0.00623992108951764
3050,-0.00648150549893908
3051,-0.00632171527485473
3052,-0.00733546341739189
3053,-0.0108234712237796
3054,-0.0159454306711492
3055,-0.0199836299284793
3056,-0.0208904535317821
3057,-0.0192160277892503
3058,-0.0171415477709397
3059,-0.0159664507085563
3060,-0.0151276508490468
3061,-0.013510730549206
3062,-0.010967941703827
3063,-0.00827662072680483
3064,-0.00613150526892964
3065,-0.00461613597561498
3066,-0.00342243034215445
3067,-0.00221806044108952
3068,-0.000929889705909829
3069,6.663253352827E-05
3070,0.000262246984775825
3071,-8.49407082558042E-05
3072,0.000428260716741849
3073,0.0031453082048856
3074,0.00756737538938671
3075,0.0113288608711309
3076,0.0124152536226433
3077,0.0111423731100307
3078,0.0095345541471369
3079,0.0089660177128756
3080,0.00894047271276014
3081,0.00813538062756375
3082,0.00603716575305675
3083,0.00327685494281786
3084,0.000772944975101383
3085,-0.00105808029367144
3086,-0.00241198576498132
3087,-0.00373352330344553
3088,-0.00517588011418887
3089,-0.00628559189703826
3090,-0.00649588522224957
3091,-0.00622934446712645
3092,-0.0071563248184323
3093,-0.0106374850516965
3094,-0.0158073305131977
3095,-0.0198641618225413
3096,-0.0207087370712376
3097,-0.0189392131874957
3098,-0.0168364194057568
3099,-0.0157284176533633
3100,-0.0149687865206299
3101,-0.013349724589621
3102,-0.0107322848545626
3103,-0.00798192062161933
3104,-0.00585150581612811
3105,-0.00440849935647278
3106,-0.0033020320034128
3107,-0.00217025505314674
3108,-0.000919143676427654
3109,7.95008018335933E-05
3110,0.000278590344522486
3111,-0.000104710978425369
3112,0.000371956485269312
3113,0.00315603902637295
3114,0.00777047160690289
3115,0.0117051004382708
3116,0.0127715967150663
3117,0.0112920247809366
3118,0.00948140680660625
3119,0.00887696164239575
3120,0.00896086951432277
3121,0.00827174015176706
3122,0.00619641415596145
3123,0.00335780760849741
3124,0.000716205090097268
3125,-0.00124248316619391
3126,-0.00263036820954613
3127,-0.00386957308984536
3128,-0.00521681922063203
3129,-0.0063614965605076
3130,-0.00673695992443204
3131,-0.00658901140296488
3132,-0.00743471577409296
3133,-0.0107021913748933
3134,-0.0157494977873852
3135,-0.0199040736015666
3136,-0.0209746838543668
3137,-0.0193749523243218
3138,-0.0173057769142495
3139,-0.016158668835513
3140,-0.0153783379314701
3141,-0.013773578206109
3142,-0.011157882758024
3143,-0.00836031293657415
3144,-0.00615430817768176
3145,-0.00466001773365239
3146,-0.00354858556977489
3147,-0.00242132833113513
3148,-0.00113523208162218
3149,-7.08348048738833E-05
3150,0.000162583278200856
3151,-0.000250106638794345
3152,0.000179275258379452
3153,0.00296245037093565
3154,0.00762261303468695
3155,0.0115992949740214
3156,0.0126801326638563
3157,0.0112044383267411
3158,0.00938899991034053
3159,0.00874372658268083
3160,0.00875728151204704
3161,0.00803134792230076
3162,0.00599531320488831
3163,0.00322965605785353
3164,0.00062373851769449
3165,-0.00134172503552606
3166,-0.00272595007940401
3167,-0.00392143667337782
3168,-0.00519955399989077
3169,-0.00626010493763657
3170,-0.00653556442423195
3171,-0.00630633838148816
3172,-0.00714451628210165
3173,-0.0104630203913855
3174,-0.015521735178115
3175,-0.0195957902916805
3176,-0.0205792365501672
3177,-0.0190037384030637
3178,-0.0170511575465148
3179,-0.0159748158063406
3180,-0.0151535917597783
3181,-0.0134961478719692
3182,-0.0109433695608543
3183,-0.00830632416231862
3184,-0.00622052738373914
3185,-0.00472170872606193
3186,-0.00353330666421111
3187,-0.00235290116284957
3188,-0.00105906221551401
3189,1.29807696985137E-05
3190,0.000269547873928328
3191,-0.000158204216913805
3192,0.000166885861937844
3193,0.0027980875646328
3194,0.00738083979413379
3195,0.0114438251523136
3196,0.0127366074841379
3197,0.0114631244003447
3198,0.00972699449922263
3199,0.00902984493415778
3200,0.00893590124113741
3201,0.0081327961607054
3202,0.00609375974954777
3203,0.00338480726103212
3204,0.000836107717809273
3205,-0.00112536184078171
3206,-0.00254906449484041
3207,-0.00376374813821151
3208,-0.00501161114901528
3209,-0.00604982264629446
3210,-0.00637754957532827
3211,-0.00624390679549143
3212,-0.00712496712035844
3213,-0.0104183379239939
3214,-0.0154888719248902
3215,-0.0196906735874645
3216,-0.0208431555748337
3217,-0.0193328502731043
3218,-0.0173095020443055
3219,-0.0161346545704088
3220,-0.0152863608702512
3221,-0.0136573489891946
3222,-0.0111190334986495
3223,-0.00845731470245309
3224,-0.00632252547008651
3225,-0.00475311481355617
3226,-0.0034759447984839
3227,-0.00223356698679766
3228,-0.0009593217900875
3229,1.94096023329736E-05
3230,0.000179695709501572
3231,-0.000284976667924269
3232,7.9036663039777E-05
3233,0.00281631954095423
3234,0.00753944840632287
3235,0.0116946013325719
3236,0.0129407203136581
3237,0.0114927174466806
3238,0.00959277787090224
3239,0.00887449126456756
3240,0.00888865613090839
3241,0.00820135063267478
3242,0.00620749696087368
3243,0.00349450509325571
3244,0.000930415379005859
3245,-0.00107027932840122
3246,-0.00257619973407783
3247,-0.0038875985361982
3248,-0.00520328229300537
3249,-0.0062763004778215
3250,-0.00662224721763193
3251,-0.00647961904107498
3252,-0.00730480371826501
3253,-0.0105188866771444
3254,-0.0155382625731938
3255,-0.0197293173281267
3256,-0.0208794555445315
3257,-0.0193692984359363
3258,-0.0173868034700673
3259,-0.0162931487592524
3260,-0.0154757371023216
3261,-0.0137440497342217
3262,-0.0110282551400987
3263,-0.0082851152987487
3264,-0.00625866113278252
3265,-0.00489182614283956
3266,-0.00374141608224648
3267,-0.00249910156676726
3268,-0.00118962819127672
3269,-0.000218031478385621
3270,-7.25316457105114E-05
3271,-0.000509287060062177
3272,-0.000133828769381539
3273,0.00249671946017789
3274,0.00703406962080722
3275,0.0111130051541903
3276,0.0124984865558456
3277,0.0112647224711416
3278,0.00942990712538017
3279,0.00861544869153036
3280,0.00859029591536014
3281,0.00807366879751625
3282,0.00634264780046128
3283,0.00375247370401435
3284,0.00111113550614921
3285,-0.00102266068397502
3286,-0.00258590414747743
3287,-0.00389471010173053
3288,-0.00521327589352974
3289,-0.00627848196800609
3290,-0.00654228378897991
3291,-0.00625330125398306
3292,-0.00697222377093193
3293,-0.0102191573942305
3294,-0.0154096449223428
3295,-0.0198019718883283
3296,-0.0210386643741275
3297,-0.0194310446998708
3298,-0.0172570193104099
3299,-0.0160800375308824
3300,-0.0154190703883491
3301,-0.0139942342037469
3302,-0.0114904987740485
3303,-0.00869390702011616
3304,-0.00640957514176472
3305,-0.0048057383026043
3306,-0.00362047575212863
3307,-0.00253074710318555
3308,-0.00137857446097539
3309,-0.000397040312127071
3310,-8.51568538064225E-05
3311,-0.000379494635197878
3312,-2.99452467546824E-05
3313,0.00246675757225542
3314,0.00694262609083187
3315,0.0110990428800965
3316,0.0125872782713331
3317,0.0113697971248495
3318,0.00950247759798894
3319,0.00868650185255727
3320,0.0086391800417216
3321,0.00795920679267532
3322,0.00595627862229965
3323,0.00320061438979917
3324,0.000648981463883204
3325,-0.00124873891019538
3326,-0.00266771461665059
3327,-0.00402742723255118
3328,-0.00549574720939416
3329,-0.00667229457862656
3330,-0.00696130125096471
3331,-0.00662725651732692
3332,-0.00724756126079888
3333,-0.010368018778888
3334,-0.0154588387831708
3335,-0.019822323557416
3336,-0.0210920905211574
3337,-0.0195412428433631
3338,-0.0174218885768137
3339,-0.0162724050303367
3340,-0.0155654584229506
3341,-0.0140025046632865
3342,-0.0113467856746377
3343,-0.00852288374214107
3344,-0.00639235480146139
3345,-0.00501657027428976
3346,-0.00395814853168077
3347,-0.0028192838406776
3348,-0.00152156921148221
3349,-0.000429501712264369
3350,-0.000102982544528264
3351,-0.000451236076326509
3352,-0.000170842286486142
3353,0.00227901804888433
3354,0.00676014916967363
3355,0.010995949209914
3356,0.0126149885906749
3357,0.0114977256071357
3358,0.00962214816090042
3359,0.00870718358221552
3360,0.00858503926492565
3361,0.0079477782582884
3362,0.00606297478617113
3363,0.00335800818295889
3364,0.000710279227987074
3365,-0.00134093484190304
3366,-0.00280244701424948
3367,-0.00403995651099084
3368,-0.00535127322230211
3369,-0.00650175566044427
3370,-0.00690058257113428
3371,-0.00664897599792316
3372,-0.00718773155650162
3373,-0.0101190495195596
3374,-0.0151014216428483
3375,-0.0195453791217846
3376,-0.0210038584835367
3377,-0.0195933667101024
3378,-0.0175138213160324
3379,-0.0163839152878762
3380,-0.0157498280342909
3381,-0.0142677844516071
3382,-0.011596426116152
3383,-0.00863861392844884
3384,-0.00635167203715939
3385,-0.00489892818978528
3386,-0.0038445538036738
3387,-0.00272043190875031
3388,-0.0014098464668727
3389,-0.000306085022312728
3390,-7.16722124138231E-06
3391,-0.000418963103720689
3392,-0.000208383925700511
3393,0.00219405105989108
3394,0.00668373004388118
3395,0.0110152845218528
3396,0.0127940008244243
3397,0.0118046254364916
3398,0.00994521734823374
3399,0.00897141488258311
3400,0.00882953625993977
3401,0.00825328314377864
3402,0.0064230065927569
3403,0.00367287327341113
3404,0.000911297815843984
3405,-0.00120951212122127
3406,-0.00264741083946506
3407,-0.0038262369722576
3408,-0.00511126641310237
3409,-0.00626837020180017
3410,-0.00668086374059198
3411,-0.00645949351004487
3412,-0.00706769596461342
3413,-0.0100872311377684
3414,-0.0151278543197752
3415,-0.0195904991035131
3416,-0.0210683833877123
3417,-0.0196996616364348
3418,-0.0176406945799352
3419,-0.0164511583420801
3420,-0.0156951389738681
3421,-0.0141352827372249
3422,-0.0115215474200345
3423,-0.0087218333108439
3424,-0.00655254745646578
3425,-0.00507685697377771
3426,-0.00390707003164693
3427,-0.0027031808101789
3428,-0.00140138056774078
3429,-0.000337582427467235
3430,-6.0941755663669E-05
3431,-0.000516785271769174
3432,-0.000415259759910246
3433,0.00187201539811925
3434,0.00634168079400856
3435,0.0107493320412962
3436,0.0126034465879222
3437,0.0116391064278556
3438,0.00980297309741511
3439,0.00888178306017552
3440,0.00876761101054079
3441,0.00817003835303029
3442,0.00637076174316804
3443,0.00379635688432467
3444,0.00125204382593075
3445,-0.000823116795615869
3446,-0.00242269461698849
3447,-0.00376090589180253
3448,-0.00503515664187791
3449,-0.00612251715525585
3450,-0.00662343415767095
3451,-0.00662566663431447
3452,-0.00732452511116816
3453,-0.0101592812972531
3454,-0.0149522323889353
3455,-0.0194204940356334
3456,-0.0211706533081037
3457,-0.0200319311259513
3458,-0.0179179758100764
3459,-0.0164966063061816
3460,-0.0156205668357814
3461,-0.0141534076171176
3462,-0.0116698048412035
3463,-0.00884908642801224
3464,-0.00653804688363684
3465,-0.00496859286166378
3466,-0.00382821465727768
3467,-0.00269803677503767
3468,-0.0014209608532686
3469,-0.000327700045804762
3470,-3.88563407721351E-07
3471,-0.000393735666678546
3472,-0.000242663148135114
3473,0.00200723427478601
3474,0.00631462684516428
3475,0.0105219713834602
3476,0.012272167593804
3477,0.0113214817230118
3478,0.00952064561584741
3479,0.00860566275351581
3480,0.00853526977026991
3481,0.00806396081227147
3482,0.00637494004680379
3483,0.00376947569740706
3484,0.00109552802949517
3485,-0.00103961751511663
3486,-0.00257865392196908
3487,-0.00388126298410929
3488,-0.00526217425906787
3489,-0.00648379097097156
3490,-0.00693422560021891
3491,-0.00669012387608407
3492,-0.00717256317032976
3493,-0.00999545828874753
3494,-0.0148913024703626
3495,-0.0193699748121432
3496,-0.0209967091752265
3497,-0.0197561248485424
3498,-0.0176841348228324
3499,-0.0163937661505345
3500,-0.0156258560620239
3501,-0.0142350647798522
3502,-0.0118479827547528
3503,-0.00911271301180707
3504,-0.00677690110222095
3505,-0.00506878558733737
3506,-0.00380942678891685
3507,-0.00267547538961526
3508,-0.001430901123767
3509,-0.000277131054411135
3510,0.000168520267740021
3511,-0.000224098970922356
3512,-0.00025186609353786
3513,0.0018167754046189
3514,0.00616044989504683
3515,0.0106218527379553
3516,0.012635226181436
3517,0.0117825472958206
3518,0.00992003030400092
3519,0.00887929348601269
3520,0.0086738674471103
3521,0.00808202698870063
3522,0.00633726519738622
3523,0.00377383614410115
3524,0.00117756769545788
3525,-0.000948575658995581
3526,-0.00255726644283533
3527,-0.00391231638414299
3528,-0.00527136442610288
3529,-0.00645889422227365
3530,-0.00693311307263306
3531,-0.00672438351243942
3532,-0.00716359510898149
3533,-0.00989569306769741
3534,-0.0147933538714662
3535,-0.0194192177759658
3536,-0.0212123157591684
3537,-0.0200141903579269
3538,-0.0178861754480913
3539,-0.0165769659046012
3540,-0.0158643612705399
3541,-0.0144946761472478
3542,-0.012014589412807
3543,-0.00915154041243808
3544,-0.00679436667614636
3545,-0.00520058000374471
3546,-0.00409357295869887
3547,-0.00305098827707373
3548,-0.00181059235740536
3549,-0.000586946431646168
3550,-2.09741881439994E-05
3551,-0.000300805162286472
3552,-0.000300645881669816
3553,0.00170079981227927
3554,0.00597264548146402
3555,0.0104465308510852
3556,0.0125316492810705
3557,0.0117154036214106
3558,0.0098322932656554
3559,0.00879724345701027
3560,0.0086856185164252
3561,0.00821570107922266
3562,0.00651295923305184
3563,0.00389702398684399
3564,0.00124877284034832
3565,-0.000844244516931579
3566,-0.00234784798139305
3567,-0.0036001627590782
3568,-0.0049122829668265
3569,-0.00611319711505045
3570,-0.00663132731734807
3571,-0.00644565876060607
3572,-0.00684014425209692
3573,-0.00947086765016563
3574,-0.0142936491243786
3575,-0.0189438516401525
3576,-0.0208267540503102
3577,-0.0196748128211981
3578,-0.0175058400492744
3579,-0.0161573367558474
3580,-0.0155209541943499
3581,-0.0143335241105512
3582,-0.0120100186389832
3583,-0.00916593958174445
3584,-0.00670377623385085
3585,-0.00498294361535432
3586,-0.00380941804300068
3587,-0.00276942692348189
3588,-0.00156425334738225
3589,-0.000385458127703522
3590,0.000110826908816162
3591,-0.000279751165240236
3592,-0.000387512767784779
3593,0.00160592946256624
3594,0.00601057181439341
3595,0.0106522646315269
3596,0.0127709789739988
3597,0.0118217269790132
3598,0.00980194699111485
3599,0.00879320999035251
3600,0.00883460297514485
3601,0.00846086044231428
3602,0.00670075098101954
3603,0.0039542112843214
3604,0.0012126486786881
3605,-0.000927452729738084
3606,-0.00246488770305776
3607,-0.00371508021875945
3608,-0.00496609062193882
3609,-0.00612225717542497
3610,-0.00671513988102806
3611,-0.00668890705897876
3612,-0.00716491444641516
3613,-0.00971714629782254
3614,-0.014414419347394
3615,-0.0190562000704034
3616,-0.0210677505701285
3617,-0.0200645336881888
3618,-0.0179583403550177
3619,-0.0165601490471023
3620,-0.0157746482478786
3621,-0.0143832086996947
3622,-0.011907701169585
3623,-0.00907303920641093
3624,-0.00675926181146477
3625,-0.00516746882535466
3626,-0.00399690601996933
3627,-0.00291548837759278
3628,-0.00176838822011759
3629,-0.000727362446439354
3630,-0.000269609017192857
3631,-0.000512745293664755
3632,-0.000439774231437434
3633,0.00155805063057555
3634,0.00580151632433403
3635,0.0103379655633077
3636,0.0125467952599643
3637,0.0117590100844858
3638,0.00976380760902148
3639,0.00864211506107403
3640,0.00863720290762736
3641,0.00840090904039142
3642,0.00682514805754906
3643,0.00411260208048612
3644,0.00126942020346114
3645,-0.000920538147594273
3646,-0.00237796426223206
3647,-0.00355387746952393
3648,-0.00486752971920503
3649,-0.0061455194818455
3650,-0.00674345660849573
3651,-0.00658173590471962
3652,-0.00693358096823731
3653,-0.00948835864194754
3654,-0.0142677661814967
3655,-0.0189684416786206
3656,-0.0209930860014322
3657,-0.0199926442709752
3658,-0.0178858759868232
3659,-0.0164695141088727
3660,-0.0156716750047397
3661,-0.014315174736982
3662,-0.0119142202707656
3663,-0.00914208497662226
3664,-0.00685114153306525
3665,-0.00525157244278589
3666,-0.00403834736926122
3667,-0.00285234484593378
3668,-0.00155002678208218
3669,-0.000380719267544404
3670,9.39310009259299E-05
3671,-0.000263243310534939
3672,-0.000384685793976099
3673,0.00141805474162175
3674,0.00553628682762202
3675,0.0100478353718361
3676,0.0123044501272342
3677,0.0115796491254968
3678,0.00963072463651867
3679,0.00854280697221433
3680,0.00856211066466198
3681,0.00833820572465183
3682,0.00680003068755961
3683,0.00421130255233097
3684,0.00155815456722942
3685,-0.000516214812126831
3686,-0.00205277693256904
3687,-0.0034404648371164
3688,-0.00490683811962402
3689,-0.00617271260653772
3690,-0.00666856894396261
3691,-0.00643964209884124
3692,-0.00678930698358205
3693,-0.00936866025178277
3694,-0.0141912782979122
3695,-0.018971271520784
3696,-0.0210807275251026
3697,-0.020103742852131
3698,-0.0179515399991762
3699,-0.0165036944799015
3700,-0.0157723734678039
3701,-0.0145671518865344
3702,-0.0122924659506776
3703,-0.00950988179385175
3704,-0.00706594170397727
3705,-0.00530134594706229
3706,-0.00407041751130695
3707,-0.00302760227746459
3708,-0.00185531342412839
3709,-0.000632029733164864
3710,3.51205983173397E-05
3711,-0.000197001400086323
3712,-0.000358054196388337
3713,0.00136371608394947
3714,0.00550345950746191
3715,0.0100966019147382
3716,0.012358994871131
3717,0.0115650862363435
3718,0.00961067023711294
3719,0.0086337650007819
3720,0.00875704766074999
3721,0.00850737938033895
3722,0.00685125957099201
3723,0.00416610025757777
3724,0.00146886684555839
3725,-0.000630182694909571
3726,-0.00215571693306789
3727,-0.00345575308019798
3728,-0.00481444437101983
3729,-0.00607907544379377
3730,-0.0066905163133051
3731,-0.00653261479041933
3732,-0.00677533253538301
3733,-0.00915377996970631
3734,-0.0138883806865898
3735,-0.0187706652156342
3736,-0.0210510019829896
3737,-0.0201718570343703
3738,-0.0180422725715269
3739,-0.0166219691749594
3740,-0.0159418869605529
3741,-0.014757204024311
3742,-0.012453471097179
3743,-0.00964851983325126
3744,-0.00722701471674705
3745,-0.00547600195608784
3746,-0.00417851618333542
3747,-0.00302099134675662
3748,-0.00179849571809241
3749,-0.000628259694613732
3750,-1.90223389424654E-05
3751,-0.000216719990890866
3752,-0.000302420847826836
3753,0.00141280830006884
3754,0.00548037853909152
3755,0.0101111491943268
3756,0.0126104731138072
3757,0.0120813880720972
3758,0.0101630970486363
3759,0.0089699321484796
3760,0.00886081926845748
3761,0.00855602195416964
3762,0.00695715305909462
3763,0.00426472562220897
3764,0.00146984075143905
3765,-0.00068692136739204
3766,-0.00215786449730339
3767,-0.00337264388201785
3768,-0.00471624798039994
3769,-0.00602677946601389
3770,-0.00667947516475948
3771,-0.00654054625370882
3772,-0.00679382951168822
3773,-0.00915165502707757
3774,-0.0138081610159696
3775,-0.0186042908709548
3776,-0.0208727188744879
3777,-0.0200391447585589
3778,-0.0178884778709291
3779,-0.0163152965865712
3780,-0.0154551641893188
3781,-0.0142215207337468
3782,-0.0120223706239592
3783,-0.00935882146612781
3784,-0.00702603492511058
3785,-0.00533569182758134
3786,-0.00411425338292895
3787,-0.0030118128807079
3788,-0.00176496636621842
3789,-0.000520917914906839
3790,0.000117737431547575
3791,-0.00012752937242262
3792,-0.000279497176329613
3793,0.00139485754920735
3794,0.00541357236048895
3795,0.00995719203686735
3796,0.0123862256086766
3797,0.01187570434785
3798,0.0100293135153512
3799,0.00884671067234318
3800,0.00865654174260486
3801,0.00829263844141502
3802,0.00676375847653547
3803,0.00421397511779226
3804,0.0014793162984386
3805,-0.000750797846957407
3806,-0.00231224736820314
3807,-0.0035073596974703
3808,-0.004739065873788
3809,-0.00596067111643069
3810,-0.00659437179211468
3811,-0.00643852394368942
3812,-0.00661559260208115
3813,-0.00888573938641601
3814,-0.0135396566592323
3815,-0.0184351682998108
3816,-0.0208300456747074
3817,-0.0200932222094776
3818,-0.0180334787140826
3819,-0.0165767565279565
3820,-0.0158115012403368
3821,-0.0145670767160679
3822,-0.0122439048526994
3823,-0.00943290578729727
3824,-0.00701983572644949
3825,-0.00533317754820808
3826,-0.00416786450575835
3827,-0.00313753932655349
3828,-0.0019312324631434
3829,-0.000649532790335814
3830,7.53516216119915E-05
3831,-0.000159213557060849
3832,-0.000453822458951737
3833,0.00103907689024197
3834,0.0050548435766441
3835,0.00983064554638237
3836,0.0125306797540463
3837,0.0121058971737601
3838,0.010160143870389
3839,0.00887315720330405
3840,0.00869140214734144
3841,0.0084084552919746
3842,0.00696172342842412
3843,0.00449384796946068
3844,0.0018390445887572
3845,-0.000383371140609295
3846,-0.00205678042789471
3847,-0.00340052767357451
3848,-0.00468459397873636
3849,-0.00585655687215206
3850,-0.00646689351310203
3851,-0.00638974992774343
3852,-0.00666332996409743
3853,-0.00893259939573845
3854,-0.0135128324116168
3855,-0.0183859529576363
3856,-0.0208461618456411
3857,-0.0201547513349006
3858,-0.018024614127637
3859,-0.0164435021939331
3860,-0.0156529567149891
3861,-0.0145425768807661
3862,-0.0124146831813841
3863,-0.00971528231970899
3864,-0.00726972951844497
3865,-0.00544886618164187
3866,-0.0041344361479234
3867,-0.00302198606192902
3868,-0.00184115907530829
3869,-0.000652824463902135
3870,1.88866408636577E-05
3871,-0.00015440058005948
3872,-0.000328585191947628
3873,0.00120700111309969
3874,0.00512637978820127
3875,0.00975255041889527
3876,0.0123777325703457
3877,0.0119858347085266
3878,0.0101215225062431
3879,0.00891475213482735
3880,0.00880516242178557
3881,0.00856051199234288
3882,0.00705568570473927
3883,0.004420345066467
3884,0.00159355942155514
3885,-0.00066179011506591
3886,-0.00219843898279802
3887,-0.00336336839051507
3888,-0.0045899993471972
3889,-0.00586496529090847
3890,-0.00661894672239763
3891,-0.00657011759890962
3892,-0.00672105226803522
3893,-0.00883218643679031
3894,-0.0133573988880599
3895,-0.0182941355413191
3896,-0.0208342221769709
3897,-0.0201631644010493
3898,-0.0180342240879723
3899,-0.0165092675117528
3900,-0.0158112133593061
3901,-0.0147379186662952
3902,-0.012560717715488
3903,-0.00980034231778554
3904,-0.00735351982991874
3905,-0.005566292987369
3906,-0.00425663617695519
3907,-0.0031197158768146
3908,-0.00193500341591257
3909,-0.000770944039374865
3910,-0.000105484036784176
3911,-0.000248998439108344
3912,-0.000398670868767442
3913,0.0011297317300504
3914,0.00505272242917746
3915,0.00974650966165664
3916,0.0124847419013537
3917,0.0121764187086169
3918,0.0103133187933726
3919,0.00902830953640023
3920,0.00880033461238654
3921,0.00846411796548807
3922,0.00697589441024281
3923,0.00449080807358736
3924,0.00185131886015894
3925,-0.000328567458025935
3926,-0.00193631417368037
3927,-0.003192543562795
3928,-0.0044081335363469
3929,-0.00561463153012338
3930,-0.00638237224534292
3931,-0.00645086725328486
3932,-0.00668267788391902
3933,-0.00873874476526007
3934,-0.0131738433481276
3935,-0.0181661770282397
3936,-0.0209241137322492
3937,-0.0204547335107771
3938,-0.0183607184040085
3939,-0.0167500918756808
3940,-0.0159860117947822
3941,-0.0148934144677865
3942,-0.0126453123581872
3943,-0.00972644667846243
3944,-0.00716155193600872
3945,-0.00544021760341487
3946,-0.00433593899823668
3947,-0.00333597573372193
3948,-0.00208335115310894
3949,-0.000730341210771599
3950,5.502449719193E-05
3951,-0.000117880180898232
3952,-0.000364613756724146
3953,0.00110384741455744
3954,0.00500865665580037
3955,0.00966319284716062
3956,0.0123193886661443
3957,0.0119415645740644
3958,0.0100932551255691
3959,0.00892444776113168
3960,0.00885970823510276
3961,0.00864566808860911
3962,0.00718328722372077
3963,0.00465445275237783
3964,0.00198156477916787
3965,-0.000187665501815329
3966,-0.00180427935958255
3967,-0.00316224448750573
3968,-0.00452539018869924
3969,-0.00577640146983633
3970,-0.006408319434932
3971,-0.00626104200986298
3972,-0.00636214120954883
3973,-0.0084170854271628
3974,-0.0128941557192574
3975,-0.0179089776353895
3976,-0.020709993751821
3977,-0.0203398659601399
3978,-0.0183234067202686
3979,-0.0166589653997309
3980,-0.0157373360777449
3981,-0.014550624873358
3982,-0.0123835123326805
3983,-0.00963524075867236
3984,-0.00714491920943628
3985,-0.00532441613329788
3986,-0.00404152642011659
3987,-0.00292375253322116
3988,-0.00166682338625749
3989,-0.00038982169705506
3990,0.000282242100996634
3991,-1.84540799020531E-05
3992,-0.000383349657681109
3993,0.00100220293917897
3994,0.00486068293772454
3995,0.00949045913557182
3996,0.0121511282627756
3997,0.0118342013815458
3998,0.0100908353089598
3999,0.0089987512146902
4000,0.00892559228733714
4001,0.008653842158115
4002,0.00717027005365272
4003,0.00467372243416238
4004,0.00200794024127794
4005,-0.000238311621951306
4006,-0.00195782124880812
4007,-0.0033361899659506
4008,-0.00463097575426856
4009,-0.00584598943690553
4010,-0.00657386351091049
4011,-0.0065968543618427
4012,-0.00678237031401655
4013,-0.00875309452755747
4014,-0.0130608805186363
4015,-0.0179756769354426
4016,-0.0208146068972902
4017,-0.020559398895045
4018,-0.0186333507716734
4019,-0.0169969852598263
4020,-0.0160824776328356
4021,-0.0149349948480531
4022,-0.0128313139420521
4023,-0.0100965152575158
4024,-0.00750638995017321
4025,-0.00551704369674961
4026,-0.00414737701798789
4027,-0.00313818700467515
4028,-0.00210581856157989
4029,-0.000940566025897492
4030,-0.000136196663218876
4031,-0.000193644888537031
4032,-0.000448940523888985
4033,0.000869411051958197
4034,0.00470648554296267
4035,0.00955080912526209
4036,0.0125380508762676
4037,0.0123433292307208
4038,0.0103939760895661
4039,0.00898900486866319
4040,0.00879117181733564
4041,0.00861688419696619
4042,0.00723835879458134
4043,0.00469052378193349
4044,0.00188727643647401
4045,-0.00040153730821462
4046,-0.00200073146782743
4047,-0.00319325167918688
4048,-0.00437262472083691
4049,-0.00559349700607832
4050,-0.00640146495715662
4051,-0.00649431229113828
4052,-0.0066805170825267
4053,-0.0085819667387944
4054,-0.0127946210627076
4055,-0.0176262294722303
4056,-0.0203944026177427
4057,-0.0200772876039739
4058,-0.0181376930195989
4059,-0.0165853389621797
4060,-0.015824895024229
4061,-0.0147968572718525
4062,-0.0127183419084593
4063,-0.00998122318590326
4064,-0.0074567940459853
4065,-0.00557139549772164
4066,-0.00421588259036789
4067,-0.00309582061285731
4068,-0.00195802536691234
4069,-0.000814293504740153
4070,-9.82979412051987E-05
4071,-0.000171615913913933
4072,-0.000384462169276957
4073,0.000870391729987342
4074,0.00448708078099278
4075,0.0091465613330057
4076,0.0121931507609827
4077,0.0122486230538063
4078,0.0104920510139573
4079,0.00909299257535054
4080,0.00882622898906794
4081,0.00866054643020867
4082,0.00736326761580683
4083,0.00487249197393625
4084,0.00207603476339375
4085,-0.000217385819902752
4086,-0.00184494104504268
4087,-0.00314778197524422
4088,-0.00449764123990876
4089,-0.00582362359752243
4090,-0.00658021204648203
4091,-0.00651201328186554
4092,-0.00654315065331144
4093,-0.00836130481122578
4094,-0.0125726301270428
4095,-0.0174991341002248
4096,-0.0204610500894742
4097,-0.0203550977822031
4098,-0.018493939420194
4099,-0.0168087322624257
4100,-0.0158024366274841
4101,-0.0146172826230845
4102,-0.0125797743382106
4103,-0.00999094180897331
4104,-0.00753723485240273
4105,-0.00557788987036137
4106,-0.00412420417782473
4107,-0.00302076983777782
4108,-0.00197049222414459
4109,-0.00080438311727475
4110,9.87011012302153E-05
4111,0.00018255600539863
4112,-0.000122538659170962
4113,0.000850003779677186
4114,0.00429648206850484
4115,0.00908749501165102
4116,0.0124258141141611
4117,0.0126506550873765
4118,0.010844192556125
4119,0.00931260119574142
4120,0.00897421328166386
4121,0.00879321290090683
4122,0.00747056686449326
4123,0.0049531801674237
4124,0.00219418811148007
4125,1.32230600921731E-05
4126,-0.0014993456006558
4127,-0.00276742531908828
4128,-0.00419166737710818
4129,-0.00566844344739336
4130,-0.00657424869192983
4131,-0.00656567328000791
4132,-0.00653933104208046
4133,-0.00826295782289195
4134,-0.0124646127356542
4135,-0.0174960054028753
4136,-0.0205774370086095
4137,-0.0204985698580698
4138,-0.0185898977443956
4139,-0.0168889622239531
4140,-0.0159391078359576
4141,-0.0147961481016652
4142,-0.0126947200312211
4143,-0.00998030597117174
4144,-0.00748449553505794
4145,-0.00563165025130342
4146,-0.00432531711823411
4147,-0.0032518547580905
4148,-0.00209533315695208
4149,-0.000823797716785531
4150,6.77923816392517E-05
4151,6.85896518047021E-05
4152,-0.000258597438059523
4153,0.000787424246918789
4154,0.00428997227773363
4155,0.00900378667426532
4156,0.0121589649783611
4157,0.0122354335520604
4158,0.0104181612684963
4159,0.00899344932180146
4160,0.00879212522669698
4161,0.00872259458736597
4162,0.00748916222573138
4163,0.00505316798641086
4164,0.00234760010685552
4165,0.000153923497724129
4166,-0.00143550507705792
4167,-0.00277765440519518
4168,-0.00419692479141288
4169,-0.0055894614392541
4170,-0.00641275928313599
4171,-0.00638957812124608
4172,-0.00638817247751215
4173,-0.00810004781502275
4174,-0.0122407268123972
4175,-0.0172342852431231
4176,-0.020362494078803
4177,-0.0203931518111774
4178,-0.0185935917445482
4179,-0.0169746718350917
4180,-0.0160915797434755
4181,-0.0150037348613291
4182,-0.0129332863423298
4183,-0.0102242570719909
4184,-0.00771309709794542
4185,-0.00581326482127288
4186,-0.00442586894090353
4187,-0.0032853447197003
4188,-0.00213947106925775
4189,-0.000947301471690379
4190,-0.000119438366533464
4191,-0.000117906077335672
4192,-0.000429735792164995
4193,0.000587927122567305
4194,0.00406025720677272
4195,0.00883477618596517
4196,0.0121415662248983
4197,0.0123451812695289
4198,0.0105370054964361
4199,0.00903800076892992
4200,0.00878672254077295
4201,0.00875039537310945
4202,0.00760082848962075
4203,0.0052160865494295
4204,0.00245392167890115
4205,8.5414044929026E-05
4206,-0.00170424091138041
4207,-0.00312997360492868
4208,-0.00446857548345191
4209,-0.00572901240956611
4210,-0.00651013412757233
4211,-0.00652625120093069
4212,-0.00651394913080473
4213,-0.00811287610018097
4214,-0.0121496172982664
4215,-0.0171621538597809
4216,-0.0203870686291837
4217,-0.0204617112966611
4218,-0.0186225810275002
4219,-0.0169675727248381
4220,-0.0161099837494557
4221,-0.0150695614338447
4222,-0.0130198806767237
4223,-0.0103139664391931
4224,-0.00779529782892612
4225,-0.00583859910424874
4226,-0.00434269186351265
4227,-0.00313748451612759
4228,-0.00205657821567087
4229,-0.000996625181467619
4230,-0.000221321800390795
4231,-0.00015763389559788
4232,-0.000406584562701508
4233,0.000595118780417418
4234,0.00404958674454173
4235,0.00890922847548262
4236,0.0123589906656731
4237,0.0126210252994205
4238,0.0107538827697232
4239,0.00920270672304139
4240,0.00900379241510603
4241,0.00905761170191853
4242,0.00791209518863391
4243,0.00545183879244729
4244,0.00266419052289081
4245,0.000390161283611423
4246,-0.00126701515121237
4247,-0.00264369880182342
4248,-0.00403950684538436
4249,-0.00540536179288451
4250,-0.00629965834051671
4251,-0.00642242329386197
4252,-0.00646236627021158
4253,-0.00800692762181036
4254,-0.0119377313270387
4255,-0.0169439342403865
4256,-0.0203171583139909
4257,-0.0205391602119882
4258,-0.0186577612173087
4259,-0.0168124554689182
4260,-0.0158470712812258
4261,-0.0148760676942121
4262,-0.0128891365809837
4263,-0.0100541494062843
4264,-0.00733808484693089
4265,-0.00541104889663414
4266,-0.0042124182443339
4267,-0.00325253131502956
4268,-0.00208085961179937
4269,-0.000710173887213387
4270,0.000237053906868653
4271,0.000173005854658465
4272,-0.000331153289829408
4273,0.000512462345268037
4274,0.00393474288535817
4275,0.00880084894923646
4276,0.0122737983478543
4277,0.0125981670007215
4278,0.010773473649596
4279,0.00914660320533245
4280,0.00878559820678144
4281,0.00875678553409572
4282,0.00769400436938769
4283,0.00536052503400573
4284,0.00257202875279033
4285,0.000173587141709757
4286,-0.00157119392770404
4287,-0.00290401220807533
4288,-0.00420114612053355
4289,-0.00552547970061436
4290,-0.00642752146570377
4291,-0.0065194388045069
4292,-0.00646526611379839
4293,-0.00791529195191526
4294,-0.0117949820434399
4295,-0.0167684351773477
4296,-0.0201131454133958
4297,-0.0203674487505665
4298,-0.0186245627665281
4299,-0.0169510136395172
4300,-0.0160568815335638
4301,-0.0150396196238466
4302,-0.0130355079422032
4303,-0.0103351646135849
4304,-0.00780896805868741
4305,-0.00588703399501515
4306,-0.00441370939318476
4307,-0.00309233789103259
4308,-0.00174989126270269
4309,-0.000452071991464846
4310,0.000377032945718085
4311,0.000318441569464437
4312,-0.000131197611305497
4313,0.000630549180638212
4314,0.00382211132858513
4315,0.00851073789246009
4316,0.0120225184318958
4317,0.0125294911124898
4318,0.0108397435403233
4319,0.0092375748424225
4320,0.00889592679019709
4321,0.00896471216507793
4322,0.00801425386121164
4323,0.00570073905790817
4324,0.00284775012163213
4325,0.000406435370109148
4326,-0.0013115510726551
4327,-0.00262992430882845
4328,-0.00402907527630971
4329,-0.00555366758031905
4330,-0.00661092429481158
4331,-0.00669008555646242
4332,-0.00648692589181317
4333,-0.00781624156662317
4334,-0.0117386336875073
4335,-0.0168861437784682
4336,-0.0203717514071329
4337,-0.0206110861421524
4338,-0.0187417177616134
4339,-0.0169855541568574
4340,-0.0161515377645719
4341,-0.0152816303524672
4342,-0.0133588829098296
4343,-0.010567708984207
4344,-0.00782706282189362
4345,-0.00575408064300906
4346,-0.0043702157472016
4347,-0.0033689702868417
4348,-0.00235387907266911
4349,-0.00115135410383905
4350,-0.000171384000288807
4351,-4.76550186462214E-05
4352,-0.000469598852311714
4353,0.000218529975407552
4354,0.00343399062241485
4355,0.00832144838174999
4356,0.0120690502476347
4357,0.0126743670155925
4358,0.0109324663234209
4359,0.00924948606075281
4360,0.00888481848227852
4361,0.00896505142983662
4362,0.00800961598871607
4363,0.00567627998946111
4364,0.00281155005226848
4365,0.000355330987178893
4366,-0.00139694273246473
4367,-0.00272742423739131
4368,-0.00404792644456932
4369,-0.00541126875488889
4370,-0.00633224360368333
4371,-0.00639426772666193
4372,-0.00627119726065197
4373,-0.00768383468798459
4374,-0.0116441449231997
4375,-0.0168039597040934
4376,-0.0202892420754872
4377,-0.0204963914457237
4378,-0.0185759637287519
4379,-0.0168122968972051
4380,-0.016032927553953
4381,-0.0152020393294151
4382,-0.0132396373624834
4383,-0.0104044051999136
4384,-0.00774237649115834
4385,-0.00584855962293963
4386,-0.00456085847993186
4387,-0.00345989334526166
4388,-0.00226202140291611
4389,-0.000985572276998178
4390,-7.16671037349255E-05
4391,-2.1612444844558E-05
4392,-0.000429746875149742
4393,0.000321210416716811
4394,0.0035823741117742
4395,0.00849915530852721
4396,0.012273425440102
4397,0.0128691306767147
4398,0.0110644416243798
4399,0.00933122009254202
4400,0.00899198388665476
4401,0.00911336284684412
4402,0.00808852699690284
4403,0.00556655579332033
4404,0.00254443058911589
4405,9.53788295234039E-05
4406,-0.00152546568653957
4407,-0.00274773832555187
4408,-0.00406387740292687
4409,-0.00549073333546334
4410,-0.00647971780120225
4411,-0.00658457490936447
4412,-0.00645235302411721
4413,-0.00776672192039017
4414,-0.0115604739404669
4415,-0.016606900832436
4416,-0.0201580909238527
4417,-0.0205879454053014
4418,-0.0188622546307091
4419,-0.017093970650699
4420,-0.0161335877682146
4421,-0.0151385566701612
4422,-0.0131815607095473
4423,-0.0104716668519038
4424,-0.00787196080620752
4425,-0.0058754882687838
4426,-0.00441051201379243
4427,-0.00322976695063428
4428,-0.0021143845892661
4429,-0.000984677982735733
4430,-0.000139935397584591
4431,-4.12769721192768E-05
4432,-0.000373087606384908
4433,0.000358800997955653
4434,0.00347573040691399
4435,0.00823304045931089
4436,0.0119935043993904
4437,0.01276791707183
4438,0.0111911630048106
4439,0.00953187094968166
4440,0.00907502319571106
4441,0.00907089028808017
4442,0.00811222251544829
4443,0.00583037531357931
4444,0.00301048299941618
4445,0.000564706177004075
4446,-0.00119984445047414
4447,-0.00254576592729448
4448,-0.00388459897224728
4449,-0.00529389661847276
4450,-0.00631061194658082
4451,-0.00648604308132885
4452,-0.00639491481901983
4453,-0.00767888547782712
4454,-0.0114147527287921
4455,-0.0164569488637835
4456,-0.0200797011906755
4457,-0.0205925103657058
4458,-0.0188958431779778
4459,-0.0171322277094772
4460,-0.0162388548858096
4461,-0.0153748476388183
4462,-0.0134910346996572
4463,-0.0107107283441262
4464,-0.00799584632889905
4465,-0.00601673243027449
4466,-0.00470939552510994
4467,-0.00362943564235399
4468,-0.00240947916708486
4469,-0.00106562627358916
4470,-9.95449453614794E-05
4471,-1.90267945882733E-05
4472,-0.000387111841792438
4473,0.000362117709130546
4474,0.00347916509572242
4475,0.00815825870361749
4476,0.011830778194264
4477,0.0125933509253623
4478,0.0110417666862393
4479,0.00936137914363069
4480,0.00888107843607804
4481,0.00897836332267725
4482,0.00823414700679053
4483,0.0060838813175176
4484,0.00317502099314955
4485,0.000531708320036899
4486,-0.00132352296762814
4487,-0.00261515071175474
4488,-0.00391125294198393
4489,-0.00538698353634843
4490,-0.00647246835816389
4491,-0.00657232767657012
4492,-0.00629581303990271
4493,-0.00746308232862036
4494,-0.0112469988778128
4495,-0.0164191109779359
4496,-0.0201275656969591
4497,-0.020661158398978
4498,-0.0189771080827427
4499,-0.0172388377869018
4500,-0.0163547109618199
4501,-0.0154805255132322
4502,-0.0135999105167536
4503,-0.0108264419638869
4504,-0.00804854926882734
4505,-0.00590530284992634
4506,-0.00442897372382267
4507,-0.00330848177706793
4508,-0.00217592626664419
4509,-0.000900145514626364
4510,0.000121916377873724
4511,0.000299346313550889
4512,-9.72138932653831E-05
4513,0.000474203823103745
4514,0.00342469807088766
4515,0.00809205214054976
4516,0.0118607027983109
4517,0.0126741017256214
4518,0.0110794176378422
4519,0.00935566715103097
4520,0.00889795889345349
4521,0.00901790777086022
4522,0.00821994297483702
4523,0.00600016786482569
4524,0.00312806672336429
4525,0.000613971506442638
4526,-0.00117280665181102
4527,-0.00252889369974007
4528,-0.00389966699899074
4529,-0.00532815442921469
4530,-0.00631565747638646
4531,-0.00644130619770017
4532,-0.00631054533048952
4533,-0.00753219283840122
4534,-0.0111599495718841
4535,-0.0161355138325537
4536,-0.0198523910516254
4537,-0.0205833310556621
4538,-0.0190270186187119
4539,-0.0171953025190706
4540,-0.0161434800868215
4541,-0.0152617900508088
4542,-0.0135598718274068
4543,-0.0109780367843976
4544,-0.00827692832191864
4545,-0.00613353473314777
4546,-0.0046658984259804
4547,-0.00356749652636352
4548,-0.0024292039060753
4549,-0.00112661775787003
4550,-0.000100269591370784
4551,5.4995562674006E-05
4552,-0.000354059620753517
4553,0.000218974676548755
4554,0.00314856367213335
4555,0.00777940015859462
4556,0.0115851002814582
4557,0.0125765449129077
4558,0.0112189905038367
4559,0.00960571663941048
4560,0.00904920939850208
4561,0.00899785008272846
4562,0.00816237210401769
4563,0.0060654273550708
4564,0.00329718956867472
4565,0.000726649466495157
4566,-0.00119115532604721
4567,-0.00256611741287356
4568,-0.00381704020674624
4569,-0.00514258591255997
4570,-0.00614354758589052
4571,-0.00631035225715879
4572,-0.00614286396123147
4573,-0.00732388914822433
4574,-0.0110581719763848
4575,-0.0162622168875661
4576,-0.0201240466529373
4577,-0.0208028984385336
4578,-0.0191229047431597
4579,-0.0172691875969035
4580,-0.0162871253737421
4581,-0.0154365874841971
4582,-0.0136950575031173
4583,-0.0110883999675988
4584,-0.00840317195869515
4585,-0.00623099352321427
4586,-0.00465341597557086
4587,-0.00346306628361842
4588,-0.00233607936581879
4589,-0.00107946943173397
4590,-2.58586785058312E-05
4591,0.000187282243682233
4592,-0.000267056271743189
4593,0.000167673684220634
4594,0.00305302826265065
4595,0.00784279207518326
4596,0.0118622233153051
4597,0.0128849674186689
4598,0.0113411633899415
4599,0.00951726483692725
4600,0.0089042467166059
4601,0.00893838799029541
4602,0.00820433923888942
4603,0.00614756978289011
4604,0.00337004461668878
4605,0.000776019582050626
4606,-0.00115957448604014
4607,-0.00253554018494208
4608,-0.00377986752286477
4609,-0.00513809996830096
4610,-0.00625129643262345
4611,-0.00656441742342154
4612,-0.00645326423786122
4613,-0.0075210860357484
4614,-0.0110415368993175
4615,-0.0160933509035183
4616,-0.019956472824492
4617,-0.0207263223391059
4618,-0.0190973365944732
4619,-0.0172085418349089
4620,-0.0161728837773693
4621,-0.0153236402403175
4622,-0.0136266806744515
4623,-0.0110524736411347
4624,-0.00838240075627415
4625,-0.00625361168950731
4626,-0.00475628276306566
4627,-0.00362248017762156
4628,-0.00247840149821125
4629,-0.00116248421821735
4630,-7.33524110998818E-05
4631,0.000140416985250072
4632,-0.000309370215010097
4633,0.000144232322597628
4634,0.00302677661912711
4635,0.00777598572590518
4636,0.0117526232970709
4637,0.0127620005385663
4638,0.0112210817551534
4639,0.00940111005351199
4640,0.00881622625292799
4641,0.00891585628332163
4642,0.00823374256175825
4643,0.00615976384037258
4644,0.00333518890727582
4645,0.000766741661457677
4646,-0.00105632450768963
4647,-0.00235748832018674
4648,-0.0036815163853424
4649,-0.00522196137415711
4650,-0.00644324394672448
4651,-0.00668373079768528
4652,-0.00638770849798083
4653,-0.0073132186821913
4654,-0.0108219614195033
4655,-0.0159602352618313
4656,-0.0199155444516788
4657,-0.0207188184001232
4658,-0.0190681663637638
4659,-0.0171510229975438
4660,-0.0161149954557067
4661,-0.0152801550119296
4662,-0.0135778747041597
4663,-0.0109723126969775
4664,-0.00827125072107949
4665,-0.00613349010091358
4666,-0.00465248942638233
4667,-0.00356799946753414
4668,-0.00251374285378327
4669,-0.00129102204502206
4670,-0.000220657122227312
4671,7.31766815056896E-05
4672,-0.000291276374343339
4673,0.000130179511125904
4674,0.00287382306263523
4675,0.00754274489884425
4676,0.0116433816294355
4677,0.0129356073456767
4678,0.0116312555354923
4679,0.00983286264350027
4680,0.0090705415022139
4681,0.00896081492955273
4682,0.00819311855184701
4683,0.00616357265190733
4684,0.00338428508502657
4685,0.000755675234874763
4686,-0.00117457244976272
4687,-0.00246379977626375
4688,-0.00360180843099503
4689,-0.00494594753627951
4690,-0.00615869930483444
4691,-0.00654380006155844
4692,-0.00630165124229815
4693,-0.00705936966185763
4694,-0.0103585828878919
4695,-0.0155213243654279
4696,-0.0197536824092141
4697,-0.0208323352917412
4698,-0.0192588306530206
4699,-0.0172965711218099
4700,-0.0162751242672355
4701,-0.0155352265611534
4702,-0.0138807826696141
4703,-0.0112237057436748
4704,-0.00846619566763424
4705,-0.00634169199478261
4706,-0.0048775272675252
4707,-0.00371400354175295
4708,-0.00250523180912226
4709,-0.00116203358506821
4710,-6.54943004081854E-05
4711,0.000180649976849482
4712,-0.000278596113721085
4713,2.07603611221384E-05
4714,0.00268170472168523
4715,0.00738392701805198
4716,0.0115937198855227
4717,0.0129183265860665
4718,0.011509761294407
4719,0.00962693206346149
4720,0.00898305529959614
4721,0.00912910488875379
4722,0.00849215523931497
4723,0.00635938433083869
4724,0.00344098838284575
4725,0.000857056136927281
4726,-0.000931363909590441
4727,-0.00225753817517007
4728,-0.0036684962775785
4729,-0.00525149406487484
4730,-0.00643113089952304
4731,-0.00662315582193554
4732,-0.00631782925813678
4733,-0.00720645143136692
4734,-0.0106073102344146
4735,-0.015670482355441
4736,-0.0197178242913888
4737,-0.0207507419829976
4738,-0.0193030508476638
4739,-0.0174734675193336
4740,-0.0164726655710655
4741,-0.0156912425699363
4742,-0.0140269127716731
4743,-0.0113908625545772
4744,-0.00862301205506597
4745,-0.00643737898158163
4746,-0.00489803043230786
4747,-0.00368367036651708
4748,-0.00246621666319726
4749,-0.00116120857218975
4750,-0.000126468272987711
4751,8.88096398310582E-05
4752,-0.000343499732340467
4753,-1.17802243961369E-05
4754,0.00261153606827586
4755,0.00721549913016968
4756,0.0113618254322117
4757,0.0127181212249917
4758,0.0113813577853214
4759,0.0095154977530633
4760,0.00882409017657734
4761,0.00894387492468736
4762,0.0083697578870936
4763,0.00634903749852921
4764,0.00348437627786142
4765,0.000841194818536208
4766,-0.00105428242320333
4767,-0.00241519161771432
4768,-0.00374815611404946
4769,-0.00523315990309585
4770,-0.00641519995847264
4771,-0.0067105579589312
4772,-0.00649115336175366
4773,-0.00737021275957313
4774,-0.0107347917802122
4775,-0.015851907748113
4776,-0.0200351431499129
4777,-0.0211459341167158
4778,-0.0196192224136827
4779,-0.017617074269877
4780,-0.0164954570516569
4781,-0.0157086202303727
4782,-0.0140926063710937
4783,-0.0114704141596857
4784,-0.00867004286341373
4785,-0.00647098416844653
4786,-0.00500409926981631
4787,-0.00394101667567495
4788,-0.00286366963722576
4789,-0.00158518396612614
4790,-0.000447537852345261
4791,-9.7941359737105E-05
4792,-0.000486980803758039
4793,-0.000226998056215862
4794,0.00230774476763201
4795,0.00692464803448765
4796,0.011203478148774
4797,0.0127110964226524
4798,0.0114243030816289
4799,0.00948528485645441
4800,0.0086960795072698
4801,0.00880608914388612
4802,0.0083097405353114
4803,0.00634090381015276
4804,0.00341819341679774
4805,0.000667095876858713
4806,-0.00124766546855023
4807,-0.00249003738729504
4808,-0.00366249074764458
4809,-0.00507077453204333
4810,-0.00629240754262358
4811,-0.00668643976703219
4812,-0.00654733462612223
4813,-0.00742132517307499
4814,-0.0106558101247128
4815,-0.0155625055392156
4816,-0.0196007662341938
4817,-0.0207584415685617
4818,-0.019430112622487
4819,-0.0176074629416115
4820,-0.0165479527301533
4821,-0.0157789703387023
4822,-0.0142412535171111
4823,-0.0117232713651999
4824,-0.00892654981217671
4825,-0.0065989450000642
4826,-0.00497839860472995
4827,-0.00383118733846065
4828,-0.0027088925694799
4829,-0.00135510453914831
4830,-0.000136705673066795
4831,0.000206778306919869
4832,-0.00029403135339724
4833,-0.000159430063644636
4834,0.0023178772266048
4835,0.00691772674178367
4836,0.0111484000163221
4837,0.0125877288634166
4838,0.0113032656101616
4839,0.00947502225899814
4840,0.00881467416784007
4841,0.00895585041288364
4842,0.00840378027840971
4843,0.00642604901369031
4844,0.00362833543544006
4845,0.00105698431484235
4846,-0.000786123046908495
4847,-0.00213164601275857
4848,-0.00349651010156803
4849,-0.00505608852262199
4850,-0.00632336148217176
4851,-0.00666175774634282
4852,-0.00640204602112197
4853,-0.0071617361784356
4854,-0.0103832116827154
4855,-0.0154081784224171
4856,-0.0195945104412726
4857,-0.0207855336329017
4858,-0.0193513145483931
4859,-0.0173964847737678
4860,-0.0162753796031731
4861,-0.01549638476406
4862,-0.0139531060402897
4863,-0.0114672346884387
4864,-0.008794861183879
4865,-0.00663697785483467
4866,-0.00512160380741039
4867,-0.00399337665358188
4868,-0.00288211606796262
4869,-0.00154779135980147
4870,-0.000252816393347045
4871,0.000311295019853649
4872,1.94245137541059E-05
4873,0.000149395129287178
4874,0.00244257405306777
4875,0.00694343061857039
4876,0.0113311975445058
4877,0.013043455001996
4878,0.0118743939701067
4879,0.00992716710242551
4880,0.00909427047722192
4881,0.00920075951702543
4882,0.00873922678542937
4883,0.00681357899176226
4884,0.00391836089061329
4885,0.00114870710074915
4886,-0.000844308723049209
4887,-0.00217423624545882
4888,-0.00336749807821797
4889,-0.00473647390362881
4890,-0.00595020376366685
4891,-0.0063970482620817
4892,-0.00626259123130324
4893,-0.0069995571368829
4894,-0.0100617403027799
4895,-0.0149789556894847
4896,-0.0192510698161921
4897,-0.0206364695501123
4898,-0.019293536406936
4899,-0.0172553843695822
4900,-0.0160374102403535
4901,-0.0153349851305318
4902,-0.0140122257218445
4903,-0.0116737157948971
4904,-0.00892030536959748
4905,-0.00651290164947062
4906,-0.00475560216902888
4907,-0.00351048904094184
4908,-0.00242151707866873
4909,-0.00122154374130779
4910,-0.000127483353268133
4911,0.000254781932310186
4912,-0.000112384743705511
4913,4.56342088432982E-05
4914,0.00236829216930215
4915,0.00681872550086053
4916,0.0111162203830279
4917,0.0128087502510456
4918,0.0117357031454325
4919,0.00992710383042864
4920,0.00916158695929768
4921,0.00921914625853337
4922,0.00864992044120121
4923,0.00666311364657822
4924,0.00381542854460766
4925,0.00116822845248143
4926,-0.000725121810385278
4927,-0.00204607535195418
4928,-0.0033016853499922
4929,-0.00473610098109075
4930,-0.00597806505842
4931,-0.00642277996060718
4932,-0.00626863564638981
4933,-0.00696478304237178
4934,-0.00997056763464806
4935,-0.0148511936631372
4936,-0.019152365594817
4937,-0.0206575347480598
4938,-0.0195082255047182
4939,-0.0176625423091112
4940,-0.0165172610705313
4941,-0.0156937475166992
4942,-0.014129980084829
4943,-0.0116225800780425
4944,-0.00890228239825155
4945,-0.00666589961763747
4946,-0.00504914561206976
4947,-0.00383244995693489
4948,-0.00270590667313159
4949,-0.00144675859594466
4950,-0.000248110936715037
4951,0.000272515827868121
4952,-4.48773517990947E-05
4953,-2.41510047025642E-05
4954,0.00207914853352444
4955,0.00646489612051917
4956,0.0109341605222191
4957,0.0128340994048923
4958,0.0117545045852113
4959,0.00973790681039264
4960,0.00882385374967134
4961,0.00898081330009258
4962,0.00866336119358978
4963,0.00684899503937817
4964,0.00400790807637331
4965,0.00130369176204163
4966,-0.000622886457426947
4967,-0.00200669547235774
4968,-0.00341936224797765
4969,-0.00501207817842336
4970,-0.00623485633482256
4971,-0.00645531447309737
4972,-0.00606723067587591
4973,-0.00672917626847905
4974,-0.00989851132949622
4975,-0.0149624821520787
4976,-0.0193322960783388
4977,-0.0208101607015736
4978,-0.0196158879666621
4979,-0.0177325937434965
4980,-0.0165512616110656
4981,-0.0157228557281906
4982,-0.0142153783060156
4983,-0.011771733860728
4984,-0.00901431449716385
4985,-0.00661759037022773
4986,-0.00484096473751869
4987,-0.00361238838293388
4988,-0.00263279139414917
4989,-0.00155142525506093
4990,-0.000437050195184352
4991,0.000104492213258201
4992,-0.000162747573468107
4993,-0.00013583474441031
4994,0.00191761450608407
4995,0.00625594851920658
4996,0.0107775402168483
4997,0.0128790489674283
4998,0.0120568926343349
4999,0.0101484414579285
5000,0.00907373355057151
5001,0.00893189828251313
5002,0.00844893948338965
5003,0.00671244432761106
5004,0.00401741971414215
5005,0.0013038821448163
5006,-0.000759154539112688
5007,-0.00217062600817843
5008,-0.00339834850591897
5009,-0.0047946630243289
5010,-0.00606968698441641
5011,-0.00656532248169212
5012,-0.00638104365756629
5013,-0.0069729195714187
5014,-0.00992442297551176
5015,-0.014900194240461
5016,-0.0193960733356794
5017,-0.0210302322368227
5018,-0.0198235527965569
5019,-0.0177844149186732
5020,-0.0164939628077024
5021,-0.0157162169655402
5022,-0.0143446924664198
5023,-0.0119873742345217
5024,-0.00923657772740321
5025,-0.00683458487525902
5026,-0.00507401634973455
5027,-0.0038284145197536
5028,-0.00275227754497155
5029,-0.00154902680102527
5030,-0.000387991561966879
5031,0.000109478776599517
5032,-0.000201513910568909
5033,-0.000144872190290364
5034,0.00196375348033757
5035,0.00627460848910588
5036,0.0106648480208326
5037,0.0126379769314213
5038,0.0118087089844684
5039,0.0100169176827667
5040,0.00908044201101565
5041,0.00900858550219846
5042,0.00852811065402432
5043,0.00678146666830094
5044,0.00408997173083652
5045,0.00136416984473428
5046,-0.000765773375754505
5047,-0.00229313849941354
5048,-0.0036328035135359
5049,-0.00507726103788971
5050,-0.00631067361713145
5051,-0.00669136827337034
5052,-0.00636215479359629
5053,-0.00682850545436469
5054,-0.00971159564347334
5055,-0.0146882639783916
5056,-0.0192375104248292
5057,-0.0209454142687514
5058,-0.0198111296810325
5059,-0.0178420860652641
5060,-0.0166220618478035
5061,-0.0158995026577359
5062,-0.0145415901863468
5063,-0.0121519980468843
5064,-0.00935865777556443
5065,-0.00695768027322278
5066,-0.00527279012152833
5067,-0.00415845537924317
5068,-0.00319857006970464
5069,-0.0020029733187114
5070,-0.000692387077080096
5071,4.39904750012969E-05
5072,-0.000104279583209742
5073,-8.20115460506658E-05
5074,0.00185622464693678
5075,0.00605761333659876
5076,0.0105244487704946
5077,0.0126836639603973
5078,0.0119803662615528
5079,0.0101893323138784
5080,0.00920214310340242
5081,0.00910278230060615
5082,0.00860352642739344
5083,0.00681070293559056
5084,0.00407312322132517
5085,0.00135833296436259
5086,-0.000699756685894564
5087,-0.00214406005927476
5088,-0.00343577719862746
5089,-0.00489410920021928
5090,-0.006215462134935
5091,-0.00672001092112032
5092,-0.00644237295538979
5093,-0.00680429451512487
5094,-0.00948856427467393
5095,-0.014335323550539
5096,-0.0189055173425731
5097,-0.0207146247941558
5098,-0.0196710723286576
5099,-0.0177838486459559
5100,-0.0166489414450145
5101,-0.0159346847245816
5102,-0.0144376374882133
5103,-0.0118669137246795
5104,-0.00905023009083277
5105,-0.00680589387005061
5106,-0.00524455682760653
5107,-0.00405825064178062
5108,-0.00295035989496378
5109,-0.00176452714598736
5110,-0.000640454210981942
5111,-5.58410247428742E-05
5112,-0.000181713701522404
5113,-6.27690630433415E-05
5114,0.00189430075947447
5115,0.00605913084644876
5116,0.0105616443245767
5117,0.0128356735026936
5118,0.0121893532598742
5119,0.0103213405349267
5120,0.00922055647592495
5121,0.0091073531077129
5122,0.00869682417374901
5123,0.00698414140670787
5124,0.00423754026993345
5125,0.00143685040110729
5126,-0.000731845905871845
5127,-0.00226641098097203
5128,-0.00358798462603902
5129,-0.00500109867273884
5130,-0.00625530366466658
5131,-0.00675621057319514
5132,-0.00654467421394356
5133,-0.00694220063117819
5134,-0.00956210473506404
5135,-0.014333429613603
5136,-0.0189740728663736
5137,-0.0209997351756858
5138,-0.0201121808303386
5139,-0.0181385806787975
5140,-0.0167564324305867
5141,-0.0159057773804813
5142,-0.0145275159728939
5143,-0.0121735451205852
5144,-0.00939990622281642
5145,-0.00695859222950214
5146,-0.00516351721237679
5147,-0.00392424032286469
5148,-0.00292742769271587
5149,-0.00182363547884413
5150,-0.000651638995261032
5151,-5.46643188191622E-06
5152,-0.000219228315441715
5153,-0.00031766363086439
5154,0.00148179453008126
5155,0.00567335791201824
5156,0.0103010730495531
5157,0.0126228574575065
5158,0.0118974997949977
5159,0.00993708570953587
5160,0.00884868723370344
5161,0.00884656954186028
5162,0.00855860904835091
5163,0.00692633225318481
5164,0.00422669739416278
5165,0.00145849867113011
5166,-0.000687341330938938
5167,-0.00219174991893156
5168,-0.00345200156272003
5169,-0.00479308666494223
5170,-0.00603303399839851
5171,-0.00660621431193635
5172,-0.0064773959432403
5173,-0.00686457180976386
5174,-0.00938880283307764
5175,-0.0141005104595407
5176,-0.0187934825062655
5177,-0.0209122752953752
5178,-0.0200515258680727
5179,-0.0180607648268042
5180,-0.0167286382819348
5181,-0.0159958513023406
5182,-0.0146546883234515
5183,-0.0121798257145135
5184,-0.00927932325529977
5185,-0.006898687120866
5186,-0.0052905687632186
5187,-0.0040982925074644
5188,-0.00290527427186249
5189,-0.00158128463492831
5190,-0.000405086801103948
5191,9.88406259788497E-05
5192,-0.000150232302316626
5193,-0.000122603657737694
5194,0.00176152722340865
5195,0.00587192118694838
5196,0.0103993294543979
5197,0.012776017165982
5198,0.0121848824605746
5199,0.0102429615353317
5200,0.00906043402725655
5201,0.00904114721491386
5202,0.00887112634082702
5203,0.00731349494547991
5204,0.00451247258691009
5205,0.00159672125097853
5206,-0.000547620900695969
5207,-0.00194390708090024
5208,-0.00320059943710411
5209,-0.00469224142366682
5210,-0.00604765754916319
5211,-0.00656363182696019
5212,-0.00632394242396081
5213,-0.00673112100218359
5214,-0.00937153259772638
5215,-0.0140989797932455
5216,-0.0186551922913606
5217,-0.0206647157618586
5218,-0.0198718111397153
5219,-0.0180231529465983
5220,-0.0166994514029193
5221,-0.0158284664404916
5222,-0.0144029816110974
5223,-0.0120249772952207
5224,-0.00927711223105441
5225,-0.00690591192722799
5226,-0.00516277520720751
5227,-0.00386717990122283
5228,-0.00269173715953305
5229,-0.00139886271439785
5230,-0.000159038455227186
5231,0.000423769622480146
5232,0.000115516404917999
5233,-3.77978871956362E-05
5234,0.00172353901972654
5235,0.00585837636665242
5236,0.0104377796527291
5237,0.0127623972317595
5238,0.012079176727862
5239,0.0101633411989084
5240,0.00912885585352514
5241,0.00921960895488166
5242,0.00903965564918793
5243,0.00746166854099233
5244,0.00474332952581097
5245,0.00194117009996564
5246,-0.000208808907874243
5247,-0.00172072207855521
5248,-0.00303932106036597
5249,-0.0044627004594617
5250,-0.00573923910876506
5251,-0.00629228454601832
5252,-0.00614409113753492
5253,-0.00654436266121202
5254,-0.00907722880475283
5255,-0.0137662649707391
5256,-0.0184584453373575
5257,-0.0206680201059533
5258,-0.0199632586258945
5259,-0.0180822663415416
5260,-0.0167533934833438
5261,-0.0159885940777382
5262,-0.0146916528041392
5263,-0.0123383957132239
5264,-0.0095145320092483
5265,-0.00706954048681202
5266,-0.00531881407446743
5267,-0.00407252011832945
5268,-0.00299315269258074
5269,-0.00183500934326611
5270,-0.000683711760391427
5271,-1.50757481309134E-05
5272,-7.96134561794569E-05
5273,-6.45301260046185E-05
5274,0.0015822657472724
5275,0.00543659539794751
5276,0.00993511182594521
5277,0.0125637425541193
5278,0.0123205714928059
5279,0.0105656027099913
5280,0.00930043803192518
5281,0.00905392704413508
5282,0.00874477024924311
5283,0.00724515856672931
5284,0.00457722171555093
5285,0.00167008905908333
5286,-0.000610350309580918
5287,-0.00209314129443836
5288,-0.00324287247639022
5289,-0.0045657858725748
5290,-0.00594313392626743
5291,-0.00667955447567011
5292,-0.0065574065177553
5293,-0.00674565449336982
5294,-0.00899966991302371
5295,-0.01357067640985
5296,-0.0183558942154829
5297,-0.0207368678150102
5298,-0.0201429486022018
5299,-0.0182757093170812
5300,-0.0168860488637007
5301,-0.0160154942358613
5302,-0.0146312886744868
5303,-0.0123031110822218
5304,-0.00963363518598784
5305,-0.00734878567919741
5306,-0.00561714337584644
5307,-0.00424645126295093
5308,-0.00302718553115152
5309,-0.00180611063627287
5310,-0.000650197037772437
5311,5.06735865316509E-06
5312,-9.69614019049723E-05
5313,-0.000133438638729357
5314,0.0015167442675318
5315,0.00545887972262413
5316,0.0100310785570038
5317,0.0125973288879604
5318,0.0121862841660188
5319,0.0103217984463289
5320,0.00909833909639347
5321,0.0089625020051014
5322,0.00870969671958383
5323,0.00721128140376835
5324,0.00458104987101658
5325,0.00177960340352046
5326,-0.00040741033344293
5327,-0.00190218222687049
5328,-0.00317499207225163
5329,-0.00465409086148523
5330,-0.00612911620026048
5331,-0.006858038991648
5332,-0.00664311347667315
5333,-0.00672293490748019
5334,-0.0089201616873448
5335,-0.0134987583283822
5336,-0.018312858679568
5337,-0.0206961417200249
5338,-0.0200718352713898
5339,-0.0181769604984782
5340,-0.0167994107552461
5341,-0.0159775552121397
5342,-0.0146259281585553
5343,-0.0122555591486548
5344,-0.00947571955643515
5345,-0.00710189480415755
5346,-0.00539430624854123
5347,-0.00414931468142076
5348,-0.0030422813451016
5349,-0.00181874887639519
5350,-0.000567316934144946
5351,0.000149052130107948
5352,-3.78552673491937E-05
5353,-0.000290452888116722
5354,0.00115808620133608
5355,0.00507621771195402
5356,0.00983275764521142
5357,0.0126456041434897
5358,0.0123550543715436
5359,0.0104412142872512
5360,0.00912125420383619
5361,0.00896265173284558
5362,0.00874834261505049
5363,0.0072784083560921
5364,0.00467348088602049
5365,0.00195098952383036
5366,-0.000135125361250278
5367,-0.0016202444048109
5368,-0.00299552100497365
5369,-0.0045516206159594
5370,-0.00595725825359699
5371,-0.00653721113984634
5372,-0.00625679485811528
5373,-0.00639892755726213
5374,-0.00869000489386561
5375,-0.0133334096792066
5376,-0.0182344587401162
5377,-0.0207544837686698
5378,-0.0202215797418079
5379,-0.0182778364896439
5380,-0.0167814614259019
5381,-0.0159423796986973
5382,-0.0147258175289545
5383,-0.0125011624358878
5384,-0.00971586621524153
5385,-0.00718556429038274
5386,-0.00530863731069904
5387,-0.00399713058163233
5388,-0.00292632029591124
5389,-0.00176779620281532
5390,-0.000550242492612612
5391,0.000166122525103301
5392,-2.55167656396761E-05
5393,-0.000319826798906593
5394,0.001064380259893
5395,0.00494823029383866
5396,0.00973483608600313
5397,0.0126158240865779
5398,0.0123723190551475
5399,0.0104603201518717
5400,0.00913286806096221
5401,0.00900702763536957
5402,0.00886649348013013
5403,0.0074496836492546
5404,0.00480495172365987
5405,0.00194208121307051
5406,-0.00029727906563492
5407,-0.00183081837418627
5408,-0.00312063334182224
5409,-0.00456334984727081
5410,-0.00596598950738066
5411,-0.0066691738345427
5412,-0.00651042118158271
5413,-0.00664706529184428
5414,-0.00881855805677993
5415,-0.0133453104134067
5416,-0.0182125288890612
5417,-0.0207619483068128
5418,-0.0202690491984185
5419,-0.0183632173740705
5420,-0.016915509740053
5421,-0.0161297193120486
5422,-0.0149499972078664
5423,-0.0127381720648454
5424,-0.00994360792667919
5425,-0.00737612916056876
5426,-0.00543883444454336
5427,-0.00408101377941841
5428,-0.00301338437542939
5429,-0.00188828236386784
5430,-0.000680482397602804
5431,6.38310069075189E-05
5432,-9.7602894067222E-05
5433,-0.000371367244124709
5434,0.00105785973973787
5435,0.00500511021244471
5436,0.00977907787505091
5437,0.0125063611665796
5438,0.0120734425002498
5439,0.0101347674059929
5440,0.00898919865600317
5441,0.00906243812312706
5442,0.00893369831999765
5443,0.00737493242224063
5444,0.00465128491696682
5445,0.00189118195660295
5446,-0.000174452321007788
5447,-0.001635180757652
5448,-0.00297320477222064
5449,-0.00446634109963372
5450,-0.00583974882779087
5451,-0.00647687092669074
5452,-0.00630220765365286
5453,-0.00649972359833916
5454,-0.00876470294201681
5455,-0.0133535770598418
5456,-0.0182091425787084
5457,-0.0206816729156021
5458,-0.0201202992948397
5459,-0.0182406600660626
5460,-0.0169054336339998
5461,-0.0161859570597474
5462,-0.0149134477984979
5463,-0.0125265714864378
5464,-0.00969328879984516
5465,-0.00732250233177937
5466,-0.00564453223764394
5467,-0.00435214703610192
5468,-0.00312495865838865
5469,-0.00182761663009031
5470,-0.000587800818926894
5471,0.000148087132513723
5472,9.09065179819532E-05
5473,-4.91798049578262E-05
5474,0.00130915259222063
5475,0.00497009118666419
5476,0.00955666623276114
5477,0.0124527450573519
5478,0.0123831545605863
5479,0.0106030583374084
5480,0.00927384508578229
5481,0.0090886765449952
5482,0.00891471247420251
5483,0.00747386876921553
5484,0.00477591003253248
5485,0.00186721839765205
5486,-0.000348650798729413
5487,-0.00180677000969421
5488,-0.00305379514780068
5489,-0.004529243452406
5490,-0.00599472562088709
5491,-0.00671964437846647
5492,-0.00651070028338697
5493,-0.0065378978044726
5494,-0.00858137816916813
5495,-0.0130294439642636
5496,-0.0179321350950971
5497,-0.0206234686294861
5498,-0.0202787226111242
5499,-0.0184183211146068
5500,-0.0168998129159717
5501,-0.0160130842968733
5502,-0.0148019047848304
5503,-0.0126664539557442
5504,-0.0100191786692108
5505,-0.00758055527080224
5506,-0.0056646375537509
5507,-0.00421291175301815
5508,-0.00303889581722346
5509,-0.0019009950734008
5510,-0.000736681041492788
5511,5.37957540242819E-05
5512,5.79030757919004E-05
5513,-0.000123623900610825
5514,0.00113963383686747
5515,0.00478887953851225
5516,0.00949168745767123
5517,0.0125236446401889
5518,0.0124680926456863
5519,0.0105526195283605
5520,0.0090483142945102
5521,0.00880003441490974
5522,0.00874933541042225
5523,0.00754652955485623
5524,0.00501792912230181
5525,0.00206123397397179
5526,-0.000377321774426758
5527,-0.00201550784105387
5528,-0.00322807501854291
5529,-0.00451542358764164
5530,-0.00584717624127409
5531,-0.00658893874417866
5532,-0.0064372287649858
5533,-0.00643004047171501
5534,-0.00838513382892936
5535,-0.0128310469631401
5536,-0.0178519046059377
5537,-0.0206671566733756
5538,-0.0203541506530123
5539,-0.0184677979578642
5540,-0.0169482143047639
5541,-0.0160864350614977
5542,-0.0148646215699573
5543,-0.0126661999222626
5544,-0.00995797903205094
5545,-0.00751353635471309
5546,-0.00565264470705195
5547,-0.00429566835769406
5548,-0.00322084399355364
5549,-0.00212979221573559
5550,-0.000921582945269135
5551,-4.68488247864672E-05
5552,-3.39154689438509E-05
5553,-0.000326907254409744
5554,0.000805795562217633
5555,0.00443912800157938
5556,0.00924029878611813
5557,0.0123567065487621
5558,0.0122866746020878
5559,0.0103147221416297
5560,0.00881482269417354
5561,0.00863965017740493
5562,0.00865216600041618
5563,0.0074629549378609
5564,0.0049507530616836
5565,0.0020725089905973
5566,-0.000253580511545456
5567,-0.00183360015734979
5568,-0.00309238926965602
5569,-0.00449926745042465
5570,-0.00596130549162605
5571,-0.00680573150447373
5572,-0.00671481337839812
5573,-0.00671551187673412
5574,-0.00862866707672636
5575,-0.0130180179824803
5576,-0.0180061580165719
5577,-0.0208035469589307
5578,-0.0204457440725061
5579,-0.0184931901623869
5580,-0.0169657936781103
5581,-0.0162140331464744
5582,-0.0151566148379655
5583,-0.0130381533879237
5584,-0.0102679938722223
5585,-0.00770381397564096
5586,-0.00577351521392901
5587,-0.00440402351097067
5588,-0.00331365843425554
5589,-0.00219277183890486
5590,-0.00098333453776784
5591,-0.00013730100821657
5592,-0.000129251241977437
5593,-0.000401449816520448
5594,0.000692575964376782
5595,0.00419496280509664
5596,0.00890862636618781
5597,0.0121570514914521
5598,0.0124098517184099
5599,0.010696279447609
5600,0.00917792273809896
5601,0.00877316474109326
5602,0.0086009639307608
5603,0.00743042462889763
5604,0.0050620931442479
5605,0.00226907968964174
5606,-0.000115326760676541
5607,-0.00182417283294798
5608,-0.00314532908367339
5609,-0.00447461745496326
5610,-0.00576974478845326
5611,-0.00649092995131123
5612,-0.00641172125112976
5613,-0.00650987217694571
5614,-0.00846612327937705
5615,-0.0127791279884457
5616,-0.0176644572450368
5617,-0.0204662537752605
5618,-0.0202265530823497
5619,-0.018388917625474
5620,-0.0168901027867497
5621,-0.0161145850856273
5622,-0.0150463527569051
5623,-0.0129288036095866
5624,-0.0101377377911303
5625,-0.00754392326146967
5626,-0.00561040498950491
5627,-0.00424100930114996
5628,-0.00309394573146073
5629,-0.00187046740602521
5630,-0.000610899802948738
5631,0.000173709239974227
5632,8.01218938570855E-05
5633,-0.00021950415454363
5634,0.000925330090073819
5635,0.00444026377420636
5636,0.00903450174838847
5637,0.0120715326658328
5638,0.012151157609907
5639,0.0103976257772971
5640,0.00896643129158659
5641,0.00869917340259315
5642,0.00863379778140873
5643,0.00749763498271216
5644,0.00510009955966747
5645,0.00226506799845028
5646,-0.000109437018825057
5647,-0.00172761476229737
5648,-0.00292990830181742
5649,-0.00422263712187426
5650,-0.00562286291650078
5651,-0.00650017704080461
5652,-0.00644692443080129
5653,-0.00637111347310789
5654,-0.00811156210890563
5655,-0.0124049998714762
5656,-0.0175195586360711
5657,-0.0206064196293168
5658,-0.0204903519510076
5659,-0.0185927083555886
5660,-0.0169861555042725
5661,-0.0161608006246212
5662,-0.0151034982647958
5663,-0.0130373562687026
5664,-0.0103430317330882
5665,-0.00786685369040179
5666,-0.00600019769481553
5667,-0.00461574778786439
5668,-0.00343110221758458
5669,-0.00220674767492651
5670,-0.000948734928971836
5671,-0.000108452855418683
5672,-0.000130845203757341
5673,-0.000445046941711245
5674,0.000616484857853147
5675,0.00414477500773511
5676,0.0089488232818549
5677,0.012252582784862
5678,0.0124154443564225
5679,0.0105123122035532
5680,0.0088911195223516
5681,0.00857005343149643
5682,0.0085402601668507
5683,0.0073745773941796
5684,0.00486803116039946
5685,0.00198618323171296
5686,-0.000297376024588374
5687,-0.00179941047825092
5688,-0.0030053406558335
5689,-0.00440272654161689
5690,-0.00586700882062955
5691,-0.0067037407779171
5692,-0.00658088718548848
5693,-0.00648016686461792
5694,-0.00820150068419747
5695,-0.0124124812007893
5696,-0.0174146877661881
5697,-0.020471117352247
5698,-0.0204505971787523
5699,-0.0186860990862599
5700,-0.0171239115623891
5701,-0.016216529570793
5702,-0.0150222137634327
5703,-0.0128615719391478
5704,-0.0101471248923978
5705,-0.00767610419035875
5706,-0.00578248759851356
5707,-0.00435877479114143
5708,-0.0032045539444269
5709,-0.00209879805136923
5710,-0.000929776279911606
5711,-1.65108147725849E-05
5712,0.000149834808163003
5713,-7.70911721376129E-05
5714,0.000827760940057908
5715,0.00407346291280138
5716,0.00872634050173562
5717,0.01212474291624
5718,0.0124979620868637
5719,0.010714599980449
5720,0.00904921880732125
5721,0.00861101466824456
5722,0.00852560128711318
5723,0.00741631733496068
5724,0.00500603881417674
5725,0.0021323833489438
5726,-0.000283879833650807
5727,-0.00196480030114796
5728,-0.00324572460474531
5729,-0.00457811733430975
5730,-0.00594314933940025
5731,-0.00673389376627874
5732,-0.00657257814013083
5733,-0.00636566229345246
5734,-0.00796568701341561
5735,-0.0121717259437654
5736,-0.0173014384303998
5737,-0.0204805408301886
5738,-0.0204758452319081
5739,-0.0186871803293799
5740,-0.0171774020993077
5741,-0.0163811015549087
5742,-0.0152305982427745
5743,-0.0129937648573125
5744,-0.0101671278157587
5745,-0.00764075683043629
5746,-0.00574009603397995
5747,-0.00429842990935515
5748,-0.00310622971033879
5749,-0.00198363899534116
5750,-0.000840535431582541
5751,2.1883355850176E-05
5752,0.000131661640380259
5753,-0.000150357191791697
5754,0.00072257264686213
5755,0.00399614682399166
5756,0.00874308423896346
5757,0.0122495261041743
5758,0.0126715281851208
5759,0.0108535398431144
5760,0.00912554860790309
5761,0.00869040946897682
5762,0.00871756934938082
5763,0.00776868145616004
5764,0.00544657414235923
5765,0.00253435682354519
5766,2.85087295711652E-05
5767,-0.00167611562672453
5768,-0.00290435579201617
5769,-0.00422144763944529
5770,-0.00569854750085973
5771,-0.00666971463945231
5772,-0.00661129847190204
5773,-0.00636610399141142
5774,-0.00786727947985588
5775,-0.0120306353239078
5776,-0.017200084075459
5777,-0.0204384312775954
5778,-0.0204537928914839
5779,-0.0186466092498056
5780,-0.0171103333311002
5781,-0.0162927802692403
5782,-0.0151179015316523
5783,-0.0128517273908791
5784,-0.0100125423407866
5785,-0.00752521465713307
5786,-0.00573364501077085
5787,-0.0044456075846502
5788,-0.00338139538202456
5789,-0.00228854390181968
5790,-0.00106432023166748
5791,-7.79846634297734E-05
5792,0.000105021366075277
5793,-0.000190537369955461
5794,0.000627478316319355
5795,0.00387197714296955
5796,0.00863306096583083
5797,0.0121660669318571
5798,0.012608937996617
5799,0.0108248747879486
5800,0.00914670302829979
5801,0.00872042825672537
5802,0.0086582990962787
5803,0.00756479638808252
5804,0.00517092824540605
5805,0.00232549071443991
5806,-6.47338050593177E-05
5807,-0.00174260849444829
5808,-0.00304227920929929
5809,-0.00441098167138466
5810,-0.00585810764087344
5811,-0.00680777241623857
5812,-0.00683462230928424
5813,-0.00671609803561636
5814,-0.00822804570289071
5815,-0.0122636005431899
5816,-0.0173224954928624
5817,-0.0205832637187355
5818,-0.0206662997496198
5819,-0.0188172671840433
5820,-0.017145139660233
5821,-0.0162706200925089
5822,-0.0152071735337925
5823,-0.0131074035047156
5824,-0.0103295056414872
5825,-0.00777671038794696
5826,-0.00587924183863254
5827,-0.00449906935283475
5828,-0.0033610072309445
5829,-0.00224792254457702
5830,-0.0011060588036349
5831,-0.000260523076501212
5832,-0.000150147655635706
5833,-0.000400885497693897
5834,0.000482677296748216
5835,0.0037223415825246
5836,0.0084733525830945
5837,0.0121159688984546
5838,0.0127611124255797
5839,0.0110952478833728
5840,0.00935947374201123
5841,0.00882423579756131
5842,0.00877304609681436
5843,0.00780039904220944
5844,0.00547857025248828
5845,0.00258306657419013
5846,0.000130279923123181
5847,-0.00149442728728536
5848,-0.00266263670461578
5849,-0.00397967184888762
5850,-0.0055302968032024
5851,-0.00663555427552186
5852,-0.0067058540565118
5853,-0.00646847595695601
5854,-0.00780519814545708
5855,-0.0117610197892292
5856,-0.016899471520661
5857,-0.0203321910740621
5858,-0.0205462860226339
5859,-0.0187003533659756
5860,-0.0169391129564552
5861,-0.0160161137083815
5862,-0.0150479516057032
5863,-0.0131409058167906
5864,-0.0104833612771916
5865,-0.00786341691660665
5866,-0.00579326214172753
5867,-0.00433268329971146
5868,-0.00328507610540129
5869,-0.00229245239153206
5870,-0.00112197138162438
5871,-0.000119971268964974
5872,7.75624830073478E-05
5873,-0.000264755500525246
5874,0.000470404885663746
5875,0.00368515938301281
5876,0.00853127125181399
5877,0.0122297534018805
5878,0.012817845180123
5879,0.0110907813205598
5880,0.00940703844859363
5881,0.00899189962783526
5882,0.00900000061975866
5883,0.00799504113045363
5884,0.00562171414269623
5885,0.00268492934746198
5886,0.000154088666379405
5887,-0.00157576620309791
5888,-0.00275819238931489
5889,-0.00392614667572311
5890,-0.00527128619271926
5891,-0.00628213015192825
5892,-0.00638256753309338
5893,-0.00616869448846582
5894,-0.00746350133978021
5895,-0.011413591067296
5896,-0.0166699347823476
5897,-0.0202619790076456
5898,-0.0205430012876473
5899,-0.0186959711984446
5900,-0.0170108296585967
5901,-0.0162643601983314
5902,-0.0154031430116769
5903,-0.0134021402999836
5904,-0.0105614378392123
5905,-0.00788884706545056
5906,-0.00593199259729037
5907,-0.00456610621514335
5908,-0.00345437527221411
5909,-0.00232677153045735
5910,-0.00112275759836284
5911,-0.000203395009867238
5912,-6.75192786124659E-05
5913,-0.000378917733486613
5914,0.000393318500010424
5915,0.00356423413399583
5916,0.00834950695819479
5917,0.012094555617581
5918,0.0128247318329906
5919,0.0111797896050051
5920,0.00941660709221129
5921,0.00883945055036084
5922,0.00875745376491479
5923,0.00779498262585228
5924,0.00554624446649009
5925,0.00274956744075522
5926,0.000326796782761332
5927,-0.00138814858000563
5928,-0.00269029577989832
5929,-0.00404713241892256
5930,-0.00550597352609964
5931,-0.00650116894687337
5932,-0.0065670992740932
5933,-0.00641180597430525
5934,-0.00778876852761702
5935,-0.0116812452129965
5936,-0.016743199860458
5937,-0.0202181891608847
5938,-0.0206081053334534
5939,-0.018950044891769
5940,-0.0172499693127799
5941,-0.0162216714007753
5942,-0.0150643562316623
5943,-0.0130281533394893
5944,-0.0104014989738275
5945,-0.00793532653753608
5946,-0.00598203715190748
5947,-0.00447270281325247
5948,-0.0032577294806921
5949,-0.00214760977717825
5950,-0.000994495885353086
5951,-6.05124885026344E-05
5952,0.000119527784658975
5953,-0.000234827652722541
5954,0.000380205171704734
5955,0.00339211058326671
5956,0.00813114939541255
5957,0.0119241712525142
5958,0.012691433958014
5959,0.0110287684717024
5960,0.00925188035611433
5961,0.00872577753983192
5962,0.00873996103600347
5963,0.0078499757751725
5964,0.00559715082567869
5965,0.00270581703489845
5966,0.000136765570686273
5967,-0.0016701174655386
5968,-0.00290664354928119
5969,-0.00408052502015403
5970,-0.00543088308070808
5971,-0.00651292684290526
5972,-0.00672344564546118
5973,-0.00653128545245339
5974,-0.00769201437349582
5975,-0.011472218488433
5976,-0.0167163732998609
5977,-0.0204797040673057
5978,-0.0209247994392991
5979,-0.0190491981889622
5980,-0.0171700737453754
5981,-0.0162466242384219
5982,-0.0153482581408875
5983,-0.0134177968409074
5984,-0.0106522526007151
5985,-0.00798796242409044
5986,-0.00595664121264232
5987,-0.00446880833730005
5988,-0.00326762214577637
5989,-0.00214454177990196
5990,-0.000996712962245404
5991,-7.4799532097828E-05
5992,0.000139526081473689
5993,-0.000155960220643652
5994,0.000449489193259029
5995,0.00336265996515747
5996,0.0080213683754736
5997,0.0118498212491808
5998,0.0127220460931609
5999,0.0111187966211734
6000,0.009337003647648
6001,0.00882030026668585
6002,0.00888169909885347
6003,0.00799666846362281
6004,0.0056680583496803
6005,0.00272220456217913
6006,0.000232303518211727
6007,-0.00141746140394754
6008,-0.00258745284767956
6009,-0.00384439762381265
6010,-0.00531211805257531
6011,-0.00643349014694666
6012,-0.00663192570100294
6013,-0.00644257373900782
6014,-0.00758590879507054
6015,-0.0112595043325275
6016,-0.0163696910761443
6017,-0.0201314053987251
6018,-0.0207478900484754
6019,-0.0190606011955074
6020,-0.0172268068326567
6021,-0.0162309159873739
6022,-0.0152756388488909
6023,-0.0133395959040857
6024,-0.0105382122248437
6025,-0.00778182137064605
6026,-0.00570868466752006
6027,-0.00431967044656375
6028,-0.00328140640908969
6029,-0.0022231090995479
6030,-0.00100327998505986
6031,-5.22635295664443E-06
6032,0.000160745558652617
6033,-0.00027233692698595
6034,0.000248451064451409
6035,0.0032037073586597
6036,0.00797453606823218
6037,0.0118951196097989
6038,0.0128118393980791
6039,0.0112226198763437
6040,0.00943266603654416
6041,0.0088952853685586
6042,0.00896208974020773
6043,0.00813464921788711
6044,0.0058706151858265
6045,0.00292567231510181
6046,0.000383800745013598
6047,-0.00128048083372369
6048,-0.00238813166523731
6049,-0.00357907670192468
6050,-0.00504939482512699
6051,-0.00620362751359095
6052,-0.00639513949010226
6053,-0.00619426350888037
6054,-0.00740745256624279
6055,-0.0111897033182582
6056,-0.0162866132804667
6057,-0.0198735958762445
6058,-0.0203444965175239
6059,-0.0187274653290476
6060,-0.017099777613479
6061,-0.0162086182092285
6062,-0.0152045501064521
6063,-0.0132758874672728
6064,-0.0106999962136427
6065,-0.00825569460317297
6066,-0.00632569135367637
6067,-0.00486295732437736
6068,-0.00372005820473724
6069,-0.00265893252389311
6070,-0.00144604037169157
6071,-0.000320533831150879
6072,6.03976003984671E-05
6073,-0.000270852000545512
6074,0.00014544531922768
6075,0.00293386214883174
6076,0.00769091673122873
6077,0.0117950870453372
6078,0.0129345563660481
6079,0.0114347775872164
6080,0.00958090271794756
6081,0.00893410751200636
6082,0.00894287269591502
6083,0.00811650227248972
6084,0.00586812069547885
6085,0.00291943897400331
6086,0.000350101561386636
6087,-0.00135054596360576
6088,-0.00248366619486157
6089,-0.00368991770735781
6090,-0.00520141147967097
6091,-0.00644378587376145
6092,-0.00670066068116695
6093,-0.00641844730983987
6094,-0.0073962067964035
6095,-0.0109843058974895
6096,-0.0161425519844762
6097,-0.0200071556427775
6098,-0.0206924697775567
6099,-0.0190365007116028
6100,-0.0172404225142536
6101,-0.0163011830898274
6102,-0.0154058101049033
6103,-0.0135418362140127
6104,-0.0108497678567945
6105,-0.00821509496847178
6106,-0.00619583234234022
6107,-0.00475011679972599
6108,-0.00360653095052174
6109,-0.00248934920753874
6110,-0.00125975003886726
6111,-0.000218978549507656
6112,4.11066021618377E-05
6113,-0.000364028687672135
6114,1.08601121234036E-05
6115,0.00273919304091856
6116,0.00744296315583866
6117,0.0115665389331806
6118,0.0127764546101007
6119,0.0112867472690416
6120,0.00933033707128857
6121,0.00856287548936507
6122,0.00857109299317959
6123,0.00788472507534591
6124,0.00579664996617847
6125,0.00289270340336075
6126,0.000228614920602184
6127,-0.00160172549793479
6128,-0.00275428513770933
6129,-0.00380846018954626
6130,-0.00508341640375734
6131,-0.00617171490475144
6132,-0.00644269658234051
6133,-0.00626142795175498
6134,-0.0072786440062831
6135,-0.0108034075849906
6136,-0.0158917210243902
6137,-0.0197692585270211
6138,-0.020519638300458
6139,-0.0188943258964292
6140,-0.0170796533263117
6141,-0.0161305578599406
6142,-0.0152570587999028
6143,-0.0133981595898594
6144,-0.0106616244235043
6145,-0.00797914681052478
6146,-0.00596795020366773
6147,-0.00456941123812475
6148,-0.00344940770796994
6149,-0.00232393358524325
6150,-0.00111219429427468
6151,-0.000140874804019066
6152,6.29089679723696E-05
6153,-0.000312121713064366
6154,0.000144912141297808
6155,0.00287879133714109
6156,0.00743371078617456
6157,0.0113373769666474
6158,0.0124399245500614
6159,0.0110629946205772
6160,0.00936105815110964
6161,0.00879918043973542
6162,0.00884263614040555
6163,0.00807016163001412
6164,0.00591673385846618
6165,0.00304682757468518
6166,0.000466760121288076
6167,-0.00133139361466372
6168,-0.00255396691646335
6169,-0.00375256684026423
6170,-0.00517671300580296
6171,-0.00634374754293561
6172,-0.00657356614955836
6173,-0.00625224982002684
6174,-0.00713698540004905
6175,-0.0106537698206425
6176,-0.0158723690285423
6177,-0.0199129858221154
6178,-0.0207485289198549
6179,-0.0191221533245058
6180,-0.0172878489381925
6181,-0.0163408883046345
6182,-0.0154731433720486
6183,-0.0136076918471884
6184,-0.0108720701803809
6185,-0.00820609831433058
6186,-0.00619231232976722
6187,-0.00475178591407228
6188,-0.00359681876253906
6189,-0.00248914894007018
6190,-0.00128521133608028
6191,-0.000184632945293193
6192,0.000286829986540249
6193,0.000117166173067348
6194,0.000515094283345229
6195,0.00298539543463993
6196,0.00736773128497475
6197,0.0113942608490294
6198,0.0127928940428583
6199,0.0115845631022952
6200,0.00979008006538254
6201,0.00902744907653283
6202,0.00898343966990574
6203,0.00827198121284888
6204,0.00618326025865788
6205,0.00326019710237902
6206,0.000538873873908545
6207,-0.00137067726455769
6208,-0.00259995165430386
6209,-0.0037215346615617
6210,-0.00506237077363067
6211,-0.00620726065694343
6212,-0.00648631707941395
6213,-0.00623602870756596
6214,-0.00715471198644057
6215,-0.0106613738269348
6216,-0.0158682124977654
6217,-0.0199185360094059
6218,-0.0207486053172467
6219,-0.019058131010433
6220,-0.0171273000873303
6221,-0.0161344213054582
6222,-0.0153163165220132
6223,-0.0135469891595661
6224,-0.0108625481707942
6225,-0.00815945330605179
6226,-0.00605401660858166
6227,-0.00453414255833437
6228,-0.00335433229198119
6229,-0.00227042222167884
6230,-0.00110360028804533
6231,-3.2632672864036E-05
6232,0.000392842107105656
6233,0.00012365484778227
6234,0.000393318235448118
6235,0.00280899848069669
6236,0.00728361092455565
6237,0.0114726854094217
6238,0.0129211618838522
6239,0.0115636022911977
6240,0.00955417931423809
6241,0.00872939183878725
6242,0.00883179081660517
6243,0.00831336980297744
6244,0.00628612574742659
6245,0.00329406055366923
6246,0.00050773238697269
6247,-0.00138487070029917
6248,-0.00256556711909221
6249,-0.0036794721217839
6250,-0.0050500223945064
6251,-0.0062177947634387
6252,-0.00650201658674616
6253,-0.00624948097796391
6254,-0.00714120669049625
6255,-0.0105775199998936
6256,-0.0157171134935077
6257,-0.0197895946255727
6258,-0.0207451625188973
6259,-0.0191853171323008
6260,-0.0172847241355499
6261,-0.0162236140482617
6262,-0.0153255612287861
6263,-0.0135251169806858
6264,-0.0108468692348886
6265,-0.0081581073593186
6266,-0.00607651799553787
6267,-0.00460199413782867
6268,-0.00348127905508562
6269,-0.00245717865238964
6270,-0.00135308584950378
6271,-0.000344922783838934
6272,4.92284570343297E-05
6273,-0.000189631658069561
6274,0.000150395684811509
6275,0.0026167094658341
6276,0.00709972518639103
6277,0.0113048013887889
6278,0.0128361929763994
6279,0.011611610754667
6280,0.00969692051748282
6281,0.00886453443523898
6282,0.00889110291610726
6283,0.00832614714258443
6284,0.00634288850788716
6285,0.00345573696179432
6286,0.000754527133770242
6287,-0.00112643271475657
6288,-0.00236300818673002
6289,-0.00355846523705644
6290,-0.00499502581912255
6291,-0.00618663518318409
6292,-0.00644314007723633
6293,-0.00612504045370408
6294,-0.00694462153484406
6295,-0.0103255141042408
6296,-0.0154240438464321
6297,-0.0194595162118356
6298,-0.0203936309836913
6299,-0.0188580851643381
6300,-0.0170449329240067
6301,-0.0161251667810097
6302,-0.0154011641120764
6303,-0.0137755725373439
6304,-0.0112134438048369
6305,-0.00851542680241777
6306,-0.00629925201006475
6307,-0.00466520405264661
6308,-0.00347307893767004
6309,-0.00246533196746582
6310,-0.00135736160725219
6311,-0.000260643504363889
6312,0.000223086973245141
6313,-6.50356200413948E-05
6314,7.28183073876073E-05
6315,0.00234014602005826
6316,0.00680302504370711
6317,0.0111908930722698
6318,0.0129675816809864
6319,0.0118835535159554
6320,0.0099504594067517
6321,0.00902415223793534
6322,0.00900774052748643
6323,0.00849737228098441
6324,0.00659528168864427
6325,0.00371492450052375
6326,0.000934182947312136
6327,-0.00102624538763957
6328,-0.00226972628406556
6329,-0.00343010030283962
6330,-0.00487280029718518
6331,-0.0061268048111115
6332,-0.00642151215334882
6333,-0.00604326276950635
6334,-0.00674014809008161
6335,-0.0100624115603515
6336,-0.01526133432024
6337,-0.0195189220454288
6338,-0.0206513079697285
6339,-0.0191692624551802
6340,-0.0172791278322125
6341,-0.0162639347611225
6342,-0.0154867601782623
6343,-0.0137920906102326
6344,-0.0110827926479505
6345,-0.00822846010877978
6346,-0.00598439421808676
6347,-0.00446379131426429
6348,-0.00337773140255375
6349,-0.00235226556692603
6350,-0.00116383362785061
6351,-4.27549495124149E-05
6352,0.000423212178867327
6353,0.000176642809067643
6354,0.000396812830797788
6355,0.00262781987992136
6356,0.0068674489396442
6357,0.0110076843619724
6358,0.0127229198254907
6359,0.0117612965454152
6360,0.00994158419801622
6361,0.00899459796721544
6362,0.00890204635154646
6363,0.00840171819015377
6364,0.00660951686094358
6365,0.0038282511482333
6366,0.00105701367880881
6367,-0.000938146500449728
6368,-0.00216154685753788
6369,-0.00322971893980304
6370,-0.00461492957757971
6371,-0.00596773211352821
6372,-0.00649627507951723
6373,-0.0063030172318177
6374,-0.00696689431818955
6375,-0.0100781566956303
6376,-0.0151075088950761
6377,-0.0193952879259033
6378,-0.0206858710725268
6379,-0.0192887793774849
6380,-0.0173134243983441
6381,-0.0161363117144496
6382,-0.0152799387314579
6383,-0.0136591038788485
6384,-0.0111288437122156
6385,-0.00845730165740742
6386,-0.00630640914898637
6387,-0.00474140811044413
6388,-0.003502002998571
6389,-0.0023183504672564
6390,-0.0010789490911715
6391,-4.35434220697856E-05
6392,0.000277731299032383
6393,-5.86143087215228E-05
6394,0.000179825126953362
6395,0.00249621718646789
6396,0.00680687307200494
6397,0.0109650106505495
6398,0.012680155608279
6399,0.0117604655912923
6400,0.0100325056342459
6401,0.00916510525641764
6402,0.00907312215759555
6403,0.00849707784411184
6404,0.00661789742386802
6405,0.00378647907853056
6406,0.000984513935326206
6407,-0.00106083022898412
6408,-0.00234371642663248
6409,-0.00343061320991009
6410,-0.00477825109351516
6411,-0.00608054104201481
6412,-0.00658191345610843
6413,-0.00636082301720367
6414,-0.00696133097551441
6415,-0.0100028352785591
6416,-0.0150238761638798
6417,-0.0193768806050521
6418,-0.0207469466456608
6419,-0.0194014218618379
6420,-0.0174725168816334
6421,-0.0163595679133255
6422,-0.0155489463914677
6423,-0.0139141396551273
6424,-0.0113348884431367
6425,-0.0086340772357475
6426,-0.00648316921629839
6427,-0.00493251434114646
6428,-0.00374354700445343
6429,-0.0026541835181371
6430,-0.00145198020525591
6431,-0.000264962356860072
6432,0.000347689512585006
6433,0.000197254445315939
6434,0.000363286438505204
6435,0.00251159966584851
6436,0.00684946114632157
6437,0.0112741756904911
6438,0.013233928486101
6439,0.0122956940593935
6440,0.0103311447053735
6441,0.00923546417672015
6442,0.00906337209101946
6443,0.00852110847898754
6444,0.00669336955575724
6445,0.0038766614929056
6446,0.00104868421515752
6447,-0.00103842347370992
6448,-0.00234831290474734
6449,-0.0034493622805797
6450,-0.00483173269257573
6451,-0.00617805403578733
6452,-0.00663848064439084
6453,-0.00623039625340804
6454,-0.0066125715798758
6455,-0.0096216463999453
6456,-0.0148577779663175
6457,-0.0194699978876169
6458,-0.02089136594334
6459,-0.0193719321953701
6460,-0.017255854329179
6461,-0.0161186380184544
6462,-0.0154144978410757
6463,-0.0138792224667917
6464,-0.0113381777872324
6465,-0.00866398003425346
6466,-0.00655918895679639
6467,-0.0050291494070468
6468,-0.00379777851654006
6469,-0.00265348802520619
6470,-0.00146930384204419
6471,-0.000383517154336904
6472,0.000118998018368582
6473,-9.31740016333956E-05
6474,3.78776031559078E-05
6475,0.00213918173709087
6476,0.0064428259971713
6477,0.0109043883472725
6478,0.0129700934818791
6479,0.0121380985736132
6480,0.0102332916964877
6481,0.00917307759771276
6482,0.00904388296386461
6483,0.00854086445937213
6484,0.00673386959217634
6485,0.00394255241743143
6486,0.00115704849212386
6487,-0.000918831777854702
6488,-0.00228460654766687
6489,-0.00343539410563735
6490,-0.00475186047933252
6491,-0.00595270022980646
6492,-0.00636953437431827
6493,-0.00610377587240546
6494,-0.00664939042956155
6495,-0.00962757395965101
6496,-0.0146735189510084
6497,-0.0191912435673731
6498,-0.0207513152057209
6499,-0.0194488574111195
6500,-0.0174018267377626
6501,-0.0161730003341948
6502,-0.0153759611490184
6503,-0.0138240335315085
6504,-0.0112659428188649
6505,-0.00851839249082555
6506,-0.00635273488534005
6507,-0.00484143301274432
6508,-0.00364859943011495
6509,-0.00247135167077065
6510,-0.00122254358227361
6511,-0.000170461410341814
6512,0.000169015293564928
6513,-0.000215564862473707
6514,-0.000151790257540502
6515,0.00196668045640695
6516,0.0062816997823868
6517,0.010721782886725
6518,0.0127775904839627
6519,0.0119729776178118
6520,0.0101071882452366
6521,0.00907134383378688
6522,0.00896021073265075
6523,0.0084843703326021
6524,0.0067095464021496
6525,0.00394383059759583
6526,0.00117291707023337
6527,-0.000903052672036443
6528,-0.00228785238391717
6529,-0.00346975814007979
6530,-0.00481658522484903
6531,-0.00604898227683961
6532,-0.00650580844546909
6533,-0.00626151007855733
6534,-0.00675248989274681
6535,-0.00958764824682853
6536,-0.0144919494758576
6537,-0.0190013227634566
6538,-0.0207268673511767
6539,-0.0196540524479128
6540,-0.0177305600439456
6541,-0.0164430072671195
6542,-0.0154896741734858
6543,-0.0138406084149129
6544,-0.0113116353402076
6545,-0.00862981852753047
6546,-0.00643449418437563
6547,-0.00479829902132473
6548,-0.00353491329099397
6549,-0.002451694372442
6550,-0.00136463737477849
6551,-0.000325104933569114
6552,0.000231147897326202
6553,0.00012614167895318
6554,0.000297775931523603
6555,0.0022946315352279
6556,0.00640088222095528
6557,0.0106994343773172
6558,0.0126997214710631
6559,0.0118505002744022
6560,0.00990999181568402
6561,0.0088115669481005
6562,0.00871228554624665
6563,0.00832623284418476
6564,0.00665103000076407
6565,0.00392010762620239
6566,0.00111922686322553
6567,-0.000969073646264857
6568,-0.00228239647803229
6569,-0.00336222498840927
6570,-0.00470895403733306
6571,-0.0060837828872985
6572,-0.00668587600121536
6573,-0.00641296712103119
6574,-0.00670672070884029
6575,-0.00936619667023654
6576,-0.0142532037412453
6577,-0.0188179510096515
6578,-0.0204972868314221
6579,-0.0192740655317889
6580,-0.0172919632240146
6581,-0.0161809232649926
6582,-0.0155361510262527
6583,-0.0140978935085853
6584,-0.011592197739713
6585,-0.00886376589714721
6586,-0.00668679226040957
6587,-0.00511836624569468
6588,-0.00386682209122384
6589,-0.00270730111468274
6590,-0.00152725832158556
6591,-0.000441832192615988
6592,0.000125657082686318
6593,3.12301600794086E-05
6594,0.000204441790694008
6595,0.00217392351943298
6596,0.00625611471080782
6597,0.0106035393374501
6598,0.0127539678017885
6599,0.0121035759635393
6600,0.0103162463298982
6601,0.00925780893998151
6602,0.00909309790959525
6603,0.00862048189909186
6604,0.00693555684481846
6605,0.00428359499998841
6606,0.00154917083115961
6607,-0.000588279145585938
6608,-0.00203766529391454
6609,-0.00321037278271443
6610,-0.00455030496434209
6611,-0.00591347155708148
6612,-0.00659805990747745
6613,-0.00644036428335549
6614,-0.00673333420082101
6615,-0.00926409228042852
6616,-0.01406572079055
6617,-0.0187241925235344
6618,-0.0205908718873949
6619,-0.0194510528242372
6620,-0.017393280623513
6621,-0.0161881880847071
6622,-0.0155660641364258
6623,-0.0142286940451286
6624,-0.0117644321259919
6625,-0.00896491342453727
6626,-0.00668135770289597
6627,-0.00506120927947806
6628,-0.00381699485836104
6629,-0.00266712360529073
6630,-0.00146032645387302
6631,-0.000323588019151561
6632,0.00027500323073273
6633,0.00014377623550834
6634,0.000203057939477556
6635,0.00204850595279708
6636,0.00610896411910664
6637,0.0105773764468327
6638,0.0128784246390868
6639,0.0122361374535935
6640,0.0102832911289412
6641,0.00905143430960759
6642,0.00887949007629489
6643,0.00854116759157707
6644,0.00695488702321795
6645,0.0042702878524346
6646,0.00145718317340376
6647,-0.000696788713529142
6648,-0.00213106148965475
6649,-0.00334784101187848
6650,-0.00475972654813426
6651,-0.00608326362700818
6652,-0.0065760266069026
6653,-0.00621951838339486
6654,-0.00646699648730923
6655,-0.00909779637195998
6656,-0.0140249311801756
6657,-0.0187813500525393
6658,-0.0207565623795155
6659,-0.0197306011501682
6660,-0.0177001475705598
6661,-0.0163915015839187
6662,-0.0156321382100468
6663,-0.0142496360970349
6664,-0.0118229184626774
6665,-0.00902599056115162
6666,-0.00666066327822592
6667,-0.00496240672839543
6668,-0.0037415423036792
6669,-0.00269430091634211
6670,-0.00157320532053381
6671,-0.000468380487914822
6672,0.00010553655975832
6673,-7.39560369204447E-05
6674,-4.6842084397318E-05
6675,0.00182213165896987
6676,0.00592473934905888
6677,0.0103875282915243
6678,0.0126472627846306
6679,0.0120197341799355
6680,0.0101845095543572
6681,0.0090955896217641
6682,0.00897434644514814
6683,0.00857732059803517
6684,0.00691503009631204
6685,0.00421594869514178
6686,0.00143769880922141
6687,-0.000675021576177245
6688,-0.00205685292276829
6689,-0.00319296965394118
6690,-0.00454832577742774
6691,-0.00592828981053944
6692,-0.00658492249058869
6693,-0.00636630823454865
6694,-0.00660615075088091
6695,-0.00911966781919631
6696,-0.0139621878366428
6697,-0.0187448439202592
6698,-0.0208043055690204
6699,-0.0198356461705555
6700,-0.0178158511203102
6701,-0.0164893856541331
6702,-0.015680451573063
6703,-0.014222383269625
6704,-0.0117605485550688
6705,-0.00903409462696415
6706,-0.00679249920211129
6707,-0.00513076641070713
6708,-0.00381239373641404
6709,-0.00266207349275329
6710,-0.00157036175864588
6711,-0.000581509051567663
6712,-4.63742166079921E-05
6713,-0.000145021188191082
6714,-5.51210129895392E-05
6715,0.00175365487849307
6716,0.00576605328457449
6717,0.0102627466024098
6718,0.0126591236276155
6719,0.0120915911887803
6720,0.0101491586572467
6721,0.00890745102879266
6722,0.00876507144118778
6723,0.00851114431179781
6724,0.00704340954470205
6725,0.0044649205495957
6726,0.00167523359658188
6727,-0.000567959347079752
6728,-0.00211411885881093
6729,-0.00332674267228505
6730,-0.00462816431808344
6731,-0.00592500533811724
6732,-0.00658634225337975
6733,-0.00641460704979334
6734,-0.0065901050074789
6735,-0.0089170651639289
6736,-0.0136526938627821
6737,-0.0185620594161682
6738,-0.0208538439362408
6739,-0.0199712847382377
6740,-0.0178610443767968
6741,-0.016489487377334
6742,-0.0158194587145258
6743,-0.0145289765002541
6744,-0.0120371512664849
6745,-0.00911061899543311
6746,-0.00673502903251793
6747,-0.00511622006673532
6748,-0.0038715831951238
6749,-0.002662926865634
6750,-0.00144023301701991
6751,-0.000430439864244109
6752,-2.85622570392996E-05
6753,-0.000281970777202766
6754,-0.0002648272289785
6755,0.00150889828581364
6756,0.0054594646187511
6757,0.00992715947318494
6758,0.0124341883164517
6759,0.0120920420178068
6760,0.0103302492114253
6761,0.00911704685370523
6762,0.00891080685664769
6763,0.00862317563128082
6764,0.00717999671467642
6765,0.00462303515931788
6766,0.00182640943436246
6767,-0.000398704560357057
6768,-0.00186816846586318
6769,-0.00301276231759962
6770,-0.00435638042980963
6771,-0.00580896350040464
6772,-0.00662286862319936
6773,-0.0064846154574812
6774,-0.00657561398918647
6775,-0.00879825249274448
6776,-0.0134894528004643
6777,-0.0184092558740673
6778,-0.0207204056449714
6779,-0.0198495057271565
6780,-0.0177554380794834
6781,-0.0164012000838667
6782,-0.0157343908451137
6783,-0.0144547118518912
6784,-0.0120332708997194
6785,-0.00923978435552907
6786,-0.006984645324441
6787,-0.0054126401980878
6788,-0.0041803553808354
6789,-0.00301517576708427
6790,-0.00181781566211826
6791,-0.000681216260299908
6792,8.99136608259903E-06
6793,-2.41671168969817E-06
6794,-7.40891399096622E-06
6795,0.0015234816619854
6796,0.00528799617100798
6797,0.00982835317379227
6798,0.0125837552472577
6799,0.0124267465908935
6800,0.0106663083051775
6801,0.00935774071222211
6802,0.00910277443575546
6803,0.00884471742369949
6804,0.00742339068617314
6805,0.00479740894968001
6806,0.00185515027178217
6807,-0.000499476296579559
6808,-0.00200588780591266
6809,-0.00310265333170929
6810,-0.00438037366352979
6811,-0.00579813824614116
6812,-0.00660647206613455
6813,-0.00647343371629659
6814,-0.00657725671594727
6815,-0.0088175027605252
6816,-0.0135154683237218
6817,-0.0184319815512312
6818,-0.0207625244112737
6819,-0.0199500074058708
6820,-0.0179107303629666
6821,-0.0165575605112295
6822,-0.0158591426429374
6823,-0.0145770121041736
6824,-0.0121739302005643
6825,-0.00932901413903637
6826,-0.00691115094613904
6827,-0.00515919392981609
6828,-0.00385856480765582
6829,-0.00274573641225492
6830,-0.00161771392690699
6831,-0.000495900235137647
6832,0.00020105731136333
6833,0.00016050092763921
6834,9.96421461550117E-05
6835,0.00159876084831072
6836,0.00536543860458931
6837,0.00989525515375198
6838,0.0125853433029915
6839,0.0123244409574315
6840,0.0104841033478894
6841,0.00917003005566472
6842,0.00897386348042725
6843,0.00878001740596998
6844,0.0073882316980511
6845,0.00478084830300193
6846,0.00189006331115656
6847,-0.000394427429524844
6848,-0.00187672101646354
6849,-0.00301861794198696
6850,-0.00435684634698375
6851,-0.00580014812455719
6852,-0.0066178455830551
6853,-0.00650341582434216
6854,-0.00658719168283783
6855,-0.00871292362202045
6856,-0.0132690117370058
6857,-0.0181705867992528
6858,-0.0206524049325123
6859,-0.0199971671527645
6860,-0.0179476704098634
6861,-0.0164511461889053
6862,-0.0156727066753611
6863,-0.0144836793186596
6864,-0.012251546196501
6865,-0.00949729497429908
6866,-0.00705262418075873
6867,-0.00524063120002573
6868,-0.00392498649993339
6869,-0.00284681190278574
6870,-0.00177091125082229
6871,-0.00069267846939061
6872,-1.17386807832022E-05
6873,-3.49336249619901E-05
6874,-7.70525004030313E-05
6875,0.00139066555081254
6876,0.00507949020970261
6877,0.00957662830555574
6878,0.0123710837544348
6879,0.0123155010105026
6880,0.0106144073758243
6881,0.00923815526325883
6882,0.00883401982451169
6883,0.00849386508957081
6884,0.007161393002127
6885,0.00474904314185989
6886,0.00199529613454299
6887,-0.00030652589680937
6888,-0.00187581496505299
6889,-0.0030463111971177
6890,-0.00434547135607313
6891,-0.0057721232500197
6892,-0.00664123990184549
6893,-0.00659420437700239
6894,-0.00670385563180231
6895,-0.00882763320528998
6896,-0.0133890234093253
6897,-0.0182863273455474
6898,-0.0207222647386292
6899,-0.0200188593752442
6900,-0.0180081175095886
6901,-0.0166534913065432
6902,-0.0160171186566238
6903,-0.0148618600670628
6904,-0.0125687368093052
6905,-0.00976800662030338
6906,-0.00735822095399495
6907,-0.00561840908631447
6908,-0.0043279750896857
6909,-0.00320352819405427
6910,-0.00205688009683386
6911,-0.000939672062085401
6912,-0.000265060908647515
6913,-0.000304331907030234
6914,-0.000313867660332461
6915,0.0012682188934818
6916,0.00511474723162181
6917,0.00971512541699557
6918,0.012489128064314
6919,0.0123297214682062
6920,0.0105604990598653
6921,0.00922706889860194
6922,0.00893416292571353
6923,0.00866983156578897
6924,0.00732275181951789
6925,0.00483603334447658
6926,0.00201653523630211
6927,-0.000294630698463543
6928,-0.00180948756630247
6929,-0.00289420359707207
6930,-0.00413155862393744
6931,-0.00555339631644164
6932,-0.00644439035296233
6933,-0.00637870506816264
6934,-0.00640826428822757
6935,-0.00845583082198101
6936,-0.0130351297651228
6937,-0.0180695283298358
6938,-0.0207041748328783
6939,-0.0201726437198333
6940,-0.0182382129104846
6941,-0.0168406725580777
6942,-0.0160818089602448
6943,-0.0148139707977137
6944,-0.0124825589929072
6945,-0.00968749100593309
6946,-0.0072482328396384
6947,-0.00544106804061846
6948,-0.00414111117262975
6949,-0.00311400705081643
6950,-0.00205905315674554
6951,-0.000869593417370815
6952,1.99090090025483E-05
6953,0.000117234515521871
6954,-3.68492715170795E-06
6955,0.00130819098684312
6956,0.00496200496103367
6957,0.00955000208462956
6958,0.0123811541956155
6959,0.0122236433464528
6960,0.010435411978938
6961,0.00916831501116525
6962,0.00901643319765009
6963,0.00884637992890465
6964,0.00749430944467412
6965,0.0049823328783947
6966,0.00217061719980261
6967,-0.000189579525906029
6968,-0.00190865625168133
6969,-0.0032612925364651
6970,-0.00461085120819904
6971,-0.00591323834060683
6972,-0.00661761899825405
6973,-0.00647716054858815
6974,-0.00651150273401372
6975,-0.00849332333752626
6976,-0.0129222967454893
6977,-0.0178688714927309
6978,-0.0205589680729321
6979,-0.0201217469846924
6980,-0.0181962247425049
6981,-0.0167597251258744
6982,-0.0160344634112752
6983,-0.0148788093112001
6984,-0.0126216520781393
6985,-0.00979779937232891
6986,-0.00728668722742755
6987,-0.00543225782523494
6988,-0.00409439946873336
6989,-0.00301592101503212
6990,-0.00194905616698523
6991,-0.000844193863169604
6992,-8.9617819673839E-05
6993,-7.75338779683723E-05
6994,-0.000215941627693982
6995,0.0010851406233385
6996,0.00473394098964109
6997,0.00941446506063977
6998,0.0124635882754861
6999,0.0125054516500098
7000,0.010722386999576
7001,0.00927817448535789
7002,0.00896005508780429
7003,0.00877445040789315
7004,0.00749584732552681
7005,0.00500589524562961
7006,0.00215434720877482
7007,-0.000179655306184759
7008,-0.00172755733688042
7009,-0.0028597490110328
7010,-0.00411770033724977
7011,-0.00552811398393113
7012,-0.00643579402514988
7013,-0.00642561495195042
7014,-0.00644465174882548
7015,-0.00834271135478274
7016,-0.0127556061094017
7017,-0.0178065662766579
7018,-0.0206349876215697
7019,-0.0202374614206169
7020,-0.0182243899244723
7021,-0.0166841642338701
7022,-0.015962487109922
7023,-0.0149120219359387
7024,-0.0127446279816379
7025,-0.00991145828823715
7026,-0.0073225299702545
7027,-0.00539584774952413
7028,-0.0040101449950377
7029,-0.00288024477235298
7030,-0.00175479904446456
7031,-0.000614421228369263
7032,0.000140291670344731
7033,0.000130583519582055
7034,-5.78150372490455E-05
7035,0.00114231383814078
7036,0.00466931863217262
7037,0.00930084894638255
7038,0.0124216601867792
7039,0.0125733102564761
7040,0.0108131624037907
7041,0.00930303750160679
7042,0.00896146793517223
7043,0.00888587090570113
7044,0.00777333013334305
7045,0.00534808543448656
7046,0.00240723903879554
7047,-7.00562660816398E-05
7048,-0.00168920873339536
7049,-0.00279668293173536
7050,-0.00400312069576351
7051,-0.00540112083826985
7052,-0.00633849019455658
7053,-0.00636138910625774
7054,-0.00638750039537074
7055,-0.00826873746493166
7056,-0.0126590092635284
7057,-0.0176920605750615
7058,-0.0205093901175587
7059,-0.0201171839947071
7060,-0.0181404598738334
7061,-0.0166601655419621
7062,-0.0159830742141078
7063,-0.0149311124196592
7064,-0.012734779927498
7065,-0.0098912623887795
7066,-0.00732340191980051
7067,-0.00542304549826263
7068,-0.0040637414362976
7069,-0.00299569517047045
7070,-0.00197196706726702
7071,-0.000894009935578558
7072,-7.97504911245884E-05
7073,5.54454505092716E-05
7074,-3.8327881637075E-05
7075,0.0011332611823334
7076,0.00458774152557135
7077,0.00922813630998343
7078,0.0124591420469722
7079,0.0127349484266188
7080,0.011030836751739
7081,0.009486909802365
7082,0.00902978627140535
7083,0.00879426656230594
7084,0.00758090872246197
7085,0.00522624750619285
7086,0.00249654775370487
7087,0.000170499892156441
7088,-0.00151833101995447
7089,-0.00283483288922254
7090,-0.00416285656762968
7091,-0.00550734938289279
7092,-0.00634566832789379
7093,-0.00634071929608178
7094,-0.00633406600977636
7095,-0.0080602165777676
7096,-0.0122611383830835
7097,-0.0173034882719531
7098,-0.0203901592597733
7099,-0.0202989507453126
7100,-0.0184010736455922
7101,-0.0167858472103781
7102,-0.0159666376140872
7103,-0.014889108882501
7104,-0.0127271343001957
7105,-0.00989987074902372
7106,-0.00734857456838382
7107,-0.00549226712412192
7108,-0.00414086863325
7109,-0.00297026998172668
7110,-0.00178172878007768
7111,-0.000611934783421964
7112,0.000156843623536481
7113,0.00016743873893528
7114,-5.0406188605474E-05
7115,0.00102241824007802
7116,0.00441434332906419
7117,0.0090646311871706
7118,0.0123813970926792
7119,0.012741000007522
7120,0.0110409022336314
7121,0.00945809993156417
7122,0.00903731347393717
7123,0.00895166178834557
7124,0.00788667915617591
7125,0.00553100306919982
7126,0.00263536211638597
7127,0.000109186292815673
7128,-0.00167475650740469
7129,-0.00295750600851547
7130,-0.00420862296755034
7131,-0.00552983308127814
7132,-0.00642160125645487
7133,-0.00649217970400304
7134,-0.00651527775674935
7135,-0.00821012905337257
7136,-0.0123618725722407
7137,-0.0173856129937127
7138,-0.0204888067750076
7139,-0.0204188064351394
7140,-0.0185237610698018
7141,-0.0168946015624855
7142,-0.0160494181673559
7143,-0.0149291407057544
7144,-0.0127136713275655
7145,-0.00985694799020211
7146,-0.00734101476959369
7147,-0.00558940534152741
7148,-0.00436920887895822
7149,-0.00329818499726064
7150,-0.00214135987652642
7151,-0.000932962826504337
7152,-8.11872826625801E-05
7153,1.06369273279852E-05
7154,-0.000177097570553767
7155,0.000855860491733784
7156,0.00417052016265566
7157,0.008758532465986
7158,0.012039080820683
7159,0.012350171102096
7160,0.0105719911188314
7161,0.00894322186168469
7162,0.00858872101186012
7163,0.00865926370286366
7164,0.00770750339181413
7165,0.00533578149319005
7166,0.00238196715658078
7167,-8.27464466576201E-05
7168,-0.00166982452680566
7169,-0.00279569660586482
7170,-0.00407917820868188
7171,-0.00554523349880929
7172,-0.0064808256722929
7173,-0.00640948623743289
7174,-0.00624402749251694
7175,-0.00788621589189883
7176,-0.012144456263427
7177,-0.0173132749799156
7178,-0.0204955465202092
7179,-0.0204346606970501
7180,-0.0185321349478464
7181,-0.0169301052759716
7182,-0.0161791541856804
7183,-0.0152134753333287
7184,-0.0131434401697327
7185,-0.0103320132107983
7186,-0.00774109738901839
7187,-0.00586581834164771
7188,-0.00454576719881278
7189,-0.00339519239896485
7190,-0.00214302635437187
7191,-0.000837265779203747
7192,6.21854913800965E-05
7193,0.000139367256184391
7194,-9.03147328629145E-05
7195,0.000890035530722877
7196,0.00412988495991514
7197,0.00866008474482972
7198,0.012007872843724
7199,0.0125580736232428
7200,0.0110574499534668
7201,0.00952350623968675
7202,0.00900911865097005
7203,0.00883649127093662
7204,0.00779077951496642
7205,0.00552039597598773
7206,0.00269992501264724
7207,0.000239364880925977
7208,-0.00146031421260901
7209,-0.00269005387194387
7210,-0.00401501124523266
7211,-0.00553323950160942
7212,-0.0065974641121213
7213,-0.00666432015145607
7214,-0.00650850360562816
7215,-0.00799256755340033
7216,-0.0120431977622315
7217,-0.0171076623354161
7218,-0.0203291209268998
7219,-0.0203689672476961
7220,-0.0185235967873338
7221,-0.0168891894194964
7222,-0.0160431971316032
7223,-0.0149962324398021
7224,-0.0129335057571408
7225,-0.0102177325116956
7226,-0.00771431494180289
7227,-0.00582562929373147
7228,-0.00442775904415219
7229,-0.00327032521419929
7230,-0.00213663423619723
7231,-0.000963066092847809
7232,-8.09301130220525E-05
7233,5.87032489511805E-05
7234,-0.000169468704695739
7235,0.000726419285512316
7236,0.00393764486547667
7237,0.00859145341531341
7238,0.0120990829003101
7239,0.0126550768623224
7240,0.0110016602157643
7241,0.00935394327430167
7242,0.00891202749244814
7243,0.00892142361153444
7244,0.00799073220163466
7245,0.00571772456932192
7246,0.00287613086928103
7247,0.000455880218041774
7248,-0.00118535301192561
7249,-0.00242303025067889
7250,-0.00382622695446855
7251,-0.0054210504137877
7252,-0.00650783176449421
7253,-0.00655961811582631
7254,-0.00640205447519863
7255,-0.00793337830371406
7256,-0.0120770007986813
7257,-0.0172324895580849
7258,-0.0204742408320295
7259,-0.0204442024413707
7260,-0.0185234035544597
7261,-0.0169327147980878
7262,-0.0162623839244485
7263,-0.0153747698223658
7264,-0.0133017313059844
7265,-0.0104359126937808
7266,-0.00782398173930005
7267,-0.00597379307259592
7268,-0.00466600157011045
7269,-0.00349513173064645
7270,-0.00223720829014044
7271,-0.000959007024664146
7272,-6.75017559759632E-05
7273,5.29205421585391E-05
7274,-0.000142031126997593
7275,0.00080070382087141
7276,0.0039758566945605
7277,0.00851300630128081
7278,0.0119370076865994
7279,0.0125170289486311
7280,0.0109312364091025
7281,0.0092746892769966
7282,0.00872558323852093
7283,0.00863569051098579
7284,0.00772569135663299
7285,0.00557962780756511
7286,0.00283678572374608
7287,0.000372616276710815
7288,-0.0014142336544221
7289,-0.00272764358693968
7290,-0.00401700119443813
7291,-0.00538378121304401
7292,-0.00631997142857402
7293,-0.00638311955995148
7294,-0.00628474848535933
7295,-0.00777373256179849
7296,-0.011795041931979
7297,-0.0169140486164028
7298,-0.0202914884297365
7299,-0.020450945508284
7300,-0.0185828348066064
7301,-0.0168608553269984
7302,-0.0160151114252865
7303,-0.0150778189264142
7304,-0.0131126841289633
7305,-0.0103903536903158
7306,-0.00780919402454131
7307,-0.00584393134596708
7308,-0.00438495762873591
7309,-0.00316901089063557
7310,-0.00200705779406416
7311,-0.000878665343659133
7312,-0.000105660955157979
7313,-8.67565018637939E-05
7314,-0.000416181496789104
7315,0.000403192389187691
7316,0.00359436932039591
7317,0.00833595953840679
7318,0.0120232676884912
7319,0.012731788618391
7320,0.0110815962260201
7321,0.00929574109820862
7322,0.00871669440855204
7323,0.0087241128038355
7324,0.0079087631235446
7325,0.00570698121279142
7326,0.00275366672387492
7327,8.84805669362711E-05
7328,-0.0017149118803452
7329,-0.0028695861309402
7330,-0.00402694031297674
7331,-0.00545927060090775
7332,-0.00659055414205779
7333,-0.00674649166776259
7334,-0.00652586174137479
7335,-0.0078205630741505
7336,-0.0117935067396097
7337,-0.0170466963420546
7338,-0.0205830731220766
7339,-0.0207830422915379
7340,-0.0188462691589248
7341,-0.0170346769833163
7342,-0.0161166739837059
7343,-0.0151064935861507
7344,-0.0130672716007741
7345,-0.0103067197318207
7346,-0.00774997887172677
7347,-0.00585936492789168
7348,-0.00448914554921318
7349,-0.00332961028904593
7350,-0.00213946950343919
7351,-0.000873391689636972
7352,9.81455784833863E-05
7353,0.00026883184110413
7354,-3.93988665967458E-05
7355,0.000667878262826698
7356,0.00366359606136947
7357,0.00817744942891725
7358,0.0116629676207491
7359,0.0122887392069732
7360,0.0107552243030993
7361,0.00924517043668738
7362,0.00892175877381264
7363,0.00899145145628614
7364,0.00805639884041044
7365,0.00574416843491317
7366,0.00285617640779341
7367,0.000391412297763056
7368,-0.00126693082904028
7369,-0.00244417451616421
7370,-0.0037023186691566
7371,-0.00515208468096434
7372,-0.00619350024431676
7373,-0.00628623782945722
7374,-0.00613358431673143
7375,-0.00756240826916151
7376,-0.0115913273762098
7377,-0.0167870276550307
7378,-0.0202587707817801
7379,-0.0204844747116095
7380,-0.0186411672568182
7381,-0.0169184038416985
7382,-0.0160854586227786
7383,-0.015210733984081
7384,-0.0133372511973285
7385,-0.0106519959231986
7386,-0.00800048166025473
7387,-0.00592993492969915
7388,-0.00446855579147509
7389,-0.00337614805108627
7390,-0.00230719128904838
7391,-0.00107784305773195
7392,-5.38762776883644E-05
7393,0.000138458179973996
7394,-0.000259300809725885
7395,0.000317970528664533
7396,0.0032944745679635
7397,0.00796877024666441
7398,0.0117086146649975
7399,0.0125251227258659
7400,0.0110252012606164
7401,0.0094217288100009
7402,0.00898329597825235
7403,0.009010813279269
7404,0.00812912240258044
7405,0.00591181163424662
7406,0.00307357462496207
7407,0.000567538788885251
7408,-0.00118462679023195
7409,-0.00242613616415237
7410,-0.00369200565072871
7411,-0.00515956764799855
7412,-0.00629511606493784
7413,-0.00650248182505647
7414,-0.00633622368024222
7415,-0.00756429687279601
7416,-0.0113474834395238
7417,-0.0164615678580872
7418,-0.0200546525063782
7419,-0.0204390275679702
7420,-0.0186397732450364
7421,-0.016887248428608
7422,-0.0160852226874301
7423,-0.0153162521400517
7424,-0.0135080217659948
7425,-0.0107983009391379
7426,-0.00812949918808744
7427,-0.00612586365804055
7428,-0.0047334254479428
7429,-0.0036017108417265
7430,-0.00244343542559818
7431,-0.0012228685090598
7432,-0.000284012627754645
7433,-4.99811734457277E-05
7434,-0.000205569538045337
7435,0.000590745653842448
7436,0.00352366396409683
7437,0.00798842825007283
7438,0.0116678407611263
7439,0.012654833479906
7440,0.0112783031660862
7441,0.00951257217903522
7442,0.00878115570787253
7443,0.00872672343855806
7444,0.00803945096414639
7445,0.00601275197187055
7446,0.0031270196604211
7447,0.000427371395639878
7448,-0.0014220841480224
7449,-0.0025954075343343
7450,-0.00376247957949982
7451,-0.00521758485604882
7452,-0.00640243725444426
7453,-0.00664426821022741
7454,-0.00647267703633233
7455,-0.00766502150717944
7456,-0.0113850373446103
7457,-0.01643739069012
7458,-0.0200504872030151
7459,-0.0205876334489144
7460,-0.0189908455507061
7461,-0.0173103497527113
7462,-0.0163582399778271
7463,-0.0153412223397134
7464,-0.0134180772905751
7465,-0.0108113745443188
7466,-0.00829919230374706
7467,-0.00628499584715664
7468,-0.00470621225772257
7469,-0.00341658585818755
7470,-0.00227649431719209
7471,-0.00116734844440537
7472,-0.000273760174284917
7473,-1.88147126611424E-05
7474,-0.000205536025719745
7475,0.00050583476257344
7476,0.00344641240466041
7477,0.00806556214393915
7478,0.0118870749658246
7479,0.0128541150278154
7480,0.011382606698974
7481,0.00963032631049046
7482,0.0090025555363874
7483,0.00895122017135647
7484,0.00812486201690824
7485,0.00602084647483595
7486,0.00326182165948647
7487,0.000737881189442373
7488,-0.00112625869353875
7489,-0.00248809898361418
7490,-0.00379552839841566
7491,-0.00525010251318377
7492,-0.00640947291680338
7493,-0.00665728913394533
7494,-0.00639352705865197
7495,-0.00733942248353087
7496,-0.0108858862763327
7497,-0.0160902900367316
7498,-0.0200619907625224
7499,-0.0207631414319759
7500,-0.0189711018610305
7501,-0.0170342825309806
7502,-0.0161190595399497
7503,-0.0153658042864082
7504,-0.0135579083148521
7505,-0.0107555344343832
7506,-0.00798506496921932
7507,-0.00594880158698198
7508,-0.00455549749328141
7509,-0.00340386933121892
7510,-0.00223356886190521
7511,-0.00104097009732596
7512,-0.000142377249655506
7513,4.30251280309129E-05
7514,-0.000243896351195665
7515,0.000320086290195098
7516,0.00307794107890742
7517,0.00761152084966127
7518,0.011569514391562
7519,0.0128165384437062
7520,0.0115372508055567
7521,0.009772905948004
7522,0.00905001745288352
7523,0.00899544347012662
7524,0.00826230920049358
7525,0.00621677118810089
7526,0.00341838137357499
7527,0.000833013384990999
7528,-0.00103072637339549
7529,-0.00235220567847278
7530,-0.00365039606686349
7531,-0.00513731681265204
7532,-0.00632408741883688
7533,-0.00657833431144212
7534,-0.00633681662844917
7535,-0.00733945279572
7536,-0.0109328882393617
7537,-0.0161206726868409
7538,-0.0200208413465259
7539,-0.0206566586642009
7540,-0.018849415762723
7541,-0.0169419545883185
7542,-0.0160776088980199
7543,-0.0153868092385981
7544,-0.0136475224035427
7545,-0.0109059320978086
7546,-0.00817837342154765
7547,-0.00616695200739017
7548,-0.00477115233077944
7549,-0.00357125040785012
7550,-0.0023217803309412
7551,-0.00107544309425416
7552,-0.000168886156246052
7553,5.08310538083459E-05
7554,-0.000109574237926979
7555,0.00058149827634443
7556,0.00327274414766971
7557,0.00751492812050825
7558,0.0112065464979005
7559,0.0124796122745342
7560,0.0114655850669448
7561,0.00989581617466669
7562,0.00913742710038431
7563,0.00899415636694222
7564,0.00833345830836762
7565,0.0064336684116001
7566,0.00359460253135825
7567,0.00076087055357194
7568,-0.00126746408019779
7569,-0.00245381599970688
7570,-0.00347499973383504
7571,-0.00485927483406282
7572,-0.00617828107425951
7573,-0.00656263699391493
7574,-0.00626124936596297
7575,-0.00710350598449516
7576,-0.0106377991351647
7577,-0.015915171958166
7578,-0.0199412381214704
7579,-0.0206512867186316
7580,-0.0188723202557877
7581,-0.0169546803765383
7582,-0.0160142813266636
7583,-0.0152095600384764
7584,-0.0134275120239362
7585,-0.0107673840220902
7586,-0.00814462869888516
7587,-0.00613583110269695
7588,-0.00467821967705671
7589,-0.00350142129573438
7590,-0.00238114890324102
7591,-0.0012047070518479
7592,-0.000201101406480757
7593,0.000141616346930643
7594,-7.87930571684452E-05
7595,0.000408520179960172
7596,0.00301413935181542
7597,0.00740820631259559
7598,0.0112782555992212
7599,0.0124895861427706
7600,0.0112086758491455
7601,0.00944619344933918
7602,0.00872244104713855
7603,0.00871558119097223
7604,0.00812444374124406
7605,0.00624863178378343
7606,0.00349807321894861
7607,0.00079039117215179
7608,-0.00122105736381637
7609,-0.00254589730947627
7610,-0.00373254051175633
7611,-0.00517639015171202
7612,-0.00645411064420267
7613,-0.00676604118466101
7614,-0.00637096073530798
7615,-0.00708197804327616
7616,-0.0105086369993416
7617,-0.0158036652835886
7618,-0.0199719633131722
7619,-0.020826890874357
7620,-0.0191029277833
7621,-0.017187552000863
7622,-0.0162712090303845
7623,-0.0154928889158432
7624,-0.0136604266865306
7625,-0.0108756437341014
7626,-0.00816247095241731
7627,-0.00617376036414897
7628,-0.00478981324508017
7629,-0.00362928564335506
7630,-0.00245007790775723
7631,-0.00123053409610471
7632,-0.000275897599201873
7633,-4.26920109025894E-05
7634,-0.000340671162304031
7635,0.000149513831830637
7636,0.00281550069192895
7637,0.00729495741327292
7638,0.0112809270055751
7639,0.0126474471145119
7640,0.0115128062781423
7641,0.00979483291176888
7642,0.0089690651689289
7643,0.0087856902296413
7644,0.00808255490614082
7645,0.00623533215498738
7646,0.00359622775908598
7647,0.000961524265374077
7648,-0.00106380763936816
7649,-0.0024154803645575
7650,-0.00354354921554211
7651,-0.00485765551104095
7652,-0.00607360954012954
7653,-0.00650763319125667
7654,-0.00635619114948055
7655,-0.00721994525323545
7656,-0.0105609420642559
7657,-0.015624118012794
7658,-0.0196638202050553
7659,-0.0206295135667072
7660,-0.0191306494117376
7661,-0.0173276795303627
7662,-0.0163545436567204
7663,-0.0155096021342634
7664,-0.0137434800918212
7665,-0.0110841888249457
7666,-0.00835991007628727
7667,-0.00616944782210443
7668,-0.00456870452762365
7669,-0.00338244179916582
7670,-0.00236670325085264
7671,-0.00130080870210769
7672,-0.000332725559480614
7673,1.80455904065408E-05
7674,-0.000251890782433391
7675,9.61842612118674E-05
7676,0.0025830473054193
7677,0.00702491597911351
7678,0.0111135057793382
7679,0.0125550369064029
7680,0.0113727394420233
7681,0.00959989316349076
7682,0.00887105384800912
7683,0.00889135433033145
7684,0.00828312114683319
7685,0.00632051535093332
7686,0.00350813259996151
7687,0.000843270258944928
7688,-0.00107646197547755
7689,-0.00236024048366396
7690,-0.00354818431366713
7691,-0.00496406254000993
7692,-0.00621351069655204
7693,-0.00660854777860772
7694,-0.00639459863749246
7695,-0.00719388352949829
7696,-0.0104973028021043
7697,-0.0156155462020099
7698,-0.0198062144615844
7699,-0.0208865356119007
7700,-0.019340675366652
7701,-0.017405837770628
7702,-0.0164232759668115
7703,-0.0157463334000536
7704,-0.014144313754946
7705,-0.0114897027873856
7706,-0.00870962264809121
7707,-0.00660077079022372
7708,-0.00520103484108774
7709,-0.00410292750067753
7710,-0.00294377303303734
7711,-0.00167416944956681
7712,-0.000674918195004242
7713,-0.000457178612015911
7714,-0.000813116740103111
7715,-0.000379694135824484
7716,0.00227579123176818
7717,0.00683903975062768
7718,0.0110023021736106
7719,0.0125389695206928
7720,0.0114474317086297
7721,0.00965742360236753
7722,0.00879027015141316
7723,0.00869445738400258
7724,0.00813687134461244
7725,0.00635391415697079
7726,0.00365870574518271
7727,0.000921356033519293
7728,-0.0011763326001998
7729,-0.00254828220187181
7730,-0.00365517110108455
7731,-0.00493881285333749
7732,-0.00616225179171539
7733,-0.00663711765730753
7734,-0.00646119843511744
7735,-0.00715878933070273
7736,-0.0102986950073246
7737,-0.0153437832790192
7738,-0.0195941280966641
7739,-0.0207712838718948
7740,-0.0192635068311293
7741,-0.0173128444822068
7742,-0.0163128350514957
7743,-0.0156221566262671
7744,-0.013976160263638
7745,-0.0112464400977919
7746,-0.00840058255175783
7747,-0.00625936226759682
7748,-0.00485387745493461
7749,-0.00378751226219809
7750,-0.00272370939098653
7751,-0.00156933375383547
7752,-0.000568004619619212
7753,-0.000146411993431317
7754,-0.000225255194511298
7755,0.00029252186281692
7756,0.00271725189828552
7757,0.0069053255503346
7758,0.0108255413593734
7759,0.0123363009247928
7760,0.0112945033522915
7761,0.00949990444150724
7762,0.00861759797427684
7763,0.00859449407959174
7764,0.00816641349804552
7765,0.00644567289357704
7766,0.00371583899336233
7767,0.000948527417728443
7768,-0.00111060910815163
7769,-0.00245347300418839
7770,-0.00363499601401866
7771,-0.00504877231230381
7772,-0.00632349327593298
7773,-0.00673380488582323
7774,-0.00647094001624017
7775,-0.00713631704418787
7776,-0.0102781586472509
7777,-0.0153378030128401
7778,-0.0196682014222848
7779,-0.0210111595503885
7780,-0.0196267850028423
7781,-0.017598654220944
7782,-0.0163695378312037
7783,-0.0155514672810821
7784,-0.0140353303572852
7785,-0.0115388161705611
7786,-0.00875223223368897
7787,-0.0064410377404258
7788,-0.00484294842558301
7789,-0.00372682058760948
7790,-0.00267662249157824
7791,-0.00144977327144897
7792,-0.00034339013330528
7793,1.29755047350978E-05
7794,-0.000338758482648495
7795,-6.06260973409756E-05
7796,0.0024015715933167
7797,0.00685690836734794
7798,0.011018606117525
7799,0.0126090321286318
7800,0.0115868801255326
7801,0.00987465559198396
7802,0.00907554448986816
7803,0.00899037693998248
7804,0.00835653960248601
7805,0.00645272692250173
7806,0.00368231134993702
7807,0.000963523450322739
7808,-0.00106905294278767
7809,-0.00241767867914724
7810,-0.00357295104126923
7811,-0.00492386790166923
7812,-0.00616711565719516
7813,-0.00659579251492046
7814,-0.00632187601301227
7815,-0.0068851435423787
7816,-0.00989367127915853
7817,-0.0148958141389693
7818,-0.0192557221919512
7819,-0.0206380112349933
7820,-0.0192790751254095
7821,-0.0173347183728766
7822,-0.0162790871532105
7823,-0.0156194301492593
7824,-0.0141289324750867
7825,-0.0115672151045057
7826,-0.00876934391833439
7827,-0.00652852375441409
7828,-0.00495165446933498
7829,-0.00373684958866687
7830,-0.00259200664271306
7831,-0.00140182641416202
7832,-0.000358269100161423
7833,0.000120293292721861
7834,4.53231071032812E-05
7835,0.000450340047225713
7836,0.0027095371797145
7837,0.00685737582653251
7838,0.0109703934986727
7839,0.0128007317144868
7840,0.0119778888181546
7841,0.010176548711526
7842,0.00913002406227764
7843,0.00893428668014883
7844,0.00841384969449339
7845,0.00668247530088995
7846,0.00398242199247874
7847,0.00124055896557309
7848,-0.000810772225450937
7849,-0.0021251356289167
7850,-0.00322045712636776
7851,-0.00454482178525205
7852,-0.00584373611290509
7853,-0.0064046279395909
7854,-0.00625728534205269
7855,-0.00685069827764856
7856,-0.0098047225871304
7857,-0.0147823524421796
7858,-0.0192266707926243
7859,-0.0207497011505754
7860,-0.0194796234646321
7861,-0.01753881855028
7862,-0.0164478877713472
7863,-0.0157471614770478
7864,-0.0142004800155289
7865,-0.0115769055271846
7866,-0.00876687359121668
7867,-0.00660022718633992
7868,-0.00514304336857458
7869,-0.00400785413950112
7870,-0.00285310905576517
7871,-0.00159193967389595
7872,-0.00050186628909511
7873,-7.93959230537227E-05
7874,-0.000307307926774885
7875,-3.93352725365427E-05
7876,0.00222726258241693
7877,0.00652820085369776
7878,0.0107900611949165
7879,0.0126213290251211
7880,0.0116798653141878
7881,0.00980594661139779
7882,0.00883537958156816
7883,0.00878914196894463
7884,0.00834507505888412
7885,0.00657963015481284
7886,0.00383232702903485
7887,0.00111765597182548
7888,-0.00086952232915719
7889,-0.002187520534729
7890,-0.00338491889657254
7891,-0.00482617303700748
7892,-0.00615697343717637
7893,-0.00664551172670282
7894,-0.00637249040689421
7895,-0.0068466429723517
7896,-0.00973976688970971
7897,-0.0147605393142729
7898,-0.0193375252083288
7899,-0.0209573578423758
7900,-0.0196023772537024
7901,-0.0174153458224912
7902,-0.0161391588527841
7903,-0.0155099895159374
7904,-0.0142179726972966
7905,-0.0117510088996984
7906,-0.00882427890040739
7907,-0.00638299704705289
7908,-0.00474598742852979
7909,-0.0036395610459533
7910,-0.00262377520003456
7911,-0.00146049366619776
7912,-0.000384180624655189
7913,4.21874520548604E-05
7914,-0.000238130615890321
7915,-8.4495260075176E-05
7916,0.00206712530266041
7917,0.0063285555620852
7918,0.0106588593079731
7919,0.0126311799315774
7920,0.011828252031154
7921,0.0100282033456018
7922,0.00905533318205971
7923,0.00897158626661057
7924,0.00851712039242764
7925,0.00679781711962399
7926,0.00411541168059866
7927,0.00141854879176485
7928,-0.000603534996336557
7929,-0.00193558209595278
7930,-0.00307575101132892
7931,-0.00445689586512848
7932,-0.0058441320252472
7933,-0.00651324198979376
7934,-0.00640523244444584
7935,-0.00689534675449343
7936,-0.00967248875626357
7937,-0.0145745173100235
7938,-0.0191325449809665
7939,-0.0208507583242985
7940,-0.0196802882886347
7941,-0.0177034120297156
7942,-0.0165631885018975
7943,-0.0159105809175736
7944,-0.0144700462489393
7945,-0.0118907294880043
7946,-0.00902443427055171
7947,-0.00677451790363598
7948,-0.00527065144406093
7949,-0.00409924587332587
7950,-0.00287690292230784
7951,-0.00155429774379076
7952,-0.000476352728620913
7953,-0.000113335756346676
7954,-0.000342360589771292
7955,1.99541615234545E-06
7956,0.00228615661695529
7957,0.006431306014645
7958,0.0104769343435653
7959,0.0122878444434279
7960,0.0116028625383849
7961,0.0100255248283936
7962,0.00909640868977757
7963,0.0088383607710029
7964,0.00822157320314705
7965,0.00653418290578188
7966,0.00399019873537274
7967,0.00132759218877871
7968,-0.000812012023002039
7969,-0.00225121413305278
7970,-0.00333503148405893
7971,-0.00453263109557075
7972,-0.00577092783540841
7973,-0.00641727729244101
7974,-0.00635177249558041
7975,-0.00684247714977051
7976,-0.00956998747229487
7977,-0.0144646365794567
7978,-0.0191076664533293
7979,-0.0209126631869095
7980,-0.0196936555706058
7981,-0.0175314674401762
7982,-0.0162327325890634
7983,-0.0155969282820328
7984,-0.0143177301683133
7985,-0.011887849214918
7986,-0.00905872324815026
7987,-0.006763625438413
7988,-0.00521055950774537
7989,-0.00402304709315919
7990,-0.00281043236791586
7991,-0.00149760309942944
7992,-0.000399432957802604
7993,8.89129659301113E-06
7994,-0.000225581452028201
7995,-1.34303337837781E-05
7996,0.00206984581019845
7997,0.00612262218334074
7998,0.0102655380609549
7999,0.0122134628509411
8000,0.0115042624336106
8001,0.00977130184359736
8002,0.00879437793674477
8003,0.00872655722946832
8004,0.00838305225295325
8005,0.00681753325730962
8006,0.00421402074692839
8007,0.00146477577358255
8008,-0.000695297505960808
8009,-0.00215713208875076
8010,-0.00335165825745818
8011,-0.00471252649729516
8012,-0.00605832819719072
8013,-0.00669716431421353
8014,-0.00652610886102183
8015,-0.00686042776216871
8016,-0.0094355397714698
8017,-0.014239520346682
8018,-0.0188823576135619
8019,-0.0207519027219347
8020,-0.0196155746016617
8021,-0.01753744785663
8022,-0.0163330966172679
8023,-0.0157967381901996
8024,-0.0145915610120649
8025,-0.0121748273388983
8026,-0.00927189394788166
8027,-0.00681985856814324
8028,-0.00509486804437557
8029,-0.00383657725890799
8030,-0.00270756853861705
8031,-0.00154057890795309
8032,-0.000507206280243168
8033,-7.15877133326176E-05
8034,-0.000321427995596888
8035,-0.000242887275738039
8036,0.00171512767810395
8037,0.00584021460564211
8038,0.010257527195232
8039,0.0124804085453494
8040,0.0118649288044546
8041,0.0100535402281253
8042,0.00895677093512201
8043,0.0088174543195656
8044,0.00845358561616239
8045,0.0068897963836121
8046,0.0042820180147069
8047,0.00149339362235952
8048,-0.000739856631162867
8049,-0.00224531773256262
8050,-0.00338550558152164
8051,-0.00462290535049059
8052,-0.00589328920157184
8053,-0.00656826763297294
8054,-0.00646524715397338
8055,-0.00677546749726302
8056,-0.00923152642981275
8057,-0.0139514421051374
8058,-0.0186485597161789
8059,-0.0206661851355205
8060,-0.0196406506480365
8061,-0.017566934920114
8062,-0.0163047110547978
8063,-0.0157245161826898
8064,-0.0145163510637259
8065,-0.0121269523869916
8066,-0.00928912385972799
8067,-0.00696297305504336
8068,-0.00540796030526249
8069,-0.0042887062175277
8070,-0.00319412432815198
8071,-0.00195045630483173
8072,-0.000782827006684157
8073,-0.00020984647461492
8074,-0.000345812779984269
8075,-0.000201951621162399
8076,0.00173489920963212
8077,0.00574744578633512
8078,0.01003838793366
8079,0.0122392340783401
8080,0.0117463368710998
8081,0.0101030349331998
8082,0.00907151805375105
8083,0.00885833981717178
8084,0.00840104194901442
8085,0.00686145392754459
8086,0.0043828004918413
8087,0.00167791547100736
8088,-0.000620168707523707
8089,-0.00226566578337683
8090,-0.00346627120387352
8091,-0.00464451420518937
8092,-0.00585168598286723
8093,-0.00656558600281817
8094,-0.00656366033460079
8095,-0.00692970064832886
8096,-0.00938991813561736
8097,-0.0141610213370681
8098,-0.0189924119284999
8099,-0.021114376659089
8100,-0.0200384968816692
8101,-0.0177951559201179
8102,-0.0163991533584473
8103,-0.0158000602021138
8104,-0.0146121346896099
8105,-0.0121834705245706
8106,-0.00926065461927433
8107,-0.00688152831666676
8108,-0.00531127717363834
8109,-0.00414162798842568
8110,-0.00293673604295587
8111,-0.00160881285993069
8112,-0.000482168229520137
8113,-7.01166513793927E-05
8114,-0.000393360284073718
8115,-0.000380938120898762
8116,0.00151195390007883
8117,0.0055827921985801
8118,0.0100314556100547
8119,0.0124201329468538
8120,0.0120267998885901
8121,0.0103439866704304
8122,0.00922085318440593
8123,0.0089883495346487
8124,0.00859419608240533
8125,0.00710013298533563
8126,0.0045960032572416
8127,0.001864010166391
8128,-0.000386991763893003
8129,-0.00196019418513359
8130,-0.00317766318944181
8131,-0.00447699828519411
8132,-0.00580323181075842
8133,-0.00656097529364016
8134,-0.00657723057022351
8135,-0.0069950290564678
8136,-0.00948149931613024
8137,-0.0141598427206775
8138,-0.0188375894366077
8139,-0.0209364295711202
8140,-0.0200411244791208
8141,-0.0179993638985827
8142,-0.0165987724202041
8143,-0.015821210992723
8144,-0.0145437504710316
8145,-0.0122560692745848
8146,-0.00952217533959216
8147,-0.00710768538442818
8148,-0.00528230777637716
8149,-0.00392127007936824
8150,-0.00278838187348241
8151,-0.00167310926505805
8152,-0.000642424628750592
8153,-0.00014800558413832
8154,-0.000375204905977702
8155,-0.00038531148024526
8156,0.00142202359520046
8157,0.00545175642215885
8158,0.00988861910382683
8159,0.0122091547659626
8160,0.011703895342463
8161,0.00997948498106873
8162,0.00893538256526415
8163,0.00881298718600333
8164,0.00845210849258317
8165,0.00692209259753546
8166,0.00439969256878175
8167,0.00170933398331362
8168,-0.000478843975546481
8169,-0.00202247704974581
8170,-0.00326409353042405
8171,-0.00462961312949997
8172,-0.0060166291823799
8173,-0.00674097074760099
8174,-0.00656524066916759
8175,-0.00669454092332368
8176,-0.00897527518658703
8177,-0.0136632501439429
8178,-0.0185128964502482
8179,-0.0207746304386078
8180,-0.0199454545878132
8181,-0.0179508194894124
8182,-0.0166849333981685
8183,-0.0160948339879542
8184,-0.014903635826492
8185,-0.0125147451647024
8186,-0.0095873600514753
8187,-0.00706217704274099
8188,-0.00527695650330252
8189,-0.00402080199165904
8190,-0.0029399866375248
8191,-0.00178995297919949
8192,-0.000666121205017838
8193,-4.01114330082827E-05
8194,-0.000122176602402388
8195,-5.91955557011833E-05
8196,0.00165380305702422
8197,0.00545977007352552
8198,0.00973982091727597
8199,0.0121351890524594
8200,0.0118742935677605
8201,0.0103327538359184
8202,0.00926329222702843
8203,0.00898361575158769
8204,0.00850677025573739
8205,0.00696683407515111
8206,0.00446148802127809
8207,0.00172309233258987
8208,-0.000571964669330579
8209,-0.002195649031171
8210,-0.00341787800982516
8211,-0.00467285456673821
8212,-0.00594468110908558
8213,-0.00664318668951282
8214,-0.00654143322110851
8215,-0.00675429544504966
8216,-0.0090322334103403
8217,-0.0136390912047387
8218,-0.0184261872413708
8219,-0.0207036951840642
8220,-0.0199180844978959
8221,-0.0179056367611024
8222,-0.0165490122928579
8223,-0.0158794451240616
8224,-0.0147126806180637
8225,-0.0124642341798786
8226,-0.00970891648827103
8227,-0.00727172701529472
8228,-0.00544984336111613
8229,-0.00412249288750394
8230,-0.00307140904815111
8231,-0.00206400569181243
8232,-0.00104584246918448
8233,-0.00036038681833622
8234,-0.000291631897433583
8235,-0.000165134418583553
8236,0.00150413710824861
8237,0.00533897319179588
8238,0.00982737073544092
8239,0.0124470826092959
8240,0.0121842294736827
8241,0.0104187962288722
8242,0.0091511602910054
8243,0.00886849999419911
8244,0.00849585191650643
8245,0.0070004502670629
8246,0.00446290646791955
8247,0.00171000755340626
8248,-0.000551261473787435
8249,-0.00214516671384374
8250,-0.00336229430384708
8251,-0.00460592449303191
8252,-0.00585812115293623
8253,-0.00655134346187922
8254,-0.00642111673404513
8255,-0.00651876854929841
8256,-0.0086571075283594
8257,-0.0132828742590843
8258,-0.0183124004447122
8259,-0.0208626081432615
8260,-0.0201406340712834
8261,-0.0179969392042175
8262,-0.0165406500644683
8263,-0.0159178489087071
8264,-0.014812342445358
8265,-0.012493743217723
8266,-0.00961212311037119
8267,-0.00717551982392945
8268,-0.00549122434582935
8269,-0.00424477000438575
8270,-0.00307871353998097
8271,-0.00186382115407013
8272,-0.000767170325732183
8273,-0.000214543503596971
8274,-0.000355450512793526
8275,-0.000327031214012787
8276,0.00140559671243964
8277,0.00535346599853531
8278,0.00987065704801775
8279,0.0124178972382798
8280,0.0120830207411929
8281,0.0103462554067972
8282,0.00920332320806855
8283,0.00905210619059697
8284,0.00874346410402444
8285,0.00724268999424084
8286,0.00467255301675773
8287,0.00189791566594246
8288,-0.000354736862222204
8289,-0.00191285548535167
8290,-0.00310491116877259
8291,-0.00439126999573337
8292,-0.00577097615957163
8293,-0.00661773437793034
8294,-0.0065796525855321
8295,-0.00667321503301253
8296,-0.00874464862018033
8297,-0.0132912574488177
8298,-0.0182611047500145
8299,-0.0207922035810052
8300,-0.0201019799949513
8301,-0.0180114457434368
8302,-0.0165691831532472
8303,-0.0159045560670708
8304,-0.0147720491404985
8305,-0.0125207715336412
8306,-0.00976898620786095
8307,-0.00739699629276677
8308,-0.00565013803583845
8309,-0.00431104540494752
8310,-0.0031485934346157
8311,-0.00198930980729927
8312,-0.000815847063401309
8313,-2.91149941268721E-06
8314,5.81282498961695E-05
8315,-7.27594441871966E-05
8316,0.00116713546242016
8317,0.00469458710796899
8318,0.00923262480402722
8319,0.0121746211360849
8320,0.0122031880491218
8321,0.0105174277050416
8322,0.00921162052735055
8323,0.00895187986921462
8324,0.00869066105786234
8325,0.00728598418004847
8326,0.0047527798881204
8327,0.00196604346529573
8328,-0.000302063936918884
8329,-0.0018764245589217
8330,-0.00307857128856611
8331,-0.00432265938719889
8332,-0.00560777114635354
8333,-0.00640971276303691
8334,-0.00645648917363533
8335,-0.00667327295650365
8336,-0.00873242510271984
8337,-0.0131255078142393
8338,-0.0180134909413253
8339,-0.0206993962446192
8340,-0.0202829716253238
8341,-0.0183198554836581
8342,-0.0167755714672668
8343,-0.015955772875686
8344,-0.0147912816723336
8345,-0.0125955649345926
8346,-0.00984918913329151
8347,-0.00741124430149487
8348,-0.00561502232272339
8349,-0.00426931556860358
8350,-0.00308418621996782
8351,-0.00189634999871041
8352,-0.000796836856553824
8353,-0.000173195054503667
8354,-0.000231343683721044
8355,-0.000245049484994223
8356,0.00124151951101344
8357,0.00487856183598371
8358,0.00932123358463004
8359,0.0121809413554277
8360,0.0123217774674978
8361,0.0108232372942411
8362,0.00953877970051751
8363,0.00912462674687796
8364,0.00876207095338875
8365,0.00744419318911959
8366,0.00505100465152372
8367,0.00226582912412928
8368,-0.00012278100243542
8369,-0.00177176435611688
8370,-0.00293533578945461
8371,-0.00412813137292645
8372,-0.00543640078101603
8373,-0.00628013041295882
8374,-0.00629287106213945
8375,-0.00642749229082935
8376,-0.00848088527640899
8377,-0.0129964559101162
8378,-0.0180365310375361
8379,-0.0207695880858663
8380,-0.0202838290000564
8381,-0.0182538716286693
8382,-0.0167473226645066
8383,-0.0160306047067555
8384,-0.0149025586019791
8385,-0.0126184561755132
8386,-0.00975898843392702
8387,-0.00733195257507963
8388,-0.00569121125206001
8389,-0.00450723301850537
8390,-0.00334551598577899
8391,-0.00203879156103812
8392,-0.000792176511004566
8393,-8.85272721647451E-05
8394,-0.000136142133482802
8395,-0.000168133574550103
8396,0.00127805965460942
8397,0.00482187016502979
8398,0.00910597066980668
8399,0.0117869599865042
8400,0.0118123316195349
8401,0.0103219466800652
8402,0.00915019750739099
8403,0.00885985558164902
8404,0.00854408403757604
8405,0.00719919923854144
8406,0.00479055365475412
8407,0.002065939734444
8408,-0.000222663879676586
8409,-0.0018284666364553
8410,-0.00305115467954575
8411,-0.00435399101300908
8412,-0.00573587287659698
8413,-0.00657199562675498
8414,-0.00650682276855042
8415,-0.0065251064479356
8416,-0.00845730862108726
8417,-0.0128869303605933
8418,-0.0179155437824504
8419,-0.0207174221191821
8420,-0.0203319829942095
8421,-0.0183579627590816
8422,-0.0168234960177314
8423,-0.0160341304605368
8424,-0.014871400043248
8425,-0.0126217211617404
8426,-0.00979179624747733
8427,-0.00728929702049759
8428,-0.00548508478155126
8429,-0.00420591946127194
8430,-0.00313909285663679
8431,-0.00203304088756697
8432,-0.000878391258826833
8433,-7.78983889342054E-05
8434,-5.60778864246929E-06
8435,-8.78154147871181E-05
8436,0.00119704151754956
8437,0.00473243762646861
8438,0.00928974732178072
8439,0.0123259433301571
8440,0.0124810480058873
8441,0.0108350427796318
8442,0.00945288094980995
8443,0.00911869066814545
8444,0.00889767252098466
8445,0.00760332558897645
8446,0.00511662170631338
8447,0.00227388405019968
8448,-5.80404790491989E-05
8449,-0.00162540971958822
8450,-0.00280265166705811
8451,-0.00411056005870327
8452,-0.00554916746205946
8453,-0.00645818568391125
8454,-0.00643163892427748
8455,-0.00641674140628283
8456,-0.00826291245850991
8457,-0.0126310667496016
8458,-0.0176792173530596
8459,-0.0205452539596098
8460,-0.0201888289021934
8461,-0.0182031313602063
8462,-0.0166990264242127
8463,-0.0160282418826862
8464,-0.0149990388487586
8465,-0.0127949197572197
8466,-0.00993063230993161
8467,-0.00741272266002582
8468,-0.00564786224705947
8469,-0.00437626914510789
8470,-0.00320800607450989
8471,-0.00195211454302694
8472,-0.000729761238513051
8473,2.77031160003103E-05
8474,4.90694866667401E-05
8475,-9.99784265111315E-06
8476,0.00131901260407789
8477,0.00481487774337353
8478,0.00924760901790037
8479,0.0121838225507062
8480,0.0123432745178653
8481,0.0107671936667314
8482,0.00943723413254306
8483,0.00912567214655896
8484,0.00894872156716694
8485,0.00772429522185239
8486,0.00525058745905191
8487,0.00229683866226101
8488,-0.000207404769071916
8489,-0.00185581259460311
8490,-0.0029493907465675
8491,-0.00411417034961952
8492,-0.00552915347851092
8493,-0.00658322301086219
8494,-0.00672176919871026
8495,-0.00669987579699659
8496,-0.00834064354454545
8497,-0.0124759981015372
8498,-0.0174575323834614
8499,-0.0204528514534012
8500,-0.020280656063452
8501,-0.0183785830312824
8502,-0.0168318742153174
8503,-0.0160936060943745
8504,-0.0150718507933052
8505,-0.0129333661911507
8506,-0.0100792370770295
8507,-0.00744938176679226
8508,-0.00554014491934463
8509,-0.0042623194765093
8510,-0.0032693109589203
8511,-0.00220055833598865
8512,-0.000978560614628657
8513,-6.46252720847329E-05
8514,2.41090809196923E-05
8515,-0.000210574896718325
8516,0.00085584688629368
8517,0.00428885162907625
8518,0.00891429953003391
8519,0.0120533532338351
8520,0.0121915752720986
8521,0.0104219241028082
8522,0.00895509829079079
8523,0.00866670970220413
8524,0.00857859940948766
8525,0.007422324109726
8526,0.00505130223700157
8527,0.00229522454645714
8528,-1.73097255824847E-05
8529,-0.00165077261954385
8530,-0.00291291191181475
8531,-0.00423643298710278
8532,-0.00563499932017556
8533,-0.00654646610194633
8534,-0.00659081900040216
8535,-0.00660477907753248
8536,-0.00833986497163724
8537,-0.0125397952627786
8538,-0.0175645125935537
8539,-0.0206357021032415
8540,-0.0205613634622414
8541,-0.0186980458602701
8542,-0.0170778854129876
8543,-0.0161954860623768
8544,-0.0150547964217556
8545,-0.0128845081510354
8546,-0.0100736656702667
8547,-0.00750350870980834
8548,-0.00561519948547215
8549,-0.00430081057032357
8550,-0.00323955376443656
8551,-0.00212275467617091
8552,-0.000912299958282591
8553,-6.07620006677613E-05
8554,-3.58463874438124E-05
8555,-0.000297539099727173
8556,0.000765839067185021
8557,0.00418163335113733
8558,0.00877519444167387
8559,0.011917744087028
8560,0.0121321562056555
8561,0.0104771260196897
8562,0.00908933114738284
8563,0.00881789925027195
8564,0.0087311295300019
8565,0.0076057238751933
8566,0.00526662819675971
8567,0.00247481220931122
8568,5.25254655687319E-05
8569,-0.00167673567152005
8570,-0.00293151481090918
8571,-0.00416447016268446
8572,-0.00550249383267048
8573,-0.00645544384254156
8574,-0.00658061691687221
8575,-0.00658644532757933
8576,-0.00818717708124787
8577,-0.0122300756708188
8578,-0.0171965916187044
8579,-0.020306253504942
8580,-0.0202667638942773
8581,-0.018389175923027
8582,-0.0167799580892035
8583,-0.0160119798473237
8584,-0.0150421799922328
8585,-0.0129728716170863
8586,-0.0101419713339832
8587,-0.00749941765322457
8588,-0.00556423270657321
8589,-0.00423083431268665
8590,-0.0031574754032847
8591,-0.00205731184772011
8592,-0.000902243677041801
8593,-6.74469881487535E-05
8594,7.34085371438056E-05
8595,2.17912826755145E-05
8596,0.00122690193003658
8597,0.00462358363087802
8598,0.0091315323036643
8599,0.0122702369583855
8600,0.0125662432737839
8601,0.0109486858742321
8602,0.00947665797607334
8603,0.00906080744514877
8604,0.00886406201737342
8605,0.0076789713310033
8606,0.00530151292965048
8607,0.00249766353644301
8608,0.00010791071048702
8609,-0.00157505157213722
8610,-0.00282121151059088
8611,-0.00407398804005435
8612,-0.00540300540391902
8613,-0.0063093082557107
8614,-0.00640818209297818
8615,-0.00643402538274108
8616,-0.00804469792422611
8617,-0.0120468924348476
8618,-0.0169904358461175
8619,-0.0201863577693535
8620,-0.0202929617769727
8621,-0.0184464607871741
8622,-0.0166711683700735
8623,-0.0156908137028917
8624,-0.0146994659546977
8625,-0.0128517232885415
8626,-0.0102905125989436
8627,-0.00774429050547946
8628,-0.00571172209317139
8629,-0.00424111472555274
8630,-0.00310968456068465
8631,-0.00200772978961008
8632,-0.000848256221211261
8633,-3.70157245443811E-05
8634,-1.53876726616032E-05
8635,-0.000243325433687136
8636,0.000866799815831849
8637,0.00431461331201932
8638,0.0089209976988728
8639,0.0120798517920019
8640,0.0123321742107372
8641,0.0107129943340877
8642,0.00930293782129203
8643,0.00893280473621963
8644,0.00874416873980667
8645,0.00762006047486106
8646,0.00539371747920375
8647,0.0027046321537658
8648,0.000264739102758534
8649,-0.00155912045568429
8650,-0.00285140996471706
8651,-0.00403181866030497
8652,-0.00533745229717082
8653,-0.00635083605639458
8654,-0.00653180519323139
8655,-0.00645650482269893
8656,-0.00789322317788709
8657,-0.0119016588350707
8658,-0.0170676744718758
8659,-0.02045934816826
8660,-0.0205464719381197
8661,-0.018574052720473
8662,-0.0167869719549995
8663,-0.0159199098775387
8664,-0.0149772562922774
8665,-0.0130157487612455
8666,-0.0103044269383145
8667,-0.00772336030075189
8668,-0.00574085854825883
8669,-0.00427300859275797
8670,-0.00307849976020983
8671,-0.00195940333019754
8672,-0.000881643253811777
8673,-0.000156700080007328
8674,-0.000131524139143017
8675,-0.000319553387182161
8676,0.00075377551871121
8677,0.00410888960351505
8678,0.0087146481419215
8679,0.0120234784956614
8680,0.0124366362107684
8681,0.0108252842322509
8682,0.0092983615873085
8683,0.00885767891401627
8684,0.00872150509517961
8685,0.0076713143353495
8686,0.00543010096462248
8687,0.00267234084267343
8688,0.000217241465521814
8689,-0.00154870535733249
8690,-0.00278604968068698
8691,-0.00396885993605295
8692,-0.00531698543761371
8693,-0.006377621418133
8694,-0.00658392645407115
8695,-0.00646906164519085
8696,-0.00777432874521753
8697,-0.0116305750920519
8698,-0.0167633090779714
8699,-0.0202845478867223
8700,-0.0205343166582414
8701,-0.0186012823269528
8702,-0.0167304568701702
8703,-0.0157830860980934
8704,-0.0148359884891275
8705,-0.0129024565821757
8706,-0.0102046633328991
8707,-0.00765216743769558
8708,-0.00574908338255266
8709,-0.00437471010679499
8710,-0.0032233829729885
8711,-0.00208725492589271
8712,-0.000964437511668134
8713,-0.000183123159088149
8714,-0.000101536450730095
8715,-0.00027794126610011
8716,0.000726531693549024
8717,0.00398634226237352
8718,0.00858301034554725
8719,0.0120065622538428
8720,0.0125679037404856
8721,0.0110280117488146
8722,0.0094851626974481
8723,0.00900890426623286
8724,0.0088619823422152
8725,0.00781859176488193
8726,0.00559328260852068
8727,0.00286926687247283
8728,0.000448374079141063
8729,-0.00133579345691244
8730,-0.00266507370185336
8731,-0.0039496704737781
8732,-0.00531036155160553
8733,-0.00626709887960494
8734,-0.00633835622981249
8735,-0.006179604982469
8736,-0.00757405570189733
8737,-0.0115704062795164
8738,-0.0167636318907081
8739,-0.0202157742252077
8740,-0.0203557966477039
8741,-0.0184199831007515
8742,-0.0167110965256434
8743,-0.0159912200225119
8744,-0.0151722970426355
8745,-0.0131940289166733
8746,-0.0103610901474521
8747,-0.00772745627568069
8748,-0.00585352795127752
8749,-0.00453413560523927
8750,-0.0033357729752785
8751,-0.00202132539641192
8752,-0.000695037883751574
8753,0.000180478002304511
8754,0.000216772274871093
8755,-5.48986486428352E-05
8756,0.000907116427528773
8757,0.00419303334015847
8758,0.00882108913232125
8759,0.0122216641226276
8760,0.0127074454742689
8761,0.0110934034043962
8762,0.00953959113203749
8763,0.00914392916172924
8764,0.00913958053182128
8765,0.00821953256332042
8766,0.00601846017683477
8767,0.00320834364249774
8768,0.000664930468542131
8769,-0.00117910292318331
8770,-0.00246188795945337
8771,-0.00363753971148339
8772,-0.00492410178005202
8773,-0.00592065754417785
8774,-0.00613714548297668
8775,-0.00611667529464524
8776,-0.00750906764337342
8777,-0.0113507712048671
8778,-0.016399492678336
8779,-0.0199087090422898
8780,-0.0202988143329386
8781,-0.0185611272200529
8782,-0.0167698044784182
8783,-0.0157521951282023
8784,-0.014730454917808
8785,-0.0128481033520519
8786,-0.0102704539289281
8787,-0.00775214218366197
8788,-0.00576927302568192
8789,-0.00433448365819022
8790,-0.00322704284544843
8791,-0.00213281728401541
8792,-0.000901478071664438
8793,9.2903089670207E-05
8794,0.000274863881956895
8795,-3.71263009745117E-05
8796,0.000717352640065224
8797,0.00382610518721585
8798,0.00844381530447145
8799,0.0119709646239656
8800,0.0126222707489867
8801,0.0111477883921698
8802,0.00966577907437002
8803,0.0092340733426644
8804,0.00909862013701921
8805,0.00804764443622048
8806,0.00580924493826643
8807,0.00304305761767167
8808,0.000533811559020298
8809,-0.00132959836708152
8810,-0.00263821822136886
8811,-0.00380292435257552
8812,-0.00508184524753822
8813,-0.00612935397586292
8814,-0.0064078044870474
8815,-0.00633925945168117
8816,-0.00755252211352593
8817,-0.0112434665005215
8818,-0.016343420059785
8819,-0.0200627205133835
8820,-0.0205814999053608
8821,-0.0187380987338275
8822,-0.0167373908369966
8823,-0.0156605434574389
8824,-0.014789635179198
8825,-0.0130751474136053
8826,-0.0104998805196514
8827,-0.00786025129005984
8828,-0.00579532498561596
8829,-0.00437058783438407
8830,-0.00328279297378646
8831,-0.00216295032358431
8832,-0.000905205271606179
8833,7.48775051450094E-05
8834,0.000233278476704309
8835,-8.15391368663353E-05
8836,0.000657903347694986
8837,0.00371879008681633
8838,0.00831791585191608
8839,0.0119154183611928
8840,0.0126671550426547
8841,0.0112072702904542
8842,0.00964763310994806
8843,0.00916550128683553
8844,0.00908604714621762
8845,0.00813768103755734
8846,0.00595313804517892
8847,0.00319057094447875
8848,0.000688494924228607
8849,-0.00117132897369847
8850,-0.00253665100178136
8851,-0.00380441483133277
8852,-0.00512283645965069
8853,-0.00606972238784929
8854,-0.00617006553139119
8855,-0.00598140930044099
8856,-0.00719161125003792
8857,-0.0109369747230116
8858,-0.0160694127427316
8859,-0.0197972105488171
8860,-0.0203562107077795
8861,-0.0186087753567741
8862,-0.016716622841591
8863,-0.0157048752673018
8864,-0.0148463785678505
8865,-0.0131189216512193
8866,-0.0105210401044707
8867,-0.00784622146620585
8868,-0.00574431109356196
8869,-0.00430973629999659
8870,-0.00324387500054234
8871,-0.00214263283387646
8872,-0.000877094570911794
8873,0.000100760415149608
8874,0.000190045111516472
8875,-0.000253897345457444
8876,0.000382010964582556
8877,0.00344976986559032
8878,0.00816741588364862
8879,0.0119074077228451
8880,0.0127170798520712
8881,0.0111844461976404
8882,0.00948037968710169
8883,0.00890266272718745
8884,0.00884635955923705
8885,0.0079860726246872
8886,0.00584430025553742
8887,0.00305450106119148
8888,0.00055321564943591
8889,-0.00118741974530418
8890,-0.00236988443506282
8891,-0.00355619868058872
8892,-0.00499526409659085
8893,-0.00618536478857496
8894,-0.00646091419417447
8895,-0.00626068708341902
8896,-0.0073397650264529
8897,-0.0110142101547408
8898,-0.0162316394037963
8899,-0.0201045791369395
8900,-0.0207041667333897
8901,-0.0188717177317247
8902,-0.0169124088238033
8903,-0.0159504848092345
8904,-0.0151760314815187
8905,-0.0134425952869447
8906,-0.0107823141016742
8907,-0.00811440433653981
8908,-0.00608050145622945
8909,-0.00463078483309417
8910,-0.00343935218404708
8911,-0.00228094267855962
8912,-0.00114890216205272
8913,-0.000343271337281013
8914,-0.000243428918009287
8915,-0.000546809824156621
8916,9.46016565172084E-05
8917,0.00296350083053683
8918,0.007546407677893
8919,0.0114643322619563
8920,0.0126425883054017
8921,0.0113279169712801
8922,0.0095512735906806
8923,0.00879300930178689
8924,0.00868032944285242
8925,0.00791880124818422
8926,0.00590014983620161
8927,0.00313219331728534
8928,0.000505862192613904
8929,-0.00146764664614949
8930,-0.00286438709177973
8931,-0.00409994359774443
8932,-0.00541042651602199
8933,-0.00646283701888328
8934,-0.00675580080018363
8935,-0.00667582448839355
8936,-0.00777508093874978
8937,-0.0112946057804633
8938,-0.0163419201055792
8939,-0.0202029842109042
8940,-0.0209000264022955
8941,-0.0190919418872597
8942,-0.017045091017704
8943,-0.0160388918513728
8944,-0.0153561763912944
8945,-0.0137060023482159
8946,-0.0109330198363184
8947,-0.00802735716505275
8948,-0.00591066453539175
8949,-0.00464847594205919
8950,-0.00368302090136695
8951,-0.0024972163071277
8952,-0.0011068565079995
8953,-9.4036513530225E-05
8954,9.42421097330413E-06
8955,-0.00035690563340995
8956,0.000304108512543113
8957,0.00317149946183388
8958,0.0075422092940861
8959,0.0111093452140478
8960,0.0121143588334917
8961,0.010966069731543
8962,0.00948420364492363
8963,0.00883937329234508
8964,0.00863508289785517
8965,0.0078118895592026
8966,0.00589680120002445
8967,0.00326952665542547
8968,0.000658486791988473
8969,-0.00137578150738258
8970,-0.00274203477428763
8971,-0.00383443113697075
8972,-0.00504334406145837
8973,-0.00613224786126908
8974,-0.00649704661171549
8975,-0.00637281163967074
8976,-0.00732122235242391
8977,-0.0107301206561561
8978,-0.0157977799634553
8979,-0.0197623541330469
8980,-0.0205607064184463
8981,-0.0188229160414657
8982,-0.0168196396781484
8983,-0.0158354164871206
8984,-0.0151947570350876
8985,-0.0136765198791123
8986,-0.0111048772404503
8987,-0.00830655460353526
8988,-0.00606756407253311
8989,-0.00455174938711092
8990,-0.00345547377950959
8991,-0.00236717162932627
8992,-0.00114203983359474
8993,-0.000173770353649231
8994,-2.08452827691448E-05
8995,-0.0003859621751457
8996,0.000227643737143783
8997,0.00313700774438898
8998,0.00766415903623085
8999,0.0113337505386183
9000,0.0122632885349556
9001,0.0109761030920054
9002,0.00948847701838889
9003,0.00897522768564843
9004,0.00886391715767069
9005,0.00800015375664978
9006,0.00601092559982126
9007,0.00339842665214849
9008,0.000864418480412806
9009,-0.00113640489686365
9010,-0.0025311524573079
9011,-0.00363813046577154
9012,-0.00480825603160904
9013,-0.00585433695331009
9014,-0.00622753195935802
9015,-0.00614979643594454
9016,-0.00713321094697123
9017,-0.0105495218334458
9018,-0.0156292727427402
9019,-0.0196512335609279
9020,-0.0205539833483819
9021,-0.0189085670339846
9022,-0.0168987092718039
9023,-0.0157854092413485
9024,-0.0149964772131349
9025,-0.013465080898468
9026,-0.0110465504662794
9027,-0.0084122317769919
9028,-0.00616829148445521
9029,-0.00448876053138729
9030,-0.00326490777683984
9031,-0.0022291468426636
9032,-0.00115625581976213
9033,-0.000248089168580825
9034,-1.41209509951214E-05
9035,-0.000311033888124584
9036,0.000221575048698277
9037,0.00299423938134322
9038,0.0075559140793691
9039,0.0114836592299227
9040,0.0126539129826093
9041,0.01131546749753
9042,0.00951307720971334
9043,0.00873495507058499
9044,0.00864274770559318
9045,0.00798178116498451
9046,0.00611047323333849
9047,0.00343838513258611
9048,0.000822359840917778
9049,-0.00113553363731778
9050,-0.00242964405203831
9051,-0.00355560964574471
9052,-0.00491389473627108
9053,-0.00618260953352303
9054,-0.00664928377028895
9055,-0.00649332380255138
9056,-0.00731266389680405
9057,-0.010611134651533
9058,-0.0157086172917662
9059,-0.0198665257244735
9060,-0.0209041400006973
9061,-0.0192785494950675
9062,-0.0171844449066692
9063,-0.01599688531519
9064,-0.0152110650642082
9065,-0.0137016113419576
9066,-0.01123865265724
9067,-0.00851583139933171
9068,-0.00625178738151739
9069,-0.00468643553029897
9070,-0.00364992340369699
9071,-0.002740759687228
9072,-0.00164099410414612
9073,-0.000582544940310603
9074,-0.000222162534109357
9075,-0.000560559084807504
9076,-0.000214404402902095
9077,0.00243040621058893
9078,0.00708778919379015
9079,0.011247707850803
9080,0.0125461029491366
9081,0.0111521669529779
9082,0.00928849961819821
9083,0.00860586179839147
9084,0.00866692135656387
9085,0.00800975962233571
9086,0.00599714814890148
9087,0.00324794298320923
9088,0.000707261917033573
9089,-0.00119270316937926
9090,-0.00260657247104815
9091,-0.00392093866817674
9092,-0.00530448661555346
9093,-0.0064062233026684
9094,-0.00670514201869983
9095,-0.00650316121101364
9096,-0.00730801165380033
9097,-0.010511486375663
9098,-0.0154966817421498
9099,-0.0196669004184258
9100,-0.0208457661084275
9101,-0.0193524400716051
9102,-0.0172860166782099
9103,-0.0160560460312303
9104,-0.0152258578051088
9105,-0.0136854937278713
9106,-0.011210223212515
9107,-0.00852969417607594
9108,-0.00635994637188432
9109,-0.00483772167637348
9110,-0.0036844248182222
9111,-0.00253777549351416
9112,-0.00125514084904379
9113,-0.000189748167681966
9114,6.04033577911705E-05
9115,-0.000368651363371993
9116,-6.27745376422007E-05
9117,0.00250715062831167
9118,0.00702759722662201
9119,0.0111154034346878
9120,0.012539648493862
9121,0.011398725895149
9122,0.0096747564890392
9123,0.00888981676678194
9124,0.00876336058228271
9125,0.00808652389788807
9126,0.00624448892873248
9127,0.0036170434331091
9128,0.000968066854734642
9129,-0.00115197322320603
9130,-0.00264135026971304
9131,-0.0038276880765917
9132,-0.00506676869750687
9133,-0.00616139681630118
9134,-0.00651816657355035
9135,-0.00628936249840426
9136,-0.00699382490453962
9137,-0.0101673865046923
9138,-0.0152419930407218
9139,-0.0195008617325688
9140,-0.0206596711241005
9141,-0.0190996868777967
9142,-0.0170620202012193
9143,-0.0159787979037596
9144,-0.0152802561666151
9145,-0.0137252087842221
9146,-0.0111033045478102
9147,-0.00828071350833776
9148,-0.00608953942514472
9149,-0.00465416977882525
9150,-0.00357867053089086
9151,-0.00240877905622688
9152,-0.00103778476583046
9153,6.57444470288959E-05
9154,0.000264561618815656
9155,-0.000208544873233578
9156,0.000153819476303995
9157,0.00280813644835507
9158,0.00726403036077009
9159,0.0110970283962822
9160,0.0122724970442847
9161,0.011124630998439
9162,0.00964545133788173
9163,0.0091294223177058
9164,0.00907471591447272
9165,0.00826304700959174
9166,0.00624599293418722
9167,0.00355908237085044
9168,0.00098729407552086
9169,-0.00100822583748482
9170,-0.00242367944213378
9171,-0.00362171268769929
9172,-0.00493423491670869
9173,-0.00612469485784156
9174,-0.00656430917624851
9175,-0.0063601956357116
9176,-0.00699003339753944
9177,-0.0100165331329015
9178,-0.0149900456084731
9179,-0.0193001271659301
9180,-0.0206220113833844
9181,-0.0191762441530481
9182,-0.0171137738520088
9183,-0.0159638493556411
9184,-0.0153169684563758
9185,-0.0139448124241135
9186,-0.0114801876091643
9187,-0.00864935199412988
9188,-0.00631777334287903
9189,-0.00476743675418977
9190,-0.00371566964913091
9191,-0.00267227915022432
9192,-0.00138560079033162
9193,-0.000206988880704185
9194,0.000188478143238442
9195,-0.000151222115909035
9196,0.000134054828205762
9197,0.00258672153643255
9198,0.00698538478607346
9199,0.0110559523788426
9200,0.0125880625589438
9201,0.0115889004155575
9202,0.00994061372936172
9203,0.00915157190208416
9204,0.00898434545936822
9205,0.00824954504379648
9206,0.00633578544021509
9207,0.00367068860719456
9208,0.00108384582680772
9209,-0.000892361464256189
9210,-0.00226651040674503
9211,-0.003445455979889
9212,-0.0047498946989763
9213,-0.00590281117191937
9214,-0.00628535700173576
9215,-0.00606554180328002
9216,-0.0067614110786918
9217,-0.00991649031991794
9218,-0.0150248243535577
9219,-0.0194173397088848
9220,-0.020734535376523
9221,-0.0192143875823677
9222,-0.0170775602760125
9223,-0.0159182664519799
9224,-0.0153313074550676
9225,-0.0140525659954078
9226,-0.0116914174968477
9227,-0.00895217674252438
9228,-0.00663802733860407
9229,-0.00498101910466057
9230,-0.00377164163392047
9231,-0.00268667098128898
9232,-0.00153277020212828
9233,-0.000507167418185565
9234,-0.000104999232639184
9235,-0.000318211395986862
9236,1.1207613983372E-05
9237,0.00235707294542027
9238,0.00666490585604681
9239,0.0108151778238882
9240,0.012510413645093
9241,0.0115585616188695
9242,0.00981696389018105
9243,0.00896519245910985
9244,0.00888080660484835
9245,0.00829206561856925
9246,0.00645020451413675
9247,0.00376303310350207
9248,0.00112613969728749
9249,-0.000894524810476761
9250,-0.00230498429669354
9251,-0.00347953055884142
9252,-0.00472060526698492
9253,-0.00582947090549537
9254,-0.00629127780634561
9255,-0.00623591704821035
9256,-0.00700797996213457
9257,-0.0100673382062724
9258,-0.0150501281821885
9259,-0.0194812707788493
9260,-0.0209841624581372
9261,-0.0195803183267407
9262,-0.017349173972796
9263,-0.0159870968560319
9264,-0.0152873382514614
9265,-0.014036262883318
9266,-0.0117248269076854
9267,-0.00896141777242524
9268,-0.00660008583706185
9269,-0.00497460316419727
9270,-0.00387046946857526
9271,-0.00285079907442178
9272,-0.00164530488626815
9273,-0.000506892134154158
9274,-4.99623959433098E-05
9275,-0.000309977383978274
9276,-5.38032401291343E-05
9277,0.00229345460204845
9278,0.00669044508848888
9279,0.0109319741420527
9280,0.012632078459315
9281,0.0116011186685427
9282,0.00977896643240575
9283,0.0089087321489195
9284,0.00884582494524072
9285,0.0082572040782053
9286,0.00639007232389021
9287,0.00371698740418361
9288,0.00116970206953129
9289,-0.000753284858509637
9290,-0.00217078443708195
9291,-0.00348962968019852
9292,-0.00492495449042784
9293,-0.00615560521367055
9294,-0.00660955833133604
9295,-0.00644576507299733
9296,-0.00707987549929184
9297,-0.0100342055662576
9298,-0.0149658614469837
9299,-0.0193778638161353
9300,-0.0208694931442774
9301,-0.0194809872099563
9302,-0.0173335562351538
9303,-0.0161148519945886
9304,-0.0155399451386475
9305,-0.0143262454899599
9306,-0.0119721751077464
9307,-0.00913031543156536
9308,-0.00666416252412065
9309,-0.0048995454916515
9310,-0.00365738542104162
9311,-0.00255506895910726
9312,-0.00131545393544165
9313,-0.000144477994270324
9314,0.000316012676087045
9315,-7.3050015296108E-05
9316,-8.74971816988367E-05
9317,0.00203010753177673
9318,0.00643699654029458
9319,0.0108958510518281
9320,0.0127868983987113
9321,0.0117684618953945
9322,0.00986743378684312
9323,0.00899107158234736
9324,0.00900777204648443
9325,0.00846688191777283
9326,0.0065627972433325
9327,0.00384642156114355
9328,0.00131810215739166
9329,-0.000577797720703727
9330,-0.00205102516583982
9331,-0.00348926003188346
9332,-0.00499163243821161
9333,-0.00617782631371125
9334,-0.00654605826710944
9335,-0.00634869666807121
9336,-0.00699305940768266
9337,-0.00992999530044865
9338,-0.0148250181755317
9339,-0.0192948972094858
9340,-0.021002760648746
9341,-0.0198706558400181
9342,-0.0178051185618878
9343,-0.0164000602709281
9344,-0.0154918800264324
9345,-0.0140147013437029
9346,-0.0116055990753279
9347,-0.00891128109296683
9348,-0.00668147988790231
9349,-0.00509292762764331
9350,-0.00387965865897511
9351,-0.00271179172617814
9352,-0.00145011606535011
9353,-0.000342742609388656
9354,0.000101565112768803
9355,-0.000131001514064231
9356,7.19127982570286E-05
9357,0.00220017508574021
9358,0.00633490103069835
9359,0.0105029239295046
9360,0.012394637113772
9361,0.0116503560370511
9362,0.00999120148598823
9363,0.00912384496137783
9364,0.00904089354534104
9365,0.0085226523472767
9366,0.00677558759780653
9367,0.00414497428490206
9368,0.00150015947413614
9369,-0.000588843012596746
9370,-0.00210314488147007
9371,-0.00337858969389223
9372,-0.00470364798695162
9373,-0.00590755411106817
9374,-0.00647298973331747
9375,-0.00642592053727385
9376,-0.00699803193083771
9377,-0.00972296833422459
9378,-0.0145107676003113
9379,-0.0190942939963973
9380,-0.0209962088238806
9381,-0.0199337729997065
9382,-0.0178024281373848
9383,-0.0163653656088136
9384,-0.0155566246618508
9385,-0.0141974320988708
9386,-0.011758636668276
9387,-0.00889517181379188
9388,-0.00652710952952322
9389,-0.00494532981552567
9390,-0.00382048540628864
9391,-0.00270115892714346
9392,-0.00143503062728208
9393,-0.00035199608457329
9394,1.00096180827777E-05
9395,-0.000283076168357838
9396,-4.02166862562859E-05
9397,0.00219310355207588
9398,0.00638643892814938
9399,0.0105091276508742
9400,0.0123004031563243
9401,0.0114835787235416
9402,0.00981296033570203
9403,0.00897549341418435
9404,0.00893645507418604
9405,0.00845878540646382
9406,0.00673229899904709
9407,0.0040943511090178
9408,0.00143457500126253
9409,-0.000646344290816424
9410,-0.00213077778315892
9411,-0.0033843429705124
9412,-0.00469453147329101
9413,-0.00583749885962521
9414,-0.00626567210076247
9415,-0.00607383492396623
9416,-0.00660890141560913
9417,-0.00942567551179703
9418,-0.0143211530494107
9419,-0.0189126570733983
9420,-0.0207412166549112
9421,-0.0196359826040727
9422,-0.0175444193672048
9423,-0.0161753752894591
9424,-0.0154147107514759
9425,-0.0141217503888435
9426,-0.0118105643473507
9427,-0.00907671522369015
9428,-0.00673712258349519
9429,-0.00509025483619497
9430,-0.00393196590394083
9431,-0.00287576769549648
9432,-0.00166628844374634
9433,-0.000499469216707394
9434,5.07652863444714E-05
9435,-0.000129321350574697
9436,5.72380199187619E-05
9437,0.00217822539044099
9438,0.00637834849501236
9439,0.0106506856271626
9440,0.0125936861741848
9441,0.0118018729188448
9442,0.0100419844423554
9443,0.00910811816883213
9444,0.00904061130923409
9445,0.00858712998194691
9446,0.00687220337541177
9447,0.00419222830373346
9448,0.00146309144072582
9449,-0.000642095403614853
9450,-0.00206555602152778
9451,-0.00323252344774431
9452,-0.0045575750899488
9453,-0.00587970149276158
9454,-0.00655184218874788
9455,-0.00647184332989656
9456,-0.00687477868200974
9457,-0.00940151492139462
9458,-0.0140566999118963
9459,-0.0186059565226438
9460,-0.0205746240350425
9461,-0.0196635143425856
9462,-0.0177033682565281
9463,-0.0163704771421064
9464,-0.0155800071205473
9465,-0.0142199737902373
9466,-0.0118024756255306
9467,-0.00891915309622787
9468,-0.00642742620485942
9469,-0.00470663617292913
9470,-0.00359906242585686
9471,-0.00266094189958621
9472,-0.0015145179947743
9473,-0.000300202863258901
9474,0.000325834245201967
9475,0.000126117891765002
9476,0.000191818672607778
9477,0.00221949180609289
9478,0.00646499754183149
9479,0.0108924008521763
9480,0.012986017398755
9481,0.012272767789964
9482,0.0105225497159284
9483,0.00952955925016916
9484,0.00931719942355833
9485,0.00867392979001133
9486,0.0068387911212152
9487,0.00418414459231738
9488,0.00157005843469377
9489,-0.000454216437100725
9490,-0.00188670084926504
9491,-0.00311097108063756
9492,-0.00448524210471064
9493,-0.00583041280082098
9494,-0.00649498377003369
9495,-0.0063751085339691
9496,-0.0067443195535545
9497,-0.00931327063089612
9498,-0.0140988463581076
9499,-0.0187779662444846
9500,-0.0207822946673773
9501,-0.0198295544514094
9502,-0.0178414140334368
9503,-0.0165177687531017
9504,-0.0156984168795257
9505,-0.0142336210699982
9506,-0.0117387482131514
9507,-0.00894520055589677
9508,-0.00669539600905794
9509,-0.00518111595779228
9510,-0.00408150935579973
9511,-0.0029839037232101
9512,-0.00167727992465937
9513,-0.000415050658653311
9514,0.000166582083588324
9515,-0.000106221006253317
9516,-0.000125897116729551
9517,0.00180306435305732
9518,0.0059762293334646
9519,0.010398371754873
9520,0.0125199936478439
9521,0.0117981428598921
9522,0.010017305447379
9523,0.00908171453245224
9524,0.00906972990115838
9525,0.00866371808601987
9526,0.00693839725988089
9527,0.00422287453153298
9528,0.00147231933439516
9529,-0.000664769185129976
9530,-0.00215642971171003
9531,-0.00337533529832338
9532,-0.00466449971644147
9533,-0.00589107702597195
9534,-0.00651434635483881
9535,-0.00646776454745175
9536,-0.00690359028057988
9537,-0.00939675212604954
9538,-0.0140146848765905
9539,-0.0186239629967333
9540,-0.0207301828719259
9541,-0.0199077802570457
9542,-0.0179177879130213
9543,-0.016497071737499
9544,-0.0156530131761786
9545,-0.0142993259783325
9546,-0.0119347028933925
9547,-0.00914890160527479
9548,-0.00677318739937272
9549,-0.00509964162151883
9550,-0.00390047618590838
9551,-0.00277840311160807
9552,-0.00147726181171713
9553,-0.000205142346574892
9554,0.000391739623566052
9555,7.93309233771659E-05
9556,-6.11589652011394E-05
9557,0.00174053994910697
9558,0.00588882861417657
9559,0.010388921427958
9560,0.0125727986984397
9561,0.0118265665922494
9562,0.0100243637989808
9563,0.0091952886189427
9564,0.00938188678574221
9565,0.00909679311565503
9566,0.00733342499627788
9567,0.00452633069879215
9568,0.0017589693284751
9569,-0.000347904256222612
9570,-0.00188475521224323
9571,-0.00324559255125701
9572,-0.00465406229560029
9573,-0.00587825298502905
9574,-0.00642046456828794
9575,-0.00632602349785873
9576,-0.00678444099721045
9577,-0.00931279606485534
9578,-0.01392494318039
9579,-0.0185035132706045
9580,-0.0206000600394737
9581,-0.0198002758238992
9582,-0.0178424836250417
9583,-0.0164538867466127
9584,-0.0156600437998948
9585,-0.0143856445935457
9586,-0.0121011393100549
9587,-0.00934680472661229
9588,-0.00692715776259312
9589,-0.0051534751715449
9590,-0.00385331138349048
9591,-0.0026950852806511
9592,-0.00145853477335729
9593,-0.000312876510675377
9594,0.000203509447451323
9595,-6.26824642976161E-05
9596,-7.65348096327476E-05
9597,0.00180313383970444
9598,0.00593929509093473
9599,0.0104544606217587
9600,0.0127919546993508
9601,0.0122442599453522
9602,0.0104563677644425
9603,0.00938082016436739
9604,0.00925893519976641
9605,0.00884890343515187
9606,0.00715782203567496
9607,0.00444247731088917
9608,0.00169089166423225
9609,-0.000386169122068529
9610,-0.00179421852909252
9611,-0.00301749327915738
9612,-0.00443472511436162
9613,-0.00581170614475208
9614,-0.00648061058138109
9615,-0.00635414720550461
9616,-0.00666614260753871
9617,-0.00907428592099708
9618,-0.0136718061658457
9619,-0.0183117018136126
9620,-0.0204690269584589
9621,-0.0196743492297332
9622,-0.017666306753062
9623,-0.0162366187397445
9624,-0.0155016128797599
9625,-0.0144095200345227
9626,-0.0123254902707378
9627,-0.00962848911805107
9628,-0.00707208379471531
9629,-0.0051056323076231
9630,-0.00376332914700365
9631,-0.00277539983676277
9632,-0.00176349189546561
9633,-0.000678824582315141
9634,-1.71628595423621E-05
9635,-0.000112648734721803
9636,-0.000130976458474358
9637,0.00157595738038
9638,0.00556708749063589
9639,0.0101094313887215
9640,0.012577633946493
9641,0.0120930385272208
9642,0.0102466601178919
9643,0.00909565928489268
9644,0.00898849707668503
9645,0.00867506024215925
9646,0.00708936584181687
9647,0.00444416372955006
9648,0.00171216365565523
9649,-0.000412265452861221
9650,-0.00191517834374551
9651,-0.00319709894831114
9652,-0.004573844497314
9653,-0.00586534653921386
9654,-0.00650572262519751
9655,-0.00639679149668507
9656,-0.00665542216488451
9657,-0.00891763626658704
9658,-0.0134435193184967
9659,-0.0182448827512659
9660,-0.0207143591741713
9661,-0.0201295252578576
9662,-0.018096811753814
9663,-0.0165195374029642
9664,-0.0156876333176632
9665,-0.0145829787742129
9666,-0.0124974244922917
9667,-0.0097817161343227
9668,-0.00722680958404127
9669,-0.00528236816962186
9670,-0.00392046023951676
9671,-0.00284942184635515
9672,-0.00177009367428879
9673,-0.000728818202610845
9674,-0.000214327109977459
9675,-0.000457479548756202
9676,-0.000536915538195148
9677,0.00119183847071005
9678,0.00523181468621434
9679,0.0098233813600718
9680,0.0123610136955906
9681,0.0119756880869352
9682,0.0102155609611411
9683,0.00908567145990906
9684,0.00895133018361371
9685,0.00864570085209933
9686,0.00714968108276895
9687,0.00461406949215193
9688,0.00190879095032307
9689,-0.000290889482600487
9690,-0.00189188096921066
9691,-0.00322352943017271
9692,-0.00460519050492807
9693,-0.0058815994235485
9694,-0.00647632384960077
9695,-0.00629150294402666
9696,-0.0065121439454681
9697,-0.00884281271069686
9698,-0.013494068376837
9699,-0.0183373018326387
9700,-0.0207098875108625
9701,-0.0200095247625719
9702,-0.0179987090895693
9703,-0.0165705588605875
9704,-0.0158393053485525
9705,-0.0146550664293495
9706,-0.0123856196427043
9707,-0.00959192794649624
9708,-0.00718623435951473
9709,-0.00551979505088415
9710,-0.00433844850146966
9711,-0.00320861707055166
9712,-0.00189509057917817
9713,-0.000633942575536433
9714,-4.49595851398156E-05
9715,-0.000335538063984818
9716,-0.000477881187001796
9717,0.00123397516168532
9718,0.0052841280710002
9719,0.00987762962161238
9720,0.0124096668748042
9721,0.0120300095716937
9722,0.0102890540751015
9723,0.00918198282053214
9724,0.00907103670948071
9725,0.00878290880728081
9726,0.0072721570028554
9727,0.00466686316069399
9728,0.0018657411382459
9729,-0.000372163024271526
9730,-0.00188896777233337
9731,-0.00305792192229492
9732,-0.00435120903026373
9733,-0.00574471690977455
9734,-0.00661269714739912
9735,-0.00662485704596061
9736,-0.00676583903527631
9737,-0.00880209967967877
9738,-0.0132309250601892
9739,-0.0181337305509027
9740,-0.0207596253127504
9741,-0.0202497339752839
9742,-0.0182494063809744
9743,-0.016764747006617
9744,-0.0160434883691295
9745,-0.0149033579560726
9746,-0.0125980222623676
9747,-0.00968664211329033
9748,-0.00720127530362161
9749,-0.00556682502334881
9750,-0.00446463359611666
9751,-0.00334916183189148
9752,-0.00194460409289466
9753,-0.000526262152707713
9754,0.000220784016168166
9755,2.28510014915346E-05
9756,-0.000143165175376614
9757,0.00143559473788939
9758,0.00532203617074039
9759,0.00981070198593006
9760,0.0123281754469722
9761,0.0120024746437997
9762,0.0103472133287905
9763,0.00930761029774132
9764,0.00918365951438065
9765,0.00879363676245858
9766,0.00719111721354193
9767,0.00462452361813086
9768,0.00197049968935678
9769,-0.000185037371437174
9770,-0.00179981614423386
9771,-0.00313918395733128
9772,-0.00446510307769768
9773,-0.00571584044260592
9774,-0.00646230156262014
9775,-0.00655482591963018
9776,-0.0069012343444043
9777,-0.00902549834682101
9778,-0.0133293494830477
9779,-0.0180675997271022
9780,-0.0206985626221568
9781,-0.0203294048757985
9782,-0.018382856306874
9783,-0.0167730750648916
9784,-0.0159329475935915
9785,-0.0148988198071184
9786,-0.0128597912299103
9787,-0.0100715956294144
9788,-0.00738706596108929
9789,-0.00539464782293759
9790,-0.00409027323919623
9791,-0.00305313426421789
9792,-0.00186017360405364
9793,-0.000578032944573587
9794,0.000173541744071077
9795,4.37393744712903E-05
9796,-8.99033638063922E-05
9797,0.00144779571835217
9798,0.00525635055267253
9799,0.00970948436737231
9800,0.0122879735329681
9801,0.0120895247309382
9802,0.0105410384675008
9803,0.00954418985714527
9804,0.00943720133980809
9805,0.00907575670487859
9806,0.00747726530648024
9807,0.00484315296970463
9808,0.00210028406005134
9809,-5.16884964134034E-05
9810,-0.00155168189030732
9811,-0.00280022752599935
9812,-0.0041953180258794
9813,-0.00562510256449605
9814,-0.00645022113061652
9815,-0.00638489932114833
9816,-0.00645154178589574
9817,-0.00844126756522256
9818,-0.0128921445561793
9819,-0.0179098120450698
9820,-0.0206794049942199
9821,-0.0202144562298741
9822,-0.0181080091604056
9823,-0.0164710890073904
9824,-0.0157151453906292
9825,-0.0147101911452036
9826,-0.0126074984148302
9827,-0.00981823148277697
9828,-0.00729976892246502
9829,-0.00551180329358198
9830,-0.00425574919264293
9831,-0.00312319428491528
9832,-0.00187656929414258
9833,-0.000658205764529794
9834,3.8104580359662E-05
9835,-4.04846029541465E-05
9836,-0.000114542305082095
9837,0.00137125469888977
9838,0.00510934458115026
9839,0.00966820091615096
9840,0.0125020386139603
9841,0.0124278622500111
9842,0.010694041319641
9843,0.00938683525038579
9844,0.00917963045742334
9845,0.0090062556577348
9846,0.00763475353431474
9847,0.00501543468675681
9848,0.0020957833989687
9849,-0.000219924030390501
9850,-0.00174163718415835
9851,-0.00290616459296614
9852,-0.00420025038634414
9853,-0.00555834125632341
9854,-0.00636543190765705
9855,-0.00635593366580035
9856,-0.00651164931679019
9857,-0.00850715223589834
9858,-0.01281272411935
9859,-0.0176438808082081
9860,-0.0203941623183475
9861,-0.0201387359504212
9862,-0.0182778807137675
9863,-0.0166806547272461
9864,-0.0157529559470671
9865,-0.0145945318426169
9866,-0.0125239638283679
9867,-0.00985317311757962
9868,-0.00733016293260312
9869,-0.00538765026328103
9870,-0.00400663136832107
9871,-0.00290597212720244
9872,-0.00176288068691004
9873,-0.000573451599886645
9874,0.00016132185156953
9875,6.67469914821639E-05
9876,-0.000110423633461681
9877,0.0012872123374037
9878,0.00502616765619576
9879,0.00962266072188285
9880,0.0124578635771529
9881,0.0123683752865433
9882,0.0106551259051082
9883,0.00938678834942835
9884,0.00919607221925348
9885,0.0090608711862015
9886,0.0078278540860726
9887,0.00540222446310781
9888,0.00256376505596593
9889,0.000131290827642895
9890,-0.00158763416291441
9891,-0.00285912434227422
9892,-0.00415604036894695
9893,-0.00552966910615608
9894,-0.00640768321439255
9895,-0.00642229075931634
9896,-0.00646964271976232
9897,-0.00830683078814027
9898,-0.0125749847872543
9899,-0.017544897072745
9900,-0.0204856659756808
9901,-0.0203124807798692
9902,-0.0183938942019578
9903,-0.0166951648565889
9904,-0.015715023301246
9905,-0.0145534373458014
9906,-0.0124819513074415
9907,-0.00980984592250369
9908,-0.00733360673121109
9909,-0.00550568760682457
9910,-0.00425130706310177
9911,-0.00320851691778113
9912,-0.00202179169535209
9913,-0.000712246390771899
9914,0.000165717435283797
9915,0.000162374285818658
9916,-5.8614655300462E-05
9917,0.00114460935855779
9918,0.00465590680011227
9919,0.00916700296256099
9920,0.0121204749589382
9921,0.0122402353544161
9922,0.0106743924301024
9923,0.00944655907321151
9924,0.00923213492991568
9925,0.00903405303901412
9926,0.00769928928629252
9927,0.0051821991892788
9928,0.00234592533777617
9929,1.32059978805476E-05
9930,-0.00161334199053215
9931,-0.0028897751037651
9932,-0.00425815480219762
9933,-0.00567703981967127
9934,-0.00654129661277611
9935,-0.00652063673349807
9936,-0.00653821853873
9937,-0.00834113654856346
9938,-0.0125724746374716
9939,-0.0175288611768628
9940,-0.0204799513294498
9941,-0.0203103615063054
9942,-0.0183938135529891
9943,-0.0167583644506163
9944,-0.0159301352898855
9945,-0.0149189650805666
9946,-0.0128595604993695
9947,-0.0100372616197157
9948,-0.00738146757316387
9949,-0.00549610164683557
9950,-0.00431756588843881
9951,-0.00335971077010203
9952,-0.00216260303414254
9953,-0.000784352704754874
9954,9.43646605004127E-05
9955,-2.51781696964154E-05
9956,-0.000366100138756952
9957,0.000875734124297032
9958,0.00459848423587764
9959,0.00931299762248609
9960,0.012265900142313
9961,0.0121810828698684
9962,0.0103953709004317
9963,0.00909836888791491
9964,0.00895640760255028
9965,0.00886212484832938
9966,0.00761565117902206
9967,0.00521067489821462
9968,0.00251450419948883
9969,0.000260246351453262
9970,-0.00143062447408691
9971,-0.00287000191771576
9972,-0.0043662473986481
9973,-0.00579183428708321
9974,-0.00656651264315111
9975,-0.00643661016284729
9976,-0.00638134233889219
9977,-0.00817583404783816
9978,-0.0124766485062503
9979,-0.0175648894402928
9980,-0.020654648083063
9981,-0.0205650175596707
9982,-0.0186355661391349
9983,-0.0169073103778985
9984,-0.0159718825768924
9985,-0.0149505480514577
9986,-0.0130597675147453
9987,-0.0105127935937299
9988,-0.00800877324528615
9989,-0.0059788076775417
9990,-0.00447039273869298
9991,-0.00330978422138258
9992,-0.00219527396048064
9993,-0.0009984066149403
9994,-0.00011634212096945
9995,-4.45266625869249E-05
9996,-0.000280806679594794
9997,0.000810278621289325
9998,0.0043059402381674
9999,0.00901929666064231
