T,AI2_filter1
0,1.31805876321408E-21
1,9.29591972053374E-07
2,1.35412975226099E-06
3,-2.97955458715738E-07
4,-1.68315884218593E-06
5,8.33125963396703E-07
6,5.05446376459137E-06
7,3.42920327429972E-06
8,-4.03460136242046E-06
9,-5.11548626278723E-06
10,5.80707731819208E-06
11,1.16033005111218E-05
12,-1.91835994653399E-06
13,-1.56794846012104E-05
14,-2.54440359310198E-06
15,2.12056954991636E-05
16,1.23701729856405E-05
17,-2.30331387524925E-05
18,-2.48762320229175E-05
19,2.10053692205267E-05
20,4.04305982648664E-05
21,-1.21152113496012E-05
22,-5.65949267896902E-05
23,-5.18053202847841E-06
24,7.04436985520209E-05
25,3.18554644498045E-05
26,-7.93238070884378E-05
27,-7.05513553845047E-05
28,7.5281075578426E-05
29,0.000116356523031821
30,-5.80284373239364E-05
31,-0.000173004100502116
32,1.76441728212649E-05
33,0.000238378688451305
34,5.0690726675331E-05
35,-0.000328332348617352
36,-0.000168672447759385
37,0.000511960896425993
38,0.000414252456787101
39,-0.00158260489872864
40,-0.00463846671261978
41,-0.00656570680330949
42,-0.00655938924083825
43,-0.00655153170141049
44,-0.00908370133427781
45,-0.0141364039656391
46,-0.0188971383400422
47,-0.0207427322238269
48,-0.0197241823948449
49,-0.0178155052314358
50,-0.0164218998567976
51,-0.0153305139360427
52,-0.0137612495293604
53,-0.0115562048272091
54,-0.00913696772103131
55,-0.00690743276812031
56,-0.0050810223064128
57,-0.00374082220857555
58,-0.00270720779104052
59,-0.00161065201605765
60,-0.000461836979594085
61,0.000136145206390588
62,-9.24576721891701E-05
63,-8.54060503827189E-05
64,0.00187350338244518
65,0.0060851084980308
66,0.0105519346583922
67,0.0127415241002019
68,0.0120848787853603
69,0.0102649398408647
70,0.00913254889317811
71,0.00888888392573134
72,0.00841769181536832
73,0.00684132616632911
74,0.0043349141218303
75,0.00169154670906736
76,-0.000454771525545074
77,-0.00200379057330559
78,-0.00329509363493993
79,-0.00465587967718405
80,-0.00589301303392277
81,-0.00642464169024348
82,-0.00626881197145221
83,-0.00671903282430741
84,-0.00936002095127299
85,-0.0141088234679659
86,-0.0187210679921513
87,-0.0207750561433868
88,-0.0199745805863313
89,-0.0180580001855568
90,-0.0166115972385842
91,-0.01559024414477
92,-0.0140558801389055
93,-0.0116911973800342
94,-0.00909221450022388
95,-0.00691112529128929
96,-0.00526432486328679
97,-0.00392605777699671
98,-0.00267778865705247
99,-0.00144174285746945
100,-0.000401886652488313
101,2.99362567887317E-05
102,-0.000186498083911912
103,-6.48079646795518E-05
104,0.00188366024495521
105,0.00597359372614531
106,0.0104546890118264
107,0.0128818531706371
108,0.0124472006178501
109,0.010581098224724
110,0.00919625527638721
111,0.00875746546101245
112,0.00826699349200906
113,0.00673847298653472
114,0.00423531171378859
115,0.00158085255722991
116,-0.000532457535580798
117,-0.0020463244378645
118,-0.00336765043982653
119,-0.00478349551352078
120,-0.00599456094032439
121,-0.00639839407032572
122,-0.00610237754296872
123,-0.00647958676974431
124,-0.00911554694826028
125,-0.0139081915678149
126,-0.0186141705356166
127,-0.0207698722835378
128,-0.0199692421050405
129,-0.0179009813559883
130,-0.0162834905486705
131,-0.0152772774217684
132,-0.0139643661849038
133,-0.0117904187949301
134,-0.00911556971235337
135,-0.0066533124827896
136,-0.00483262927250675
137,-0.00363080883525505
138,-0.00268073746602378
139,-0.00158207681325828
140,-0.00040456772948451
141,0.000232866439762695
142,4.2365642002354E-05
143,2.00435669953313E-05
144,0.00186140627415564
145,0.00598095508945446
146,0.01050270719933
147,0.0128393099204497
148,0.0122444326379872
149,0.0103398675969673
150,0.00911193889191435
151,0.00889922464279292
152,0.00853828902000883
153,0.0070019923067273
154,0.00442803131475882
155,0.00172403607911287
156,-0.000381637288579975
157,-0.00184381089956243
158,-0.00312324019439208
159,-0.00456844273092122
160,-0.00588404235458894
161,-0.00639522359277789
162,-0.00613766087302659
163,-0.00649114321838372
164,-0.00909389278047259
165,-0.0138582600845751
166,-0.0185193925285222
167,-0.0206334891489858
168,-0.0198589061424211
169,-0.0178914527332697
170,-0.0163525482282117
171,-0.0153092636792908
172,-0.0138863324090702
173,-0.0116789220361546
174,-0.00913772179763068
175,-0.00690286452116891
176,-0.0052346997318489
177,-0.0040020437733878
178,-0.00287297913575129
179,-0.00158010643580587
180,-0.000305202508856414
181,0.000323903959756325
182,9.39034802606992E-05
183,6.48161618904317E-05
184,0.0019231564052465
185,0.00603791269690868
186,0.0105254522393746
187,0.0128376256090194
188,0.0122547479930495
189,0.010380461809806
190,0.00917599815261709
191,0.00898476547612819
192,0.008652622285651
193,0.00712832832314298
194,0.00451180879883032
195,0.00171165733043092
196,-0.000496153905163608
197,-0.00201475412121197
198,-0.00328282367130297
199,-0.00465944474582156
200,-0.00588961875744105
201,-0.00635749837402721
202,-0.00612727764146326
203,-0.00652931513249637
204,-0.00911731041975366
205,-0.0138004530183239
206,-0.0184276355762557
207,-0.0206533708563948
208,-0.0200689910706911
209,-0.0181873548581607
210,-0.0165486007108312
211,-0.0153530686471129
212,-0.0139159469244072
213,-0.0118393647180487
214,-0.00937992846431812
215,-0.00701875337225285
216,-0.00509366008065858
217,-0.00370680829222855
218,-0.00265460556562984
219,-0.0015601235409715
220,-0.000399096465756571
221,0.000270798430509211
222,0.000115136936086929
223,4.80083696780375E-05
224,0.0017622965212547
225,0.00577704451696789
226,0.0103410371947862
227,0.0128910044364729
228,0.0125618493841083
229,0.0107990872919345
230,0.00950703016433967
231,0.00911779465012661
232,0.00865549522389288
233,0.00718958287299567
234,0.00476066071691928
235,0.00209113488682607
236,-0.000147213627794915
237,-0.00176338104998513
238,-0.00305254356160176
239,-0.00440267253781807
240,-0.00572277935082888
241,-0.00642186687903431
242,-0.0063436008928515
243,-0.00661725494758173
244,-0.0089032290731891
245,-0.013410962561202
246,-0.0181035366332779
247,-0.0204491622244308
248,-0.0198510598994919
249,-0.0178918692751922
250,-0.0162910588055889
251,-0.015238251991907
252,-0.0138661935985789
253,-0.0117138078849742
254,-0.00919252144595775
255,-0.00691074810551425
256,-0.005101598694988
257,-0.00368700733645509
258,-0.00248571211630239
259,-0.00132969114871007
260,-0.000304984435485943
261,0.000161698934253135
262,-7.17900256676606E-05
263,-7.06566605250996E-05
264,0.001718850179644
265,0.00570139885467078
266,0.0101327183587382
267,0.0125208648978871
268,0.0120675304173983
269,0.0102747295144232
270,0.00907926461965207
271,0.0088704623732359
272,0.00855968470861299
273,0.00713725875184606
274,0.00467627314585759
275,0.00198345763954433
276,-0.000248182410435777
277,-0.00187164017976889
278,-0.00318817330948328
279,-0.00451798668982615
280,-0.00572882258416199
281,-0.00630011472322486
282,-0.00618574224068947
283,-0.00652873202652329
284,-0.00889764279047709
285,-0.0134290387583469
286,-0.0181076373714341
287,-0.0204506086479801
288,-0.0198551470281906
289,-0.0178760444433212
290,-0.0162632313566824
291,-0.0152716402256611
292,-0.0140218978648079
293,-0.0119376355287133
294,-0.00934059654498586
295,-0.0069046286650758
296,-0.00503317355054188
297,-0.00373035024664224
298,-0.00269953257227535
299,-0.00157209682127326
300,-0.000371464030110926
301,0.000315426865462626
302,0.000119496731752284
303,-7.85098955851063E-05
304,0.00146106850085601
305,0.00538982940604163
306,0.0100309832058587
307,0.0127200729936454
308,0.0124136698019529
309,0.0105159252733704
310,0.00907948693687594
311,0.0086944651198035
312,0.00837164935539293
313,0.00703358224853781
314,0.00462563920454619
315,0.00191632786167604
316,-0.00032997919084354
317,-0.00191000129622665
318,-0.00317515620496794
319,-0.00453073706259294
320,-0.00583177088785162
321,-0.0064504826682119
322,-0.0062790490528431
323,-0.00651819262196104
324,-0.00882619293854018
325,-0.013361142926133
326,-0.0180899019860082
327,-0.0205395193442774
328,-0.0200998133210793
329,-0.0182182250779445
330,-0.0165065735678341
331,-0.0152369847418871
332,-0.0137423265711977
333,-0.0116442572679116
334,-0.00923551537998897
335,-0.00698125745150931
336,-0.00513010227749458
337,-0.00372090167897328
338,-0.00259689118943976
339,-0.00147917355466188
340,-0.000370182948682486
341,0.000227576968200601
342,1.78763657693367E-05
343,-0.000107741375752215
344,0.00153893923616007
345,0.00554830257823571
346,0.0102317246878449
347,0.0129575025309722
348,0.0126950106417523
349,0.0108058817349177
350,0.00929406193700773
351,0.00876716401748039
352,0.0083240060927513
353,0.00696920994948088
354,0.00464557174536194
355,0.00203481164344362
356,-0.000183822041329082
357,-0.00179968374618665
358,-0.00307835922407395
359,-0.0043787121743952
360,-0.00562483645016121
361,-0.00628646409676793
362,-0.00623394751516143
363,-0.00653794591413765
364,-0.0087959313998574
365,-0.0132664224381704
366,-0.0180357467159708
367,-0.0205969046719693
368,-0.0202089670073873
369,-0.0182881888683332
370,-0.016547536498522
371,-0.0153209617850898
372,-0.0138701956509147
373,-0.0117427742786873
374,-0.00928714461421294
375,-0.00707258452361964
376,-0.00533922339708886
377,-0.00401639190683674
378,-0.00288589295435523
379,-0.00170193811885812
380,-0.000503610298330192
381,0.000206315005569019
382,9.48482151799785E-05
383,-3.59178523969535E-05
384,0.00147409959326149
385,0.00531663532278595
386,0.00992221705208998
387,0.0126580125688995
388,0.0124140557984127
389,0.0105427330705831
390,0.00912726617136213
391,0.00880278886149231
392,0.00855428209498233
393,0.00722993771005079
394,0.00474107125902042
395,0.00190481222688539
396,-0.000421603074219531
397,-0.00197186335242742
398,-0.0031243785800186
399,-0.00439517032484847
400,-0.00572961373305837
401,-0.0064547988105351
402,-0.00631526267704089
403,-0.00644573729857513
404,-0.0086248017778427
405,-0.0131731614264728
406,-0.0180453355948035
407,-0.0205982189226263
408,-0.020133317195167
409,-0.0182110274496148
410,-0.0165846141260521
411,-0.0154844455460971
412,-0.0140748855842986
413,-0.0119179713269717
414,-0.00943223425331542
415,-0.00721627146865098
416,-0.00548729840638242
417,-0.00413939402853115
418,-0.00293313977356762
419,-0.00163961477045348
420,-0.00036524159406402
421,0.000325605803646708
422,0.000134194535705015
423,-2.72695832206629E-05
424,0.00153862391796766
425,0.00541261979632891
426,0.00990815201329996
427,0.0124559840850972
428,0.0121470587217848
429,0.0104284915773243
430,0.00924307491956915
431,0.00900716385682751
432,0.0086550666329695
433,0.00719173867455662
434,0.00469971878007758
435,0.00199428265142629
436,-0.000220635799902753
437,-0.00179641910878396
438,-0.00306337382923491
439,-0.00439572933489259
440,-0.00568511031814797
441,-0.00635371549561041
442,-0.00625120877187339
443,-0.00648111530436558
444,-0.00870486731837421
445,-0.0132093498150005
446,-0.0180351604385676
447,-0.0206071551052794
448,-0.0201856964571854
449,-0.0182699607996427
450,-0.0166361649816758
451,-0.0155669546460867
452,-0.0141992408333386
453,-0.0120203190716415
454,-0.00945256853829182
455,-0.00718472541856385
456,-0.005486214838074
457,-0.00420992020391723
458,-0.00306717905833632
459,-0.00183590569083381
460,-0.000629550989292683
461,2.45634525321544E-05
462,-0.000161034553380045
463,-0.000339430096340941
464,0.00114810032335326
465,0.00498593382568104
466,0.00963557905075722
467,0.012492999057686
468,0.0124037018761431
469,0.0106189299069196
470,0.00917138802522161
471,0.008760206608503
472,0.00848470004192893
473,0.00724077789230404
474,0.00488336895034696
475,0.00213483698475726
476,-0.00019554201917306
477,-0.00181166724960225
478,-0.00301979640306414
479,-0.00428802649654013
480,-0.00558368681087431
481,-0.00629616048739372
482,-0.00618594092460613
483,-0.00632631302618351
484,-0.00844764414691219
485,-0.0129360659965709
486,-0.0178659402744933
487,-0.0205940013552851
488,-0.0202611859245333
489,-0.0182994489019081
490,-0.0165455925438717
491,-0.01542389708725
492,-0.0141396789248817
493,-0.0120785347227799
494,-0.00949674648920135
495,-0.0070585057215822
496,-0.0051937164900882
497,-0.00390784493357603
498,-0.00287434470050654
499,-0.00170836962551182
500,-0.000450293690727854
501,0.00028368106277093
502,9.64543849031754E-05
503,-0.000157505861052319
504,0.00126960231560698
505,0.0051141658042335
506,0.00981998187655444
507,0.0127472159520637
508,0.0127098773094526
509,0.0109117113178984
510,0.00934059188919621
511,0.00872338171068883
512,0.00827783670993987
513,0.00701520280694069
514,0.00478796169857532
515,0.00219601836653537
516,-7.72677692178764E-05
517,-0.00175951215929538
518,-0.00308906670205534
519,-0.0044618195790115
520,-0.0058169542105436
521,-0.00653417569429014
522,-0.00636124338796172
523,-0.00638699887667696
524,-0.00840247925191297
525,-0.0128385917119633
526,-0.0177383720965889
527,-0.0204059483410955
528,-0.0200112669079389
529,-0.0180720202377289
530,-0.0164232770748647
531,-0.0153686087350414
532,-0.0140434787352522
533,-0.0119361012655964
534,-0.00943122585121113
535,-0.00713057997261899
536,-0.00527844534767617
537,-0.00385807298285078
538,-0.00274562518422763
539,-0.00169073561674378
540,-0.000581951738859623
541,0.00019030913191675
542,0.000184894554140732
543,-9.63194956253398E-06
544,0.00124986910672825
545,0.00490750246168862
546,0.00962462214192581
547,0.0126898482826705
548,0.0126979276550973
549,0.0108320246855857
550,0.00928332974590465
551,0.00888353558177451
552,0.00867531285077879
553,0.00743390245646443
554,0.00501185887571076
555,0.00221929499647218
556,-0.000108306099004367
557,-0.00173567611524487
558,-0.00300196231868782
559,-0.00432836319783416
560,-0.005638537363491
561,-0.00634668597637804
562,-0.00625323083153609
563,-0.00641688526596424
564,-0.00852543669336609
565,-0.0129595969536095
566,-0.0178246444447204
567,-0.0205036687002396
568,-0.0201559356407946
569,-0.0182357147638624
570,-0.016574610753759
571,-0.0155389356685522
572,-0.014279098763084
573,-0.012198991352744
574,-0.00961138537915051
575,-0.00717858068195624
576,-0.00527720846073278
577,-0.0039179455506972
578,-0.00285466997334626
579,-0.00172500339604459
580,-0.000468658215967626
581,0.000371393360392683
582,0.000290840810448273
583,-2.52719183247624E-05
584,0.00119724282612722
585,0.00492302248035218
586,0.00972835453787955
587,0.0128252502826894
588,0.012811618389909
589,0.0109217142929711
590,0.00937858345506986
591,0.00900092529159889
592,0.00879915546334071
593,0.00753751778925383
594,0.00509481990298705
595,0.00231626432221559
596,3.44777800526068E-05
597,-0.00155908616007362
598,-0.0028332386298575
599,-0.00418424134813191
600,-0.00549206297151406
601,-0.006165807907776
602,-0.00602605634273637
603,-0.00612180019339317
604,-0.00811967318343767
605,-0.0124510883040518
606,-0.01733850632302
607,-0.0202062196695869
608,-0.0200876582173885
609,-0.0182673733688214
610,-0.0165575988723056
611,-0.0154519168130136
612,-0.0141878221007556
613,-0.0121286321798383
614,-0.00954238300027494
615,-0.00714121088451557
616,-0.00533477608273165
617,-0.00402233764156753
618,-0.00282321573828236
619,-0.00145022244478135
620,-8.91965777146299E-05
621,0.000622367675435181
622,0.000393878139717082
623,0.000156262741285289
624,0.00160711729185801
625,0.00538571805959724
626,0.00992370365297529
627,0.0126798358263399
628,0.0125941059526609
629,0.0109238304907911
630,0.00959464724830454
631,0.00919583857983771
632,0.00884138457266884
633,0.00755725753102561
634,0.00528829353752297
635,0.00267704829197676
636,0.000361911920897428
637,-0.00140414876643023
638,-0.00276972784949776
639,-0.00404483699089264
640,-0.00525058871341804
641,-0.00595372787885854
642,-0.00593950661081943
643,-0.00610068034090906
644,-0.0080515422573732
645,-0.0123273118277581
646,-0.0172400575517031
647,-0.0201645056126222
648,-0.0200375096533657
649,-0.0181504689791059
650,-0.0164187040453597
651,-0.0154047496628672
652,-0.0143083470726331
653,-0.0123882343820129
654,-0.00981349377256765
655,-0.0072701107014726
656,-0.00527276284177893
657,-0.00391874457843024
658,-0.00292820913267242
659,-0.00185492107147153
660,-0.000591127494306607
661,0.00031714123443433
662,0.000335802765139391
663,9.73761710194999E-05
664,0.001305418820839
665,0.00489335096487088
666,0.00951822841449028
667,0.0125539857045443
668,0.0126813529580982
669,0.0110164000299474
670,0.00956618496490618
671,0.00908661883790404
672,0.00876868177491559
673,0.00757932064171031
674,0.00535403167638294
675,0.00269339520199744
676,0.000297408764211337
677,-0.00150223487022913
678,-0.00286660969115904
679,-0.00418314602966726
680,-0.00547329728355485
681,-0.00618117579735598
682,-0.00600374879858011
683,-0.00593594394743119
684,-0.00779291344110571
685,-0.0121650323801429
686,-0.0172127020734318
687,-0.0201645607355769
688,-0.020002889937873
689,-0.0181551723753757
690,-0.0165357155448899
691,-0.0155542280341272
692,-0.0143291716199834
693,-0.0122459428904888
694,-0.00965512473128843
695,-0.00724339301395156
696,-0.00535001042742225
697,-0.00395712007211306
698,-0.00287228197699345
699,-0.00179935362184905
700,-0.000628624103973001
701,0.000231225697890341
702,0.000305070592446408
703,0.000120093538239337
704,0.00128617070085765
705,0.00482127254833102
706,0.0095257467350535
707,0.0127324251138183
708,0.0129140541191009
709,0.0111002450831843
710,0.0094748854145755
711,0.00900065956940957
712,0.00882413064466271
713,0.0076943136285288
714,0.00536671008403406
715,0.00259101993947689
716,0.00021621771917855
717,-0.00145986940297926
718,-0.00271478128724067
719,-0.00397459833701995
720,-0.0052529160328309
721,-0.00603678360697146
722,-0.00604860237411651
723,-0.00616792564894019
724,-0.00804205142615119
725,-0.0122684902463061
726,-0.01720567993974
727,-0.0202129426462857
728,-0.020162000501349
729,-0.0182853585550482
730,-0.0164751727404262
731,-0.0153033364954957
732,-0.014028476385755
733,-0.0120270045355455
734,-0.00955553070539206
735,-0.00722279265820129
736,-0.00532784908412793
737,-0.00384830319308107
738,-0.00264325814517273
739,-0.00150360694005175
740,-0.000364783413048662
741,0.000397115121725467
742,0.000362065722966992
743,8.12325104001956E-05
744,0.0011818063209565
745,0.00472052953720948
746,0.00950841994685834
747,0.0128071052054529
748,0.012997209597121
749,0.0111164917703331
750,0.00946025151739558
751,0.00906313119768672
752,0.00900322650310471
753,0.00790601361370026
754,0.00551298327340638
755,0.00268561115198276
756,0.000350463297251437
757,-0.00127203655318113
758,-0.00259618911648782
759,-0.0040479197570662
760,-0.00547824874828572
761,-0.0062462741343352
762,-0.00614224294203722
763,-0.00620841084340242
764,-0.00812525122917473
765,-0.0123653942237479
766,-0.0172101663322808
767,-0.0201217735242823
768,-0.0201175057808121
769,-0.018417500521342
770,-0.0167705689142673
771,-0.0156633089873797
772,-0.0143879443602212
773,-0.0123551345489837
774,-0.00979747634714085
775,-0.00733799890211866
776,-0.00537512313527155
777,-0.00393896020360969
778,-0.0027880672870222
779,-0.00158897800820771
780,-0.000324187707620582
781,0.000455383271776873
782,0.000259538038195374
783,-0.000245699515312743
784,0.000696957163837469
785,0.00415391950064406
786,0.00891510479636427
787,0.0123032121930001
788,0.0127414481221507
789,0.0111275168786046
790,0.00952015483197926
791,0.00890647272236063
792,0.00860031275844408
793,0.00748466360251358
794,0.00528550635795292
795,0.00262565621516869
796,0.000280098517458275
797,-0.0014332865154375
798,-0.0027533760707989
799,-0.00409552546759408
800,-0.00545427873396313
801,-0.00626296424430903
802,-0.00620324575619434
803,-0.00618127356845392
804,-0.0079192687000729
805,-0.0120751511842134
806,-0.0170208124961976
807,-0.0200904421548289
808,-0.0201126638443531
809,-0.0182903863529059
810,-0.016533432469846
811,-0.0154619470488821
812,-0.0143372256913151
813,-0.0124570554890596
814,-0.0100019995202969
815,-0.0076099520729533
816,-0.00567551632820219
817,-0.00419914562176716
818,-0.00296067317222544
819,-0.00170467744970226
820,-0.00044253077530227
821,0.000356387552876058
822,0.00029425401854926
823,8.36164205884093E-07
824,0.00108506970831177
825,0.00451344017515226
826,0.00912535584859582
827,0.01236930836172
828,0.0127388803970152
829,0.0111223162976281
830,0.00956098246192304
831,0.00905147555333584
832,0.00889236535681104
833,0.00788866825572178
834,0.00568492558973934
835,0.00290990208624338
836,0.000433488092368334
837,-0.00134033280832785
838,-0.00265152258235892
839,-0.00397659943348246
840,-0.00534561699678282
841,-0.00616848872815922
842,-0.00609645834219845
843,-0.00605519818318125
844,-0.00781691654885794
845,-0.0120469430707543
846,-0.0170568522539944
847,-0.0201214422794498
848,-0.0200916240700847
849,-0.0182517851232532
850,-0.0165431969435376
851,-0.0155156815301319
852,-0.0143447216696614
853,-0.0123385212998815
854,-0.00976636669924041
855,-0.00731395423671758
856,-0.00534245280237417
857,-0.003831565240706
858,-0.00261860146950709
859,-0.00149406259252739
860,-0.000390149989378153
861,0.000363040962548612
862,0.000383578921852789
863,0.00015601386636313
864,0.00116874068317026
865,0.00445498905760993
866,0.0090234012142597
867,0.0123815483593385
868,0.0129131880919981
869,0.011368354775933
870,0.00974812126943878
871,0.00908743530511103
872,0.00873826761376859
873,0.00757371504986608
874,0.00532124923252172
875,0.00263294436914803
876,0.000288081191794354
877,-0.00142774537193993
878,-0.00276495853840914
879,-0.00411072466246797
880,-0.00544715577784892
881,-0.00623397969797677
882,-0.006157352522676
883,-0.0060755931942722
884,-0.00769583222718613
885,-0.0117716919090038
886,-0.0167988396240733
887,-0.0201018418909011
888,-0.020352680514355
889,-0.0186156159322503
890,-0.0168110454737027
891,-0.0156667933295634
892,-0.0145160196384332
893,-0.0126433978890818
894,-0.0101759909622147
895,-0.00771571549712135
896,-0.00568188172695537
897,-0.00417500628632333
898,-0.00307213142224117
899,-0.00206801890686041
900,-0.000963013940182744
901,-7.77118628041973E-05
902,6.18055473363001E-05
903,-0.000193547390352709
904,0.000702688333174528
905,0.00398932210820248
906,0.00877915549685682
907,0.0124304552154653
908,0.0130785651995752
909,0.0114101706261767
910,0.00961642514520829
911,0.00895308063114131
912,0.00878677121232917
913,0.007814026827112
914,0.00560472361780267
915,0.00282269609528331
916,0.000378066539037326
917,-0.00134793163275743
918,-0.00263411886756361
919,-0.00397392131670492
920,-0.0054163989728877
921,-0.00637448741411379
922,-0.00641249574315298
923,-0.00630811214641525
924,-0.00780520539593992
925,-0.0117671553233957
926,-0.0167602490225643
927,-0.0200887287705694
928,-0.0203685252611692
929,-0.0186458825077318
930,-0.0168585580063245
931,-0.0157323082535132
932,-0.0145684493588609
933,-0.0126435128335977
934,-0.0101327670907746
935,-0.00769207920540925
936,-0.00572752223704213
937,-0.0042655852138945
938,-0.00313591057687251
939,-0.00207003530112487
940,-0.000943918857975581
941,-0.000100631487385038
942,-1.16722765422793E-05
943,-0.000263512239998662
944,0.000684108435803821
945,0.00399650967373272
946,0.00872197626586458
947,0.0122365381966918
948,0.0127717963520969
949,0.0111037247243132
950,0.00941439984713583
951,0.00885492101645282
952,0.00869921650852281
953,0.00766050553221007
954,0.00540372752558255
955,0.00264201280708197
956,0.00023673580950805
957,-0.00149031791722026
958,-0.00278688931950746
959,-0.00406007673380909
960,-0.00534544507450156
961,-0.00615982020582138
962,-0.00618480055056258
963,-0.00620506319409763
964,-0.00785981488795841
965,-0.011902149943419
966,-0.0168748097194574
967,-0.0201457216251978
968,-0.0204085066316815
969,-0.0187257055472987
970,-0.0169800597986859
971,-0.0158388314785625
972,-0.014616144606826
973,-0.0126590532627189
974,-0.0101781425227474
975,-0.00778079704918064
976,-0.00580618749517809
977,-0.00428275310623328
978,-0.00308979382868963
979,-0.00196683214088668
980,-0.000749177252363541
981,0.000206873605078913
982,0.000314212962989022
983,-0.000113283299339074
984,0.000537713343372827
985,0.00365761619406563
986,0.00846231693592703
987,0.0122643818231348
988,0.0130580414147089
989,0.0114328885370942
990,0.00959282018386118
991,0.00886215971686864
992,0.00865815861273104
993,0.00769845274970661
994,0.00555977060755834
995,0.00287917598831831
996,0.000490163359535323
997,-0.00129085585833191
998,-0.0027008688643306
999,-0.00409651651505764
1000,-0.00544518349557627
1001,-0.00624623301577614
1002,-0.00623049193912001
1003,-0.00622249095045664
1004,-0.00783580178966674
1005,-0.0117902151730701
1006,-0.0166670710325149
1007,-0.0199075253220881
1008,-0.0202091087306825
1009,-0.0185666076727766
1010,-0.0168284719895267
1011,-0.0157004139867001
1012,-0.0145183670132688
1013,-0.0125779978604773
1014,-0.0100499313574839
1015,-0.00759491647016347
1016,-0.00562447855134321
1017,-0.00414319169009862
1018,-0.00295860340612601
1019,-0.00182594641785866
1020,-0.000653626379090623
1021,0.000247448771692417
1022,0.000455638260442699
1023,0.000306895858711748
1024,0.00114431136967244
1025,0.00407243931037784
1026,0.00840089715408717
1027,0.0118671754177299
1028,0.0127369311069823
1029,0.0114259023100709
1030,0.00979596063494883
1031,0.00909490571636962
1032,0.00892288641393408
1033,0.00806799968681381
1034,0.00592403577808895
1035,0.00299393533523899
1036,0.000297283860446346
1037,-0.00153883865187168
1038,-0.00271871643190886
1039,-0.00388532770131757
1040,-0.00523440512393253
1041,-0.00616415276678194
1042,-0.00615699079876517
1043,-0.00599292707306929
1044,-0.00748812824416419
1045,-0.0115294807037895
1046,-0.016625296028115
1047,-0.0200178101017934
1048,-0.0203175422586857
1049,-0.0186019190736555
1050,-0.0168312422794041
1051,-0.0157282318322459
1052,-0.014576912731009
1053,-0.0126454195097761
1054,-0.0101289173799101
1055,-0.00771091360144716
1056,-0.00577738447148383
1057,-0.00428043337438977
1058,-0.00300797397745296
1059,-0.00175746000088394
1060,-0.000512085978798579
1061,0.00036809525978922
1062,0.000483226767916873
1063,0.000264029232796022
1064,0.0011607678484342
1065,0.00429180578536568
1066,0.00883057445387808
1067,0.0123249744348654
1068,0.0129952700995869
1069,0.0114299467875634
1070,0.00970101137795733
1071,0.00906656533144845
1072,0.00895529307286248
1073,0.0080585801761589
1074,0.00588354974557791
1075,0.00307127835826925
1076,0.000572833015838322
1077,-0.00118844694814683
1078,-0.00248292098997898
1079,-0.00380847847471235
1080,-0.00522375621471131
1081,-0.00616510090392855
1082,-0.00620732358663245
1083,-0.00609102465562665
1084,-0.0075165517808961
1085,-0.0113819303859358
1086,-0.0163565180139554
1087,-0.0197931939993722
1088,-0.0202307022531319
1089,-0.0186027739052471
1090,-0.0168332455492175
1091,-0.0157324242409506
1092,-0.0146623778619689
1093,-0.0128566662494762
1094,-0.0103922458530997
1095,-0.00787452918783573
1096,-0.00575744285458491
1097,-0.00417672299549175
1098,-0.00303346904060107
1099,-0.00201193538339623
1100,-0.000858786125872448
1101,0.000133406080363844
1102,0.000358866822019544
1103,3.78866321301753E-05
1104,0.000710935178354262
1105,0.00379244514789119
1106,0.00856911285769453
1107,0.0123715017412963
1108,0.0131646118875159
1109,0.0115521029680223
1110,0.00979656563769141
1111,0.00921248473950304
1112,0.00910066226427824
1113,0.00808524228130057
1114,0.00579369277873835
1115,0.00298963370806266
1116,0.000560206195831227
1117,-0.00121325169661761
1118,-0.00259582234197549
1119,-0.00395007777008985
1120,-0.00529308489925721
1121,-0.00618197074279051
1122,-0.0062793978332526
1123,-0.00623613808395315
1124,-0.00762655343470779
1125,-0.0113949444626723
1126,-0.0163722719825871
1127,-0.0199413248128
1128,-0.0204775773785472
1129,-0.0187806551753547
1130,-0.0168491617632113
1131,-0.0156585365815785
1132,-0.0146060230587955
1133,-0.012831112395308
1134,-0.0103677223469597
1135,-0.00787755600245868
1136,-0.00582466652634173
1137,-0.00424469219659626
1138,-0.00298802464927327
1139,-0.00186331477040078
1140,-0.000768081783685809
1141,5.52882779426725E-05
1142,0.000196699769643353
1143,-6.56397364787633E-05
1144,0.000642245784009952
1145,0.00359927489354604
1146,0.00820686580443432
1147,0.0120032413314989
1148,0.0129462399936202
1149,0.0114201308092358
1150,0.009571421597769
1151,0.00886726564015317
1152,0.0088096204964274
1153,0.00799513644739058
1154,0.00585638054733211
1155,0.00307719018289714
1156,0.000660394802301868
1157,-0.00101783517372373
1158,-0.00231169976732845
1159,-0.0037197012742897
1160,-0.00522051702767213
1161,-0.00619208314614847
1162,-0.00621993878340108
1163,-0.00607972368028518
1164,-0.007492251403066
1165,-0.0113778054215695
1166,-0.0164367590769967
1167,-0.0200171091540414
1168,-0.0205836362323796
1169,-0.018971997601736
1170,-0.0170694607655423
1171,-0.0157475173692137
1172,-0.0144864871677524
1173,-0.0126179288323451
1174,-0.0102304059603426
1175,-0.00784017512626041
1176,-0.00577926373952717
1177,-0.00414690740696709
1178,-0.00293833939674355
1179,-0.00195233507237886
1180,-0.000915163541847951
1181,2.45677727320916E-05
1182,0.000331291369375282
1183,9.42369189132184E-05
1184,0.000672345312141475
1185,0.00351530526930946
1186,0.00817603991181663
1187,0.0121685808690077
1188,0.0132966164713141
1189,0.0118139440438004
1190,0.00986037213483102
1191,0.00900942215530412
1192,0.00888722168286645
1193,0.00812350280414296
1194,0.00606088907086722
1195,0.00326400458576591
1196,0.000716528879032021
1197,-0.00110807927505514
1198,-0.00246116801699664
1199,-0.00382963089752746
1200,-0.00525249868678883
1201,-0.00616495570822908
1202,-0.00617027251809332
1203,-0.00602491312910435
1204,-0.00740365150024871
1205,-0.0111926094130897
1206,-0.0161329939958413
1207,-0.0196804837303068
1208,-0.020357531408929
1209,-0.0189207134954858
1210,-0.0171252946125863
1211,-0.0158118723542964
1212,-0.0145412873750375
1213,-0.0127014781228785
1214,-0.0103517599960644
1215,-0.00798146128762241
1216,-0.00595497319188326
1217,-0.00437230763905117
1218,-0.00313119562797209
1219,-0.00195609082071869
1220,-0.000673458321035137
1221,0.000371665386160528
1222,0.000580167923068667
1223,0.00016402591041981
1224,0.000598819499582856
1225,0.00331063106339336
1226,0.00780863464239214
1227,0.0116953606368418
1228,0.012901112205891
1229,0.0116271495056613
1230,0.00979614473296508
1231,0.00886986947124791
1232,0.00862192784647329
1233,0.00788689408897373
1234,0.00598103754805815
1235,0.00324202743497196
1236,0.000545286247833023
1237,-0.00145969032479733
1238,-0.00279868665766256
1239,-0.00400125921774018
1240,-0.00536577982784014
1241,-0.00643251947286329
1242,-0.00658559135789252
1243,-0.00633692597497699
1244,-0.00746252478018868
1245,-0.0111967163664419
1246,-0.0164020055884875
1247,-0.0202274686712258
1248,-0.0208378612400283
1249,-0.0190467707605593
1250,-0.0170107499501239
1251,-0.0158133239926913
1252,-0.0148312739135177
1253,-0.0131185550457052
1254,-0.0106515372129356
1255,-0.0081111709755592
1256,-0.00604244726264275
1257,-0.00454819487620117
1258,-0.00344595260745642
1259,-0.00241678736286514
1260,-0.00125522273661236
1261,-0.000238628604211988
1262,7.54543524462545E-05
1263,-0.000159886791675491
1264,0.000425581974608314
1265,0.0032189766029981
1266,0.00776295804952835
1267,0.0116748155473397
1268,0.0128539929913034
1269,0.0115089374094572
1270,0.00965071285772958
1271,0.00881654464056731
1272,0.00872772372768179
1273,0.00807915809772643
1274,0.00612049515636604
1275,0.00327512515468529
1276,0.000554334237848937
1277,-0.00135714927203658
1278,-0.00257098487487276
1279,-0.00371792690898384
1280,-0.00512437292129478
1281,-0.00629282781704407
1282,-0.00655054898742528
1283,-0.00635670153129243
1284,-0.00745479849820137
1285,-0.0110996129974224
1286,-0.0162323276145438
1287,-0.0200783887008061
1288,-0.02080708574067
1289,-0.0191667431041628
1290,-0.0172425219107578
1291,-0.0160831991139924
1292,-0.0150642919919959
1293,-0.0132635208797673
1294,-0.0107100524771227
1295,-0.00814150563591017
1296,-0.00611187885108521
1297,-0.00466963677495613
1298,-0.00356646370842177
1299,-0.00246627333121304
1300,-0.00120497782238469
1301,-0.000129529341534372
1302,0.00014796750887981
1303,-0.000207354331971895
1304,0.000276844804750027
1305,0.00310480026475284
1306,0.00781043195934325
1307,0.0118485882496848
1308,0.0129778030359766
1309,0.011468959807392
1310,0.00952942125347019
1311,0.00876902783389715
1312,0.00876389670868245
1313,0.00805250636205331
1314,0.00593529478606191
1315,0.00301360205924584
1316,0.000351096525015458
1317,-0.00149556399004888
1318,-0.00273931173595561
1319,-0.00393520944229901
1320,-0.00528384665650048
1321,-0.00631108232030072
1322,-0.00648582718818725
1323,-0.00631739727460687
1324,-0.00743637722006546
1325,-0.0109947186621766
1326,-0.0160031585144707
1327,-0.0198402624332097
1328,-0.0206946321349108
1329,-0.0191637532394808
1330,-0.0172105527461597
1331,-0.0159498308641361
1332,-0.0149145501271604
1333,-0.0132205223804322
1334,-0.0107757672838249
1335,-0.00820347599198007
1336,-0.00607739186152277
1337,-0.00454137411069077
1338,-0.00340338227261697
1339,-0.00233835377173184
1340,-0.00119181306952388
1341,-0.000281312137315942
1342,-9.95596182211197E-05
1343,-0.000368001025650274
1344,0.000323347595596949
1345,0.00326320778669565
1346,0.00786777322215166
1347,0.0117271438672112
1348,0.0128148840754305
1349,0.0114216444590022
1350,0.00957643156068385
1351,0.00876848976774726
1352,0.0086586031489304
1353,0.00793945890104168
1354,0.00594233603885207
1355,0.00317493738610146
1356,0.000609053312690611
1357,-0.00123112151799992
1358,-0.00255335792703227
1359,-0.00386754150725545
1360,-0.00527750157024695
1361,-0.00623473089564183
1362,-0.00625897289792028
1363,-0.00600095771205318
1364,-0.0071575389088933
1365,-0.0107955138636058
1366,-0.0158185226431089
1367,-0.0196312018852193
1368,-0.0205364347706626
1369,-0.0191476485798379
1370,-0.0172868345733084
1371,-0.0159399393239996
1372,-0.0147030932108638
1373,-0.0128879396691256
1374,-0.0104926401129871
1375,-0.00801332554885399
1376,-0.00585182542376862
1377,-0.00416972024957619
1378,-0.00295997853302037
1379,-0.00198918610851504
1380,-0.000963889426405979
1381,-2.99113018139445E-05
1382,0.00025502613751774
1383,-7.66725215262605E-05
1384,0.000296395712283731
1385,0.00289769645295408
1386,0.00744983521449136
1387,0.0115697194813541
1388,0.0129704369232281
1389,0.0117084450241713
1390,0.00982986000579783
1391,0.00899603324021208
1392,0.00896761313567525
1393,0.00838478636671805
1394,0.00646621660029419
1395,0.00365928243317619
1396,0.000969759956614061
1397,-0.000977090585861242
1398,-0.00230861524672638
1399,-0.00357030577835252
1400,-0.00500025175470094
1401,-0.00611818542816215
1402,-0.00632158248911062
1403,-0.00606651626924594
1404,-0.00703631547106819
1405,-0.0105130078920502
1406,-0.015581351652854
1407,-0.0195520201082587
1408,-0.0204843449895979
1409,-0.0189425173642435
1410,-0.0169789538051967
1411,-0.0157742406960434
1412,-0.01479486087952
1413,-0.0130564644390582
1414,-0.0105012451029634
1415,-0.00789297621678719
1416,-0.00584755051597485
1417,-0.00437152004801186
1418,-0.00313518455899252
1419,-0.00186307008821016
1420,-0.000566912959178625
1421,0.00036062507536232
1422,0.000475775134863225
1423,7.81231572119868E-05
1424,0.000521086701631059
1425,0.00311448116144571
1426,0.0074670036674192
1427,0.0113570125618794
1428,0.0127049458001585
1429,0.01154717563567
1430,0.0097452187795888
1431,0.0088781710111035
1432,0.0088089005094771
1433,0.00828840518985513
1434,0.00650029136254951
1435,0.00377024757446796
1436,0.00104676723254985
1437,-0.000990493511578413
1438,-0.00237602014799363
1439,-0.00360871929171261
1440,-0.00494938205417045
1441,-0.00597829478106279
1442,-0.00613777611604301
1443,-0.00588234469466196
1444,-0.00686867365945641
1445,-0.0103721823316657
1446,-0.0154942849517943
1447,-0.0195399704648688
1448,-0.0205183166084088
1449,-0.0189457951492179
1450,-0.0168924980494231
1451,-0.0156205578571943
1452,-0.0146686308157449
1453,-0.0130388879654273
1454,-0.0105701194693717
1455,-0.00792365652116897
1456,-0.00573361873711538
1457,-0.00416088981959646
1458,-0.00301794303065957
1459,-0.00198429677203354
1460,-0.000860589185813669
1461,0.000111304709208618
1462,0.000415085752043645
1463,0.000162904074377317
1464,0.000637365378627714
1465,0.00324358738566602
1466,0.0076782926746935
1467,0.0116678832932764
1468,0.0130223890326704
1469,0.011766887841178
1470,0.00986473708211967
1471,0.00898180494569404
1472,0.00895730809246159
1473,0.00844584617759027
1474,0.00657213945688288
1475,0.00370949563865914
1476,0.000924812804428725
1477,-0.00103377670786534
1478,-0.00227341034666951
1479,-0.00344650705338067
1480,-0.00487696581833812
1481,-0.00604009272425535
1482,-0.00623574955933558
1483,-0.00591153714286011
1484,-0.00683960763864075
1485,-0.010369754995793
1486,-0.0155642324749138
1487,-0.0196721867863082
1488,-0.0207132726910927
1489,-0.0192187339302927
1490,-0.017199778026375
1491,-0.0158523277399921
1492,-0.0147667582720156
1493,-0.0130955982431653
1494,-0.0107594561457415
1495,-0.00832833839587227
1496,-0.00626063876431661
1497,-0.00463251378634023
1498,-0.00333484745679425
1499,-0.00219721791173399
1500,-0.00108785766069657
1501,-0.000171151196984198
1502,0.000161943550795238
1503,4.00407513540069E-05
1504,0.000628673596958273
1505,0.00323704588191587
1506,0.00762229445523633
1507,0.0116420340351305
1508,0.0131059633584863
1509,0.0118815036293199
1510,0.00982731926132101
1511,0.00872018774904292
1512,0.00861096009384299
1513,0.00822317307666226
1514,0.00654515091324515
1515,0.0037751577199312
1516,0.000933972676891331
1517,-0.00114528323026413
1518,-0.00246038390381909
1519,-0.00361923785209746
1520,-0.00498746330392339
1521,-0.00612278619291351
1522,-0.00635736410298079
1523,-0.00606923626926437
1524,-0.0069286601268253
1525,-0.0102834407124913
1526,-0.0153199410495243
1527,-0.0194104627816791
1528,-0.02057298693109
1529,-0.0192371622655077
1530,-0.0173272155262514
1531,-0.0160221977467282
1532,-0.0149319399025645
1533,-0.0132263474743763
1534,-0.0108423935383027
1535,-0.00837438461008014
1536,-0.00630725891504464
1537,-0.00473200065346137
1538,-0.00351950173565543
1539,-0.00243192101496797
1540,-0.00127291294500684
1541,-0.000240453671306565
1542,0.000135374182601759
1543,-0.000111344604637936
1544,0.000275705700271692
1545,0.0028000770830157
1546,0.00728965362795934
1547,0.0114806718239894
1548,0.0130497312529833
1549,0.0118773246690457
1550,0.0098954281551805
1551,0.00885209919211503
1552,0.00870425415629968
1553,0.0081901563357832
1554,0.00643575394186104
1555,0.00371499326021434
1556,0.000961814153915198
1557,-0.00110515949593523
1558,-0.00246889136094786
1559,-0.00364569928674877
1560,-0.0049846244645484
1561,-0.00610666646133494
1562,-0.00636281540535268
1563,-0.00607790638486493
1564,-0.00690982031957324
1565,-0.0102791932658366
1566,-0.0154079864959595
1567,-0.019574164209354
1568,-0.0206872566081856
1569,-0.0192271519566744
1570,-0.0172836339230605
1571,-0.0160901089155451
1572,-0.0151145547789911
1573,-0.013382344701047
1574,-0.0108826255037233
1575,-0.00836762540027306
1576,-0.0063330500003499
1577,-0.00470370659832371
1578,-0.0032727768827642
1579,-0.00199240530639448
1580,-0.000921211564265469
1581,-0.000236480926132322
1582,-0.000159635306981919
1583,-0.000410945927460763
1584,0.000191999905361458
1585,0.0029080418464359
1586,0.00745803446805338
1587,0.011662727953953
1588,0.0132745786718101
1589,0.0121322836452983
1590,0.0101258045801743
1591,0.00906040793696928
1592,0.00894985072609703
1593,0.00846819282916739
1594,0.00664354167184378
1595,0.00379047378422058
1596,0.000992621927013469
1597,-0.00098730012275984
1598,-0.00227223506695021
1599,-0.00351137508866661
1600,-0.00499399767753322
1601,-0.00617825882093343
1602,-0.00637418204041666
1603,-0.00601590934075027
1604,-0.00683311549567793
1605,-0.010183237250304
1606,-0.015230018640876
1607,-0.0193342638505939
1608,-0.0205208008919106
1609,-0.0192220955339774
1610,-0.017358269759026
1611,-0.0161184422083062
1612,-0.0151300043227834
1613,-0.0135417531390413
1614,-0.0112145786459457
1615,-0.00867791103125884
1616,-0.00644586482865666
1617,-0.00472055179184289
1618,-0.0034606592910796
1619,-0.00241521180665458
1620,-0.00130595183593686
1621,-0.000271515367189834
1622,0.000147439245568474
1623,-6.88239244219126E-05
1624,0.000293523071180362
1625,0.00274066229594596
1626,0.00714496556848719
1627,0.0112930296794682
1628,0.0128748455451449
1629,0.0117403215453971
1630,0.00978847035281383
1631,0.00876968481054244
1632,0.00866537856660953
1633,0.00821787358115482
1634,0.00652623674587123
1635,0.00383918613395863
1636,0.00109021635749016
1637,-0.000992173853629093
1638,-0.0023901909396917
1639,-0.00361840719788111
1640,-0.00500114596114891
1641,-0.00611979332815727
1642,-0.00630875368176275
1643,-0.00592405534379603
1644,-0.00668155612589522
1645,-0.0100394427458477
1646,-0.0152139456186887
1647,-0.0194545331150324
1648,-0.0206513253831123
1649,-0.0192745358122925
1650,-0.0173937494762929
1651,-0.016216774532765
1652,-0.0152156450194788
1653,-0.0134547391018413
1654,-0.0109473324211394
1655,-0.00842316177560874
1656,-0.00636111833010759
1657,-0.0047362027459909
1658,-0.00340297675291645
1659,-0.00225647340575504
1660,-0.00118225268695283
1661,-0.00026820659371752
1662,0.000107173829843678
1663,-5.87792135758286E-05
1664,0.00030803217389492
1665,0.00265422451088564
1666,0.00698583496451694
1667,0.0112312100867325
1668,0.0130205718066406
1669,0.0120098892171106
1670,0.0100128717366418
1671,0.00889116195731437
1672,0.00877258954859785
1673,0.00840017639027061
1674,0.00674905903688644
1675,0.00398193320673002
1676,0.00108299419393673
1677,-0.00109199784544833
1678,-0.00245039860129942
1679,-0.00354996774354074
1680,-0.00483616067582288
1681,-0.0059856356194923
1682,-0.00631461733848613
1683,-0.00604969950177245
1684,-0.00677952472657357
1685,-0.0099752798923662
1686,-0.0150164549968876
1687,-0.019299165498187
1688,-0.020668066930928
1689,-0.019396858579678
1690,-0.0174433509664917
1691,-0.0161261425692989
1692,-0.0150960349757906
1693,-0.0134185807668771
1694,-0.0109390536526438
1695,-0.00830433181246981
1696,-0.00612350787162704
1697,-0.00452301898450606
1698,-0.00330206377387391
1699,-0.00217213511814475
1700,-0.000974053058978967
1701,5.12560063845748E-05
1702,0.000397340169461952
1703,0.000120245705525017
1704,0.000420159892676254
1705,0.00275377153444441
1706,0.00705538598052094
1707,0.0112603866485321
1708,0.0130891377263436
1709,0.0122112507478831
1710,0.0103147397628363
1711,0.00913969530767481
1712,0.00884647334603111
1713,0.00832367133895558
1714,0.00664590629329087
1715,0.0039532927015808
1716,0.00114618996395104
1717,-0.000972331259213969
1718,-0.00230603916415308
1719,-0.00339472819743941
1720,-0.00469139223846119
1721,-0.0058879874559307
1722,-0.00626646297882613
1723,-0.0059692831059882
1724,-0.00655345995608139
1725,-0.00959848514990038
1726,-0.0146448544427225
1727,-0.0191034622833247
1728,-0.0206405634876063
1729,-0.0193611614097949
1730,-0.017266781886392
1731,-0.0158632027471306
1732,-0.0148948941804335
1733,-0.0133467983570087
1734,-0.0109604604016217
1735,-0.00838710176851113
1736,-0.00628361385435361
1737,-0.00475068930447127
1738,-0.00351425857238764
1739,-0.00228027630027294
1740,-0.000976014547897381
1741,6.99849286336876E-05
1742,0.000337837759772567
1743,-5.94466655278776E-05
1744,0.000167129125490438
1745,0.00254977543445573
1746,0.00702235317276004
1747,0.011413791394722
1748,0.0133122649801208
1749,0.0123668923877737
1750,0.0103828588624804
1751,0.00922012936722502
1752,0.00902783989247234
1753,0.00858714995190081
1754,0.00691315110769731
1755,0.0041924214521331
1756,0.00139324459541583
1757,-0.000686282250293169
1758,-0.00200640591232399
1759,-0.00312819191872042
1760,-0.00446941871329734
1761,-0.00569241863843655
1762,-0.00609470280953531
1763,-0.00583368875818401
1764,-0.00642964693251411
1765,-0.0094179625778673
1766,-0.0143805770757226
1767,-0.0188449284716016
1768,-0.020527566190061
1769,-0.019426054275112
1770,-0.0173840995505868
1771,-0.0158885269049918
1772,-0.0148234225145518
1773,-0.0132863839694912
1774,-0.0109625597131004
1775,-0.00836781423994144
1776,-0.00613474188949419
1777,-0.00447822944106913
1778,-0.00322153117976131
1779,-0.00204225815088658
1780,-0.000786415513141299
1781,0.000228536692444103
1782,0.000430627647973704
1783,-7.80653602546121E-05
1784,5.54023813630321E-05
1785,0.00242042426353794
1786,0.00693382922099621
1787,0.0113728297992295
1788,0.0133120894168713
1789,0.0124183195762088
1790,0.0104821014700753
1791,0.00931332966624774
1792,0.00905345117692941
1793,0.00855790238375267
1794,0.00692172871188155
1795,0.00431647502697053
1796,0.00161210332524929
1797,-0.000466558646792414
1798,-0.00186651026231908
1799,-0.00309513561536834
1800,-0.0045331440988562
1801,-0.0058157921416692
1802,-0.00621299131716303
1803,-0.00590191555527644
1804,-0.00649315016467336
1805,-0.00958596955056018
1806,-0.0146815390860478
1807,-0.019138722992694
1808,-0.0206260670476097
1809,-0.0193030736399069
1810,-0.0172097113797838
1811,-0.0158383557881888
1812,-0.0149074902203846
1813,-0.0133999734099088
1814,-0.0110509826739807
1815,-0.0084668901168904
1816,-0.006264792155794
1817,-0.00459061800365353
1818,-0.00329120028389861
1819,-0.00214677578563559
1820,-0.00101037233624394
1821,-3.91805902425777E-05
1822,0.000345740809290257
1823,0.000171496185516194
1824,0.000522509797743775
1825,0.00279042442169534
1826,0.00695588950562437
1827,0.0110397820601295
1828,0.0128126044135123
1829,0.0119670576145118
1830,0.0101983374659956
1831,0.00919969393232174
1832,0.00903271731431008
1833,0.00854114535473961
1834,0.00688135313444014
1835,0.00430057423630219
1836,0.00166976458594291
1837,-0.000359896387764845
1838,-0.00177620532820071
1839,-0.00303318945959852
1840,-0.00445246727666402
1841,-0.00570792990719798
1842,-0.00614666636027749
1843,-0.00591699053643989
1844,-0.00650246081908337
1845,-0.009455094352513
1846,-0.0144001153641912
1847,-0.0188504662780451
1848,-0.0204773383544779
1849,-0.0193129645365565
1850,-0.0173015523292554
1851,-0.0159398680062931
1852,-0.0149807123652872
1853,-0.0134223051011481
1854,-0.0110307976235645
1855,-0.00846483145995279
1856,-0.00634331918673542
1857,-0.00473619875545831
1858,-0.00342644623266368
1859,-0.00222106670350704
1860,-0.00103609792071045
1861,-3.64441976341777E-05
1862,0.000380585080243113
1863,0.000209550234412126
1864,0.000471969482486763
1865,0.00260035360526893
1866,0.00674617907160228
1867,0.0110495481286006
1868,0.013166350009346
1869,0.0125135665257648
1870,0.0106277077439921
1871,0.00932874175740333
1872,0.00895522138043472
1873,0.00849287762909212
1874,0.00698621273340259
1875,0.0044720710752811
1876,0.00174446262475009
1877,-0.000439073245659569
1878,-0.00192803025976614
1879,-0.00315068910310752
1880,-0.00449330103597465
1881,-0.00567336027429591
1882,-0.00602902471239041
1883,-0.00571369854808245
1884,-0.00626018535938723
1885,-0.0092480021494302
1886,-0.0142530112738256
1887,-0.0187171163752281
1888,-0.0203125807746772
1889,-0.0191408069991074
1890,-0.0171907899201126
1891,-0.0159298372277289
1892,-0.0150559202509545
1893,-0.0135450979259823
1894,-0.0111642000813558
1895,-0.00856433209704141
1896,-0.00636807313049538
1897,-0.00469554303554623
1898,-0.00339258611964247
1899,-0.00226139851853516
1900,-0.00113231847157541
1901,-9.68627046105837E-05
1902,0.000420672729930585
1903,0.000323203044356891
1904,0.00058956791995468
1905,0.00269788936250877
1906,0.00685156234252351
1907,0.0111719298765239
1908,0.0132695226320101
1909,0.0125872224344963
1910,0.0107468532502821
1911,0.00958371124304229
1912,0.00931464992899681
1913,0.00878524409101383
1914,0.00705454381291129
1915,0.0043330454366356
1916,0.00156637589811634
1917,-0.000505040073101585
1918,-0.00186684655270697
1919,-0.00304851916647885
1920,-0.00443672201347202
1921,-0.0057019468412778
1922,-0.00614132398503216
1923,-0.00586608777356577
1924,-0.00636733819607804
1925,-0.00923689320333387
1926,-0.0141446909643548
1927,-0.0186322658187576
1928,-0.0203651277799813
1929,-0.0193265621056554
1930,-0.0173935424240262
1931,-0.0160327942529398
1932,-0.0150295058078387
1933,-0.0134316229545712
1934,-0.0110127753841092
1935,-0.00841206853763815
1936,-0.00626915814831682
1937,-0.00471476471888509
1938,-0.00353449207716574
1939,-0.00242934827483404
1940,-0.00121509083213358
1941,-0.00011334492520614
1942,0.00030808950113715
1943,-1.59715786570176E-05
1944,9.56429158447397E-05
1945,0.00226601734083068
1946,0.00661075960485846
1947,0.011037417502682
1948,0.013069951298052
1949,0.0122641999091465
1950,0.0103783655817942
1951,0.00924896448456392
1952,0.00902099495664383
1953,0.00853872176982381
1954,0.00692007108766615
1955,0.00436288059031723
1956,0.0017075941365071
1957,-0.000369341383419365
1958,-0.00179547379446532
1959,-0.00301842954483465
1960,-0.00443785388645156
1961,-0.00578347576899684
1962,-0.0063250217119836
1963,-0.00606721929048388
1964,-0.00647039783931133
1965,-0.00924188494931324
1966,-0.0141784716428344
1967,-0.0187978716623596
1968,-0.0206240799506741
1969,-0.0195608794994389
1970,-0.0175550806398099
1971,-0.0161859010963072
1972,-0.0152512145523785
1973,-0.0137101535750983
1974,-0.0112605930761876
1975,-0.00855463917597961
1976,-0.00630278270821695
1977,-0.00469527763718092
1978,-0.00353186716463744
1979,-0.00248072245010125
1980,-0.00129260468080922
1981,-0.000141870011875237
1982,0.000366031960869243
1983,4.80264665965186E-05
1984,7.96021037335605E-06
1985,0.00195204750619302
1986,0.00619071464087755
1987,0.010739467124149
1988,0.0130191112027853
1989,0.0123767497101235
1990,0.0104679633056324
1991,0.00921077809460787
1992,0.00890124699523187
1993,0.00845837989172832
1994,0.00696117069634722
1995,0.00450877429487471
1996,0.00185071390622859
1997,-0.000357307993412736
1998,-0.00195590597705694
1999,-0.00324936366910951
2000,-0.00457716615506304
2001,-0.00577133390903576
2002,-0.00625980725521017
2003,-0.00607397063567332
2004,-0.00653815070454093
2005,-0.00923337242055231
2006,-0.0139947328296849
2007,-0.0184896164028597
2008,-0.0203314663837929
2009,-0.0193841742227176
2010,-0.0175028070748002
2011,-0.0162076259546531
2012,-0.0152763134911376
2013,-0.0136776620610266
2014,-0.011169436414833
2015,-0.00848842341501188
2016,-0.00634979890208763
2017,-0.0048202146530341
2018,-0.00357878792252361
2019,-0.00235344262272178
2020,-0.00109450987011129
2021,-5.82398024806973E-05
2022,0.000322456752431216
2023,8.10010403475272E-05
2024,0.000271225835194833
2025,0.00230348506830886
2026,0.00630952288715167
2027,0.0104820006114298
2028,0.0125683846732558
2029,0.0120138912389293
2030,0.0102832187970111
2031,0.00910455888417831
2032,0.00879550304190299
2033,0.00838565762380236
2034,0.00694764011560783
2035,0.00449159854686112
2036,0.0017772040946235
2037,-0.000421315229604627
2038,-0.00190279219716821
2039,-0.00309157355820401
2040,-0.00444965649649911
2041,-0.00576220984837695
2042,-0.00630147100296366
2043,-0.00603200467512809
2044,-0.00636634602869882
2045,-0.00900754575350556
2046,-0.01382315498672
2047,-0.0184280816021775
2048,-0.0203687281892255
2049,-0.019463405167905
2050,-0.0175497587785517
2051,-0.0161740563380645
2052,-0.0151862496132843
2053,-0.0136237184638032
2054,-0.011239232921646
2055,-0.00868135755225722
2056,-0.00657068130160357
2057,-0.00496337159158093
2058,-0.00362070924326062
2059,-0.00235468661202719
2060,-0.00111155416093899
2061,-7.59497224668351E-05
2062,0.000347669649904354
2063,0.000127254003298679
2064,0.000249294264955712
2065,0.00217058369062606
2066,0.00615096281699659
2067,0.0104388609020873
2068,0.0126923184396936
2069,0.012224444539433
2070,0.0104634638851431
2071,0.00920719697254668
2072,0.00885954661920861
2073,0.00848748225029829
2074,0.00714265435123659
2075,0.00476235759481866
2076,0.00201559910512599
2077,-0.000342058946343796
2078,-0.00200130511595975
2079,-0.00324230512008938
2080,-0.00451213938581106
2081,-0.00573294016904625
2082,-0.00629708781514711
2083,-0.00612920368758031
2084,-0.00651178345508286
2085,-0.0091036444748612
2086,-0.0138560921115122
2087,-0.0184694712985797
2088,-0.0204713634358794
2089,-0.0196043863565988
2090,-0.0176854655917955
2091,-0.0163190184614018
2092,-0.0154053060793731
2093,-0.0139418162952102
2094,-0.0115788282466537
2095,-0.0089206533790584
2096,-0.00668294750001123
2097,-0.00507829781412968
2098,-0.00390105833593475
2099,-0.00279871106969937
2100,-0.0015193321175395
2101,-0.000251675311897253
2102,0.000382317756953267
2103,0.00016866684004729
2104,0.000152926340736479
2105,0.00199827565699992
2106,0.0060587140211597
2107,0.010473833702403
2108,0.0127574989013727
2109,0.012223572070281
2110,0.0104138629789185
2111,0.0091874742587625
2112,0.00888797129835133
2113,0.00849679229261214
2114,0.00706511038675146
2115,0.0046040244108265
2116,0.0018381079633309
2117,-0.000486286842696299
2118,-0.0020956109401201
2119,-0.00328737449222482
2120,-0.00451500631390744
2121,-0.00571988740180508
2122,-0.00630344927574223
2123,-0.00615297078883778
2124,-0.00649978489246534
2125,-0.0090205504021393
2126,-0.0137560802958992
2127,-0.0184483007361094
2128,-0.0205325629998597
2129,-0.0196242552121036
2130,-0.0175597647765895
2131,-0.0161184442623746
2132,-0.0153284276332163
2133,-0.0141085212705201
2134,-0.0119096835132613
2135,-0.00922178282160934
2136,-0.00680210992669214
2137,-0.00496976643691656
2138,-0.0036104103320256
2139,-0.00244601634576781
2140,-0.00126361148848855
2141,-0.000193721945950381
2142,0.00027911046609413
2143,2.64566262138679E-05
2144,5.15679449555806E-05
2145,0.00194374453893867
2146,0.0060700902272686
2147,0.0106182407156906
2148,0.0130471113485999
2149,0.0125340719774504
2150,0.0105876758303773
2151,0.0092120578711175
2152,0.00890481875647489
2153,0.00861773968446258
2154,0.00724013144934534
2155,0.00470495839227112
2156,0.00182803062156881
2157,-0.000524272107254781
2158,-0.00208631654053356
2159,-0.00326397765011684
2160,-0.00457154804361042
2161,-0.00589213598337522
2162,-0.00652382927262161
2163,-0.00631567663927485
2164,-0.00655204211574675
2165,-0.00899071001563376
2166,-0.0137123285092753
2167,-0.018446769637253
2168,-0.0206017560398328
2169,-0.0197735709110918
2170,-0.017770802142299
2171,-0.016322944108181
2172,-0.0154250938611227
2173,-0.0140403215303123
2174,-0.0117313757815117
2175,-0.00907196926558978
2176,-0.00679538732103569
2177,-0.00511878111574848
2178,-0.00384406747253531
2179,-0.00267352182104319
2180,-0.00140708680179459
2181,-0.000194887508826723
2182,0.000423921449840284
2183,0.000218963093435955
2184,0.000121103643159151
2185,0.0017808300763157
2186,0.00574821658558976
2187,0.0103575987946913
2188,0.0130267837543028
2189,0.0127303715136017
2190,0.0107992383526221
2191,0.00924137029867957
2192,0.00871505289817165
2193,0.0083330077690858
2194,0.00702386237401191
2195,0.00464529674913694
2196,0.00190674278393024
2197,-0.000391780807172902
2198,-0.00197984410875113
2199,-0.0031956997573489
2200,-0.0044823565683348
2201,-0.0057293465204378
2202,-0.00632452846321747
2203,-0.00617758713711696
2204,-0.00650013863582405
2205,-0.00891239405420835
2206,-0.013478802514354
2207,-0.0180896517864143
2208,-0.020311469916446
2209,-0.0197049570541338
2210,-0.0178943728444983
2211,-0.0164881673412356
2212,-0.0155215348025065
2213,-0.0140550468304129
2214,-0.0116973456466051
2215,-0.00903619292658265
2216,-0.00682023527414894
2217,-0.00522583705721062
2218,-0.00393887245811219
2219,-0.00261198636589051
2220,-0.00118504587800637
2221,4.48993765548889E-06
2222,0.000452442079968913
2223,0.000174697167077982
2224,0.000218633700802521
2225,0.00202017236137951
2226,0.00585454934083653
2227,0.0101209318897088
2228,0.0126006042192712
2229,0.0124798078439779
2230,0.0108983398007326
2231,0.00953866841229939
2232,0.00898580793319902
2233,0.0085255815093759
2234,0.00719912032493769
2235,0.00478955255874248
2236,0.00193684555589325
2237,-0.000463551860102217
2238,-0.00200951794993742
2239,-0.00308004887734452
2240,-0.00429602078715586
2241,-0.00563002857694354
2242,-0.0063529575696041
2243,-0.00621285238662022
2244,-0.00641632692027428
2245,-0.00873206947143522
2246,-0.0133438147128728
2247,-0.0180962733038099
2248,-0.0204006808460174
2249,-0.0197212071391622
2250,-0.017742368579115
2251,-0.0162269846055006
2252,-0.0153120345766341
2253,-0.0140224071360042
2254,-0.0118325564715902
2255,-0.00920634701586151
2256,-0.00686860343863561
2257,-0.00509092504049352
2258,-0.00370667094946146
2259,-0.00244492229964591
2260,-0.00117210940132163
2261,-7.36940355833036E-05
2262,0.000403719414499149
2263,0.000171781165275085
2264,0.000154511801400205
2265,0.00182008089518077
2266,0.00559403537012147
2267,0.00994106790315862
2268,0.0125399827296704
2269,0.0124550423250911
2270,0.0108368823438139
2271,0.00945502074515633
2272,0.00891137677350725
2273,0.00844256427272146
2274,0.00709969025552016
2275,0.00474903965045957
2276,0.00204646212438775
2277,-0.000231997140081782
2278,-0.00180539109960046
2279,-0.00301918544947067
2280,-0.00434237241737458
2281,-0.00564819621545007
2282,-0.00624662350256416
2283,-0.00599238695136606
2284,-0.00615869593061007
2285,-0.00850476261696033
2286,-0.0131583112046376
2287,-0.0179190145893811
2288,-0.0202175202110135
2289,-0.0195920659569982
2290,-0.0177599912884315
2291,-0.0163997016082247
2292,-0.0155197852743454
2293,-0.0141302851516132
2294,-0.011831330890121
2295,-0.00919742632589098
2296,-0.00692724131635239
2297,-0.00521210555959673
2298,-0.00389688205497883
2299,-0.00278149645967937
2300,-0.00169993732110638
2301,-0.00068112865851731
2302,-8.04893701798651E-05
2303,-9.36204224590182E-05
2304,3.27200224510256E-05
2305,0.00175469480413276
2306,0.00563327476038444
2307,0.0101806972581454
2308,0.0129210076943588
2309,0.0127525190758125
2310,0.0108951667455624
2311,0.0093750028901853
2312,0.00893787417529868
2313,0.00868385632611143
2314,0.00742453577492549
2315,0.00496725938691812
2316,0.00212122386356428
2317,-0.000197185295695074
2318,-0.00174244079336901
2319,-0.00298265319049742
2320,-0.0044239750700019
2321,-0.00587228173405684
2322,-0.00657452538067859
2323,-0.00637661423055319
2324,-0.00655181303040674
2325,-0.0088538316239581
2326,-0.0134500424936188
2327,-0.0182148422860377
2328,-0.0205786206668287
2329,-0.0199601587458071
2330,-0.0179744396029252
2331,-0.0163746571016755
2332,-0.0153705555138394
2333,-0.0140743499606915
2334,-0.0119686659260958
2335,-0.00942510724402763
2336,-0.00706996987207374
2337,-0.00519840429305332
2338,-0.00378864075221006
2339,-0.0026585373481734
2340,-0.00155712478358929
2341,-0.000456350232345969
2342,0.000231235436233729
2343,0.0001998426834213
2344,0.000176312861863259
2345,0.00171783069601291
2346,0.0055034852816814
2347,0.0100573103416775
2348,0.0128334961141841
2349,0.0127017144896568
2350,0.0109152665126034
2351,0.00948583118798098
2352,0.00905864312650283
2353,0.00868652178893787
2354,0.00729969888908891
2355,0.00486140464711931
2356,0.00215249540607512
2357,-0.000101460070653178
2358,-0.0017398059457908
2359,-0.00307434752838017
2360,-0.00442134157515015
2361,-0.00562507262074247
2362,-0.00614587317047711
2363,-0.00593823467583941
2364,-0.00617384057379799
2365,-0.00848298142033038
2366,-0.0130616829060432
2367,-0.0178811937072508
2368,-0.0203608680654032
2369,-0.0198153530754265
2370,-0.0178301117627901
2371,-0.0162491793374947
2372,-0.0153451803629806
2373,-0.0141571606092743
2374,-0.0120595327075448
2375,-0.00943756471125314
2376,-0.00703169134598908
2377,-0.00519084458256522
2378,-0.00383115224856079
2379,-0.00271642917476359
2380,-0.00164816111398146
2381,-0.000667833820814742
2382,-0.000136095094101969
2383,-0.000227033729252829
2384,-0.000181655376532676
2385,0.00144321875147007
2386,0.00523786008182253
2387,0.00979891919586963
2388,0.0126954368791813
2389,0.0127439015140167
2390,0.0110076688937695
2391,0.00943416037681299
2392,0.00885261636426326
2393,0.00852935261147273
2394,0.00736023964295454
2395,0.00507277730270956
2396,0.00232075695844555
2397,-3.74799645344223E-05
2398,-0.00165434165273011
2399,-0.00286944957760687
2400,-0.00420667383118846
2401,-0.00561334699021914
2402,-0.00639670068493432
2403,-0.00627586984211825
2404,-0.00637669154656034
2405,-0.00850914230129309
2406,-0.0130556391518017
2407,-0.0179869003937004
2408,-0.0205805571961354
2409,-0.0200573427470515
2410,-0.0180409743789337
2411,-0.016451512525306
2412,-0.0155648673195214
2413,-0.0143751022885171
2414,-0.0122585911770549
2415,-0.00965381181992821
2416,-0.0073121591110284
2417,-0.00551287835048694
2418,-0.00410343715869416
2419,-0.00286007764611894
2420,-0.00164533768240641
2421,-0.00053840449578191
2422,7.82880179047402E-05
2423,-1.69710327230018E-05
2424,-9.45393981519335E-05
2425,0.00136187038152801
2426,0.00507327500601559
2427,0.00965945778366812
2428,0.0125564513508883
2429,0.0124732409204035
2430,0.0105679033843717
2431,0.0089915705796966
2432,0.00862558197581968
2433,0.0085570914374903
2434,0.0074721747751292
2435,0.00506831667786787
2436,0.00212886251038698
2437,-0.000361602804418366
2438,-0.00201475069546365
2439,-0.00318521353651408
2440,-0.00443771847491316
2441,-0.00577774335770755
2442,-0.00654057298781165
2443,-0.00639544517111176
2444,-0.00639516399655051
2445,-0.00836866777527594
2446,-0.0128120272528127
2447,-0.0177679122551091
2448,-0.0204617877059097
2449,-0.0200287008605651
2450,-0.0180847611322876
2451,-0.0165733475319232
2452,-0.0157110366330739
2453,-0.0143939525295907
2454,-0.0120354889120248
2455,-0.00927564295889819
2456,-0.0070162866261924
2457,-0.00544258058620772
2458,-0.00416924820605649
2459,-0.00288247133507004
2460,-0.00158633782998007
2461,-0.000521715615590995
2462,-3.62649286245443E-05
2463,-0.000187513344231757
2464,-0.000194806639696253
2465,0.00132193626361456
2466,0.00495813967523218
2467,0.00941651561520239
2468,0.012341725195426
2469,0.0125044092575447
2470,0.0108656372321914
2471,0.00932466434652167
2472,0.00873647907251148
2473,0.00841141586259236
2474,0.00726039396322602
2475,0.00498979799814477
2476,0.00221473343759285
2477,-0.00022265408482916
2478,-0.00193177089803518
2479,-0.00317514388327308
2480,-0.00445184364027092
2481,-0.00577795745338412
2482,-0.0065434328602276
2483,-0.00645327173659179
2484,-0.0065327480956632
2485,-0.00853492065851037
2486,-0.0129106907469912
2487,-0.0177534367099239
2488,-0.0203911403142479
2489,-0.0199975056759201
2490,-0.0181304036951804
2491,-0.0166802471695332
2492,-0.0158997704810158
2493,-0.0147346541855731
2494,-0.0125314810302209
2495,-0.00978178754199717
2496,-0.00734447289523125
2497,-0.00554854471988169
2498,-0.00418115702025706
2499,-0.00293198503218515
2500,-0.00166173117668645
2501,-0.000519290604294726
2502,8.33603839901447E-05
2503,-2.87778665755605E-05
2504,-9.88438191143897E-05
2505,0.00132963723506828
2506,0.00492569404571341
2507,0.00939818383864562
2508,0.0123560877945269
2509,0.0125416271105844
2510,0.0109113333805174
2511,0.00937479139917302
2512,0.0087969465149128
2513,0.00848162289110266
2514,0.00731863729139874
2515,0.00500920292622826
2516,0.0022015178643624
2517,-0.000227488730298896
2518,-0.00190956813614208
2519,-0.00317511386002714
2520,-0.00454179697143854
2521,-0.00594091144700526
2522,-0.00665739975193166
2523,-0.006402357799843
2524,-0.00632695922243539
2525,-0.00830027504164477
2526,-0.0127781184500818
2527,-0.0177836545338075
2528,-0.0205797037539851
2529,-0.0202815096697651
2530,-0.018375047649736
2531,-0.0167399311403612
2532,-0.0157660442017704
2533,-0.0145873915084919
2534,-0.0125584784243826
2535,-0.00995572105435473
2536,-0.0074721264665592
2537,-0.00555812211635192
2538,-0.00424710965306327
2539,-0.00323442039178081
2540,-0.00211346417149527
2541,-0.000864570656344847
2542,-6.82360082674595E-05
2543,-0.00015128811859614
2544,-0.000327410650618767
2545,0.00109880031492688
2546,0.00486075787889758
2547,0.00945833363553772
2548,0.0123422385316015
2549,0.0123797035216176
2550,0.0107299934008284
2551,0.00928601377306877
2552,0.00874521883736894
2553,0.00838084088416356
2554,0.00722108774138509
2555,0.00502425633722131
2556,0.00230898524802397
2557,-0.000153110076207237
2558,-0.00189978703498187
2559,-0.00311177306149168
2560,-0.00433437001569454
2561,-0.00566372138997989
2562,-0.00644633632375359
2563,-0.00627675444546568
2564,-0.00619038633263962
2565,-0.00808761418506893
2566,-0.0125201261425427
2567,-0.0175268728272407
2568,-0.0203251817151968
2569,-0.0200416192721094
2570,-0.0182239261310025
2571,-0.0167276410913384
2572,-0.0157994880365922
2573,-0.0144858706331492
2574,-0.0122653222399427
2575,-0.00963503509146043
2576,-0.00733085714631727
2577,-0.00560231031238826
2578,-0.00429098559451394
2579,-0.00314434450791357
2580,-0.0019482501400125
2581,-0.000741412373027225
2582,1.00907395812534E-05
2583,-5.9654216786888E-05
2584,-0.000256981986532479
2585,0.00106336233483477
2586,0.00477843053085563
2587,0.00953250706559537
2588,0.0126586309250858
2589,0.012755802444941
2590,0.0109295691357262
2591,0.00930794798249368
2592,0.00877820268396211
2593,0.00851967048345341
2594,0.00737955719956742
2595,0.00513184044620129
2596,0.00243069905524803
2597,3.5368648183122E-05
2598,-0.00173844401808291
2599,-0.00308330817102442
2600,-0.00436512963324364
2601,-0.00558107139060171
2602,-0.00621912202017608
2603,-0.00604274792397398
2604,-0.0060451190309437
2605,-0.0079853197445732
2606,-0.0124276798068376
2607,-0.0175358962916976
2608,-0.0205004650843947
2609,-0.0202464376866193
2610,-0.0182447342202498
2611,-0.0165607097100257
2612,-0.0156850902542349
2613,-0.014622659649109
2614,-0.0125844592152078
2615,-0.00990223871815011
2616,-0.00738819830909965
2617,-0.00544336691599582
2618,-0.00397621915144659
2619,-0.00275646000476936
2620,-0.00160648258420915
2621,-0.000535336432466584
2622,0.000132573281411069
2623,0.000118424000779789
2624,-2.7868356805695E-05
2625,0.00110444920231023
2626,0.00441129988881869
2627,0.00887777058747515
2628,0.0121315837507831
2629,0.0126681587880987
2630,0.0112173288543584
2631,0.00969087459042823
2632,0.00909585711481104
2633,0.00881710187616179
2634,0.00771735456618343
2635,0.00545369065811471
2636,0.00266016374645205
2637,0.00020915722264592
2638,-0.0015150906748328
2639,-0.00278388031605454
2640,-0.00408431466788096
2641,-0.00543687674564262
2642,-0.00625236622121808
2643,-0.00619982182547963
2644,-0.00621260527973237
2645,-0.00804479943585534
2646,-0.0123331612571045
2647,-0.0173667932606177
2648,-0.0204077387387651
2649,-0.020314704096297
2650,-0.0184137504030671
2651,-0.0166950820995758
2652,-0.0157064956535459
2653,-0.0145635911599956
2654,-0.0125347262063863
2655,-0.00993220709706263
2656,-0.00751585915260584
2657,-0.00564421419259362
2658,-0.00420670916227192
2659,-0.00297177745668736
2660,-0.00176614671958524
2661,-0.000610281878281678
2662,0.000138989342488533
2663,0.000161827422433242
2664,1.6364753980106E-05
2665,0.00119149532188415
2666,0.00463681731169975
2667,0.00925331865595678
2668,0.0125056994061975
2669,0.0128558770715129
2670,0.0112057777156106
2671,0.00964135761104251
2672,0.00912127367991588
2673,0.00884137539821861
2674,0.00761799127679097
2675,0.00527269448835429
2676,0.00256173897470947
2677,0.000242873574958895
2678,-0.00148901886346801
2679,-0.00289108491987817
2680,-0.00425729071315247
2681,-0.00552256295759426
2682,-0.00623471155250396
2683,-0.00620321346774103
2684,-0.00629597193984199
2685,-0.00811055892074104
2686,-0.0122873377802627
2687,-0.0172778319087463
2688,-0.0204171228566655
2689,-0.0204305699946022
2690,-0.0184960507246843
2691,-0.0166557471995018
2692,-0.0156326280862029
2693,-0.0145843110373592
2694,-0.0126223622769553
2695,-0.00992026024624163
2696,-0.00730876581084651
2697,-0.00533138049431142
2698,-0.00394154561151242
2699,-0.00280174787671531
2700,-0.0016399633029837
2701,-0.000509569031231146
2702,0.000166097767461495
2703,0.00010924796240249
2704,-2.35924811987985E-05
2705,0.00124743154084519
2706,0.00475201086542072
2707,0.00934020044144254
2708,0.0125750165213243
2709,0.0130038208120959
2710,0.0114442584383199
2711,0.00984498552970919
2712,0.00920844724897805
2713,0.00893000853591513
2714,0.00788978862804219
2715,0.00570374734777556
2716,0.00291069921765285
2717,0.00034777032769557
2718,-0.00150153440610456
2719,-0.00277795432776767
2720,-0.00397790639971966
2721,-0.00527122865442891
2722,-0.00616130672659035
2723,-0.00622254936832413
2724,-0.00623384338075095
2725,-0.00795062453631638
2726,-0.0121662458477098
2727,-0.017262696526951
2728,-0.020404613538196
2729,-0.0203066189742272
2730,-0.0183072790436177
2731,-0.0165398085158124
2732,-0.01561725246129
2733,-0.0145554281356616
2734,-0.0125077660988248
2735,-0.00982232402781824
2736,-0.00739156007544445
2737,-0.00561334752061176
2738,-0.00426349027805548
2739,-0.00299356060823326
2740,-0.00166407783630808
2741,-0.000437140418821751
2742,0.000255965820812199
2743,0.000165187168040939
2744,-4.66593504119752E-05
2745,0.00111680850337722
2746,0.00454235673546585
2747,0.00912886620033373
2748,0.0124210562911753
2749,0.0129053094451876
2750,0.0113682874595034
2751,0.00977555859030741
2752,0.00914437503897528
2753,0.00884820041159733
2754,0.00773864190971155
2755,0.00544799740046543
2756,0.0025811571776416
2757,3.57236052865576E-05
2758,-0.00171753664706873
2759,-0.00291156811669706
2760,-0.00413251545968181
2761,-0.00553454277053575
2762,-0.00649736926430367
2763,-0.00648795731766597
2764,-0.00631096314015786
2765,-0.00785157842520957
2766,-0.0120024914591723
2767,-0.0171410662562634
2768,-0.0203723137793297
2769,-0.020365343112812
2770,-0.0184282546942366
2771,-0.0166606404230226
2772,-0.0156704824502742
2773,-0.0145283261080929
2774,-0.0124552432981222
2775,-0.00979913337716927
2776,-0.00738892980830116
2777,-0.00558591888598185
2778,-0.00420560443874081
2779,-0.00295402047027028
2780,-0.00168251779504128
2781,-0.000496376746785056
2782,0.000194309777099767
2783,9.44608844443728E-05
2784,-0.000181386421338452
2785,0.000883125068080615
2786,0.00424852503226896
2787,0.00885732794330848
2788,0.0122159670887413
2789,0.012733196300071
2790,0.011165707298779
2791,0.0095252477793553
2792,0.00889401296561983
2793,0.00866782437750586
2794,0.00768444810211047
2795,0.00556296012515759
2796,0.00288334127078037
2797,0.000470161218914106
2798,-0.0012878816191496
2799,-0.00260876851445425
2800,-0.00394592653316828
2801,-0.00534248672445985
2802,-0.00622564680154758
2803,-0.00620723810041682
2804,-0.00614075060313303
2805,-0.00780270207496874
2806,-0.011976384412932
2807,-0.0170795320003326
2808,-0.0203358477262408
2809,-0.0204269417609793
2810,-0.0185429267600639
2811,-0.0167092185256367
2812,-0.0156223959850408
2813,-0.0144917667638828
2814,-0.0125337148454198
2815,-0.00994321507787089
2816,-0.0074440034662401
2817,-0.00548358581449907
2818,-0.00406302915537262
2819,-0.00296174112363169
2820,-0.00191221244496883
2821,-0.000838305780374423
2822,-8.38652844948304E-05
2823,-3.11864466492545E-05
2824,-0.000196041754285052
2825,0.000885158402015362
2826,0.00421889319700482
2827,0.00882541100920516
2828,0.0122450220575095
2829,0.0128518721510325
2830,0.0113392910177752
2831,0.00969707676407514
2832,0.00905920993106579
2833,0.00888744651167
2834,0.00799587375146605
2835,0.00587644885555293
2836,0.00301471619568816
2837,0.0003207174255633
2838,-0.00159834791995981
2839,-0.00284141986035444
2840,-0.00399175771721187
2841,-0.0053257130040942
2842,-0.00632085959308297
2843,-0.00638811307869298
2844,-0.00618390226856735
2845,-0.00755716902201881
2846,-0.0115684545254652
2847,-0.0167984724571658
2848,-0.0203440375227882
2849,-0.0206433128014083
2850,-0.0188062462706107
2851,-0.0169778178946965
2852,-0.0159621432041707
2853,-0.0149163619612636
2854,-0.0129479225442022
2855,-0.010264496850835
2856,-0.00771620102488338
2857,-0.00581081880569668
2858,-0.00444973279912597
2859,-0.00327725168532173
2860,-0.00203343639644664
2861,-0.000794529683089828
2862,-3.47346896760403E-05
2863,-0.000116245460527771
2864,-0.000428689552176533
2865,0.000588450858385182
2866,0.00394179617007327
2867,0.00859704613666623
2868,0.0120554399175395
2869,0.0126892164526965
2870,0.0111993370635696
2871,0.00956262360738334
2872,0.00888566718558854
2873,0.00863250238057203
2874,0.00767983103246113
2875,0.0056034631910926
2876,0.00289928188222705
2877,0.000375342972358668
2878,-0.00148243357943982
2879,-0.0027797868711069
2880,-0.00399477553244124
2881,-0.00533768153172881
2882,-0.00635213668674114
2883,-0.00653638844007992
2884,-0.00649066077829306
2885,-0.00790305538635672
2886,-0.0117849483193066
2887,-0.0168669667798964
2888,-0.0204070863509547
2889,-0.020806431560224
2890,-0.0190075030179114
2891,-0.0171025957805813
2892,-0.0160234360533187
2893,-0.0150348897321832
2894,-0.0131698691977406
2895,-0.0104920262862192
2896,-0.00784647689495144
2897,-0.00587458007445496
2898,-0.00455741442152643
2899,-0.00346507521312424
2900,-0.00222189887476335
2901,-0.000889955506968237
2902,-2.4458003520476E-05
2903,-6.46836099867764E-05
2904,-0.000421677342658015
2905,0.000492352837317553
2906,0.0037528168648519
2907,0.0084108544402299
2908,0.0119927022013443
2909,0.0127827703615574
2910,0.0113548947175454
2911,0.0096599874754271
2912,0.00890847891528736
2913,0.00866887290586594
2914,0.00780487477121774
2915,0.00580111580733548
2916,0.0031099432351783
2917,0.000577565745487726
2918,-0.00127347252208676
2919,-0.00257305226361738
2920,-0.00382763399991749
2921,-0.0052019947131611
2922,-0.00616002390988087
2923,-0.00620926510198249
2924,-0.00607872803520823
2925,-0.00756483625988163
2926,-0.01162074459223
2927,-0.0168036997592428
2928,-0.0202887769066276
2929,-0.0205801240477027
2930,-0.0187646841857844
2931,-0.0169322351624001
2932,-0.0158899369043877
2933,-0.0148470596970534
2934,-0.0129255544840269
2935,-0.0102833005867164
2936,-0.00772777432071801
2937,-0.00579387032912138
2938,-0.00443888235252133
2939,-0.00330320441225582
2940,-0.00205319092512995
2941,-0.00071114748013804
2942,0.000206667451074528
2943,0.000231064849317621
2944,-9.93443573071905E-05
2945,0.000797449245800755
2946,0.00401013086431379
2947,0.00857701805542286
2948,0.012025871310801
2949,0.0127151527691307
2950,0.0113057518300015
2951,0.00972087017801298
2952,0.00903059952302613
2953,0.00872197559736121
2954,0.0077514770229095
2955,0.00575511062759442
2956,0.00318828685856503
2957,0.000741685874227732
2958,-0.00116927320637455
2959,-0.0025932848755503
2960,-0.00389012447506625
2961,-0.00522088029352897
2962,-0.00617909942381873
2963,-0.00632259847960215
2964,-0.0062544370192325
2965,-0.0076460646750506
2966,-0.0115228052734273
2967,-0.0166296074261411
2968,-0.0201947974575384
2969,-0.0205875789220978
2970,-0.0187810998430557
2971,-0.0169172314073615
2972,-0.0158929249334685
2973,-0.0148796583858792
2974,-0.0129170591644852
2975,-0.0102187622132797
2976,-0.00772767811492999
2977,-0.00595537585213306
2978,-0.00466417449123845
2979,-0.00341793834073087
2980,-0.00207412364133374
2981,-0.000845458216094871
2982,-0.000133948745239485
2983,-0.000138252945968294
2984,-0.000297498138672075
2985,0.000708235113695659
2986,0.00383464059201368
2987,0.00834650817540986
2988,0.0120218656992255
2989,0.013080262291621
2990,0.0118061468332628
2991,0.0100311412740819
2992,0.009147082324637
2993,0.00891476609471322
2994,0.00813692037268885
2995,0.00611059094671837
2996,0.0032670971655206
2997,0.000624268613830616
2998,-0.00118093294013319
2999,-0.0023744996425378
3000,-0.00363568980777852
3001,-0.00516892691341428
3002,-0.00631426793209917
3003,-0.00642632785451768
3004,-0.00618000199281714
3005,-0.0074476561927581
3006,-0.0113302207994415
3007,-0.0164896366860409
3008,-0.0200721340362758
3009,-0.0204610460793326
3010,-0.0186797838809019
3011,-0.0168796100083229
3012,-0.0159419202991193
3013,-0.0150347843734497
3014,-0.0131760126437191
3015,-0.0105059985229012
3016,-0.00791189459275554
3017,-0.00597082462942565
3018,-0.00459523914072638
3019,-0.00340569786398485
3020,-0.00213816589241959
3021,-0.000860491802954396
3022,-9.6291541230886E-06
3023,4.27241171731235E-05
3024,-0.000205546142388562
3025,0.000713184955827248
3026,0.00390355125176628
3027,0.00855229445615388
3028,0.0122238408030887
3029,0.0130841526142194
3030,0.0116082486581353
3031,0.00981644322237372
3032,0.00906067218760412
3033,0.00892738981077948
3034,0.00815691372375524
3035,0.00613832265422669
3036,0.00336510204714193
3037,0.00078222838228848
3038,-0.00106132966448252
3039,-0.00235793146035619
3040,-0.00368942440841956
3041,-0.00524554778388456
3042,-0.00643377087323859
3043,-0.006619279947938
3044,-0.00638122061889931
3045,-0.0075231010854541
3046,-0.0112348738376283
3047,-0.0163575703344364
3048,-0.0201026051724778
3049,-0.0207095562601446
3050,-0.0189819365642427
3051,-0.0169987979218315
3052,-0.0157947526700754
3053,-0.0147661162054516
3054,-0.0130097611538737
3055,-0.0105302831881356
3056,-0.00802400470737392
3057,-0.00602546277531583
3058,-0.00457045649089976
3059,-0.00339407502266007
3060,-0.00219753673844271
3061,-0.000932734003636399
3062,-1.39836423152787E-05
3063,7.20919427694547E-05
3064,-0.000286507752171686
3065,0.000414262311668025
3066,0.00342703331447419
3067,0.00804442409236166
3068,0.0118095662853939
3069,0.0127932624681618
3070,0.0113956884044952
3071,0.00961969349321666
3072,0.00884271577405832
3073,0.00869753928466465
3074,0.00795962174877073
3075,0.00599817394212384
3076,0.00323163586016345
3077,0.000557152567320291
3078,-0.00141136172045442
3079,-0.00273012849065348
3080,-0.00392747985026411
3081,-0.00530121157558483
3082,-0.00640870897323996
3083,-0.00662630484999076
3084,-0.00640292805810942
3085,-0.00745509140353423
3086,-0.0110487412386005
3087,-0.016152159395149
3088,-0.0199768588622111
3089,-0.0206503096569934
3090,-0.0189310665199535
3091,-0.0169854413545233
3092,-0.0159143457771162
3093,-0.015023163638231
3094,-0.0132604539445054
3095,-0.0106230875450337
3096,-0.00794607206171188
3097,-0.00586194789774419
3098,-0.00436835899628865
3099,-0.00314820333767004
3100,-0.00195781060063211
3101,-0.000825859676235991
3102,-0.000106754537971005
3103,-0.000121279176750406
3104,-0.00040705540517775
3105,0.000437022901185545
3106,0.00352418348179942
3107,0.00813339089222381
3108,0.0118928368460857
3109,0.0129181914268332
3110,0.0115704407004756
3111,0.00980698280387727
3112,0.00901008720551237
3113,0.00883324556214044
3114,0.00805436766979918
3115,0.00605586654521661
3116,0.00330514464782389
3117,0.000727890997122691
3118,-0.00112320143808584
3119,-0.00241971648498647
3120,-0.00373326487572294
3121,-0.00526930707197483
3122,-0.00645047812086731
3123,-0.00662459976146114
3124,-0.00634561840454653
3125,-0.00744178057777979
3126,-0.0111719622095981
3127,-0.016400950843552
3128,-0.020265459715156
3129,-0.0209110360107396
3130,-0.0191518234477537
3131,-0.0171788239401769
3132,-0.0160967470931839
3133,-0.0152279564915471
3134,-0.0135242891617894
3135,-0.0109334833438115
3136,-0.00823970300255251
3137,-0.00611211691227704
3138,-0.0046405645918129
3139,-0.00350608659990621
3140,-0.00232087685065025
3141,-0.000994832158249731
3142,3.10298216670403E-05
3143,0.000213132105131382
3144,-0.000101786212081648
3145,0.00057684524866116
3146,0.00350641741381886
3147,0.00800798395231597
3148,0.0116888010440405
3149,0.0126874253916069
3150,0.0114017173697138
3151,0.00974333544319885
3152,0.00900255767324823
3153,0.0088318133266686
3154,0.00809832000898535
3155,0.00620293149460131
3156,0.00349613287398182
3157,0.000818715438137251
3158,-0.00117747357728226
3159,-0.00249317362792736
3160,-0.00368847911978868
3161,-0.00512487714871329
3162,-0.00632107040742627
3163,-0.0065335664400049
3164,-0.00618360956275429
3165,-0.00711447555344352
3166,-0.010714343969741
3167,-0.0159212962433518
3168,-0.0198403225976713
3169,-0.0205784243998498
3170,-0.0189480361292954
3171,-0.0170996953425257
3172,-0.0160334608224432
3173,-0.0150285887534129
3174,-0.0131604915334756
3175,-0.0105581024436665
3176,-0.00802323286504407
3177,-0.00603960346168017
3178,-0.00452840220478077
3179,-0.0032271825133173
3180,-0.00195523611439168
3181,-0.000719687111227344
3182,0.000156232470076939
3183,0.000281874383846432
3184,-9.18790302420287E-06
3185,0.000656787163451206
3186,0.00353616554610252
3187,0.00809484934010823
3188,0.0120037445870135
3189,0.0132366635720676
3190,0.011980674261541
3191,0.0101643421566826
3192,0.00929630002258522
3193,0.00915460700147796
3194,0.00849950670099271
3195,0.00658214957109448
3196,0.00377611626171018
3197,0.00105375919178726
3198,-0.000889890933703325
3199,-0.00212554982272739
3200,-0.00326369628760139
3201,-0.00465905515952988
3202,-0.00585266809372899
3203,-0.00615230340888799
3204,-0.00594514248323754
3205,-0.00695474764081404
3206,-0.010536485278956
3207,-0.0157521827755653
3208,-0.0197974659394269
3209,-0.0206668641986125
3210,-0.019007508700765
3211,-0.0170233140958037
3212,-0.0159493375863182
3213,-0.0151515272275
3214,-0.0134962718318314
3215,-0.0108725649331839
3216,-0.00812252147298022
3217,-0.00598660397604241
3218,-0.00453399391439184
3219,-0.0033970798444538
3220,-0.00221385507208906
3221,-0.000948852902979563
3222,-1.98681636955503E-05
3223,9.90184825843144E-05
3224,-0.000246450406734026
3225,0.000384500863041144
3226,0.00328862012908805
3227,0.00790406760440644
3228,0.0118310135083812
3229,0.013002637749172
3230,0.0116462929331011
3231,0.00976972378575825
3232,0.00890466197755681
3233,0.00878102535849758
3234,0.00813080365798202
3235,0.00625374898539159
3236,0.00356593663791791
3237,0.000972815462251619
3238,-0.000955607217271401
3239,-0.00231094737540059
3240,-0.00357930547380469
3241,-0.00499381751685187
3242,-0.00611132390949727
3243,-0.00633384904543661
3244,-0.00607633296593748
3245,-0.00701313021526389
3246,-0.0104940150107679
3247,-0.0156651391853305
3248,-0.0197842076923783
3249,-0.0207832066884195
3250,-0.0191849908367414
3251,-0.0171487317332473
3252,-0.0159747760860847
3253,-0.0151098236537126
3254,-0.0134458524288559
3255,-0.010863922506204
3256,-0.00819507214709111
3257,-0.00614449756475118
3258,-0.00471785905884901
3259,-0.00352005030584613
3260,-0.00224514839614125
3261,-0.000938826390345689
3262,-3.24547577816353E-05
3263,4.49028545765777E-05
3264,-0.000343073959152979
3265,0.000222117598469336
3266,0.0030581439308287
3267,0.00769410534307085
3268,0.0117792920298681
3269,0.0131535335893533
3270,0.0118870718263272
3271,0.00994111540060776
3272,0.00895506385795151
3273,0.00878384476802545
3274,0.00817131241984106
3275,0.00634062121259003
3276,0.00364944868537158
3277,0.00100493617726949
3278,-0.000994747274007054
3279,-0.002411494655084
3280,-0.00369351953125628
3281,-0.0050472106908291
3282,-0.00606076009661077
3283,-0.00622450578864446
3284,-0.00601646716400295
3285,-0.00706889097405412
3286,-0.0106112887460095
3287,-0.0157112808214965
3288,-0.0196776329390179
3289,-0.0205765102235501
3290,-0.0190111637437035
3291,-0.0170888092886145
3292,-0.0159933471015017
3293,-0.0151200547142157
3294,-0.0134098866496049
3295,-0.0108065754448546
3296,-0.00814184646572731
3297,-0.00609547336898615
3298,-0.00468928113101458
3299,-0.00356023059727023
3300,-0.00236791435826345
3301,-0.00106480783249076
3302,-4.56951531664186E-05
3303,0.000178939869963187
3304,-0.000138829703998982
3305,0.000395049918133967
3306,0.00315401358442808
3307,0.00770982029026792
3308,0.0117110024071932
3309,0.0130062613533204
3310,0.0117045910853224
3311,0.00978502110017006
3312,0.00885614857425556
3313,0.00873984662262606
3314,0.00818371728302163
3315,0.00641775472520893
3316,0.00377252804674405
3317,0.0011297181407999
3318,-0.000889011199674572
3319,-0.00230703397971559
3320,-0.00358967467671593
3321,-0.00499704233173454
3322,-0.00611111419701214
3323,-0.00633281351105075
3324,-0.00607218745493213
3325,-0.00701071141903184
3326,-0.0104985763271642
3327,-0.0156693763393082
3328,-0.0197869386612504
3329,-0.020816445556952
3330,-0.0192852838798323
3331,-0.0172932845721229
3332,-0.0160903227919013
3333,-0.0151715908975858
3334,-0.0135257084915769
3335,-0.0110316073630101
3336,-0.0084040516353378
3337,-0.00628811037399848
3338,-0.00479301873736345
3339,-0.00364785079235453
3340,-0.00249112181122437
3341,-0.00118697643886622
3342,-0.000111113121292275
3343,0.000149025764497512
3344,-0.000215550802529357
3345,0.000220154054987916
3346,0.00289283254289294
3347,0.00739034419116138
3348,0.0113566253088921
3349,0.0126763308034295
3350,0.011495570674627
3351,0.00973741958273719
3352,0.00888254246919595
3353,0.00870292933095387
3354,0.00804952654508136
3355,0.00628854166410589
3356,0.00375326901970893
3357,0.00120427364080759
3358,-0.000816946051642675
3359,-0.00228610842898474
3360,-0.0035900878635621
3361,-0.00500325367997186
3362,-0.00617761594428577
3363,-0.00650196340343301
3364,-0.00627073882039376
3365,-0.0070954784574331
3366,-0.0104193010093012
3367,-0.0155369972247322
3368,-0.0197465992443431
3369,-0.0208877185257204
3370,-0.0193816828789111
3371,-0.0173816474460208
3372,-0.0162503065938606
3373,-0.0154639281723235
3374,-0.0138679130748103
3375,-0.0112773319991408
3376,-0.00851872923701874
3377,-0.00636234379113328
3378,-0.00487932176707791
3379,-0.00367913930436601
3380,-0.00241185217895242
3381,-0.00108628164511716
3382,-0.000128772594782441
3383,2.07060244993819E-05
3384,-0.000299915108602672
3385,0.00026604591650564
3386,0.00297112530238341
3387,0.00737819953121029
3388,0.0113082214608899
3389,0.0127679941133936
3390,0.0117894353756989
3391,0.0100973642628559
3392,0.00915136777105647
3393,0.00888621274939811
3394,0.0082660877860058
3395,0.00657928541603311
3396,0.00401290057174876
3397,0.00130791037874313
3398,-0.000872649864825546
3399,-0.00239263592195892
3400,-0.00364826950137262
3401,-0.00500266222827028
3402,-0.00616723158225971
3403,-0.00651472886161419
3404,-0.00628885576237083
3405,-0.00707443935842932
3406,-0.0103328857258181
3407,-0.015405674690445
3408,-0.0196318791999523
3409,-0.0208500264731101
3410,-0.0194230288891675
3411,-0.0174307567925959
3412,-0.0162315282672373
3413,-0.0153953310697734
3414,-0.013863560560712
3415,-0.0114210099056431
3416,-0.00875585199017791
3417,-0.00657003406134451
3418,-0.00504254014014301
3419,-0.00392460079994456
3420,-0.00281870963669415
3421,-0.00151879492402056
3422,-0.000349021523849649
3423,7.09040062305412E-05
3424,-0.000186157985205428
3425,0.000209980949951465
3426,0.00274823520215463
3427,0.00718732793866305
3428,0.0112784383045059
3429,0.0128236636991074
3430,0.0117908873592979
3431,0.010030174369911
3432,0.00911234213919954
3433,0.00892145451893747
3434,0.00830110553966434
3435,0.00652119681419777
3436,0.00386816747067597
3437,0.00116803229198712
3438,-0.000927639810452521
3439,-0.00234191539802827
3440,-0.00350574540899548
3441,-0.00479944501094456
3442,-0.00596355326285156
3443,-0.00638065449583164
3444,-0.00624103304153984
3445,-0.0070593953153603
3446,-0.0103073696430069
3447,-0.0154102673135087
3448,-0.0197333609708264
3449,-0.0210172666339475
3450,-0.0195290137490436
3451,-0.0174094702886697
3452,-0.0161763954588831
3453,-0.0154382626546888
3454,-0.0139861395175933
3455,-0.0114633047957783
3456,-0.00861822036449519
3457,-0.00632879400720316
3458,-0.00483240387661907
3459,-0.0037748485769918
3460,-0.00267087127284891
3461,-0.00136157645381932
3462,-0.000247066367811338
3463,7.98027534133748E-05
3464,-0.000229933511718887
3465,0.000157947362938575
3466,0.0026802836405379
3467,0.00710272140862194
3468,0.0112387502699654
3469,0.0128826385526898
3470,0.011900442412548
3471,0.0100875051450682
3472,0.00909637878422017
3473,0.00891620404122653
3474,0.00837432285600162
3475,0.00664587194711377
3476,0.00399279049313621
3477,0.00130062730500625
3478,-0.00076895218203115
3479,-0.00222675221762549
3480,-0.00356162986551482
3481,-0.00506812593733398
3482,-0.00633025047675676
3483,-0.00666288677101038
3484,-0.00632262171226825
3485,-0.00693704841064257
3486,-0.0100572444786801
3487,-0.0151437462841576
3488,-0.0195540210301796
3489,-0.0209646105730471
3490,-0.0195493131810211
3491,-0.0174048923937898
3492,-0.0160944167015339
3493,-0.0153062528613196
3494,-0.013860425256103
3495,-0.0113636815667062
3496,-0.00851723859218336
3497,-0.00618688056051265
3498,-0.00462747457981334
3499,-0.00351072839096862
3500,-0.00238188156886809
3501,-0.0011145704418149
3502,-0.000114793784095605
3503,7.61301960295652E-05
3504,-0.000303646397748797
3505,0.000124224237814061
3506,0.00274401592376425
3507,0.00722291355000927
3508,0.011339511593352
3509,0.0129455297947033
3510,0.0119575164500331
3511,0.0101273327198386
3512,0.00903774714348815
3513,0.00872189363932049
3514,0.00815848346512892
3515,0.00659574952480238
3516,0.00417219973503884
3517,0.00158484231093451
3518,-0.000535857178386378
3519,-0.00205721457917677
3520,-0.00334972398237789
3521,-0.00475479283438539
3522,-0.00598163427975607
3523,-0.00638613835469475
3524,-0.00615728936158053
3525,-0.00684510834209418
3526,-0.00997704309939366
3527,-0.0150297208368657
3528,-0.019397227051188
3529,-0.0208073831651977
3530,-0.0194592259258678
3531,-0.0174019119705449
3532,-0.0161200653372982
3533,-0.0152983388056464
3534,-0.0138459042744857
3535,-0.0114301801034773
3536,-0.00869113918234983
3537,-0.00638823536875893
3538,-0.00476764544925224
3539,-0.00358533853620608
3540,-0.00242266200160052
3541,-0.0010879219565254
3542,4.76150635201354E-05
3543,0.000331500718577759
3544,-0.000147612902473316
3545,1.77665601889605E-05
3546,0.00243786845807377
3547,0.00695626754514385
3548,0.0112675571344586
3549,0.0129838997555685
3550,0.0119226350914483
3551,0.009987482322981
3552,0.00895149317346335
3553,0.00882369322350148
3554,0.00837168915648089
3555,0.00670304013874292
3556,0.00404069167209139
3557,0.00127796955106088
3558,-0.000851375304191627
3559,-0.00226352326707026
3560,-0.00343910833839664
3561,-0.00479948185883496
3562,-0.00607327379859698
3563,-0.00656708167643324
3564,-0.00637067016482961
3565,-0.00697024636765885
3566,-0.00994939378994367
3567,-0.0149118777193887
3568,-0.0192987801214284
3569,-0.0207561846858272
3570,-0.0194068023855132
3571,-0.0173474688276728
3572,-0.0161483350777484
3573,-0.0154595764995752
3574,-0.0140640726037456
3575,-0.0115957909239349
3576,-0.00880452705822971
3577,-0.00653589319414809
3578,-0.00497970246807225
3579,-0.0038141959051175
3580,-0.00267062696479482
3581,-0.00144324161629243
3582,-0.000427213301374945
3583,-9.02649149404752E-05
3584,-0.000332707728175355
3585,2.21330005565905E-06
3586,0.00231076168771036
3587,0.00656043110657384
3588,0.0107810554066386
3589,0.0127271294860003
3590,0.0120095783120924
3591,0.0102389035503453
3592,0.00912104577709519
3593,0.0088263572097685
3594,0.00829351632449412
3595,0.00667077671544173
3596,0.00412132799266753
3597,0.00145058715564521
3598,-0.000677708791299283
3599,-0.00218244908906316
3600,-0.00345508458179128
3601,-0.00481285599769703
3602,-0.00598956821028427
3603,-0.00641096942377935
3604,-0.00625491697370756
3605,-0.00695640666634861
3606,-0.00998642789688374
3607,-0.0149322853612777
3608,-0.0193314268387791
3609,-0.0208903613058099
3610,-0.0196451366373867
3611,-0.0175429827628809
3612,-0.0161285182418719
3613,-0.0152091143831303
3614,-0.01375399123179
3615,-0.0114162016720088
3616,-0.00878741808416222
3617,-0.00656278898185352
3618,-0.00494202219445114
3619,-0.00371651133118768
3620,-0.00256968096270932
3621,-0.00134544817245508
3622,-0.000300539201431384
3623,5.67543659869131E-05
3624,-0.000206548332241593
3625,0.000127688583142198
3626,0.00252828186506994
3627,0.00690674734012338
3628,0.0111422046452697
3629,0.0129345348857412
3630,0.0120216386554438
3631,0.0101829084476911
3632,0.00915525198014166
3633,0.00899836914670472
3634,0.00852901672352825
3635,0.00685361615457368
3636,0.00416785091918573
3637,0.00135114980365922
3638,-0.000852370070208774
3639,-0.00233013058453375
3640,-0.00352674922517908
3641,-0.00484763511693921
3642,-0.00605528753318757
3643,-0.0065226948083147
3644,-0.006366019713911
3645,-0.00701426946469063
3646,-0.00997515077714621
3647,-0.0148685940151644
3648,-0.0192420672183471
3649,-0.0207964281199724
3650,-0.0195582754682915
3651,-0.0174772375535742
3652,-0.0161137931990497
3653,-0.0152713708882832
3654,-0.0138698905060634
3655,-0.0115183780042659
3656,-0.00884892561025224
3657,-0.00665176462755955
3658,-0.00513914664987278
3659,-0.00398245882973731
3660,-0.00275763550776037
3661,-0.00137090375907894
3662,-0.000246346040638137
3663,4.18413916449353E-05
3664,-0.000340550393140553
3665,-6.69325542710862E-05
3666,0.00231932324272581
3667,0.00666860046612391
3668,0.0108822997172734
3669,0.0127364348665794
3670,0.0119549233308097
3671,0.0101837726020618
3672,0.00906138168670483
3673,0.00872508002293807
3674,0.00818497648354496
3675,0.00664911647361296
3676,0.00420543264013903
3677,0.001526932229661
3678,-0.000724761412286188
3679,-0.00231910212297008
3680,-0.00354691038773934
3681,-0.00482095956058657
3682,-0.00603301458480635
3683,-0.00658055837567704
3684,-0.00642336099560415
3685,-0.00687755477218833
3686,-0.00960065934426596
3687,-0.0144863760593047
3688,-0.019125863064418
3689,-0.0209507830930986
3690,-0.0197328299247559
3691,-0.0174868159455784
3692,-0.0160419450750138
3693,-0.0153171309064377
3694,-0.0140770995163693
3695,-0.0117357695755196
3696,-0.00892024723766282
3697,-0.00656610300867089
3698,-0.00499754404833563
3699,-0.00388605179982272
3700,-0.00274729837496288
3701,-0.00142483985624154
3702,-0.000306569138806997
3703,1.05864066710721E-05
3704,-0.000386930533446594
3705,-0.00021941030286801
3706,0.0020394168770603
3707,0.00636360358240923
3708,0.0106763578597536
3709,0.0126429222482785
3710,0.0118954120006739
3711,0.0101268978434189
3712,0.00906791769607193
3713,0.00882883674035943
3714,0.00829951853520636
3715,0.00666603441441406
3716,0.00415657147988215
3717,0.00156517575767062
3718,-0.000521991244698722
3719,-0.00205298652804245
3720,-0.00335969009098346
3721,-0.00470757238745505
3722,-0.00585929206236377
3723,-0.00626956258530733
3724,-0.00604636710724513
3725,-0.00654183600318169
3726,-0.00931341514168952
3727,-0.0141790499334603
3728,-0.0187767716955851
3729,-0.0206226867210586
3730,-0.0194910998101792
3731,-0.0173265924467283
3732,-0.0159086672818795
3733,-0.0151663208628414
3734,-0.0138996493241593
3735,-0.0115517128099072
3736,-0.00877008882860516
3737,-0.00648960845188086
3738,-0.00499615883292028
3739,-0.00391032983484745
3740,-0.00273672661731524
3741,-0.00135312117166958
3742,-0.000176706438251987
3743,0.000201206788138718
3744,-0.000125489825326651
3745,9.49356048589061E-05
3746,0.00234320337768119
3747,0.0065747159228931
3748,0.0107353753992293
3749,0.0125410931243189
3750,0.0116924135462084
3751,0.00994404365154054
3752,0.0090273392695176
3753,0.00896410122964544
3754,0.00852612388460197
3755,0.00685460132462899
3756,0.00423307992621719
3757,0.00153589983823118
3758,-0.000617226239751442
3759,-0.00217733294803287
3760,-0.00347856758938991
3761,-0.00479970190345156
3762,-0.00595320706829874
3763,-0.0064387831718747
3764,-0.00632963839763024
3765,-0.006872002503542
3766,-0.00955764173369007
3767,-0.0142634339053654
3768,-0.0187607709559933
3769,-0.0206453912839212
3770,-0.0196525679042001
3771,-0.0176180375994069
3772,-0.0162354366398213
3773,-0.0154255576036837
3774,-0.0140477750218321
3775,-0.0116146330104776
3776,-0.00879116086391397
3777,-0.00647317145167843
3778,-0.00492079001141271
3779,-0.0038033184021264
3780,-0.00269971595775952
3781,-0.00147269335000794
3782,-0.000420197820406758
3783,-5.25156287960713E-05
3784,-0.000350758757737767
3785,-0.000197931268608519
3786,0.00190559868332373
3787,0.00611703521190822
3788,0.0105231283290897
3789,0.0126962601321636
3790,0.012020145375997
3791,0.0101028240690101
3792,0.00885985629202749
3793,0.00861199642150315
3794,0.00822634915583653
3795,0.00669350941297156
3796,0.00413767319004688
3797,0.00144459277396055
3798,-0.000668990543672706
3799,-0.00215052505465707
3800,-0.0034275511669817
3801,-0.00481106850956005
3802,-0.00601487415710237
3803,-0.00643902638239732
3804,-0.00620169616566644
3805,-0.00669339858501823
3806,-0.00947658977670668
3807,-0.0143549967421184
3808,-0.018984013566184
3809,-0.0209107809146788
3810,-0.0198815665214492
3811,-0.017752349927317
3812,-0.0162609582963172
3813,-0.0154173607166998
3814,-0.0141385856866976
3815,-0.0118651948478172
3816,-0.00911459418515872
3817,-0.00673369278019685
3818,-0.00508753303204087
3819,-0.00394912073098795
3820,-0.00285670444462672
3821,-0.00156615542258448
3822,-0.000377021754497124
3823,8.6846093813649E-05
3824,-0.000220990742288823
3825,-0.000128390041682907
3826,0.00193389961188238
3827,0.00611951655133493
3828,0.0105028369004119
3829,0.0127029278693374
3830,0.0121325799765173
3831,0.0103200968027818
3832,0.00907642125277864
3833,0.00874795270328417
3834,0.00832971413736385
3835,0.00685522272141654
3836,0.0043507432884763
3837,0.00163042580028118
3838,-0.000514666140287396
3839,-0.0019389840239323
3840,-0.00313351093874178
3841,-0.00456022994930277
3842,-0.00594639665904181
3843,-0.00652311675656452
3844,-0.00626451637667088
3845,-0.00660849506037095
3846,-0.00927026131282511
3847,-0.0141280460015552
3848,-0.0188015552589473
3849,-0.0207952571619
3850,-0.0198497633540687
3851,-0.0177939972618051
3852,-0.0162974446290986
3853,-0.0153458860152853
3854,-0.0139407057608745
3855,-0.0116427934821629
3856,-0.00899558644115093
3857,-0.00675630423384583
3858,-0.00519397474939979
3859,-0.00407318254726757
3860,-0.00297991333171573
3861,-0.00168357408813834
3862,-0.000448907234591013
3863,0.000108256394467079
3864,-0.000119704850210575
3865,-2.89660758829297E-05
3866,0.00195696267372098
3867,0.00606238760405489
3868,0.0104118612297392
3869,0.0126183311680301
3870,0.0120750319704135
3871,0.0103093217443536
3872,0.00912695711469749
3873,0.00885349899458431
3874,0.00848596945095159
3875,0.00708964453012826
3876,0.00468022529910458
3877,0.00197896248894386
3878,-0.000295378148760629
3879,-0.00191847060084997
3880,-0.00320136961452273
3881,-0.0045313735155051
3882,-0.0057594756285523
3883,-0.00628551606498298
3884,-0.00610182593029219
3885,-0.00652540650917286
3886,-0.00918356056163218
3887,-0.0139922629761361
3888,-0.0186585032907021
3889,-0.0207152209158808
3890,-0.0198596942360615
3891,-0.0178626888947316
3892,-0.0163713386125795
3893,-0.0153989812667034
3894,-0.0139974458957301
3895,-0.0117408989311869
3896,-0.00912151063124972
3897,-0.00684392523942084
3898,-0.0052069544677892
3899,-0.00405766986341054
3900,-0.0029928024736676
3901,-0.00169047220148474
3902,-0.000360106056154823
3903,0.000286807654932975
3904,-2.8326911783459E-06
3905,-0.000119526329125689
3906,0.00169017124234023
3907,0.00579860979875946
3908,0.0102917002217394
3909,0.0126338681691445
3910,0.0121415716450231
3911,0.0103844674012879
3912,0.00922122836368146
3913,0.00896133543149398
3914,0.00856451342083501
3915,0.00711614409514867
3916,0.00469368548402359
3917,0.00203723372443884
3918,-0.000191916718555918
3919,-0.00183851033699707
3920,-0.00321331246136376
3921,-0.00463489613891759
3922,-0.00589255988470084
3923,-0.0063851779624747
3924,-0.00614096948403781
3925,-0.00649870003420579
3926,-0.0090885822084024
3927,-0.0138403928582244
3928,-0.0184844314883547
3929,-0.0205524697143366
3930,-0.0197168726597734
3931,-0.0177480685710528
3932,-0.0163279355923014
3933,-0.0154757722386961
3934,-0.0141752966518058
3935,-0.0119245428963291
3936,-0.00923161369368677
3937,-0.00689233428265736
3938,-0.00524891656012692
3939,-0.00409284158313671
3940,-0.00296838725247926
3941,-0.00160738462525685
3942,-0.000315433387565808
3943,0.000213217864462944
3944,-0.000125337407463835
3945,-0.000116697760125932
3946,0.00189891682004131
3947,0.00608205631825687
3948,0.0104277198831459
3949,0.0125452670245459
3950,0.0119822169398343
3951,0.0103810300826651
3952,0.00945320387721774
3953,0.00931261497819246
3954,0.00886282766206582
3955,0.00726986977653273
3956,0.00468961198846079
3957,0.00187500169240958
3958,-0.000487748402416321
3959,-0.00215455715543674
3960,-0.00338972662440819
3961,-0.00463533918067028
3962,-0.00588990681491396
3963,-0.00659480177153228
3964,-0.00656088683445263
3965,-0.00688917556666979
3966,-0.00925207123212296
3967,-0.0138657742052173
3968,-0.0186430937502305
3969,-0.0209739952457715
3970,-0.0202503400554448
3971,-0.0181587003519978
3972,-0.016551172209734
3973,-0.0156216222211467
3974,-0.0143389794323418
3975,-0.0120807955991682
3976,-0.0093137427421238
3977,-0.00689902332124314
3978,-0.00524333287903269
3979,-0.00413980423592166
3980,-0.00309483287213992
3981,-0.00178229157115087
3982,-0.000443125120956129
3983,0.000226926454898057
3984,-2.43329503315171E-06
3985,-6.48202367142941E-05
3986,0.00172676827477214
3987,0.00575025242283673
3988,0.0101615981455595
3989,0.0124718113497106
3990,0.011990951776656
3991,0.0102719313850951
3992,0.00915813148466699
3993,0.00892072361943165
3994,0.00848646286572324
3995,0.0069757806122373
3996,0.00454095404314726
3997,0.00192904756414543
3998,-0.000276633957122661
3999,-0.00196393971650941
4000,-0.00338463265233472
4001,-0.00480133012292204
4002,-0.00605316866575157
4003,-0.00660576366512648
4004,-0.00642202753159282
4005,-0.00670426664564402
4006,-0.009097521140124
4007,-0.0137437897734334
4008,-0.0185391376297849
4009,-0.0209160436839246
4010,-0.0202881885358781
4011,-0.0182903631578276
4012,-0.0166939406617049
4013,-0.0156846132405866
4014,-0.0143343284321441
4015,-0.0121395805499273
4016,-0.0095531455053167
4017,-0.00726586097444391
4018,-0.00552231722771312
4019,-0.00415300592660613
4020,-0.00289055559617621
4021,-0.00159702591391056
4022,-0.000464610299340871
4023,3.88862523047311E-05
4024,-0.000162765332562868
4025,-7.8299355063754E-05
4026,0.00179582219490832
4027,0.00578578125752754
4028,0.0101823545039574
4029,0.0126171412860237
4030,0.0123199513409159
4031,0.0106483826474146
4032,0.00939254059685145
4033,0.00899029606583455
4034,0.00853969864042617
4035,0.00711532908630972
4036,0.00468625180832502
4037,0.00194659659496027
4038,-0.000364962813571484
4039,-0.00198933096219284
4040,-0.00323991650966485
4041,-0.00455600132565188
4042,-0.00583368615177346
4043,-0.0064359681033773
4044,-0.00624595073159912
4045,-0.00652097859264622
4046,-0.00898400921951424
4047,-0.0137379723189735
4048,-0.0185737149697282
4049,-0.0209024214601824
4050,-0.0202201047402437
4051,-0.0182272675582717
4052,-0.0166787729264284
4053,-0.0157239259593699
4054,-0.0144296549525488
4055,-0.0122757046917231
4056,-0.00966170052720182
4057,-0.00727427620644807
4058,-0.00547045544617519
4059,-0.00420290377021788
4060,-0.00315603354809885
4061,-0.00198100457030309
4062,-0.000732371173699138
4063,3.85585174620888E-06
4064,-0.000105947330310299
4065,-0.000173822935588388
4066,0.00147659053006766
4067,0.00542491312750721
4068,0.0100131077539413
4069,0.012678305181267
4070,0.0124441560500063
4071,0.0106770711369216
4072,0.00934593562216028
4073,0.00900071286961312
4074,0.00866571458160496
4075,0.00729014274656872
4076,0.00484223975917358
4077,0.00211112443487206
4078,-0.000141886522680473
4079,-0.00174752150807795
4080,-0.00307960112517337
4081,-0.00451245217683147
4082,-0.00584604898867041
4083,-0.00643874313730501
4084,-0.00622516820711175
4085,-0.00646623512957177
4086,-0.00885686007200754
4087,-0.0135329186988024
4088,-0.018355844387283
4089,-0.0207257447043273
4090,-0.0200444806893706
4091,-0.0179811190250185
4092,-0.0163819086244266
4093,-0.0154721636327517
4094,-0.0142594540941442
4095,-0.0121162370522328
4096,-0.00943737930325305
4097,-0.00698576468946842
4098,-0.00514419343954824
4099,-0.00382950688920028
4100,-0.00273280776046391
4101,-0.00156741047020979
4102,-0.000400524902394169
4103,0.000242184515421173
4104,5.10845276279904E-05
4105,-0.000136589266159344
4106,0.0013519131664404
4107,0.00521060448320647
4108,0.00987424325249378
4109,0.012696766914581
4110,0.0125275166679948
4111,0.0106848659748708
4112,0.00925790912724714
4113,0.00891303217782797
4114,0.00866637424463127
4115,0.00739529492288705
4116,0.00502349852257397
4117,0.00231237304501719
4118,-3.58890645942635E-06
4119,-0.0017226730834192
4120,-0.00311385826856831
4121,-0.00449455917694944
4122,-0.0057481114805924
4123,-0.00634569541942095
4124,-0.00618921313698817
4125,-0.00640083026047586
4126,-0.00865513622369038
4127,-0.0132566676509271
4128,-0.01820599312977
4129,-0.0208043394335299
4130,-0.020229915101441
4131,-0.0180943133944212
4132,-0.0164145139066836
4133,-0.0155658069737683
4134,-0.0144821528407635
4135,-0.0123643131520766
4136,-0.0095935806072134
4137,-0.00708749225824221
4138,-0.00531098251001692
4139,-0.00406599741930227
4140,-0.00291113708931182
4141,-0.00161625085072113
4142,-0.000406226991973184
4143,0.000186861084601003
4144,1.63142693008239E-05
4145,-1.86137626125791E-05
4146,0.00156292659302143
4147,0.00524272529440972
4148,0.00954840579163211
4149,0.0121830084263438
4150,0.0122063679010269
4151,0.0107635117436394
4152,0.00958373334030348
4153,0.00916231788408738
4154,0.00865106296534533
4155,0.00716779868071296
4156,0.00474666791118771
4157,0.00208801059511066
4158,-0.000193421958269906
4159,-0.00195555854022565
4160,-0.00342602535101208
4161,-0.00482967654347637
4162,-0.00600892999349098
4163,-0.00650224913920378
4164,-0.00631501884380338
4165,-0.00657361961102054
4166,-0.00883304265187824
4167,-0.0132995482317872
4168,-0.0180398531594691
4169,-0.0205342228009078
4170,-0.020059237672398
4171,-0.0181452967868648
4172,-0.0166531920330247
4173,-0.0158799964002572
4174,-0.014774723112245
4175,-0.0125600778808279
4176,-0.00963054286211923
4177,-0.00697943482487504
4178,-0.00520149284899994
4179,-0.00413350688081657
4180,-0.0031805390163771
4181,-0.00191816025677974
4182,-0.000572842142133492
4183,0.000127272734362937
4184,-8.89440738620465E-05
4185,-0.000204519884676558
4186,0.00144704118235247
4187,0.00532283079470804
4188,0.00973203403922463
4189,0.0122549819689792
4190,0.0120774680767548
4191,0.0105378359621032
4192,0.00939558108076738
4193,0.00904924949457504
4194,0.00861780422377151
4195,0.00727308774186728
4196,0.00503854059787041
4197,0.00249933252583552
4198,0.000210431193685272
4199,-0.00159766159596662
4200,-0.00306537991739127
4201,-0.00449127530724826
4202,-0.00584026821098351
4203,-0.00658283031926143
4204,-0.00648847769858633
4205,-0.00658978706444565
4206,-0.00865835046569366
4207,-0.0131807545208498
4208,-0.0182118641932225
4209,-0.0209377386511329
4210,-0.0204152622245777
4211,-0.0182621382626184
4212,-0.0165794550587993
4213,-0.0157836741827212
4214,-0.0147792483224597
4215,-0.0127204451863227
4216,-0.00995744200129706
4217,-0.007393474603873
4218,-0.00552034161892158
4219,-0.00422218922388167
4220,-0.00312550020602561
4221,-0.00196165666008879
4222,-0.000840257330953664
4223,-0.000242401209075896
4224,-0.000384161896563547
4225,-0.000432440880231712
4226,0.00115958778697702
4227,0.00500330303772716
4228,0.00962555511772344
4229,0.0125375846936434
4230,0.0125860243913084
4231,0.0108959356334331
4232,0.00940243804737572
4233,0.00886126944691721
4234,0.0085244522088617
4235,0.00736654690717707
4236,0.00515433527875402
4237,0.00243331495838606
4238,-7.81239736698189E-05
4239,-0.0019880573344029
4240,-0.00340293161059222
4241,-0.0046852672461533
4242,-0.00588917644062827
4243,-0.00655970075646829
4244,-0.0064892574413064
4245,-0.00664948637959446
4246,-0.00871035175291741
4247,-0.0131309467294098
4248,-0.0180617147277983
4249,-0.0208016656845236
4250,-0.0203955219392733
4251,-0.0183298347594192
4252,-0.0166064421801767
4253,-0.0156749578156555
4254,-0.0145406220051963
4255,-0.0124056845993819
4256,-0.00959941304607146
4257,-0.00700685841901377
4258,-0.00513286384218297
4259,-0.00385897742685834
4260,-0.0027702588468422
4261,-0.00156919997717087
4262,-0.000395037633435117
4263,0.000217282899835223
4264,3.43464238094955E-05
4265,-9.24203823397011E-05
4266,0.00139337192872879
4267,0.00510072957123998
4268,0.00958603944792371
4269,0.0124288759108212
4270,0.0125215325029984
4271,0.0109542647312067
4272,0.00956983152316159
4273,0.00905076462231221
4274,0.00864783400294894
4275,0.00740078760771088
4276,0.00516692430887112
4277,0.00254959649777962
4278,0.000236535375170264
4279,-0.00149896295315276
4280,-0.00287953398589116
4281,-0.00426625008071677
4282,-0.00558960998234023
4283,-0.00628220665217969
4284,-0.0061567019782095
4285,-0.00629202958216293
4286,-0.00839694581943043
4287,-0.0128506703544126
4288,-0.0177369889732474
4289,-0.0204253848652244
4290,-0.0200824490171434
4291,-0.0181760280557338
4292,-0.0165450074860711
4293,-0.0155613819148871
4294,-0.0143756373595557
4295,-0.0123629831169678
4296,-0.00977381556958878
4297,-0.00723094890603219
4298,-0.00516345840251232
4299,-0.00370783316420014
4300,-0.00269789928181639
4301,-0.00171601153169599
4302,-0.00056935125351488
4303,0.000264356315677214
4304,0.000224301445454558
4305,-9.33927200124328E-05
4306,0.00106789922765347
4307,0.00472441548848999
4308,0.00950718934636365
4309,0.0126579577541163
4310,0.0127812100555787
4311,0.0110710622725484
4312,0.00965160728258267
4313,0.00926508991750095
4314,0.00897679145506344
4315,0.00770275242155933
4316,0.00538661780292903
4317,0.00275012509853588
4318,0.000454648616566618
4319,-0.00131651404394412
4320,-0.0027741533534328
4321,-0.00419201201726543
4322,-0.00548957571251904
4323,-0.00618059166600744
4324,-0.00610391273106056
4325,-0.00624499836865491
4326,-0.00824062978892772
4327,-0.0125606609095796
4328,-0.0174526684998444
4329,-0.0203029046106357
4330,-0.0201071794997735
4331,-0.0181884332472986
4332,-0.0164442180544057
4333,-0.0154026173038638
4334,-0.0142419822452608
4335,-0.0122338105493063
4336,-0.00961183015518371
4337,-0.00713824153443884
4338,-0.00530221655184508
4339,-0.00403394316677377
4340,-0.00291404051222779
4341,-0.00159788683935032
4342,-0.000254728171433884
4343,0.000454433806109315
4344,0.000218007707624358
4345,-3.98102903912925E-05
4346,0.00136226376402095
4347,0.00504702089297776
4348,0.00947942274453794
4349,0.0121981470905968
4350,0.0121778908363502
4351,0.0106091112685105
4352,0.00933292347727653
4353,0.00895121654044244
4354,0.0086532754560809
4355,0.00746474592445502
4356,0.00523762854391204
4357,0.0025774182494118
4358,0.000214811002701596
4359,-0.00151905228259197
4360,-0.00285479309909338
4361,-0.00423386074017883
4362,-0.00562920470764156
4363,-0.00639348784964564
4364,-0.00621362044871873
4365,-0.00615690353915001
4366,-0.00807880508869103
4367,-0.0125277801214357
4368,-0.0176106673844529
4369,-0.0205491222519243
4370,-0.020329715310027
4371,-0.018367266961052
4372,-0.0166027771448413
4373,-0.0155468057767565
4374,-0.0143942585734605
4375,-0.0124631203933303
4376,-0.00994389249010241
4377,-0.00745790750605317
4378,-0.00544601310288449
4379,-0.00401681917522763
4380,-0.00297713018424967
4381,-0.00194839216376197
4382,-0.000799425476731928
4383,1.74303374706009E-05
4384,4.30055831986196E-05
4385,-0.000106628864706361
4386,0.00117926874243163
4387,0.00475225661673068
4388,0.00926973344840311
4389,0.0121789631987325
4390,0.0122432889469922
4391,0.0106190297088578
4392,0.00929438029576868
4393,0.00895947794665428
4394,0.0087312590798396
4395,0.00754766182296912
4396,0.00527628963216242
4397,0.00256553732555457
4398,0.000131348340493358
4399,-0.00169396580331097
4400,-0.00304996361421359
4401,-0.00431531804735536
4402,-0.00557517362067659
4403,-0.00636294400418065
4404,-0.00635646110593207
4405,-0.00640475162737844
4406,-0.00822271660033605
4407,-0.0124838386915013
4408,-0.0175009481211422
4409,-0.0205074811453655
4410,-0.0203455680489422
4411,-0.0183834679949911
4412,-0.0166611529886125
4413,-0.0157155336697167
4414,-0.0146013171975898
4415,-0.0125459920336248
4416,-0.00988348979556222
4417,-0.00743511853842778
4418,-0.00559952227581311
4419,-0.00424001591476976
4420,-0.00305440306366923
4421,-0.00183550226299915
4422,-0.000655103328952253
4423,5.85732866998483E-05
4424,6.4948409665823E-06
4425,-0.000148233723090691
4426,0.00112782813647858
4427,0.00468039079092518
4428,0.00927104814855676
4429,0.012366530829404
4430,0.0125727352603652
4431,0.010906101095385
4432,0.00942911593748256
4433,0.00901001443440767
4434,0.00879502445414863
4435,0.00759134317873733
4436,0.00521067582473656
4437,0.00242752854866448
4438,7.89728265880298E-05
4439,-0.00157782327933353
4440,-0.00286189213847272
4441,-0.00420458271454889
4442,-0.00558042566623795
4443,-0.00642232403245931
4444,-0.00641935888428744
4445,-0.00645439899866461
4446,-0.00821788572865435
4447,-0.0123766937626061
4448,-0.0173333958491979
4449,-0.0204063852743234
4450,-0.0203676537721282
4451,-0.0184205070781095
4452,-0.0165725915406756
4453,-0.0155260845514615
4454,-0.014479497939801
4455,-0.012577796012195
4456,-0.00995585813052218
4457,-0.00739416962033963
4458,-0.00545711794460791
4459,-0.00413967139947985
4460,-0.00306129321767132
4461,-0.00186131060866264
4462,-0.000611748194948484
4463,0.000119916788490464
4464,-2.64354987902535E-05
4465,-0.000286552218850242
4466,0.00097581402627495
4467,0.00457279755140346
4468,0.00918955825412849
4469,0.0123234772596087
4470,0.0126594263907188
4471,0.0111615523030209
4472,0.0097256710321419
4473,0.00917819504645651
4474,0.00885539159680315
4475,0.00775445834801429
4476,0.00560253925788291
4477,0.00289817849717597
4478,0.000363659370636129
4479,-0.00155278726803781
4480,-0.00292602799880643
4481,-0.00417952924014826
4482,-0.00546287739916267
4483,-0.00630397060776685
4484,-0.00633252567689387
4485,-0.00638765953397186
4486,-0.00822146867715682
4487,-0.0125266755368772
4488,-0.017584665816647
4489,-0.020593217263414
4490,-0.0204054836722673
4491,-0.0184292765123725
4492,-0.0167232888344316
4493,-0.0158123611936367
4494,-0.014731892186828
4495,-0.0126869777566443
4496,-0.0099840592611744
4497,-0.00744461801421659
4498,-0.00552940410605932
4499,-0.00418027578786954
4500,-0.00309061836577421
4501,-0.00195138418467469
4502,-0.000753044739546772
4503,2.85871403396872E-05
4504,-3.26822165364799E-05
4505,-0.000329399308762026
4506,0.000756178476690378
4507,0.00421298906120702
4508,0.0088800844247209
4509,0.0121817318561577
4510,0.0125924190824238
4511,0.0109944582037343
4512,0.00941970321010826
4513,0.0088565579341672
4514,0.00862855472565432
4515,0.00759880784042909
4516,0.00544758376371805
4517,0.00277078322221751
4518,0.000364314578308439
4519,-0.0014085060325499
4520,-0.00276115932173246
4521,-0.00411652127875539
4522,-0.00548491026716487
4523,-0.00630063310413758
4524,-0.00623693990263431
4525,-0.00619923323517596
4526,-0.00792534735354038
4527,-0.0121018301130473
4528,-0.0171269834044978
4529,-0.0203305701867858
4530,-0.0204888480099825
4531,-0.0187359717838052
4532,-0.0169626640418889
4533,-0.0158431384432472
4534,-0.0147007149607013
4535,-0.0128184636249911
4536,-0.0102966260840794
4537,-0.00773876387918253
4538,-0.00562777591632285
4539,-0.00410265633931181
4540,-0.00297587854180511
4541,-0.00186461914457577
4542,-0.000620077572330234
4543,0.000310318032101054
4544,0.000398620684412689
4545,0.000145447254953523
4546,0.00115838773320678
4547,0.00449116867186851
4548,0.00904211757866958
4549,0.0122653411840212
4550,0.0126711465626336
4551,0.011177333950947
4552,0.00977659015145576
4553,0.0093210333446737
4554,0.00901988058211004
4555,0.00778558933314327
4556,0.00547519528591936
4557,0.0027929587597509
4558,0.000465018572642375
4559,-0.001278256968403
4560,-0.00267815683397373
4561,-0.00408498503724006
4562,-0.00547296078405385
4563,-0.00632456070205491
4564,-0.00634771521759236
4565,-0.00639826678741232
4566,-0.00814551014451819
4567,-0.0122745741686606
4568,-0.0172251345630237
4569,-0.0203385201532109
4570,-0.0203860640541461
4571,-0.0185482166201001
4572,-0.0167963247123048
4573,-0.015813442187035
4574,-0.0148225145072825
4575,-0.0129992707075329
4576,-0.0104416778576669
4577,-0.00783221118579203
4578,-0.00570414121354903
4579,-0.00417832903584341
4580,-0.00304309742849085
4581,-0.0019343706697155
4582,-0.000727847293118412
4583,0.000149078209300994
4584,0.000207563125413364
4585,-5.1109755690195E-05
4586,0.000952776974839264
4587,0.00428305779552069
4588,0.00889249215425519
4589,0.0122426430016297
4590,0.0127414503011689
4591,0.0111832128715124
4592,0.00957636106179324
4593,0.00895437336016553
4594,0.00870026884086799
4595,0.00770419396408121
4596,0.00562239870892657
4597,0.00298711994880312
4598,0.000546400048703269
4599,-0.00130811815452738
4600,-0.002709189398353
4601,-0.0040557642734825
4602,-0.00543649590494212
4603,-0.00635365365924651
4604,-0.00641039500490946
4605,-0.00636894578987937
4606,-0.00794768005615661
4607,-0.0119850817894448
4608,-0.0170114852221308
4609,-0.0202996970381482
4610,-0.0204753711068482
4611,-0.0186465305134285
4612,-0.0168275604070835
4613,-0.01577482797556
4614,-0.0147356312513062
4615,-0.0128769458623145
4616,-0.0103059155605379
4617,-0.00773181172880642
4618,-0.00569064975634437
4619,-0.00426939689692672
4620,-0.00321230078364744
4621,-0.00212532910655034
4622,-0.000878158318864348
4623,6.80093968638151E-05
4624,0.000152204171703059
4625,-0.000174087408862072
4626,0.000719911717851237
4627,0.00402690552022426
4628,0.00876339264544474
4629,0.012291820099329
4630,0.0128576923837109
4631,0.0112246005063283
4632,0.00954133670949426
4633,0.00896849619892828
4634,0.00883266805596742
4635,0.00785870798094204
4636,0.00565201864492189
4637,0.00288175207407435
4638,0.000446191467395949
4639,-0.00128518020841027
4640,-0.00260089122705687
4641,-0.00399538889184052
4642,-0.0054999416411863
4643,-0.00649974290510022
4644,-0.00654391899796941
4645,-0.00641719112744264
4646,-0.0078871085359838
4647,-0.0118492746500596
4648,-0.0168919839441487
4649,-0.0202965316155246
4650,-0.0206099120140101
4651,-0.0188396036911539
4652,-0.01699398905096
4653,-0.0159266972211892
4654,-0.0149575148802214
4655,-0.0132020669688915
4656,-0.0106564712050515
4657,-0.00799793013195027
4658,-0.005843181439915
4659,-0.00437499395626914
4660,-0.0033555088512433
4661,-0.00233906411043143
4662,-0.00113748737889064
4663,-0.00018506417113655
4664,-5.0478066874734E-05
4665,-0.000318776044062842
4666,0.000595449088105001
4667,0.00387207552520779
4668,0.00856835691250887
4669,0.012103237062129
4670,0.0127340447112618
4671,0.0111794255671251
4672,0.00953270763308929
4673,0.00894025955104607
4674,0.00876575013667793
4675,0.00779014751246849
4676,0.00564096560454607
4677,0.00293936990002323
4678,0.000497590019803739
4679,-0.00134393938072172
4680,-0.00278801959017423
4681,-0.00420659043123521
4682,-0.00561251892448578
4683,-0.00649879915967995
4684,-0.00651281544153124
4685,-0.00641747878373624
4686,-0.0079000772751792
4687,-0.0118428778971076
4688,-0.0168837535987757
4689,-0.0203111203461219
4690,-0.0206217590167375
4691,-0.0188165170959679
4692,-0.0169696405416821
4693,-0.0159569130012163
4694,-0.0150092681018851
4695,-0.0131674883976795
4696,-0.0105104258321483
4697,-0.0078712377015299
4698,-0.00587302185322231
4699,-0.00451408640291422
4700,-0.00339702781930041
4701,-0.00212851907682991
4702,-0.000713199151210486
4703,0.000279291969313963
4704,0.000281416630932761
4705,-0.000212746551390131
4706,0.000487332845808618
4707,0.00367136132141184
4708,0.00844278590202808
4709,0.0121286457658472
4710,0.0128176964657606
4711,0.0111642434932561
4712,0.00938232698767135
4713,0.00877922140723084
4714,0.00872625853960926
4715,0.00786129948587017
4716,0.00570072702858475
4717,0.00290845773276818
4718,0.000414021344619665
4719,-0.00139879859268
4720,-0.00278816048546354
4721,-0.00417982463540467
4722,-0.00557700203053708
4723,-0.00645074740758993
4724,-0.00647111875404182
4725,-0.00642645953221138
4726,-0.00796667368946942
4727,-0.0119187805864195
4728,-0.0169536772443838
4729,-0.0204611289349738
4730,-0.0209457327202498
4731,-0.0192568171008832
4732,-0.0173297236822585
4733,-0.0161091425947962
4734,-0.0150324809826773
4735,-0.0132267438474446
4736,-0.0106474754289329
4737,-0.0079831690041923
4738,-0.00587345374045394
4739,-0.00443449048147441
4740,-0.00332600703672684
4741,-0.00212317729810239
4742,-0.000787866418168169
4743,0.000149435315634084
4744,0.000175572795659568
4745,-0.000218865754571153
4746,0.000521498187072552
4747,0.00354839424542998
4748,0.00805426825792893
4749,0.011656300545015
4750,0.0125971837354668
4751,0.0113261304525751
4752,0.00971439641108219
4753,0.00898716146682449
4754,0.00875473143030139
4755,0.00788774819285662
4756,0.00586764354804306
4757,0.00316747818392521
4758,0.000644830812116794
4759,-0.00121033870834271
4760,-0.00255946666133883
4761,-0.00388540110628734
4762,-0.00531313206242047
4763,-0.00631583676971932
4764,-0.00642252328525674
4765,-0.00630963311152751
4766,-0.00768851570456141
4767,-0.0115433787910296
4768,-0.0165993074408046
4769,-0.0201474087191446
4770,-0.0206081138795271
4771,-0.0188973728054925
4772,-0.0170651026586515
4773,-0.0160245321882418
4774,-0.0150479292794586
4775,-0.0131801821617338
4776,-0.0104918479708306
4777,-0.00783611253742862
4778,-0.00586704131214746
4779,-0.00456749661505874
4780,-0.00347754022439776
4781,-0.00217278856305875
4782,-0.000711201834975836
4783,0.000263257372309951
4784,0.000192431930296109
4785,-0.000343958745839343
4786,0.000383938014596872
4787,0.00359503924373338
4788,0.00831275788134053
4789,0.0119073471423135
4790,0.0126001273047239
4791,0.0110901129648402
4792,0.00946537608860123
4793,0.00888013353379608
4794,0.00872180180696295
4795,0.00779709854811666
4796,0.00572276125291562
4797,0.00305554800511804
4798,0.000548307067589336
4799,-0.00142127137987591
4800,-0.00293019470803615
4801,-0.00427202617144332
4802,-0.00553432079340913
4803,-0.00635688457207548
4804,-0.00642276647231263
4805,-0.00637320307667989
4806,-0.00778124338666926
4807,-0.0115883809875038
4808,-0.0166094886234945
4809,-0.0202111876377289
4810,-0.0207611953331592
4811,-0.0190590180617328
4812,-0.0171198533108966
4813,-0.0159515964185358
4814,-0.0149542995556623
4815,-0.013204773746975
4816,-0.0106754721845808
4817,-0.00807881976561023
4818,-0.00601975828809831
4819,-0.00458358316723712
4820,-0.00347631463168425
4821,-0.00232538204084207
4822,-0.00104277447323045
4823,-6.20621830940281E-05
4824,9.58192860595901E-05
4825,-0.000187720552660415
4826,0.000600419890058507
4827,0.00369680444371732
4828,0.00834502630247105
4829,0.0120503795348977
4830,0.012909956852271
4831,0.011408591737369
4832,0.00961176064521326
4833,0.0088566697019744
4834,0.00865941530103915
4835,0.00774392979887843
4836,0.00559861253536672
4837,0.0028401945610039
4838,0.000413023408973985
4839,-0.0012716677058107
4840,-0.00252219349665814
4841,-0.00387267654511474
4842,-0.00536078774315012
4843,-0.00634000650337738
4844,-0.00631457724686748
4845,-0.00605134940150231
4846,-0.00737252164913329
4847,-0.0112906957673045
4848,-0.0164670342540604
4849,-0.0201092593109516
4850,-0.020597389620909
4851,-0.0188528181664345
4852,-0.0169583334078011
4853,-0.0158827576194399
4854,-0.0149564259156869
4855,-0.0132256824139057
4856,-0.0106750595500839
4857,-0.00805459520308214
4858,-0.0060164801067183
4859,-0.0046623437855986
4860,-0.00364545981003986
4861,-0.00251496146016896
4862,-0.00118348412567619
4863,-0.000189103279767207
4864,-0.000139894647633617
4865,-0.000601716780076049
4866,8.21884886613899E-05
4867,0.00321453824729523
4868,0.00795872680666449
4869,0.0117067105883972
4870,0.0125424501397681
4871,0.0110204289167211
4872,0.00924620132871304
4873,0.00853050618198214
4874,0.00836647971554017
4875,0.00750070405337154
4876,0.0054287198839827
4877,0.00270214068093314
4878,0.000192898737066552
4879,-0.0016487776716028
4880,-0.00298724186576394
4881,-0.00426560363219347
4882,-0.00560212031531416
4883,-0.00651338561166715
4884,-0.00654854806641191
4885,-0.00634236253634278
4886,-0.00757234312761888
4887,-0.0112749620169823
4888,-0.0162749843105463
4889,-0.0198918003759445
4890,-0.0204567317233599
4891,-0.0187722887446271
4892,-0.0168752556992855
4893,-0.0157820580786236
4894,-0.0148762221064973
4895,-0.0132020896537292
4896,-0.0107039010555256
4897,-0.00809131205848623
4898,-0.00599927955480242
4899,-0.00455711278946948
4900,-0.00349253745744835
4901,-0.00241340650562224
4902,-0.00119044535990231
4903,-0.000233719403802118
4904,-7.31415847851158E-05
4905,-0.000348058313088395
4906,0.000444753406638212
4907,0.00354146341789283
4908,0.0081848181688654
4909,0.0118831097574085
4910,0.0127447171729746
4911,0.0112564427558584
4912,0.00946220465963402
4913,0.00868516396963018
4914,0.00848086639120904
4915,0.00763789977271686
4916,0.00563212791408136
4917,0.00295878206353266
4918,0.000467003520141712
4919,-0.00134331504414946
4920,-0.00257129196983201
4921,-0.00368639309817854
4922,-0.00493714036911023
4923,-0.00593583406394415
4924,-0.0061554071340778
4925,-0.00604366615951284
4926,-0.00719889582234891
4927,-0.0107943013098114
4928,-0.0158518603421191
4929,-0.0197097881123057
4930,-0.020510605394524
4931,-0.0188694653782559
4932,-0.0168263785534616
4933,-0.0155545171163349
4934,-0.0145701895753103
4935,-0.0129248679612387
4936,-0.0104912446159204
4937,-0.00791681808459363
4938,-0.00581574439793674
4939,-0.00432842610994248
4940,-0.00321737319567103
4941,-0.00213358206524247
4942,-0.000965958178231248
4943,-0.000102440123997367
4944,-3.99245499291005E-05
4945,-0.000406398422547648
4946,0.000306389747817131
4947,0.00336537239650138
4948,0.00804877375947367
4949,0.0118452685613592
4950,0.0127839332760783
4951,0.0112962939965762
4952,0.00946355514499074
4953,0.00869066413723594
4954,0.00855058457961454
4955,0.00776331757556033
4956,0.00574624159902468
4957,0.00302311369555895
4958,0.000503736423224077
4959,-0.00132475204729649
4960,-0.0026419622751924
4961,-0.00394176543870893
4962,-0.0053715076858441
4963,-0.00641104831759358
4964,-0.00651447992268432
4965,-0.00623658509845926
4966,-0.00728408875035765
4967,-0.0108468264994103
4968,-0.0159072144766785
4969,-0.0197828841393806
4970,-0.0206146417764998
4971,-0.0189947362019719
4972,-0.0169382498212458
4973,-0.0156504322522534
4974,-0.0147172106525275
4975,-0.0131931608713557
4976,-0.0108487895077241
4977,-0.00823826846583802
4978,-0.00602320615448987
4979,-0.00449022542883435
4980,-0.00346098943076044
4981,-0.00246627063275127
4982,-0.00123037407302279
4983,-0.000137354361578307
4984,0.000138500517724621
4985,-0.000198826024052979
4986,0.000371312304195244
4987,0.00326543388374374
4988,0.00786559179897509
4989,0.0116278410543452
4990,0.0125075557717464
4991,0.0109507944880985
4992,0.00912615174122693
4993,0.00846904248043518
4994,0.00847136352059669
4995,0.00775828628250944
4996,0.00575048686460942
4997,0.00304522551503608
4998,0.00058060846823881
4999,-0.00120300127371133
5000,-0.00252112321336724
5001,-0.00383687883192643
5002,-0.00526200622676181
5003,-0.00630578913941945
5004,-0.00647143119615646
5005,-0.00628850515616602
5006,-0.00737794471006152
5007,-0.0109004080746485
5008,-0.0159165598124393
5009,-0.0198341629913629
5010,-0.0207832482223224
5011,-0.0192567555777873
5012,-0.0171874521852183
5013,-0.0157816402819114
5014,-0.0146916209679108
5015,-0.0130552570709215
5016,-0.0106976839343088
5017,-0.00816047296283524
5018,-0.00602614136301027
5019,-0.00450908238588653
5020,-0.00344549706750646
5021,-0.0024441125049228
5022,-0.00126159599933813
5023,-0.000226744136955642
5024,3.733654716296E-05
5025,-0.000307644739145338
5026,0.000185179968858861
5027,0.0029669810059806
5028,0.00757477319926212
5029,0.0115736736660581
5030,0.0128262537233588
5031,0.0115345717029201
5032,0.0096878320480735
5033,0.0087687657110406
5034,0.00849003119441545
5035,0.00766061398856283
5036,0.00569278889516544
5037,0.00303387476830561
5038,0.000518493123699254
5039,-0.00136401219800411
5040,-0.00271922687425712
5041,-0.00399222318500062
5042,-0.00537600688997343
5043,-0.00642802443492659
5044,-0.006599465919339
5045,-0.00636304594379865
5046,-0.00737923860303717
5047,-0.0108899053306463
5048,-0.0159533025702067
5049,-0.0198923697056381
5050,-0.0207959351607783
5051,-0.0192182518138587
5052,-0.0171667837735945
5053,-0.0158426984295661
5054,-0.0148424744849126
5055,-0.0132733153372484
5056,-0.0109561187753407
5057,-0.00841502416961437
5058,-0.00622333388109165
5059,-0.00464391561893575
5060,-0.00358063668256474
5061,-0.0026286675022204
5062,-0.00144517676322681
5063,-0.000301445047802146
5064,0.000105851480443794
5065,-0.000179534899255008
5066,0.000274804971463208
5067,0.00301010057446784
5068,0.00761185019173002
5069,0.0115744752096439
5070,0.0126837787097797
5071,0.0112055112884268
5072,0.00929524740746571
5073,0.00850740099877661
5074,0.00843402026894188
5075,0.00771581302865474
5076,0.00575322623290054
5077,0.00312644368688641
5078,0.000732461146463765
5079,-0.00105994832399554
5080,-0.00249426527311896
5081,-0.00395000804186033
5082,-0.00540462626052717
5083,-0.00632937141351466
5084,-0.00634140478164447
5085,-0.00611513801688602
5086,-0.00728761537947727
5087,-0.0109011862306844
5088,-0.0159103597588446
5089,-0.019737847956658
5090,-0.0206016732383497
5091,-0.0190473107038883
5092,-0.0170072346946872
5093,-0.0156904895852248
5094,-0.0147543925564187
5095,-0.0132785385073924
5096,-0.0109742821944093
5097,-0.00834091716827799
5098,-0.00606830230150975
5099,-0.00451410899109439
5100,-0.00351367609986769
5101,-0.0025334280587028
5102,-0.0012446311157875
5103,-7.62676904910438E-05
5104,0.000184587605622599
5105,-0.000313828236154187
5106,3.76372033455601E-05
5107,0.00283379425456817
5108,0.00756775674270504
5109,0.0116289368782402
5110,0.0127756418699942
5111,0.0112940213978268
5112,0.00935772686664753
5113,0.00854668118438258
5114,0.00849643401652675
5115,0.00785678374243344
5116,0.00595596246600859
5117,0.00328134383539943
5118,0.000745960967762391
5119,-0.0011323866690777
5120,-0.00247310449160572
5121,-0.00373407996584578
5122,-0.00513019749162572
5123,-0.00626321473205146
5124,-0.00658641043918096
5125,-0.0064685389081831
5126,-0.00744809391242035
5127,-0.0107997197381025
5128,-0.0157699221468533
5129,-0.0198015350017303
5130,-0.0208819194122946
5131,-0.0193892531985101
5132,-0.0173203359587289
5133,-0.0160104601933222
5134,-0.0151009681778465
5135,-0.0135834088288928
5136,-0.0112013266154881
5137,-0.00857579902670638
5138,-0.00639095264460593
5139,-0.00483454423756038
5140,-0.00365027992408077
5141,-0.00245402038878379
5142,-0.00112385363410443
5143,-8.01034385590737E-05
5144,7.82725866409711E-05
5145,-0.00040879547911498
5146,-3.44838607772799E-05
5147,0.00270463041824608
5148,0.00738691084059538
5149,0.0115303808985958
5150,0.0128497900673896
5151,0.0114558043270705
5152,0.00945065221258242
5153,0.00852906400372764
5154,0.00845418803646568
5155,0.00785923667619281
5156,0.00598187639127858
5157,0.0032979886531116
5158,0.00078046236651416
5159,-0.00105331663241833
5160,-0.0024043594355876
5161,-0.00375361073684521
5162,-0.00519857943401076
5163,-0.0062134217342162
5164,-0.00629809576026214
5165,-0.00601931848295788
5166,-0.00704345766260548
5167,-0.0105617887190648
5168,-0.0156398279829647
5169,-0.0196469527812235
5170,-0.0206418277565618
5171,-0.0190842783246816
5172,-0.0169786825541281
5173,-0.0156540668798199
5174,-0.0147856634184319
5175,-0.0133682510600811
5176,-0.0110508038347164
5177,-0.00835971828285255
5178,-0.00603890583873397
5179,-0.00445528943597983
5180,-0.00343407271463824
5181,-0.00246718187097292
5182,-0.00126032489749074
5183,-0.000213249285579008
5184,-2.95689797007389E-05
5185,-0.000519701252523313
5186,-0.000123233794855665
5187,0.00268738079410928
5188,0.00740652045699384
5189,0.0114758275368887
5190,0.0126743023108833
5191,0.0112558081728099
5192,0.00936556793396665
5193,0.00859331603367824
5194,0.00858696085317446
5195,0.00797821802626062
5196,0.00607563543509859
5197,0.0033816062439574
5198,0.000833815749218357
5199,-0.00106165100232573
5200,-0.00245161587660926
5201,-0.00377030199550125
5202,-0.00515540251666837
5203,-0.0061701570122339
5204,-0.00633732095129153
5205,-0.006143718388845
5206,-0.00716997713343033
5207,-0.01062215434896
5208,-0.0156616786789704
5209,-0.0197236834553553
5210,-0.020841579234
5211,-0.0194027262301397
5212,-0.0173569046890821
5213,-0.0160140933216454
5214,-0.0150651654281414
5215,-0.0135648445695339
5216,-0.011237804290662
5217,-0.00861797838630647
5218,-0.00635249291781738
5219,-0.00470702763553018
5220,-0.00353212738286244
5221,-0.00244865440577552
5222,-0.00123291589295727
5223,-0.000219705359269013
5224,-2.96621724269586E-05
5225,-0.000507500791660785
5226,-0.000190963983827592
5227,0.00245156831372826
5228,0.00705401366864938
5229,0.0111796501676616
5230,0.012578954912431
5231,0.0113771501250056
5232,0.00962860691083149
5233,0.00891720335598479
5234,0.00891212992267276
5235,0.00824915335069296
5236,0.00624242701614001
5237,0.00342610886672478
5238,0.000780067147573534
5239,-0.00116547366520762
5240,-0.00256270190528695
5241,-0.00388145420495925
5242,-0.00530879679248346
5243,-0.006422263437617
5244,-0.00668447277616742
5245,-0.0064904034246817
5246,-0.00739973469515743
5247,-0.0107022784566215
5248,-0.0156553585067825
5249,-0.0197032882308034
5250,-0.020829901169941
5251,-0.0194105555607576
5252,-0.0174259719522673
5253,-0.0161722293116661
5254,-0.0152647063098702
5255,-0.0137263623609007
5256,-0.0113560860069346
5257,-0.00876797097877242
5258,-0.00657422249267812
5259,-0.00494222295171586
5260,-0.00371091914236708
5261,-0.00258292976763762
5262,-0.00135553695364872
5263,-0.000265769175825582
5264,0.000121555278932256
5265,-0.000163471231282084
5266,0.000166381308086107
5267,0.00266786524718267
5268,0.00720110420169407
5269,0.0114683267515034
5270,0.0130730547414448
5271,0.0118762553031906
5272,0.0098746632615761
5273,0.00887101849899653
5274,0.00877903582853091
5275,0.00826061238201864
5276,0.00646925736159792
5277,0.00379690373714562
5278,0.00120659836163844
5279,-0.000736036063535648
5280,-0.00218903848510813
5281,-0.00364475419344403
5282,-0.00524832863390577
5283,-0.00647203402465019
5284,-0.00670623601317563
5285,-0.00637873598424918
5286,-0.00715147541759773
5287,-0.0103968003483587
5288,-0.0153911121687613
5289,-0.0195489969683973
5290,-0.0207971352550336
5291,-0.0194428345384757
5292,-0.0174314656499964
5293,-0.0161047781563071
5294,-0.0151791819381059
5295,-0.0137270063934129
5296,-0.0114723052061081
5297,-0.00889302003328946
5298,-0.00654584402504955
5299,-0.00469075433107859
5300,-0.00333103064010103
5301,-0.00226250184657396
5302,-0.0012248119720615
5303,-0.000295820207674514
5304,7.82783021488481E-05
5305,-0.000107438839534987
5306,0.000281212130425374
5307,0.00269673722041994
5308,0.00706380399471308
5309,0.0112430788031278
5310,0.0129053152582674
5311,0.0118225904555321
5312,0.00987294722975867
5313,0.00884963105013224
5314,0.00874437039676421
5315,0.00826392863670154
5316,0.00652780934132922
5317,0.00387863150726806
5318,0.00127474192953636
5319,-0.000684796375539427
5320,-0.00212039953249562
5321,-0.00350880307984852
5322,-0.0050248647675793
5323,-0.00621323929821207
5324,-0.0065101362981541
5325,-0.00628587766873343
5326,-0.00708337973170049
5327,-0.0102449134042167
5328,-0.015171117731429
5329,-0.0194169646356449
5330,-0.0208809783690014
5331,-0.0196883941294816
5332,-0.0176544400315591
5333,-0.0161803390022486
5334,-0.0151368665510069
5335,-0.0136579299843458
5336,-0.0114001591305
5337,-0.00878618491477742
5338,-0.00643653770416807
5339,-0.00470803737364983
5340,-0.0035625197683634
5341,-0.00260726192956431
5342,-0.00146024308598352
5343,-0.000335184399508916
5344,3.44452812565537E-05
5345,-0.000465985730912553
5346,-0.00046826976297936
5347,0.00183195296226874
5348,0.00645666436436814
5349,0.0110281956702035
5350,0.0129272451391153
5351,0.0118658265818671
5352,0.00985734994317821
5353,0.00879864734670457
5354,0.00865975556074782
5355,0.00810874626223245
5356,0.00630261763225024
5357,0.00363887439301932
5358,0.00105926471971264
5359,-0.000899945174584949
5360,-0.00237702883898291
5361,-0.0038049463086533
5362,-0.00531790135979283
5363,-0.006463185631568
5364,-0.0066983686814784
5365,-0.00640734415615505
5366,-0.00714835152773264
5367,-0.0102873477291107
5368,-0.0152330428572253
5369,-0.0195161508849166
5370,-0.0210053548979528
5371,-0.0198266228464929
5372,-0.0178187980254195
5373,-0.016388575133572
5374,-0.0153815389594244
5375,-0.0139113161569793
5376,-0.0116484098529803
5377,-0.00903623835791133
5378,-0.00667400022240763
5379,-0.00486720698432737
5380,-0.00358078463583052
5381,-0.00252173122390851
5382,-0.00140579728458136
5383,-0.000390874529782396
5384,-1.42626671682824E-05
5385,-0.000282931967886206
5386,3.9972312150812E-06
5387,0.00234315564738089
5388,0.0066578865596446
5389,0.0108218336018111
5390,0.0125495214331893
5391,0.0116131380781219
5392,0.00980711290917215
5393,0.00884474033145526
5394,0.00874075468799221
5395,0.00827745984256669
5396,0.00656766763899924
5397,0.00386306961988988
5398,0.00110206138056561
5399,-0.000991031057678073
5400,-0.00241101294853441
5401,-0.00367956296335182
5402,-0.00513048542274371
5403,-0.00636840612601756
5404,-0.0067205802620496
5405,-0.00644510916556614
5406,-0.00712851380179796
5407,-0.0102488137948583
5408,-0.015254766692284
5409,-0.0196147637864803
5410,-0.021132147217404
5411,-0.0199394675443649
5412,-0.0179209036436832
5413,-0.0164962512734384
5414,-0.0154794891260214
5415,-0.0139585394652309
5416,-0.0116276451899159
5417,-0.00898574897537007
5418,-0.00666010999065353
5419,-0.00492483346284177
5420,-0.00368497677882773
5421,-0.00261316863978352
5422,-0.00143047642667185
5423,-0.000319574209633097
5424,0.000141977805002091
5425,-0.0001173081808633
5426,5.56844767211369E-05
5427,0.00220571686968474
5428,0.00639949419613918
5429,0.0106154078884207
5430,0.0125090546979605
5431,0.011690144424194
5432,0.00987167228287473
5433,0.00883931485869594
5434,0.00871052122759251
5435,0.00827020405465204
5436,0.0065735103682386
5437,0.00387214099223108
5438,0.00116066059694511
5439,-0.000836519314719419
5440,-0.00220172860115324
5441,-0.0035206963996871
5442,-0.00507379774968578
5443,-0.0063560601177562
5444,-0.00666043725943582
5445,-0.00631581280802856
5446,-0.00698781356328014
5447,-0.0101492946060171
5448,-0.0151719896093403
5449,-0.0194646752977873
5450,-0.0208579496672697
5451,-0.0195801641935356
5452,-0.0175897949371502
5453,-0.0162858724162663
5454,-0.0153929352467713
5455,-0.0139388309613991
5456,-0.0116364338936932
5457,-0.00902752777209249
5458,-0.00673911092045862
5459,-0.00502100952170405
5460,-0.00378931221479572
5461,-0.00275098086543555
5462,-0.00162125554331748
5463,-0.000538639314784446
5464,-7.25720527473349E-05
5465,-0.000336950187805223
5466,-0.000185630035646141
5467,0.00199799589367015
5468,0.00633268887187515
5469,0.0107226460375212
5470,0.0126848005857811
5471,0.0117844307281851
5472,0.00981828132228075
5473,0.00866081075280629
5474,0.00844108941336694
5475,0.00793910040478334
5476,0.00624728755146246
5477,0.00363167949826275
5478,0.00100916259974084
5479,-0.000982183693501414
5480,-0.00238859283823854
5481,-0.00368142523178013
5482,-0.00513044321364406
5483,-0.00636054800549658
5484,-0.00673984588117763
5485,-0.00647211230475698
5486,-0.00704929088285767
5487,-0.0099847644018639
5488,-0.0149003471638926
5489,-0.019364789787306
5490,-0.0210682432694921
5491,-0.0199512827911762
5492,-0.0178569209001719
5493,-0.016342143129133
5494,-0.0153584739450751
5495,-0.0139910350465288
5496,-0.0118197239899387
5497,-0.00923251341111499
5498,-0.00683503024857375
5499,-0.00498833273618356
5500,-0.00372863029187873
5501,-0.0027750512395079
5502,-0.00174646984268505
5503,-0.000690079689979974
5504,-0.000187740875344981
5505,-0.000436688626385113
5506,-0.000325463429271528
5507,0.00182099823315052
5508,0.00618358870919295
5509,0.0106414682359887
5510,0.0126418019900507
5511,0.011746922467812
5512,0.0098285252173684
5513,0.00880411196008565
5514,0.00874282624202591
5515,0.00833190048897223
5516,0.0066445194619633
5517,0.00399517321804937
5518,0.00132448784176526
5519,-0.000757680294528389
5520,-0.00229809829268129
5521,-0.00368626915363254
5522,-0.00510513951804423
5523,-0.00620926250926683
5524,-0.00650472825535287
5525,-0.00629181845766634
5526,-0.00700648882146551
5527,-0.0100218897342944
5528,-0.0148950242086818
5529,-0.0192604806307884
5530,-0.0209078625365843
5531,-0.0198061122330556
5532,-0.0177619964358688
5533,-0.0162953068688298
5534,-0.0153380482174542
5535,-0.0139592802047333
5536,-0.0117451567639711
5537,-0.00913468898452998
5538,-0.00677990741930328
5539,-0.00500723175437084
5540,-0.00376184428434362
5541,-0.0027286930700545
5542,-0.00158622318465524
5543,-0.000436846497394274
5544,0.000150605767809573
5545,-2.49515452454913E-05
5546,4.98785945541935E-05
5547,0.00197602314719048
5548,0.00606138331815302
5549,0.0104438137923123
5550,0.0126591959377771
5551,0.0120449218076714
5552,0.0101755961723999
5553,0.00894079999832219
5554,0.00866313183253561
5555,0.00825187277847428
5556,0.00673650169072983
5557,0.00422194347553391
5558,0.00153183402825253
5559,-0.000653107506923254
5560,-0.00225466981985077
5561,-0.00364200472502382
5562,-0.00507511648913294
5563,-0.00624348866765153
5564,-0.00656560200033292
5565,-0.00623035270823244
5566,-0.00670847655587986
5567,-0.00956681197857792
5568,-0.0145129088945028
5569,-0.0191030344254849
5570,-0.0209001687319697
5571,-0.0197637494236364
5572,-0.0176213447499605
5573,-0.0161630187824145
5574,-0.01531753110799
5575,-0.0140099647538545
5576,-0.0117592992558822
5577,-0.00909955361227666
5578,-0.0067837119808427
5579,-0.00508984410638999
5580,-0.00383885892829766
5581,-0.00270966562511271
5582,-0.00152526317865189
5583,-0.000497297467796324
5584,-0.000106537970918408
5585,-0.000353897444730717
5586,-0.000151053832823588
5587,0.00195627044906417
5588,0.00607628392603539
5589,0.0103242859973086
5590,0.012405687516591
5591,0.011813492166851
5592,0.0100947570688234
5593,0.00898360398803394
5594,0.00870016780873339
5595,0.00818894296027309
5596,0.00658115698860167
5597,0.00404945756297964
5598,0.00142024019083033
5599,-0.000669139595931145
5600,-0.00220403392888469
5601,-0.00359855607699891
5602,-0.00510383622806067
5603,-0.00636354533793789
5604,-0.00676948866226336
5605,-0.00650965378944599
5606,-0.00702335362751003
5607,-0.00981371164027615
5608,-0.0145971846766322
5609,-0.0190714749549837
5610,-0.0209401347836049
5611,-0.0200099859317231
5612,-0.0179912757548575
5613,-0.0164495972155605
5614,-0.0154393211179154
5615,-0.0140964425254494
5616,-0.0119642502141126
5617,-0.00939547547502495
5618,-0.00699801767807321
5619,-0.00510715297852666
5620,-0.003695573140845
5621,-0.00249537487161495
5622,-0.00127095204964868
5623,-0.000204098949057567
5624,0.00016254092434889
5625,-0.000222047204474041
5626,-0.000200308230624183
5627,0.00182243017257378
5628,0.00601540929554912
5629,0.0104004388990543
5630,0.0125207291684358
5631,0.0117980136880091
5632,0.00987532656644885
5633,0.00866593673837425
5634,0.00848287268253335
5635,0.00818976710054393
5636,0.00674952998040132
5637,0.0042477199013653
5638,0.001571521313714
5639,-0.000532083763781746
5640,-0.00202037342262441
5641,-0.00336865798142444
5642,-0.00487766547621239
5643,-0.00616308980149059
5644,-0.006554803334799
5645,-0.00622670852684466
5646,-0.00666971860999846
5647,-0.00944841522154297
5648,-0.0142910881779775
5649,-0.0188513677213422
5650,-0.020776807332156
5651,-0.0198558787749544
5652,-0.0178256850780008
5653,-0.0162846849273921
5654,-0.0152885513108379
5655,-0.0139553666639176
5656,-0.0118314355628743
5657,-0.0092999537679235
5658,-0.00698774215440708
5659,-0.00521207308645346
5660,-0.00391269300268073
5661,-0.00279770524633535
5662,-0.00160508186693283
5663,-0.000481276404834515
5664,3.30167631879594E-05
5665,-0.000185292822079238
5666,-7.92270129127449E-05
5667,0.00191859244145567
5668,0.00605622942517355
5669,0.0104564073459195
5670,0.0126814970610551
5671,0.0120798806893737
5672,0.0102064861652769
5673,0.00895139286091887
5674,0.00868540868480942
5675,0.00835366434930096
5676,0.00693512554924032
5677,0.00443359824701834
5678,0.00164711524410255
5679,-0.000637700999538879
5680,-0.00221295236606767
5681,-0.00345424937915895
5682,-0.00478283070930903
5683,-0.00603970172073288
5684,-0.00660748848148276
5685,-0.00645786801358116
5686,-0.00686581117176704
5687,-0.00943056938360315
5688,-0.0141134280465791
5689,-0.0187114328061017
5690,-0.0207801074375402
5691,-0.019935257725236
5692,-0.017877684329999
5693,-0.0163079026850052
5694,-0.0153557535229848
5695,-0.0140938640079535
5696,-0.011979483287465
5697,-0.00937108723966239
5698,-0.00694847669205357
5699,-0.00510246533748708
5700,-0.0038185894169545
5701,-0.00279848569216312
5702,-0.00171452130062715
5703,-0.000630306069103916
5704,-7.17996008028469E-05
5705,-0.000246605355323681
5706,-0.000188794042796085
5707,0.00169638729254429
5708,0.00579148976761924
5709,0.010306258816054
5710,0.0127347619691959
5711,0.01227680467056
5712,0.0104156516154763
5713,0.00909143795238684
5714,0.00875347736913237
5715,0.00837176075185066
5716,0.00691796125791342
5717,0.00440797706631406
5718,0.0016546816223702
5719,-0.000586369547625127
5720,-0.00216891846468916
5721,-0.00348185715763883
5722,-0.00487489222295822
5723,-0.00609783365323916
5724,-0.00652283071806124
5725,-0.00621574113467075
5726,-0.00656709329374361
5727,-0.00920257077081228
5728,-0.0139986963412542
5729,-0.0186510008692303
5730,-0.0207070410890536
5731,-0.0198629024713417
5732,-0.0178682736369323
5733,-0.0163646537953155
5734,-0.0153948422414263
5735,-0.0140515037485522
5736,-0.0119114164798616
5737,-0.00939506493550733
5738,-0.00709349751460284
5739,-0.00527026536373279
5740,-0.0039142602992569
5741,-0.00285078067759773
5742,-0.00181973580153235
5743,-0.000799443309070934
5744,-0.000194692081269127
5745,-0.000223442357716925
5746,-5.39123663832021E-05
5747,0.00181469122299408
5748,0.00581332094161519
5749,0.010266667458066
5750,0.0127133385985163
5751,0.0122982888472497
5752,0.010439309833119
5753,0.00907879464145578
5754,0.0087216023967196
5755,0.00837801911192316
5756,0.00700565760849792
5757,0.00456870783753447
5758,0.00183609646356902
5759,-0.000439685870273338
5760,-0.00207221637995
5761,-0.00340249323027817
5762,-0.00477140184531319
5763,-0.00596852238686138
5764,-0.00640458554796033
5765,-0.00612891550597541
5766,-0.00648005551369775
5767,-0.00907628389098198
5768,-0.0138577613905835
5769,-0.0185691775059347
5770,-0.0207003993128813
5771,-0.0198346131302562
5772,-0.0177124363146669
5773,-0.0161176697256086
5774,-0.0152221276507387
5775,-0.0140524420842551
5776,-0.0119864480438277
5777,-0.00936244733502548
5778,-0.00691248004793015
5779,-0.00506869874783147
5780,-0.00378374978082464
5781,-0.00270291009292041
5782,-0.00151670543627733
5783,-0.000375825466277118
5784,0.000155962573215164
5785,-5.78879158735467E-05
5786,2.05931589242567E-05
5787,0.001926499336323
5788,0.00591253904075252
5789,0.010196116844536
5790,0.0124716521460271
5791,0.012107396662968
5792,0.0104953831236066
5793,0.00931710905316711
5794,0.00891020461822392
5795,0.00840002913550321
5796,0.00695375150966791
5797,0.00457144294595284
5798,0.00190171508549165
5799,-0.000359762537516487
5800,-0.00195537284480213
5801,-0.00319093765369144
5802,-0.00451421339559074
5803,-0.00582871550306312
5804,-0.00648881239298932
5805,-0.00636097850228324
5806,-0.00667840641792261
5807,-0.00912409566094722
5808,-0.0137718980088704
5809,-0.0184490783204045
5810,-0.0206693279227915
5811,-0.0200058297641393
5812,-0.0181217157777877
5813,-0.0166506131237752
5814,-0.0156651204015475
5815,-0.0142790130094773
5816,-0.0120793060467707
5817,-0.00950752550357942
5818,-0.00718834315986789
5819,-0.00539966435420701
5820,-0.00409226849294585
5821,-0.0030142788037443
5822,-0.00185994610684421
5823,-0.000664878348988273
5824,2.42641184432743E-05
5825,-0.000110073640042154
5826,-0.000175190378273111
5827,0.00151372093941598
5828,0.00551630477630684
5829,0.0101069520418724
5830,0.0126709658424717
5831,0.0122739111149369
5832,0.0103848758773663
5833,0.00901810372166648
5834,0.00867270679748079
5835,0.00831971849436147
5836,0.00693205975111354
5837,0.00452641987374641
5838,0.00187215746419431
5839,-0.000340980411926491
5840,-0.00197061683530498
5841,-0.00334257451403891
5842,-0.00477691358134403
5843,-0.0060758537426905
5844,-0.00664610513969837
5845,-0.00646782842415451
5846,-0.00679958471417062
5847,-0.00926339595684806
5848,-0.0138937874176913
5849,-0.0185407628845259
5850,-0.0207433983447375
5851,-0.0200585168278484
5852,-0.0181192460008273
5853,-0.0165604237771078
5854,-0.0154934539719189
5855,-0.0140813527987634
5856,-0.0119334636035884
5857,-0.00945367256792071
5858,-0.00717939200777093
5859,-0.00532654075220903
5860,-0.00388806179061835
5861,-0.00273302174102858
5862,-0.00162932409806215
5863,-0.000555876605980575
5864,5.79611472866108E-05
5865,-6.55174425957004E-05
5866,-0.000100158016289042
5867,0.00157510290406634
5868,0.00554635543310901
5869,0.0101474390802734
5870,0.0127498161243455
5871,0.0123484828940849
5872,0.0104079811009957
5873,0.00903843345628238
5874,0.00880264856030513
5875,0.00858428156303245
5876,0.00720392221394138
5877,0.00465587417723763
5878,0.00185291463167458
5879,-0.000383302285547498
5880,-0.00193993401576572
5881,-0.00326605013514582
5882,-0.00473300360704855
5883,-0.0060842724221073
5884,-0.00665733198127092
5885,-0.00642231648978844
5886,-0.00666252250838859
5887,-0.00903291986094347
5888,-0.0136219454212426
5889,-0.0183300957389279
5890,-0.020673788466291
5891,-0.0201187712715915
5892,-0.0182495371578813
5893,-0.0167531636427536
5894,-0.0157889022420633
5895,-0.0144507523288407
5896,-0.0122410763948479
5897,-0.00959732415546568
5898,-0.00722542487743794
5899,-0.00542716171980158
5900,-0.00407479662607459
5901,-0.00287641235530344
5902,-0.00162703360841651
5903,-0.00047929193526101
5904,6.949228791301E-05
5905,-0.000128611132422812
5906,-0.00012348660467869
5907,0.00163501958601565
5908,0.00558379061638453
5909,0.0100810674950472
5910,0.0126889573851701
5911,0.012474870588524
5912,0.0107102619356177
5913,0.00928839073435666
5914,0.00884277644577985
5915,0.00853957122859031
5916,0.00730913425099201
5917,0.00493044621388247
5918,0.00208464153599407
5919,-0.000317833248062798
5920,-0.00187832774861002
5921,-0.00297382016973459
5922,-0.00422575100711198
5923,-0.00560517174098491
5924,-0.00635429427723149
5925,-0.00618364033198254
5926,-0.00631435402829597
5927,-0.00858696182607803
5928,-0.013236141522844
5929,-0.0180858010211016
5930,-0.0205004932133724
5931,-0.019925438928898
5932,-0.0180284484423925
5933,-0.016529974443085
5934,-0.0155591967758499
5935,-0.0142219860251114
5936,-0.0120744708004469
5937,-0.00952600355401424
5938,-0.00715728489379883
5939,-0.00521837414609755
5940,-0.00372119001743627
5941,-0.00256305970758191
5942,-0.00154165176352595
5943,-0.000615538324330696
5944,-0.000126766644146524
5945,-0.00027356958989412
5946,-0.000250758812429955
5947,0.00146019460739673
5948,0.00538788151560514
5949,0.00993140444962602
5950,0.0125697712493649
5951,0.0123072407059636
5952,0.0105015785255335
5953,0.00916924760198946
5954,0.00890101638677224
5955,0.00868586903746625
5956,0.00739528458065064
5957,0.00496702373722608
5958,0.00222460536275295
5959,-3.32937483945972E-05
5960,-0.00164134321891985
5961,-0.0029938850854948
5962,-0.00446572391038307
5963,-0.00584434333040498
5964,-0.00648461892344984
5965,-0.00631736010388253
5966,-0.00657987549035581
5967,-0.00894587822454784
5968,-0.0135784560503094
5969,-0.0184100658771587
5970,-0.0208795277827339
5971,-0.0203335721457491
5972,-0.0183306863552972
5973,-0.0166581754713214
5974,-0.0155939524159448
5975,-0.0142629074416669
5976,-0.0121238872255327
5977,-0.00956806563007955
5978,-0.00726712095905429
5979,-0.00547845356485676
5980,-0.00405236997233304
5981,-0.00275312396405585
5982,-0.00147398280887112
5983,-0.000395499916815555
5984,5.60303630470971E-05
5985,-0.000200850499295468
5986,-0.000231945599640391
5987,0.00147590222908199
5988,0.00538193755067708
5989,0.00988091454653383
5990,0.0125000269590306
5991,0.0122460527441527
5992,0.0104219722662297
5993,0.00902295185857633
5994,0.00870326363427806
5995,0.00853579389407521
5996,0.00739751864026933
5997,0.00513541895143846
5998,0.00246724651932432
5999,0.000166351355990611
6000,-0.00153515338203485
6001,-0.00295865684836109
6002,-0.00448399389345739
6003,-0.00595262275317485
6004,-0.00671051202126933
6005,-0.00658230521655125
6006,-0.00671820775659683
6007,-0.0088489668952619
6008,-0.0132942924325119
6009,-0.0180737128669152
6010,-0.0205676208570813
6011,-0.0200229956769692
6012,-0.0179888482811733
6013,-0.0163248743512367
6014,-0.0153551124747731
6015,-0.0141670582168678
6016,-0.0121403737565509
6017,-0.00961301654241493
6018,-0.00726686846280662
6019,-0.00543110323048029
6020,-0.00403884336188793
6021,-0.00285787836263504
6022,-0.00166706129819444
6023,-0.000516062549386437
6024,0.00015726888338855
6025,9.77833297582995E-05
6026,7.83892141190714E-05
6027,0.0016366574102671
6028,0.00541387040960433
6029,0.00995518061164824
6030,0.0127707995900398
6031,0.0127211096615548
6032,0.0109746877132922
6033,0.00950439001688603
6034,0.00904069431646875
6035,0.00873317622159307
6036,0.0074574772230083
6037,0.00501867464884968
6038,0.00216663347451532
6039,-0.00019605862680073
6040,-0.00175539475991612
6041,-0.00293793575763627
6042,-0.00433047534502942
6043,-0.00584717961674474
6044,-0.00669581716839087
6045,-0.006544947162353
6046,-0.00656852447032506
6047,-0.00863979681701366
6048,-0.0131356097532932
6049,-0.0179991532780457
6050,-0.0205426867487342
6051,-0.0200427679435003
6052,-0.0180940742124248
6053,-0.0165263056709654
6054,-0.0155999643884746
6055,-0.0143893010443194
6056,-0.0123002933971543
6057,-0.00968255970054029
6058,-0.00723171990602077
6059,-0.00533643705478852
6060,-0.00398883811998069
6061,-0.00292287168626578
6062,-0.00180617589180288
6063,-0.00062725582204135
6064,0.000116063315154927
6065,6.69488470311357E-05
6066,-2.79486734667498E-05
6067,0.00143621080656171
6068,0.00518653416223972
6069,0.00979855140284263
6070,0.0127336263286519
6071,0.0127556242635
6072,0.010966349068057
6073,0.00937401265685994
6074,0.00882915049269446
6075,0.0085748548693898
6076,0.00746436439280841
6077,0.00519243553420122
6078,0.00241014115282084
6079,-7.59750961107839E-07
6080,-0.00166489994228456
6081,-0.00290144551733876
6082,-0.00422248942269635
6083,-0.0055876451981496
6084,-0.00635534896188103
6085,-0.0062933484196596
6086,-0.00649492070240708
6087,-0.0086630406783757
6088,-0.013130806934992
6089,-0.0179747207877482
6090,-0.020626292337365
6091,-0.0202989966931911
6092,-0.0184242053580289
6093,-0.0167742970099189
6094,-0.0157147653197242
6095,-0.0144543441060972
6096,-0.0124329386872391
6097,-0.00993194030103259
6098,-0.0075511394645823
6099,-0.0056271892008555
6100,-0.00418450259464401
6101,-0.00305012580306216
6102,-0.001951050874755
6103,-0.000836641059450319
6104,-0.00013133049017519
6105,-0.000194049553299646
6106,-0.000336447007617658
6107,0.00104961788757519
6108,0.00476291348441313
6109,0.00938503320521113
6110,0.012286729195689
6111,0.0122165643154363
6112,0.0104353921348443
6113,0.00908036898819006
6114,0.00885386222126893
6115,0.00869952764995245
6116,0.00740947257177385
6117,0.00495661134022918
6118,0.00224349897123241
6119,4.77984254119112E-05
6120,-0.00154653715222491
6121,-0.00293092915290578
6122,-0.00440242499095605
6123,-0.00574024079538251
6124,-0.00637231713351737
6125,-0.00622542163148794
6126,-0.00640968820973781
6127,-0.00854177014835847
6128,-0.0129496352023656
6129,-0.0177962847056447
6130,-0.0205366095219335
6131,-0.0202985241780739
6132,-0.0184487580023787
6133,-0.0167978280899234
6134,-0.0157617984713479
6135,-0.0145158342976119
6136,-0.0124395331604144
6137,-0.00983565445989223
6138,-0.00738356852462463
6139,-0.00544291852438226
6140,-0.00398474894251775
6141,-0.0028097669851704
6142,-0.00169979121428975
6143,-0.000652461607374922
6144,-3.71054687035243E-05
6145,-0.0001032546088378
6146,-0.000138448658697647
6147,0.0013683402875452
6148,0.00512124822830515
6149,0.00972875304823529
6150,0.0126557969583041
6151,0.0126534607192379
6152,0.0108576145509729
6153,0.00931977583249685
6154,0.00885691737050795
6155,0.00863595478939638
6156,0.00751201303827297
6157,0.00526299552720001
6158,0.00256963215872076
6159,0.000234301280081362
6160,-0.00144242508426529
6161,-0.00275126201778762
6162,-0.00413172928533348
6163,-0.00552073314021491
6164,-0.00628276647015461
6165,-0.00616527481694868
6166,-0.00625841122652727
6167,-0.00833841894697401
6168,-0.0128166913882798
6169,-0.0177369092870557
6170,-0.020426582195438
6171,-0.0200775355191454
6172,-0.0182042827538642
6173,-0.0166195663066902
6174,-0.0156143415465171
6175,-0.0143331785007967
6176,-0.0122714664298974
6177,-0.00979053633465369
6178,-0.00745343290374931
6179,-0.00549894175489815
6180,-0.0039561032971055
6181,-0.00275450272088182
6182,-0.00165018754811625
6183,-0.000499051569097083
6184,0.000317311791937223
6185,0.000312083198309409
6186,2.65502702118548E-05
6187,0.00113120450400274
6188,0.00466489258437718
6189,0.00935302683708813
6190,0.012445896395759
6191,0.0124502436578428
6192,0.0105331314376034
6193,0.00897371994739081
6194,0.00868924400422256
6195,0.00869204504999793
6196,0.00763527676228144
6197,0.00528301524987909
6198,0.00245524209590709
6199,3.94745891464563E-05
6200,-0.0017003341718971
6201,-0.00308054129280158
6202,-0.00446973775335033
6203,-0.00575099084714395
6204,-0.00637472371129138
6205,-0.0062221129356159
6206,-0.00637714241612049
6207,-0.00848345564267158
6208,-0.0129050493691288
6209,-0.017804085769211
6210,-0.0206014881662007
6211,-0.0203910144343442
6212,-0.0185329627618328
6213,-0.0168662184239325
6214,-0.0158469451977835
6215,-0.0146616190290018
6216,-0.0126607560945654
6217,-0.0101167173247101
6218,-0.00770978333791789
6219,-0.00580479503368599
6220,-0.0043450876937605
6221,-0.00310195733635785
6222,-0.0018874399617227
6223,-0.000770374025544689
6224,-0.000151279829379485
6225,-0.000262574391961802
6226,-0.000401387934771928
6227,0.00090832704100683
6228,0.00443313661097765
6229,0.00897445469420808
6230,0.0121218150290274
6231,0.012482996478777
6232,0.0109031063863046
6233,0.00933043875550258
6234,0.00876786351391584
6235,0.00858044276149143
6236,0.00756953369825084
6237,0.00531924279511704
6238,0.0024773579940984
6239,2.42349882222507E-05
6240,-0.00159800686510898
6241,-0.00275126444337763
6242,-0.00404565360292973
6243,-0.00548392233946512
6244,-0.00635363949422257
6245,-0.00628753729306612
6246,-0.00630878214142162
6247,-0.00820374762604007
6248,-0.0124845089495656
6249,-0.0173418715411932
6250,-0.020165484660722
6251,-0.0200400925871882
6252,-0.0183091238260705
6253,-0.0167395901416096
6254,-0.0157272091675394
6255,-0.0145079013748818
6256,-0.0125427051452373
6257,-0.0101182056256171
6258,-0.00780565228469893
6259,-0.00590677732358454
6260,-0.00445893637218401
6261,-0.00333822785175807
6262,-0.00226931699106291
6263,-0.00111642418167505
6264,-0.00024937580638456
6265,-0.000129098956946642
6266,-0.000258455082198389
6267,0.000928253719201049
6268,0.00445393462619678
6269,0.00918482974197367
6270,0.0124946423536326
6271,0.012790115843728
6272,0.0109890283858203
6273,0.00926626895832871
6274,0.00870827506802713
6275,0.00856475565431476
6276,0.00754067703007179
6277,0.00528552278243958
6278,0.00254066730780818
6279,0.000218751715064424
6280,-0.00141524325318288
6281,-0.00277753726053793
6282,-0.00431584968085139
6283,-0.00583122686578455
6284,-0.00659041825872297
6285,-0.00638133792649323
6286,-0.0063636915791599
6287,-0.00831727584000092
6288,-0.0126743270900012
6289,-0.0175924972422592
6290,-0.020474862709027
6291,-0.0203894525386092
6292,-0.0186320979110434
6293,-0.0169742963591758
6294,-0.0158884288940673
6295,-0.0146622448879136
6296,-0.0127052592144625
6297,-0.0102143560500272
6298,-0.00775524917218194
6299,-0.0057144772021571
6300,-0.00419142822227289
6301,-0.00303688326234106
6302,-0.00193480063175077
6303,-0.000778947622809025
6304,2.19587285758674E-06
6305,-2.73687937709039E-05
6306,-0.000252083740553707
6307,0.000975838391720664
6308,0.00461900928024196
6309,0.00940329700603933
6310,0.0126432797417658
6311,0.0128319414807302
6312,0.0110127935695612
6313,0.00938409723184461
6314,0.0089393132614567
6315,0.00882971082068053
6316,0.00774602645443721
6317,0.00538862291684942
6318,0.00255012954692695
6319,0.000177260978129843
6320,-0.0014347562958916
6321,-0.002699459646991
6322,-0.00412994792274354
6323,-0.00562311694809615
6324,-0.00646229040817372
6325,-0.00633829407485188
6326,-0.00632005902861166
6327,-0.00822939332550157
6328,-0.0126172459039932
6329,-0.0176589770746704
6330,-0.0206317490712189
6331,-0.0205063818379612
6332,-0.0186531763835452
6333,-0.0169833011130032
6334,-0.015966281101128
6335,-0.0147499781273122
6336,-0.0126903468910053
6337,-0.0101213158259896
6338,-0.00774670555711089
6339,-0.00588153102954088
6340,-0.00443488815666203
6341,-0.00321393720098382
6342,-0.00204640724970052
6343,-0.000913452243011499
6344,-0.000130263298176427
6345,-1.56526679904672E-05
6346,-7.34645207599286E-05
6347,0.00110204283596143
6348,0.00445299419504709
6349,0.00898271383471942
6350,0.0122483971221591
6351,0.0126527549877043
6352,0.0109521731156999
6353,0.00923129119137759
6354,0.00865168215682131
6355,0.00856093788879225
6356,0.00763947044636956
6357,0.00543799578721263
6358,0.0026648959497946
6359,0.000296580330556382
6360,-0.00133493490931944
6361,-0.0026529804757557
6362,-0.00416870272558198
6363,-0.00573186706508794
6364,-0.0065891117467422
6365,-0.00644085611300837
6366,-0.00636191151040467
6367,-0.00814614010307235
6368,-0.0123559273374806
6369,-0.0172796598497645
6370,-0.0203121288444364
6371,-0.0203774686247276
6372,-0.0186404640849499
6373,-0.0168759887016591
6374,-0.0156647784382642
6375,-0.0143959266865422
6376,-0.012505324554938
6377,-0.0101426472373644
6378,-0.0077797251140446
6379,-0.00571812208800701
6380,-0.00406430851536941
6381,-0.00278893576070363
6382,-0.00168983904865009
6383,-0.000625798465304394
6384,0.000123603028072586
6385,0.00018081297798666
6386,2.15820591246579E-05
6387,0.00111413459143205
6388,0.00444151762787254
6389,0.00895978000325677
6390,0.0121819675114521
6391,0.012569200408404
6392,0.0109659383767308
6393,0.00942374282922334
6394,0.00896082207457375
6395,0.0088501136973173
6396,0.0078555694328221
6397,0.00563919861279675
6398,0.00289735535129733
6399,0.000519868173529121
6400,-0.00116874316450976
6401,-0.00250848307421209
6402,-0.00397667202988524
6403,-0.00549799372860869
6404,-0.00638813664539246
6405,-0.00630968694419771
6406,-0.00626192257047268
6407,-0.00804311909144653
6408,-0.0122764683554019
6409,-0.0172526447215548
6410,-0.0203006390770615
6411,-0.0203258693312467
6412,-0.0185732328153466
6413,-0.0168922052671046
6414,-0.0158209501835075
6415,-0.0146286451124368
6416,-0.0126884478026985
6417,-0.0102021915750989
6418,-0.0077447862345982
6419,-0.00568289588599574
6420,-0.00411525229920228
6421,-0.00294531916291826
6422,-0.00189025451764381
6423,-0.000781043808612266
6424,4.27804732448568E-05
6425,0.000113943244079834
6426,-0.000101940095978324
6427,0.000960301385589099
6428,0.00438540890359125
6429,0.0091220806164193
6430,0.0125725244066913
6431,0.0130825566055901
6432,0.0114477848180622
6433,0.00974040697869127
6434,0.00905791039631155
6435,0.00879555631563569
6436,0.00780567224310655
6437,0.00569971701075666
6438,0.00300319339071118
6439,0.000500166591067728
6440,-0.00137820687166518
6441,-0.00276401719806599
6442,-0.00408534084058916
6443,-0.00544559650552378
6444,-0.00633878319297027
6445,-0.00637942355919352
6446,-0.00637342647806297
6447,-0.00804643897550712
6448,-0.0121517174777312
6449,-0.0171231286220102
6450,-0.0202763313155747
6451,-0.020414229635207
6452,-0.0187395262802773
6453,-0.0171145098772258
6454,-0.0160464342322233
6455,-0.0147552660415218
6456,-0.0126703743219894
6457,-0.0101378076713763
6458,-0.00777359638430169
6459,-0.00580068093806966
6460,-0.00417747488915796
6461,-0.00287310712154303
6462,-0.00178308639914301
6463,-0.00076635739821294
6464,-4.01427172019776E-06
6465,0.00012706179171961
6466,-4.42384960820142E-05
6467,0.000876689317070084
6468,0.00404026456355571
6469,0.00863770439353846
6470,0.0121769472194451
6471,0.012854073615586
6472,0.0112906042373313
6473,0.00958720528468345
6474,0.00897366387320029
6475,0.008839750695641
6476,0.00789533524359298
6477,0.00570598869091588
6478,0.00294144690395264
6479,0.000520925970875131
6480,-0.00119627520492884
6481,-0.00252823942383548
6482,-0.00396111094920233
6483,-0.00546744650741342
6484,-0.00638791075179812
6485,-0.00631043361742831
6486,-0.00612892285699927
6487,-0.00769036415108981
6488,-0.0118433710568811
6489,-0.0170217158068969
6490,-0.0203919165029048
6491,-0.0205579578302033
6492,-0.0187029092969472
6493,-0.0169211501733662
6494,-0.0159515102770359
6495,-0.0149508150295574
6496,-0.0130577814192701
6497,-0.0104653845045891
6498,-0.00795005446353962
6499,-0.00596607483636949
6500,-0.00446328335054006
6501,-0.00320495895496136
6502,-0.00198402170889966
6503,-0.000786674392837001
6504,3.82253008994106E-05
6505,0.000116367920406625
6506,-9.05875033547626E-05
6507,0.000885809465728912
6508,0.00413946939607503
6509,0.00877817617437865
6510,0.0123079410404659
6511,0.0129855956081271
6512,0.0114607306200094
6513,0.00978722666417741
6514,0.00913512214946476
6515,0.00891225879398272
6516,0.00792201602967126
6517,0.00578781784231986
6518,0.00311318421140879
6519,0.000694793225184395
6520,-0.00112488807430843
6521,-0.00253687375775912
6522,-0.00391526547995265
6523,-0.00529183043458192
6524,-0.00616884863032764
6525,-0.00618337332927521
6526,-0.00609150014060045
6527,-0.00758576752006877
6528,-0.0115396846214819
6529,-0.0165672380279888
6530,-0.019964969134826
6531,-0.0202798433604252
6532,-0.0185262541843661
6533,-0.0167016253577838
6534,-0.0156079032367163
6535,-0.0145403222625794
6536,-0.0127010785713214
6537,-0.01022044444699
6538,-0.00777534705366248
6539,-0.00579306857687425
6540,-0.00426734151639886
6541,-0.00299284364358473
6542,-0.00175249936896672
6543,-0.000539214145702711
6544,0.000248638652871042
6545,0.000217544863368843
6546,-0.000100633133837108
6547,0.000851430358027851
6548,0.00416260058537679
6549,0.00885886188983006
6550,0.0124105535634993
6551,0.01312069968891
6552,0.0116629338337428
6553,0.0100291641276138
6554,0.00933297017899395
6555,0.0090326478597877
6556,0.00802679108449633
6557,0.0059418228038728
6558,0.00329780977187132
6559,0.000858085159892999
6560,-0.000976759662560207
6561,-0.00236522618367478
6562,-0.00374630045616689
6563,-0.00520652173698418
6564,-0.00618143955795902
6565,-0.00620625719744894
6566,-0.00606430091314664
6567,-0.0075749389340986
6568,-0.0116380812203945
6569,-0.0167343725435853
6570,-0.0200632816780263
6571,-0.0202734160805769
6572,-0.0185469163239186
6573,-0.0168686389428372
6574,-0.0158550224341729
6575,-0.0146982634903446
6576,-0.0127100313450404
6577,-0.0101693338247104
6578,-0.00774042741338907
6579,-0.005740181801683
6580,-0.00415167244466879
6581,-0.00286964346456799
6582,-0.00170994641016576
6583,-0.000563461725262378
6584,0.000257471766777877
6585,0.000304615804719883
6586,5.46196917523408E-06
6587,0.000909176773213328
6588,0.00416180504067793
6589,0.00877898317082679
6590,0.0121620684836813
6591,0.012635491702842
6592,0.0110272068943664
6593,0.00945497888848373
6594,0.00897972171033031
6595,0.00888819490854148
6596,0.00796412257842876
6597,0.0058492865324023
6598,0.00314166449669267
6599,0.000668527195658654
6600,-0.00113654071333346
6601,-0.00243799190011991
6602,-0.00373572676920065
6603,-0.00519595294756944
6604,-0.00626036633275108
6605,-0.00636411652629531
6606,-0.00618757174577049
6607,-0.00757900605552588
6608,-0.0115853448844274
6609,-0.0167780652160984
6610,-0.020262213926804
6611,-0.0205027173568652
6612,-0.0186336980856755
6613,-0.0167980371942636
6614,-0.0157871210965578
6615,-0.0147766546431266
6616,-0.012916534937872
6617,-0.0104022683127878
6618,-0.00796808566872821
6619,-0.00599653884709574
6620,-0.00442008933787422
6621,-0.00308679466280646
6622,-0.00189752263701768
6623,-0.000835396876155132
6624,-0.000118145334778238
6625,-1.35734160904517E-05
6626,-0.000122805859079166
6627,0.000860854404324054
6628,0.00399253878100922
6629,0.00853429879106977
6630,0.0121276491561403
6631,0.0129330934977812
6632,0.0113882100382942
6633,0.00953759461472553
6634,0.00880139213667887
6635,0.00876228923151593
6636,0.00804760782257489
6637,0.00595294631886981
6638,0.00303614364898878
6639,0.00040618959290502
6640,-0.00131925248531691
6641,-0.00243447476676864
6642,-0.00365096902672758
6643,-0.00516264284583547
6644,-0.0063009774727917
6645,-0.00642569324013553
6646,-0.00619669184110092
6647,-0.00744561686417281
6648,-0.0112644010349932
6649,-0.0163809638532065
6650,-0.0200185480517861
6651,-0.0205307274258164
6652,-0.0187970217994251
6653,-0.0168656618859931
6654,-0.0157008908447977
6655,-0.0146736498319525
6656,-0.0129037702422087
6657,-0.0104184975873921
6658,-0.00791251431056351
6659,-0.00590611806961268
6660,-0.00442644526901828
6661,-0.00321602653467546
6662,-0.00199679042243386
6663,-0.000729898267831483
6664,0.000196711518141336
6665,0.000339257148726248
6666,8.61189864768099E-05
6667,0.000878488126627266
6668,0.0039036710411148
6669,0.00845812163016028
6670,0.0121484582659212
6671,0.0130965110853514
6672,0.0117057646480489
6673,0.00996232063506017
6674,0.00922776061752012
6675,0.00910149501333038
6676,0.00831536351117044
6677,0.00624773406754109
6678,0.00340820536061298
6679,0.000778742005212864
6680,-0.00106242863374997
6681,-0.00230004532544588
6682,-0.00352371758504975
6683,-0.0049446232986668
6684,-0.00601416629428432
6685,-0.00615493097015938
6686,-0.00597666788418292
6687,-0.00724981027763199
6688,-0.0110792524383874
6689,-0.0162312402496554
6690,-0.0199154813138803
6691,-0.0204463424758771
6692,-0.0187106304128529
6693,-0.0167965237234599
6694,-0.0156654638869993
6695,-0.0146420461710573
6696,-0.0128378622086451
6697,-0.0103354535743301
6698,-0.00786444257232822
6699,-0.00590151623573636
6700,-0.00442054381486648
6701,-0.00319195451303673
6702,-0.0020091051978549
6703,-0.000830667817350198
6704,4.64082949982864E-05
6705,0.000239585584224315
6706,8.95874755400787E-05
6707,0.000950633293304796
6708,0.00398896887328687
6709,0.00853371862286071
6710,0.0121911964334403
6711,0.01304827193626
6712,0.0115294054381116
6713,0.009721700996207
6714,0.00904959033322518
6715,0.00903420245098904
6716,0.00826577789139422
6717,0.00609278275740232
6718,0.00314322416343585
6719,0.000508752708326986
6720,-0.00126465117086533
6721,-0.00246902030184762
6722,-0.00371734554188657
6723,-0.00514531074781704
6724,-0.00616627906325621
6725,-0.00626998449989388
6726,-0.00612960976663559
6727,-0.0074603678552158
6728,-0.0112596856527722
6729,-0.0162914827619946
6730,-0.0198817787501241
6731,-0.020426589054863
6732,-0.0187615727782443
6733,-0.0168821140169929
6734,-0.0157468008336565
6735,-0.0147471367370722
6736,-0.0130068265963632
6737,-0.0105313122648673
6738,-0.00798699374066009
6739,-0.00588452551446004
6740,-0.00428207472806653
6741,-0.00298831494195948
6742,-0.00177749848682247
6743,-0.000600489579246195
6744,0.000208085229987299
6745,0.000233770470871151
6746,-0.000143307037893007
6747,0.000534981728679642
6748,0.00352605721574077
6749,0.00817007141932473
6750,0.0120083789836193
6751,0.0130462152876711
6752,0.0116592853840565
6753,0.00992029968678718
6754,0.00925966134521198
6755,0.0092289745028492
6756,0.0084705301414968
6757,0.00636117326871229
6758,0.00348694121443091
6759,0.000860303539190013
6760,-0.000994012110997743
6761,-0.00229833315960905
6762,-0.00359329275262493
6763,-0.00503060971446905
6764,-0.00608933707115854
6765,-0.00626059803924162
6766,-0.0061388511995557
6767,-0.0073950076442596
6768,-0.0110957077263159
6769,-0.0161111871049765
6770,-0.0197804231526542
6771,-0.0204102488208889
6772,-0.0187635492332769
6773,-0.0168632545319006
6774,-0.0157432283441545
6775,-0.0148090301784351
6776,-0.0131142807229133
6777,-0.0106015498389685
6778,-0.00797307549526288
6779,-0.00585044006062399
6780,-0.00435594640974285
6781,-0.00323630089069552
6782,-0.00213756183641699
6783,-0.000943747895119226
6784,-2.40954464763105E-05
6785,0.000146337984157204
6786,-8.00666743056132E-05
6787,0.000717847676806428
6788,0.00371666737981272
6789,0.00822058999906077
6790,0.0118828739183232
6791,0.0128826284655953
6792,0.0116094324522117
6793,0.00994207156157586
6794,0.00915518148628185
6795,0.00891599401486355
6796,0.00813231912498172
6797,0.00625370248487244
6798,0.00364084919922633
6799,0.00106454393489336
6800,-0.000922254986956666
6801,-0.00232755765622711
6802,-0.00359853647833043
6803,-0.00500904114822034
6804,-0.00615355274018874
6805,-0.00643883988153621
6806,-0.00629036768217656
6807,-0.007374167890925
6808,-0.0109443808926978
6809,-0.0160209227665549
6810,-0.0198755793700256
6811,-0.0206225760236777
6812,-0.0189238400094665
6813,-0.0168657438475127
6814,-0.0155987054463652
6815,-0.0145928503280684
6816,-0.0129219256088081
6817,-0.0105318600468504
6818,-0.00807265958786829
6819,-0.00604022468797766
6820,-0.00446394532471839
6821,-0.00315513215849008
6822,-0.00193006044999906
6823,-0.000753731898440463
6824,9.01525458765843E-05
6825,0.00022847270503993
6826,-1.7183745378785E-05
6827,0.000692547355707286
6828,0.00357666757168591
6829,0.0080716638019587
6830,0.0118367785065145
6831,0.0128851514000317
6832,0.0115135631203705
6833,0.0097591185701237
6834,0.00910271248660353
6835,0.00913614725276479
6836,0.00845484453813196
6837,0.0063673896485205
6838,0.00347602056687736
6839,0.000874331326618197
6840,-0.000890316041070123
6841,-0.00212381368024966
6842,-0.00345535403970711
6843,-0.00501472216218722
6844,-0.00616361703025765
6845,-0.00629903533874526
6846,-0.00602905588765468
6847,-0.00712602895212449
6848,-0.0107640600181832
6849,-0.0158528011370462
6850,-0.019679627752723
6851,-0.0204515197031714
6852,-0.0188614338114599
6853,-0.0169355966066241
6854,-0.0157587817569453
6855,-0.0147871368832614
6856,-0.0131062115462444
6857,-0.0106658653660284
6858,-0.00813267896549516
6859,-0.00605937802808807
6860,-0.00453529072870358
6861,-0.00335199507071974
6862,-0.00220533709744642
6863,-0.000943639660755385
6864,0.000119897351236319
6865,0.000430867539862493
6866,0.000156089344343445
6867,0.000686648184782134
6868,0.00345871266173991
6869,0.00805610537593976
6870,0.0120540023771756
6871,0.0132446996810295
6872,0.0117940404689818
6873,0.00980420882290069
6874,0.00892978108393421
6875,0.00889538459516202
6876,0.00830682284743681
6877,0.00636945493108904
6878,0.00355146252538088
6879,0.000900386090369267
6880,-0.000947414100463609
6881,-0.00217693228371165
6882,-0.00341879484000801
6883,-0.00492321187023357
6884,-0.00612138517290869
6885,-0.00633143249548914
6886,-0.00605474271245326
6887,-0.00708405873834976
6888,-0.0106943110853076
6889,-0.0158117850281607
6890,-0.019640701045813
6891,-0.0203559594033672
6892,-0.0187298810404723
6893,-0.0168499411457873
6894,-0.0157426181154965
6895,-0.0147861108504398
6896,-0.0130971013892752
6897,-0.0107019196052044
6898,-0.00823149633423628
6899,-0.00611155008781866
6900,-0.00440254138779066
6901,-0.0030418418495122
6902,-0.0018892604129359
6903,-0.000805079176927648
6904,1.33132978825448E-05
6905,0.000121550710475731
6906,-0.000259369678057853
6907,0.000290335214641243
6908,0.00320019675578595
6909,0.00797250126580977
6910,0.0120721617706566
6911,0.0132658229055519
6912,0.0118017466598016
6913,0.00985821357162524
6914,0.00906029635846847
6915,0.00904703299265548
6916,0.00840186241557067
6917,0.00639606379488681
6918,0.0035579374981864
6919,0.000909205279725123
6920,-0.000987579917528069
6921,-0.00233846916387281
6922,-0.00370671449483965
6923,-0.00526014687870125
6924,-0.00642111784898116
6925,-0.00656727566126055
6926,-0.00624509563094043
6927,-0.00723907056361878
6928,-0.0108180666343994
6929,-0.0159519252107614
6930,-0.0198808718575945
6931,-0.020724204556819
6932,-0.0191454056307199
6933,-0.0172024042927887
6934,-0.016011929870341
6935,-0.0150421450123383
6936,-0.0133913676974136
6937,-0.0110079271679073
6938,-0.0084967576172148
6939,-0.00631344547768505
6940,-0.0045343243352575
6941,-0.00309660285669065
6942,-0.00189238170556244
6943,-0.000806282419667707
6944,3.44898488290211E-05
6945,0.000283674111773417
6946,8.57580707958427E-05
6947,0.000594118870372656
6948,0.00309604858947542
6949,0.0073519515503378
6950,0.0112857700963508
6951,0.012809352105491
6952,0.0118074430251879
6953,0.00998849068907415
6954,0.00892499867903166
6955,0.0086367247975931
6956,0.00804567385877586
6957,0.00634607682396936
6958,0.00371642691615345
6959,0.000984864899660121
6960,-0.00112665039410124
6961,-0.002531195828423
6962,-0.00370351335216022
6963,-0.00500035048792184
6964,-0.00607274796962291
6965,-0.00631404465287071
6966,-0.00608814442157101
6967,-0.0070393593765006
6968,-0.0105052369865529
6969,-0.0156305207732767
6970,-0.0197050779688741
6971,-0.020711366608085
6972,-0.019170013528723
6973,-0.0171695557769124
6974,-0.0159704457947751
6975,-0.015088538531603
6976,-0.013505240228786
6977,-0.0110575671382103
6978,-0.00841687843723748
6979,-0.00621388164857443
6980,-0.00457917376418943
6981,-0.00330074196233794
6982,-0.00209862336658178
6983,-0.000874712268993469
6984,7.0422699388389E-05
6985,0.000293310005826634
6986,4.33161682956722E-05
6987,0.000637431528547072
6988,0.00336247105156941
6989,0.00779758400426173
6990,0.0117101735314154
6991,0.0130518786777385
6992,0.0118834226263311
6993,0.0100302470922197
6994,0.00902835867578487
6995,0.00879853875414854
6996,0.00822980245897672
6997,0.00655792580059029
6998,0.00398714172460844
6999,0.00131272507709855
7000,-0.000777516390754952
7001,-0.0021764305841781
7002,-0.00332902679701954
7003,-0.00463340164076298
7004,-0.00582380401339197
7005,-0.00628246657886392
7006,-0.00621390860334449
7007,-0.00710693903324256
7008,-0.0103490003369211
7009,-0.015318528157494
7010,-0.01946592925146
7011,-0.0206737127807975
7012,-0.0192269975089244
7013,-0.0171247781887824
7014,-0.0157676302786848
7015,-0.0148416186506261
7016,-0.0133307964205296
7017,-0.0109588454748945
7018,-0.0083543343949853
7019,-0.00621795130659293
7020,-0.00472637441304326
7021,-0.00359872600854541
7022,-0.00245675890195717
7023,-0.00119632797871558
7024,-0.000192155769097
7025,5.6904770209012E-05
7026,-0.000201510780916822
7027,0.00036144024108479
7028,0.00304665293234849
7029,0.00747442756446579
7030,0.0114514267367025
7031,0.0128940446388685
7032,0.0117748380477394
7033,0.00990359868390147
7034,0.00891395355414359
7035,0.00878859959475937
7036,0.00830994166222397
7037,0.00655824178407132
7038,0.00377734836226332
7039,0.000996467492165011
7040,-0.000968417128721037
7041,-0.00218577713898558
7042,-0.00336579386434213
7043,-0.00489784713125926
7044,-0.00622379913843068
7045,-0.00652957844178654
7046,-0.00618273692423317
7047,-0.00698515005052581
7048,-0.0103898025711078
7049,-0.0155360488483578
7050,-0.0196645260896666
7051,-0.020736401794211
7052,-0.0192568924556512
7053,-0.0172708965753675
7054,-0.0160057670117413
7055,-0.0150140638201204
7056,-0.013364053613056
7057,-0.0109408439375502
7058,-0.00838031689981059
7059,-0.00625155729786923
7060,-0.00467942538233655
7061,-0.00349361774328509
7062,-0.00241346378180288
7063,-0.00126178342873216
7064,-0.000277422409478479
7065,3.16893148636502E-05
7066,-0.000222128880191292
7067,0.00025226323138213
7068,0.00289501140938038
7069,0.00744231951604174
7070,0.0116115866052567
7071,0.0131396283100584
7072,0.0119620551025158
7073,0.00999676783311128
7074,0.00892909712251983
7075,0.00868308506792301
7076,0.00805061878619471
7077,0.00627098516643991
7078,0.00368279493852703
7079,0.00114599022746847
7080,-0.000787028143031856
7081,-0.00219669848350029
7082,-0.00353470649880672
7083,-0.00501498101641176
7084,-0.00620799888277529
7085,-0.00651058573797396
7086,-0.00626636545916664
7087,-0.00707737934675313
7088,-0.0103458310922391
7089,-0.0153978287247323
7090,-0.0196230003351837
7091,-0.0208724571658149
7092,-0.0194378018488939
7093,-0.0173413749088145
7094,-0.01599384083444
7095,-0.0150770235098535
7096,-0.0135763755250891
7097,-0.0112186600074509
7098,-0.00861346615315796
7099,-0.00643354712304397
7100,-0.00486454291450974
7101,-0.00366602977105471
7102,-0.00246308744653689
7103,-0.00110790992441365
7104,1.34008454080502E-05
7105,0.000279988913677281
7106,-0.000155418665179823
7107,0.000147638280099748
7108,0.00274036142725152
7109,0.00734535350424491
7110,0.0115903223023433
7111,0.0131524407149766
7112,0.0119857698701574
7113,0.0100668275182709
7114,0.0091127930550486
7115,0.00901210583537808
7116,0.00846510061686204
7117,0.00662973458064777
7118,0.0038564190924771
7119,0.00112152233161283
7120,-0.000902908257982149
7121,-0.00229084464796818
7122,-0.00358930375504507
7123,-0.00508204783916923
7124,-0.00630889020837996
7125,-0.00660682737333037
7126,-0.0063302515375523
7127,-0.00713796631231702
7128,-0.0104315212191413
7129,-0.0154666507387727
7130,-0.0196013050435556
7131,-0.0207634215315866
7132,-0.0193475430705333
7133,-0.0173749032633525
7134,-0.016148121963974
7135,-0.0152614292043479
7136,-0.0137289348059261
7137,-0.0113714583120049
7138,-0.0088314288510026
7139,-0.00670750698457358
7140,-0.00509338412704341
7141,-0.00375679408241661
7142,-0.00243576581506606
7143,-0.00107694949371967
7144,-3.12018000047359E-05
7145,0.000207232604850003
7146,-0.000144532604707452
7147,0.000265750372229778
7148,0.00283621771252635
7149,0.00724219807828658
7150,0.0112298905860607
7151,0.0126459869115731
7152,0.0115077943540048
7153,0.00971310212774971
7154,0.00886012880119209
7155,0.00879189330186519
7156,0.00825284221785064
7157,0.0064628384198839
7158,0.00378379217206323
7159,0.00115120537633527
7160,-0.000809964102408375
7161,-0.00219104599129001
7162,-0.00352748538075734
7163,-0.00508158708686916
7164,-0.00637117933646941
7165,-0.00670845865051235
7166,-0.00642289669249475
7167,-0.00716312234480011
7168,-0.01035338572981
7169,-0.0153077517737421
7170,-0.0194492897092923
7171,-0.020723206686988
7172,-0.0194586730447368
7173,-0.0175658642240398
7174,-0.0162849039480724
7175,-0.0152589579853836
7176,-0.0136151269949319
7177,-0.0112371368589649
7178,-0.00872445533631045
7179,-0.00659309522485693
7180,-0.00492675247556285
7181,-0.00358114805694863
7182,-0.00237931118898072
7183,-0.00122727881858322
7184,-0.000311581695724225
7185,3.51331237240333E-06
7186,-0.000131676154634483
7187,0.000406666858568909
7188,0.00286756028156474
7189,0.00705041591698695
7190,0.0109914581105258
7191,0.0126668135306922
7192,0.0118930129128883
7193,0.0102476280774133
7194,0.00924026181758334
7195,0.00892901683922108
7196,0.00829936915793174
7197,0.00657655501433947
7198,0.00395768314371098
7199,0.00129928219472323
7200,-0.000684167403257475
7201,-0.00200134715639192
7202,-0.00326200859371757
7203,-0.00485646413739629
7204,-0.0062782079659512
7205,-0.00666240659428562
7206,-0.00623764254487804
7207,-0.00678336237839924
7208,-0.00994887738590775
7209,-0.0150996910816222
7210,-0.0194758438525988
7211,-0.0208239826592533
7212,-0.0194795446026297
7213,-0.0175200960873474
7214,-0.0162882383208455
7215,-0.0153519828418871
7216,-0.0137122482827426
7217,-0.011248941449432
7218,-0.00867661265795326
7219,-0.00659163868959473
7220,-0.00502926653250511
7221,-0.00373626665533853
7222,-0.00248822294922638
7223,-0.00123924742922578
7224,-0.000261768830242701
7225,2.43078632874403E-05
7226,-0.000219829063106088
7227,0.000209970858005073
7228,0.00266838962058712
7229,0.00699474454608019
7230,0.0111404022221129
7231,0.0129319428117824
7232,0.012110658456617
7233,0.0103194910296694
7234,0.00919875725371859
7235,0.00888338014921533
7236,0.00834410962068478
7237,0.00673685647785305
7238,0.0041751356270851
7239,0.00145660613067891
7240,-0.000676413424680888
7241,-0.00209969290864214
7242,-0.00329837989606416
7243,-0.00470355523583516
7244,-0.0059993703600791
7245,-0.00644488202331444
7246,-0.00617419457164896
7247,-0.00677993401030969
7248,-0.00987048213007419
7249,-0.0149412227450727
7250,-0.0193292731453114
7251,-0.0207241142929335
7252,-0.0193736198118083
7253,-0.0173878538056453
7254,-0.016199830624925
7255,-0.0153654486902066
7256,-0.0137737979719746
7257,-0.0112532215322938
7258,-0.00859105333639709
7259,-0.0064630561724904
7260,-0.0048876582080474
7261,-0.00355846392640161
7262,-0.00226364189486724
7263,-0.00101600401764105
7264,-0.000103258974466245
7265,9.47094754416721E-05
7266,-0.000222350071939025
7267,0.000172428819326734
7268,0.00266253326819464
7269,0.00708950584613531
7270,0.0113270391428863
7271,0.0131006768834588
7272,0.0121672795469518
7273,0.0103137169393694
7274,0.00926982396934998
7275,0.00906794541384346
7276,0.00850863519415921
7277,0.00674877736319856
7278,0.00408892441813023
7279,0.00145737198152914
7280,-0.000500885136290674
7281,-0.00185411268558941
7282,-0.00312909469101572
7283,-0.00462259798955462
7284,-0.0059119029198945
7285,-0.00630773813999353
7286,-0.00604525159458816
7287,-0.00670513936716484
7288,-0.00979799665076049
7289,-0.0148003047629707
7290,-0.0191584116362405
7291,-0.020653952826914
7292,-0.019471583884108
7293,-0.0175626747140068
7294,-0.0162883036856716
7295,-0.0152952079478226
7296,-0.0136217661333559
7297,-0.011157693034877
7298,-0.00863256731981329
7299,-0.00662549072851968
7300,-0.00510220314846068
7301,-0.00375941018761274
7302,-0.00240221892017534
7303,-0.00104587619870016
7304,8.1143336923356E-06
7305,0.000306244607225484
7306,-6.95902854439662E-05
7307,5.96785871033319E-05
7308,0.00220693751172346
7309,0.0064594834667026
7310,0.0108300624806868
7311,0.012920637962318
7312,0.0122114358999871
7313,0.010337245258214
7314,0.00913995118147841
7315,0.00887665805223462
7316,0.00843159920933966
7317,0.00683463247309754
7318,0.00421644033429542
7319,0.00147778464174673
7320,-0.000619764464494447
7321,-0.00203127242172688
7322,-0.00328393018174631
7323,-0.00475629721894856
7324,-0.00608464511776503
7325,-0.0065597117707723
7326,-0.00634806786064794
7327,-0.00698106924121663
7328,-0.00998452815764555
7329,-0.014904324673078
7330,-0.019242861668953
7331,-0.0207559644155513
7332,-0.0195420913292539
7333,-0.0175239504486839
7334,-0.016160986682813
7335,-0.0152169109697296
7336,-0.0136853886677971
7337,-0.011264118285093
7338,-0.00858406306043304
7339,-0.00637308416369347
7340,-0.0048163070051907
7341,-0.00361689327420983
7342,-0.00238725556600359
7343,-0.001038325901766
7344,2.38258748958302E-05
7345,0.000257350967783631
7346,-0.000140417813274154
7347,0.000137286082790074
7348,0.00246069860096117
7349,0.00663265489581514
7350,0.0106647237521447
7351,0.0125246761508406
7352,0.0119756361142231
7353,0.0104720781389436
7354,0.00944867001191323
7355,0.00905535835131288
7356,0.00845343075202963
7357,0.00690146284482882
7358,0.0044119091019117
7359,0.00165755212857452
7360,-0.000570152554624215
7361,-0.00199446402385018
7362,-0.00307859702991792
7363,-0.00441932646678726
7364,-0.00584472229219314
7365,-0.00653502110655028
7366,-0.00639091144202558
7367,-0.00687477993622793
7368,-0.00971578589654643
7369,-0.0146632238893105
7370,-0.0191897436470934
7371,-0.0208704679953099
7372,-0.019699679894907
7373,-0.01763927894207
7374,-0.0162224979268366
7375,-0.0152485066131769
7376,-0.0137429022545214
7377,-0.0114328887594882
7378,-0.00889476892747718
7379,-0.00671302218876843
7380,-0.00499876391557516
7381,-0.00357405763716213
7382,-0.00224317814570478
7383,-0.000953160212614671
7384,2.89256729696184E-05
7385,0.000263449516311022
7386,-0.00010954657716803
7387,0.000138102812474183
7388,0.00243321110341764
7389,0.00668045106176874
7390,0.0108439290022068
7391,0.0127205846271599
7392,0.0120100552545951
7393,0.0103064476929462
7394,0.00920783113066727
7395,0.00886248648751971
7396,0.00832083175767999
7397,0.00679170682124109
7398,0.00432207203840266
7399,0.00158988078136168
7400,-0.0006655865596431
7401,-0.00217918596442062
7402,-0.00333960776856446
7403,-0.00467446382593609
7404,-0.00603006311628571
7405,-0.00664301331983522
7406,-0.00642646917972698
7407,-0.00682894932967474
7408,-0.00960396218220078
7409,-0.0145445738833304
7410,-0.0191114476543694
7411,-0.020818276315559
7412,-0.0196416661815507
7413,-0.0175976978794582
7414,-0.0162503593013294
7415,-0.0153356611541809
7416,-0.0138019522403862
7417,-0.0114091673615458
7418,-0.00885175250861286
7419,-0.00676701801603517
7420,-0.00519169856831854
7421,-0.00385959300338289
7422,-0.00258227054361157
7423,-0.00135041377098024
7424,-0.000392591024537839
7425,-6.61980604175639E-05
7426,-0.000263903908924456
7427,7.94881622836233E-05
7428,0.00230091555391213
7429,0.00643222173599677
7430,0.0106283570018669
7431,0.0126805443230842
7432,0.0120969790936432
7433,0.0103720653490254
7434,0.00923365413678079
7435,0.00897830773316626
7436,0.00857902152054938
7437,0.00704507702117663
7438,0.00440739629026257
7439,0.00155728232603423
7440,-0.000618852474169539
7441,-0.00197602214939636
7442,-0.00310418352492888
7443,-0.004524425457185
7444,-0.0059030188407454
7445,-0.00640791864920889
7446,-0.00609319534690272
7447,-0.006540026488347
7448,-0.00944033162239093
7449,-0.0144462295053256
7450,-0.0190114096844678
7451,-0.020759606799355
7452,-0.0196955469800788
7453,-0.0177198262144742
7454,-0.0163025013572235
7455,-0.0152473480047252
7456,-0.0136500804245418
7457,-0.011320334151493
7458,-0.0088660062158008
7459,-0.00682138689218815
7460,-0.0052118126305949
7461,-0.00383398293666395
7462,-0.00254243782949273
7463,-0.00129390298424517
7464,-0.000251412402447615
7465,0.000221832795139973
7466,0.000121692471206673
7467,0.000407872067510366
7468,0.00246634093398799
7469,0.00651051290302849
7470,0.0107997380128532
7471,0.0130122965841586
7472,0.0124562359556428
7473,0.0105800093371846
7474,0.00925657215069516
7475,0.00892532477652522
7476,0.00855878137949333
7477,0.00709126380332469
7478,0.00451938665079159
7479,0.00172544339677966
7480,-0.000444409220248333
7481,-0.00186975333340482
7482,-0.00308090948451868
7483,-0.00452610338420741
7484,-0.00590845739537597
7485,-0.00649588925359531
7486,-0.00632588156359532
7487,-0.00681742767057361
7488,-0.00956175818123033
7489,-0.0143327849065089
7490,-0.0188027549307426
7491,-0.0206599480436358
7492,-0.0197738711299271
7493,-0.0179000829751291
7494,-0.0165060721912375
7495,-0.0154756605999845
7496,-0.0139235169017069
7497,-0.0115922422486627
7498,-0.00904167216608582
7499,-0.0068570314159311
7500,-0.00516801610692904
7501,-0.00381577937848612
7502,-0.00259813171924728
7503,-0.00139799816598277
7504,-0.000388772753237686
7505,-2.80827668388119E-06
7506,-0.00024501458598323
7507,-5.10229082338528E-05
7508,0.00203800411817405
7509,0.00615598567266969
7510,0.0104309008749624
7511,0.0125581833312518
7512,0.0120059942775053
7513,0.0102921058959511
7514,0.00914505660094919
7515,0.0088341589048454
7516,0.00837023694225974
7517,0.00686827001416442
7518,0.00437817704098771
7519,0.00163834090483149
7520,-0.000618978281937484
7521,-0.00217681139099804
7522,-0.00338959102108599
7523,-0.00468869121476299
7524,-0.00592139259723328
7525,-0.0064521847609113
7526,-0.00626972575081654
7527,-0.00673203926741781
7528,-0.00948311036414651
7529,-0.0143739859118639
7530,-0.0190171713276126
7531,-0.0209391471962212
7532,-0.0199524913540362
7533,-0.01794561742761
7534,-0.0165370011441324
7535,-0.0155849249661015
7536,-0.014056828021813
7537,-0.0116502220365365
7538,-0.00904969546474968
7539,-0.00694850578963286
7540,-0.00539705717866643
7541,-0.00406605271295909
7542,-0.00272062510791575
7543,-0.00138663778748314
7544,-0.000355326892926253
7545,5.21352263447081E-08
7546,-0.000190360266142643
7547,0.00014929386150299
7548,0.00234050859410006
7549,0.00639599011392476
7550,0.0104745609698426
7551,0.0124185738524215
7552,0.0118241297608713
7553,0.0102277968132232
7554,0.00927168465929566
7555,0.00910464649169974
7556,0.00867366944496571
7557,0.00713122316185409
7558,0.00461702131909229
7559,0.00190967618515668
7560,-0.000305188697816955
7561,-0.00187266905609113
7562,-0.00314095305516549
7563,-0.00448286248122218
7564,-0.00572122120165156
7565,-0.00625971158324972
7566,-0.00612067450305259
7567,-0.00662501873134826
7568,-0.00934957440668632
7569,-0.0141490146809131
7570,-0.0187288163117657
7571,-0.0206914016778437
7572,-0.0198095137172935
7573,-0.017866375919054
7574,-0.0164529557149073
7575,-0.0155106777128164
7576,-0.0140614585424214
7577,-0.0117145625327818
7578,-0.00903072807064446
7579,-0.00674437941378461
7580,-0.00510110768434956
7581,-0.00386781514078295
7582,-0.00265178503498187
7583,-0.00125415992942533
7584,2.62234560066076E-05
7585,0.000568144189038186
7586,0.000307000657977305
7587,0.000387652685979773
7588,0.0023562248015432
7589,0.00637228894618194
7590,0.0105842780003566
7591,0.0127345853152729
7592,0.0122907590851154
7593,0.0106760392079514
7594,0.00953251923060886
7595,0.00917620595010583
7596,0.00874307479160044
7597,0.00736501218627667
7598,0.00495215300621454
7599,0.0021269479019471
7600,-0.00030533934754775
7601,-0.00195777954649302
7602,-0.00314336868719936
7603,-0.00441968767193673
7604,-0.00572548622508509
7605,-0.00633032952155642
7606,-0.00606166736096266
7607,-0.00627896515777208
7608,-0.00881624246120933
7609,-0.013696192619006
7610,-0.0185128210275696
7611,-0.0206382339918805
7612,-0.0197663217779642
7613,-0.0177772830938504
7614,-0.01633569431155
7615,-0.0153399054834121
7616,-0.0137910171785414
7617,-0.0114115413408058
7618,-0.00886345734748663
7619,-0.00676818296565965
7620,-0.00514160500971507
7621,-0.00373018800207553
7622,-0.00241362721532284
7623,-0.00121853784911368
7624,-0.000307861878411387
7625,2.35081322195362E-05
7626,-0.000195040404647666
7627,-2.1444043219049E-05
7628,0.00195864451705576
7629,0.00605622279876967
7630,0.0105683872141342
7631,0.0130510917176426
7632,0.0126296230057994
7633,0.0106982321116741
7634,0.00924742245776441
7635,0.00886844773517836
7636,0.00858000298203261
7637,0.00724880194547757
7638,0.00477804487918008
7639,0.00201044424686341
7640,-0.000173450506619521
7641,-0.00158948226448543
7642,-0.00275459048446616
7643,-0.00418421164562285
7644,-0.00564552302389037
7645,-0.00635021435148262
7646,-0.00618083814513715
7647,-0.00648490364281764
7648,-0.00899212772427996
7649,-0.0137044220104023
7650,-0.0183611431385141
7651,-0.0204809443022675
7652,-0.019722662335656
7653,-0.017812784873786
7654,-0.0163575636300266
7655,-0.0153496020204853
7656,-0.0138680546012752
7657,-0.0115607118099937
7658,-0.00896794998087242
7659,-0.00673747522093644
7660,-0.00504659751807268
7661,-0.00371621512142451
7662,-0.00249351721890501
7663,-0.00123610590980708
7664,-0.000133877891384846
7665,0.00032585945143678
7666,6.13253329388788E-05
7667,9.82814851926906E-05
7668,0.00197420646201125
7669,0.00600410249761424
7670,0.0104448873950188
7671,0.0129134401092469
7672,0.0126292285843202
7673,0.010914995906242
7674,0.00954123172751874
7675,0.00900698621208337
7676,0.00851813244724411
7677,0.00718373535467208
7678,0.00488872223042413
7679,0.00222576591241574
7680,-7.46961309064334E-05
7681,-0.00169823786050504
7682,-0.00294342657692763
7683,-0.00428996647203254
7684,-0.00564238312768871
7685,-0.00630375203385915
7686,-0.00611199673021089
7687,-0.00636686384269928
7688,-0.0088562628519436
7689,-0.0136525595316318
7690,-0.0184376932113924
7691,-0.0205954377268978
7692,-0.0197593090430451
7693,-0.0177896540156895
7694,-0.0164129619411208
7695,-0.0155688131533293
7696,-0.0141831848549085
7697,-0.0118482596921601
7698,-0.00919342243987557
7699,-0.00695222200101847
7700,-0.00527177071525767
7701,-0.00389734782050818
7702,-0.00257805442415437
7703,-0.00123970354835745
7704,-0.00010801382078857
7705,0.000347588548782873
7706,5.25303947985652E-05
7707,1.78270264294036E-05
7708,0.00180851712461924
7709,0.00581178762962669
7710,0.0103056384482041
7711,0.0128393693446699
7712,0.0125841582525636
7713,0.0109234285845253
7714,0.0097013206823193
7715,0.00934814291910845
7716,0.00889890305672106
7717,0.00740358521300429
7718,0.0048913866440895
7719,0.00213345098977308
7720,-0.000124172796405969
7721,-0.00168448963171371
7722,-0.0029199299522055
7723,-0.00428018042928383
7724,-0.00563841949678064
7725,-0.00632880673442775
7726,-0.00620353092426763
7727,-0.00648893865786559
7728,-0.00889549868234874
7729,-0.0135448560404497
7730,-0.0182674692982156
7731,-0.0205203538109104
7732,-0.0198422044046671
7733,-0.0179445738367104
7734,-0.0165201638987092
7735,-0.0155964827557887
7736,-0.0141701884799363
7737,-0.0118084444448446
7738,-0.00910300248558888
7739,-0.00683675187029389
7740,-0.0052424113535526
7741,-0.00405181488561399
7742,-0.00288240875400244
7743,-0.00154626372809399
7744,-0.000280862434973544
7745,0.000354081473771395
7746,0.000212657785421705
7747,0.000257497240391027
7748,0.00199235618035499
7749,0.00578814687773947
7750,0.0100414665404927
7751,0.0124863897799639
7752,0.0123415494784372
7753,0.0108353027926695
7754,0.00965216464442492
7755,0.00926168576729226
7756,0.00885769130330558
7757,0.00752135788209682
7758,0.00512874279968799
7759,0.00232409854456545
7760,-8.34410197549611E-05
7761,-0.00174832911396102
7762,-0.00300701666641865
7763,-0.0043938751905575
7764,-0.00583012572127467
7765,-0.00658666624689712
7766,-0.00643516932393569
7767,-0.00660732673512784
7768,-0.00889051581146603
7769,-0.013482231170958
7770,-0.0182480679377038
7771,-0.0206225219797188
7772,-0.0200517325806259
7773,-0.0181325269082865
7774,-0.0165404685177627
7775,-0.015444340394216
7776,-0.0140220548048299
7777,-0.0118634575293442
7778,-0.00937927807213255
7779,-0.00714677340837975
7780,-0.00537631340227821
7781,-0.00396941925268588
7782,-0.0027196419300018
7783,-0.00145741862047126
7784,-0.000305676712621698
7785,0.000269975189574472
7786,0.000108959337247982
7787,0.000116756009941772
7788,0.00180419986866414
7789,0.00560484181973329
7790,0.00992604618898289
7791,0.0124187545400112
7792,0.0122208933645294
7793,0.0105867854664357
7794,0.00929762901158213
7795,0.0088719562676045
7796,0.00847216830113798
7797,0.00714169504406215
7798,0.0047579359385606
7799,0.00196510076842289
7800,-0.000445147296849092
7801,-0.00210245157419325
7802,-0.0032646721045622
7803,-0.00444913528136815
7804,-0.00570212000052943
7805,-0.00643404245507029
7806,-0.00637820444728458
7807,-0.00659052271815579
7808,-0.00879544255474896
7809,-0.0133371778230315
7810,-0.0182168989972898
7811,-0.0207765757710002
7812,-0.0202675757415321
7813,-0.0182788662718427
7814,-0.0166721465235586
7815,-0.0156976248930729
7816,-0.0143629796757452
7817,-0.012080489452314
7818,-0.00935736975757169
7819,-0.00703496424548981
7820,-0.00540747393135448
7821,-0.00418831096349462
7822,-0.00298843538141561
7823,-0.00169347194490931
7824,-0.000594358019025551
7825,-0.000174503836040085
7826,-0.000439558819209234
7827,-0.000366645938619537
7828,0.00151034850663168
7829,0.00551259207831945
7830,0.00999148249736139
7831,0.0125874953096301
7832,0.0124154541877539
7833,0.0107188107706068
7834,0.009336138291908
7835,0.00887324750035534
7836,0.00851316272368354
7837,0.00723956213204282
7838,0.00487813980530769
7839,0.00208984660108921
7840,-0.000295290995817601
7841,-0.00191754660895123
7842,-0.00308213274115729
7843,-0.00431744041560442
7844,-0.00561838724179544
7845,-0.00634439724014864
7846,-0.00625073997566992
7847,-0.00647072565356712
7848,-0.00876156670596451
7849,-0.0133943939918406
7850,-0.0182662067756552
7851,-0.0207229233709645
7852,-0.0201467372044403
7853,-0.0182268984358902
7854,-0.0167524746487709
7855,-0.0158104402187021
7856,-0.0143739797123103
7857,-0.0120067900338701
7858,-0.00935282729741729
7859,-0.00718831907261395
7860,-0.00562757986864001
7861,-0.00432198856237669
7862,-0.00298686603685665
7863,-0.00160408162543453
7864,-0.00044109716555045
7865,5.34207690303686E-05
7866,-0.000198240717593178
7867,-0.000257059959734128
7868,0.00141630585289699
7869,0.0053265566357721
7870,0.00988643628529754
7871,0.0125884791740559
7872,0.0123884133446912
7873,0.0105730324447393
7874,0.00916292688498855
7875,0.00884228064524563
7876,0.00867654288491364
7877,0.00749317934298624
7878,0.00509927181890545
7879,0.00225494603866961
7880,-0.000138183387105075
7881,-0.00174452694085828
7882,-0.00292694602622155
7883,-0.00422774047446526
7884,-0.00560883951680262
7885,-0.00638432644258849
7886,-0.00627026084620402
7887,-0.00638266808498831
7888,-0.00851954097351689
7889,-0.0130564202343274
7890,-0.0179743522648109
7891,-0.0205719470236563
7892,-0.0200693102704256
7893,-0.0180582285171229
7894,-0.0164429947005797
7895,-0.0155377292277839
7896,-0.0143769844545678
7897,-0.0122992936359404
7898,-0.00966118609554247
7899,-0.00721398971695109
7900,-0.00533655839909252
7901,-0.00392803638062061
7902,-0.00268371492015318
7903,-0.00139715258111815
7904,-0.000249955448248467
7905,0.000225342299153246
7906,-0.000122591276114804
7907,-0.000294523540335929
7908,0.00134207457419993
7909,0.00528567138414426
7910,0.00988913395735828
7911,0.0126479797305037
7912,0.0125523581355624
7913,0.0108300220354252
7914,0.00937495125334496
7915,0.00886141955494188
7916,0.00852465111022553
7917,0.00734819991381163
7918,0.00508661965844559
7919,0.00231788122741495
7920,-0.000132643467080868
7921,-0.00183919734842409
7922,-0.0030747697730589
7923,-0.00440875777749483
7924,-0.00585471536152283
7925,-0.00668598724985294
7926,-0.00654464255421509
7927,-0.00656625344845911
7928,-0.00863532113217327
7929,-0.0131439086202074
7930,-0.0180085001630621
7931,-0.0205255199060085
7932,-0.0200265733756702
7933,-0.0181662672204504
7934,-0.0167185658021901
7935,-0.0157954906010881
7936,-0.0144121120226793
7937,-0.0121078868430461
7938,-0.00942211486921009
7939,-0.00707481867889017
7940,-0.00529053004038514
7941,-0.00390581612072084
7942,-0.00267773475386121
7943,-0.0014310575754308
7944,-0.000272390079931735
7945,0.000324904316513503
7946,0.000127187319743769
7947,-2.10143875057757E-05
7948,0.0014615615387887
7949,0.00517854490389849
7950,0.00962753209021796
7951,0.0123666657103773
7952,0.0123616202666088
7953,0.010784706700032
7954,0.00946880553364095
7955,0.00902873404377394
7956,0.0086780028663956
7957,0.00744745568527185
7958,0.005167744210009
7959,0.0024394999329472
7960,3.78362252403516E-05
7961,-0.00166008466357102
7962,-0.00290507345033761
7963,-0.00420420531373998
7964,-0.00555945469169457
7965,-0.00631209271377172
7966,-0.00617667819727637
7967,-0.00628183438097026
7968,-0.00844052308022713
7969,-0.0130008037492699
7970,-0.0179089745414682
7971,-0.0205062003704353
7972,-0.0201063193484758
7973,-0.0182971623751023
7974,-0.0168216879411899
7975,-0.0158376105424609
7976,-0.0144303173296617
7977,-0.0121653109322951
7978,-0.00955611994665167
7979,-0.00728127703438331
7980,-0.00553287676818072
7981,-0.0041357386028736
7982,-0.00287058993673473
7983,-0.00161284180032985
7984,-0.000494196969832084
7985,5.10019160758959E-05
7986,-0.000149294414785437
7987,-0.000241172528380164
7988,0.00131258980542037
7989,0.00508924534370203
7990,0.00960755811699594
7991,0.0124388470310753
7992,0.0125100333141613
7993,0.0109451334106759
7994,0.00957877773288293
7995,0.00906385381753565
7996,0.00863832460940889
7997,0.00734055449739132
7998,0.0050185305501374
7999,0.00228662295531014
8000,-9.8761564343207E-05
8001,-0.001787708459081
8002,-0.00302154405747157
8003,-0.00428624165744885
8004,-0.00561114217813763
8005,-0.00638447580713975
8006,-0.00629254587853464
8007,-0.00637225647188788
8008,-0.00842339985140553
8009,-0.0129115393628341
8010,-0.0178707169248175
8011,-0.0205492614302056
8012,-0.0201019903780585
8013,-0.018133464082886
8014,-0.0165862336611258
8015,-0.0157364774357811
8016,-0.0145443740680634
8017,-0.0123726575257352
8018,-0.00970350901858276
8019,-0.00734662485174049
8020,-0.00557850839539981
8021,-0.00417325906343552
8022,-0.0028491384918457
8023,-0.00151723499936796
8024,-0.000383965932174159
8025,0.000108898479604614
8026,-0.000158032368398757
8027,-0.000296925286469459
8028,0.00122466122965632
8029,0.00498233977533727
8030,0.00951171745870574
8031,0.0123895531229762
8032,0.0125194490761434
8033,0.0109889582877829
8034,0.00960527510890463
8035,0.00902453462649473
8036,0.00853654825454484
8037,0.00725263143454015
8038,0.00503285241853117
8039,0.00240323128432579
8040,1.88374713701527E-05
8041,-0.00175935654305131
8042,-0.00306595480793847
8043,-0.00433699236951359
8044,-0.00568241572676955
8045,-0.00657622245199795
8046,-0.00664325450217432
8047,-0.00676040689695193
8048,-0.00866791223636668
8049,-0.0129580456263697
8050,-0.0178402631393093
8051,-0.0206033154187848
8052,-0.0202863775752228
8053,-0.0183551796330566
8054,-0.0167163075648328
8055,-0.0157292560131926
8056,-0.0144760569351402
8057,-0.0123704600034005
8058,-0.00982144466648442
8059,-0.00751099517090427
8060,-0.00567991877107364
8061,-0.00421221900418699
8062,-0.00294768852890183
8063,-0.0017658846674395
8064,-0.000724641915839842
8065,-0.000205955833748179
8066,-0.000441409487289379
8067,-0.000650770430067321
8068,0.000780498005454941
8069,0.00460240640028876
8070,0.00935147114961461
8071,0.0123843509944027
8072,0.0124332946147672
8073,0.0106928827076841
8074,0.00922684956939075
8075,0.00878011554621534
8076,0.00847539264381255
8077,0.00723418905951128
8078,0.00492997551285268
8079,0.00224890246750672
8080,-6.34865343258075E-05
8081,-0.00171324032202057
8082,-0.00295337084372003
8083,-0.00426583107688404
8084,-0.00571842385651121
8085,-0.00670697335810756
8086,-0.00679084943166705
8087,-0.00683725254430879
8088,-0.00865792082565388
8089,-0.0129458455263581
8090,-0.0179237954084798
8091,-0.0207674096333661
8092,-0.0204040563110178
8093,-0.0183453401531673
8094,-0.0166660247066163
8095,-0.015799086918238
8096,-0.0146815402829409
8097,-0.0125200612702955
8098,-0.00972009191070242
8099,-0.00719807435903376
8100,-0.00540402810952228
8101,-0.00415570995220726
8102,-0.00302015420488351
8103,-0.00170477071799932
8104,-0.000379800718316288
8105,0.000313730406032144
8106,1.21481060149399E-05
8107,-0.000412140049821005
8108,0.000830090437417864
8109,0.00457409005807305
8110,0.00933143909231482
8111,0.0124101617239013
8112,0.0125166931418892
8113,0.0108193532714773
8114,0.00935150091719658
8115,0.00887056733829075
8116,0.00856816986717378
8117,0.00741083169402743
8118,0.00520833221260242
8119,0.00251672437835946
8120,3.37660132860755E-05
8121,-0.00183164996263844
8122,-0.00315753664306225
8123,-0.00436664871639644
8124,-0.0056266128570086
8125,-0.00646124929645661
8126,-0.0064558106828725
8127,-0.00642885661397606
8128,-0.00818703970503214
8129,-0.0124873126376314
8130,-0.0175849555250696
8131,-0.0205875871520693
8132,-0.020326979848433
8133,-0.0182995462812476
8134,-0.0166295429164151
8135,-0.015765784389384
8136,-0.0146188420936721
8137,-0.0124200138641102
8138,-0.0096624817002053
8139,-0.00727639038766662
8140,-0.00557665185265422
8141,-0.00426160854803608
8142,-0.00300039713840287
8143,-0.00172728481564644
8144,-0.000626009143949163
8145,-3.71968210460373E-05
8146,-7.34948852892428E-05
8147,-4.6660679097194E-05
8148,0.00136895930071456
8149,0.0048296934772786
8150,0.00919602304138565
8151,0.0122288448960544
8152,0.0126410915184229
8153,0.0111955692359404
8154,0.00964993167576514
8155,0.00893490800621632
8156,0.00858113564218703
8157,0.00761359526202252
8158,0.00559606825001242
8159,0.0028885073504855
8160,0.000258030602727739
8161,-0.00170532109731024
8162,-0.00302176042071704
8163,-0.00418767489351139
8164,-0.00543581918632415
8165,-0.00629441555611876
8166,-0.00634396561905938
8167,-0.00639853014643331
8168,-0.00822049646837411
8169,-0.0125149483783333
8170,-0.0175711441080036
8171,-0.0206050733187158
8172,-0.0204822811488341
8173,-0.0185775731834484
8174,-0.0168709952757004
8175,-0.0158286587697443
8176,-0.0145226540234546
8177,-0.0122970054285433
8178,-0.00960464539848147
8179,-0.00728334692857791
8180,-0.0056295152985325
8181,-0.00436421677990976
8182,-0.00311734848585955
8183,-0.001745071101071
8184,-0.000451148560892761
8185,0.000265326410678987
8186,0.000143924411704793
8187,-9.39484707839201E-05
8188,0.00107484603437204
8189,0.00447918392991494
8190,0.00897250785930093
8191,0.0121602895772025
8192,0.0126165038359088
8193,0.011105191590535
8194,0.00949410960938367
8195,0.00879690511176275
8196,0.00851137246436262
8197,0.00756097617433144
8198,0.00546176999950372
8199,0.00263693189686949
8200,-3.40799442813014E-05
8201,-0.00190783516074699
8202,-0.0030600565593241
8203,-0.00411184860155953
8204,-0.00539119265689496
8205,-0.00639819902327757
8206,-0.00655809180271963
8207,-0.00653497280150101
8208,-0.00811331293970075
8209,-0.0121964119095447
8210,-0.0172413005613096
8211,-0.0204143736918012
8212,-0.0203907506444985
8213,-0.0184625705441663
8214,-0.0167238252069933
8215,-0.0157659456493156
8216,-0.0146070917252809
8217,-0.0124303660228791
8218,-0.00964054823349065
8219,-0.00719024554772754
8220,-0.00548249235202264
8221,-0.00421149219452619
8222,-0.00293750334055057
8223,-0.0015488567903117
8224,-0.000350470345815416
8225,0.000155083733245863
8226,-0.00014036904928044
8227,-0.000350398378633844
8228,0.00105088808185342
8229,0.00472430499583121
8230,0.00934046193277811
8231,0.0124630269774685
8232,0.0127819542877284
8233,0.0112121576461584
8234,0.00966135758775979
8235,0.00903810519567256
8236,0.00870945699512055
8237,0.00760557841948418
8238,0.0054091161124198
8239,0.00269514571768324
8240,0.000283775903151331
8241,-0.00142433113289953
8242,-0.00267205324581402
8243,-0.0039672029038854
8244,-0.00535708641652962
8245,-0.00621578308860445
8246,-0.00614610165435237
8247,-0.00608164097033125
8248,-0.00785417526912559
8249,-0.012159926975514
8250,-0.0172613534696563
8251,-0.020348480449655
8252,-0.020240137103448
8253,-0.0182748145642262
8254,-0.0164811530777489
8255,-0.0154492059630293
8256,-0.0143193894037789
8257,-0.0123384710935977
8258,-0.00976109876115124
8259,-0.007321300273408
8260,-0.00542695990907803
8261,-0.00403057361053027
8262,-0.0028844376813871
8263,-0.00173508534502207
8264,-0.000572726573877569
8265,0.000182569140894886
8266,0.000153146365774252
8267,-6.13129418656071E-05
8268,0.00111495260310158
8269,0.00464303937538901
8270,0.00935387288478859
8271,0.0126652632989198
8272,0.0130604368421617
8273,0.0114617234248166
8274,0.00993086573560288
8275,0.0094207191251828
8276,0.00918007293917081
8277,0.00804583596324035
8278,0.00574531629818266
8279,0.00293301497882176
8280,0.000440510034192264
8281,-0.00133120676657525
8282,-0.00257830362050214
8283,-0.00381145173429199
8284,-0.00520670651574158
8285,-0.00624126248114229
8286,-0.0063954732172891
8287,-0.00635269675737145
8288,-0.00789369625929021
8289,-0.0119587054142697
8290,-0.0170440022729364
8291,-0.0202774721729672
8292,-0.0202554766722584
8293,-0.0182741567046262
8294,-0.0165329627293467
8295,-0.0157007694939982
8296,-0.0147404304810987
8297,-0.0126992240683962
8298,-0.00989461736293318
8299,-0.00730575816357397
8300,-0.0054468112281996
8301,-0.0041340841032651
8302,-0.0029698422824246
8303,-0.0017438614279228
8304,-0.000585048436588811
8305,7.6070630185477E-05
8306,-5.01867661137568E-06
8307,-0.000151149567219101
8308,0.00111747115847251
8309,0.00461954052648721
8310,0.00918564386363225
8311,0.0123721016590856
8312,0.0127609838579794
8313,0.0112185916313811
8314,0.00968235613316172
8315,0.0090744995848827
8316,0.00874280576430596
8317,0.00763389703893355
8318,0.00547536507880385
8319,0.00282017671180631
8320,0.000400556272900207
8321,-0.00139678409793787
8322,-0.00269954859348688
8323,-0.00393346120153145
8324,-0.00525020625927092
8325,-0.00619310033411563
8326,-0.00633940513481309
8327,-0.0063871075483614
8328,-0.00801200763721476
8329,-0.0120464384589874
8330,-0.0170229636228488
8331,-0.0202185211065226
8332,-0.0202922781583586
8333,-0.0184158800177486
8334,-0.0166412413628425
8335,-0.0156830839807011
8336,-0.0146965357066202
8337,-0.0128001584757344
8338,-0.010151773675899
8339,-0.00755293878773536
8340,-0.00556020014443909
8341,-0.0041732330129375
8342,-0.00304284141015883
8343,-0.00180660786965372
8344,-0.00048335474998452
8345,0.000365285375871772
8346,0.00025699043924777
8347,-0.000182627960316126
8348,0.000732292316610195
8349,0.00406127226688411
8350,0.00868307257191859
8351,0.0120195113464691
8352,0.0125100901157965
8353,0.0109889775133904
8354,0.00944834120916525
8355,0.00886915389274002
8356,0.00861148121853312
8357,0.00758383658686534
8358,0.00545361765796884
8359,0.00274122219048271
8360,0.000213630277942515
8361,-0.00165957626344055
8362,-0.00295447299825216
8363,-0.00413105123684561
8364,-0.00541198156337425
8365,-0.00634371939686916
8366,-0.00642403704067897
8367,-0.006309855779338
8368,-0.00777860620636004
8369,-0.0118265882560179
8370,-0.0170163520045252
8371,-0.0204616062738344
8372,-0.0206365934045722
8373,-0.0186964364255265
8374,-0.0168156219376023
8375,-0.015795125730084
8376,-0.014771627414513
8377,-0.0128367522061765
8378,-0.0101795056375013
8379,-0.00762630999156098
8380,-0.00569683759655685
8381,-0.00436197537639174
8382,-0.00331232686348009
8383,-0.00220524381379072
8384,-0.000956480632550261
8385,5.95910627169662E-08
8386,0.000137329902614909
8387,-0.000123424739990867
8388,0.000788111300350634
8389,0.00404524249159251
8390,0.00869600081553717
8391,0.0121550356763933
8392,0.0127173679951971
8393,0.0111557262203263
8394,0.00954651335851528
8395,0.00894786909404382
8396,0.00869171759381465
8397,0.00764256877843337
8398,0.00549664848332995
8399,0.00281205075751115
8400,0.000321918001868393
8401,-0.0015488889033879
8402,-0.00284004668590319
8403,-0.00395275514234363
8404,-0.00515327742516736
8405,-0.00610092902378336
8406,-0.00630635547271349
8407,-0.00629526875715664
8408,-0.00773382308335623
8409,-0.0116617585135909
8410,-0.0167586889674759
8411,-0.0201740054478541
8412,-0.0203392648200087
8413,-0.0184050245122075
8414,-0.0165948471094964
8415,-0.0157010147191342
8416,-0.0147581667249211
8417,-0.0127887311984443
8418,-0.0100521873482605
8419,-0.0074979135054167
8420,-0.00565077895109516
8421,-0.00435561675002525
8422,-0.00321565035131364
8423,-0.00196284431321728
8424,-0.000662448393070304
8425,0.000204837365028453
8426,0.000207203675352725
8427,-0.000126949923586456
8428,0.000781430960895362
8429,0.00405731237659121
8430,0.00874169630934102
8431,0.0122789355978332
8432,0.0129455121886453
8433,0.0114391817215384
8434,0.00980282338523011
8435,0.00915128717330427
8436,0.00887669673440893
8437,0.00781808196053169
8438,0.00561537564716257
8439,0.00284730033508392
8440,0.000322025050382126
8441,-0.00152549516210745
8442,-0.00280740921350192
8443,-0.00396607639622532
8444,-0.00522610420802726
8445,-0.00621167810884137
8446,-0.00645819995541382
8447,-0.00648260422736957
8448,-0.00785461131011118
8449,-0.0115781686470845
8450,-0.0164992736921125
8451,-0.0199806124545304
8452,-0.0204148713704252
8453,-0.0186687703838648
8454,-0.0167997075076358
8455,-0.0157709539595504
8456,-0.0148722990154689
8457,-0.0130962689693051
8458,-0.0104346319853462
8459,-0.00771805935946118
8460,-0.00566724941005122
8461,-0.00436474007601991
8462,-0.00338962011496096
8463,-0.00225835954837597
8464,-0.000927494483588443
8465,1.58099860195317E-05
8466,-5.88324406735861E-06
8467,-0.000464527611091301
8468,0.000342035469951856
8469,0.00363660564539021
8470,0.00844368958757225
8471,0.0121086410511662
8472,0.0128146266068611
8473,0.0112419944195761
8474,0.00950240278025091
8475,0.00881384997947729
8476,0.00863130472434492
8477,0.00777752268557412
8478,0.00581020270268311
8479,0.00320248229729319
8480,0.000681953956655507
8481,-0.00132529832775092
8482,-0.00284673386867119
8483,-0.00418412912844002
8484,-0.00545660569114623
8485,-0.00630196766789962
8486,-0.00639241477606465
8487,-0.00640763357775172
8488,-0.00796529161998167
8489,-0.011942781501046
8490,-0.0169907658665426
8491,-0.0203968829052418
8492,-0.0206658936671615
8493,-0.0188195465312226
8494,-0.0169341085225323
8495,-0.0158720597581292
8496,-0.0148801898851191
8497,-0.0130420358693181
8498,-0.0104375303829954
8499,-0.00783790574119091
8500,-0.00582193395829595
8501,-0.00443073346211895
8502,-0.00334532297034835
8503,-0.0021861543616461
8504,-0.000901138038894322
8505,-6.4576667670592E-06
8506,-5.17828678953672E-05
8507,-0.000532658063148915
8508,0.00024357071351824
8509,0.00352478760751152
8510,0.00835577147614953
8511,0.0120780909634126
8512,0.0128693536247796
8513,0.0114040752804403
8514,0.00975497357771074
8515,0.00906987707694068
8516,0.00877281777681006
8517,0.00774907974363607
8518,0.00566577799671368
8519,0.00304549016393322
8520,0.000566377635932645
8521,-0.00142051411064554
8522,-0.00295896522961207
8523,-0.00431688081555488
8524,-0.00559996531433858
8525,-0.00646836695153844
8526,-0.0065902748533957
8527,-0.00658459004234505
8528,-0.00802599203072061
8529,-0.0118508749991744
8530,-0.016828672396307
8531,-0.0202904791685122
8532,-0.0206592181882841
8533,-0.018853862399511
8534,-0.016942402892766
8535,-0.0158526529967866
8536,-0.0148690440645125
8537,-0.0130590992026134
8538,-0.0104949187333233
8539,-0.00796923760675059
8540,-0.00604834406536199
8541,-0.00469644721164176
8542,-0.00353319828884305
8543,-0.00221931888489914
8544,-0.000802675772273474
8545,0.000160384287185066
8546,0.000166354915231121
8547,-0.000250749482442338
8548,0.000534290250220725
8549,0.00367222211590833
8550,0.00821726686370527
8551,0.0116550183047164
8552,0.0123201216771906
8553,0.0109262684513399
8554,0.00945832960465499
8555,0.00894375786119549
8556,0.00873213644578656
8557,0.00768894046677202
8558,0.00550380126931302
8559,0.00277428691644952
8560,0.000290844393122922
8561,-0.00153508168410213
8562,-0.00282909989112267
8563,-0.00403778012383473
8564,-0.00536466642537024
8565,-0.00637338086744686
8566,-0.00654827451445985
8567,-0.00645362262970181
8568,-0.00779926353644538
8569,-0.0116750503581762
8570,-0.0168361190887164
8571,-0.0204597980730151
8572,-0.0208630811588162
8573,-0.0190092725108025
8574,-0.0170726945989423
8575,-0.0160139668511607
8576,-0.0150621913609096
8577,-0.013225427389461
8578,-0.0105679419659383
8579,-0.00791174107956722
8580,-0.00587026668776902
8581,-0.0044721470486456
8582,-0.0033851131966095
8583,-0.00223363012823799
8584,-0.000944114924138153
8585,1.51730522624558E-05
8586,8.7100452208065E-05
8587,-0.000322282207034075
8588,0.000393464431277486
8589,0.00352419646044816
8590,0.00823674588571968
8591,0.0119223385805741
8592,0.0127028303108484
8593,0.0112197005820227
8594,0.00960583699701792
8595,0.00904674814007199
8596,0.00886940498814947
8597,0.00783340444652294
8598,0.00564808684785021
8599,0.00302135677415627
8600,0.000710270848016395
8601,-0.0010824511849919
8602,-0.00257861744404894
8603,-0.00401641758096843
8604,-0.00532997004359476
8605,-0.00612089384542147
8606,-0.00616430767086342
8607,-0.00614439746263618
8608,-0.00755129914552788
8609,-0.0112676270599727
8610,-0.0162015441259084
8611,-0.0198454371194629
8612,-0.0205277435998827
8613,-0.0188825753587525
8614,-0.0168720235317023
8615,-0.0156437151200854
8616,-0.0147213414006883
8617,-0.0131018495556935
8618,-0.0105902330979224
8619,-0.0078929963344933
8620,-0.00577734651269294
8621,-0.00441947097380861
8622,-0.00341653590803649
8623,-0.00225257949612634
8624,-0.000864511122860047
8625,0.000168454109148114
8626,0.000261460373255207
8627,-0.00013053960454248
8628,0.000580634078440447
8629,0.00362054004586346
8630,0.00822028105849501
8631,0.0119533800188253
8632,0.0129732114246693
8633,0.0116704956700369
8634,0.00992624949636966
8635,0.00903347934708479
8636,0.0086965053789898
8637,0.00784284522560235
8638,0.00590416757225008
8639,0.00321999942101292
8640,0.000583030105254067
8641,-0.00140240930802809
8642,-0.00272792074757566
8643,-0.00388911589461341
8644,-0.00522114555360846
8645,-0.00632568713235519
8646,-0.00657565034794552
8647,-0.00639242153706186
8648,-0.0074792848883711
8649,-0.011089663753299
8650,-0.016164273476561
8651,-0.0199155116450834
8652,-0.020537694462282
8653,-0.0188542989219436
8654,-0.0169885447303146
8655,-0.0159192999661752
8656,-0.0149153066406391
8657,-0.0130491748296166
8658,-0.0104612469067863
8659,-0.00797329321879792
8660,-0.00607920105476259
8661,-0.00468827702980638
8662,-0.00350128508539571
8663,-0.00228156576211764
8664,-0.000996993512272608
8665,-4.9592716758957E-06
8666,0.0002019200724443
8667,-0.0001073280101327
8668,0.00049735523909075
8669,0.00337189955340622
8670,0.00796914005715527
8671,0.0118393890241156
8672,0.0129208714187637
8673,0.0115470467828698
8674,0.00978922675463775
8675,0.00906661726898017
8676,0.00892588816600188
8677,0.00807580269852992
8678,0.00599403692689967
8679,0.00325705053234219
8680,0.00072214099024612
8681,-0.00120863265084359
8682,-0.00267392865775725
8683,-0.00401250076769438
8684,-0.00530709563162277
8685,-0.00617211245264494
8686,-0.00624246412723314
8687,-0.00609548768763115
8688,-0.00731341955410105
8689,-0.0109803557173351
8690,-0.0160604651051397
8691,-0.0198805348792009
8692,-0.020607811963996
8693,-0.0189360161072171
8694,-0.0169969601845193
8695,-0.0159402129275778
8696,-0.0151015491178284
8697,-0.0133757170066028
8698,-0.0107122310807955
8699,-0.00800411099830276
8700,-0.00598095941462391
8701,-0.00462425733002227
8702,-0.00346933039110103
8703,-0.00214722708266349
8704,-0.0007249672328269
8705,0.000264996583036022
8706,0.000324779111689031
8707,-0.000139226163168039
8708,0.000371080043527562
8709,0.00316716595778158
8710,0.00771046440512592
8711,0.0116681495408076
8712,0.0130134604515985
8713,0.0118909451923255
8714,0.010136759521483
8715,0.00918483642030071
8716,0.00884823826934831
8717,0.00803449491802829
8718,0.00612916293886917
8719,0.00348092871619652
8720,0.000889662535673424
8721,-0.00108426632521983
8722,-0.00245574809098417
8723,-0.00366337800102154
8724,-0.00498949422389337
8725,-0.0060848606444908
8726,-0.00639780869853183
8727,-0.00630344127883324
8728,-0.0073774200638198
8729,-0.0108711328936833
8730,-0.0158974490550238
8731,-0.0197844893370016
8732,-0.0206004617187042
8733,-0.01896324843667
8734,-0.017008172259754
8735,-0.0159300418519925
8736,-0.0150906496142196
8737,-0.0133695452948852
8738,-0.0106827829254884
8739,-0.00791374182550552
8740,-0.00583232203843658
8741,-0.00448909629062272
8742,-0.00345327264735554
8743,-0.00230557572686058
8744,-0.00100187546715633
8745,8.69501343794378E-06
8746,0.000208808241873481
8747,-0.000107866533516294
8748,0.000441790655856779
8749,0.0031515253052719
8750,0.00758029935749699
8751,0.0115141902874273
8752,0.0129404078748525
8753,0.011891645365789
8754,0.0100952164745554
8755,0.00901871457970148
8756,0.00862037669428819
8757,0.00788346003109424
8758,0.00609851674988431
8759,0.0034704399486682
8760,0.000794795789800442
8761,-0.00123530000719347
8762,-0.00255205435537529
8763,-0.00366804046114849
8764,-0.00497332882849943
8765,-0.00609178235530697
8766,-0.00634551773524809
8767,-0.0060764661530931
8768,-0.00699620280732029
8769,-0.0105127107159875
8770,-0.0157395740018629
8771,-0.0198608465455464
8772,-0.0208089185497536
8773,-0.0191716715389285
8774,-0.0171352401600614
8775,-0.0159714818508692
8776,-0.0151211905240862
8777,-0.0135027181784558
8778,-0.0109679759877527
8779,-0.0082544520203338
8780,-0.00604692955376459
8781,-0.00447859261946861
8782,-0.00328142430537428
8783,-0.00209629271375892
8784,-0.000808448320749638
8785,0.00018270164063969
8786,0.00031154806529699
8787,-0.000137670564062941
8788,0.000363223584394661
8789,0.00323971644524724
8790,0.00790679700853625
8791,0.0118138924097055
8792,0.0128517147521951
8793,0.011412613674835
8794,0.00965989286786735
8795,0.00902946818752295
8796,0.00899988269788523
8797,0.00821949417133123
8798,0.00617756280054941
8799,0.00349332928499018
8800,0.00102820031934348
8801,-0.000849223778276275
8802,-0.00230028486479447
8803,-0.00366987864300325
8804,-0.00505945925583821
8805,-0.00609521372095081
8806,-0.00635275567865628
8807,-0.00628521544411877
8808,-0.00740647411321928
8809,-0.0108897210074553
8810,-0.0158829331331661
8811,-0.0198115068370434
8812,-0.0207554926100005
8813,-0.0192244886783842
8814,-0.0172461802431673
8815,-0.0160288885380009
8816,-0.0150510440029078
8817,-0.0132927164846679
8818,-0.0106734327070297
8819,-0.00800956786559436
8820,-0.00600613549301586
8821,-0.004683568974051
8822,-0.00360306181578379
8823,-0.00235897327256182
8824,-0.000964819275558793
8825,4.67650283019195E-05
8826,0.000136508181610836
8827,-0.00029959060649708
8828,0.000272413572081893
8829,0.0031786943948595
8830,0.00782801172863132
8831,0.0118146212087762
8832,0.0130942573282574
8833,0.0118608897436566
8834,0.0100255807843088
8835,0.009086611546966
8836,0.00887913668013122
8837,0.00824979728188785
8838,0.00645048328134025
8839,0.00373824316226574
8840,0.000976043739950227
8841,-0.00111323694999392
8842,-0.00247086125287788
8843,-0.00363235753193095
8844,-0.0050000383838352
8845,-0.00618713799084619
8846,-0.00648419221781602
8847,-0.00619650644016373
8848,-0.00702145857091187
8849,-0.0103986757146892
8850,-0.0155091543554729
8851,-0.0195867333669603
8852,-0.0205479766831589
8853,-0.0189218376005519
8854,-0.0168659742332053
8855,-0.0156807699816731
8856,-0.0148337550225173
8857,-0.0132228689943351
8858,-0.0106862843015784
8859,-0.00802088540640061
8860,-0.00597907002792399
8861,-0.00463520821411208
8862,-0.00355164769420873
8863,-0.00228513108281162
8864,-0.000834560500549568
8865,0.000237607741675089
8866,0.0003534123084524
8867,-0.000109919296255177
8868,0.000374345240674505
8869,0.00313678167682939
8870,0.00763248436378009
8871,0.01154336857048
8872,0.0128833855492783
8873,0.0118039839416587
8874,0.0100948028178517
8875,0.00915851383756552
8876,0.00884330544496387
8877,0.00810504903669686
8878,0.00630805356797403
8879,0.0037284255180008
8880,0.00113110153988465
8881,-0.000891096105244801
8882,-0.0023158928660592
8883,-0.00358529455813664
8884,-0.00498457494187179
8885,-0.00611514944780002
8886,-0.00635429062516897
8887,-0.00606947268699445
8888,-0.00692618685564406
8889,-0.0103041134395797
8890,-0.0153886108420217
8891,-0.0194722755606482
8892,-0.0205040336029841
8893,-0.0189833637688873
8894,-0.0170152867731737
8895,-0.0158715517068142
8896,-0.0150283239044829
8897,-0.013416840787556
8898,-0.010899657018906
8899,-0.00825031016099354
8900,-0.00616712374903718
8901,-0.0047283091906976
8902,-0.00359703539794309
8903,-0.00240997454767216
8904,-0.00107802155659092
8905,2.39222443139672E-05
8906,0.000352768920719212
8907,7.64056113855372E-05
8908,0.000517291333282626
8909,0.00308356434876869
8910,0.00749482227723595
8911,0.0115321322707691
8912,0.0130249254657024
8913,0.0119307815306892
8914,0.0100973516451935
8915,0.00912463047134947
8916,0.00891205290063046
8917,0.00827896576948863
8918,0.00647989840929013
8919,0.00382906284717035
8920,0.00116919828336154
8921,-0.000897123922172717
8922,-0.00234858895681241
8923,-0.00357756109167919
8924,-0.00485744076554315
8925,-0.00590056434912031
8926,-0.00620247692667914
8927,-0.00607438359917709
8928,-0.00699567663954249
8929,-0.0102801560157016
8930,-0.0152764817345421
8931,-0.0194669581370381
8932,-0.0207658627155603
8933,-0.0194455345930719
8934,-0.017455984912054
8935,-0.0161445010532995
8936,-0.0151712364741016
8937,-0.013542474834193
8938,-0.0110416127070388
8939,-0.00835562038336322
8940,-0.00621171011221765
8941,-0.00477076919841432
8942,-0.00368596938170894
8943,-0.00248132358509011
8944,-0.00102304044744402
8945,0.000169187124236103
8946,0.000353728860155647
8947,-0.000285401421559102
8948,-0.000148060613883897
8949,0.00242997800304861
8950,0.00711648714784358
8951,0.0114059315207994
8952,0.0129480252289864
8953,0.011800576511567
8954,0.00999821922488984
8955,0.00914734051581072
8956,0.00899023096124993
8957,0.00826795096846866
8958,0.00634774082325688
8959,0.00368976118161839
8960,0.00112850449637158
8961,-0.000864851666068372
8962,-0.0023491656969823
8963,-0.00367080333134147
8964,-0.00501811171809131
8965,-0.00607372119424041
8966,-0.00635112821504569
8967,-0.00618286870573037
8968,-0.00707251879688008
8969,-0.0103656501498948
8970,-0.0154082517395043
8971,-0.0196178037372438
8972,-0.0208510168066413
8973,-0.0194282416824863
8974,-0.0174237862813849
8975,-0.0162277784309123
8976,-0.0153786827681342
8977,-0.0137214251186031
8978,-0.0110280316938014
8979,-0.00813875221188935
8980,-0.00592436326548513
8981,-0.00454465363536564
8982,-0.00356176113753801
8983,-0.00244819424385442
8984,-0.00107098643545375
8985,8.52961026387102E-05
8986,0.000360529511974725
8987,-5.82560024272913E-05
8988,0.00027151608766515
8989,0.00281818658084409
8990,0.00723504559569186
8991,0.0112271465560268
8992,0.0126652838724063
8993,0.0116090608459863
8994,0.00990836488948975
8995,0.00904677389056385
8996,0.00885097245345087
8997,0.00821615847760942
8998,0.00650700442351836
8999,0.00401015584652011
9000,0.00142859837184984
9001,-0.000698665044080728
9002,-0.00225450787009522
9003,-0.00351182223253459
9004,-0.00475640611459075
9005,-0.00580432734153884
9006,-0.00617891519169054
9007,-0.00608976466560558
9008,-0.00692030862638578
9009,-0.0100329678501253
9010,-0.0149231896948475
9011,-0.0191431701498867
9012,-0.0205223669989601
9013,-0.0192147212962751
9014,-0.0171793699327225
9015,-0.0158854663731856
9016,-0.0150566344189143
9017,-0.013606858361994
9018,-0.0111785726967929
9019,-0.00842978183038413
9020,-0.00617151021361856
9021,-0.00463158378630388
9022,-0.00346393281199623
9023,-0.0022091124106843
9024,-0.000799080727016347
9025,0.000244097425315082
9026,0.00031998446210503
9027,-0.000237407782615087
9028,0.000124632343730491
9029,0.00284802853336212
9030,0.00745948057022172
9031,0.0115488153265893
9032,0.0129488947540059
9033,0.011760163187494
9034,0.00992517971315777
9035,0.00901514033856082
9036,0.00885679159516557
9037,0.00823937616834242
9038,0.00642929196519484
9039,0.00376642505798391
9040,0.00113563299539873
9041,-0.000822317155365542
9042,-0.00212343256563611
9043,-0.00329455956676521
9044,-0.00471448637860638
9045,-0.00601170607536553
9046,-0.00644160229146642
9047,-0.00616251331489682
9048,-0.00676643286845632
9049,-0.00982805269253926
9050,-0.0148280150762976
9051,-0.0191478261738659
9052,-0.0205377679247646
9053,-0.0192384812404121
9054,-0.0172846550661467
9055,-0.0160710567871707
9056,-0.0152091508646109
9057,-0.0136416471828573
9058,-0.0111398007985885
9059,-0.0083991224865187
9060,-0.0061483265033898
9061,-0.00459072795476336
9062,-0.00348534143799631
9063,-0.00242023581277912
9064,-0.001162538720758
9065,-3.14345846229736E-05
9066,0.00031343961265739
9067,-9.41065002963718E-05
9068,0.000118822731614547
9069,0.00256049921997954
9070,0.00706012788743719
9071,0.0112896853950747
9072,0.0128971062339289
9073,0.0117976791716961
9074,0.00994503152885345
9075,0.00903028141863002
9076,0.00893121722311758
9077,0.00839237824381438
9078,0.006633053696392
9079,0.00398233912201859
9080,0.00131155955377091
9081,-0.000757378224596477
9082,-0.0022065337381263
9083,-0.00346636900068702
9084,-0.0048459470573779
9085,-0.0060102020516013
9086,-0.00631825199528577
9087,-0.00599276840573296
9088,-0.00661478050111411
9089,-0.00973517611186899
9090,-0.0148475987759174
9091,-0.0193435897632782
9092,-0.0209147833124837
9093,-0.0196930697603293
9094,-0.0176540818668171
9095,-0.016251902892976
9096,-0.0152322615422624
9097,-0.0136314760523737
9098,-0.0111959353966645
9099,-0.00851004010523666
9100,-0.00621607081780335
9101,-0.0045408981309479
9102,-0.00334821331328684
9103,-0.00229437247045301
9104,-0.00110514514165817
9105,-1.13156913006229E-05
9106,0.000341515021716448
9107,-9.06970448076351E-05
9108,9.96232889390329E-06
9109,0.00231243125881586
9110,0.00676360282961882
9111,0.0110789858859413
9112,0.0128410368987798
9113,0.0118734955278395
9114,0.010082616419315
9115,0.00915131308983076
9116,0.00897512916668488
9117,0.00836296126388764
9118,0.00661833751252233
9119,0.00407119210854373
9120,0.00146759608220252
9121,-0.000684332416707618
9122,-0.00229754569673577
9123,-0.00360682900491043
9124,-0.00485842990156069
9125,-0.005902733736121
9126,-0.00630665372762938
9127,-0.00623508286200076
9128,-0.00699817825477198
9129,-0.0100045477328808
9130,-0.0149033190172698
9131,-0.0193089429548737
9132,-0.0209114910668911
9133,-0.0196738252696892
9134,-0.017529486941137
9135,-0.0160918292591212
9136,-0.0152138076210569
9137,-0.013804078496975
9138,-0.011423116987926
9139,-0.00867626885322552
9140,-0.00637853418589126
9141,-0.00479258548636221
9142,-0.00361361826766454
9143,-0.00238974281508799
9144,-0.000985960222370419
9145,0.000163975679975721
9146,0.000422431434799785
9147,-8.39647034312037E-05
9148,2.15397474972125E-05
9149,0.00229639858563005
9150,0.00664439584912936
9151,0.0109353879813333
9152,0.0128851895683218
9153,0.0121888281146307
9154,0.0104896815352334
9155,0.0094082955868868
9156,0.00904286983649998
9157,0.00838400156196845
9158,0.00668649187837953
9159,0.00414308312297897
9160,0.00150880920231051
9161,-0.000592046678892284
9162,-0.00207203672802106
9163,-0.00331716742899911
9164,-0.00465978813595099
9165,-0.00583233792161342
9166,-0.00623132178743111
9167,-0.0060206609581876
9168,-0.00666080639604067
9169,-0.00965236131688854
9170,-0.0145856580026529
9171,-0.0189944810555344
9172,-0.0205936803747381
9173,-0.0194137832388678
9174,-0.0173657494468311
9175,-0.0159677926675234
9176,-0.0150508479895922
9177,-0.0136212540070791
9178,-0.0113198743918329
9179,-0.00869248115324652
9180,-0.00642988620367102
9181,-0.00478022274703511
9182,-0.00355758356398306
9183,-0.00239914622751552
9184,-0.00110747851790057
9185,9.88965871886457E-06
9186,0.00033919341628593
9187,-8.52665657037325E-05
9188,3.95941066884039E-05
9189,0.00228896976945265
9190,0.00659680263518403
9191,0.0108014216924182
9192,0.0125955865139444
9193,0.0117626840885954
9194,0.0100878495107417
9195,0.00920852681040299
9196,0.00906070445650319
9197,0.00846232452986084
9198,0.0066718219171126
9199,0.00403506377685206
9200,0.0014169156287088
9201,-0.000600768535588083
9202,-0.00203729682555981
9203,-0.00330812843147158
9204,-0.00468385779635219
9205,-0.00584553288365012
9206,-0.00621356737796177
9207,-0.0060025266759384
9208,-0.00667251252692548
9209,-0.00967625961415464
9210,-0.0145819359966896
9211,-0.0189629243940016
9212,-0.0205825169416997
9213,-0.0194600907896735
9214,-0.0174445236279696
9215,-0.0160139928498651
9216,-0.0150226496381382
9217,-0.0135280003312766
9218,-0.0111970125370325
9219,-0.00856943446486723
9220,-0.006321721529934
9221,-0.00468822446368106
9222,-0.00346684072212968
9223,-0.00228788155430187
9224,-0.000966466293667323
9225,0.000178391611199919
9226,0.000542959165527315
9227,0.000164444506429202
9228,0.000302938784824785
9229,0.00248194166238072
9230,0.00666529939723874
9231,0.0108071050493885
9232,0.0126733593354144
9233,0.0119753125779536
9234,0.0103553855038679
9235,0.00941042338542211
9236,0.00918399600662263
9237,0.00860747712247645
9238,0.00691025886306082
9239,0.00429926882115215
9240,0.00156169865085514
9241,-0.000632886966053856
9242,-0.00213603819423911
9243,-0.00330196259063299
9244,-0.00452568971669226
9245,-0.00566603532593275
9246,-0.00616386229154946
9247,-0.00606101210192509
9248,-0.00665856308200693
9249,-0.00947085187346999
9250,-0.01428235612014
9251,-0.0187697243634843
9252,-0.0205662331640611
9253,-0.0195101085350684
9254,-0.0174458947913321
9255,-0.0159946122559216
9256,-0.0150862559001822
9257,-0.0136986364114695
9258,-0.0113928664911559
9259,-0.00871025282549459
9260,-0.00640831202359758
9261,-0.00478090083658197
9262,-0.0036279001399687
9263,-0.00253863405736122
9264,-0.00125632928299137
9265,-4.57586410151068E-05
9266,0.000437324890877543
9267,8.21467624503712E-05
9268,8.32185103834204E-05
9269,0.00212168547723609
9270,0.00640094565578579
9271,0.0108956169465347
9272,0.0131067693470984
9273,0.0124802940780604
9274,0.0106778641162083
9275,0.00953343893117215
9276,0.00925332645297077
9277,0.00872782907927861
9278,0.0070814031699832
9279,0.00449981842471288
9280,0.00179465166366266
9281,-0.000394012856740424
9282,-0.00197269053330477
9283,-0.0032753845508862
9284,-0.00460808612663587
9285,-0.00578314242649402
9286,-0.00628046392294972
9287,-0.00618377437345758
9288,-0.00677397547193849
9289,-0.00953997203744519
9290,-0.0143098341415146
9291,-0.018826695439473
9292,-0.0207086184348348
9293,-0.0197044506899638
9294,-0.0176173157596787
9295,-0.0161303021020743
9296,-0.0152394934902914
9297,-0.0138894086028299
9298,-0.0115586015095695
9299,-0.0087827854937625
9300,-0.00640055469127832
9301,-0.0047619061235598
9302,-0.00364269142777668
9303,-0.00259959665843602
9304,-0.00138742288529208
9305,-0.000259705230646076
9306,0.000218986754876497
9307,1.28288946601479E-05
9308,0.000240433994637059
9309,0.00240539889156083
9310,0.0066331519868553
9311,0.0109985883252761
9312,0.0131266310583012
9313,0.0124535320853022
9314,0.0105571036346566
9315,0.00927784889625817
9316,0.00892668505408144
9317,0.00844782755052572
9318,0.00690098183076907
9319,0.0043915813081008
9320,0.00172755420183633
9321,-0.000430546871815154
9322,-0.00202074322935577
9323,-0.00340574816041838
9324,-0.00482297224846152
9325,-0.00597298387217789
9326,-0.00633855903653568
9327,-0.0061436264345994
9328,-0.00677290863845339
9329,-0.00964793050975058
9330,-0.0144560998868211
9331,-0.0189198967834453
9332,-0.0207735236039926
9333,-0.0198463727200133
9334,-0.0178775759962131
9335,-0.0164394257959387
9336,-0.015518711610953
9337,-0.0141391466036503
9338,-0.0118172665601308
9339,-0.00904372560218379
9340,-0.00662502159187765
9341,-0.0049531779720187
9342,-0.00383841983238552
9343,-0.00277253031406488
9344,-0.00142067789929831
9345,-8.97070468622681E-05
9346,0.000450758369160845
9347,2.45653573664728E-05
9348,-0.000135537156956807
9349,0.00175190321174368
9350,0.00597326495720647
9351,0.0105093930973616
9352,0.0127884824333025
9353,0.0121767892501319
9354,0.0103390855940266
9355,0.00919419562571683
9356,0.00900421390894083
9357,0.00860213013816299
9358,0.00700816342066744
9359,0.00439311583481403
9360,0.00165863479858118
9361,-0.000486504102133076
9362,-0.00198778443198598
9363,-0.00325598285592849
9364,-0.00460171260229234
9365,-0.00578395567961264
9366,-0.00627078359296672
9367,-0.00619431142010427
9368,-0.00685350487415244
9369,-0.0096768484262865
9370,-0.0144343814400025
9371,-0.018907028222458
9372,-0.0208054410887118
9373,-0.0198963965624915
9374,-0.017887123563121
9375,-0.016363757582078
9376,-0.0153510381022706
9377,-0.0139254974045351
9378,-0.0116522720377273
9379,-0.00900772865673102
9380,-0.00669093107586621
9381,-0.00498163804861264
9382,-0.00371222917913326
9383,-0.00253443110735808
9384,-0.00123504858728147
9385,-5.46238039669923E-05
9386,0.000419201574722469
9387,9.88603228590998E-05
9388,0.000120324906441179
9389,0.00209752118516328
9390,0.00624328485877786
9391,0.0106052378823229
9392,0.0127449696971965
9393,0.0121275316102204
9394,0.0104104423642676
9395,0.00939963875941964
9396,0.00923729877285835
9397,0.00875844500175367
9398,0.0071120600309129
9399,0.0045683504224614
9400,0.00196981078692444
9401,-0.000121217441585037
9402,-0.00170948572965632
9403,-0.00313302229151749
9404,-0.0046101516835663
9405,-0.00586180192133378
9406,-0.00632433251259934
9407,-0.00608423878640188
9408,-0.0064799633881573
9409,-0.00911842838669405
9410,-0.0139385253402099
9411,-0.018680019730569
9412,-0.020827691376025
9413,-0.0199828647944115
9414,-0.0179089466319213
9415,-0.0163653558935336
9416,-0.0154555983025899
9417,-0.0141733815719505
9418,-0.0119497443621613
9419,-0.009213411143898
9420,-0.00674424982550464
9421,-0.00496413311750597
9422,-0.0037833028617629
9423,-0.00278241753501425
9424,-0.00158287126080792
9425,-0.000328282552093672
9426,0.000326891001454475
9427,0.000150296452489452
9428,0.000208438650827946
9429,0.0021570140348518
9430,0.00627788894812942
9431,0.0106546824282034
9432,0.0128588567450359
9433,0.012331220416015
9434,0.0106474322910975
9435,0.00953546487986059
9436,0.00918704828050759
9437,0.00860410030837219
9438,0.00702263308827369
9439,0.00459122313998902
9440,0.00197772153778761
9441,-0.000235329504278526
9442,-0.00185971529458137
9443,-0.0031461987211317
9444,-0.00446461516254956
9445,-0.00571860503914356
9446,-0.00631229393246834
9447,-0.00614798675955287
9448,-0.00648331165336584
9449,-0.00901968857702068
9450,-0.0137909433742133
9451,-0.0185119489007194
9452,-0.0206228078407554
9453,-0.0197711620171917
9454,-0.017773176093972
9455,-0.0163126902434313
9456,-0.0153566929729572
9457,-0.0139001807788191
9458,-0.011541302893777
9459,-0.00883507533264668
9460,-0.00649649216812325
9461,-0.00480550781474641
9462,-0.00365439478505365
9463,-0.00272237360751148
9464,-0.00166207824193303
9465,-0.000514331226907687
9466,0.000149385315589574
9467,2.59746813022932E-05
9468,5.99293961514407E-05
9469,0.00192674886106933
9470,0.00605771131009303
9471,0.0105947932866959
9472,0.0129628593571697
9473,0.0124276147937707
9474,0.0105969765973669
9475,0.00940770195569193
9476,0.00917099016542666
9477,0.00877613349136081
9478,0.0072730949001002
9479,0.00478070033170162
9480,0.00208976278148976
9481,-0.000132308331953237
9482,-0.00174175210219141
9483,-0.00305821599809148
9484,-0.00443851871963876
9485,-0.00573255396522207
9486,-0.00633206411324521
9487,-0.0061496248293032
9488,-0.00642453394716831
9489,-0.00885564488978033
9490,-0.0135582629247214
9491,-0.0183430218151412
9492,-0.0206124390102959
9493,-0.0198547984584176
9494,-0.0178035096768898
9495,-0.0162501206399767
9496,-0.0153148994298932
9497,-0.0139934601544903
9498,-0.0117558537490106
9499,-0.00908546306366867
9500,-0.00673991114252376
9501,-0.00503378860657321
9502,-0.00381426563824469
9503,-0.00273308923250536
9504,-0.00151892756550591
9505,-0.000308883338691704
9506,0.000331340478429411
9507,0.000176211480030061
9508,0.000196977046126303
9509,0.00203359779759677
9510,0.00611879148159154
9511,0.01065492038109
9512,0.0130819729961652
9513,0.0125809886320072
9514,0.0106784904358952
9515,0.00934731282194133
9516,0.00901319882071775
9517,0.00862496602515112
9518,0.00719071098772182
9519,0.00475771575345661
9520,0.0020856997323803
9521,-0.000147551275316939
9522,-0.00176622821314264
9523,-0.00304868097293966
9524,-0.00434178692079639
9525,-0.00556495991570941
9526,-0.00621817966226923
9527,-0.00622852534654072
9528,-0.00669260748738066
9529,-0.00913810155292277
9530,-0.0136753023210132
9531,-0.0182907977359167
9532,-0.0205442348572684
9533,-0.0198930300195652
9534,-0.0179243866024619
9535,-0.0163735684493464
9536,-0.0154526008625994
9537,-0.0142367971573624
9538,-0.0121216538891837
9539,-0.00944474594291795
9540,-0.00694655417208972
9541,-0.00508804731916298
9542,-0.00384173000463052
9543,-0.00280822859817608
9544,-0.00157521762793732
9545,-0.000256716636024926
9546,0.000439438004029238
9547,0.000152974289628195
9548,-0.000104005465190238
9549,0.00148641326140228
9550,0.00549464226288684
9551,0.0101136318162869
9552,0.0126779628954116
9553,0.0122818533749661
9554,0.0104377045365847
9555,0.00915199373383046
9556,0.00888015093300105
9557,0.00857221154873389
9558,0.00721795003947795
9559,0.00484943175488791
9560,0.00221896118319457
9561,-6.80436371050055E-06
9562,-0.00166860484634283
9563,-0.00304524244724826
9564,-0.00444631690145196
9565,-0.00572628223617844
9566,-0.00633008556790578
9567,-0.00617971380623894
9568,-0.00643819620514882
9569,-0.00875022598435856
9570,-0.0133147516852456
9571,-0.0180893041787171
9572,-0.0204943440473052
9573,-0.0198747575384618
9574,-0.0178524490403096
9575,-0.0162871344659301
9576,-0.0154342724294191
9577,-0.0142848203592736
9578,-0.0121670768303203
9579,-0.00948467865924373
9580,-0.00707433016036006
9581,-0.0053512753044926
9582,-0.00413602882315926
9583,-0.0029841043770724
9584,-0.00161960498911311
9585,-0.000283664598045945
9586,0.00038002710108183
9587,0.000168431470137454
9588,0.000102856424649338
9589,0.00182877375741667
9590,0.00578624934842596
9591,0.0102521189745384
9592,0.0127549515520135
9593,0.0124663652640511
9594,0.0107943854353798
9595,0.00959535900218
9596,0.00927424190836432
9597,0.00884072107560198
9598,0.00737076597773399
9599,0.00493622187561874
9600,0.00227397888681151
9601,2.58530440030296E-05
9602,-0.00163132715646808
9603,-0.00292705857047572
9604,-0.00417517030772222
9605,-0.00533862055658921
9606,-0.00598455750024197
9607,-0.00601584614394218
9608,-0.00642405422188804
9609,-0.00871718216168206
9610,-0.0131563750147537
9611,-0.0178840337066627
9612,-0.0204026537011491
9613,-0.019947973302011
9614,-0.0179861229026539
9615,-0.0163455139716301
9616,-0.0153666976730665
9617,-0.014113045537087
9618,-0.011915140831741
9619,-0.0091675208245965
9620,-0.00673716611231601
9621,-0.00507310469815652
9622,-0.00397870275039019
9623,-0.0029521812552236
9624,-0.00167087858255031
9625,-0.00036336965266501
9626,0.000314793982169452
9627,0.000131481709962465
9628,7.00622735976636E-05
9629,0.00176336920070583
9630,0.00569495316622851
9631,0.010204473083483
9632,0.0128169252641438
9633,0.0126136830573829
9634,0.0109291462982146
9635,0.00966952934939804
9636,0.00936179144097121
9637,0.00903966455474366
9638,0.00764542942903497
9639,0.00512372411292847
9640,0.0022744566549511
9641,-7.19445426463751E-05
9642,-0.00167680538453054
9643,-0.00292532871196307
9644,-0.00428393391776027
9645,-0.00563402611813076
9646,-0.00632635973921806
9647,-0.00621649540449618
9648,-0.00649054298385797
9649,-0.00882265938529481
9650,-0.0133861803573808
9651,-0.0181218563175893
9652,-0.0205070459530642
9653,-0.0199488627385727
9654,-0.0180269314245201
9655,-0.0164870010140013
9656,-0.0155486538974854
9657,-0.0142958214012939
9658,-0.0121482339692658
9659,-0.00947504392034972
9660,-0.00701509181421262
9661,-0.00517888698340937
9662,-0.00389711019145514
9663,-0.00280395099864284
9664,-0.00156031841561311
9665,-0.000281767514916826
9666,0.000410241250173513
9667,0.000197712670365992
9668,-5.02481868742922E-08
9669,0.00152909518248225
9670,0.00542310069544761
9671,0.0100715793666439
9672,0.0128693523226257
9673,0.0127115301907318
9674,0.0108777891354845
9675,0.00940052167033639
9676,0.00898256874279118
9677,0.00872576910001245
9678,0.00750237321005831
9679,0.00513689926410157
9680,0.00234911815351282
9681,-3.91550698546379E-05
9682,-0.00173600917842649
9683,-0.00304690303919284
9684,-0.00439595590338396
9685,-0.00569762821296264
9686,-0.00636079200005548
9687,-0.00624131521556043
9688,-0.00647971098201644
9689,-0.00875589852768748
9690,-0.0133159494284714
9691,-0.0181210916158142
9692,-0.0205501848129092
9693,-0.0199229515787703
9694,-0.0178942371529374
9695,-0.0163656165800118
9696,-0.015565591736089
9697,-0.014408578004982
9698,-0.0121992308683228
9699,-0.00940791529939265
9700,-0.00694314525470588
9701,-0.00522139970124469
9702,-0.00403461399427282
9703,-0.00294366723421796
9704,-0.00167208618175223
9705,-0.000391740519440817
9706,0.000320395213423824
9707,0.000191279885013651
9708,7.91544190545237E-05
9709,0.00160292656321077
9710,0.00540948306789002
9711,0.00998341137929325
9712,0.0127737305433246
9713,0.012649728456685
9714,0.0108618443437581
9715,0.00944764356517888
9716,0.00909849400650302
9717,0.00886779082369707
9718,0.00761214838018999
9719,0.00521512028329744
9720,0.0024572265463246
9721,0.000138704609639241
9722,-0.00151872571650167
9723,-0.00284691391933029
9724,-0.00424393619504065
9725,-0.00561051052413686
9726,-0.0063592623060656
9727,-0.00629951709925774
9728,-0.00648020709168571
9729,-0.00857501749890344
9730,-0.0129897299429625
9731,-0.0178765400648462
9732,-0.0206074535985733
9733,-0.0202647998621811
9734,-0.0182749019666665
9735,-0.0165640473498663
9736,-0.0156018498818077
9737,-0.0144866753497514
9738,-0.0124545072954081
9739,-0.00974673987421372
9740,-0.00714256137325377
9741,-0.00516871856146062
9742,-0.00385084425187848
9743,-0.00286763152408676
9744,-0.00183184126041472
9745,-0.000701111561976219
9746,3.81343831649434E-05
9747,-1.17504523139422E-06
9748,-0.000123835551004681
9749,0.0012827686516548
9750,0.00501935124449451
9751,0.00968169872180745
9752,0.0126422651714402
9753,0.0126064262488053
9754,0.010776560776653
9755,0.00929018813994625
9756,0.0089265928921096
9757,0.00871040017899849
9758,0.00744293536453451
9759,0.00504443269465086
9760,0.00236597119469879
9761,0.000165629091276498
9762,-0.00147685059738277
9763,-0.00294550405343634
9764,-0.0045016109966919
9765,-0.00587233216309174
9766,-0.00647080408191637
9767,-0.00626959686233011
9768,-0.00643458890326748
9769,-0.00858814250503859
9770,-0.0130225868558683
9771,-0.0178721317459922
9772,-0.0205799457523819
9773,-0.0202628427098881
9774,-0.0182998503400628
9775,-0.0165731544009672
9776,-0.0155782272771938
9777,-0.0144636976013196
9778,-0.0124737789262202
9779,-0.00983476777363167
9780,-0.00733235042686453
9781,-0.00548998067555098
9782,-0.00426088707387877
9783,-0.00322719848129156
9784,-0.00200538656086529
9785,-0.000680337256866245
9786,0.000146292896296757
9787,9.93990062121961E-05
9788,-4.66181848747371E-05
9789,0.00134126788664535
9790,0.00503038088459776
9791,0.00963266865753013
9792,0.0125871151256244
9793,0.0125971169448966
9794,0.0107681553109982
9795,0.00919685501831702
9796,0.00877925898342952
9797,0.00866962673645399
9798,0.00760223650496425
9799,0.00527968377889541
9800,0.00245979852958503
9801,6.07345506780714E-05
9802,-0.00162141682417447
9803,-0.00295342414948997
9804,-0.00436391786676556
9805,-0.00571072298125491
9806,-0.00638377995212233
9807,-0.00626582414977027
9808,-0.00647039261152851
9809,-0.00859896558839893
9810,-0.0129382606815145
9811,-0.0176879084709866
9812,-0.0204316975928891
9813,-0.0203506617893638
9814,-0.0186713867755109
9815,-0.0170236874288158
9816,-0.015841007013717
9817,-0.0144907690165547
9818,-0.0124536701237676
9819,-0.00992055676052475
9820,-0.00744140434122196
9821,-0.00544138736125898
9822,-0.00405225577721286
9823,-0.003064353911273
9824,-0.00204655573434733
9825,-0.00085001833640089
9826,2.94941484824522E-05
9827,7.76152418309624E-05
9828,-9.76265811963946E-05
9829,0.00116346428091009
9830,0.00477670652870286
9831,0.00941322010547908
9832,0.0124509249983806
9833,0.0125553177545431
9834,0.0108625474708397
9835,0.00944312643672929
9836,0.00905931188229699
9837,0.00878450668452536
9838,0.00747117718305774
9839,0.00502854143922426
9840,0.0022767804634311
9841,1.77548380721462E-05
9842,-0.00156678224853133
9843,-0.00284645044187792
9844,-0.00422887492191079
9845,-0.00560688817865061
9846,-0.00637652816339993
9847,-0.00631885654425372
9848,-0.00645907337013057
9849,-0.00848496403979557
9850,-0.0128550679642255
9851,-0.0177643016681203
9852,-0.0205735154406599
9853,-0.0203130078318753
9854,-0.0183630535480923
9855,-0.016637326790022
9856,-0.0156240801848796
9857,-0.0144603337749686
9858,-0.0124229509793474
9859,-0.00976892674870874
9860,-0.00725037574012626
9861,-0.00534552967586214
9862,-0.00404825619501845
9863,-0.00303360427206822
9864,-0.00192218051147546
9865,-0.00068574599094826
9866,0.000151275321085789
9867,0.000138497957064081
9868,-7.53747066451155E-05
9869,0.00114617310536955
9870,0.00470815262641224
9871,0.00933376704059437
9872,0.0124490206046453
9873,0.0126755764777689
9874,0.0110399153404738
9875,0.00956044772548271
9876,0.00907071451822183
9877,0.00875794767257479
9878,0.00749797597462515
9879,0.00510993155127644
9880,0.0023279721492434
9881,-1.79678251975858E-05
9882,-0.00164020582824195
9883,-0.00286529956157725
9884,-0.00418097318169169
9885,-0.0055765159228333
9886,-0.00642086150959698
9887,-0.00636404285673823
9888,-0.0063651135341112
9889,-0.00821162097639743
9890,-0.0125193634841382
9891,-0.0175121093385748
9892,-0.0204267447101939
9893,-0.0201797545148172
9894,-0.0181801603138522
9895,-0.0164552854143198
9896,-0.0155437714154471
9897,-0.0145290414925349
9898,-0.0126127575331939
9899,-0.0100189211341689
9900,-0.0074899161904651
9901,-0.00549949992167919
9902,-0.00407434734010053
9903,-0.00296525291221894
9904,-0.00183743713168233
9905,-0.000621767438143895
9906,0.000222293147834723
9907,0.000236698214508212
9908,6.74204621059109E-06
9909,0.00116019622711119
9910,0.00468157825821073
9911,0.00936003195102455
9912,0.0125824178648245
9913,0.0128748475503433
9914,0.011227726132492
9915,0.00971034300895128
9916,0.00921869699743267
9917,0.00895077995701131
9918,0.00775538047932927
9919,0.0054270842033394
9920,0.00268469521378004
9921,0.000339029596603628
9922,-0.00133687985513191
9923,-0.00264948584846061
9924,-0.00402698317256917
9925,-0.0054070647573468
9926,-0.0061768140396
9927,-0.00606935720274974
9928,-0.00610035439981757
9929,-0.00801136330190884
9930,-0.0123239807160419
9931,-0.0172555128709858
9932,-0.020154423490938
9933,-0.0200282292555866
9934,-0.0182292709821134
9935,-0.0166408327951661
9936,-0.0157300499327809
9937,-0.0146227194280966
9938,-0.0125854066529668
9939,-0.00987878522375506
9940,-0.0072945151423997
9941,-0.00535868616813665
9942,-0.00405851345543597
9943,-0.0030090547482121
9944,-0.00180796920509575
9945,-0.000496722587208201
9946,0.000312845155741981
9947,0.000178726963163758
9948,-0.000151899495077052
9949,0.00103811392349683
9950,0.00465668013864389
9951,0.00938775063178545
9952,0.0126113896388709
9953,0.0128914560868933
9954,0.0112141986091842
9955,0.00964705842403368
9956,0.0091472746885625
9957,0.00895956318599747
9958,0.00786153233439221
9959,0.0055313208838714
9960,0.00269318997098874
9961,0.000286067070029754
9962,-0.00134717250809085
9963,-0.00259592823066218
9964,-0.00399752372470962
9965,-0.00547808293455939
9966,-0.00632988224339404
9967,-0.00624054382612624
9968,-0.00625352931837109
9969,-0.00813544286546326
9970,-0.012413205568072
9971,-0.0173467680594661
9972,-0.0203527267261582
9973,-0.0204212434463023
9974,-0.0187579386507406
9975,-0.0171069500598324
9976,-0.0159772569872991
9977,-0.0146978597869089
9978,-0.0126813037768051
9979,-0.0101169204520056
9980,-0.00760479784578103
9981,-0.00559588593139077
9982,-0.0041952593273098
9983,-0.0031515708398326
9984,-0.0020276107452194
9985,-0.000729803452925522
9986,0.000149994545002634
9987,3.85302160767325E-05
9988,-0.000391418643156244
9989,0.00069020533910185
9990,0.00432252426394323
9991,0.00912172520165328
9992,0.0122962350257431
9993,0.0124240649311197
9994,0.0107162137422484
9995,0.0093498034912722
9996,0.00907933941125715
9997,0.00889630008148408
9998,0.00763429136768371
9999,0.00525554653619388
