T,AI2_filter1
0,6.93715138533728E-23
1,4.89258932659668E-08
2,-7.55076928367964E-08
3,-2.32066874145509E-07
4,-1.40569500202138E-07
5,-1.04621461206035E-06
6,-2.20422150692345E-06
7,-5.0595410807283E-07
8,2.36610046862086E-06
9,6.59417652517817E-07
10,-4.52749159343922E-06
11,-3.97809324445029E-06
12,4.37277521964651E-06
13,7.31715500890623E-06
14,-3.45277210331518E-06
15,-1.19224721794678E-05
16,2.72261785037799E-07
17,1.70691350172333E-05
18,6.80621142373186E-06
19,-1.98719054494651E-05
20,-1.60734476484187E-05
21,2.09294449138554E-05
22,2.97563140028039E-05
23,-1.54094770143246E-05
24,-4.32853478824384E-05
25,6.21403274224577E-06
26,6.06081429229753E-05
27,1.58561274726603E-05
28,-7.05978181199236E-05
29,-4.38058248235222E-05
30,7.68090752073554E-05
31,8.53879110441681E-05
32,-6.76241149555778E-05
33,-0.000133925780138962
34,4.13999377684815E-05
35,0.000191758923764915
36,1.4194396621631E-05
37,-0.000253646801634808
38,-0.000117671397125644
39,0.000285334041918477
40,0.000222073679584604
41,-0.000305446873110264
42,0.000187607120828762
43,0.00322002025668954
44,0.00814349460450875
45,0.0121968493685035
46,0.0131850304774208
47,0.0116312298113214
48,0.00982073157124132
49,0.00911916165312952
50,0.00887015618193125
51,0.00775184903434522
52,0.00543654529673157
53,0.00267510247905608
54,0.00030569285268302
55,-0.00140456665504112
56,-0.00271371334392918
57,-0.0040437057692885
58,-0.00549509740769343
59,-0.00654304039981676
60,-0.00658473909819397
61,-0.00614796108345959
62,-0.0071039748981493
63,-0.010865202900788
64,-0.0163465863083184
65,-0.0205031192045993
66,-0.0212849067292166
67,-0.0195487672601249
68,-0.0176419447348476
69,-0.0166335587294649
70,-0.0156370855837675
71,-0.0135618224773707
72,-0.0106068961586324
73,-0.00780791347678874
74,-0.00579903299448703
75,-0.00445864150742958
76,-0.00336493808290231
77,-0.00217852898502416
78,-0.000855728445630559
79,0.000149048132133852
80,0.000229686450170943
81,-0.000306925249291741
82,0.00017871326108606
83,0.00318384672390735
84,0.0080205334242242
85,0.0119711958691614
86,0.0129401612557107
87,0.011506034752966
88,0.00989321939807182
89,0.00933009904601072
90,0.00907887331865883
91,0.00787258823245197
92,0.00549475961881385
93,0.00271828785910976
94,0.000305944126360664
95,-0.001507245615931
96,-0.00288940935200683
97,-0.00416090988143337
98,-0.00546136366029012
99,-0.00642156975673551
100,-0.00652775081305075
101,-0.00621963188647782
102,-0.00720503403805269
103,-0.0108407288910727
104,-0.0161439744405923
105,-0.0202128375776654
106,-0.0210502953769356
107,-0.0194515648455536
108,-0.0176588715175418
109,-0.0166750677004014
110,-0.0156298242051402
111,-0.0135155001779135
112,-0.0106037562134934
113,-0.00790919077904058
114,-0.00597155861603295
115,-0.00462143159171165
116,-0.00349915541292959
117,-0.00233997025379008
118,-0.00106228177633008
119,-1.73191920008155E-05
120,0.000186981932018734
121,-0.000278813366993483
122,0.000143972698636662
123,0.00306838783451257
124,0.00797553292284856
125,0.0121198811407332
126,0.0131897724819895
127,0.0116380962884904
128,0.00982152935917921
129,0.00918440629238052
130,0.00901972116638558
131,0.00790146879289773
132,0.00549648416829931
133,0.00263740670018908
134,0.000208070497188406
135,-0.00153831126628388
136,-0.00284781713285795
137,-0.00409237344075825
138,-0.00538472326988565
139,-0.006311410911036
140,-0.00635997228535837
141,-0.00601181274953875
142,-0.00702132622222505
143,-0.0107695451230552
144,-0.0162467783540937
145,-0.0204581436546066
146,-0.0212973992984758
147,-0.0195391849861011
148,-0.017541325473488
149,-0.0164694138299619
150,-0.0155116852321032
151,-0.0135636271586084
152,-0.0107457236035497
153,-0.00800409859105982
154,-0.00592821560840225
155,-0.00444753109410327
156,-0.00327414120151953
157,-0.00216526570441617
158,-0.00101429982436791
159,-0.000103619690134667
160,3.87359229889814E-05
161,-0.000398059756885538
162,6.97756740098307E-05
163,0.00296639563738648
164,0.00778712736849284
165,0.0118977121228181
166,0.0130484105883929
167,0.0116087769254368
168,0.00980724740970408
169,0.0090870110724243
170,0.0088687745339859
171,0.00780657213579207
172,0.00549501705292358
173,0.00265807457146148
174,0.000194410901928122
175,-0.001538873469851
176,-0.00276936827874145
177,-0.00398071106421161
178,-0.00536886639502914
179,-0.00643886425644367
180,-0.00651770218793234
181,-0.00604049835260619
182,-0.00687719752707344
183,-0.0105451904680537
184,-0.016055797276482
185,-0.0203331263508873
186,-0.0211933280330636
187,-0.0194013327570367
188,-0.0173605833605466
189,-0.0162868629223599
190,-0.0153779229669612
191,-0.0134879160151136
192,-0.0106953708311949
193,-0.00797222402944856
194,-0.00598647218625255
195,-0.00468342531819154
196,-0.00365885333510323
197,-0.00252946955353515
198,-0.00120640265691757
199,-0.000157590899761244
200,-5.30513500528233E-05
201,-0.000626417043816108
202,-0.000194509902465146
203,0.00283628778216291
204,0.00782122474602352
205,0.0119647634095557
206,0.0130274846126855
207,0.0115039075585046
208,0.00966471782366981
209,0.00887423691863008
210,0.00852625297652116
211,0.00740667396162073
212,0.00524801644185987
213,0.00269618182493385
214,0.000396561718056109
215,-0.00143107475098045
216,-0.00286425151618619
217,-0.00413167121683423
218,-0.00537417352360479
219,-0.0062833969897737
220,-0.00636645849947027
221,-0.00603651272697984
222,-0.00701796753459273
223,-0.0107458867732377
224,-0.0162494921199316
225,-0.0204788395900658
226,-0.0212575062576232
227,-0.0194012164674329
228,-0.0173957416423387
229,-0.016457800235053
230,-0.0156715835002262
231,-0.0137929952612316
232,-0.010925112623095
233,-0.00810897959243107
234,-0.00600619265458018
235,-0.00453456524143957
236,-0.00337824602178972
237,-0.00230278260427687
238,-0.00120345481224463
239,-0.000325236265589448
240,-0.00017882149659884
241,-0.00062214198425405
242,-0.000204640551746837
243,0.00266520197133434
244,0.00757094635019792
245,0.0118273621421589
246,0.0130188525483578
247,0.011458480112261
248,0.00953623111353268
249,0.00887630382697092
250,0.00885280188062642
251,0.00790425914222206
252,0.00552588976149769
253,0.0025638537281085
254,5.73771671724206E-05
255,-0.00166464204780331
256,-0.00292973087643691
257,-0.0041989986527152
258,-0.00555607314144134
259,-0.00650723068064379
260,-0.00652898650360105
261,-0.00614528411116133
262,-0.00711476043438207
263,-0.0107933295612847
264,-0.0162040344723205
265,-0.0204280236294844
266,-0.0213519539859637
267,-0.019627403314617
268,-0.0175294543246098
269,-0.0163186943058373
270,-0.0153587862754499
271,-0.0135769116193974
272,-0.0109368381370954
273,-0.00824011026131433
274,-0.00611837569076829
275,-0.00464757486393607
276,-0.00357797328310296
277,-0.00254779255734035
278,-0.00134531345003953
279,-0.000310054071988315
280,-0.000116988277527746
281,-0.000625253322366697
282,-0.000245998330852217
283,0.00266568377114604
284,0.0076014456735627
285,0.0118268315572038
286,0.0130313450492917
287,0.0116184639437822
288,0.0098666023093556
289,0.00920192769579706
290,0.00899153944586071
291,0.00788304998614118
292,0.00552053244382262
293,0.00266066948118767
294,0.000182759429687533
295,-0.00157561622292388
296,-0.00281461521682793
297,-0.00398485220821765
298,-0.00531268047663262
299,-0.00637936193921964
300,-0.00654360562958175
301,-0.00618904118906847
302,-0.00710841310159861
303,-0.0107814061645499
304,-0.0162206433102721
305,-0.0203708136413126
306,-0.0211027942958911
307,-0.0192669165946829
308,-0.0173035906359254
309,-0.0163497655090905
310,-0.0154815931522212
311,-0.0135395459708309
312,-0.0107089833338404
313,-0.00801936648987974
314,-0.00603953419310708
315,-0.00459939138042653
316,-0.00336691446881205
317,-0.00216668422072371
318,-0.000982197645957732
319,-0.000110366298858261
320,-3.61672656337066E-05
321,-0.000540902058943608
322,-0.000127042610633795
323,0.00277185880815611
324,0.00769961574519077
325,0.0119965293158744
326,0.0133093966552862
327,0.0119315258826166
328,0.0101148845045585
329,0.00936786797656997
330,0.00913136162068074
331,0.00804828708777497
332,0.00572776470824654
333,0.00290815603890301
334,0.000440264507652794
335,-0.00138026835804543
336,-0.00273613265997297
337,-0.00397625805118475
338,-0.00525546639618308
339,-0.00622163185221837
340,-0.00635634584112381
341,-0.00604601478105626
342,-0.00696127072102172
343,-0.0105283509052354
344,-0.0158817936603354
345,-0.0201068608936039
346,-0.0210261606088544
347,-0.0192964971227787
348,-0.0172630189125011
349,-0.0161767810162921
350,-0.01527287361005
351,-0.0133906661708557
352,-0.0105784731335119
353,-0.00779435052914284
354,-0.00570269883627632
355,-0.00427770738194153
356,-0.00320559566481721
357,-0.00218215071301072
358,-0.00105142140364574
359,-8.63694103930365E-05
360,0.000141461117072072
361,-0.000254318320616888
362,0.000169806603116194
363,0.00298660069730141
364,0.00778872252299339
365,0.0119844877809238
366,0.0132704110745412
367,0.0119323016129444
368,0.0101656389528863
369,0.00942981907973803
370,0.00916434853643887
371,0.00803614332126222
372,0.00566965516162531
373,0.00281786106517573
374,0.000358997113436015
375,-0.00140773035004707
376,-0.00272179371205879
377,-0.0039962871003425
378,-0.00536115545596745
379,-0.00636338766760632
380,-0.00644081700174385
381,-0.0060546468286545
382,-0.00695495516303612
383,-0.0105355673969805
384,-0.0158637175386307
385,-0.0200731021023902
386,-0.0211030038147988
387,-0.0195780180668276
388,-0.0176225448590848
389,-0.0163494744049768
390,-0.0151691358333948
391,-0.0132343107297868
392,-0.0106517771826354
393,-0.00809780131180337
394,-0.00596898485540117
395,-0.00431013657340444
396,-0.00308534603629487
397,-0.00209032642895508
398,-0.00099022473204519
399,9.43682129275534E-05
400,0.000455104199216937
401,-5.07183542314411E-05
402,2.71435266911917E-05
403,0.00259040178437708
404,0.00750005368353092
405,0.0120303440464518
406,0.0134969247293114
407,0.0120300156501003
408,0.010075767528624
409,0.00941063012878322
410,0.00944500078835247
411,0.00852004550369291
412,0.00606111565297993
413,0.00297804931347287
414,0.000426946297039057
415,-0.00124007849606323
416,-0.0024442441075885
417,-0.00374030514854899
418,-0.00520269481870448
419,-0.00624673650973626
420,-0.00627259488984566
421,-0.00580213992499818
422,-0.00665173360323487
423,-0.0102487869610671
424,-0.0156645628711454
425,-0.0199859812146272
426,-0.0210649895653733
427,-0.0194990355653631
428,-0.0175124201497505
429,-0.0163326338524558
430,-0.0153238315886462
431,-0.0134610611527971
432,-0.0107757618509397
433,-0.00808464761431033
434,-0.00595056763995633
435,-0.00437956022940561
436,-0.00316351306062119
437,-0.00206803466768893
438,-0.000933414882522916
439,4.68256907544865E-06
440,0.000193644401718937
441,-0.000265359018707574
442,5.75129571063085E-05
443,0.00275810386716704
444,0.00748566421289802
445,0.0116858867631634
446,0.0130286133536697
447,0.0117368019777311
448,0.00998112222762698
449,0.00926159718175491
450,0.00906594346485654
451,0.00804901817462936
452,0.00577463366784195
453,0.00296052361891453
454,0.000514061867824014
455,-0.00121858854311904
456,-0.00248532402432871
457,-0.00376574268125667
458,-0.00523114447167541
459,-0.00637112762850285
460,-0.00650807123379984
461,-0.00606306617115904
462,-0.0068889132144399
463,-0.0105137131138181
464,-0.0159890820967107
465,-0.020273490590298
466,-0.0211909748865408
467,-0.0194996962374039
468,-0.0175857903480507
469,-0.0166208923306868
470,-0.0157451632551318
471,-0.0137989384235799
472,-0.010917039256526
473,-0.00814011560770271
474,-0.00614591941109154
475,-0.00484222421814617
476,-0.00380239641315092
477,-0.00264153134070271
478,-0.00124402843823254
479,-4.55584459349068E-05
480,0.000222584828942843
481,-0.000341440079993066
482,-0.000159789546498278
483,0.00249247802409299
484,0.00725837343828034
485,0.0114962740798875
486,0.0128328940905463
487,0.0115253989523766
488,0.00978812889115491
489,0.00912568409935174
490,0.00901177045503763
491,0.00808781291572057
492,0.00587831249747644
493,0.003030628040875
494,0.000425100398954695
495,-0.00150258069672956
496,-0.00284438943991992
497,-0.0040132650754086
498,-0.00529014622962319
499,-0.00634734334075536
500,-0.00656649450782242
501,-0.00623727669247901
502,-0.00704088576920202
503,-0.0104985518957329
504,-0.0158378035862773
505,-0.0201756987428618
506,-0.0212872808682557
507,-0.0197231431115622
508,-0.017739213843518
509,-0.0166020775968477
510,-0.015657699633686
511,-0.0138259234836176
512,-0.0111110883955562
513,-0.00836626090603718
514,-0.00622692758813988
515,-0.00473284716176626
516,-0.00361435366894457
517,-0.0025225243451422
518,-0.0012598435502362
519,-0.000173736218350298
520,2.48999006633799E-05
521,-0.000580229559619638
522,-0.000397221707380358
523,0.00233061806102769
524,0.00722867976826021
525,0.0115793255112766
526,0.0129566902181515
527,0.0116448539177639
528,0.00989948138043478
529,0.00918686871496209
530,0.00890584270068312
531,0.00773632632614792
532,0.00538458303989608
533,0.00263677899544291
534,0.000283696485816076
535,-0.00148111717440891
536,-0.00288368847683841
537,-0.00423999460850393
538,-0.00564924789768429
539,-0.00671380493324941
540,-0.0068693091915315
541,-0.006467324890659
542,-0.00720957896266631
543,-0.0106355614604975
544,-0.0159911207612866
545,-0.0203629659177645
546,-0.0214638384404636
547,-0.01984039601601
548,-0.0178198827832742
549,-0.0167105262240759
550,-0.01580706901356
551,-0.0139730567392625
552,-0.011249085312201
553,-0.00855435480106725
554,-0.00649522000832288
555,-0.00501828969611459
556,-0.00384610438933048
557,-0.0027248901036076
558,-0.00149357254089833
559,-0.000401961202685529
560,-8.58069374415516E-05
561,-0.000556021357576223
562,-0.000361870613987435
563,0.00229108674397663
564,0.00720470481088502
565,0.0116980553583316
566,0.013153241620136
567,0.0117100434036577
568,0.00977809109903794
569,0.00910321752804292
570,0.00910429736680752
571,0.00816727743462949
572,0.00575677870764331
573,0.00276079572043966
574,0.000255438621280206
575,-0.00145816194497441
576,-0.00275388528397829
577,-0.00410329524067127
578,-0.00558006297945133
579,-0.00667647689687457
580,-0.00681249841834755
581,-0.00641582416791785
582,-0.0072222233258366
583,-0.0107225971277534
584,-0.0161252422896487
585,-0.0205533770330957
586,-0.021767158020329
587,-0.0202821022316145
588,-0.0183262930268809
589,-0.0171375961788867
590,-0.0160448798652896
591,-0.0140353810584278
592,-0.0112696014267508
593,-0.00868546044588967
594,-0.00679424278107557
595,-0.00543010039477675
596,-0.00429476599332992
597,-0.00319796039562765
598,-0.002019073502439
599,-0.000974560966256708
600,-0.000671610103296976
601,-0.00116956899095222
602,-0.00107331958477415
603,0.00146662849978819
604,0.00638045979589922
605,0.0110107368830397
606,0.0125865396179046
607,0.0110798009446665
608,0.00891938751839022
609,0.00804299120117149
610,0.00802810843891699
611,0.00723990216364478
612,0.00500097098686075
613,0.00209029816997745
614,-0.000418925762344407
615,-0.00216663479055938
616,-0.00348381265716418
617,-0.00484085193149184
618,-0.00631945078493552
619,-0.00739158444788806
620,-0.00744416762642392
621,-0.00691790939721814
622,-0.00762685663556578
623,-0.0111312469970904
624,-0.0166071953133191
625,-0.0210577751326885
626,-0.0221591635725191
627,-0.0204754360834793
628,-0.0183775368096256
629,-0.0172134492595694
630,-0.0162939484005039
631,-0.0144682014880836
632,-0.0117447646460849
633,-0.00902727754117208
634,-0.0069472754355797
635,-0.00548961580485169
636,-0.00437113763819032
637,-0.00328281363513353
638,-0.00202908103527676
639,-0.00089543225427488
640,-0.00056957840173147
641,-0.00104962909045008
642,-0.0008347816949853
643,0.00185256881818237
644,0.00672721443311284
645,0.0110876699163814
646,0.0124396433747503
647,0.0110610973447626
648,0.00933074447638535
649,0.00881807714578972
650,0.00883284211466093
651,0.00784021741144179
652,0.00545241607948103
653,0.00259058356112911
654,0.000236102128797925
655,-0.00139696003575479
656,-0.00267386397332168
657,-0.00400022945902876
658,-0.00540089614278737
659,-0.00636318799400445
660,-0.00634394957193035
661,-0.00584500577337194
662,-0.00667892126361483
663,-0.0103459923705758
664,-0.0159589430034427
665,-0.020494994690373
666,-0.0216307904697431
667,-0.0199367186806365
668,-0.0178041654338911
669,-0.0166130725245427
670,-0.0156773257927254
671,-0.0138071584692178
672,-0.0109971683343317
673,-0.00821581074250512
674,-0.00616510341059481
675,-0.00479004987544819
676,-0.00368749764777695
677,-0.00251171197990221
678,-0.00117075211798943
679,-4.59334053130241E-05
680,0.000223850457102361
681,-0.000251235656592678
682,2.53210296596715E-05
683,0.00273166191837218
684,0.0075668232536348
685,0.0119420611806787
686,0.0134233737656339
687,0.0121663348595127
688,0.010389275770962
689,0.00969156241715953
690,0.00958165908391842
691,0.00863253047727771
692,0.00632847162037092
693,0.0033894658415983
694,0.000777144895043799
695,-0.00110653136916166
696,-0.00244887121565061
697,-0.00367810566239674
698,-0.00499862172134401
699,-0.00602645511427824
700,-0.00615865689304982
701,-0.00572210021394956
702,-0.00644018304383451
703,-0.00991695160176342
704,-0.0154498463696871
705,-0.0200749191216108
706,-0.0213480987836719
707,-0.0197018425190866
708,-0.0175342055112519
709,-0.0163287658319988
710,-0.0154302302544654
711,-0.0135688916139697
712,-0.0106840280722832
713,-0.00780780739950073
714,-0.00574263889670981
715,-0.00444950398160591
716,-0.00346698644466944
717,-0.00240018823969209
718,-0.00113242804019304
719,-1.81885000512551E-05
720,0.000289589345103476
721,-0.000200218562119463
722,-7.80675602143428E-05
723,0.00242414687753767
724,0.00722252578898877
725,0.0117952033839215
726,0.0134865893221327
727,0.0121830679070306
728,0.010118383027866
729,0.00917080274175709
730,0.00904684709316523
731,0.00823033725072929
732,0.00599512938151993
733,0.00299772635397026
734,0.000307940271276063
735,-0.00157018141883148
736,-0.0028336754448825
737,-0.00397121484681255
738,-0.0052112469661015
739,-0.00615598744533421
740,-0.00619438320105751
741,-0.0056671547287992
742,-0.00631335452784544
743,-0.00972927799735421
744,-0.0151838987311269
745,-0.0197099872826452
746,-0.0209237504379047
747,-0.0193299980332945
748,-0.0173013895172304
749,-0.0161986512447686
750,-0.0153101518830546
751,-0.0134821050884744
752,-0.010785982468756
753,-0.00816515250973532
754,-0.00616487924587789
755,-0.00464730474592225
756,-0.00336433004393948
757,-0.00219211157640001
758,-0.00102706600451408
759,-2.86173514645844E-05
760,0.000262597406147786
761,-0.000206385104340139
762,-8.48937888665535E-05
763,0.0024338467348139
764,0.00726925462621427
765,0.0117978571615799
766,0.0133351718054463
767,0.011944918619949
768,0.0100402103246315
769,0.00938558803197767
770,0.00936531313492928
771,0.00834531354573802
772,0.00586798716352183
773,0.00291579712572081
774,0.000527310882737227
775,-0.00113941346677062
776,-0.00251277696096375
777,-0.00394373285957179
778,-0.00536772809734557
779,-0.00630257586142667
780,-0.00631036919916406
781,-0.00588282959370569
782,-0.00668242295265539
783,-0.0101276874925006
784,-0.0154624115604079
785,-0.0198691621660586
786,-0.021067780734335
787,-0.0194867586373701
788,-0.017382571583185
789,-0.0161432438685789
790,-0.0151666519924685
791,-0.0132911164428987
792,-0.010461376076217
793,-0.00759466917670279
794,-0.00539930938101281
795,-0.00388002947084278
796,-0.00270862900823233
797,-0.00157239386892174
798,-0.000323594999111314
799,0.000764430211036297
800,0.00108132702784839
801,0.0006111571605304
802,0.000699773447531186
803,0.00306861109222583
804,0.0076602607859233
805,0.0120542156232953
806,0.0136835316688891
807,0.0124163434781338
808,0.010392059641581
809,0.00944930932987127
810,0.00935707746423849
811,0.00865201769095934
812,0.0065537709143882
813,0.00363273426144099
814,0.000968001486784443
815,-0.000865278125283173
816,-0.0020778295072822
817,-0.00326785186357181
818,-0.0047027471727954
819,-0.00586406993557085
820,-0.00599742887507209
821,-0.00544394659230038
822,-0.0060505966434945
823,-0.00947284736859885
824,-0.0149500047731876
825,-0.0194836316500615
826,-0.0206944811232509
827,-0.0190790616994266
828,-0.0169880792025076
829,-0.0158090074528426
830,-0.0148831346121391
831,-0.0130259280373754
832,-0.0102004351984467
833,-0.00734210165322656
834,-0.00517456543340675
835,-0.00373614579898399
836,-0.00272320478892827
837,-0.001783927840103
838,-0.000677119445426406
839,0.000387051037996972
840,0.000774849507427622
841,0.000401640698367459
842,0.000571842109188957
843,0.00300391406025682
844,0.00764164131620351
845,0.0120680206008436
846,0.013744254516224
847,0.0125620060714907
848,0.0106150091791892
849,0.00964342228455194
850,0.0093881195981286
851,0.00849722871954455
852,0.00633074500395979
853,0.00346404960376073
854,0.000858756625031305
855,-0.000976323170301937
856,-0.00218657457568521
857,-0.00330166283732477
858,-0.00464925701493042
859,-0.00582127337857632
860,-0.00605379126697682
861,-0.00556383355529279
862,-0.00613494073925516
863,-0.00949207711781409
864,-0.0149439078990426
865,-0.0194492642357834
866,-0.0205677756752433
867,-0.0188524718814605
868,-0.0167667370990292
869,-0.0156949065090732
870,-0.0148632296760351
871,-0.0130441069320282
872,-0.0102910418117685
873,-0.00757786783157506
874,-0.00547588621826475
875,-0.00384890339236087
876,-0.00246732821388119
877,-0.00126922580647777
878,-0.000189116934247318
879,0.000695161151667812
880,0.00100110337463722
881,0.00071892743455979
882,0.00103110344616752
883,0.00354508646353782
884,0.00820404715466613
885,0.0126001020267551
886,0.0141540721799515
887,0.0127796244477715
888,0.0107217561686984
889,0.00984141152252281
890,0.00977955707758615
891,0.00895510041945218
892,0.00665742688284012
893,0.0036373519438418
894,0.00103373228603056
895,-0.000690894729028754
896,-0.0018532995042487
897,-0.00303511222784293
898,-0.0044693835923893
899,-0.00568901915587629
900,-0.00597522388771529
901,-0.00556292105451404
902,-0.00616210703791361
903,-0.00947103697606292
904,-0.0149093822885165
905,-0.0195280443245094
906,-0.0207906387378657
907,-0.0190925455049914
908,-0.016931472025423
909,-0.0158773667431736
910,-0.0151791117816596
911,-0.0133806368839891
912,-0.0103914653496791
913,-0.00740977582022607
914,-0.00536190695149568
915,-0.00412201728482111
916,-0.00307556446022719
917,-0.00184492450007351
918,-0.000480239091536627
919,0.000580057986256319
920,0.000780536644152567
921,0.000249809587934477
922,0.000379403816269558
923,0.00284855979456654
924,0.00757706550930329
925,0.0121406024721093
926,0.0139169804828751
927,0.0126864069155016
928,0.0105584703970278
929,0.00942363449384322
930,0.00912900553119431
931,0.00828006476024031
932,0.00614955628978741
933,0.00330211211307669
934,0.00072228342276596
935,-0.00111065710384061
936,-0.00237704883349343
937,-0.00356160842577936
938,-0.00492956581185959
939,-0.0061193981251822
940,-0.00646832165064933
941,-0.00615756358035854
942,-0.00679378995552117
943,-0.0100396549933428
944,-0.0153986410536647
945,-0.0200387893428975
946,-0.0214252205392834
947,-0.0198043971600137
948,-0.0175343478370742
949,-0.0162445394837903
950,-0.0154090581255612
951,-0.0137000987893877
952,-0.0108837003606811
953,-0.00790358539637623
954,-0.00563872110429655
955,-0.00418759323428207
956,-0.00315626646649223
957,-0.00212809400987662
958,-0.000937627027357959
959,9.4759465922283E-05
960,0.000342183346495337
961,-0.000163963368601406
962,-1.20011806160492E-05
963,0.00254639664135473
964,0.0074095457393062
965,0.0120482781452016
966,0.0137860103930031
967,0.0124748371332468
968,0.0103506254036413
969,0.00935396347711497
970,0.00924443620340355
971,0.0084714545886081
972,0.00623753249592446
973,0.00321786785687853
974,0.000586581563878945
975,-0.00113338596726895
976,-0.00229306701619413
977,-0.00353730808515092
978,-0.00503323718574981
979,-0.0061653419897418
980,-0.00622874084898988
981,-0.00569998976636923
982,-0.00646535648961075
983,-0.0100620113860827
984,-0.0155931849668078
985,-0.0200689521407591
986,-0.0212478458110885
987,-0.0197198825445264
988,-0.0177632890605557
989,-0.0166095844290916
990,-0.0155594789744276
991,-0.0135727873338841
992,-0.010776598990568
993,-0.00807500441085662
994,-0.00598094635757398
995,-0.00439155161850221
996,-0.00310454983691814
997,-0.00198479827811001
998,-0.000872528065354858
999,0.000117158433705885
1000,0.000438052584106624
1001,-1.57730285829522E-05
1002,5.56301456775355E-05
1003,0.00249041837041651
1004,0.00733528692261731
1005,0.0120596794821512
1006,0.0138767745459636
1007,0.0125990451098296
1008,0.0105073182361755
1009,0.00953045733576361
1010,0.00934169424197715
1011,0.00838138235274438
1012,0.00597854418753345
1013,0.00291291688981539
1014,0.000311248147396882
1015,-0.00140154702301256
1016,-0.00256932285971881
1017,-0.00377270491387729
1018,-0.00521274370393998
1019,-0.00637959066017242
1020,-0.00655784420103171
1021,-0.00606562998738112
1022,-0.00669893242414476
1023,-0.010119455946131
1024,-0.01560525437687
1025,-0.0201431667004076
1026,-0.0213064684632695
1027,-0.0196143427934645
1028,-0.0175107620237476
1029,-0.016422963079983
1030,-0.0156210282083306
1031,-0.0138349349159766
1032,-0.0110232076723199
1033,-0.00815125929655108
1034,-0.00592531485372883
1035,-0.00435390722721109
1036,-0.00317996438221127
1037,-0.00214625435329437
1038,-0.0010342515823864
1039,1.58689304016162E-05
1040,0.000415126571213697
1041,2.7515836497181E-05
1042,0.000102251500261002
1043,0.00241170396083259
1044,0.00701591468388788
1045,0.0115320173952338
1046,0.013335459185442
1047,0.0122268259903872
1048,0.01030077699993
1049,0.00935309634744736
1050,0.00914008694607404
1051,0.00826769075479352
1052,0.00605980471963883
1053,0.00310746307980951
1054,0.000419522711670133
1055,-0.00146398238253513
1056,-0.00269667590607194
1057,-0.00384512938830881
1058,-0.00526095889864999
1059,-0.00650493803070085
1060,-0.00673438627171936
1061,-0.00611985838544554
1062,-0.00650966390053845
1063,-0.00977610101229662
1064,-0.0153246986160047
1065,-0.0200632743460865
1066,-0.0214032358375649
1067,-0.0197924917165154
1068,-0.0177023846181602
1069,-0.0165823706672621
1070,-0.0156962339618392
1071,-0.0138156010984576
1072,-0.0109990765547789
1073,-0.0082479623786865
1074,-0.00615316950542024
1075,-0.00456730171407265
1076,-0.0032299568816175
1077,-0.00204722186547764
1078,-0.000929683825076981
1079,3.81886155124062E-05
1080,0.000406236180223606
1081,5.99557780736973E-05
1082,0.000140833230918905
1083,0.00236599653232716
1084,0.00688830638184917
1085,0.0114325451414666
1086,0.0133360976857087
1087,0.0122650023378082
1088,0.0102630107652113
1089,0.00921073572678487
1090,0.00896084863853018
1091,0.00812504350693568
1092,0.00598264609166042
1093,0.0031001623627959
1094,0.000470278783967197
1095,-0.00139963871361051
1096,-0.00266793541599278
1097,-0.00384820899881218
1098,-0.00526465527383111
1099,-0.00655211789705706
1100,-0.00694426878651836
1101,-0.00652585975609059
1102,-0.00694940243454622
1103,-0.0100412360179139
1104,-0.0154138283770066
1105,-0.0201876521750797
1106,-0.0217128950126308
1107,-0.0201851196045765
1108,-0.0179619992886584
1109,-0.0166309337387803
1110,-0.0156161284193727
1111,-0.0136749077355664
1112,-0.0107843787707426
1113,-0.007981671689822
1114,-0.00594960408168127
1115,-0.00449746250242117
1116,-0.00321048502087581
1117,-0.00195767731619202
1118,-0.000799368319111555
1119,6.17050870312938E-05
1120,0.000272809448523632
1121,-8.93093986726165E-05
1122,0.000163999030100477
1123,0.00263033257856339
1124,0.00734534481044915
1125,0.0119991552755412
1126,0.01390861892184
1127,0.0127176242681031
1128,0.0105362907211918
1129,0.00939189101746034
1130,0.00918629279631021
1131,0.00839319001393482
1132,0.00615214580065672
1133,0.00311321205480965
1134,0.000488865446441085
1135,-0.00116689131859963
1136,-0.00223046671019155
1137,-0.00342135358856511
1138,-0.00498684205761276
1139,-0.00631162976753675
1140,-0.00654390113967507
1141,-0.00595992454691282
1142,-0.00643289859002558
1143,-0.00976522026263638
1144,-0.0153344354791788
1145,-0.0200853737777916
1146,-0.0214279537727497
1147,-0.0197640745243956
1148,-0.0175880540268459
1149,-0.0164489559350011
1150,-0.0156352891625147
1151,-0.0138043231072499
1152,-0.0109140279536908
1153,-0.00802225934282182
1154,-0.00584953753449628
1155,-0.00428478920650458
1156,-0.00301381975560737
1157,-0.00191522228116099
1158,-0.000900364105271264
1159,6.91663109900772E-06
1160,0.000442621144001612
1161,0.000257439447901949
1162,0.000449002608802676
1163,0.0026929347585382
1164,0.00728774502488673
1165,0.0120679006974351
1166,0.0142230422204256
1167,0.0131565471967774
1168,0.0108754127133252
1169,0.00951325481457346
1170,0.00916262684345344
1171,0.0084090050045838
1172,0.00634161974454971
1173,0.00343106162409519
1174,0.000730906303337529
1175,-0.00117194884075403
1176,-0.00242876725173482
1177,-0.00357415203182624
1178,-0.00493384066318107
1179,-0.00615401151567382
1180,-0.00651431219504341
1181,-0.0061364246733103
1182,-0.00665208458599456
1183,-0.00982363186052195
1184,-0.0152063030563861
1185,-0.0199036426752612
1186,-0.0213047027473583
1187,-0.0196955519917092
1188,-0.0175234457208904
1189,-0.0163848450309185
1190,-0.0156136754341521
1191,-0.0138509968469771
1192,-0.011013638288451
1193,-0.00814966336436433
1194,-0.00600101528788122
1195,-0.00446625756679792
1196,-0.00320412960213978
1197,-0.00206161143909853
1198,-0.000971642169945548
1199,-4.0352660954335E-05
1200,0.000304784740344045
1201,-3.87687001302789E-05
1202,5.4745350714391E-05
1203,0.00231797999755853
1204,0.00694403906394674
1205,0.0116170654181388
1206,0.0135423821818767
1207,0.0123311176028019
1208,0.0101637109018295
1209,0.00909783007532707
1210,0.00896776525087344
1211,0.00819314718569308
1212,0.00594562143246164
1213,0.00290266231407222
1214,0.000226400335096179
1215,-0.0015512413736541
1216,-0.00269183498231216
1217,-0.00378515237750727
1218,-0.00514316181550291
1219,-0.00636419229046993
1220,-0.00668001657191803
1221,-0.00620676738391949
1222,-0.00663640121193491
1223,-0.00979854721863639
1224,-0.0152262532414839
1225,-0.0199303262532322
1226,-0.0212806612036928
1227,-0.0196670273024824
1228,-0.0175946908556427
1229,-0.0165253126926094
1230,-0.0156272659029214
1231,-0.0136429130089777
1232,-0.0108169538502626
1233,-0.00832267336889215
1234,-0.00657192922017146
1235,-0.00501732077676214
1236,-0.00329182128377194
1237,-0.0016599657865433
1238,-0.000403211175484101
1239,0.000450538067719749
1240,0.000759301321408849
1241,0.0005048902564965
1242,0.000663892486572268
1243,0.00287511012970819
1244,0.00742112866774855
1245,0.0120826675499241
1246,0.0140180108061122
1247,0.0127508852483236
1248,0.0104913233991885
1249,0.00940093843245777
1250,0.00933644787439399
1251,0.00863889404408229
1252,0.00642865377254236
1253,0.00342117513447191
1254,0.000810452866389213
1255,-0.000939196663260416
1256,-0.00218700218398711
1257,-0.00349900846215196
1258,-0.00502273784073185
1259,-0.00621978644559782
1260,-0.00636999684419398
1261,-0.00576706635268096
1262,-0.00621020376398437
1263,-0.00947672188189942
1264,-0.0150024522882262
1265,-0.0197777052065719
1266,-0.0211819814288488
1267,-0.0195578011292588
1268,-0.0173796057404448
1269,-0.0162187748342524
1270,-0.0153904346578684
1271,-0.0135631673705478
1272,-0.0106990704816291
1273,-0.00786557238232688
1274,-0.00579138310155427
1275,-0.00434325319655256
1276,-0.00313585500028575
1277,-0.00197376112349223
1278,-0.000782247075549299
1279,0.000291085329119806
1280,0.000760870408824928
1281,0.000485900625926385
1282,0.000572390974851949
1283,0.0027591187120509
1284,0.00731084297883857
1285,0.0120373539352531
1286,0.0141923287260051
1287,0.0132407855667818
1288,0.0111278249268485
1289,0.00985716956227582
1290,0.00948894251499955
1291,0.00869872180144265
1292,0.00663323018706906
1293,0.00369904268647695
1294,0.000886056765532929
1295,-0.00114263986929314
1296,-0.00240036115057185
1297,-0.00341821230163516
1298,-0.00467252852699282
1299,-0.00591179037537683
1300,-0.00632710829259216
1301,-0.0058823275763389
1302,-0.00620454465576887
1303,-0.00923246169030172
1304,-0.0146794503885214
1305,-0.0196157174676575
1306,-0.0212513125541741
1307,-0.0197325938971385
1308,-0.0175159252510967
1309,-0.0162979715655366
1310,-0.0154782189634158
1311,-0.0136773623974359
1312,-0.010769798560903
1313,-0.00782455770582324
1314,-0.00566016996292752
1315,-0.00420910060537578
1316,-0.00305882494391048
1317,-0.00194789444007022
1318,-0.000790589504410149
1319,0.000213970704817322
1320,0.000550198681366142
1321,0.000134414766914673
1322,0.000179161625145652
1323,0.00246748134440129
1324,0.00718377736714318
1325,0.0119975870279748
1326,0.0140984318501586
1327,0.0130270871156419
1328,0.0108585808652599
1329,0.00963418288984613
1330,0.00932388165150039
1331,0.00850836314624748
1332,0.00636197263021344
1333,0.00339997777115929
1334,0.000639189554871776
1335,-0.00136947277574595
1336,-0.00274364563095715
1337,-0.00395066232064602
1338,-0.00529308208797804
1339,-0.00644831516404601
1340,-0.00671813343430818
1341,-0.00620249227367988
1342,-0.00652806765906688
1343,-0.0095496495970394
1344,-0.0149699826041593
1345,-0.0199262684304491
1346,-0.021632073825165
1347,-0.0201378697159821
1348,-0.0178503452827329
1349,-0.0165579076552615
1350,-0.0157659396229039
1351,-0.014048424217971
1352,-0.0111357843449267
1353,-0.00805987440541582
1354,-0.00575995413103183
1355,-0.00427371716676629
1356,-0.00314432846821382
1357,-0.00200863588729013
1358,-0.000780602037515055
1359,0.00025496445210144
1360,0.000555182968438617
1361,0.000107530921128971
1362,0.000174922717806512
1363,0.00248372352779682
1364,0.00713688867761799
1365,0.0118294166727876
1366,0.013870707539203
1367,0.0128686511109655
1368,0.0108217400442823
1369,0.00963645056982119
1370,0.00924851719410512
1371,0.00834470500126528
1372,0.00622180145310188
1373,0.00339774423989547
1374,0.000784197849711918
1375,-0.00115212302566028
1376,-0.0025189384252069
1377,-0.0037406945823799
1378,-0.00512381167436438
1379,-0.00637034764023191
1380,-0.00675271216669953
1381,-0.00630145088627462
1382,-0.00662656975822716
1383,-0.00964362976320917
1384,-0.0151078161870503
1385,-0.0201362292716385
1386,-0.0218949995281254
1387,-0.0204197337670317
1388,-0.0181133020716287
1389,-0.0167434845166851
1390,-0.0158378723624045
1391,-0.0140827753270659
1392,-0.0113021364238371
1393,-0.0084468429113766
1394,-0.00625649666579324
1395,-0.0046996293223483
1396,-0.00347640856237343
1397,-0.00237859612384393
1398,-0.00123776488994466
1399,-0.000142000985666691
1400,0.000359051010623345
1401,1.34404947965958E-05
1402,-4.97525179469803E-05
1403,0.00209042720264839
1404,0.00681772247098292
1405,0.0118061622483511
1406,0.0140550257343294
1407,0.0129746743956905
1408,0.0107176459360106
1409,0.00946233875485042
1410,0.00917483550025885
1411,0.00833160764306721
1412,0.00609671258761934
1413,0.00310710226900297
1414,0.000463698888465513
1415,-0.00135706240184329
1416,-0.00261568828332359
1417,-0.00383549019841646
1418,-0.00526599004563203
1419,-0.00651161447120892
1420,-0.00684024625851653
1421,-0.00634952249451424
1422,-0.00668422153192089
1423,-0.0097331226099771
1424,-0.0152150745416184
1425,-0.0202332030761147
1426,-0.0219496062394539
1427,-0.020407740369611
1428,-0.0180482127897587
1429,-0.0166778688636732
1430,-0.0158056494201298
1431,-0.014054523124471
1432,-0.0112315480413447
1433,-0.00834524348061212
1434,-0.00616392596266219
1435,-0.00457651872568332
1436,-0.0032019006391566
1437,-0.00191488422794029
1438,-0.000747167435932105
1439,0.000152272475679868
1440,0.000433379313367987
1441,8.64091539499749E-05
1442,0.000225036442085532
1443,0.00250643587731154
1444,0.00711391316016901
1445,0.0118046514792304
1446,0.0138259939375462
1447,0.0127313637247371
1448,0.0106110646266949
1449,0.00949866948002932
1450,0.00928160115552312
1451,0.00844934919983923
1452,0.00620864356415409
1453,0.00321508507328719
1454,0.000558388721096639
1455,-0.00129801114402364
1456,-0.0025967451644009
1457,-0.00381495131882814
1458,-0.0051793964998344
1459,-0.00634188140325449
1460,-0.00665435554033988
1461,-0.00623886775010516
1462,-0.00665822748244409
1463,-0.00969023040181928
1464,-0.0150421274073415
1465,-0.0199366826762542
1466,-0.021672261556344
1467,-0.0202995617513719
1468,-0.0181236626987209
1469,-0.0168141268626104
1470,-0.0158800149992951
1471,-0.0140574797474743
1472,-0.0112286343401576
1473,-0.00836184144916124
1474,-0.00616544525674917
1475,-0.00457005603212855
1476,-0.0032913754529972
1477,-0.00219321159597069
1478,-0.00114868098213153
1479,-0.000172897368099102
1480,0.000318553981686127
1481,0.000102074386245578
1482,0.000156395889997076
1483,0.0022250406846821
1484,0.00670901662816991
1485,0.0115035783225658
1486,0.0137896739961252
1487,0.0129103507118878
1488,0.0107817892539004
1489,0.00944855646914467
1490,0.00898181290891771
1491,0.00806210335055918
1492,0.00593211151864492
1493,0.00312640275097463
1494,0.000597392186090237
1495,-0.00122838733367151
1496,-0.00254901845963969
1497,-0.00380616511372071
1498,-0.00523434446690022
1499,-0.00648754915723738
1500,-0.0068680441218935
1501,-0.00642849362204314
1502,-0.00672798738742332
1503,-0.00964377632817048
1504,-0.0150067013310745
1505,-0.0200507147265074
1506,-0.0219341667565877
1507,-0.020553949782836
1508,-0.018224110156043
1509,-0.0167794109588701
1510,-0.0158484636101408
1511,-0.0140958584713209
1512,-0.0112496579267733
1513,-0.00825980104879643
1514,-0.00597641240766728
1515,-0.00442636821787468
1516,-0.00323158828262033
1517,-0.00209419781753431
1518,-0.00087812192137558
1519,0.000242624574045925
1520,0.000727865260634588
1521,0.000407958886341302
1522,0.000401206072508335
1523,0.00249281608945116
1524,0.00699623790870324
1525,0.0117243756913923
1526,0.0138887732070976
1527,0.0129322652726343
1528,0.0108301678342643
1529,0.00960362225756756
1530,0.0092599490691427
1531,0.00842070729311899
1532,0.00628888898253446
1533,0.00339367383995698
1534,0.000737007091325943
1535,-0.00117122700393398
1536,-0.00248007527986508
1537,-0.00365738491951108
1538,-0.00500023738939599
1539,-0.00619700646576531
1540,-0.0065527180410468
1541,-0.00613287895064076
1542,-0.00651762767766816
1543,-0.00955773016107801
1544,-0.0149952167881578
1545,-0.0199934142976024
1546,-0.0217462911409502
1547,-0.0202713208788701
1548,-0.0179704731698025
1549,-0.0166520045707545
1550,-0.0158435352692793
1551,-0.0141415538804093
1552,-0.0112944125905457
1553,-0.00831119244787244
1554,-0.00605326375291223
1555,-0.00449837835629202
1556,-0.00324374176450335
1557,-0.00206300791589155
1558,-0.000925409944803419
1559,2.12645618273936E-06
1560,0.000335152266860164
1561,4.93764713712449E-05
1562,0.00022496665641478
1563,0.00246886647702527
1564,0.00699289717752115
1565,0.0116928138411867
1566,0.0139057223114664
1567,0.0130517575366176
1568,0.0109572485723424
1569,0.00957436236600886
1570,0.00903335877700501
1571,0.00814184572671516
1572,0.00614386305077304
1573,0.00342544140233653
1574,0.000824682746178062
1575,-0.00116398851915131
1576,-0.00256740556053807
1577,-0.00375407964017186
1578,-0.00505808867503486
1579,-0.0062744693192363
1580,-0.00672781250159334
1581,-0.00637531086231932
1582,-0.00669658253532174
1583,-0.00958814330311493
1584,-0.0149408692271824
1585,-0.0200004146393794
1586,-0.0218969487535063
1587,-0.0205314115238448
1588,-0.0182602021496889
1589,-0.0169225702678691
1590,-0.0160791419928377
1591,-0.0143292850586303
1592,-0.0114269650761672
1593,-0.00841400760904999
1594,-0.00618995160205512
1595,-0.00473597848602697
1596,-0.00359376297106585
1597,-0.00243792515936401
1598,-0.00117395356166894
1599,-3.72149455628252E-05
1600,0.000399356233353313
1601,-2.27025415015638E-05
1602,-0.000134808040152083
1603,0.00191460730125292
1604,0.00647427518905656
1605,0.0113226244209935
1606,0.0135895014727903
1607,0.0126657148406852
1608,0.0105499787705156
1609,0.00932028480831802
1610,0.00900106035923509
1611,0.00818663240074286
1612,0.00607218693467483
1613,0.00322628696202137
1614,0.000675794240926673
1615,-0.00112275740663612
1616,-0.00241066206837204
1617,-0.00368331129577842
1618,-0.0051680353617056
1619,-0.00646598928279166
1620,-0.00685890043626384
1621,-0.00643936076252039
1622,-0.00680476481143911
1623,-0.00980527475164639
1624,-0.0152012953964652
1625,-0.0201899852203996
1626,-0.0219625431443669
1627,-0.0204866830785759
1628,-0.0181358394705822
1629,-0.0167647966738449
1630,-0.0159735794378243
1631,-0.0143622597625335
1632,-0.0116046456099328
1633,-0.00865025028869629
1634,-0.0063834130132235
1635,-0.00483261932459962
1636,-0.00357240923776622
1637,-0.00228650855775474
1638,-0.000917565881338191
1639,0.00024204854713765
1640,0.000626333067549996
1641,0.000170785479347409
1642,0.000118150001270524
1643,0.00227211546717774
1644,0.00686577705971756
1645,0.0116434736456905
1646,0.0138266373616221
1647,0.0129045451028594
1648,0.010862369462782
1649,0.00968868039453388
1650,0.00936859022543173
1651,0.0085411250801785
1652,0.00643045631915772
1653,0.00354314067843276
1654,0.000831701190384483
1655,-0.00119578782567677
1656,-0.0026113181511268
1657,-0.00380536788372208
1658,-0.00510230163866264
1659,-0.00630189848576065
1660,-0.00675152746036346
1661,-0.00639633653444415
1662,-0.00665759768862532
1663,-0.00940871479976451
1664,-0.014627018199405
1665,-0.0196894701916001
1666,-0.0217424774079108
1667,-0.0205400094069047
1668,-0.0182856096345128
1669,-0.0168452496432985
1670,-0.0159558615700843
1671,-0.0143184538273839
1672,-0.0115725224077787
1673,-0.00855274653050588
1674,-0.00609977944527717
1675,-0.00435923706817392
1676,-0.00309305553671694
1677,-0.00203901922380725
1678,-0.000967350012447996
1679,7.20368055683728E-05
1680,0.000567878062137101
1681,0.000262329599178007
1682,0.000181028781956103
1683,0.00213686096526727
1684,0.00657611238579615
1685,0.0114002439057754
1686,0.0137559276808059
1687,0.0129368749466084
1688,0.0108511782710843
1689,0.00959929156510679
1690,0.00930345534545714
1691,0.00858738229118523
1692,0.00652892880626734
1693,0.00353979463040938
1694,0.000651526521996473
1695,-0.00145528378839727
1696,-0.00277879820902934
1697,-0.00381902470960085
1698,-0.00506667887736192
1699,-0.00634842557121786
1700,-0.00686973007692864
1701,-0.00644879545830134
1702,-0.00656256283014731
1703,-0.00925044296785149
1704,-0.014543094346888
1705,-0.0196858832635414
1706,-0.0216928375272121
1707,-0.0203712205957977
1708,-0.018089521176496
1709,-0.0167581869693046
1710,-0.0159786309278951
1711,-0.0143344577437814
1712,-0.0115412963162791
1713,-0.00860652482433766
1714,-0.00639934010840322
1715,-0.00488852730509917
1716,-0.00365023822305856
1717,-0.00243015563902357
1718,-0.00117203029307122
1719,-6.5582953185443E-05
1720,0.000398846295305814
1721,8.15695062599763E-05
1722,7.74801847415773E-05
1723,0.00216034048785141
1724,0.00669198042313704
1725,0.0115321748383356
1726,0.0138479011480806
1727,0.012972590187996
1728,0.0108367665571486
1729,0.00954858694516936
1730,0.00924050696139312
1731,0.008546903569504
1732,0.00654347849617738
1733,0.00362340369259337
1734,0.000789046128050221
1735,-0.00131051672123631
1736,-0.0026886985468403
1737,-0.00381632051745481
1738,-0.00511216352492025
1739,-0.00634812078321103
1740,-0.00676266836186844
1741,-0.0062830173017146
1742,-0.00646577334706304
1743,-0.00931183020188038
1744,-0.0147301628815537
1745,-0.0198881127174373
1746,-0.0218414211523149
1747,-0.0204982611594528
1748,-0.0182588146402986
1749,-0.0169518343497717
1750,-0.0160824250289728
1751,-0.0142556138577367
1752,-0.0113247546938318
1753,-0.00840005250927824
1754,-0.0062974965565008
1755,-0.00484691463151666
1756,-0.00357866371608136
1757,-0.00233422297869589
1758,-0.00114565712071775
1759,-0.000151208911241188
1760,0.000274172222888795
1761,1.99706504574348E-06
1762,2.86775751223643E-05
1763,0.0020795629486626
1764,0.00659123513043841
1765,0.0114931545658911
1766,0.0138949255295031
1767,0.0130279881085097
1768,0.0108354673776959
1769,0.00953489229629841
1770,0.00929338850142024
1771,0.00864866146162627
1772,0.00659519233319748
1773,0.00358546163189483
1774,0.000738352131229171
1775,-0.00128188812711027
1776,-0.00257835320991437
1777,-0.00368746691674189
1778,-0.00501354985508022
1779,-0.00630205556398229
1780,-0.00679509290315508
1781,-0.00640057060265239
1782,-0.0066088452332958
1783,-0.00939297136385251
1784,-0.0147352003204281
1785,-0.0198846346357812
1786,-0.0218553757810734
1787,-0.0204343135900088
1788,-0.0180111435075467
1789,-0.0165813737413518
1790,-0.0158113669433052
1791,-0.0142508342825307
1792,-0.011521031608424
1793,-0.00857220951891764
1794,-0.00628640893432279
1795,-0.0046771119297738
1796,-0.00336625373144223
1797,-0.00213604277939559
1798,-0.000932363254586946
1799,9.86463920646086E-05
1800,0.000502220330023742
1801,0.000107985633926598
1802,-3.76330931611338E-05
1803,0.0018838881809777
1804,0.00636977712964189
1805,0.0113526535734682
1806,0.0139029468065536
1807,0.013181045462046
1808,0.0110404342910477
1809,0.00964579696552839
1810,0.00921562263940194
1811,0.00842773365513059
1812,0.00638780478713257
1813,0.00352842199502187
1814,0.000851752238841348
1815,-0.00106712147812955
1816,-0.00233406310547792
1817,-0.00345944815790704
1818,-0.00485251436885494
1819,-0.00626321192412561
1820,-0.00688291204216787
1821,-0.00654213444112579
1822,-0.00671157048344416
1823,-0.00942074298280179
1824,-0.014714654091225
1825,-0.0198552837541899
1826,-0.0218418419961578
1827,-0.0204599070475812
1828,-0.0181004028314902
1829,-0.0167295917322968
1830,-0.0159673585961506
1831,-0.0143533863903636
1832,-0.0115570031567409
1833,-0.00858899392737714
1834,-0.00633730742714969
1835,-0.0047515691592601
1836,-0.0033855743801589
1837,-0.00203394443267396
1838,-0.000736330530606964
1839,0.000294923855951512
1840,0.000661063830948581
1841,0.000303602299002704
1842,0.000261060896038859
1843,0.00218082041763052
1844,0.00642452979058547
1845,0.0110392582969594
1846,0.0133898492538341
1847,0.0128008647324022
1848,0.010978977063309
1849,0.00980075839553726
1850,0.00936453654156526
1851,0.00848038341096176
1852,0.00643341009851158
1853,0.0036663869240017
1854,0.00104097458297938
1855,-0.000964196026159797
1856,-0.00238588433297298
1857,-0.00358233235374118
1858,-0.00490093683115256
1859,-0.00617793779456032
1860,-0.00672505303285379
1861,-0.00639465385817355
1862,-0.00659308546506267
1863,-0.00931969444972438
1864,-0.0146665882020803
1865,-0.0199239515539219
1866,-0.0220187976336705
1867,-0.0206377365415235
1868,-0.0181798680436815
1869,-0.0167231257601575
1870,-0.015964530721539
1871,-0.0144061581921674
1872,-0.0116378229467961
1873,-0.00865094617857959
1874,-0.00637440079413723
1875,-0.00479949490693757
1876,-0.0034951020815189
1877,-0.00224165729356996
1878,-0.0010177110505266
1879,5.04345799645559E-05
1880,0.000573766630482806
1881,0.000368950431081978
1882,0.000338545211818626
1883,0.00216992631029053
1884,0.00641699978165999
1885,0.0112152033348167
1886,0.0137566945663732
1887,0.0131216370371647
1888,0.0110132171988464
1889,0.00956595943691477
1890,0.00908898358494497
1891,0.00832577620978912
1892,0.00635151762441117
1893,0.00354281252094423
1894,0.000886801373427813
1895,-0.00104157300145912
1896,-0.00236234612367045
1897,-0.0035708317984687
1898,-0.00500219666065819
1899,-0.0063438409477941
1900,-0.00681740798165853
1901,-0.00634088389184353
1902,-0.00642812087520041
1903,-0.00909372091191102
1904,-0.0143862442313584
1905,-0.0196093349929292
1906,-0.0217600549548699
1907,-0.0205331800453901
1908,-0.0182212736019327
1909,-0.0167841117549018
1910,-0.0159114098909514
1911,-0.0142015801054599
1912,-0.0113390196609164
1913,-0.00834272834496083
1914,-0.00612176068633993
1915,-0.0046390238255836
1916,-0.00343752110433583
1917,-0.00227489989030871
1918,-0.0011188542892855
1919,-9.77735071260787E-05
1920,0.000393685340676189
1921,0.000162766436750607
1922,9.5988375905521E-05
1923,0.00188041930627503
1924,0.00611057377597117
1925,0.01097299650215
1926,0.0136493930983494
1927,0.0131355917238411
1928,0.0110664476225249
1929,0.00960657764510794
1930,0.00914892401512831
1931,0.00845287335173876
1932,0.00651205672366251
1933,0.00362948516375977
1934,0.000824516671586209
1935,-0.00122385566505229
1936,-0.00256829703724099
1937,-0.00372042705689986
1938,-0.00507163446119634
1939,-0.00635172896704497
1940,-0.00679936990334798
1941,-0.00633033231087716
1942,-0.00643843686294899
1943,-0.00911631744554151
1944,-0.0144184149046652
1945,-0.0196793861318527
1946,-0.02190356546627
1947,-0.0207410887094052
1948,-0.0184387354582042
1949,-0.016982611121843
1950,-0.0161449742312287
1951,-0.01454997308935
1952,-0.0117852725843428
1953,-0.00874339310982336
1954,-0.00633552076014369
1955,-0.00467176362470563
1956,-0.00341949383509181
1957,-0.00229648745505229
1958,-0.00114400631804422
1959,-6.80313272371062E-05
1960,0.000433223099232052
1961,0.000126863657628936
1962,3.18812254015494E-05
1963,0.0019650596925581
1964,0.00641869203859587
1965,0.0113281708164846
1966,0.0138057246285108
1967,0.0130784774890566
1968,0.0110250452438867
1969,0.00976027887504164
1970,0.00943650775410054
1971,0.00872694281083271
1972,0.00676743387749027
1973,0.00395268576601355
1974,0.00117294961377678
1975,-0.00102313007940002
1976,-0.00256029332649951
1977,-0.00370419361537295
1978,-0.00485160606645915
1979,-0.00602860096440185
1980,-0.00666607611181923
1981,-0.00647909664101716
1982,-0.00660529596489277
1983,-0.0089851645005067
1984,-0.0139956250541176
1985,-0.019267593824219
1986,-0.0217321922143072
1987,-0.0207283208506015
1988,-0.0183448827937712
1989,-0.0167118851939486
1990,-0.0158183800349805
1991,-0.0143117351030817
1992,-0.0116242651231527
1993,-0.00853458378433804
1994,-0.00601064993866741
1995,-0.00430575030219522
1996,-0.00315766670650513
1997,-0.00221941636085245
1998,-0.00119552319857139
1999,-9.95951461195473E-05
2000,0.000532424202824337
2001,0.000319320393657303
2002,0.000161380051680232
2003,0.00192444441851597
2004,0.00627823145755952
2005,0.0112610651610789
2006,0.0138969418493811
2007,0.0132646931754597
2008,0.0112279069065772
2009,0.00998961769499268
2010,0.00969935092488629
2011,0.00890989025003629
2012,0.00673694802492226
2013,0.0037693295306418
2014,0.00107846923141291
2015,-0.000896411211486336
2016,-0.00237794942568474
2017,-0.00373384299403051
2018,-0.00512582104791456
2019,-0.00631377771026073
2020,-0.00676555089259417
2021,-0.00646086891342656
2022,-0.00668493548877434
2023,-0.00926285247634543
2024,-0.0143816479359944
2025,-0.0196253952337258
2026,-0.022013450951299
2027,-0.0209660324393383
2028,-0.0185798038554557
2029,-0.0169558638471862
2030,-0.0160630899019689
2031,-0.0145551397803423
2032,-0.0119020490280986
2033,-0.00891969575820311
2034,-0.00654221071140508
2035,-0.00490428038400658
2036,-0.00365391477000715
2037,-0.00250668588446784
2038,-0.00133205031090554
2039,-0.000219693403259738
2040,0.00038811951021176
2041,0.000220493982259339
2042,0.000126565437155033
2043,0.00182261044611428
2044,0.00596207457658568
2045,0.0107683670979106
2046,0.0134319745128671
2047,0.0129578464988552
2048,0.0109865082171626
2049,0.00964313643533247
2050,0.00924373439847941
2051,0.00851658118106097
2052,0.00651643625580698
2053,0.00362123174956041
2054,0.000838175323921138
2055,-0.00121808707618482
2056,-0.00259690251169477
2057,-0.0037358870930363
2058,-0.00502377506204649
2059,-0.00631203793684772
2060,-0.00691657975468116
2061,-0.00662019929661755
2062,-0.00669290667944088
2063,-0.00910812038151602
2064,-0.0141722390766264
2065,-0.0194528009381011
2066,-0.0218828185480949
2067,-0.0208309033577729
2068,-0.0183977088778655
2069,-0.0167093332249007
2070,-0.015760371349918
2071,-0.0142227575580884
2072,-0.0115654814607307
2073,-0.00859143040175875
2074,-0.00623908612449418
2075,-0.00465846610631076
2076,-0.00347044784503087
2077,-0.0023167713815373
2078,-0.00104854921671059
2079,0.000126691849832572
2080,0.00061829390683286
2081,0.000185128220059923
2082,-9.00819608914418E-05
2083,0.00169742225544143
2084,0.006111729470894
2085,0.0111015778180136
2086,0.0137105671141855
2087,0.0130673797657518
2088,0.0110216549272066
2089,0.00974669736905465
2090,0.00943883975570367
2091,0.00872265727212684
2092,0.00667315954291123
2093,0.00374570796210162
2094,0.00097894858741606
2095,-0.00103858207748411
2096,-0.00239100382779719
2097,-0.0035289014496998
2098,-0.00482759663819793
2099,-0.00610605313978325
2100,-0.00666230571213788
2101,-0.00632056594038865
2102,-0.00643273431384535
2103,-0.00899386118474905
2104,-0.014207486763569
2105,-0.0195026992860031
2106,-0.0218041094933577
2107,-0.0206353587806222
2108,-0.0182478741905252
2109,-0.0167369208495137
2110,-0.015920366867702
2111,-0.0143605534426609
2112,-0.0116068585832659
2113,-0.00861098609804161
2114,-0.00632964659149904
2115,-0.00479579256287403
2116,-0.00356995246367539
2117,-0.00239402663629181
2118,-0.0012253360377571
2119,-0.000183501375538741
2120,0.000352458754031706
2121,0.000190201582938076
2122,0.000187735627590553
2123,0.00200501709571844
2124,0.00624326094117438
2125,0.0111184206772787
2126,0.0138305637602332
2127,0.013371075936933
2128,0.0113546748070601
2129,0.009917884986456
2130,0.00944363253369031
2131,0.00872901452256288
2132,0.00681816569958619
2133,0.00398332072744522
2134,0.00112197181276496
2135,-0.00114255778555574
2136,-0.00271428339560815
2137,-0.00388146456382511
2138,-0.00503029475645508
2139,-0.00615277103748734
2140,-0.0066910166875439
2141,-0.00642331044898571
2142,-0.00654381629423553
2143,-0.00900513609255343
2144,-0.0141507156827738
2145,-0.0195373406218463
2146,-0.0220177440238902
2147,-0.0209309129495099
2148,-0.0184736076879388
2149,-0.0168829283067954
2150,-0.0161261226351338
2151,-0.0147369808765472
2152,-0.0120999162705506
2153,-0.00905031280665424
2154,-0.00657988086356935
2155,-0.00485161997594353
2156,-0.00353131591948158
2157,-0.00237166940588036
2158,-0.00126417088684889
2159,-0.000264982039506857
2160,0.000243094691061981
2161,1.90087334633467E-05
2162,-8.44876522254736E-05
2163,0.00166443506157322
2164,0.00593358947937547
2165,0.0109022696593892
2166,0.013656605704688
2167,0.0131262954391874
2168,0.010990106056859
2169,0.00950697365332305
2170,0.0091154334058398
2171,0.00855415829446493
2172,0.00676505828854314
2173,0.00398576866006322
2174,0.0011783764322863
2175,-0.000965173489296987
2176,-0.00240138747862088
2177,-0.00356783343069752
2178,-0.00490789923547369
2179,-0.00625517005008067
2180,-0.0068274357548552
2181,-0.00638265427492346
2182,-0.00632744139837168
2183,-0.00878648442965978
2184,-0.0140280825940485
2185,-0.0194287627784106
2186,-0.0218267542568898
2187,-0.0207119162951999
2188,-0.0183412722969196
2189,-0.0168092449974927
2190,-0.0159410701963485
2191,-0.0143486549117314
2192,-0.011633018772205
2193,-0.00872098135298491
2194,-0.00647395446769891
2195,-0.00486675566572269
2196,-0.00351155768349717
2197,-0.00225414650559161
2198,-0.00109731670899222
2199,-0.000118578168831806
2200,0.000367805974235315
2201,0.000192298633179052
2202,0.000190812347230342
2203,0.00198982438966871
2204,0.00617521097473238
2205,0.0109796342341988
2206,0.0136433020551032
2207,0.0131846229208263
2208,0.011200220256936
2209,0.00978874875953526
2210,0.00933693305806197
2211,0.00869212226118723
2212,0.00691209668874011
2213,0.00418841563855052
2214,0.0013216250404328
2215,-0.00104219286807318
2216,-0.00266650611327853
2217,-0.00375362838529171
2218,-0.00478365788649532
2219,-0.00591362264503371
2220,-0.00659967682421415
2221,-0.00644451040324894
2222,-0.0064929079310303
2223,-0.0087739859136748
2224,-0.0138532904512786
2225,-0.0193874590110617
2226,-0.0220870109121791
2227,-0.0210789620750502
2228,-0.0185212490328001
2229,-0.0168016186158416
2230,-0.0160181273255334
2231,-0.0146621488221109
2232,-0.011995171331259
2233,-0.00884881152870336
2234,-0.00635626075269595
2235,-0.00477479665805266
2236,-0.00366372384647131
2237,-0.00257215429569306
2238,-0.00133270866401522
2239,-0.000156060741175698
2240,0.000399864387825729
2241,9.91644226523899E-05
2242,-6.23039017146816E-05
2243,0.00172456965065922
2244,0.00605705204150731
2245,0.0110256557867468
2246,0.0137463602715947
2247,0.0132477006818127
2248,0.0112233525971424
2249,0.00983009226161067
2250,0.0094235122418464
2251,0.00879321444166471
2252,0.00699400479246544
2253,0.00426551512945543
2254,0.00143225420012816
2255,-0.000901901885387222
2256,-0.0025566505957251
2257,-0.00372148734869202
2258,-0.00480006760908957
2259,-0.00590835228373869
2260,-0.00655961979617638
2261,-0.00643672598232297
2262,-0.00656392222603393
2263,-0.0088548308044294
2264,-0.0138127226667832
2265,-0.0191818748098723
2266,-0.0218173905461189
2267,-0.020884041331179
2268,-0.0184474214993115
2269,-0.0168024472301829
2270,-0.0160510855018415
2271,-0.0147384113312548
2272,-0.0121328507824636
2273,-0.00901449591824038
2274,-0.00647741805342595
2275,-0.00480785597831064
2276,-0.00364688313776661
2277,-0.00260935191831008
2278,-0.00150561617505451
2279,-0.000427236357497446
2280,0.000187125942336159
2281,8.72358317983061E-05
2282,0.000102983666030404
2283,0.00187646619483684
2284,0.00600197685148223
2285,0.0107277348266331
2286,0.0133333190887125
2287,0.0128908832728022
2288,0.011020086660026
2289,0.00976032305656398
2290,0.00937871754121665
2291,0.00866663254708137
2292,0.00678713689951633
2293,0.00410915598734237
2294,0.00146619701924952
2295,-0.00068053963313782
2296,-0.00230054449013652
2297,-0.00358391374862984
2298,-0.00480358332191542
2299,-0.00596629806347978
2300,-0.00658775956086255
2301,-0.00641492922544176
2302,-0.00651243166611228
2303,-0.0087900156886768
2304,-0.0137306579801651
2305,-0.0190662326713192
2306,-0.0216596778818268
2307,-0.0206991294058681
2308,-0.0182564567769407
2309,-0.0165937467133132
2310,-0.0157873495439078
2311,-0.0144305185457643
2312,-0.0118793481050727
2313,-0.00891588164732304
2314,-0.00651128075738656
2315,-0.00483736203409955
2316,-0.00356600191735714
2317,-0.00243621002375782
2318,-0.0013188115510727
2319,-0.000271304019371477
2320,0.00028336904380723
2321,5.2313946592184E-05
2322,-0.000118841773261093
2323,0.00155644755039095
2324,0.00580561048184387
2325,0.0108104532735978
2326,0.0136197363125005
2327,0.0131483128333194
2328,0.0110839112962011
2329,0.00965690142564341
2330,0.00924054615679655
2331,0.00856892941921478
2332,0.00668460178814497
2333,0.00391286030705625
2334,0.00116303343682817
2335,-0.000993053734782046
2336,-0.00250567237407572
2337,-0.00367355338737487
2338,-0.0048924581490811
2339,-0.00615993999842276
2340,-0.00685645866469248
2341,-0.00663526744570174
2342,-0.00662290191834586
2343,-0.00885308807877615
2344,-0.0138297580995446
2345,-0.0192054220860399
2346,-0.0218164169825958
2347,-0.0209287947468711
2348,-0.0186506208084957
2349,-0.0171200503278845
2350,-0.0162502991718393
2351,-0.0146534814262886
2352,-0.0118937018068914
2353,-0.00891183868791732
2354,-0.00661294355565038
2355,-0.00498876379237262
2356,-0.00365249020164133
2357,-0.00245396946565276
2358,-0.00136755937202357
2359,-0.000403616394692081
2360,0.000139916518257548
2361,6.29681356264096E-06
2362,-4.63925199016886E-05
2363,0.00167690489922127
2364,0.00590545567592962
2365,0.010880244415804
2366,0.0136808665841412
2367,0.0132148051216274
2368,0.0111691578741227
2369,0.0097806742331534
2370,0.00939105510055345
2371,0.0086767279073236
2372,0.00668249007441193
2373,0.00383079635285268
2374,0.00112443304893294
2375,-0.000891046552260739
2376,-0.00228122381117013
2377,-0.00340756216750329
2378,-0.00462370147232239
2379,-0.00587914690119187
2380,-0.00658502721770889
2381,-0.00643955513700163
2382,-0.00652665536704761
2383,-0.00878631630701107
2384,-0.0137040799502579
2385,-0.0190063383982338
2386,-0.0215791348237549
2387,-0.0206583448082751
2388,-0.0183361317951468
2389,-0.0168238445299529
2390,-0.0160998779721437
2391,-0.0147017906828825
2392,-0.0120385840901665
2393,-0.00900734152318096
2394,-0.00662635656510818
2395,-0.00498673214914384
2396,-0.00365268827232246
2397,-0.00237223875094534
2398,-0.00113536782711299
2399,-7.76501472151065E-05
2400,0.000424303058497238
2401,0.00014782892828944
2402,-8.62978085403396E-05
2403,0.00144945717771822
2404,0.0055416894882256
2405,0.0105323190664098
2406,0.0135238991499409
2407,0.013272395131793
2408,0.011267569143136
2409,0.00973795925625054
2410,0.00923382324151517
2411,0.00861051295688272
2412,0.00684482493063666
2413,0.00412606766436763
2414,0.00132421103588805
2415,-0.000923938346804138
2416,-0.00250268887062763
2417,-0.00369403138513568
2418,-0.00490418659891746
2419,-0.00615005582497082
2420,-0.00683080279103295
2421,-0.0065877797315935
2422,-0.00650873996292811
2423,-0.0086406180540982
2424,-0.0135906227841791
2425,-0.0190798575272228
2426,-0.0218319884598249
2427,-0.0209141552467687
2428,-0.0184301878561773
2429,-0.016778079724689
2430,-0.0160832488912535
2431,-0.0148173235402646
2432,-0.0121954273406924
2433,-0.00903375288268946
2434,-0.00648073421680721
2435,-0.00481250823838901
2436,-0.00362661869981636
2437,-0.0025344214410023
2438,-0.00137541156266792
2439,-0.000252568905304989
2440,0.000383718284464279
2441,0.000226100369497259
2442,6.25518755666206E-05
2443,0.00163014232416798
2444,0.00572517009537769
2445,0.0106816363361241
2446,0.013603404395243
2447,0.013288372120125
2448,0.0112841376541146
2449,0.00982282063827922
2450,0.00938327036463086
2451,0.00875560932858536
2452,0.00694472739219941
2453,0.00422353240065999
2454,0.00147767417259924
2455,-0.000738610534246479
2456,-0.00236906062666771
2457,-0.00363404466306185
2458,-0.00484021317795708
2459,-0.00602333089015902
2460,-0.00671507268729734
2461,-0.00662077372690101
2462,-0.00671182255849031
2463,-0.00886540124081945
2464,-0.0136755189693125
2465,-0.0190259372246559
2466,-0.0217818343873809
2467,-0.0209711617623351
2468,-0.0185452099704048
2469,-0.0168255611917076
2470,-0.0160077336344385
2471,-0.0146724620920124
2472,-0.0120632238585347
2473,-0.00895278468502229
2474,-0.00645339068439357
2475,-0.00483157026997244
2476,-0.00366199009440802
2477,-0.00252582267478662
2478,-0.00128773453070061
2479,-0.000137011163167357
2480,0.00042188925665406
2481,0.000129013320029324
2482,-0.000136975794963088
2483,0.00139271665181572
2484,0.00548523947430236
2485,0.0104573971893959
2486,0.0134151404900047
2487,0.013118294524988
2488,0.0110529433390873
2489,0.00947859248714806
2490,0.00901139835253794
2491,0.00852551844076304
2492,0.00691879959351307
2493,0.00427830711596223
2494,0.0014608700425805
2495,-0.000824506571273639
2496,-0.00241081203651755
2497,-0.00360450660610479
2498,-0.00485241227205203
2499,-0.00615787120418369
2500,-0.00687213943008292
2501,-0.00661338840142842
2502,-0.00647923122224315
2503,-0.00853198231963504
2504,-0.0134058339477724
2505,-0.0188816111657376
2506,-0.0217348784072251
2507,-0.0209956229015658
2508,-0.0186422410806716
2509,-0.0169798348072828
2510,-0.0161771308397268
2511,-0.0148331179179801
2512,-0.0122262813140154
2513,-0.00911397983561284
2514,-0.00655795477101935
2515,-0.00483146812079891
2516,-0.00360145448375617
2517,-0.00252288139357727
2518,-0.00140640976706971
2519,-0.00030664231814407
2520,0.000328343618575171
2521,0.000153392788268074
2522,-6.17424278526537E-05
2523,0.00145915063491756
2524,0.00558141899640189
2525,0.0106662168343482
2526,0.0137534530893889
2527,0.0135247836430988
2528,0.011471592831559
2529,0.00989761689128433
2530,0.00940313652567548
2531,0.00880023548668806
2532,0.00699165048329576
2533,0.00417780163257029
2534,0.00133116665451355
2535,-0.000844376811264135
2536,-0.00229425592260261
2537,-0.00342310281061182
2538,-0.00468230368842127
2539,-0.00602515308211405
2540,-0.00677705138521276
2541,-0.00657211563913489
2542,-0.00651693845320463
2543,-0.00864050737005155
2544,-0.0135325027647583
2545,-0.0189791454210674
2546,-0.0218173614614057
2547,-0.021122807923184
2548,-0.0188344118923095
2549,-0.0171657699491702
2550,-0.0162572314497197
2551,-0.0147996089140539
2552,-0.012193901931435
2553,-0.00921110501056312
2554,-0.0067969921846574
2555,-0.00510497456496383
2556,-0.00379737702956132
2557,-0.00262294960135302
2558,-0.00147748194248076
2559,-0.000425097583235933
2560,0.000134671621976263
2561,-8.67415194702647E-05
2562,-0.000295549158341173
2563,0.00125107942144757
2564,0.00534556783884752
2565,0.0103151744535871
2566,0.0132680094160626
2567,0.0129989920087068
2568,0.0110197704991985
2569,0.0095276189638946
2570,0.00903046400383956
2571,0.00839362031346223
2572,0.00664067304300232
2573,0.00396808219418109
2574,0.00119432811835972
2575,-0.00107965679831055
2576,-0.00269545787759629
2577,-0.00386106121073403
2578,-0.00497737176081631
2579,-0.00613941277720284
2580,-0.00681353786864503
2581,-0.00661085097465849
2582,-0.00652182422717325
2583,-0.00854568718768469
2584,-0.0133681247089711
2585,-0.0188605533266929
2586,-0.0218161553373755
2587,-0.0211855884957296
2588,-0.0188431129044726
2589,-0.0170592448853779
2590,-0.0160778230926784
2591,-0.0146300561065998
2592,-0.0120712173443844
2593,-0.00911081962167618
2594,-0.00668627135737048
2595,-0.0049890307307702
2596,-0.00371001163103856
2597,-0.00258760641454138
2598,-0.0014887373264854
2599,-0.000457115515461181
2600,0.000117057980371036
2601,-5.53492991278651E-05
2602,-0.000203443299397753
2603,0.00137500869507462
2604,0.00545555485951749
2605,0.0104031847685106
2606,0.0133812352914196
2607,0.0131859283936567
2608,0.0112669526844368
2609,0.0097691222516821
2610,0.00921796605399823
2611,0.00853544571945144
2612,0.00676720549900296
2613,0.00408498191765456
2614,0.00129163918899744
2615,-0.000987895558960432
2616,-0.00257936332190721
2617,-0.00373567111505556
2618,-0.00492278970537811
2619,-0.00622123380344328
2620,-0.0069843070640574
2621,-0.00673285473216678
2622,-0.00651401219032048
2623,-0.00848088137300519
2624,-0.0133811791096252
2625,-0.0189717001811977
2626,-0.0219083144956486
2627,-0.0211819974603196
2628,-0.0188430631861217
2629,-0.0172259271961375
2630,-0.0164144514330954
2631,-0.0149564693105677
2632,-0.012245208449406
2633,-0.00919241804042559
2634,-0.00682386516763899
2635,-0.00519884562211032
2636,-0.00385584432245324
2637,-0.00256225272037933
2638,-0.00132589065633718
2639,-0.00025004245471957
2640,0.000317497482508312
2641,0.000102482747847786
2642,-0.000158020475372445
2643,0.00127759779093459
2644,0.00531752525275044
2645,0.010381668819255
2646,0.0135037965390554
2647,0.0133221944067771
2648,0.0113133364670403
2649,0.00978538171260506
2650,0.00931930071462606
2651,0.00870846694275752
2652,0.00689117102244336
2653,0.00412678322416271
2654,0.00137501843149287
2655,-0.000755453333294335
2656,-0.00227717930583959
2657,-0.00354826969107662
2658,-0.00491610518189914
2659,-0.00628151185973653
2660,-0.00698684927291032
2661,-0.00668988472727048
2662,-0.00651035828792474
2663,-0.0085294007896623
2664,-0.0134273051124039
2665,-0.0190187362972448
2666,-0.0220359631231925
2667,-0.0214071537242161
2668,-0.0190476898018623
2669,-0.017298346529808
2670,-0.0164181645369878
2671,-0.0150641001370118
2672,-0.012507811446597
2673,-0.00946675212566122
2674,-0.00696266724198711
2675,-0.00523891792376545
2676,-0.00395594851084195
2677,-0.00280226348805808
2678,-0.00163679679418029
2679,-0.000514441573516412
2680,0.00017311927088335
2681,0.00010415256044285
2682,-3.80835575149826E-05
2683,0.00139899282954887
2684,0.0052825328628516
2685,0.0101408920935239
2686,0.0131853376872054
2687,0.0131004095085399
2688,0.011231912182909
2689,0.00975673866281527
2690,0.00926989223185422
2691,0.00865402121484326
2692,0.00686829259367343
2693,0.00412159444831348
2694,0.00135189970413342
2695,-0.0007985110782699
2696,-0.00231466891955683
2697,-0.00355819984914584
2698,-0.00487789888320265
2699,-0.00617780366780341
2700,-0.00684772803511048
2701,-0.0066101771633876
2702,-0.00656736648383721
2703,-0.00867870013833561
2704,-0.0135231839300966
2705,-0.0189547948381538
2706,-0.0218408328663293
2707,-0.0211932344380396
2708,-0.0188949802413932
2709,-0.0172092653713156
2710,-0.016360747232499
2711,-0.0150275329058452
2712,-0.0125160481023165
2713,-0.00955403157661618
2714,-0.00713178121320215
2715,-0.00542599467984122
2716,-0.00404686761528677
2717,-0.00272051596050095
2718,-0.00143872080948724
2719,-0.000379071371037644
2720,8.7546241500021E-05
2721,-0.00018559387789599
2722,-0.000337689335485527
2723,0.00129503683102465
2724,0.00542253529929718
2725,0.0104155901959905
2726,0.0134696939227975
2727,0.0133526334990708
2728,0.0114498532010374
2729,0.00990229141667062
2730,0.00930493123158753
2731,0.0086324406822628
2732,0.00690527628320649
2733,0.00423515337398499
2734,0.00140145426619433
2735,-0.000944015735361433
2736,-0.00257719219111284
2737,-0.00370424170811466
2738,-0.00478125019671371
2739,-0.00595222192956925
2740,-0.00667746919006378
2741,-0.00651206410890644
2742,-0.00639596898518791
2743,-0.00834469035619585
2744,-0.0131217702219761
2745,-0.0186528198036079
2746,-0.0216918147407152
2747,-0.0211047176970734
2748,-0.0187506424229689
2749,-0.0169822922828626
2750,-0.0161144773793632
2751,-0.0148303757823359
2752,-0.0123551610346996
2753,-0.0093247007302097
2754,-0.00673603976212715
2755,-0.00490741932969869
2756,-0.00359611345845703
2757,-0.00248838829935603
2758,-0.00134781036910412
2759,-0.000192597954392498
2760,0.000478681553608628
2761,0.000236494645470886
2762,-0.000145957283776694
2763,0.00121794341788691
2764,0.00529091432985957
2765,0.0104236928134255
2766,0.0135900160595542
2767,0.0134483064720399
2768,0.0114936183218625
2769,0.00997738996358862
2770,0.00942137411424231
2771,0.00867014623285884
2772,0.00678578866258049
2773,0.00406555044312254
2774,0.00136648575225087
2775,-0.000801031899855685
2776,-0.00239096392409899
2777,-0.00361295478962328
2778,-0.00479089226753087
2779,-0.00599563583774434
2780,-0.00673689129126834
2781,-0.00661944395665471
2782,-0.00654318759311894
2783,-0.00846816026010782
2784,-0.0131911886843252
2785,-0.0187234346933675
2786,-0.0218362790987674
2787,-0.0213221355745907
2788,-0.0189762703870883
2789,-0.0171704783369828
2790,-0.0162740501645371
2791,-0.0149842361711279
2792,-0.0125060702807461
2793,-0.00947410877944102
2794,-0.00690246391181873
2795,-0.00510224045681164
2796,-0.00380361197402654
2797,-0.0026952129124096
2798,-0.00157057731218612
2799,-0.000438992095734855
2800,0.000263550357782092
2801,0.000133943631283158
2802,-0.000132825722270655
2803,0.00124390379717429
2804,0.00522479338000285
2805,0.0102598584865966
2806,0.0133888766170313
2807,0.0132365054715092
2808,0.0112557117364532
2809,0.00974326046789629
2810,0.00929173915863428
2811,0.0087092468497239
2812,0.00691604238543222
2813,0.00411714900150978
2814,0.00124001408214228
2815,-0.00104129795921215
2816,-0.00258888535598937
2817,-0.00367187216560116
2818,-0.00475046766956521
2819,-0.00596855942687391
2820,-0.00677808083539702
2821,-0.00666805701064303
2822,-0.00650374863982612
2823,-0.00833688800193296
2824,-0.0130653855027428
2825,-0.0186734244323357
2826,-0.0218112428860968
2827,-0.0212277777528028
2828,-0.0188230425594146
2829,-0.0170810030587759
2830,-0.0163361552052277
2831,-0.0151558420382956
2832,-0.0126919894224462
2833,-0.00964109524751249
2834,-0.00706801807447719
2835,-0.00524986567262825
2836,-0.00388424704364603
2837,-0.00270634704543965
2838,-0.00156392468162933
2839,-0.000436726008099017
2840,0.000288182367271932
2841,0.000155586447835578
2842,-0.000237520034314766
2843,0.000936278673508052
2844,0.00485216348388016
2845,0.0100943821284297
2846,0.0135487210555121
2847,0.0135416197303342
2848,0.0114284399759735
2849,0.00971288879002181
2850,0.00923238660236077
2851,0.00879390295411291
2852,0.00712219388499556
2853,0.0043070860990879
2854,0.00135249161485871
2855,-0.000962701727262115
2856,-0.00252711459858151
2857,-0.00369061418199453
2858,-0.0048828913178394
2859,-0.00612723960690416
2860,-0.00684623636256951
2861,-0.00664834088886797
2862,-0.00650633255529716
2863,-0.00842962354862266
2864,-0.0132096906901281
2865,-0.0188211579075532
2866,-0.0219842475439093
2867,-0.0214495463995095
2868,-0.0190311972959276
2869,-0.0171859579076425
2870,-0.0163420782460268
2871,-0.0151448685778176
2872,-0.0126947572547546
2873,-0.00960933027609841
2874,-0.00699282129812564
2875,-0.00521200223663321
2876,-0.00392384067810661
2877,-0.0027220987966237
2878,-0.00144616065624166
2879,-0.000265595809195424
2880,0.000305892700360123
2881,-2.58290254612142E-05
2882,-0.000395160074983222
2883,0.00102679556376859
2884,0.00510914663883556
2885,0.0102037550769805
2886,0.0133395475291585
2887,0.0131849204898301
2888,0.0112196332551185
2889,0.00973375342787115
2890,0.00930444909623338
2891,0.00873650350078081
2892,0.00696712552092281
2893,0.00423012541600823
2894,0.00145153359855772
2895,-0.000762140581234871
2896,-0.00235675023707646
2897,-0.00358748662066277
2898,-0.0047833273913681
2899,-0.00598854703595497
2900,-0.00672783592699288
2901,-0.00664922570013386
2902,-0.00663685734010668
2903,-0.00857405725808468
2904,-0.0132298801857128
2905,-0.018692460043398
2906,-0.0218204548655293
2907,-0.021392872318368
2908,-0.019120078444344
2909,-0.0173298043776681
2910,-0.0164215666821267
2911,-0.015130781487969
2912,-0.0126651056420014
2913,-0.00965594048337765
2914,-0.00712980564787523
2915,-0.00538870599511894
2916,-0.0041128932242297
2917,-0.00295455438498487
2918,-0.0017403018134421
2919,-0.000548049800629964
2920,0.000162570770476274
2921,2.33312400862569E-05
2922,-0.000238337856078984
2923,0.00115399022028588
2924,0.00515443507121774
2925,0.0102301400357711
2926,0.0134250479906138
2927,0.013321638307186
2928,0.011327344391159
2929,0.00975641422682135
2930,0.00926941395415424
2931,0.00871332515112697
2932,0.00698520243663268
2933,0.00425503582193509
2934,0.00144261436675319
2935,-0.000790803837825877
2936,-0.00235497581167165
2937,-0.00354870242276286
2938,-0.004778128171836
2939,-0.00608886637232251
2940,-0.00690179873120607
2941,-0.00676776228440215
2942,-0.00660831705888177
2943,-0.00845383404870025
2944,-0.013164761635029
2945,-0.0187571344539507
2946,-0.0219379306583211
2947,-0.0214254440211641
2948,-0.0190121854805377
2949,-0.0171430170516068
2950,-0.0162554939586138
2951,-0.0150447962821516
2952,-0.0126630364899681
2953,-0.00969719790169207
2954,-0.00713914597981897
2955,-0.00529767971568499
2956,-0.00393005823114722
2957,-0.00277824260705876
2958,-0.0016643391229309
2959,-0.000561189166829797
2960,0.000148207424427024
2961,4.66424302987108E-05
2962,-0.000237427724910934
2963,0.00106666157220531
2964,0.0050051448527682
2965,0.0101019823677148
2966,0.0133553052779291
2967,0.0132890914456626
2968,0.0113310985922985
2969,0.0098404278229045
2970,0.00944424311607606
2971,0.00890643329288336
2972,0.0071141212759939
2973,0.00432021794386171
2974,0.00149927015653946
2975,-0.000732220669283822
2976,-0.00233719828668895
2977,-0.0035731922239196
2978,-0.00477020965453899
2979,-0.00599477253016502
2980,-0.00676987531653956
2981,-0.00667196891954704
2982,-0.00651675198371617
2983,-0.00825263332366306
2984,-0.0128321470540218
2985,-0.0184457376708973
2986,-0.0218255014468041
2987,-0.0215126186958645
2988,-0.0191312327301942
2989,-0.0171682573636688
2990,-0.0162419528321377
2991,-0.0151247606367719
2992,-0.0128543141209639
2993,-0.00987824757614306
2994,-0.00720689541196209
2995,-0.00528178614825451
2996,-0.00392223273388651
2997,-0.00279955536966789
2998,-0.00166279079028298
2999,-0.000523285267574771
3000,0.000149396529137874
3001,-6.47043208027084E-05
3002,-0.000451821485946399
3003,0.000821360101547214
3004,0.0047894698917263
3005,0.00994862155411891
3006,0.0132915757685789
3007,0.0133118424384603
3008,0.0113585120464944
3009,0.00974916031249895
3010,0.00918874054628584
3011,0.00857645977412178
3012,0.00685370850891639
3013,0.00420827491404251
3014,0.00151665772864546
3015,-0.000662814320681427
3016,-0.00231598816988801
3017,-0.00369009533376849
3018,-0.00503932074484287
3019,-0.00631539852736703
3020,-0.0070028183732267
3021,-0.00677578962205193
3022,-0.00657942087576242
3023,-0.00837578176459076
3024,-0.0130166478392753
3025,-0.0186139367443005
3026,-0.0219281307183983
3027,-0.0215806407906676
3028,-0.0192332231070026
3029,-0.0173412532889877
3030,-0.0164586910609684
3031,-0.0153129106210366
3032,-0.0129585076558446
3033,-0.00991845113936801
3034,-0.00725957914862852
3035,-0.00538765307811391
3036,-0.00403769193081834
3037,-0.00286660891673294
3038,-0.00169287411042156
3039,-0.000555799737658739
3040,0.00015134153023695
3041,6.37343858736919E-05
3042,-0.000200359300885932
3043,0.00104016107369835
3044,0.00482038443615269
3045,0.0098096353798457
3046,0.0131401208449254
3047,0.0132660879705478
3048,0.0114130195242562
3049,0.00985144199260011
3050,0.00932469089453227
3051,0.00875761738539032
3052,0.00706485698961537
3053,0.00439406028131434
3054,0.00160221517818222
3055,-0.000726486648667159
3056,-0.00247813719000382
3057,-0.00377914694035018
3058,-0.00490152507665709
3059,-0.00602016703325691
3060,-0.00683604449618862
3061,-0.00694585086611911
3062,-0.00696412314280047
3063,-0.00864640443892522
3064,-0.0130003835123622
3065,-0.0184412756062132
3066,-0.0218120071414184
3067,-0.0215581622300481
3068,-0.0191926318740853
3069,-0.0172265178216086
3070,-0.0163372976281044
3071,-0.0152497546114301
3072,-0.0129190245463794
3073,-0.00983576595159145
3074,-0.00714078887581577
3075,-0.00529754573556046
3076,-0.00399439226459296
3077,-0.00280907425178682
3078,-0.00157322112474127
3079,-0.000435247494204724
3080,0.00014228734233948
3081,-0.000126057914036752
3082,-0.00046382150599186
3083,0.000862485776322609
3084,0.00476626255631386
3085,0.00977148734394269
3086,0.0130193252876381
3087,0.0130924602770032
3088,0.0112764883777679
3089,0.00976955322072269
3090,0.0092434247960836
3091,0.00865061273815969
3092,0.00694830780826228
3093,0.0042532538245691
3094,0.00140153962072704
3095,-0.000938046039374423
3096,-0.00257365401071191
3097,-0.00372630301186839
3098,-0.00483990084676327
3099,-0.00606780277983255
3100,-0.00688718200930874
3101,-0.00679764056869842
3102,-0.00662529095065739
3103,-0.0083640960857766
3104,-0.0129361051428863
3105,-0.0184661925963442
3106,-0.0217262167421291
3107,-0.0213994470361868
3108,-0.0191680748962093
3109,-0.0173814043297585
3110,-0.0164713984919812
3111,-0.0152008024941203
3112,-0.0127780237676954
3113,-0.00978653274271471
3114,-0.00719470227997345
3115,-0.00532376023990433
3116,-0.00396330597512659
3117,-0.00284964586608584
3118,-0.00176096676112418
3119,-0.000651209068172776
3120,6.07006500066663E-05
3121,-8.10964908679588E-05
3122,-0.000435816815792341
3123,0.000811823680403476
3124,0.00473958779127131
3125,0.00988699095861726
3126,0.0132592249106297
3127,0.013341588154855
3128,0.0114607569046621
3129,0.0099071026287376
3130,0.00939267651223826
3131,0.00886440948133642
3132,0.00726251078575748
3133,0.00465570883408542
3134,0.00179999848062758
3135,-0.000662238933462616
3136,-0.00244910825236723
3137,-0.00366820838122061
3138,-0.00477431625769862
3139,-0.00603942276142869
3140,-0.00698283564145678
3141,-0.00698191045181461
3142,-0.00673155732081128
3143,-0.00827961952281797
3144,-0.0127418614695469
3145,-0.0183417447471868
3146,-0.0217435237382079
3147,-0.0214649288164209
3148,-0.0191579402531853
3149,-0.0172722414458505
3150,-0.0163183834619073
3151,-0.0150426245426461
3152,-0.0126110204590245
3153,-0.00961153417717006
3154,-0.00704190515673858
3155,-0.00523004236976017
3156,-0.00395519711743768
3157,-0.00294201085121378
3158,-0.00192865471579769
3159,-0.000794989259464161
3160,6.42722322033894E-05
3161,8.34381227314908E-05
3162,-0.000266694963104087
3163,0.000791618915932778
3164,0.00450319872038241
3165,0.00960890275503836
3166,0.0131293581322108
3167,0.0133786420491282
3168,0.011530882472049
3169,0.00988883000344034
3170,0.00927698487849556
3171,0.00871077792464082
3172,0.0071191008789325
3173,0.00454067494092527
3174,0.00171260695740466
3175,-0.000747697814089749
3176,-0.00256982669273386
3177,-0.00380932163155697
3178,-0.00483807237018285
3179,-0.00593075658696665
3180,-0.00673287309479092
3181,-0.00674038815927337
3182,-0.00661834751445995
3183,-0.00828167988443893
3184,-0.012777047193982
3185,-0.0183736485252312
3186,-0.0217785672164458
3187,-0.021469914358859
3188,-0.019068437926574
3189,-0.0171032279425797
3190,-0.0161980165026015
3191,-0.0150859977673871
3192,-0.0127991326715333
3193,-0.00984103045201072
3194,-0.00725325590296216
3195,-0.00541204706904795
3196,-0.00403943841063974
3197,-0.00280164728104539
3198,-0.00154108879925094
3199,-0.000343960244092875
3200,0.000336164601286958
3201,0.00012756611599535
3202,-0.000252221361205429
3203,0.00100924488544946
3204,0.00495922460251001
3205,0.0101247737351368
3206,0.0134926606010289
3207,0.0135260983629044
3208,0.0115854000635395
3209,0.0100376275766331
3210,0.0095935926031211
3211,0.00908345210182133
3212,0.00737643137230816
3213,0.00465704831550321
3214,0.00184723289873159
3215,-0.000449077642563331
3216,-0.00216929180526288
3217,-0.00351255321699577
3218,-0.00475379318707618
3219,-0.005971409271324
3220,-0.00676177242494004
3221,-0.00673071719253619
3222,-0.00661330994329266
3223,-0.00826956568998865
3224,-0.012707101948131
3225,-0.0182838794769669
3226,-0.0218097207501037
3227,-0.0217121210257004
3228,-0.019448724504172
3229,-0.0174676427610778
3230,-0.0164637517600657
3231,-0.0152669293264595
3232,-0.0129134617949784
3233,-0.0098663576330021
3234,-0.00718544089081643
3235,-0.00531781474187133
3236,-0.0040168443969114
3237,-0.00289535692429409
3238,-0.0017042607658872
3239,-0.000471968009149737
3240,0.000324336678586579
3241,0.000201296033621564
3242,-0.000256651823161309
3243,0.00073764521241063
3244,0.00438272962507696
3245,0.00942369642824053
3246,0.0129244764660202
3247,0.013213394371503
3248,0.0114565202003994
3249,0.00996088450185246
3250,0.00952350370909965
3251,0.0090573180675673
3252,0.00740842945697258
3253,0.00468683259724426
3254,0.00180017444097591
3255,-0.000581692705190558
3256,-0.00232891046366423
3257,-0.00363889541206207
3258,-0.00483246918109102
3259,-0.00601565830939331
3260,-0.00676909961853807
3261,-0.00668079896622468
3262,-0.00651122873598861
3263,-0.00816968991102661
3264,-0.0126725358586021
3265,-0.0183239340486025
3266,-0.0218718957559442
3267,-0.0217365380705036
3268,-0.0194184536160409
3269,-0.0174100269968483
3270,-0.0164327887946477
3271,-0.0153357569577477
3272,-0.013150500901269
3273,-0.0102724109611245
3274,-0.00765323531506018
3275,-0.00569234138092494
3276,-0.00422037201912902
3277,-0.00298584340834971
3278,-0.00180316242827877
3279,-0.00064929344796688
3280,8.67213933167507E-05
3281,-3.7908574398193E-05
3282,-0.000445705894919281
3283,0.000640613550450286
3284,0.00441235473450461
3285,0.00957573411509805
3286,0.0131218673475583
3287,0.013333377253809
3288,0.011423866959399
3289,0.00982650882326488
3290,0.00943948091446258
3291,0.0091548955861028
3292,0.00769290554210815
3293,0.00505645472202632
3294,0.00216185007818564
3295,-0.00023249157088372
3296,-0.00194418188973485
3297,-0.00320547299551373
3298,-0.00439747794854848
3299,-0.00563673082199404
3300,-0.00646602120701238
3301,-0.00643357296861193
3302,-0.00627293083018918
3303,-0.00787008464675145
3304,-0.0122448702546846
3305,-0.0177707757500512
3306,-0.0213051101367146
3307,-0.0213142605246595
3308,-0.0192100906820745
3309,-0.017321594526009
3310,-0.0162794353230911
3311,-0.0149985398648317
3312,-0.0126612470626153
3313,-0.00975113567702202
3314,-0.00718535157675505
3315,-0.00528928321859279
3316,-0.00388388163465816
3317,-0.0027481799762632
3318,-0.00165935459611856
3319,-0.00048480603489997
3320,0.000419193107768147
3321,0.000464570337611794
3322,3.86062652173505E-05
3323,0.000916062587572505
3324,0.00449398041401913
3325,0.00965319494745673
3326,0.0133344658609132
3327,0.0136412144999131
3328,0.0117088534152345
3329,0.0100446311773577
3330,0.00961842773978319
3331,0.0092862621354717
3332,0.00770340176629891
3333,0.00489242249612791
3334,0.00185719142977558
3335,-0.000582819523287988
3336,-0.00224954100978634
3337,-0.00342464213662085
3338,-0.00456445855176242
3339,-0.00584901965092338
3340,-0.00679392622900503
3341,-0.00681114335059207
3342,-0.00652764678479512
3343,-0.00791288023460958
3344,-0.0121997442480697
3345,-0.017849471107147
3346,-0.0215611746866095
3347,-0.0215959318657668
3348,-0.0193745048389293
3349,-0.0174177414053432
3350,-0.0164559225676548
3351,-0.0152786493479726
3352,-0.0129027373903161
3353,-0.00983442618869692
3354,-0.00715964707524077
3355,-0.00528819764123559
3356,-0.00395165278975246
3357,-0.00282062692382986
3358,-0.00170334747378584
3359,-0.000585560424137987
3360,0.000141523297684706
3361,-3.41670333303207E-06
3362,-0.000494155823766017
3363,0.000490084009394518
3364,0.00428469895559843
3365,0.00966531606355634
3366,0.0134821491118973
3367,0.0137914834136031
3368,0.0117423517987355
3369,0.00991207798232277
3370,0.00935491127884961
3371,0.00897732571238868
3372,0.00744278670269721
3373,0.00475908948155851
3374,0.00188947080292877
3375,-0.000429599377697623
3376,-0.00210822360744763
3377,-0.00342583825116827
3378,-0.0047101688954755
3379,-0.0059983910114862
3380,-0.00681017077125566
3381,-0.00671927004179803
3382,-0.00649572393194544
3383,-0.00807185718568477
3384,-0.0125088804711537
3385,-0.0181502986982369
3386,-0.0217342875319081
3387,-0.0216417215890932
3388,-0.0193697450912851
3389,-0.0174417236996626
3390,-0.0165617756205975
3391,-0.0154906192909292
3392,-0.0132101313642143
3393,-0.0102015789162658
3394,-0.00756050441515094
3395,-0.00572170884520401
3396,-0.00441034827465518
3397,-0.00325733043061756
3398,-0.0020472125661793
3399,-0.000783921620580721
3400,0.000108339287596274
3401,0.000118157812175746
3402,-0.000276997806307948
3403,0.000679539926271976
3404,0.00431461676147437
3405,0.00950520828527191
3406,0.0132477979582966
3407,0.0136557087130068
3408,0.0117956306422378
3409,0.0101119391689441
3410,0.00959550190755124
3411,0.00918684145649721
3412,0.00761475611542379
3413,0.00490920991737355
3414,0.00200100337140694
3415,-0.000403313906273417
3416,-0.00217976005114518
3417,-0.00352557586849189
3418,-0.00473862567194696
3419,-0.00594281105476101
3420,-0.00677337602037458
3421,-0.00679048657520799
3422,-0.00661373034473684
3423,-0.00808014138234056
3424,-0.0123612597784551
3425,-0.0179984412592581
3426,-0.0217591909040675
3427,-0.0218302290901556
3428,-0.0195210682787756
3429,-0.0173907857135726
3430,-0.016332241896231
3431,-0.0152096316888611
3432,-0.0129360875302048
3433,-0.00989711116817315
3434,-0.00720586975507551
3435,-0.00537290039383255
3436,-0.00411655776292786
3437,-0.00297578854533036
3438,-0.00170201130753572
3439,-0.000403807113909397
3440,0.000364551495458983
3441,0.000103255445877564
3442,-0.000547950641372945
3443,0.000323007045950035
3444,0.00405599835408774
3445,0.00941771270448032
3446,0.0132804081956705
3447,0.0136928643190732
3448,0.0117331570862238
3449,0.00992517366484459
3450,0.00936030237622484
3451,0.00900466191462356
3452,0.00749489454718309
3453,0.00476249642094111
3454,0.00178345377475888
3455,-0.000589539796881542
3456,-0.00220492299860534
3457,-0.00343319018363236
3458,-0.00472467175818258
3459,-0.00610122619080537
3460,-0.00695937194659191
3461,-0.00681658550815988
3462,-0.00651005871929774
3463,-0.00803957525113906
3464,-0.0124486706598562
3465,-0.0180588215759714
3466,-0.0216639209539292
3467,-0.0216938100207879
3468,-0.0195647838574774
3469,-0.0176572393481431
3470,-0.0166636084237399
3471,-0.0154895578891451
3472,-0.0132098798753038
3473,-0.0102031738508787
3474,-0.00741882261481111
3475,-0.00534385649952538
3476,-0.00392370587435561
3477,-0.00289255291077686
3478,-0.00187480647684276
3479,-0.000654261525614502
3480,0.000347271142192637
3481,0.000421981937618511
3482,-7.94380823917207E-05
3483,0.000683760841830783
3484,0.00418159259743212
3485,0.00929962473662301
3486,0.0129491005423129
3487,0.0132471959435867
3488,0.0113814954848446
3489,0.0098539208244555
3490,0.0095272860340696
3491,0.00916042040363495
3492,0.00747134973562232
3493,0.00466937757150313
3494,0.00183654208954953
3495,-0.00037751645665428
3496,-0.00203163146125801
3497,-0.0033992767174679
3498,-0.00466025149367873
3499,-0.00578855159552039
3500,-0.00644109911976434
3501,-0.00635694427610005
3502,-0.00627349297119152
3503,-0.00793293927209852
3504,-0.0123055123239268
3505,-0.017861856419743
3506,-0.0215091687534294
3507,-0.0216132126334955
3508,-0.0194905804022294
3509,-0.0175325830442984
3510,-0.0164868980158569
3511,-0.0152496980563519
3512,-0.0128802714487731
3513,-0.00983992470712597
3514,-0.00717243808777138
3515,-0.0052936276168809
3516,-0.00395148403042137
3517,-0.00281496127881544
3518,-0.00168586083816506
3519,-0.00054006959915132
3520,0.000255438495187295
3521,0.000220350389391814
3522,-0.000196534936901013
3523,0.000712465800857163
3524,0.0042752690175303
3525,0.00942563449996987
3526,0.0131979518817867
3527,0.0136673312345288
3528,0.0118292247070916
3529,0.0101138858374229
3530,0.00956963496800418
3531,0.00918093292058166
3532,0.0076393325561819
3533,0.00490959006380842
3534,0.00193219597612937
3535,-0.000503322327129237
3536,-0.00223621429843243
3537,-0.00353524869485407
3538,-0.00477441738221242
3539,-0.00603068566180568
3540,-0.00682471115521174
3541,-0.00671431229227678
3542,-0.00645872527210618
3543,-0.00798346930419403
3544,-0.012361838873146
3545,-0.0179997628077469
3546,-0.0217176789429372
3547,-0.0218810915567379
3548,-0.0198103911486407
3549,-0.0178300819744602
3550,-0.0166622209632547
3551,-0.0153353157408603
3552,-0.0130677264295148
3553,-0.0102633571019318
3554,-0.0077138760245397
3555,-0.00569753489818295
3556,-0.00411701459719186
3557,-0.00287627157962648
3558,-0.00179123656838488
3559,-0.000660902633375192
3560,0.000226672100886656
3561,0.000261646391951352
3562,-0.00023256745431338
3563,0.000529226687929244
3564,0.004048229374168
3565,0.00928777611044686
3566,0.0131446326753517
3567,0.0135909352281522
3568,0.0116759094557502
3569,0.00993041577413638
3570,0.00939973799957751
3571,0.00898934674333712
3572,0.00737667123808755
3573,0.00461341999092658
3574,0.00171792439115082
3575,-0.000547171955824915
3576,-0.0021159726593774
3577,-0.00332832952939619
3578,-0.00457269178367843
3579,-0.00590768012961775
3580,-0.00681127177300012
3581,-0.0067719630044943
3582,-0.00649562093189932
3583,-0.00793325015488721
3584,-0.0122467642366851
3585,-0.0178924985728276
3586,-0.0216476526819463
3587,-0.0218161220284216
3588,-0.0197368799316868
3589,-0.0178005013971286
3590,-0.0167188956566862
3591,-0.0154137615279992
3592,-0.0130370521603078
3593,-0.0100804283305531
3594,-0.00749509823363062
3595,-0.00560849935587921
3596,-0.00421102192918575
3597,-0.00306805110158175
3598,-0.00197178963432859
3599,-0.000801684295208945
3600,8.43280946656615E-05
3601,8.6671636122523E-05
3602,-0.000410569423945204
3603,0.000420213285065043
3604,0.00406397716369447
3605,0.00941538702266071
3606,0.0132971847328888
3607,0.013664362041007
3608,0.0116286739642311
3609,0.00981726819136574
3610,0.00933428454875971
3611,0.00907670973252315
3612,0.00765837128683331
3613,0.00503274044182224
3614,0.0021228553047837
3615,-0.000317891627140825
3616,-0.00209026072379107
3617,-0.003347987153304
3618,-0.00444300760287371
3619,-0.0056180860470173
3620,-0.00655543197262324
3621,-0.00671017834605109
3622,-0.00654572685896117
3623,-0.00786752920004581
3624,-0.0119745620374896
3625,-0.0175530277879939
3626,-0.0213964705851594
3627,-0.0216139511153379
3628,-0.0194367891896474
3629,-0.0173971349215886
3630,-0.0163925230607636
3631,-0.0152999543819146
3632,-0.0130442209996328
3633,-0.0100045414403917
3634,-0.0072686495452235
3635,-0.00535580246373784
3636,-0.00406650888557569
3637,-0.00301624128478404
3638,-0.0018935779496068
3639,-0.000625228466225782
3640,0.000319197537951537
3641,0.000283134771600251
3642,-0.000332132788303508
3643,0.000353762637500549
3644,0.00389027366700518
3645,0.00922695358950023
3646,0.0131897933565414
3647,0.0136702507090076
3648,0.011701306314555
3649,0.00987590746243514
3650,0.00930845243658701
3651,0.0089198329546958
3652,0.00736902932351918
3653,0.00469061675557295
3654,0.00186835585528332
3655,-0.000396431247746262
3656,-0.00204917153398416
3657,-0.00332548857812014
3658,-0.0044913534418634
3659,-0.00564118059300678
3660,-0.00643830645653923
3661,-0.00646902359389661
3662,-0.0063011760038669
3663,-0.00769141329189035
3664,-0.0118282168775545
3665,-0.0173851233305334
3666,-0.0212369799192533
3667,-0.0215291435995152
3668,-0.0194315411664912
3669,-0.0174153397375549
3670,-0.0163967401899719
3671,-0.0152987326616456
3672,-0.0130456010905759
3673,-0.00999701379558539
3674,-0.00725756895955206
3675,-0.00536671888262507
3676,-0.00409130253253872
3677,-0.00300822730055606
3678,-0.00185029333729911
3679,-0.000621203549023667
3680,0.000247534455974987
3681,0.000247307663077006
3682,-0.000172672588293873
3683,0.000694520335579523
3684,0.00418925593367958
3685,0.00928156114893254
3686,0.0130216574859852
3687,0.0134486795048599
3688,0.0115256794628188
3689,0.00972302645225792
3690,0.00916437558702196
3691,0.00884704804079325
3692,0.00740701951177937
3693,0.00477897036131696
3694,0.00193355007383375
3695,-0.000335566764453766
3696,-0.00194585954551842
3697,-0.00324541111517109
3698,-0.00458998398099332
3699,-0.00597700436431018
3700,-0.00688167079247771
3701,-0.00684041452379308
3702,-0.00654715034695923
3703,-0.00787021811909686
3704,-0.0119687335386295
3705,-0.0174522874180421
3706,-0.0212413807235184
3707,-0.0215776318735775
3708,-0.0196030300650764
3709,-0.0176283579629707
3710,-0.0164797293488258
3711,-0.0151994943659385
3712,-0.0129084912264722
3713,-0.00999657849794359
3714,-0.00739175639978655
3715,-0.00546472143611057
3716,-0.00401684873799469
3717,-0.00280380436595665
3718,-0.00166509117175414
3719,-0.000543806895085176
3720,0.000235066276897776
3721,0.000168167993385911
3722,-0.000366371157303097
3723,0.000335410327546131
3724,0.0037277133814358
3725,0.00888847271859303
3726,0.0128361801940424
3727,0.01346857207944
3728,0.0116480656023245
3729,0.00986686783479027
3730,0.00932320395582636
3731,0.00903200406148207
3732,0.0075782072280259
3733,0.00485611504784209
3734,0.0018665863310013
3735,-0.000516498914395123
3736,-0.00214318180835381
3737,-0.00335365414206898
3738,-0.00456126854904384
3739,-0.00585010296713012
3740,-0.00674688899307804
3741,-0.0067630175674956
3742,-0.0065241938837699
3743,-0.00786767207528957
3744,-0.0119886062529294
3745,-0.0175339415801121
3746,-0.0213864064998332
3747,-0.0217031838178245
3748,-0.0196080759634208
3749,-0.0175126699264948
3750,-0.0163714201389101
3751,-0.0152425556858056
3752,-0.0131259531077359
3753,-0.0102765198153663
3754,-0.00760935607154949
3755,-0.00560503186228651
3756,-0.00417115346783036
3757,-0.00305420270724328
3758,-0.00198713501220633
3759,-0.000827369298426445
3760,7.86418573898326E-05
3761,0.000127411465235533
3762,-0.000379070205900429
3763,0.000278751879047089
3764,0.0036364517357824
3765,0.00883509714670898
3766,0.012876500830253
3767,0.0135759568319079
3768,0.0117229075616503
3769,0.00981518409099086
3770,0.00913812906718737
3771,0.00880724238677606
3772,0.00744085066456889
3773,0.00487326950762688
3774,0.00199836843063461
3775,-0.000382921143009778
3776,-0.00210363972456547
3777,-0.0034098326788516
3778,-0.00462283027647587
3779,-0.00581826718465077
3780,-0.00660190159890046
3781,-0.00657122609256317
3782,-0.00636970594574789
3783,-0.00779536420268925
3784,-0.0120090188567207
3785,-0.0176455373752538
3786,-0.0215617477482085
3787,-0.0218702147336808
3788,-0.0196888705871209
3789,-0.0174920165426568
3790,-0.0163028670655134
3791,-0.015178152564201
3792,-0.0130677603850857
3793,-0.0102127213062999
3794,-0.00756168799204082
3795,-0.00559719658395771
3796,-0.004164186749094
3797,-0.0029722949753268
3798,-0.00183167213119468
3799,-0.000720754827620723
3800,1.67555463693102E-05
3801,-5.50148820037876E-05
3802,-0.000476520215304747
3803,0.00042307434034688
3804,0.00395438834382839
3805,0.00909843938421975
3806,0.0129345341274432
3807,0.0134926130117562
3808,0.0116700605961398
3809,0.00987988931698307
3810,0.00928027482192476
3811,0.00897265109969836
3812,0.00762865787099844
3813,0.00507113850098635
3814,0.00213434354875547
3815,-0.000350222059215692
3816,-0.00209196787330918
3817,-0.00330264206648629
3818,-0.00444782927422268
3819,-0.00574107174626566
3820,-0.00670711348008036
3821,-0.00673119956278225
3822,-0.0063944391877234
3823,-0.00765174014859633
3824,-0.0118099042497331
3825,-0.0174669477364282
3826,-0.0213863864180231
3827,-0.0217174460752031
3828,-0.0196780473238917
3829,-0.017707856027891
3830,-0.0166691861090293
3831,-0.0155416594534722
3832,-0.0133614990071311
3833,-0.0104593914104747
3834,-0.00775642025975223
3835,-0.00569936471608472
3836,-0.00421480166583438
3837,-0.00310247147055763
3838,-0.00208568999026668
3839,-0.000947076126406001
3840,-8.78375428258875E-07
3841,9.64380979950486E-05
3842,-0.000396351038434594
3843,0.000287112972004773
3844,0.00375126074250167
3845,0.00911112066188835
3846,0.0132579222694854
3847,0.0139351278262436
3848,0.0119693583612158
3849,0.00995153241848832
3850,0.00923055672705598
3851,0.00892899415663136
3852,0.00763277589284217
3853,0.0051277434051192
3854,0.00227545452648425
3855,-0.000110817363470139
3856,-0.0018310446890767
3857,-0.00313884551848791
3858,-0.00440748664744555
3859,-0.00572598145698067
3860,-0.00662072294885243
3861,-0.00659356126737845
3862,-0.00629521615960947
3863,-0.00762776418975971
3864,-0.0118243098744301
3865,-0.0174867654894148
3866,-0.0214083689957021
3867,-0.021710339528877
3868,-0.0195744852787973
3869,-0.0174926952909516
3870,-0.0164209605329236
3871,-0.0153340647645401
3872,-0.0131680365951975
3873,-0.0102236503286332
3874,-0.0075227778855875
3875,-0.00557510993170328
3876,-0.0041911710106114
3877,-0.00301584622971582
3878,-0.00181838783374909
3879,-0.000597242361303459
3880,0.0002333141089438
3881,0.000164044500027733
3882,-0.000370292351764546
3883,0.000350419712153453
3884,0.00374043230880651
3885,0.00886736101455932
3886,0.0128054935567627
3887,0.0134948360105159
3888,0.0117539866894031
3889,0.00999602278980829
3890,0.00940701266262168
3891,0.00906804630164483
3892,0.00762513377873839
3893,0.00497195285291658
3894,0.00206736631817693
3895,-0.000259538808837811
3896,-0.0018919689749466
3897,-0.0031722588853643
3898,-0.00446277770857726
3899,-0.00577405218455514
3900,-0.00661514843540926
3901,-0.00655903415267815
3902,-0.00629642770384933
3903,-0.00766418948055864
3904,-0.0118259711354219
3905,-0.0174340691760471
3906,-0.0213952027563
3907,-0.0218387864343622
3908,-0.0198174443991635
3909,-0.0177154271994142
3910,-0.0165311010225043
3911,-0.0153625455842785
3912,-0.0131936257823348
3913,-0.0102627126101246
3914,-0.00752522025069054
3915,-0.00551096751319188
3916,-0.00410710104666183
3917,-0.00299279556315058
3918,-0.00187798985251261
3919,-0.000660627783764698
3920,0.000274123712737672
3921,0.000318398865748741
3922,-0.000230621755258359
3923,0.000333380254143391
3924,0.0035719606020788
3925,0.00869504730405255
3926,0.0127393510818255
3927,0.0134822591956376
3928,0.0116775234103633
3929,0.00985307670491137
3930,0.00931547435517317
3931,0.00909396913091849
3932,0.00768593602515496
3933,0.00495199976423832
3934,0.00197165491111655
3935,-0.000334994503788165
3936,-0.00192024882694706
3937,-0.00325182052098893
3938,-0.0046953015611581
3939,-0.00613389613392845
3940,-0.00696908482987992
3941,-0.00678979000829024
3942,-0.00638150577210357
3943,-0.00765417642458848
3944,-0.0117806972423209
3945,-0.0173824310999604
3946,-0.0213381126978757
3947,-0.0217838470101467
3948,-0.0198078163881458
3949,-0.0178071195753227
3950,-0.0167290565946487
3951,-0.0155990181321003
3952,-0.0133989237754015
3953,-0.010449034810751
3954,-0.00776496270412519
3955,-0.00582857987613472
3956,-0.00443188392184943
3957,-0.00324292926427735
3958,-0.00206056491351145
3959,-0.000850411747317263
3960,4.20336605062768E-05
3961,9.32345336640448E-05
3962,-0.000381568384359249
3963,0.000270772294240446
3964,0.00357535963408368
3965,0.00876259413879907
3966,0.012888631973364
3967,0.0136919180234035
3968,0.0118609792798548
3969,0.00991323768024972
3970,0.00922709899219855
3971,0.00893121184899184
3972,0.00756638715649298
3973,0.0049411181042223
3974,0.00202837821274936
3975,-0.000311863450713651
3976,-0.00197314882700707
3977,-0.00329534043803309
3978,-0.00459255963643355
3979,-0.00585314747273493
3980,-0.00663676921220486
3981,-0.00656226643206307
3982,-0.0062837657319876
3983,-0.00758357707437691
3984,-0.0116619545072019
3985,-0.0172634245468899
3986,-0.0213055699533285
3987,-0.0218295455812591
3988,-0.0198379256947218
3989,-0.0177757056062601
3990,-0.0166971815724944
3991,-0.0156306236827561
3992,-0.0134403352425471
3993,-0.0103676680133636
3994,-0.00750315450214358
3995,-0.00547315671903408
3996,-0.00411620432908386
3997,-0.00301475970582039
3998,-0.00187198077774964
3999,-0.000648524178732621
4000,0.000261029605100137
4001,0.000315657732640616
4002,-0.000155708088053277
4003,0.00048245819056419
4004,0.00370944755935024
4005,0.00876731064896792
4006,0.0128126121943643
4007,0.0136707856670473
4008,0.0119895394144001
4009,0.0101541051112287
4010,0.00947030402867537
4011,0.00911691528493357
4012,0.00770584687540585
4013,0.00503557148412508
4014,0.00204187732916834
4015,-0.000367180041573184
4016,-0.00198912274947851
4017,-0.00317964009712153
4018,-0.00440773102614596
4019,-0.00575957023891974
4020,-0.00667968602744002
4021,-0.00659668770775813
4022,-0.0061674520349164
4023,-0.00738345090053162
4024,-0.0115792170030051
4025,-0.0173743939792788
4026,-0.0214774083257633
4027,-0.0219123049511651
4028,-0.019839799149997
4029,-0.0177816351261231
4030,-0.0166949272885749
4031,-0.0155346454218171
4032,-0.0132694001814789
4033,-0.0102746879459842
4034,-0.00758514213845745
4035,-0.0056426781534794
4036,-0.0042323062239177
4037,-0.00307721468009149
4038,-0.00199154562965933
4039,-0.000853300789824386
4040,8.11477139333555E-05
4041,0.000251926676903703
4042,-0.000147889410792181
4043,0.00047702367967653
4044,0.00370807712740212
4045,0.00885086364048141
4046,0.0129735728313036
4047,0.0137903387144131
4048,0.0119797567618464
4049,0.0100554187494331
4050,0.00938114704800151
4051,0.00908476779416181
4052,0.00772979973288307
4053,0.00512503840478196
4054,0.00220198872709635
4055,-0.00019410403131506
4056,-0.00189488501291436
4057,-0.00318538405042615
4058,-0.00443934033280168
4059,-0.00575191138141669
4060,-0.00665762076789634
4061,-0.00661193069041733
4062,-0.00619576410331978
4063,-0.00735154896718325
4064,-0.0114863930115647
4065,-0.0173171126684092
4066,-0.0215253194623595
4067,-0.0220114577972255
4068,-0.0198842700831994
4069,-0.0177504061425043
4070,-0.0166627491931057
4071,-0.0155551046988849
4072,-0.0133039024689016
4073,-0.0102530688678935
4074,-0.00749237731756828
4075,-0.00551644307672806
4076,-0.00410806439180883
4077,-0.00297578214963337
4078,-0.00194600597063036
4079,-0.000905484666355331
4080,-8.2971191806013E-05
4081,-2.17782592524271E-06
4082,-0.000461770263031263
4083,0.000131371147635801
4084,0.00336997217452895
4085,0.00855296552158057
4086,0.012692376897744
4087,0.0134502584350978
4088,0.0115417710149197
4089,0.0095834248313479
4090,0.00898687894785306
4091,0.0088178519450501
4092,0.00755641166167351
4093,0.00500502066467843
4094,0.00213576323610751
4095,-0.000207751904618318
4096,-0.00190216095538553
4097,-0.00324379384223063
4098,-0.00456602231354878
4099,-0.00593922387063367
4100,-0.00691577426431789
4101,-0.00694320918147776
4102,-0.00652409531627276
4103,-0.00753339843491469
4104,-0.0114337225151283
4105,-0.0170970889822051
4106,-0.0213099756793234
4107,-0.0219285006035362
4108,-0.0199327512338585
4109,-0.0178539980006341
4110,-0.0167759857090113
4111,-0.0156993871991854
4112,-0.0135127076896023
4113,-0.010512380491573
4114,-0.00775553542185647
4115,-0.00576939612548592
4116,-0.00438711484530921
4117,-0.00329232533105729
4118,-0.0022042813661986
4119,-0.000942308347994113
4120,0.000171297795081847
4121,0.000404443369118825
4122,-0.000164598785514013
4123,0.000161762424906267
4124,0.00322215219294387
4125,0.00846863099534955
4126,0.0128385429304135
4127,0.0137911548198861
4128,0.0119218934711819
4129,0.00990068547637084
4130,0.00925711484319108
4131,0.00908363518882887
4132,0.00778379404953415
4133,0.00511084849146632
4134,0.00210669601047589
4135,-0.000268760364881313
4136,-0.00186698629281408
4137,-0.00307144717764068
4138,-0.00430223890996428
4139,-0.00563199246412905
4140,-0.00657801356973692
4141,-0.00659522762419756
4142,-0.00621871495807371
4143,-0.00730698564845109
4144,-0.0112614627608618
4145,-0.0169321809542231
4146,-0.0211498665812376
4147,-0.0218046246310745
4148,-0.0198400387358543
4149,-0.0177356894599382
4150,-0.0165911726205347
4151,-0.015471313602829
4152,-0.0132861403600844
4153,-0.0102864967087152
4154,-0.00748742786359895
4155,-0.00543439748098219
4156,-0.00401461868163925
4157,-0.00295354436536208
4158,-0.00198706121264266
4159,-0.000917448115679879
4160,7.80615931629629E-06
4161,0.000164818125038007
4162,-0.00032969880143701
4163,0.000125164195165765
4164,0.00323321972478229
4165,0.00844020629292365
4166,0.0128140801832705
4167,0.0138947430966869
4168,0.0121741971898013
4169,0.0101561364223256
4170,0.00937051502722379
4171,0.00909909375231001
4172,0.0078919530400736
4173,0.00542041491937808
4174,0.00251923716285769
4175,6.5167610078305E-05
4176,-0.00168100724245669
4177,-0.00296792022096897
4178,-0.00421860529240367
4179,-0.00559015437399512
4180,-0.00660767024204024
4181,-0.00664140656179767
4182,-0.00619069070574852
4183,-0.00720284348504008
4184,-0.0111792907815969
4185,-0.0169386738206385
4186,-0.0211880433417357
4187,-0.0217748254031184
4188,-0.0197440438373909
4189,-0.0176789413978677
4190,-0.0166382661935507
4191,-0.0155621540345467
4192,-0.0133355473772488
4193,-0.0103210311962918
4194,-0.00760898667206183
4195,-0.00564882257563183
4196,-0.00417461199627157
4197,-0.00291938886287063
4198,-0.00179717475537361
4199,-0.000733277407434669
4200,0.000106461783662785
4201,0.000251707573571268
4202,-0.000172383763095211
4203,0.000309586408274714
4204,0.00334597989815202
4205,0.00847654388529529
4206,0.0128536903225888
4207,0.0139547739363269
4208,0.0121677424885293
4209,0.0100333774126086
4210,0.0092263128216705
4211,0.00907004343196549
4212,0.00798127089337936
4213,0.00549608126661266
4214,0.00247333584073964
4215,-9.27650881004472E-05
4216,-0.00189136621399818
4217,-0.00320210135815655
4218,-0.00445599018605225
4219,-0.0057796741863784
4220,-0.00672001194694245
4221,-0.00672790299229594
4222,-0.0063171313633678
4223,-0.00733079796125549
4224,-0.0111897483224039
4225,-0.0167993851039796
4226,-0.0210331947841281
4227,-0.0217648029869622
4228,-0.0198817636386727
4229,-0.0178302629909639
4230,-0.0167217563138897
4231,-0.015645885456785
4232,-0.0135202707011667
4233,-0.0105896926520322
4234,-0.00785438405027053
4235,-0.00582702538317623
4236,-0.00435459836512957
4237,-0.00315563536132908
4238,-0.00201010273503318
4239,-0.000780448632581877
4240,0.000246297262502589
4241,0.000419133498847953
4242,-0.000171473312964412
4243,8.88996352642361E-05
4244,0.00299545444913862
4245,0.00811020970876747
4246,0.012531669620047
4247,0.0137178627049854
4248,0.0120682971745736
4249,0.0100788578034671
4250,0.00932124638507353
4251,0.00907386580918627
4252,0.00783700141256575
4253,0.00527929684677364
4254,0.00231314329797723
4255,-0.000119898684364236
4256,-0.00179484457921157
4257,-0.0030482121271615
4258,-0.00432506673568134
4259,-0.00572165186952668
4260,-0.00671831064657908
4261,-0.00671434780527264
4262,-0.00624205648576413
4263,-0.00720984094134751
4264,-0.0110676168578331
4265,-0.0166890729644151
4266,-0.0209224134652517
4267,-0.0216695092234328
4268,-0.0198466353458023
4269,-0.0178626312839897
4270,-0.0167602723153293
4271,-0.0156190720703066
4272,-0.0134181226310629
4273,-0.0104611677764125
4274,-0.00775446178001429
4275,-0.0057849927571369
4276,-0.00437314686953749
4277,-0.00321314443291241
4278,-0.00207674179844084
4279,-0.000857292246967992
4280,0.000122720694116707
4281,0.000248959568201698
4282,-0.000293492930690376
4283,0.000125081489792752
4284,0.00315966721727424
4285,0.00821643369119503
4286,0.0124298588805472
4287,0.0134721872737742
4288,0.0118892128137137
4289,0.0100909633655482
4290,0.00945890270969952
4291,0.00921424335167192
4292,0.00796602294172064
4293,0.00546867491722619
4294,0.00256564946760888
4295,7.93601997546233E-05
4296,-0.00174855605191631
4297,-0.0030953599704955
4298,-0.00430078260978386
4299,-0.00555761070391262
4300,-0.00653923047469605
4301,-0.00668805585464184
4302,-0.00635620356896734
4303,-0.00726606275325487
4304,-0.0109211952845196
4305,-0.0164334403697477
4306,-0.0207743399705495
4307,-0.0217030433937545
4308,-0.0199237209169441
4309,-0.0178311508941891
4310,-0.0166307993268353
4311,-0.015500054749033
4312,-0.0133514755171808
4313,-0.0104034808625211
4314,-0.00767971740418334
4315,-0.0057082697127572
4316,-0.00427748595945518
4317,-0.00304875752252234
4318,-0.00185770564017602
4319,-0.000673671224084431
4320,0.000232439963695122
4321,0.000356648500217433
4322,-0.000140806682816845
4323,0.000227975074163061
4324,0.00310624987997
4325,0.00809950301504045
4326,0.0124829136384327
4327,0.0137695735406167
4328,0.0122256121102006
4329,0.0102338842391495
4330,0.00943293556294163
4331,0.00922946729855412
4332,0.00811497119592275
4333,0.00562569466085454
4334,0.00259513408945692
4335,1.75531529498334E-05
4336,-0.00178854667648498
4337,-0.00311668248275102
4338,-0.00441320240808607
4339,-0.00579068303278033
4340,-0.00675947695883245
4341,-0.00673921445838816
4342,-0.0062317713086872
4343,-0.0071007119485229
4344,-0.0108365209760036
4345,-0.0164359251538595
4346,-0.0207972999815599
4347,-0.0217017825189159
4348,-0.0199063776889132
4349,-0.017824520823965
4350,-0.016653658248739
4351,-0.0155678095991782
4352,-0.0134715228051296
4353,-0.0105491715187889
4354,-0.00779584906290702
4355,-0.00577345860724519
4356,-0.00434845391076488
4357,-0.0032028245383063
4358,-0.00208727348181819
4359,-0.000880247215257969
4360,0.000116415227427697
4361,0.000280158242954517
4362,-0.000264528249381907
4363,8.6190517911081E-05
4364,0.00309278825895185
4365,0.00830265102707563
4366,0.0128016575342809
4367,0.0139977353993115
4368,0.0122440672443753
4369,0.0100791289113016
4370,0.00919287078776917
4371,0.00893624464402745
4372,0.00776839077849786
4373,0.00527612025166907
4374,0.00234363711815146
4375,-7.24989952611387E-05
4376,-0.00174543232809217
4377,-0.00301348700219931
4378,-0.00429723414588192
4379,-0.00568322411189996
4380,-0.00670052589136475
4381,-0.00677927215804557
4382,-0.00636299048024468
4383,-0.00723582848165251
4384,-0.0108981232931763
4385,-0.0164529844667223
4386,-0.0208671838849642
4387,-0.0218503905129051
4388,-0.0200358324112866
4389,-0.0178335655981857
4390,-0.0165786057556654
4391,-0.0155534623277215
4392,-0.0136080082170713
4393,-0.0107834537362413
4394,-0.00801159211110986
4395,-0.00591245379197548
4396,-0.00443240553057658
4397,-0.00327780920452715
4398,-0.0021870251008808
4399,-0.00101707281889047
4400,-2.7670252295859E-05
4401,0.00019915604142752
4402,-0.000247868550141255
4403,0.000120800454491962
4404,0.0030043035451249
4405,0.00804399461778466
4406,0.0124775428822217
4407,0.0137380477599873
4408,0.0120671936824775
4409,0.00993463949533022
4410,0.00910277658817067
4411,0.00900249515751941
4412,0.00801853916595878
4413,0.00557579303042845
4414,0.00252155632231289
4415,-4.29270776207639E-05
4416,-0.00174535299836662
4417,-0.00294696975756431
4418,-0.00420000896643401
4419,-0.00564631947573292
4420,-0.00673590566751523
4421,-0.00681102382796613
4422,-0.00633914312250663
4423,-0.00719908337929863
4424,-0.0109231166714368
4425,-0.0165416391457086
4426,-0.0209467893015179
4427,-0.0218774060598747
4428,-0.0200578177195391
4429,-0.0179118503758495
4430,-0.0166718915049751
4431,-0.0155409890831242
4432,-0.0134495694044685
4433,-0.0106050242461583
4434,-0.00797566239584857
4435,-0.00601875898133236
4436,-0.00450264738097814
4437,-0.00314608634490744
4438,-0.00186134314305227
4439,-0.000644310144993147
4440,0.000246162434242628
4441,0.000304119194612099
4442,-0.000308203063516834
4443,-3.1038871297053E-05
4444,0.00288985346934812
4445,0.00807098683613799
4446,0.0126467653039995
4447,0.0139862106500336
4448,0.0123740448746746
4449,0.0103220955112254
4450,0.00951487308188717
4451,0.00927994307131092
4452,0.00807009623047286
4453,0.00552616382959348
4454,0.00259306119843433
4455,0.000210560619881062
4456,-0.00146287690802353
4457,-0.0027789792013796
4458,-0.0040974407094036
4459,-0.00546849946572097
4460,-0.00646899569087256
4461,-0.00658647752978482
4462,-0.00624001202728427
4463,-0.00713479656489629
4464,-0.0107385106632913
4465,-0.016208556945872
4466,-0.020604420635326
4467,-0.0216929257394479
4468,-0.0200728596098859
4469,-0.0180191704228591
4470,-0.0167218052538866
4471,-0.0154655142705151
4472,-0.0132919976308028
4473,-0.0104386484728173
4474,-0.007815404945026
4475,-0.00583762638988765
4476,-0.00432507097495444
4477,-0.00307051613066036
4478,-0.0019522421737103
4479,-0.000826260257012288
4480,0.000138550774606173
4481,0.00036965001209182
4482,-0.000112720942744453
4483,0.000181157817296852
4484,0.00303056078208701
4485,0.00808747105762794
4486,0.0125018076429804
4487,0.0136920911585701
4488,0.0120322179658997
4489,0.0100720825210462
4490,0.00943263847702085
4491,0.00935276976883796
4492,0.00825820966528159
4493,0.00578969137402036
4494,0.00284735896165678
4495,0.000331458703112849
4496,-0.00152139656406659
4497,-0.00290516506220478
4498,-0.0041330006155908
4499,-0.00539240245539815
4500,-0.00639630744185626
4501,-0.00657535820065969
4502,-0.00619310934703219
4503,-0.00695656058245047
4504,-0.0105197287083181
4505,-0.0161420930907984
4506,-0.0207229894596821
4507,-0.0218010236542118
4508,-0.0199892620517335
4509,-0.01781054324653
4510,-0.0166152609779816
4511,-0.0155668997793717
4512,-0.0134794234066773
4513,-0.0105408719155691
4514,-0.00781457021532378
4515,-0.00585548602232073
4516,-0.00446108016050745
4517,-0.0033102246464197
4518,-0.00221165417760506
4519,-0.00102798979896262
4520,3.61625144272133E-05
4521,0.000365555897529031
4522,-7.266834140787E-05
4523,0.000180878169301654
4524,0.00294812521994354
4525,0.00797829769212853
4526,0.0124757713225652
4527,0.013801758931881
4528,0.012210804168031
4529,0.010192239408257
4530,0.00941966773669149
4531,0.00923136646105486
4532,0.00809995283323132
4533,0.00564642347304791
4534,0.00274547739946852
4535,0.000296288465339814
4536,-0.001482943045321
4537,-0.00284600946309771
4538,-0.00414753428475531
4539,-0.00553143966257689
4540,-0.00661656443466952
4541,-0.00678557331592715
4542,-0.00632887808843508
4543,-0.0069968227999108
4544,-0.0104650927503047
4545,-0.0160167644890442
4546,-0.020580142622337
4547,-0.021683810996727
4548,-0.0198959075933908
4549,-0.0177374542255669
4550,-0.0166175782057626
4551,-0.0157057687501809
4552,-0.0136983483967913
4553,-0.0106712272255296
4554,-0.00775079977317332
4555,-0.00566666623683984
4556,-0.00427354643754779
4557,-0.00313914422088108
4558,-0.00199602571207136
4559,-0.000792064401757051
4560,0.000175648080648888
4561,0.000362156034779362
4562,-0.00013904947712102
4563,0.000112523399485999
4564,0.00283788245273212
4565,0.00783288472748336
4566,0.0124701506789486
4567,0.0140968559999952
4568,0.0126811316412121
4569,0.0105041415603671
4570,0.0094301075358056
4571,0.0091715763279824
4572,0.00826660536554518
4573,0.00600566183091354
4574,0.00298005941783511
4575,0.000212653745943351
4576,-0.00173506098024678
4577,-0.0029889482742444
4578,-0.00409001941159725
4579,-0.00538925087824963
4580,-0.00649553313480324
4581,-0.00666068022744821
4582,-0.00614122129107508
4583,-0.00677962533116
4584,-0.0103248597670587
4585,-0.0160254968625836
4586,-0.0207234864089037
4587,-0.0218907639078895
4588,-0.0200778279197146
4589,-0.0178098075468072
4590,-0.0165391207546813
4591,-0.0155278282181376
4592,-0.0135525862818515
4593,-0.0106727189800028
4594,-0.00790635771085828
4595,-0.00588932898604074
4596,-0.00447675217372946
4597,-0.00329211719641009
4598,-0.00209165893264685
4599,-0.000806923506908864
4600,0.000254154247458232
4601,0.000489202811631236
4602,-3.93588813413269E-05
4603,0.00015828783850364
4604,0.00287171907613634
4605,0.00789056206528545
4606,0.0125215484924167
4607,0.0140946066585798
4608,0.0126443975313197
4609,0.0105006836842703
4610,0.00946928028681359
4611,0.00917089240356797
4612,0.00816733363495181
4613,0.00589335197101694
4614,0.00302820535668907
4615,0.000489673583598199
4616,-0.00136144148461004
4617,-0.00271942325314262
4618,-0.00398610355030324
4619,-0.00533717490378071
4620,-0.00637345408855024
4621,-0.00649353155165689
4622,-0.00606066723773343
4623,-0.00685817152448829
4624,-0.0104928980054352
4625,-0.0161523750521665
4626,-0.0207414895765523
4627,-0.0218246600388884
4628,-0.0199895971733812
4629,-0.0177564378968607
4630,-0.0165756574311332
4631,-0.0156970300087557
4632,-0.0138317046104039
4633,-0.0109411199745679
4634,-0.00801048815813392
4635,-0.00577570913177254
4636,-0.00426397424878336
4637,-0.00318478035373967
4638,-0.00219456784786137
4639,-0.00102093245940797
4640,0.000131838506318394
4641,0.000551380024565017
4642,9.458361210449E-05
4643,0.000180604981904415
4644,0.00273728011137516
4645,0.0077252631488956
4646,0.0124490850561564
4647,0.0140878097559291
4648,0.0125937382905345
4649,0.0104000750869904
4650,0.00946318299679525
4651,0.00939088337643765
4652,0.0085594910991944
4653,0.00624636709008217
4654,0.00316940510886774
4655,0.000433707459219235
4656,-0.00145125894013592
4657,-0.00269558858446081
4658,-0.00384006397295503
4659,-0.00517968482267477
4660,-0.00630897075826846
4661,-0.00651593462736532
4662,-0.00606737880883034
4663,-0.00675708003358244
4664,-0.010282713257948
4665,-0.0159009145342335
4666,-0.0205161782365045
4667,-0.021669348817167
4668,-0.0199434937201155
4669,-0.0178372551010572
4670,-0.016727485361298
4671,-0.0158072976682342
4672,-0.0138490188463829
4673,-0.0109532912710484
4674,-0.00814643970133962
4675,-0.0060267262260559
4676,-0.00446319635043934
4677,-0.0031980783361252
4678,-0.00208478550876184
4679,-0.000966493754117378
4680,5.96398847998365E-05
4681,0.000456839766397084
4682,8.93542479446144E-05
4683,0.000215176507760306
4684,0.00265942835220929
4685,0.00748209710136961
4686,0.0121688960154848
4687,0.0139488045943909
4688,0.0126474664364155
4689,0.0105391475879993
4690,0.00953292335536412
4691,0.00931228757053711
4692,0.00837031950904211
4693,0.0060603453805329
4694,0.00308801153605306
4695,0.000462110856802044
4696,-0.0014168625525264
4697,-0.00278156046280986
4698,-0.00408524563736664
4699,-0.00551592481961548
4700,-0.00664675880747044
4701,-0.00682889577923603
4702,-0.0063836020125163
4703,-0.00708983691662951
4704,-0.0105976636703005
4705,-0.0161516682683367
4706,-0.0206930431222045
4707,-0.0218040950095379
4708,-0.0200716760603291
4709,-0.0179568170630115
4710,-0.0167890083436291
4711,-0.0157488342043496
4712,-0.013654314997409
4713,-0.0106795925285118
4714,-0.00788408488108406
4715,-0.00582581550957693
4716,-0.00431036640701202
4717,-0.00307013518349227
4718,-0.00200633664019554
4719,-0.000986227435480821
4720,-4.92135876302865E-05
4721,0.000357590984804681
4722,0.000113277710613805
4723,0.000383624564949717
4724,0.00287769853356461
4725,0.00761953132934053
4726,0.0121524994299364
4727,0.0137870613520801
4728,0.0123996631509648
4729,0.0102926916190402
4730,0.0093937161929703
4731,0.00935974037316367
4732,0.00857712431510686
4733,0.00626804238171802
4734,0.00311133632489089
4735,0.00025194210256249
4736,-0.00171445107213506
4737,-0.00294542034428104
4738,-0.00401074481018089
4739,-0.00529529463559799
4740,-0.00646474265168312
4741,-0.00677345596441485
4742,-0.00635096907687831
4743,-0.00688373531953236
4744,-0.0101420545169815
4745,-0.0156061123443232
4746,-0.0203308606060091
4747,-0.0217604346117187
4748,-0.0202311534982622
4749,-0.0181033654837387
4750,-0.0168328008578616
4751,-0.0157684191679333
4752,-0.0137495075068161
4753,-0.0108631541794836
4754,-0.00812849209299579
4755,-0.00612800848734119
4756,-0.00464211432358323
4757,-0.00331858499960111
4758,-0.00206069820830428
4759,-0.000886921135178271
4760,2.9413949410964E-05
4761,0.00029801018461447
4762,-3.4894775381237E-05
4763,0.000252017531635122
4764,0.00277678848254886
4765,0.00751314072286923
4766,0.0120961266567216
4767,0.0139147464318322
4768,0.0127340589318329
4769,0.0106393079873544
4770,0.00949038915493784
4771,0.00912360301502511
4772,0.00817616846375586
4773,0.00596096510508408
4774,0.00303724752361416
4775,0.000355563136299936
4776,-0.00159923217022475
4777,-0.00295265462176293
4778,-0.00415500501936413
4779,-0.0054897625940284
4780,-0.00660618645110033
4781,-0.00681195546319874
4782,-0.00630436847172899
4783,-0.00682112236012367
4784,-0.0101528554035157
4785,-0.0157362613320598
4786,-0.0205135586691374
4787,-0.0218425224202969
4788,-0.020125092501018
4789,-0.0179084902765168
4790,-0.0167486773588321
4791,-0.0158721998063312
4792,-0.0139098228384198
4793,-0.0109056751986011
4794,-0.00804108586805645
4795,-0.00604938981186131
4796,-0.00467472276571966
4797,-0.00342126778174863
4798,-0.00213508953190464
4799,-0.000909770104436073
4800,-7.35637404273819E-06
4801,0.00017776503881642
4802,-0.000251553131703146
4803,-2.35326810538451E-05
4804,0.00249749503838298
4805,0.00727296771607435
4806,0.0119037660824668
4807,0.0137522343563579
4808,0.0125984912293465
4809,0.0105599305585346
4810,0.00947315313940798
4811,0.00909194894519572
4812,0.00802154741034689
4813,0.00567839061282432
4814,0.00276901006694258
4815,0.000252353147364096
4816,-0.001546343162842
4817,-0.00289527679962458
4818,-0.00420537773408131
4819,-0.0056102394699033
4820,-0.00670339505956394
4821,-0.00688569879837835
4822,-0.00643853481974302
4823,-0.0070421465290006
4824,-0.010372497205619
4825,-0.0158665261145669
4826,-0.0205845646998482
4827,-0.0219455567074723
4828,-0.0202580024688646
4829,-0.0179512279332707
4830,-0.0166215203518724
4831,-0.0156684927596217
4832,-0.0138160763362314
4833,-0.0110022696579802
4834,-0.00823560356953009
4835,-0.00621672495205212
4836,-0.00480687019856098
4837,-0.0035890463673538
4838,-0.00233040729120102
4839,-0.00100566744522777
4840,8.94281173766821E-05
4841,0.000380654332723016
4842,-0.000135376217705629
4843,-6.86635897809515E-05
4844,0.00243161976034835
4845,0.00737847581985254
4846,0.0121909814867613
4847,0.0140256807185416
4848,0.0126676835689284
4849,0.0104414774482901
4850,0.00937222721162055
4851,0.00920436651391811
4852,0.0083658374726046
4853,0.00609991638644161
4854,0.00308973274672368
4855,0.000426348191942575
4856,-0.00140615371511905
4857,-0.00264659661522398
4858,-0.00383868050249071
4859,-0.00526548985686573
4860,-0.00651056685445847
4861,-0.0068127087853665
4862,-0.00633591137173109
4863,-0.00682938637545868
4864,-0.0101297708916039
4865,-0.0157266666833143
4866,-0.0205821527001436
4867,-0.0220119156820299
4868,-0.0203352629668402
4869,-0.0180568451125127
4870,-0.0168006199322567
4871,-0.015929604064795
4872,-0.0141301687827156
4873,-0.0113291302236203
4874,-0.0085218752208631
4875,-0.00638971457864527
4876,-0.00481391163727396
4877,-0.00346028691957137
4878,-0.0021864489486486
4879,-0.000975244718844383
4880,-1.81546818808036E-05
4881,0.000249599233053782
4882,-0.000138236484740163
4883,7.77948024838065E-05
4884,0.00255556454120821
4885,0.00726028113650664
4886,0.0117954744443051
4887,0.0135694132819873
4888,0.0124259742880929
4889,0.0104924194390664
4890,0.00955001231306864
4891,0.00929808310801104
4892,0.00833628928159959
4893,0.00609280043840993
4894,0.00325205513931653
4895,0.000726467101528062
4896,-0.00116932767732086
4897,-0.00264637798079636
4898,-0.00403188870854107
4899,-0.00542580337309215
4900,-0.00647005741167416
4901,-0.00664128875088312
4902,-0.00623485381409525
4903,-0.00686655654706898
4904,-0.0101595108513859
4905,-0.0155980396244087
4906,-0.0203484876705128
4907,-0.0218595103346504
4908,-0.0203449224583963
4909,-0.0181252999685278
4910,-0.0167952414725053
4911,-0.0158301514193467
4912,-0.0139854085681458
4913,-0.0111558956323979
4914,-0.00832119743408932
4915,-0.00622343807235471
4916,-0.00478058969682348
4917,-0.00358609867266122
4918,-0.0023922416126785
4919,-0.00116110392945336
4920,-0.000137894836658894
4921,0.000202664149482825
4922,-0.000115949622667151
4923,0.000135273809172681
4924,0.0025782325234589
4925,0.0072100648155433
4926,0.0117228778546538
4927,0.0135517821579854
4928,0.0124549087681389
4929,0.0104767884424134
4930,0.00944550014245746
4931,0.00917641363331506
4932,0.00827648912720476
4933,0.00603589876301142
4934,0.00304103894727079
4935,0.000315304127130095
4936,-0.00160006097519768
4937,-0.0028441969587933
4938,-0.00394043084839724
4939,-0.00524764747813603
4940,-0.00643676728390552
4941,-0.00675544491422846
4942,-0.00628601979773544
4943,-0.00669103597371479
4944,-0.00982518492911475
4945,-0.0153071470149121
4946,-0.0202086709431055
4947,-0.0218127339192027
4948,-0.0203022351808144
4949,-0.018086513730799
4950,-0.0168001100181403
4951,-0.0158581439149057
4952,-0.0139798104384931
4953,-0.0111243976715992
4954,-0.00832910215814908
4955,-0.00627223750851709
4956,-0.00477157511090519
4957,-0.00345809184146815
4958,-0.00224050865666377
4959,-0.00114421448692655
4960,-0.000289212698962862
4961,-1.19338174068391E-05
4962,-0.000323408066593159
4963,-0.00010979050026602
4964,0.00228401909842033
4965,0.00702783271381981
4966,0.0118558032572136
4967,0.0139798861632229
4968,0.0129009988770027
4969,0.010677240767308
4970,0.0093913158773542
4971,0.00905108259618095
4972,0.00822517624827244
4973,0.0060644792669946
4974,0.00308958188683768
4975,0.000325133273640388
4976,-0.0016941604055237
4977,-0.00308999121761385
4978,-0.00429089307081639
4979,-0.00557170811892132
4980,-0.00665830969067209
4981,-0.00693466565437534
4982,-0.006510215749389
4983,-0.00693508745974045
4984,-0.0100013833241525
4985,-0.0154261249056216
4986,-0.0203839552737339
4987,-0.022081575940989
4988,-0.020539505891495
4989,-0.0181655681128075
4990,-0.0167797268289152
4991,-0.0159214861306802
4992,-0.0142059223901781
4993,-0.0114049924314512
4994,-0.00852609718250872
4995,-0.00638706885810626
4996,-0.00491650274089117
4997,-0.00369774800459759
4998,-0.00250707245358595
4999,-0.00130090546677915
5000,-0.000255669247355673
5001,0.000160448521990513
5002,-0.000166452334585115
5003,-0.000112464487429457
5004,0.00209035413621126
5005,0.00671705894408621
5006,0.0115077013763826
5007,0.0136231280167159
5008,0.012564450436673
5009,0.0104360803777014
5010,0.00929752068484511
5011,0.00903809685574025
5012,0.00815890616083946
5013,0.00591124703265143
5014,0.00297532768044181
5015,0.000391636923515907
5016,-0.0014531840380917
5017,-0.00280738564167393
5018,-0.00407020423545393
5019,-0.00540169307744111
5020,-0.00647078442062369
5021,-0.00669707618981568
5022,-0.00625280488562322
5023,-0.00672284627998568
5024,-0.00989347424974782
5025,-0.0154388195391744
5026,-0.0204825228447755
5027,-0.0222226861449989
5028,-0.0207132353373545
5029,-0.0183592837353461
5030,-0.0169027483899833
5031,-0.0158285995018258
5032,-0.0138440529628346
5033,-0.010906717670058
5034,-0.00810453738353024
5035,-0.00613901414358537
5036,-0.00476380871130584
5037,-0.00351517064551294
5038,-0.00226244103136069
5039,-0.00106272887222163
5040,-0.000105871576631111
5041,0.000200489527735259
5042,-0.000177639751234876
5043,-6.62385572931789E-05
5044,0.00227517237931602
5045,0.00701324741093932
5046,0.0117908998074647
5047,0.0137943504939489
5048,0.0126528336151269
5049,0.010558690462089
5050,0.00953110291327017
5051,0.0093622823908239
5052,0.00851139413934408
5053,0.00625099416568694
5054,0.00328540339070148
5055,0.000667307635471003
5056,-0.00119202822414189
5057,-0.00252612070931022
5058,-0.00377459921659536
5059,-0.00516332761466052
5060,-0.00636160373092
5061,-0.00670612732458911
5062,-0.00629565419941377
5063,-0.00672350074923567
5064,-0.00982440299930576
5065,-0.0152858985852578
5066,-0.0202161488861261
5067,-0.0218287319531171
5068,-0.0202368484228904
5069,-0.0179052789966851
5070,-0.0165993955783999
5071,-0.0157789575861231
5072,-0.0140607347914992
5073,-0.0112603973391632
5074,-0.00836702856054693
5075,-0.0061384272288777
5076,-0.0045216420902748
5077,-0.00321371032010038
5078,-0.00206424035067708
5079,-0.000966842273400666
5080,1.94845182766127E-05
5081,0.000459072127529546
5082,0.000174377808017015
5083,0.000233258244168201
5084,0.00241357281292675
5085,0.00701526513323763
5086,0.0117571553702118
5087,0.0137591611369246
5088,0.0125386956014295
5089,0.0102959861159138
5090,0.00918979930999231
5091,0.00911075083790648
5092,0.00844696115894854
5093,0.00632057343419276
5094,0.00337826359276107
5095,0.000723863892647634
5096,-0.0011944699893041
5097,-0.00262576712850069
5098,-0.00398381979459895
5099,-0.00539623049838978
5100,-0.0064856610438039
5101,-0.00668138733808339
5102,-0.00620626068811793
5103,-0.00666143567090518
5104,-0.00980873173161594
5105,-0.0153240357374844
5106,-0.0203668814690595
5107,-0.0221303326534655
5108,-0.0206134307150736
5109,-0.0182261814719989
5110,-0.0168214875571329
5111,-0.0159576194929117
5112,-0.0142272836454875
5113,-0.0113790233499011
5114,-0.00843854090105874
5115,-0.00625279665853633
5116,-0.00474044619872967
5117,-0.00346539519311475
5118,-0.00224216491778742
5119,-0.00109065870291496
5120,-0.00015922592359115
5121,0.000208971277110718
5122,-4.72648725573821E-05
5123,7.060656818477E-05
5124,0.0021898092979845
5125,0.00666111766055931
5126,0.0114487643537838
5127,0.0137615131545457
5128,0.0128612424976196
5129,0.0106466163655905
5130,0.00932428460341919
5131,0.00911303709493977
5132,0.00856084754954319
5133,0.00657922811486376
5134,0.00354843004845423
5135,0.000626828456363226
5136,-0.00144018598442382
5137,-0.00275756595139348
5138,-0.00391030197652991
5139,-0.00526163288008619
5140,-0.00645293556267513
5141,-0.00675766994291249
5142,-0.00629574516957301
5143,-0.00668902959418912
5144,-0.00973152508722647
5145,-0.0150961764245536
5146,-0.0199966306578791
5147,-0.0217539616909611
5148,-0.0204036866914346
5149,-0.0181890706926102
5150,-0.0167613177323756
5151,-0.0157070605127731
5152,-0.0138599971251544
5153,-0.0111167628637556
5154,-0.0083778346890471
5155,-0.00628286196566989
5156,-0.00473608825030734
5157,-0.003446565435308
5158,-0.00227448160405655
5159,-0.00111677406504875
5160,-4.977098592066E-05
5161,0.000459622867762376
5162,0.000202656377997841
5163,0.000226996662146903
5164,0.00232434558284685
5165,0.00686833076096067
5166,0.0116778869822472
5167,0.0138912639335254
5168,0.0128956985315575
5169,0.0107137078406239
5170,0.00947180815743423
5171,0.00921954783866114
5172,0.00850257937990972
5173,0.00639656831325366
5174,0.00336585139213473
5175,0.000465638838402473
5176,-0.00166413559196585
5177,-0.00306554418994193
5178,-0.0041996773002452
5179,-0.00544321701929614
5180,-0.00655904140178295
5181,-0.00685051828434802
5182,-0.00633463749657131
5183,-0.00658690881048089
5184,-0.00952881171212208
5185,-0.0149795805005672
5186,-0.0201038579381675
5187,-0.0220194400171077
5188,-0.0206546340053278
5189,-0.0183623513705611
5190,-0.0169562392771853
5191,-0.0160195881392306
5192,-0.0142319337454793
5193,-0.0113983965750189
5194,-0.0085110892836277
5195,-0.00635879026660454
5196,-0.00485938078055289
5197,-0.00359958156339893
5198,-0.00236840534017656
5199,-0.00115299470223745
5200,-0.000153845559179916
5201,0.000196040772527733
5202,-0.000138522043651995
5203,-1.48473921784721E-05
5204,0.00225132289226703
5205,0.00686566778989344
5206,0.0116293575896013
5207,0.0138066370505217
5208,0.0128607561348092
5209,0.0107421901978194
5210,0.0094781131982553
5211,0.009142126937631
5212,0.0084020674306313
5213,0.00641260854099634
5214,0.00360396518653599
5215,0.000930062079600953
5216,-0.00107183888737424
5217,-0.00250867864475634
5218,-0.0038278199772907
5219,-0.00529792766883318
5220,-0.00655640215987259
5221,-0.0068843905224382
5222,-0.00639117104723228
5223,-0.00672589611594713
5224,-0.00976066078850238
5225,-0.015210048762302
5226,-0.0202236748289169
5227,-0.0220178430228024
5228,-0.0206126296558544
5229,-0.0183499728271238
5230,-0.016971876712409
5231,-0.0160316519796049
5232,-0.0142438772317054
5233,-0.0114416188544045
5234,-0.00857833044133742
5235,-0.00637723080003149
5236,-0.00476141857055436
5237,-0.00341933720720153
5238,-0.00222705144992715
5239,-0.00111356720791598
5240,-0.000119246162866505
5241,0.000371598481791238
5242,0.000147013698701093
5243,0.000138202356093977
5244,0.00207862771118497
5245,0.00647946812130965
5246,0.0113562165175448
5247,0.0138404192219569
5248,0.0130893879947634
5249,0.0109387421562091
5250,0.00956666052295023
5251,0.00919696640241568
5252,0.00845497889374323
5253,0.00638661156203639
5254,0.00344752828598855
5255,0.000713102524833665
5256,-0.001246746568227
5257,-0.00262570648961396
5258,-0.00393101028353559
5259,-0.00539065550794905
5260,-0.00659614064972589
5261,-0.00685564074788041
5262,-0.00631328823952603
5263,-0.00659276570567333
5264,-0.00954713214725592
5265,-0.014962372808038
5266,-0.0200740254250772
5267,-0.0220512243117192
5268,-0.0207580624895741
5269,-0.0184690814818424
5270,-0.0170373364571861
5271,-0.0161442347343283
5272,-0.0144632306608684
5273,-0.0116806474158408
5274,-0.00871866747351631
5275,-0.00643338863373892
5276,-0.00484526542264918
5277,-0.00355513851196112
5278,-0.00230105885679046
5279,-0.00104981725858699
5280,-2.58482703327622E-05
5281,0.000323186775670017
5282,-3.64877697692396E-05
5283,1.85340298876724E-05
5284,0.0021505771213004
5285,0.00660708536135605
5286,0.0112921820651204
5287,0.0135373013103689
5288,0.0127676578795081
5289,0.010831109988631
5290,0.00967387383333929
5291,0.00934614240095057
5292,0.00854042174551031
5293,0.006467613576674
5294,0.00361378984678016
5295,0.000938758592039843
5296,-0.00106605838538688
5297,-0.00253165555838067
5298,-0.00385900652940436
5299,-0.00526870649295343
5300,-0.00644224643760961
5301,-0.00675557998859916
5302,-0.00632483616181401
5303,-0.00669555861091045
5304,-0.0096779329663009
5305,-0.0150759533617291
5306,-0.0201696173994385
5307,-0.0221600569826611
5308,-0.0209135311158766
5309,-0.0186719100229878
5310,-0.01723646562062
5311,-0.0162613738412724
5312,-0.0144544915992767
5313,-0.011573990102549
5314,-0.00858213268298259
5315,-0.00631273141884984
5316,-0.0047468139927314
5317,-0.00347749376885218
5318,-0.00224793898251768
5319,-0.00100096644040211
5320,6.73566764069672E-05
5321,0.000477183972158398
5322,0.00011417669946298
5323,7.84602026066183E-05
5324,0.00212309140384763
5325,0.00660433781864752
5326,0.0114130384017993
5327,0.0137468443978219
5328,0.0129278711689902
5329,0.0108488302309635
5330,0.00959822560709726
5331,0.00931592453579469
5332,0.00864598987215931
5333,0.00666173203432603
5334,0.00374973934086179
5335,0.00090545001246984
5336,-0.00122964382936109
5337,-0.00266260511156627
5338,-0.00383266360903613
5339,-0.00512967842593931
5340,-0.00634129150740934
5341,-0.00675108527021493
5342,-0.00629191753896937
5343,-0.00646856782921425
5344,-0.00925363418295994
5345,-0.0146208969734747
5346,-0.0198270419045867
5347,-0.021904820143593
5348,-0.0206233267728241
5349,-0.0182991003157429
5350,-0.0168610305598679
5351,-0.0159910024690873
5352,-0.0143186983411998
5353,-0.0115196844712777
5354,-0.00853231373275646
5355,-0.00621795238575492
5356,-0.00461676669610158
5357,-0.00338824251682085
5358,-0.00228872083902732
5359,-0.00117794729753814
5360,-0.000138536404155757
5361,0.000365710734262788
5362,0.000122393057971856
5363,0.000153290130670152
5364,0.00224839683550795
5365,0.00682940074771526
5366,0.011747297637297
5367,0.0140918527031004
5368,0.0131649659372595
5369,0.010951771844329
5370,0.00960000434460763
5371,0.00920664842026726
5372,0.0084023576760997
5373,0.00637950234208298
5374,0.00363056849819981
5375,0.00103880404804712
5376,-0.0010050360030849
5377,-0.00258966540169506
5378,-0.00395915796787338
5379,-0.00529007690938419
5380,-0.0064030477717257
5381,-0.00676931959722733
5382,-0.00637899263309103
5383,-0.00660604623099842
5384,-0.0093263000335757
5385,-0.0145967412612579
5386,-0.0198045051190773
5387,-0.0219744767851034
5388,-0.0207625362636463
5389,-0.0184356677469461
5390,-0.016982096374619
5391,-0.0161329708040671
5392,-0.0144787298103359
5393,-0.0116375835636568
5394,-0.00856961186695542
5395,-0.0062148532339371
5396,-0.00464932943187375
5397,-0.00348462803791183
5398,-0.00240510001306834
5399,-0.00124962129380132
5400,-0.000142886377463579
5401,0.000390026735926319
5402,0.000100616917211588
5403,1.73260147003216E-05
5404,0.00197955685224361
5405,0.00648597102169897
5406,0.0114483880683675
5407,0.0139406272969962
5408,0.0131642986438666
5409,0.0110085844653815
5410,0.00963420210479327
5411,0.00924015046903634
5412,0.00850536982624597
5413,0.0065364935286646
5414,0.003717011655647
5415,0.000962875489063622
5416,-0.00117867038902153
5417,-0.00270885279610633
5418,-0.00395922121039645
5419,-0.00524487191266543
5420,-0.00640194135839761
5421,-0.00680288939438497
5422,-0.00637303285625198
5423,-0.00652262298065186
5424,-0.00919066046488632
5425,-0.0144552920246348
5426,-0.0197034661038408
5427,-0.0219585271819679
5428,-0.0208343276185958
5429,-0.0185111803882449
5430,-0.0169413987261745
5431,-0.0159487260656118
5432,-0.0142665122541889
5433,-0.0115513050206029
5434,-0.00866079815367855
5435,-0.00640812264230134
5436,-0.00482748816780043
5437,-0.00357256738491757
5438,-0.00239770896905945
5439,-0.0012032387664366
5440,-0.000134874919649054
5441,0.000331146865005672
5442,2.59568545573361E-05
5443,-1.34745886132889E-05
5444,0.00196494878597016
5445,0.00639901744832875
5446,0.0112716763971691
5447,0.0137732994023189
5448,0.0130974529523019
5449,0.0110089820979377
5450,0.00961816908038902
5451,0.0092285555904437
5452,0.00860945194186455
5453,0.0067784990457727
5454,0.00396062119834176
5455,0.00108045640184895
5456,-0.00113597466199992
5457,-0.00259234562841145
5458,-0.00374223686214063
5459,-0.00506099961779104
5460,-0.00635047219762766
5461,-0.00681132833733317
5462,-0.00631484278785152
5463,-0.00640848497370354
5464,-0.00914889131654169
5465,-0.0145334308994161
5466,-0.0197843061391851
5467,-0.0219162141043284
5468,-0.0207107142342253
5469,-0.018466885935639
5470,-0.0170527902951731
5471,-0.016126308925089
5472,-0.01438895977746
5473,-0.0116123696992971
5474,-0.00873110511424737
5475,-0.00649356482171745
5476,-0.00484819042898964
5477,-0.00348862659860297
5478,-0.00227932888702887
5479,-0.0011306868593878
5480,-8.55419438839946E-05
5481,0.000426417071863891
5482,0.000146583515364285
5483,3.67969850994364E-05
5484,0.00193544465165356
5485,0.00641571998656869
5486,0.0114245107791332
5487,0.013965054353824
5488,0.0131488360508483
5489,0.0108765982239712
5490,0.0094137820810022
5491,0.00904094000388631
5492,0.0084291298966493
5493,0.0066275754041262
5494,0.00396532250972835
5495,0.00130699715877775
5496,-0.000841279208154507
5497,-0.0024621424706427
5498,-0.00380246400692953
5499,-0.00511879654884571
5500,-0.0062906042822689
5501,-0.0067646491291286
5502,-0.00644271681849617
5503,-0.00662705194756105
5504,-0.00921851198831861
5505,-0.0143918742912928
5506,-0.019633735132724
5507,-0.0219373580649443
5508,-0.0208283895073274
5509,-0.0185019816174143
5510,-0.0170138891077973
5511,-0.0161952648123247
5512,-0.0146245205688948
5513,-0.0118246420580367
5514,-0.00872994687182416
5515,-0.00635885319181989
5516,-0.00482841332652096
5517,-0.00366742782829771
5518,-0.00247709118980774
5519,-0.00116703448867838
5520,-1.97545337355039E-05
5521,0.00040400395811297
5522,-1.36600236868046E-05
5523,-0.000135964487090194
5524,0.00182305305893827
5525,0.00625893073450695
5526,0.0111095532090709
5527,0.0135721694909618
5528,0.0128851650734421
5529,0.0108380791643519
5530,0.00950854651453528
5531,0.00914070508651334
5532,0.00849345089744398
5533,0.0066516395273533
5534,0.00391021527350759
5535,0.00116582681811647
5536,-0.000969672588421693
5537,-0.00247287445736384
5538,-0.00374724635898819
5539,-0.00516706008874719
5540,-0.00650153535858296
5541,-0.00698519787825327
5542,-0.00649105170740668
5543,-0.00651670228219841
5544,-0.00912105539049312
5545,-0.0144103164540043
5546,-0.0197096706395895
5547,-0.0219923791924735
5548,-0.0208948816473661
5549,-0.018637820179648
5550,-0.017142546351452
5551,-0.0161430744453947
5552,-0.0143479075905402
5553,-0.0115229639467821
5554,-0.00865658231605629
5555,-0.00653779507271975
5556,-0.00503399991801986
5557,-0.0037052305704436
5558,-0.00241595892271924
5559,-0.00122725577335252
5560,-0.000271624167202487
5561,0.000127231676715598
5562,-0.000146239565218577
5563,-0.000168242516935545
5564,0.00174555856133073
5565,0.00615442792231984
5566,0.0111716532771242
5567,0.0138880898473962
5568,0.0132646109505073
5569,0.0110218408124568
5570,0.00948553484563967
5571,0.00914080444070239
5572,0.0086718477270496
5573,0.0068945386077968
5574,0.00399854132509187
5575,0.00104496498142261
5576,-0.00115862955771059
5577,-0.00257878866100417
5578,-0.0037335499076759
5579,-0.00506605832402738
5580,-0.00634245750616019
5581,-0.00680459076571401
5582,-0.00634692441597307
5583,-0.00643144342745229
5584,-0.00903982916158419
5585,-0.0142700379101566
5586,-0.0195361018601932
5587,-0.0218780678571028
5588,-0.0208853968839475
5589,-0.0186938043873484
5590,-0.0172210260023896
5591,-0.0162512564509931
5592,-0.0144771772118322
5593,-0.0115882634763147
5594,-0.00858378140933878
5595,-0.00639781742841578
5596,-0.00499692602687084
5597,-0.00382181945444327
5598,-0.00251134726350602
5599,-0.00108564738841765
5600,0.000100344816861578
5601,0.000500324654472603
5602,4.85030060473179E-05
5603,-8.61936660812818E-05
5604,0.00190212361816614
5605,0.00643080716016541
5606,0.0114138905238049
5607,0.0139443373483876
5608,0.0131626758175217
5609,0.0108996644560235
5610,0.00939763839361937
5611,0.00901290527021932
5612,0.00845079062401732
5613,0.00666653945886721
5614,0.00389976334029363
5615,0.00108432057860551
5616,-0.0011157641682488
5617,-0.00263575392235384
5618,-0.00383431356942838
5619,-0.0050901671986036
5620,-0.00628784002551379
5621,-0.0067973482341975
5622,-0.00646463319719689
5623,-0.00659425635811181
5624,-0.00912255413069037
5625,-0.0142653413017889
5626,-0.0195311298750286
5627,-0.0218919100747713
5628,-0.0208237848269118
5629,-0.0184986985616172
5630,-0.0170017473103724
5631,-0.0162057092118156
5632,-0.0146981816043925
5633,-0.0119804050229335
5634,-0.00895144650863735
5635,-0.0065837991670737
5636,-0.00496881644250597
5637,-0.00369024012377921
5638,-0.00246825401524205
5639,-0.00125766007095297
5640,-0.000222896080593896
5641,0.000228504574954445
5642,-4.03214444688914E-05
5643,-6.56702913466779E-05
5644,0.00186017241715274
5645,0.00627329888065481
5646,0.0112689756035736
5647,0.0139712933975819
5648,0.0133872308213775
5649,0.0112129842300804
5650,0.00967958084865839
5651,0.00922493149891524
5652,0.00862759965701119
5653,0.00685375936650512
5654,0.00410899496611402
5655,0.00129770714392405
5656,-0.000905823999172932
5657,-0.00240283539373813
5658,-0.00355459906405687
5659,-0.00480370608275746
5660,-0.00608396001811368
5661,-0.00670230006166457
5662,-0.00636453033633547
5663,-0.0063268368136312
5664,-0.00866198589943179
5665,-0.0137759743608479
5666,-0.0192103612559907
5667,-0.0217893814861797
5668,-0.0208454483288832
5669,-0.0185517885458464
5670,-0.0170676832538719
5671,-0.0162687934212041
5672,-0.0146790047589721
5673,-0.0118019203892606
5674,-0.00865451925828243
5675,-0.00632497396007594
5676,-0.00488823652517864
5677,-0.003794787182886
5678,-0.00264131452821229
5679,-0.00136810002972134
5680,-0.000233445438849636
5681,0.000231529328029777
5682,-0.000156577983873554
5683,-0.000346777983847043
5684,0.00151864091356881
5685,0.00602717251561539
5686,0.011158338314977
5687,0.013889984501151
5688,0.0132379342398906
5689,0.0110425653303287
5690,0.00960165422660278
5691,0.00923422268335022
5692,0.0085744383408119
5693,0.00662403327853632
5694,0.00375914199629677
5695,0.000957310951892554
5696,-0.00121695513472435
5697,-0.00277946057951246
5698,-0.00403521429536615
5699,-0.00527709120367911
5700,-0.00640937399073741
5701,-0.0068766604208843
5702,-0.00651778876241958
5703,-0.0065697977695175
5704,-0.00899009320461695
5705,-0.0141198701482996
5706,-0.0195227828739375
5707,-0.022049591943899
5708,-0.0210174533746703
5709,-0.0185975447092508
5710,-0.0170113244613674
5711,-0.0162119523365237
5712,-0.0147258161594065
5713,-0.0119723169540721
5714,-0.00887430152735948
5715,-0.00648832677879716
5716,-0.0049238284668326
5717,-0.00369698179468015
5718,-0.00246345782508991
5719,-0.00117477264338348
5720,-3.22062603393907E-05
5721,0.000504633928119995
5722,0.000230576839413126
5723,5.80780706033633E-05
5724,0.00173128641290371
5725,0.00591512937175726
5726,0.0108230879094006
5727,0.0135922664252128
5728,0.0131589744741548
5729,0.0111422670526777
5730,0.00971416253166021
5731,0.00926614319519349
5732,0.00858701853212364
5733,0.00674408853881538
5734,0.00404017369980019
5735,0.00132868243172365
5736,-0.000877540646165556
5737,-0.00252561289023715
5738,-0.0038051348448322
5739,-0.00498380974615174
5740,-0.00607563853545781
5741,-0.00663856828424158
5742,-0.0064611828146942
5743,-0.00659670866525614
5744,-0.00890964741831641
5745,-0.0138728845776566
5746,-0.0192544829459071
5747,-0.0219327666725947
5748,-0.0210546070896563
5749,-0.0186462038798749
5750,-0.0169733024865121
5751,-0.0161345466207404
5752,-0.0147166622352272
5753,-0.0120726924660586
5754,-0.00904267699189469
5755,-0.00666962049332694
5756,-0.00509701932255863
5757,-0.00386687556027889
5758,-0.00264077902268822
5759,-0.00136829639845391
5760,-0.000239249768580484
5761,0.00030675407937539
5762,7.17538160963816E-05
5763,-5.06318980170159E-05
5764,0.00166432727586661
5765,0.00589655099811607
5766,0.0108960090213195
5767,0.013795657502294
5768,0.0134553311301874
5769,0.0114114383160896
5770,0.00985073039125916
5771,0.00928044820580996
5772,0.00857380773047864
5773,0.00674580506535715
5774,0.00399591558414902
5775,0.00119687332988629
5776,-0.00100470620379513
5777,-0.00252541482319139
5778,-0.00373001496164214
5779,-0.00503910686088976
5780,-0.00633172295979629
5781,-0.00686941007588585
5782,-0.00639463506232943
5783,-0.00627957139350049
5784,-0.00867404269299507
5785,-0.0139200404438036
5786,-0.019416581392523
5787,-0.0219270244525464
5788,-0.0208531115418184
5789,-0.0184553532272802
5790,-0.0169094349840949
5791,-0.0160955795133245
5792,-0.0145994613135718
5793,-0.0119594634598628
5794,-0.00906961223976216
5795,-0.00680121500057782
5796,-0.00515507734194286
5797,-0.00376093336191458
5798,-0.0024603430112557
5799,-0.00123572763285741
5800,-0.000166381708516296
5801,0.000372279030745155
5802,0.00012959841899163
5803,-4.72428784277259E-05
5804,0.00162062674398473
5805,0.0058873968535732
5806,0.0109751996677543
5807,0.0139107564519738
5808,0.0135096897107719
5809,0.0113893910385641
5810,0.00984110360279906
5811,0.00936030989011048
5812,0.00869843877149187
5813,0.00678970921962232
5814,0.00389945423123411
5815,0.00103605669481003
5816,-0.00110620761420941
5817,-0.00251714626584128
5818,-0.00364225584489948
5819,-0.00491136025232558
5820,-0.00618915425146985
5821,-0.0067514498855853
5822,-0.00633112687836884
5823,-0.00622243621280137
5824,-0.0085231666248811
5825,-0.0136618337140246
5826,-0.0191831783625351
5827,-0.0218584123624438
5828,-0.0209379719108494
5829,-0.0185766590884088
5830,-0.0170181427827687
5831,-0.0162442287112123
5832,-0.014797568815215
5833,-0.0120970638011761
5834,-0.00904075328273974
5835,-0.00663789971143242
5836,-0.00497449870034351
5837,-0.00362492296634225
5838,-0.00235830834676194
5839,-0.00117265211706284
5840,-0.000175322951732424
5841,0.000311619826660302
5842,0.000103041078790182
5843,5.45713132301323E-06
5844,0.00169082991352839
5845,0.0058881201986942
5846,0.0109086410096605
5847,0.013859085952701
5848,0.0135287407840254
5849,0.0114452839122294
5850,0.00984638881903702
5851,0.00926298094353075
5852,0.00855454316161211
5853,0.0067566319798631
5854,0.00411512595141044
5855,0.00146480202194546
5856,-0.000676267906641828
5857,-0.00227650825905666
5858,-0.00358305902829899
5859,-0.0049006767897534
5860,-0.00618586695812086
5861,-0.00685056762335354
5862,-0.00657594154278125
5863,-0.006480264587151
5864,-0.00862885037696553
5865,-0.0136256629244221
5866,-0.0191625514316315
5867,-0.0219472691053175
5868,-0.021080723459406
5869,-0.0186943761339133
5870,-0.0171188062409128
5871,-0.0163603038697828
5872,-0.014891781439435
5873,-0.0121120171602169
5874,-0.00901456266846721
5875,-0.00669539466954242
5876,-0.00519781278333406
5877,-0.00397684837741652
5878,-0.00273378759874616
5879,-0.00148400520415956
5880,-0.000389867626032293
5881,0.000158128700674013
5882,-9.30614980500361E-05
5883,-0.000336322027230262
5884,0.00121987064906858
5885,0.00544726599857163
5886,0.0106487359024183
5887,0.0137514330654718
5888,0.0133958423558922
5889,0.0111757380182088
5890,0.00953386108528621
5891,0.00909306052118112
5892,0.00857923575285028
5893,0.00683582307556155
5894,0.00408988253725772
5895,0.00133986889566081
5896,-0.00076627611263935
5897,-0.00225802683237688
5898,-0.00353439302687566
5899,-0.00492510085396343
5900,-0.00625112652091115
5901,-0.00682819214782291
5902,-0.00643080270173354
5903,-0.00633416300027184
5904,-0.00859163012435196
5905,-0.0136306938612467
5906,-0.0190544282179572
5907,-0.0217051814215916
5908,-0.0208516345473056
5909,-0.0185850000104737
5910,-0.01705489491721
5911,-0.016220693896497
5912,-0.014706851186805
5913,-0.0120178987221674
5914,-0.00903081322964125
5915,-0.00666983993273478
5916,-0.00500966413169518
5917,-0.00369823719745066
5918,-0.00251352924671594
5919,-0.00133057097106744
5920,-0.000164458751617602
5921,0.000549291339981747
5922,0.000401089802239111
5923,0.000128375028203997
5924,0.00156693680010294
5925,0.00563260047290987
5926,0.0106479058571355
5927,0.0136156800215445
5928,0.0132881061750739
5929,0.0112551562528207
5930,0.00979511562278321
5931,0.0093870397555347
5932,0.00880120732537016
5933,0.00701848477321194
5934,0.00428081712637841
5935,0.00147347931474586
5936,-0.000778717345577356
5937,-0.00234630523813328
5938,-0.00349438703281681
5939,-0.0046676683875822
5940,-0.00594366259707831
5941,-0.00670929689440496
5942,-0.00651682470569347
5943,-0.00639781913578368
5944,-0.00844577406981559
5945,-0.0133563503730721
5946,-0.0188920061006182
5947,-0.0217625302693346
5948,-0.0209986331627287
5949,-0.0186377549356326
5950,-0.0169818276601521
5951,-0.0161137907757442
5952,-0.0146078896405845
5953,-0.0118706308262482
5954,-0.00881044586616413
5955,-0.0064646400726551
5956,-0.00491232005206056
5957,-0.00367151981169375
5958,-0.00244618896718566
5959,-0.00120434764403588
5960,-7.73846501019456E-05
5961,0.00053217492749544
5962,0.000325248700874082
5963,3.87926210962983E-05
5964,0.00141782627251999
5965,0.0053999211444944
5966,0.010466476997724
5967,0.0136681571124792
5968,0.0135538651174319
5969,0.0114934442156511
5970,0.00982424980482125
5971,0.0092755947810562
5972,0.00871280075688181
5973,0.00697097117133464
5974,0.00418473821997732
5975,0.00135238295219165
5976,-0.000779018202504704
5977,-0.00219822575779704
5978,-0.00339130943820172
5979,-0.00478958348093858
5980,-0.00621059065711351
5981,-0.00688236904844576
5982,-0.0064995932441395
5983,-0.00631597293234637
5984,-0.00843556111369848
5985,-0.0134029396965217
5986,-0.0189220559621722
5987,-0.0217858735657591
5988,-0.0210649370810561
5989,-0.0187182202755571
5990,-0.017011698280627
5991,-0.0161430791808254
5992,-0.0147923410558825
5993,-0.0122695267003214
5994,-0.00927680401925473
5995,-0.0068044787287843
5996,-0.0050984130756064
5997,-0.00382091277161501
5998,-0.00262617919145591
5999,-0.00137692101530519
6000,-0.000249030566295066
6001,0.000234285549256045
6002,-0.000172258467829014
6003,-0.000492938661544042
6004,0.00113173377537051
6005,0.00542797988117021
6006,0.0105728027518367
6007,0.013602636069739
6008,0.0133535860948787
6009,0.0114021751770645
6010,0.00995602021335757
6011,0.00948174393218151
6012,0.0088041709976021
6013,0.00695798421967252
6014,0.004210250631712
6015,0.00144710868852771
6016,-0.000750836063777196
6017,-0.00233379361304635
6018,-0.00358977914688565
6019,-0.00487296342371938
6020,-0.006158583200089
6021,-0.00685732449853928
6022,-0.00662338717314249
6023,-0.00649469810107782
6024,-0.00846459564820111
6025,-0.0132243190824696
6026,-0.0187191530887085
6027,-0.0218061861845507
6028,-0.0213802331025379
6029,-0.0191755654291996
6030,-0.017390971153691
6031,-0.016330399386271
6032,-0.0148199088222286
6033,-0.0122381381583892
6034,-0.00926650458814938
6035,-0.00684038413274751
6036,-0.00517402920625954
6037,-0.00394007995262407
6038,-0.00280540833231837
6039,-0.00158700560586419
6040,-0.000370594861627444
6041,0.000337311510851983
6042,0.00014787439909618
6043,-0.000158482445681892
6044,0.00125958109031441
6045,0.00535153027484532
6046,0.0105294468170317
6047,0.0138027179748399
6048,0.0137405941738316
6049,0.0117182824361278
6050,0.0100282777547282
6051,0.00939191940454133
6052,0.00876822408324938
6053,0.00708566848871282
6054,0.00441963480395916
6055,0.00159362307411851
6056,-0.000709969844856284
6057,-0.00231851833702921
6058,-0.00351112439466007
6059,-0.00472677889800093
6060,-0.00599329641380068
6061,-0.0066799231917123
6062,-0.00639463040263723
6063,-0.00623762413934186
6064,-0.00832204781849674
6065,-0.0133252689697696
6066,-0.0189766687548132
6067,-0.0219318945805906
6068,-0.021172056789562
6069,-0.0187631563411253
6070,-0.0171186039787064
6071,-0.0163916156974671
6072,-0.0150763959424389
6073,-0.0124224035729278
6074,-0.00928344165651749
6075,-0.00679884173351418
6076,-0.00517337222360578
6077,-0.00394124826056138
6078,-0.00273853436616037
6079,-0.00149791586028616
6080,-0.000387582108592224
6081,0.000152358596422465
6082,-0.000144636049111734
6083,-0.000460590806082532
6084,0.00099504991085132
6085,0.00512250171378205
6086,0.0103231014276999
6087,0.0136023341729255
6088,0.0135222056902703
6089,0.0114728714801415
6090,0.0097805877579801
6091,0.00917220250419444
6092,0.00856928423051675
6093,0.00687247489139526
6094,0.00418739706377788
6095,0.00139694634559134
6096,-0.000803676724954196
6097,-0.00230220483204892
6098,-0.00345560799040476
6099,-0.00472593920692841
6100,-0.00609592245093812
6101,-0.00686867886026391
6102,-0.0066092510569744
6103,-0.00640521159120304
6104,-0.00838435653873276
6105,-0.0132805230749792
6106,-0.0189138007626766
6107,-0.0219875706696524
6108,-0.0214050175962849
6109,-0.0190686523571216
6110,-0.0173086508708736
6111,-0.0163769622916515
6112,-0.0149420728570425
6113,-0.0123124615157123
6114,-0.00925337164951368
6115,-0.00681240074347441
6116,-0.00519699710706572
6117,-0.00396877047571161
6118,-0.0027320019316777
6119,-0.00138753318725956
6120,-0.000164708349994049
6121,0.000399107616145188
6122,4.18361463560802E-05
6123,-0.00032218238013275
6124,0.00112468729149545
6125,0.005186581761359
6126,0.0102095650899078
6127,0.0133236697579653
6128,0.0132719983298919
6129,0.0114474686773131
6130,0.00998469850934021
6131,0.00945718517443181
6132,0.00883013210784139
6133,0.00712779917588321
6134,0.00446169881386437
6135,0.00161347565567475
6136,-0.000742760528670856
6137,-0.00236265970641659
6138,-0.00347825426865523
6139,-0.00460694785299155
6140,-0.0059087751094927
6141,-0.00676850743859695
6142,-0.0066496340947124
6143,-0.00650108193620674
6144,-0.00844255382429198
6145,-0.0132962938730058
6146,-0.0189129078766119
6147,-0.0219421099932261
6148,-0.0212802424684828
6149,-0.0189277457950882
6150,-0.0172790937283356
6151,-0.0164903985035241
6152,-0.0150824836235584
6153,-0.0123714326501434
6154,-0.00927441240733792
6155,-0.00690526701973148
6156,-0.00534883764775581
6157,-0.00404595036269566
6158,-0.00267466057620436
6159,-0.00129423754242195
6160,-0.000131295288416128
6161,0.000433742952174636
6162,0.000193435137218027
6163,-8.94721273872408E-05
6164,0.00126754460317297
6165,0.00516332646547069
6166,0.0101424878532966
6167,0.0133588161317767
6168,0.0133837588254238
6169,0.0114910325619595
6170,0.00988955263284187
6171,0.00927893833191319
6172,0.00864130349678168
6173,0.00696262651733058
6174,0.00437699382387043
6175,0.00168863195138576
6176,-0.000538229015729072
6177,-0.00222411018930312
6178,-0.00358546511664095
6179,-0.00490613104039675
6180,-0.00616533200989434
6181,-0.00684151140892171
6182,-0.00662199722806278
6183,-0.00650570872643087
6184,-0.00845804519679293
6185,-0.0132105054653028
6186,-0.0187370828287344
6187,-0.0218301427022854
6188,-0.0213090016264822
6189,-0.0189690709543681
6190,-0.0171758790688198
6191,-0.0163005489015743
6192,-0.0150341122370429
6193,-0.0125670503449637
6194,-0.00953501111273207
6195,-0.00696539817255572
6196,-0.00515294755680384
6197,-0.00378184346865485
6198,-0.00254156085205866
6199,-0.00132406183096432
6200,-0.000253998176693706
6201,0.0002373599895925
6202,-0.000114291345779114
6203,-0.000482958622400939
6204,0.000915643746333227
6205,0.00496619384289785
6206,0.0100856643348672
6207,0.0133349131414021
6208,0.0133138680142463
6209,0.0113772039638034
6210,0.00976676871768747
6211,0.00916355651502462
6212,0.00852893901464587
6213,0.00683323033658619
6214,0.00418944612703163
6215,0.00141359199912066
6216,-0.0008458811535571
6217,-0.00242400806247028
6218,-0.00357985427362674
6219,-0.00476718799642529
6220,-0.00607989153871371
6221,-0.00691016537456054
6222,-0.00675524480641779
6223,-0.00654830646750804
6224,-0.00837777473538598
6225,-0.0131135489415896
6226,-0.0187178273928328
6227,-0.0218744916004217
6228,-0.0213611991410444
6229,-0.0190268139547967
6230,-0.0172656530077033
6231,-0.0163970111605388
6232,-0.0150804424711438
6233,-0.0125786599099297
6234,-0.0096127382511076
6235,-0.00716981577618727
6236,-0.00541962675897134
6237,-0.00401870248474083
6238,-0.00276761252635558
6239,-0.00162007940097145
6240,-0.000573638405038527
6241,9.68592495231078E-05
6242,4.97539134368325E-05
6243,-0.000161817380253094
6244,0.00112258212022317
6245,0.00499591780081276
6246,0.0101495681998314
6247,0.0136127446460248
6248,0.0136898521619555
6249,0.0115853126529427
6250,0.00974705419801905
6251,0.00914644108886615
6252,0.0087462707550719
6253,0.0072477250490386
6254,0.00456431223390266
6255,0.00158026479900944
6256,-0.00086264465564125
6257,-0.00249946476185758
6258,-0.00361747662913194
6259,-0.00473426780576907
6260,-0.00599307017902224
6261,-0.0068132102845185
6262,-0.00666724892766626
6263,-0.00641454727475277
6264,-0.00811327903545912
6265,-0.0127187290645993
6266,-0.0183096572294361
6267,-0.0215688975219081
6268,-0.0211583704843917
6269,-0.0188529017085545
6270,-0.017093534254237
6271,-0.0162637754150515
6272,-0.0149959355860791
6273,-0.0124876127264836
6274,-0.00947128628427047
6275,-0.00700419916846558
6276,-0.00526785675273405
6277,-0.00385072497294644
6278,-0.00252099205481389
6279,-0.00130757188123419
6280,-0.000306101704059247
6281,0.000214438317439953
6282,2.28044382102668E-05
6283,-0.000228655475044554
6284,0.00111722151752023
6285,0.0050660309673634
6286,0.0102289307273755
6287,0.0136405919769111
6288,0.0136944892415924
6289,0.0116712980405229
6290,0.00997617871382339
6291,0.00943701590716211
6292,0.00893320083291882
6293,0.00726673399900851
6294,0.00454768824146005
6295,0.00172516455083594
6296,-0.000516993499649657
6297,-0.00212765823960243
6298,-0.00342820698040951
6299,-0.00476125954565885
6300,-0.00608235678573995
6301,-0.00679837033545105
6302,-0.00652773500708214
6303,-0.00626014738634224
6304,-0.0080424230447693
6305,-0.012721870330415
6306,-0.0183146320116774
6307,-0.0215517417850838
6308,-0.0211713054812141
6309,-0.0189341106457174
6310,-0.0171822662689355
6311,-0.0162406031605708
6312,-0.0148040090364713
6313,-0.0121856348901016
6314,-0.00916910169438104
6315,-0.0067794442728952
6316,-0.0051485805256039
6317,-0.0038274949510526
6318,-0.00253744506619014
6319,-0.0012738831616694
6320,-0.000176197768366208
6321,0.000387861496696662
6322,0.000155718079060381
6323,-0.000141253395064507
6324,0.00121504238521057
6325,0.00516273049290174
6326,0.0102188399576722
6327,0.0134687831762605
6328,0.013455322498902
6329,0.0114862939770428
6330,0.00982524426869578
6331,0.00922207857927362
6332,0.00870062233616655
6333,0.00723314631924719
6334,0.00483221737208532
6335,0.00214594898729896
6336,-0.000269401846447199
6337,-0.00213904960287358
6338,-0.00349254250982494
6339,-0.00467656155270352
6340,-0.00591037670559944
6341,-0.00676070836913124
6342,-0.00670915873017392
6343,-0.00651955983084521
6344,-0.00821885551437753
6345,-0.0128322850918594
6346,-0.0184876951902391
6347,-0.0218172796306552
6348,-0.0214073985584283
6349,-0.0190386098825061
6350,-0.0172271537343452
6351,-0.0163950577414635
6352,-0.0151236306148639
6353,-0.0125378591534165
6354,-0.00938303852242832
6355,-0.0068275132875338
6356,-0.00515323743281297
6357,-0.00391857742635905
6358,-0.00273874662465263
6359,-0.00151232569437644
6360,-0.000358651139271922
6361,0.000306579645658178
6362,0.000136427957202318
6363,-0.000208050428013437
6364,0.001005992283005
6365,0.00483384008704299
6366,0.00991383229601739
6367,0.0133312177881446
6368,0.0135106220958404
6369,0.0116547044326844
6370,0.0100232923205586
6371,0.00941028672570332
6372,0.00883994567533612
6373,0.00725271384110991
6374,0.00468607229079496
6375,0.00189227812925023
6376,-0.000482748138349227
6377,-0.00219496721300624
6378,-0.00341073891883772
6379,-0.00458684912324583
6380,-0.00591223843606892
6381,-0.00681737820289369
6382,-0.00669755261844723
6383,-0.00637931341237708
6384,-0.00802019161493216
6385,-0.0126843318471458
6386,-0.0184166028422695
6387,-0.0217722448580849
6388,-0.0213593369475459
6389,-0.0190124654959412
6390,-0.017233569767241
6391,-0.0163964810029072
6392,-0.0151022962285582
6393,-0.012547865348088
6394,-0.0094803884532933
6395,-0.00697393719076513
6396,-0.0052495346461683
6397,-0.00392861546641131
6398,-0.0027217642302832
6399,-0.00151863378660591
6400,-0.000350626410183797
6401,0.000389626783189436
6402,0.000272378541435698
6403,-0.000107221268901202
6404,0.00103945851394973
6405,0.00488070692949394
6406,0.0100777187971819
6407,0.0136124539410728
6408,0.0137994724315633
6409,0.011850089641054
6410,0.0101358541059291
6411,0.00953362057746131
6412,0.00903646817080138
6413,0.0074965496019635
6414,0.00491907864057457
6415,0.00209666046091039
6416,-0.000297137476709204
6417,-0.00204279419195213
6418,-0.00331421319583612
6419,-0.00450893138104138
6420,-0.0057707398576503
6421,-0.00659332529831341
6422,-0.00647453235534483
6423,-0.00622504252346114
6424,-0.00786964952885471
6425,-0.0124128794200052
6426,-0.0180197949515509
6427,-0.0213969528574872
6428,-0.0211339398980917
6429,-0.0189055002519067
6430,-0.0171205584721474
6431,-0.0162219404121437
6432,-0.0149217117248956
6433,-0.0124291067167143
6434,-0.00941707244977842
6435,-0.00690396754471569
6436,-0.00512724133465204
6437,-0.00377009072132803
6438,-0.0025931874218646
6439,-0.00147414260958854
6440,-0.00036499320356628
6441,0.000411101054131382
6442,0.000385082549970213
6443,2.45403650191507E-05
6444,0.00105528316816994
6445,0.0047398020651565
6446,0.00988356277074525
6447,0.0134945250875863
6448,0.0137913856796063
6449,0.0119072844645923
6450,0.0102172135364645
6451,0.0096093205968386
6452,0.00905000909883956
6453,0.00740041266669162
6454,0.0047565805997929
6455,0.00198491727083855
6456,-0.000295571946306662
6457,-0.00199161376038286
6458,-0.0033213352033101
6459,-0.00460840628598889
6460,-0.00591230010242647
6461,-0.00670935658318115
6462,-0.00651561490637426
6463,-0.00616538372702172
6464,-0.00774584101652559
6465,-0.01235333730734
6466,-0.0181616365350916
6467,-0.021737193384657
6468,-0.0215066595385374
6469,-0.0191492417552377
6470,-0.0172434770009522
6471,-0.0163632846799639
6472,-0.0151728499570636
6473,-0.0127450990257945
6474,-0.00970405139268288
6475,-0.00713366401360083
6476,-0.00533231463370771
6477,-0.00396319168815261
6478,-0.00274320477081788
6479,-0.001563241337504
6480,-0.000431834221190595
6481,0.000300878462201148
6482,0.000194238047536481
6483,-0.000241041079213831
6484,0.000743571297550601
6485,0.00442398545186107
6486,0.00961984032840391
6487,0.0133210543396311
6488,0.0136692990170126
6489,0.0117197870364999
6490,0.00987809403760632
6491,0.00918348984044003
6492,0.00872636948706771
6493,0.00730975349743315
6494,0.00483507370131381
6495,0.00205204443958991
6496,-0.000337916413251494
6497,-0.00208329498317338
6498,-0.00336273683618782
6499,-0.00459070579008994
6500,-0.00589404388610347
6501,-0.00671385390576132
6502,-0.00651697885732898
6503,-0.00615976063132999
6504,-0.0077630247038477
6505,-0.0123748450507892
6506,-0.0180850037135487
6507,-0.0214758816642393
6508,-0.0211119286818166
6509,-0.018787496176232
6510,-0.0170387161737826
6511,-0.0162773188997073
6512,-0.015052681542384
6513,-0.0124900323574716
6514,-0.00938468994636403
6515,-0.00693817176019736
6516,-0.00538012700896467
6517,-0.00417852251900246
6518,-0.00293615466492952
6519,-0.00163175176234592
6520,-0.000438827612846198
6521,0.000266465558361936
6522,0.000169151987336797
6523,-0.000152645622040949
6524,0.000932267369858828
6525,0.0045471899111369
6526,0.00954129449923209
6527,0.0130936184498312
6528,0.0134717659094326
6529,0.011674816023786
6530,0.00997263545281409
6531,0.00933012863072323
6532,0.00884019096768032
6533,0.00734045701441744
6534,0.00478993323125322
6535,0.00200260606431903
6536,-0.000317900306065384
6537,-0.00200377206107692
6538,-0.00330546492877456
6539,-0.00460051232911212
6540,-0.00592642891540107
6541,-0.00671321667724941
6542,-0.00649742303036922
6543,-0.00616377665240601
6544,-0.00777797526979709
6545,-0.0123576486315912
6546,-0.0180632605668756
6547,-0.0215550715528555
6548,-0.021355423779342
6549,-0.0191321896687616
6550,-0.0173639456577758
6551,-0.0165334689796591
6552,-0.0152884120882913
6553,-0.0127614205111562
6554,-0.00966928291741958
6555,-0.00714597943578679
6556,-0.00544345284267619
6557,-0.0041288871902677
6558,-0.00288966690929455
6559,-0.00168303630494928
6560,-0.00056795613323197
6561,0.000157812863734804
6562,0.0001237284262295
6563,-0.000202955752107985
6564,0.00081304793708801
6565,0.00443466071138225
6566,0.00959835700768367
6567,0.0133696175823091
6568,0.0138134214594829
6569,0.0118772228376409
6570,0.00998758884597808
6571,0.00928392847088931
6572,0.00886686367481592
6573,0.00744339654473057
6574,0.00486601314717311
6575,0.00195722116491134
6576,-0.000493300612205301
6577,-0.00223187556129866
6578,-0.00347312562620788
6579,-0.00463281877655992
6580,-0.00584706929351618
6581,-0.00663078562548913
6582,-0.00650360758399502
6583,-0.00623293730986472
6584,-0.00778423978038813
6585,-0.0122094930900537
6586,-0.0178151887264583
6587,-0.0213625379671214
6588,-0.021305400412093
6589,-0.0191350742849868
6590,-0.0172422862049083
6591,-0.0162196105577313
6592,-0.0149018794946023
6593,-0.0124741354387089
6594,-0.00953056387311208
6595,-0.00708161029473961
6596,-0.00539536472874739
6597,-0.00411688815537618
6598,-0.00291953616758645
6599,-0.00167788812523429
6600,-0.000459869668409636
6601,0.000312250455567983
6602,0.000204361981547229
6603,-0.000212145709887007
6604,0.000821899637797515
6605,0.00452109945237273
6606,0.00966681950110729
6607,0.0133023936532952
6608,0.0136597223983499
6609,0.011818592629235
6610,0.0101135447737096
6611,0.00948145452178022
6612,0.00896770067103927
6613,0.00742766926522697
6614,0.00486379122686683
6615,0.00206824579922601
6616,-0.000321410446964243
6617,-0.00212795444067057
6618,-0.00348465939434049
6619,-0.00468248436383946
6620,-0.00584216924790431
6621,-0.0065786031904542
6622,-0.00649081656806516
6623,-0.0063029735515035
6624,-0.00787326118954691
6625,-0.0122243333974447
6626,-0.0177524358698012
6627,-0.0213144346603642
6628,-0.0213502851500214
6629,-0.019256808862585
6630,-0.0173753463231994
6631,-0.0163449768077747
6632,-0.0150631713227334
6633,-0.0127014486304872
6634,-0.00977734083299315
6635,-0.00725330660276394
6636,-0.00543831527064325
6637,-0.00407612047802182
6638,-0.00291021952309421
6639,-0.00179176049594722
6640,-0.000688990573404036
6641,6.03555642232016E-05
6642,1.33586631692783E-05
6643,-0.000336982521497995
6644,0.000720050633284417
6645,0.0044312626058228
6646,0.00962946407477886
6647,0.013344287013535
6648,0.0137410888597472
6649,0.0118685526581702
6650,0.0101061961217803
6651,0.0094511486963597
6652,0.00894922352253077
6653,0.00740353619664322
6654,0.00478724857561854
6655,0.00193119258503506
6656,-0.000463106523389609
6657,-0.00221452014661754
6658,-0.0035376932507823
6659,-0.00480800517394662
6660,-0.00611907110211078
6661,-0.00694253380197485
6662,-0.00676054980151668
6663,-0.00634974519705206
6664,-0.00775675212759386
6665,-0.0121371022810674
6666,-0.0178258311327615
6667,-0.0214943158040974
6668,-0.0214669803065898
6669,-0.0192052050512088
6670,-0.0172214721901336
6671,-0.016267712606
6672,-0.0151941081785408
6673,-0.0130093815272043
6674,-0.0101015759340913
6675,-0.00745664781594431
6676,-0.00552895308855137
6677,-0.00416664848843535
6678,-0.00305655968991032
6679,-0.00190207111737736
6680,-0.000620558182795853
6681,0.000322229935826381
6682,0.00030513200497597
6683,-0.000215313261521626
6684,0.000613285753193748
6685,0.00420748439217061
6686,0.009438134439276
6687,0.0132399379359443
6688,0.0136822483783393
6689,0.0118157663793145
6690,0.0100815968983693
6691,0.00949735728044054
6692,0.00906747967809273
6693,0.00756785663452794
6694,0.00500478879032119
6695,0.00224257975251913
6696,-5.24495270991641E-05
6697,-0.00176008001647596
6698,-0.00308991142164919
6699,-0.00435910997555342
6700,-0.00565750010882079
6701,-0.00652503904895494
6702,-0.00646226433056849
6703,-0.00614715203937545
6704,-0.00753484612999317
6705,-0.011840444653017
6706,-0.017540040635054
6707,-0.0213311214121581
6708,-0.0214194812106496
6709,-0.0191797769723712
6710,-0.0171734336302225
6711,-0.0162145555760072
6712,-0.0151026930912709
6713,-0.0127741863184668
6714,-0.00968315315057126
6715,-0.00696719306308631
6716,-0.00511175305153862
6717,-0.00383733761188501
6718,-0.00273975119587544
6719,-0.00159137774593756
6720,-0.000398108735383752
6721,0.000439469979886072
6722,0.000437993732030937
6723,4.39755726921669E-05
6724,0.000935509627237248
6725,0.00441933219931054
6726,0.00946889770955877
6727,0.0131925364979261
6728,0.0136823378377246
6729,0.0118615420608282
6730,0.010089506462913
6731,0.00944929596762156
6732,0.0090428010578261
6733,0.00762734412441362
6734,0.00510039327790746
6735,0.00227569607539065
6736,-0.00010857361248689
6737,-0.00183530756529646
6738,-0.00311493595001444
6739,-0.00435663481333978
6740,-0.00571092158856371
6741,-0.00666487705553799
6742,-0.00661120665700185
6743,-0.00619377856266858
6744,-0.00745149044762497
6745,-0.0117081410644739
6746,-0.0174586103502167
6747,-0.0213268497469694
6748,-0.0214502703121048
6749,-0.0192052752699907
6750,-0.0171905911028767
6751,-0.0162352302600581
6752,-0.0151322498050735
6753,-0.0128223664589881
6754,-0.00976395854170676
6755,-0.0070682525574389
6756,-0.00518663756294517
6757,-0.0038553372963022
6758,-0.00272953291801058
6759,-0.00160676044051973
6760,-0.000450013184780855
6761,0.000381024774837993
6762,0.000373811807137665
6763,-7.66210586547198E-05
6764,0.000733957138688643
6765,0.00421451337056568
6766,0.0094009537767056
6767,0.0133437697466587
6768,0.0140101040179379
6769,0.012244398951396
6770,0.0104190517852379
6771,0.00967982726157139
6772,0.00918069582763001
6773,0.00769927552684421
6774,0.00513735141289873
6775,0.00231869396523392
6776,-6.06655419334786E-06
6777,-0.00163400310288993
6778,-0.00282759909804736
6779,-0.00404381193527292
6780,-0.00542649650083482
6781,-0.00641821061852407
6782,-0.00639519473430723
6783,-0.00602639788977291
6784,-0.00735613347041133
6785,-0.0116667995025546
6786,-0.017429718937987
6787,-0.0213113585392916
6788,-0.0214896032902355
6789,-0.0192960833760704
6790,-0.0172541122207771
6791,-0.0162138246415081
6792,-0.015083533207604
6793,-0.0128661423514262
6794,-0.00995645050774113
6795,-0.00737350409480898
6796,-0.00554663204350929
6797,-0.00421638767312409
6798,-0.00300699712622434
6799,-0.001720070239966
6800,-0.000440125442630997
6801,0.000340868537515277
6802,0.000159725705210682
6803,-0.00038334720078955
6804,0.000520081819338162
6805,0.00414389611655569
6806,0.00933395357807919
6807,0.0131447930975019
6808,0.0137126673561449
6809,0.0119769026692868
6810,0.0102328655310571
6811,0.0095301221440039
6812,0.0090545357351913
6813,0.00766959519439066
6814,0.00525313676375907
6815,0.00249215981542787
6816,5.44369083570852E-05
6817,-0.0017770898734453
6818,-0.00311251403557774
6819,-0.00435267086939408
6820,-0.00571843047092167
6821,-0.00673643221262512
6822,-0.00676027033651016
6823,-0.00637635713409959
6824,-0.00762056682480271
6825,-0.0118678106685738
6826,-0.0176609084654601
6827,-0.0216215972441303
6828,-0.0218378403901308
6829,-0.0196350192033357
6830,-0.0176065936108056
6831,-0.0166241935628138
6832,-0.0155218920766149
6833,-0.0132315976684923
6834,-0.0101662804625528
6835,-0.00741216549288524
6836,-0.00544425749601158
6837,-0.00404049180192497
6838,-0.00287556488149655
6839,-0.00174302255285963
6840,-0.000599056081446986
6841,0.000206380211101568
6842,0.00018636223848772
6843,-0.000239716114980243
6844,0.000613961221729782
6845,0.00409249342407327
6846,0.00918828900806421
6847,0.0129969909259578
6848,0.0135950507917048
6849,0.0118864416805343
6850,0.0101772015322599
6851,0.00949284884275648
6852,0.00896345690805439
6853,0.0074713506772952
6854,0.00499919258453954
6855,0.00228452649925841
6856,-8.68123478748343E-05
6857,-0.00192037061970426
6858,-0.00327932255235339
6859,-0.0044594370912927
6860,-0.00570585170472853
6861,-0.00669454480356281
6862,-0.00683653733791273
6863,-0.00657029827669635
6864,-0.00775339928064443
6865,-0.0117872836155747
6866,-0.0174229726823216
6867,-0.0214252922621168
6868,-0.0218106251788287
6869,-0.0197269682576073
6870,-0.0176786494966471
6871,-0.0165851482062691
6872,-0.0153686257747545
6873,-0.0130053238044533
6874,-0.00991688783843745
6875,-0.00719964121069882
6876,-0.00533844878608235
6877,-0.00409004755750041
6878,-0.00306444030106673
6879,-0.0019772283469501
6880,-0.000755861710260983
6881,0.000180020634439478
6882,0.000208492715915166
6883,-0.000325420872051827
6884,0.000350786790127342
6885,0.00376267412626271
6886,0.00898240647673893
6887,0.0129904077659231
6888,0.0136887346385549
6889,0.0119487536424553
6890,0.0101943136080322
6891,0.0095393387668947
6892,0.00906685800303702
6893,0.00758089204515885
6894,0.00508776966644551
6895,0.00239770506840768
6896,6.87303844208656E-05
6897,-0.00182177735322189
6898,-0.00335590560157458
6899,-0.00466650235662997
6900,-0.00583473797583338
6901,-0.00658966716977732
6902,-0.00656131887195447
6903,-0.00630970254567796
6904,-0.0075923508069956
6905,-0.0116567972694836
6906,-0.0172525516749464
6907,-0.0212572711884682
6908,-0.0217168647926075
6909,-0.0196742879700242
6910,-0.0175583007217366
6911,-0.0163691575643077
6912,-0.0151669954766891
6913,-0.0129459122105655
6914,-0.0100157421419426
6915,-0.00737447340592221
6916,-0.00550083751152957
6917,-0.00418000851242722
6918,-0.00303794483270019
6919,-0.0018370149391287
6920,-0.00059046402534539
6921,0.000264956569563129
6922,0.000222190527925844
6923,-0.000264332628027754
6924,0.000505147620113654
6925,0.00387295823241571
6926,0.0088809820576243
6927,0.0127048437192976
6928,0.0134109980118068
6929,0.0117799831333774
6930,0.0100375911777683
6931,0.00929877751183219
6932,0.00883981010220094
6933,0.00753103471955095
6934,0.00518174976186075
6935,0.0024217100906967
6936,-6.772723216813E-05
6937,-0.00193396448169276
6938,-0.00322459769566406
6939,-0.00434361501299657
6940,-0.00558522057973166
6941,-0.00655337202237994
6942,-0.00659720978932171
6943,-0.00620850947502945
6944,-0.00734277735097464
6945,-0.0114220721434257
6946,-0.0171355616657932
6947,-0.0211840890934195
6948,-0.0215582214004293
6949,-0.0194111731103766
6950,-0.0172937589523331
6951,-0.0162148111549065
6952,-0.0151557408535582
6953,-0.0130361702592584
6954,-0.0101371613431888
6955,-0.00746571467981642
6956,-0.0055365123361805
6957,-0.00418546967360042
6958,-0.00306321454284884
6959,-0.00189304947073062
6960,-0.000617899451793212
6961,0.000332894117272818
6962,0.000359282849164121
6963,-0.000177298051969022
6964,0.000465796635959813
6965,0.00378958054526968
6966,0.00892370809745689
6967,0.0129414980255895
6968,0.0137403211115792
6969,0.0120759981037748
6970,0.0103002818989056
6971,0.00960167567634696
6972,0.00916925402726454
6973,0.00777115656115466
6974,0.00526917964465064
6975,0.00243234017070868
6976,-2.96900110983987E-05
6977,-0.00187294445266306
6978,-0.00322277621771822
6979,-0.00443737566816014
6980,-0.00573988254309149
6981,-0.00673240791246752
6982,-0.00677522596633628
6983,-0.00632070105770539
6984,-0.00731289508248683
6985,-0.0112758959640603
6986,-0.017015643725255
6987,-0.0211990625163663
6988,-0.0216679353038257
6989,-0.0195165679587064
6990,-0.0173907998151233
6991,-0.0163775804783757
6992,-0.0153915230612267
6993,-0.0132533608602298
6994,-0.0102707756216346
6995,-0.00754656292529571
6996,-0.00559769650630541
6997,-0.00418133414392755
6998,-0.00295462245859582
6999,-0.00176130725100188
7000,-0.000600326076551655
7001,0.00021364379975121
7002,0.000222426421570559
7003,-0.000224638860936203
7004,0.000495926850485123
7005,0.0038391683753936
7006,0.00899304664987133
7007,0.0130545331116656
7008,0.0138491676743062
7009,0.0120818200211114
7010,0.0101720593828805
7011,0.00941375483249434
7012,0.00900823337550538
7013,0.00765482563994849
7014,0.00517637010427901
7015,0.0023570110546111
7016,-9.63413330448926E-05
7017,-0.00197327781694401
7018,-0.00338251689615252
7019,-0.0045933139492885
7020,-0.005781099477263
7021,-0.00663437054562156
7022,-0.00664879771480832
7023,-0.00629706273009373
7024,-0.00741073065673153
7025,-0.011418012558073
7026,-0.017152866760595
7027,-0.0213624748042217
7028,-0.0218915064645833
7029,-0.0197563811266363
7030,-0.0175569938098897
7031,-0.0164300992808987
7032,-0.0153729531300922
7033,-0.0132325400179302
7034,-0.0102885995829484
7035,-0.00762983674665305
7036,-0.00578966004727845
7037,-0.0045097380475153
7038,-0.00336050366875466
7039,-0.00210320508751797
7040,-0.000775730659903143
7041,0.000153582791215191
7042,0.000119761313841686
7043,-0.000453764857565712
7044,0.000234191921419701
7045,0.0037088112323759
7046,0.00903964913904712
7047,0.0131688293025985
7048,0.0139114548973948
7049,0.0120840256381211
7050,0.0101721760913816
7051,0.00942360417602999
7052,0.0089848976535753
7053,0.00758487550763496
7054,0.00510613365938731
7055,0.00232938489970656
7056,-9.04680231674274E-05
7057,-0.00196309057626795
7058,-0.00337529832426945
7059,-0.00458835186613605
7060,-0.00579097833075105
7061,-0.00665784494333373
7062,-0.00664804254385079
7063,-0.00624481071486038
7064,-0.00734484233790614
7065,-0.0114006965560427
7066,-0.0171762442778157
7067,-0.0213472488187875
7068,-0.0217965982328786
7069,-0.0196430024664319
7070,-0.0175107246011941
7071,-0.0164546528308508
7072,-0.0154057112083175
7073,-0.0132376842891501
7074,-0.0102722191637791
7075,-0.0075612474828039
7076,-0.00558417728200189
7077,-0.00414523597184
7078,-0.00297947862167336
7079,-0.00192471210129207
7080,-0.000880421840028448
7081,-8.68463580265773E-05
7082,-4.07472112192379E-05
7083,-0.000484732946447672
7084,0.000179673400997458
7085,0.00347407592865392
7086,0.00865592567298094
7087,0.0128151978175582
7088,0.0137128610357838
7089,0.0120089880931285
7090,0.0101375323626148
7091,0.00943219753528411
7092,0.00910112824523215
7093,0.00780646474270749
7094,0.00534215628826888
7095,0.00252280644710722
7096,0.000116666550736427
7097,-0.00166056468688717
7098,-0.00299930513285904
7099,-0.00425263383672007
7100,-0.00557963986439022
7101,-0.00656472185645031
7102,-0.00662335490105662
7103,-0.00624001610810669
7104,-0.00730547799732289
7105,-0.0112839617354634
7106,-0.0170164168450154
7107,-0.021255520620734
7108,-0.0218437997924233
7109,-0.019772071029632
7110,-0.0176227712564963
7111,-0.0165594998273517
7112,-0.0156070520240831
7113,-0.0135566493170344
7114,-0.0105675323560443
7115,-0.00768503184940057
7116,-0.0055725504070957
7117,-0.00417749891750626
7118,-0.00314787194624085
7119,-0.00210932000242197
7120,-0.000880024435542071
7121,0.000163198800689988
7122,0.000327757904746194
7123,-0.000197134147412015
7124,0.000265023366361207
7125,0.00335198893826365
7126,0.00839369353299084
7127,0.0125062922479693
7128,0.0134453817987708
7129,0.0118274680201995
7130,0.0100156141977974
7131,0.00930078555863756
7132,0.00892142143278216
7133,0.00760842793783089
7134,0.00518114945645528
7135,0.00241285924762443
7136,3.09666040019774E-05
7137,-0.00173272418970721
7138,-0.00303721540477299
7139,-0.00426203918770263
7140,-0.00562320772796599
7141,-0.00668924074791393
7142,-0.00677373501398401
7143,-0.00630054398620278
7144,-0.00723306618961399
7145,-0.0111503490781851
7146,-0.0168993168781282
7147,-0.0211459450716887
7148,-0.0217121165465069
7149,-0.0196807367515867
7150,-0.0176803811192816
7151,-0.0167498894887949
7152,-0.0157474028174155
7153,-0.0134838089437972
7154,-0.0103285866304264
7155,-0.00748334187998932
7156,-0.00554172646121426
7157,-0.00426672558876855
7158,-0.00322884322291019
7159,-0.00212727749875526
7160,-0.000866435011676682
7161,0.000173986142927214
7162,0.000332253876065784
7163,-0.000203636924722716
7164,0.000241200299878739
7165,0.00334905932451575
7166,0.00848903927446135
7167,0.0127269577387352
7168,0.0137119526368104
7169,0.0120308837568514
7170,0.010139476548628
7171,0.00942423026466547
7172,0.00910120529994453
7173,0.007808240095092
7174,0.00533778607127389
7175,0.00252326845924858
7176,0.000127071961299876
7177,-0.00165960428061779
7178,-0.0030175324167172
7179,-0.00426029024909214
7180,-0.0055512265987829
7181,-0.00653939561514002
7182,-0.0066689683123639
7183,-0.00634410242197927
7184,-0.00735005714341151
7185,-0.0111657242784971
7186,-0.016767742159535
7187,-0.0210119112433013
7188,-0.0217066851748326
7189,-0.0197340496899457
7190,-0.017608409378167
7191,-0.016494620771691
7192,-0.0154594840486397
7193,-0.0133638136861549
7194,-0.0104344994803161
7195,-0.00769773299887138
7196,-0.0056843628483532
7197,-0.0042314316674043
7198,-0.0030586275986392
7199,-0.0019828798128447
7200,-0.000889347410613938
7201,-1.87045439590951E-06
7202,0.000158404092292205
7203,-0.000251043156875722
7204,0.000282305770632074
7205,0.00334863343674546
7206,0.00840543728457427
7207,0.0126661466985088
7208,0.0137962527590844
7209,0.0122512914203754
7210,0.0103730838333277
7211,0.00958533043896245
7212,0.009236510396843
7213,0.00802251622375491
7214,0.00564225269696289
7215,0.00279486702376234
7216,0.000241064701763342
7217,-0.00167708463617908
7218,-0.00301091422162564
7219,-0.00412661728474242
7220,-0.00535643674616414
7221,-0.0064195360557114
7222,-0.00664569241522699
7223,-0.00629504518176641
7224,-0.00716479832239074
7225,-0.010881948749584
7226,-0.0165305639478798
7227,-0.0209298365545272
7228,-0.021770354109383
7229,-0.01985473092592
7230,-0.0177093937431254
7231,-0.0165724916925644
7232,-0.0155654188473435
7233,-0.0135165598274344
7234,-0.0105603023275066
7235,-0.00769969018626038
7236,-0.00558222811673573
7237,-0.00417324510010261
7238,-0.00314114976240636
7239,-0.00210726023254109
7240,-0.00087808722610041
7241,0.000154398284885994
7242,0.000268355019791359
7243,-0.000334622754841224
7244,9.37835932809911E-05
7245,0.00325814968591065
7246,0.00847280941769981
7247,0.0127598863039936
7248,0.0137868144230677
7249,0.0121580981161353
7250,0.0102879227081356
7251,0.00951710964788452
7252,0.00909921932948844
7253,0.00776657866001927
7254,0.0053500343715049
7255,0.00262148435480653
7256,0.000262285108212062
7257,-0.00155264180991457
7258,-0.00297097881462898
7259,-0.00428910731024168
7260,-0.00567523795228045
7261,-0.00675409769816497
7262,-0.00689707421641761
7263,-0.00644503147012532
7264,-0.00720961006812375
7265,-0.0108000964947298
7266,-0.0163403226652481
7267,-0.0207197714525443
7268,-0.0216211295818191
7269,-0.0197580621670757
7270,-0.0176129934239972
7271,-0.0164795239078037
7272,-0.0155291428154855
7273,-0.0135422168243171
7274,-0.0105825441873875
7275,-0.00767255250520774
7276,-0.00552823808989592
7277,-0.00410891206366831
7278,-0.0030164237140973
7279,-0.00188372381396651
7280,-0.000632964259247702
7281,0.00028306492480001
7282,0.000246095216168783
7283,-0.00039384401525278
7284,0.000116787488349417
7285,0.0033524578616921
7286,0.00854489266268422
7287,0.012780750161622
7288,0.0138334261150799
7289,0.0123028358386906
7290,0.0104877482592863
7291,0.00964462157376077
7292,0.00908264747634809
7293,0.00768090116286703
7294,0.00534779358157634
7295,0.00276496177345775
7296,0.000445847245730212
7297,-0.00148218932787383
7298,-0.00302427087715726
7299,-0.00431188860068413
7300,-0.00553497773355457
7301,-0.00650178391909817
7302,-0.00669964048341916
7303,-0.00639323101978562
7304,-0.00725780511931157
7305,-0.0108784726550147
7306,-0.0164389986764651
7307,-0.0208367166125381
7308,-0.0217068040155674
7309,-0.0197757477998979
7310,-0.0176031553859542
7311,-0.0164914274317783
7312,-0.0155221152908955
7313,-0.0134489029140374
7314,-0.0104689467584661
7315,-0.00773294856684601
7316,-0.00587015173776096
7317,-0.00461314108949192
7318,-0.00347163041162285
7319,-0.00220245721275175
7320,-0.00085185079165833
7321,0.000171997400952849
7322,0.000331269540522118
7323,-0.000112696528055648
7324,0.000406463817140542
7325,0.00343974526835251
7326,0.00841957146994315
7327,0.0126118035714995
7328,0.0137390317133182
7329,0.0122328145605984
7330,0.0103587713187112
7331,0.00950576499283427
7332,0.00906691042751752
7333,0.00781797123304991
7334,0.0055058980502723
7335,0.00280040187371457
7336,0.000358528892295172
7337,-0.00157849164289114
7338,-0.00305520553574103
7339,-0.00431791276876738
7340,-0.00559548522587149
7341,-0.00662611493850909
7342,-0.00681265663096677
7343,-0.00640702828891018
7344,-0.00714029657672011
7345,-0.0106715949232633
7346,-0.0162372043098399
7347,-0.020737848125654
7348,-0.02174857964958
7349,-0.0199042799147235
7350,-0.0177212892805667
7351,-0.0165515169266071
7352,-0.0155630208363809
7353,-0.0135329045002346
7354,-0.0105953052754261
7355,-0.00782680052231551
7356,-0.00584929781410919
7357,-0.00445417803545733
7358,-0.00322193509330906
7359,-0.00194761546712511
7360,-0.00066668102529668
7361,0.000263700394381314
7362,0.000358143340882458
7363,-0.000116165871839398
7364,0.000370657950011647
7365,0.00336029040838586
7366,0.0083440864021592
7367,0.0126447256502571
7368,0.0139354805137599
7369,0.0125138132364357
7370,0.0105782714864002
7371,0.00960679129701457
7372,0.0091305038941155
7373,0.00793672512792408
7374,0.00564539355757799
7375,0.00283327155043829
7376,0.000229668301664171
7377,-0.00176880552820797
7378,-0.0031565282884675
7379,-0.00429004224516911
7380,-0.00553485750334771
7381,-0.00664708572085363
7382,-0.00694228559413785
7383,-0.00660058769465238
7384,-0.00735783505236292
7385,-0.010905468124977
7386,-0.0164847337843849
7387,-0.0209876669896309
7388,-0.0219950495028177
7389,-0.020144906169678
7390,-0.0179367212342179
7391,-0.0167267527054608
7392,-0.0157406107017827
7393,-0.0137932331953229
7394,-0.0109369861398079
7395,-0.00810310843417849
7396,-0.00590337245664064
7397,-0.00432593120605741
7398,-0.00314339740003032
7399,-0.00208561667365158
7400,-0.000928389186469154
7401,9.60795471334682E-05
7402,0.000333387836585199
7403,-0.000174400489748594
7404,0.000135093060266779
7405,0.00304493002234993
7406,0.00815252963739179
7407,0.0125996245172525
7408,0.0138502171921629
7409,0.0122675991330989
7410,0.0103013017615427
7411,0.00950358779065532
7412,0.0091843420370241
7413,0.00791915863200261
7414,0.00543126361885587
7415,0.00258481290948323
7416,0.000184506590228923
7417,-0.00161988139495462
7418,-0.00305977919650571
7419,-0.00440524546646201
7420,-0.00574034036984921
7421,-0.00671950975307985
7422,-0.00683662576085585
7423,-0.00645453050333596
7424,-0.00726559242102547
7425,-0.0108125200870667
7426,-0.0163269412817142
7427,-0.0208254802721851
7428,-0.0219342298135037
7429,-0.0201797749232294
7430,-0.0179562021625367
7431,-0.0166575940927784
7432,-0.0156081055388896
7433,-0.0136381754178088
7434,-0.0107525509800706
7435,-0.00789262894085585
7436,-0.00574338760533883
7437,-0.00430944471630891
7438,-0.00327443816900732
7439,-0.00227556917286474
7440,-0.00109205203340958
7441,-2.32489713859981E-05
7442,0.000235231791168751
7443,-0.000273408031943094
7444,1.51575029344471E-05
7445,0.00288373671307315
7446,0.00795797289799533
7447,0.0124198922964511
7448,0.0137293433621812
7449,0.012197973326824
7450,0.0102445815489273
7451,0.00944981622554497
7452,0.00915937111538595
7453,0.00793106672999883
7454,0.00544219584848677
7455,0.00255608145564976
7456,0.00013347135889608
7457,-0.00162902705019991
7458,-0.00297789230235425
7459,-0.00424007073933912
7460,-0.00554498278043146
7461,-0.00655111808423746
7462,-0.00671866284626087
7463,-0.00636356774870429
7464,-0.00715916557262991
7465,-0.0106837228579145
7466,-0.0162251221876576
7467,-0.0208024339064717
7468,-0.0219728317847156
7469,-0.0202052463895454
7470,-0.0179268528835627
7471,-0.0166173598179474
7472,-0.0156315523730025
7473,-0.0137520752148939
7474,-0.0109380647224643
7475,-0.00813137779360992
7476,-0.00600152633232465
7477,-0.0044830781986819
7478,-0.00323067927668455
7479,-0.00200060491204182
7480,-0.000760430857085341
7481,0.000144789855488066
7482,0.000185153439476022
7483,-0.000403940016699686
7484,-4.44933073659496E-05
7485,0.00291351289522131
7486,0.00801268886644821
7487,0.012481199459866
7488,0.0138330819692762
7489,0.0123308429519381
7490,0.0103117839216314
7491,0.00938452041434066
7492,0.00902622574452395
7493,0.00787280700505613
7494,0.00553075620745693
7495,0.00273301002214341
7496,0.000295454480334799
7497,-0.00153207778718869
7498,-0.00295639894607857
7499,-0.00433223100137781
7500,-0.00579634787942601
7501,-0.00690683099993709
7502,-0.00699324121738828
7503,-0.0063858299747932
7504,-0.00694921888815726
7505,-0.0104380018007649
7506,-0.0161065744453867
7507,-0.0207848355014748
7508,-0.0219259351858997
7509,-0.0200961181339244
7510,-0.0178678750619509
7511,-0.016705025101108
7512,-0.0158017878200328
7513,-0.013844465403916
7514,-0.0108798317759933
7515,-0.00800874552217573
7516,-0.00595488975956916
7517,-0.00457587394683094
7518,-0.00342645848790183
7519,-0.00221494650464736
7520,-0.000897617622950709
7521,0.0001681313350252
7522,0.000384478666518388
7523,-0.000129234481507504
7524,0.000136542373294164
7525,0.00289313609271284
7526,0.0078244155082171
7527,0.0122489742338363
7528,0.0136621786608522
7529,0.0122599429083658
7530,0.0103389049758901
7531,0.00949456093765852
7532,0.00919126595439981
7533,0.00805704914363532
7534,0.0057045514456712
7535,0.00286281475118955
7536,0.000328882491309193
7537,-0.00161993264548801
7538,-0.00307930935280393
7539,-0.00431178367447775
7540,-0.00553427267875882
7541,-0.00652825712056006
7542,-0.00675100831550876
7543,-0.006403386864278
7544,-0.00711039298327256
7545,-0.0105547316982102
7546,-0.0161332035114143
7547,-0.0208090665195
7548,-0.0219954457426066
7549,-0.0201515545434657
7550,-0.0178559182579455
7551,-0.0166695301109098
7552,-0.0158100217075619
7553,-0.0138771524075327
7554,-0.0108610188711792
7555,-0.0079244655998889
7556,-0.00587526130304776
7557,-0.00455623789793222
7558,-0.0034436889087057
7559,-0.00222217087524558
7560,-0.000892918403290803
7561,0.00016329739530198
7562,0.00038063853674399
7563,-0.000102803078495629
7564,0.000188630890573024
7565,0.00294388130644027
7566,0.00788922405914843
7567,0.0123829546272629
7568,0.0138639796591207
7569,0.0124240010740211
7570,0.0103598496764371
7571,0.00940693751823743
7572,0.00914549314971134
7573,0.00813864179244273
7574,0.00582725450997975
7575,0.00288269877607256
7576,0.000234602621268844
7577,-0.00168993289026459
7578,-0.00300935459159873
7579,-0.00414339991599702
7580,-0.00540697445912018
7581,-0.00653047541032238
7582,-0.0068647392755668
7583,-0.00655644875745091
7584,-0.00722673402939536
7585,-0.0105750649250245
7586,-0.0160628972438669
7587,-0.0207617913898163
7588,-0.0221175549339759
7589,-0.020452010400719
7590,-0.0181593128206907
7591,-0.0168062892099388
7592,-0.0158312089236214
7593,-0.0139967783529487
7594,-0.0111714100796858
7595,-0.00825080671207401
7596,-0.00597581355513136
7597,-0.00442085727309819
7598,-0.00330796832389874
7599,-0.00227805718995476
7600,-0.00106482920472895
7601,9.84853439932964E-05
7602,0.000489418431286866
7603,-1.30810717517189E-05
7604,3.33284866924428E-05
7605,0.002556111179797
7606,0.00750704991195492
7607,0.0122033942020285
7608,0.0138637404844584
7609,0.01246988977375
7610,0.0104164334044801
7611,0.00953771605565216
7612,0.00932994350691279
7613,0.00821917459833112
7614,0.00571564742332731
7615,0.00274004681708766
7616,0.000318815529398962
7617,-0.00135598131171241
7618,-0.00270391880514904
7619,-0.00412630917545861
7620,-0.00561758184169421
7621,-0.00669158274353475
7622,-0.00683749409107826
7623,-0.00647200620891184
7624,-0.00724975602368425
7625,-0.0106516896377598
7626,-0.0159919958878261
7627,-0.0204679391958892
7628,-0.0217519538274479
7629,-0.0202143226592322
7630,-0.0180961717657124
7631,-0.0168217852225942
7632,-0.0158356868909729
7633,-0.0139846405669091
7634,-0.0111803155131831
7635,-0.00831419731666639
7636,-0.00611662738827512
7637,-0.00462856513072088
7638,-0.0035000445133522
7639,-0.00234725772789026
7640,-0.00101285490620621
7641,0.000123332030120119
7642,0.000362503519251782
7643,-0.000210664363754661
7644,-3.24200975078149E-05
7645,0.00266822384676117
7646,0.00760421483929141
7647,0.0121212441023806
7648,0.0137218274744775
7649,0.0125227230244672
7650,0.0106736438373086
7651,0.00969700064326474
7652,0.00915374621292056
7653,0.00784419854711874
7654,0.00545348708385102
7655,0.00264249668569196
7656,0.000121297697625203
7657,-0.00183674479852479
7658,-0.0032812474313185
7659,-0.00446046033204595
7660,-0.00561696242447327
7661,-0.00655031327929377
7662,-0.00671519730366696
7663,-0.00631342577713602
7664,-0.00697913401475209
7665,-0.0104001230879746
7666,-0.0159901792676128
7667,-0.0207584457077332
7668,-0.0221405320510521
7669,-0.0205133217782816
7670,-0.0183022143441458
7671,-0.0170128440928635
7672,-0.0160106388308791
7673,-0.0141058943482389
7674,-0.0113031074849416
7675,-0.00852715012701755
7676,-0.00635126414841334
7677,-0.00467247605477421
7678,-0.00327700341389721
7679,-0.00208377966327336
7680,-0.00100804309596735
7681,-0.000147226349839883
7682,8.28361066960309E-05
7683,-0.000300590770541589
7684,-1.48678530628944E-05
7685,0.00262247585693261
7686,0.00751326953867698
7687,0.012139066709294
7688,0.0138606358311094
7689,0.0125911755312235
7690,0.0105356668165244
7691,0.00947311279648081
7692,0.00908130609680827
7693,0.00801000874537734
7694,0.00576319540106554
7695,0.00301315310639248
7696,0.00057901567171072
7697,-0.00127533350601922
7698,-0.00272563206537876
7699,-0.00407254087990816
7700,-0.00545905838687714
7701,-0.00655602451307561
7702,-0.00677424971990309
7703,-0.00633144389374703
7704,-0.00688687086119079
7705,-0.0101893062950214
7706,-0.0157530682845479
7707,-0.0206207426656153
7708,-0.0221166816992203
7709,-0.0204772244754832
7710,-0.0181402391844274
7711,-0.0167595223585703
7712,-0.0157684132312542
7713,-0.0138645160461443
7714,-0.0109378492236798
7715,-0.00800779592925732
7716,-0.00587198237786586
7717,-0.00449050610267778
7718,-0.00343076196959765
7719,-0.00233256666042194
7720,-0.00106814276248216
7721,4.44838284707195E-05
7722,0.000350126553336508
7723,-0.000172989315409844
7724,-9.94935068618077E-05
7725,0.00240015976872924
7726,0.00725498682982976
7727,0.0118812514799193
7728,0.0135867539127258
7729,0.0123056518064109
7730,0.0103054834258799
7731,0.00938953246919783
7732,0.00917453362259087
7733,0.0081963368371474
7734,0.00588242998460269
7735,0.00293845833308398
7736,0.000316734706082822
7737,-0.00158423297306579
7738,-0.00291467164121136
7739,-0.00408187001829969
7740,-0.00536869851048992
7741,-0.00648847681748926
7742,-0.00677294129800255
7743,-0.0063446105360649
7744,-0.00685840634841251
7745,-0.0101292589825892
7746,-0.0157022280989547
7747,-0.0205757007211156
7748,-0.022033053362664
7749,-0.0203488539736311
7750,-0.0180395395301939
7751,-0.0167784464222268
7752,-0.0159407675104885
7753,-0.0141646804483909
7754,-0.0113322735319411
7755,-0.008463771905676
7756,-0.00631403802409249
7757,-0.00480027124008557
7758,-0.00354159948351904
7759,-0.00232087434435349
7760,-0.00110567536840732
7761,-0.000139448103832876
7762,0.000106480404681913
7763,-0.00029283000873837
7764,-1.01253994844409E-05
7765,0.00260644693164898
7766,0.00743275154364684
7767,0.0120014578092467
7768,0.0137423281035176
7769,0.0125587289804632
7770,0.0105827967505371
7771,0.00956082458837289
7772,0.00920803002887338
7773,0.00819384557839782
7774,0.00595913257065863
7775,0.00310305336588487
7776,0.000484874765351782
7777,-0.00147938863396189
7778,-0.00284915309659764
7779,-0.00397573327648881
7780,-0.00518208166444959
7781,-0.00627411498956395
7782,-0.00661915964095529
7783,-0.00625506576769372
7784,-0.00670748417377613
7785,-0.00978224436336951
7786,-0.0151921844663826
7787,-0.0201155798969382
7788,-0.0218094915065755
7789,-0.0203296584045826
7790,-0.0180353443367179
7791,-0.0166777024403968
7792,-0.0158071621289779
7793,-0.0140831213902615
7794,-0.011244846703371
7795,-0.00824327176918895
7796,-0.0059703215600995
7797,-0.00451446676199594
7798,-0.00345998270154407
7799,-0.00237257513140936
7800,-0.00107599675413579
7801,0.000101078046951261
7802,0.000492160342897253
7803,8.07249317729186E-05
7804,0.000256226385773412
7805,0.00276128972103346
7806,0.00748884884414494
7807,0.0119559648844177
7808,0.0136303590373169
7809,0.0124844906416563
7810,0.0106351485126838
7811,0.00969617800922106
7812,0.00927399929230436
7813,0.00810656904890712
7814,0.00582150889084241
7815,0.00308654205950196
7816,0.000603282692779513
7817,-0.00141013339618334
7818,-0.00300027387732459
7819,-0.00431383775249795
7820,-0.00553175352179356
7821,-0.00652198907033312
7822,-0.00678613419557734
7823,-0.00639650567411109
7824,-0.00683976574256397
7825,-0.00992617739511154
7826,-0.0153983344040213
7827,-0.0203825066481072
7828,-0.0220304694231401
7829,-0.0203950119363461
7830,-0.0179691582145567
7831,-0.016610020392237
7832,-0.0158202714154047
7833,-0.014150634138353
7834,-0.0113216926391498
7835,-0.00833587983927363
7836,-0.00608122398907743
7837,-0.00458448219587549
7838,-0.00343426034374597
7839,-0.00229623878194826
7840,-0.00105812760133006
7841,1.1557310633053E-05
7842,0.000333447412311114
7843,-0.000122269058940824
7844,-3.06223670588906E-05
7845,0.00238376146443737
7846,0.00714041164471464
7847,0.0117918090691045
7848,0.0136480923389295
7849,0.012494518278486
7850,0.0104713029369599
7851,0.00941747724312332
7852,0.00909347188506065
7853,0.00812854562320683
7854,0.00592393845151461
7855,0.00309669345688991
7856,0.000520670688238769
7857,-0.0014443655131986
7858,-0.0029285124800485
7859,-0.0042502432916
7860,-0.00559394691183354
7861,-0.00666797558728747
7862,-0.00689989032371803
7863,-0.00647551568340168
7864,-0.00697896420814441
7865,-0.010121186598364
7866,-0.0154952636887164
7867,-0.0202898161837967
7868,-0.0218841400050372
7869,-0.0204016120761202
7870,-0.0181213378732851
7871,-0.0166810449457866
7872,-0.0156605745567615
7873,-0.0138834072512249
7874,-0.0111798412559456
7875,-0.00837487125797987
7876,-0.00614136445198714
7877,-0.00450977646396713
7878,-0.00323636556354263
7879,-0.00209106518255748
7880,-0.000921867332527366
7881,7.72824779242676E-05
7882,0.000346942110675758
7883,-0.000141493670147368
7884,-3.55684616893103E-05
7885,0.00245371624897048
7886,0.00729825058196705
7887,0.0119848011110879
7888,0.0138183725946926
7889,0.0126363110105083
7890,0.0106089015680471
7891,0.00954666152993462
7892,0.00917719790138253
7893,0.00815353632738891
7894,0.00593732422223381
7895,0.00317125382470995
7896,0.000690199756238328
7897,-0.00120999371423669
7898,-0.00268935571739408
7899,-0.00404065644572192
7900,-0.00539205778483576
7901,-0.00641104987054445
7902,-0.00653615901108584
7903,-0.00601663312607213
7904,-0.00650870151032827
7905,-0.00974756576899764
7906,-0.0152860688067976
7907,-0.0202478976572754
7908,-0.0219748357936249
7909,-0.0205883447738415
7910,-0.0183706681913484
7911,-0.0169465024055897
7912,-0.0158867434294585
7913,-0.0140373347129577
7914,-0.0112723606101897
7915,-0.00844345761623294
7916,-0.00622034113639138
7917,-0.00462568688281668
7918,-0.00341467822323011
7919,-0.00232695217890956
7920,-0.00113484410454797
7921,1.28166693871247E-05
7922,0.000475013630244575
7923,5.70312820913965E-05
7924,4.24587961065384E-05
7925,0.00234588927707208
7926,0.00711575977541985
7927,0.0118541369230823
7928,0.0137310699694915
7929,0.0125157562659205
7930,0.0104763528198621
7931,0.00951803910407415
7932,0.00928838805241363
7933,0.00828275466654608
7934,0.00594849441331701
7935,0.00306389336533921
7936,0.000546123796333757
7937,-0.0013667305668812
7938,-0.00289266374936204
7939,-0.00428291857319494
7940,-0.0056335024134321
7941,-0.00668265761913134
7942,-0.00690906368391494
7943,-0.00642734163539102
7944,-0.00673337184440564
7945,-0.00964777357739197
7946,-0.0150040734276138
7947,-0.0200393773464913
7948,-0.0218895908586891
7949,-0.0204562546208417
7950,-0.0181001822911608
7951,-0.0166750048921068
7952,-0.0157602278597761
7953,-0.0139780417434833
7954,-0.0111037764245947
7955,-0.00817361747580348
7956,-0.0060347563374333
7957,-0.00460395445748488
7958,-0.00342108322689597
7959,-0.00224752879814485
7960,-0.00107966259769099
7961,-0.000126630971611184
7962,0.000191185292892391
7963,-0.000151849586812983
7964,-3.11667533602724E-05
7965,0.00220395480299486
7966,0.00674305460932737
7967,0.0114121682978491
7968,0.0135369472171741
7969,0.0126361078085201
7970,0.0106475690873448
7971,0.00950391068968534
7972,0.00917594534791877
7973,0.00832009216452357
7974,0.00617666140527642
7975,0.00326671777074559
7976,0.000569670884729714
7977,-0.00139211085995991
7978,-0.00273701935946466
7979,-0.00393805586282683
7980,-0.00532957429195714
7981,-0.0065977047132492
7982,-0.00697551426749963
7983,-0.00646308943271703
7984,-0.00667387360722472
7985,-0.00956885645457516
7986,-0.0149632272365553
7987,-0.0199987176865346
7988,-0.0218115202690551
7989,-0.0203937862795313
7990,-0.0181398719081326
7991,-0.016829162639401
7992,-0.0159715565585223
7993,-0.0142139143639533
7994,-0.0113876706963877
7995,-0.00851554596717584
7996,-0.00638546013880811
7997,-0.00491404803483979
7998,-0.00371390184263267
7999,-0.0025798210034163
8000,-0.00143181825015215
8001,-0.000384024200032736
8002,0.000114614677803792
8003,-0.000104699836501103
8004,-4.54216978348246E-06
8005,0.00215136964663499
8006,0.0067107788214573
8007,0.0115302554213904
8008,0.01379454781936
8009,0.0128825180744036
8010,0.0107573659474374
8011,0.00949045333148843
8012,0.00912564550272248
8013,0.00826897537258781
8014,0.00610945696400974
8015,0.003207846463944
8016,0.000590108922964262
8017,-0.0012840319079395
8018,-0.00264119959383356
8019,-0.00394162494460141
8020,-0.00538267724554237
8021,-0.00658676751273715
8022,-0.00690470264163452
8023,-0.00646988150884938
8024,-0.00683473155696644
8025,-0.00977689595880832
8026,-0.0150765895861005
8027,-0.0200579210137145
8028,-0.0220007992890108
8029,-0.0207810597444273
8030,-0.0185572657139922
8031,-0.0170677750114526
8032,-0.0160248793322171
8033,-0.0142449661090183
8034,-0.0114860879647825
8035,-0.0085841248605982
8036,-0.00628576639081991
8037,-0.00464376913708212
8038,-0.00338313902793028
8039,-0.00226001775517509
8040,-0.00110689579174401
8041,-5.10277428119876E-05
8042,0.0003718887410884
8043,-1.39450984488957E-05
8044,-4.8888186030338E-05
8045,0.00211935771017474
8046,0.006802363244782
8047,0.0117050469020912
8048,0.0139271177870714
8049,0.0129305540467637
8050,0.0108222185133368
8051,0.00969462140559816
8052,0.00946351362985043
8053,0.00861747125240211
8054,0.00637103491666314
8055,0.00339264796667279
8056,0.000749744352059087
8057,-0.00114358878603574
8058,-0.00253442379416669
8059,-0.00382598502697548
8060,-0.00517567011824709
8061,-0.00627001814617895
8062,-0.00656162572646846
8063,-0.00619863925778591
8064,-0.00665957054491021
8065,-0.00966716232904494
8066,-0.0150107359918633
8067,-0.0200221180348461
8068,-0.0219463084972088
8069,-0.020647070996902
8070,-0.0183527132782044
8071,-0.0168879724345404
8072,-0.0159550793203816
8073,-0.0142645586569033
8074,-0.0114933021243919
8075,-0.00851336840172275
8076,-0.00618589809436781
8077,-0.00464196125167088
8078,-0.00357816940289815
8079,-0.00264265381450797
8080,-0.00157052858037524
8081,-0.000474711965032349
8082,4.76250329582061E-05
8083,-0.000245868205408734
8084,-0.000218428346545873
8085,0.00198270412076088
8086,0.00666303263865281
8087,0.0115400935824497
8088,0.0137711693177879
8089,0.0128609652348537
8090,0.0108575807020378
8091,0.00973517079145006
8092,0.00938934118122893
8093,0.00844024588120343
8094,0.00622779156386035
8095,0.00337432427839882
8096,0.000796874511022569
8097,-0.00114190960029751
8098,-0.00259852243735226
8099,-0.00391096071091328
8100,-0.00529867786664583
8101,-0.00651011837935831
8102,-0.00691382296312839
8103,-0.00651239945599372
8104,-0.00678229897084486
8105,-0.00960776180425984
8106,-0.0149072323155098
8107,-0.0199792311325297
8108,-0.0219704176902431
8109,-0.0207191136024434
8110,-0.0184701672930754
8111,-0.0170039098483347
8112,-0.0159633275021052
8113,-0.0141281857134267
8114,-0.0113511183282588
8115,-0.00855699667236323
8116,-0.00641235286694731
8117,-0.00481278566058195
8118,-0.00347754089785431
8119,-0.00231658053982345
8120,-0.00123251422686343
8121,-0.000214884690737228
8122,0.00034181178935045
8123,0.000162901604731002
8124,0.00015757538264166
8125,0.00209377307741148
8126,0.00647356342113064
8127,0.0112275095793515
8128,0.0134679303246891
8129,0.0125145091939645
8130,0.0104017549926824
8131,0.0092778089896717
8132,0.0091018281250815
8133,0.00831411169393511
8134,0.00608365476367194
8135,0.00312171469212866
8136,0.000553614048763771
8137,-0.00124134793519775
8138,-0.00259899151088196
8139,-0.00394529462935824
8140,-0.00538280469325531
8141,-0.00655912261065301
8142,-0.00692778040781483
8143,-0.00659798966793476
8144,-0.00695673674235281
8145,-0.00971232119488933
8146,-0.0148076265956527
8147,-0.0197749186066349
8148,-0.0218952678715627
8149,-0.020863815339395
8150,-0.0187060935785069
8151,-0.0171836462441868
8152,-0.0160911468946687
8153,-0.0142889556776735
8154,-0.0115557438838169
8155,-0.00874459187087466
8156,-0.00657246980196767
8157,-0.00501532078454488
8158,-0.00376483502852881
8159,-0.00262690474650636
8160,-0.00146835504046797
8161,-0.000354030077154775
8162,0.000242485529949896
8163,5.65106511867143E-05
8164,5.48049295243261E-05
8165,0.00201848349213897
8166,0.00641960607225085
8167,0.0111950234205024
8168,0.0135149312737733
8169,0.0127144140793246
8170,0.0107337911559785
8171,0.00960652955132887
8172,0.00930867379174607
8173,0.00842939345219118
8174,0.00623867881313567
8175,0.00337026816916941
8176,0.000798171853947811
8177,-0.00111560464514906
8178,-0.00256218593170422
8179,-0.00385405977989999
8180,-0.00516034175909542
8181,-0.00628241365812772
8182,-0.00672000538988664
8183,-0.00648880375698981
8184,-0.00689294630168008
8185,-0.00966927489619258
8186,-0.0148170468856653
8187,-0.0198302229024598
8188,-0.0218926533700406
8189,-0.0206930091255291
8190,-0.0183879542782644
8191,-0.0168718400798487
8192,-0.0159247482328905
8193,-0.0142681102943768
8194,-0.0115741463570759
8195,-0.0087140927495229
8196,-0.00648647505200487
8197,-0.00490677687401794
8198,-0.00364807589967566
8199,-0.00250052463137885
8200,-0.001349883030331
8201,-0.000285704278148155
8202,0.000217040630237513
8203,-8.66376742509848E-05
8204,-0.000189772808449567
8205,0.00175588862371645
8206,0.00627567180501278
8207,0.01126275274558
8208,0.0137341593192663
8209,0.0128933752067875
8210,0.0107227153230295
8211,0.00944467688144018
8212,0.0091694875935174
8213,0.00842360848738118
8214,0.00630708823494756
8215,0.00337840635613084
8216,0.000693343843755854
8217,-0.00127943311063098
8218,-0.00273352476035179
8219,-0.004062597585033
8220,-0.00546529865159845
8221,-0.00666906501879514
8222,-0.00707744122147336
8223,-0.00669099123260767
8224,-0.00689298236180883
8225,-0.00952763308351507
8226,-0.014662568196772
8227,-0.0197906272783404
8228,-0.0220262071953362
8229,-0.0209597349241458
8230,-0.0186958769164525
8231,-0.0171725366143559
8232,-0.0162582861466183
8233,-0.0146904442879186
8234,-0.0120427562466845
8235,-0.0090864960398996
8236,-0.00666292779149098
8237,-0.00495425821948844
8238,-0.00374032300553272
8239,-0.00272878221849687
8240,-0.00162848407668067
8241,-0.000465010281792594
8242,0.000173331472271571
8243,-0.000100402722638946
8244,-0.000285660858268892
8245,0.00157602187913105
8246,0.0060875958104045
8247,0.0111128758268935
8248,0.0136095354046489
8249,0.0127844705501385
8250,0.010661325003967
8251,0.00945355135163809
8252,0.00920440707327226
8253,0.00840459698699755
8254,0.0062050430610626
8255,0.00324293938781213
8256,0.000593164223404194
8257,-0.00131451618985357
8258,-0.00270300732030879
8259,-0.0039663210618591
8260,-0.00532216139381466
8261,-0.00654844414160992
8262,-0.00705915620523548
8263,-0.00677262438623231
8264,-0.00696709448124228
8265,-0.00948166484692246
8266,-0.0144906616354882
8267,-0.0195851334534899
8268,-0.021872519188669
8269,-0.0208705427976504
8270,-0.0186413963467972
8271,-0.0171274182129595
8272,-0.0161948221072418
8273,-0.0145660188509352
8274,-0.0118462100223135
8275,-0.00889171573435722
8276,-0.00658004844061169
8277,-0.00499822494525242
8278,-0.00378116962127775
8279,-0.00261841919946761
8280,-0.00137054487688484
8281,-0.000215230651125981
8282,0.000289011501052939
8283,-7.07083274301181E-05
8284,-0.000190140876794146
8285,0.00180547123721604
8286,0.00637277767706596
8287,0.0113594989757574
8288,0.0138406576840317
8289,0.0130923267328366
8290,0.0110458860056436
8291,0.00977379536128341
8292,0.00932519647370047
8293,0.00836683770032548
8294,0.0062112685296784
8295,0.00346453803660615
8296,0.00100299783583827
8297,-0.000917484616154111
8298,-0.00251315830635755
8299,-0.00401173461618224
8300,-0.00546002629400629
8301,-0.00659680340508479
8302,-0.0069349318843015
8303,-0.00652561267939663
8304,-0.0067083450531071
8305,-0.00929087757372368
8306,-0.0143770899157855
8307,-0.0195056235693544
8308,-0.0217690632855031
8309,-0.0207047998985427
8310,-0.0184185686235749
8311,-0.0168945697386818
8312,-0.0160056263214806
8313,-0.0144383088063205
8314,-0.0117537961293256
8315,-0.00879030438433715
8316,-0.00643263268176223
8317,-0.00478762468632762
8318,-0.00352856521042599
8319,-0.00239585752608917
8320,-0.00126071987441689
8321,-0.000228001043128892
8322,0.000243125428960411
8323,-5.71163902881634E-05
8324,-0.000144776757124262
8325,0.00174515573085466
8326,0.00610770386357383
8327,0.0109336486898403
8328,0.0133753256004998
8329,0.0126536256237488
8330,0.0106289728216062
8331,0.00940478814891399
8332,0.00910468093956208
8333,0.00836923876373715
8334,0.00637380941873148
8335,0.00362847362105722
8336,0.00106454974997094
8337,-0.000929949571199816
8338,-0.00250856536782753
8339,-0.00393962785029841
8340,-0.00533121670991943
8341,-0.00644836131973026
8342,-0.00682087364672768
8343,-0.00651807562953176
8344,-0.00684456538914968
8345,-0.00950597740413416
8346,-0.0145426357446356
8347,-0.01957231092325
8348,-0.0218343906747912
8349,-0.0208859983662008
8350,-0.0186775907283063
8351,-0.0170604071776827
8352,-0.0159883716790733
8353,-0.0143569873360498
8354,-0.0117993307115666
8355,-0.00900040676829572
8356,-0.00666989158381924
8357,-0.00492957351268562
8358,-0.00360079583525191
8359,-0.00248795060229878
8360,-0.0013755286656276
8361,-0.000281652432352123
8362,0.000287803757056857
8363,3.99866698159171E-06
8364,-0.000187910610434415
8365,0.00156709969497168
8366,0.00589455377042598
8367,0.0108427111828763
8368,0.0135025978088423
8369,0.0129589085538032
8370,0.0109725166134721
8371,0.0096776596785329
8372,0.00932016649226047
8373,0.00859582549078427
8374,0.00658743839334705
8375,0.00370067649662127
8376,0.000943092623491541
8377,-0.00108309160344304
8378,-0.00245328317028472
8379,-0.00364281530595401
8380,-0.00503840469966872
8381,-0.00641923922763738
8382,-0.00703506503375605
8383,-0.00670842770153228
8384,-0.00680967082686916
8385,-0.00931738731180858
8386,-0.0144160130973571
8387,-0.0195964200323626
8388,-0.0219001662233699
8389,-0.0208701281650537
8390,-0.0186097328785653
8391,-0.0170581224772019
8392,-0.0160770092296391
8393,-0.0144357555966431
8394,-0.0117888601984408
8395,-0.00894724106512955
8396,-0.00666214490015809
8397,-0.00496568690450877
8398,-0.00361329290464391
8399,-0.00247162831952759
8400,-0.00140483197881984
8401,-0.000386120641534832
8402,0.000186681351094951
8403,-1.53311310413664E-05
8404,-0.000161078691172202
8405,0.0015485483733595
8406,0.00582091942785717
8407,0.0107932494240295
8408,0.0135259446180308
8409,0.0130222529668713
8410,0.0110396887919979
8411,0.00976415027646517
8412,0.00943464088259583
8413,0.00868903649949754
8414,0.00661346262650794
8415,0.00368834562554814
8416,0.000943802612150551
8417,-0.00109082816468028
8418,-0.00253436938636959
8419,-0.0037877229678716
8420,-0.00515082112434431
8421,-0.00643819732004477
8422,-0.00699759154512494
8423,-0.00665112360596303
8424,-0.00667475490103137
8425,-0.00902985134220952
8426,-0.0140238414799658
8427,-0.0192528427282796
8428,-0.0217004078507262
8429,-0.0207698755487662
8430,-0.0185237509539357
8431,-0.0169743849128924
8432,-0.0160251779389347
8433,-0.0143886766608547
8434,-0.0116705547306513
8435,-0.00874317794816412
8436,-0.00646574797271184
8437,-0.00488370693486361
8438,-0.00364687722632579
8439,-0.00251746984284327
8440,-0.00136822946018236
8441,-0.000273369665552894
8442,0.000291495404281555
8443,2.57230867353692E-05
8444,-0.00013842312598538
8445,0.00165621492888016
8446,0.00605630712649849
8447,0.0110765720546811
8448,0.0137293598904374
8449,0.013097527415269
8450,0.0110450345527498
8451,0.00976596688588222
8452,0.00942992516189965
8453,0.00865655503416432
8454,0.00660416329858148
8455,0.0037975902749695
8456,0.0011833678325718
8457,-0.000840971785297919
8458,-0.00241154629802203
8459,-0.00380691558009913
8460,-0.00520840271842739
8461,-0.00643212809799333
8462,-0.00690427421970026
8463,-0.00649582776322354
8464,-0.00648622971724376
8465,-0.00885389800036667
8466,-0.0139428429550644
8467,-0.0193370550314966
8468,-0.0219314857262072
8469,-0.0210436162799324
8470,-0.0187456243814861
8471,-0.017141791542609
8472,-0.0162081424944015
8473,-0.0146435123339817
8474,-0.0119889001089276
8475,-0.00907638039045392
8476,-0.0067728629624484
8477,-0.00514488266633812
8478,-0.00384517996443668
8479,-0.00262770041586874
8480,-0.00136835839066568
8481,-0.000166369064598519
8482,0.000456422977071493
8483,0.000143803632157542
8484,-0.000191582044872122
8485,0.00138318963157038
8486,0.00567101015082766
8487,0.0107924645183577
8488,0.0136877932891395
8489,0.0132393383862896
8490,0.0111892879325996
8491,0.00981372643144789
8492,0.00945013943332112
8493,0.00876201435060216
8494,0.00679410952534712
8495,0.0039676097137947
8496,0.00126342314893761
8497,-0.000810711200111299
8498,-0.00233576291583642
8499,-0.0036179549121992
8500,-0.00489580215432248
8501,-0.0060513691149782
8502,-0.00657991708649992
8503,-0.00635604133552468
8504,-0.0065357262891715
8505,-0.00893904162468575
8506,-0.0139035081088442
8507,-0.0191848726583807
8508,-0.0218191803191131
8509,-0.0210574072759566
8510,-0.0187982464883444
8511,-0.0170991402404652
8512,-0.0160545711656073
8513,-0.014460623328474
8514,-0.0118123653264014
8515,-0.00885625064620852
8516,-0.00647134992614066
8517,-0.00479684353015193
8518,-0.00350193234603152
8519,-0.00231105871919589
8520,-0.00111795209609233
8521,-6.14054581916822E-05
8522,0.000404003775352079
8523,8.34303517619086E-05
8524,-7.00797051012498E-05
8525,0.00167130056665999
8526,0.00586350784592901
8527,0.0106522724077095
8528,0.0132799029959743
8529,0.0128655859806169
8530,0.0110575515951071
8531,0.00984247584748061
8532,0.00941789396619724
8533,0.00858022858873011
8534,0.00657688900915391
8535,0.00386788547756804
8536,0.00131243002545025
8537,-0.000699923930934811
8538,-0.00227143987386666
8539,-0.00366870035474965
8540,-0.0050776607593308
8541,-0.00631519268231059
8542,-0.00682051164623068
8543,-0.00648697014464927
8544,-0.0065692342067129
8545,-0.00895489504653324
8546,-0.0139249731138702
8547,-0.0191324235459187
8548,-0.0216286531254543
8549,-0.0208106625643539
8550,-0.0186688521948795
8551,-0.0171645385777966
8552,-0.0162251138288984
8553,-0.0146226667168075
8554,-0.0119785338819324
8555,-0.00910779626869094
8556,-0.00678903582051394
8557,-0.00504671196892499
8558,-0.00360923084030565
8559,-0.00236212300910009
8560,-0.00122782081420818
8561,-0.000200043120111841
8562,0.000361324043820921
8563,0.000151911817768827
8564,-2.63139743854891E-05
8565,0.00160726434776201
8566,0.00581052023840385
8567,0.010774863066272
8568,0.0135200827760127
8569,0.01295583755338
8570,0.0108398987754306
8571,0.00948399294375448
8572,0.00923075625852724
8573,0.0086751985794788
8574,0.00678319037475679
8575,0.00397951411608398
8576,0.00130327321680263
8577,-0.000742630846480763
8578,-0.00232900783564677
8579,-0.00380226485171881
8580,-0.00528682084003367
8581,-0.00649369471295596
8582,-0.00688407090066633
8583,-0.00647352641203602
8584,-0.00656355113097268
8585,-0.00896695534462383
8586,-0.0139124008486454
8587,-0.019116845700807
8588,-0.0217017800455639
8589,-0.0210000747392876
8590,-0.0188632183913235
8591,-0.0172252766136753
8592,-0.0161453333280741
8593,-0.0145225815931152
8594,-0.0119529010053104
8595,-0.00913325289008191
8596,-0.0067981456122164
8597,-0.00504403995003133
8598,-0.00366596815545504
8599,-0.0025052471687754
8600,-0.00137941040859063
8601,-0.000246628484455565
8602,0.000452257773998627
8603,0.000295857940688922
8604,4.14262857171243E-05
8605,0.0015317041576277
8606,0.00564393140467971
8607,0.0106639735572379
8608,0.0136134680785214
8609,0.013294366980192
8610,0.011309870354626
8611,0.00988794844953533
8612,0.00943138298529525
8613,0.00867816097336628
8614,0.0066781645155096
8615,0.00382242124086579
8616,0.00109980735390586
8617,-0.000938656246779595
8618,-0.00237106570804938
8619,-0.00358045045341037
8620,-0.0048941991879392
8621,-0.00618468446922868
8622,-0.00682211773881933
8623,-0.00656383474757701
8624,-0.00659031100601044
8625,-0.00886586847754349
8626,-0.013827116496383
8627,-0.0191803723522949
8628,-0.0218535162416176
8629,-0.0210828487391127
8630,-0.0188429549917187
8631,-0.0172206384631424
8632,-0.0162457161465619
8633,-0.0146707983173721
8634,-0.0120424694086304
8635,-0.00914895088390716
8636,-0.00679563451080931
8637,-0.00503736557497912
8638,-0.00362174430720231
8639,-0.00244518990484455
8640,-0.00140500602557351
8641,-0.0004241333017173
8642,0.000183933872020401
8643,6.05841550361818E-05
8644,-9.82628902806931E-05
8645,0.00147194664618385
8646,0.00564872857770955
8647,0.010746221685098
8648,0.0137540812741796
8649,0.0134134783202934
8650,0.0113438992897424
8651,0.00987925940385649
8652,0.00950001962319222
8653,0.00889460270346182
8654,0.00697891169992759
8655,0.00406003410588207
8656,0.00116938951216767
8657,-0.00102026176495108
8658,-0.00249845707313051
8659,-0.00366011567202689
8660,-0.00491306985443491
8661,-0.00618567894444139
8662,-0.00681950156153762
8663,-0.00649493135679614
8664,-0.00636485481530842
8665,-0.00846814262318722
8666,-0.0133619903823811
8667,-0.0188064568046191
8668,-0.0216622326826134
8669,-0.0210393338379597
8670,-0.0188415714294204
8671,-0.0171888414108446
8672,-0.0161894332592121
8673,-0.0146250938530974
8674,-0.0120021197481833
8675,-0.0090678632217087
8676,-0.00665221684386449
8677,-0.00487694471378103
8678,-0.00351636284841886
8679,-0.00241451094295522
8680,-0.00139377470674418
8681,-0.000367834790060503
8682,0.000272226441258935
8683,8.19079394626471E-05
8684,-0.000233892948885612
8685,0.00120872301824731
8686,0.00540611071779812
8687,0.0106539467613613
8688,0.013781922787548
8689,0.013393236170547
8690,0.0111513021134968
8691,0.00957580453246545
8692,0.00927177865309965
8693,0.0088702885596006
8694,0.00714478684781252
8695,0.00433727393270149
8696,0.00150293957863421
8697,-0.000682627869581724
8698,-0.00224997440631173
8699,-0.00357508747353955
8700,-0.00494785637981512
8701,-0.00621192488133928
8702,-0.00678103151094028
8703,-0.00647636447321454
8704,-0.006465511413359
8705,-0.00865043926820358
8706,-0.0134807094152601
8707,-0.0187678613646212
8708,-0.0214978688156872
8709,-0.0208344848262547
8710,-0.0186620689392388
8711,-0.0170972162988216
8712,-0.016256713024926
8713,-0.0148623492767759
8714,-0.0123109431204959
8715,-0.00932538976627316
8716,-0.00684127509024696
8717,-0.00507715398282799
8718,-0.00376184936071686
8719,-0.00262041794899336
8720,-0.001455494924059
8721,-0.000291577535570706
8722,0.000380117299133082
8723,0.000130340253719435
8724,-0.000263674519506289
8725,0.00110445268643781
8726,0.00520366883687927
8727,0.0103351641160568
8728,0.0133980297681384
8729,0.0130639902754679
8730,0.0109849551245061
8731,0.00958206611657187
8732,0.00934675153881137
8733,0.00887458242547631
8734,0.00701782134686321
8735,0.00414591523935889
8736,0.00137361534259296
8737,-0.000679620340509669
8738,-0.00214491974607803
8739,-0.00344096244149464
8740,-0.00482521959748001
8741,-0.00609543039220972
8742,-0.00664953116883484
8743,-0.00631149797441841
8744,-0.00625591211745653
8745,-0.00840957321027911
8746,-0.0132656043573458
8747,-0.0186596908234632
8748,-0.0215471913896084
8749,-0.0210195543346084
8750,-0.018893103506849
8751,-0.0172636742583448
8752,-0.0162987903040656
8753,-0.0148250525601913
8754,-0.0123156161190249
8755,-0.00944688150911535
8756,-0.00700808007387532
8757,-0.00513831441199523
8758,-0.00367710324667118
8759,-0.00254076937202424
8760,-0.00155949979893793
8761,-0.000557360050511622
8762,0.000174253001778447
8763,0.000158465606851498
8764,-6.82724798306294E-05
8765,0.00125783464357825
8766,0.00521943211224729
8767,0.0103240677942372
8768,0.0135117909184486
8769,0.013298339080418
8770,0.0111845474307696
8771,0.00960896322005453
8772,0.00920068091852894
8773,0.00865851149945292
8774,0.00683043750614022
8775,0.00402013501314726
8776,0.00128763622668199
8777,-0.000755158202144867
8778,-0.00220433997317705
8779,-0.00344535879981307
8780,-0.00476600520478659
8781,-0.00605495512893407
8782,-0.00675533365433942
8783,-0.00659667375659166
8784,-0.00659371536246725
8785,-0.00863284676995208
8786,-0.0133396584605113
8787,-0.0186863106345616
8788,-0.0216036778018356
8789,-0.0210652772137086
8790,-0.0188639573939139
8791,-0.0171878125966705
8792,-0.0162463322488211
8793,-0.0147796204977219
8794,-0.0121877421885075
8795,-0.00922562448390234
8796,-0.00681872836973082
8797,-0.0051018865631916
8798,-0.00376163454589872
8799,-0.00260699486606533
8800,-0.00152821785963689
8801,-0.000472775130950339
8802,0.000241819249627484
8803,0.000213754699631289
8804,3.42336716929805E-05
8805,0.00143500675689968
8806,0.00543232125333104
8807,0.0105076481899742
8808,0.0136259297236688
8809,0.0133480805174935
8810,0.0112161585797943
8811,0.00969364977524274
8812,0.00939826944805715
8813,0.00896584076415696
8814,0.00715712201834892
8815,0.00423957546405982
8816,0.00134454356048051
8817,-0.000790203198371691
8818,-0.0022196864424083
8819,-0.00343435067063846
8820,-0.00484111897537241
8821,-0.00627503516233898
8822,-0.0069745380909996
8823,-0.00656652750694729
8824,-0.00623421137002074
8825,-0.00814179629737442
8826,-0.0129918282584819
8827,-0.0185644794604248
8828,-0.0215747274434642
8829,-0.0209862218452607
8830,-0.0187357823853492
8831,-0.0170980082740126
8832,-0.0162272456853723
8833,-0.0147731239674104
8834,-0.0121291746257719
8835,-0.00912299512407031
8836,-0.00674068394977678
8837,-0.00509946079434713
8838,-0.00380792876131616
8839,-0.00262044146274869
8840,-0.00146302575362394
8841,-0.000378759083014046
8842,0.000262813121021268
8843,0.000102403295292753
8844,-0.000192202128750357
8845,0.00115000990884876
8846,0.00516315906636878
8847,0.0103586719215663
8848,0.0136900464817878
8849,0.0136001033051266
8850,0.011487839384918
8851,0.00981813832255912
8852,0.00937687838216827
8853,0.0089542064944684
8854,0.00730015682303013
8855,0.00455978797290018
8856,0.00176872048332224
8857,-0.000360997051422893
8858,-0.00186315629447432
8859,-0.00315455756100092
8860,-0.00454370793634168
8861,-0.00586838379066804
8862,-0.00653053456297634
8863,-0.00629992245613523
8864,-0.00625475654089672
8865,-0.00829074401204818
8866,-0.0130184942597375
8867,-0.0184257677469974
8868,-0.02144560372487
8869,-0.0209820628593115
8870,-0.0187602770908727
8871,-0.017017782946419
8872,-0.0160774201660352
8873,-0.0146818100040023
8874,-0.0121049962347128
8875,-0.00904715620708177
8876,-0.00656143303298604
8877,-0.00491465367237162
8878,-0.00371657977479278
8879,-0.00258403926997699
8880,-0.00138432790148453
8881,-0.000265801847373382
8882,0.000295012084868959
8883,-1.24980021482109E-05
8884,-0.000383863876714578
8885,0.000998386372451259
8886,0.00508278237568572
8887,0.010292404700629
8888,0.0135992988124585
8889,0.0135233194495161
8890,0.0114727675373858
8891,0.00983326205947318
8892,0.00933879914072247
8893,0.00884159788783624
8894,0.00718551084528017
8895,0.00449356530324833
8896,0.00167780258027838
8897,-0.000591683979621261
8898,-0.00221949081988884
8899,-0.00348628185555064
8900,-0.00475531060794516
8901,-0.00603851258867719
8902,-0.00677341504566987
8903,-0.00656311219099232
8904,-0.00635770056910433
8905,-0.0081676102454871
8906,-0.0128315224793252
8907,-0.0184001010257995
8908,-0.0216567128057036
8909,-0.021352684980184
8910,-0.0192025111260251
8911,-0.0174944497048664
8912,-0.0165465699129656
8913,-0.0150750306964282
8914,-0.0123935105339644
8915,-0.00927913843644007
8916,-0.00680110253900902
8917,-0.00517396486382926
8918,-0.00396640262898375
8919,-0.00279216924452317
8920,-0.00150731351664208
8921,-0.000242405520501498
8922,0.000475553289335152
8923,0.000213164687604762
8924,-0.000286609784319608
8925,0.000897720545075462
8926,0.00488256901693135
8927,0.0101173641187497
8928,0.013426886572785
8929,0.0132167464409967
8930,0.0109965181040013
8931,0.00936801837530269
8932,0.00912118391932126
8933,0.00890696124893407
8934,0.00733275242635834
8935,0.0045209103265708
8936,0.00159476174997693
8937,-0.000637216555343061
8938,-0.00218665459384374
8939,-0.00352251217039807
8940,-0.00500156603915349
8941,-0.00642115050541571
8942,-0.00706326363078698
8943,-0.00662601898335016
8944,-0.00627639783472732
8945,-0.00810096723761279
8946,-0.0128194502492376
8947,-0.0183536566165738
8948,-0.0214952758097344
8949,-0.0210790990107994
8950,-0.0188553596364676
8951,-0.0171103698500685
8952,-0.0162081334400665
8953,-0.014931211512345
8954,-0.0125450848857428
8955,-0.00963610784895421
8956,-0.0071153426484678
8957,-0.00525932967637842
8958,-0.00387700262553758
8959,-0.00275756405080815
8960,-0.00169304353359496
8961,-0.000591135640253585
8962,0.000166668271517007
8963,7.97026816557239E-05
8964,-0.000295085038271387
8965,0.000867268603891207
8966,0.00477253216291908
8967,0.0100370929709811
8968,0.0135422942592289
8969,0.0135752031361108
8970,0.0114689548855611
8971,0.00975445657066741
8972,0.0093021639416369
8973,0.00890619888762683
8974,0.00726546365423877
8975,0.00449576976352603
8976,0.0016469863821177
8977,-0.000540855575365004
8978,-0.00207894748850504
8979,-0.0033721921025257
8980,-0.0047406559981021
8981,-0.00605374123147495
8982,-0.00672333381082165
8983,-0.00648039001752357
8984,-0.00635998919523806
8985,-0.00827979927340458
8986,-0.0129332195053759
8987,-0.0183690899935915
8988,-0.0214999836877047
8989,-0.0211553366724759
8990,-0.0189983312687374
8991,-0.0172572925467731
8992,-0.0162996577923478
8993,-0.0149335479440024
8994,-0.0124517914573386
8995,-0.00947592008269751
8996,-0.00694001446033708
8997,-0.00510052109807186
8998,-0.00372408991155896
8999,-0.00259194391740782
9000,-0.00152572022262438
9001,-0.000441909165247887
9002,0.000313057510228092
9003,0.000257578824350409
9004,-9.85089854430398E-05
9005,0.00100257498490603
9006,0.00477027281196627
9007,0.0099096757836307
9008,0.0133957769327237
9009,0.0135332516776737
9010,0.011584787740513
9011,0.00997093567967158
9012,0.00948658369596043
9013,0.00894796675078158
9014,0.007165908453774
9015,0.00435653188030245
9016,0.00155846291243423
9017,-0.000581855198435764
9018,-0.00212299108614269
9019,-0.0034250716367709
9020,-0.0047759203849206
9021,-0.00611155275023972
9022,-0.00691593456457429
9023,-0.00684694016668101
9024,-0.00676094932574563
9025,-0.00851125498161449
9026,-0.0129490058176143
9027,-0.0183352065709637
9028,-0.0216148399851013
9029,-0.0214601772901243
9030,-0.0193816986086608
9031,-0.0175937322712994
9032,-0.0165398234881455
9033,-0.0150960794268183
9034,-0.0125942182081506
9035,-0.0096719969650088
9036,-0.00722152173741897
9037,-0.00539320741819172
9038,-0.00388688430557537
9039,-0.00256030711116952
9040,-0.00139455715215882
9041,-0.00036977535435511
9042,0.000264893292061969
9043,0.000152195978980501
9044,-0.000188886611484041
9045,0.000934025187899367
9046,0.00472101909433649
9047,0.00992454630145522
9048,0.0134958778559875
9049,0.0136191522156761
9050,0.0115059608154432
9051,0.00972251635859175
9052,0.00926493354362546
9053,0.0089404435621899
9054,0.00731407890453779
9055,0.00440892580863473
9056,0.00136809031395165
9057,-0.000887422528941176
9058,-0.00231374507298746
9059,-0.0034515434166784
9060,-0.00479673580080118
9061,-0.00624679983310421
9062,-0.00706751813798374
9063,-0.00682139765677767
9064,-0.00652699344373264
9065,-0.0082604800938756
9066,-0.0128917291057111
9067,-0.0184846736996432
9068,-0.0217983982861313
9069,-0.0215136311990683
9070,-0.0192987449806507
9071,-0.0174946323326428
9072,-0.0165315886133925
9073,-0.0151794643334075
9074,-0.0126903294504676
9075,-0.00971727721358652
9076,-0.00723211207610101
9077,-0.00544427578249388
9078,-0.00403430595646498
9079,-0.00278579076333151
9080,-0.00162737826029939
9081,-0.000555945031806568
9082,0.000120865627125282
9083,2.49518846177825E-06
9084,-0.000401301964118216
9085,0.000611469926959762
9086,0.00427765007875811
9087,0.00943575826721936
9088,0.0131282286107462
9089,0.0135216967440881
9090,0.0116597319493582
9091,0.00993059159045604
9092,0.00933805320740684
9093,0.0088834615786744
9094,0.0072914613051262
9095,0.00453780325103212
9096,0.00160230483871029
9097,-0.000660214513969096
9098,-0.00213008644996842
9099,-0.00327857069180355
9100,-0.00463229890453802
9101,-0.0061309368273769
9102,-0.00699319794597917
9103,-0.00670621504016634
9104,-0.00630497687102159
9105,-0.00795700322524933
9106,-0.0125749892003006
9107,-0.0181838921570249
9108,-0.0215157669000294
9109,-0.0212902809262259
9110,-0.0192065865759754
9111,-0.0175533550283964
9112,-0.0166711900903202
9113,-0.0152988611026732
9114,-0.0127305974045507
9115,-0.0096775152216378
9116,-0.00714597755006905
9117,-0.0053512421037178
9118,-0.00394224130117037
9119,-0.00264416731713922
9120,-0.00136833023082951
9121,-0.000187203344758167
9122,0.000494720762905358
9123,0.000293627502284782
9124,-0.000145975052654444
9125,0.000960220952679389
9126,0.00474852616948011
9127,0.00988079736201375
9128,0.0133747985781328
9129,0.0135761717756231
9130,0.0117058263568977
9131,0.0101196486071283
9132,0.0096332998952474
9133,0.00914854268985694
9134,0.00749176758945515
9135,0.0047770923567139
9136,0.00194375103787409
9137,-0.000331949982291411
9138,-0.0019901025308581
9139,-0.00332736788801365
9140,-0.00466946167544677
9141,-0.00599177469586926
9142,-0.00673756291751094
9143,-0.00650851809912662
9144,-0.00621080769485213
9145,-0.0078469522201937
9146,-0.0123637841439941
9147,-0.0179513322490029
9148,-0.0213931010410866
9149,-0.0212887170165779
9150,-0.019226760320477
9151,-0.0175217970377393
9152,-0.0165952126661971
9153,-0.0152102620906601
9154,-0.0126540180739973
9155,-0.00965546186503593
9156,-0.00721794001342808
9157,-0.00548305581031126
9158,-0.00403982084182373
9159,-0.00267351324157388
9160,-0.00140819843899042
9161,-0.00032053028855805
9162,0.000286456901077847
9163,6.63162929721033E-05
9164,-0.000418718090324145
9165,0.000576778811304353
9166,0.00430479905877761
9167,0.0095401085168499
9168,0.0132035227698274
9169,0.0134196592022783
9170,0.0113612027975181
9171,0.00959757339511603
9172,0.00915791531808729
9173,0.00889592937105002
9174,0.00741231301627692
9175,0.00470831393217673
9176,0.00182734547689282
9177,-0.00041152366215432
9178,-0.00194974943888557
9179,-0.00319199280851661
9180,-0.00452815751099021
9181,-0.00590792137296566
9182,-0.0067329321524535
9183,-0.00659104406770023
9184,-0.00636106435764329
9185,-0.0079868081358391
9186,-0.0123969865716507
9187,-0.0178629173978291
9188,-0.0212757064592037
9189,-0.0212340479858091
9190,-0.0192093006626839
9191,-0.0174398498508636
9192,-0.0164315708395406
9193,-0.0150901274030675
9194,-0.012691281467154
9195,-0.00977175228954484
9196,-0.00719498431668122
9197,-0.00522295696249103
9198,-0.00371224691478856
9199,-0.0025387707857057
9200,-0.00151051778371289
9201,-0.000425746851723904
9202,0.000430945101600558
9203,0.000465742003746734
9204,2.58513111881601E-05
9205,0.00089328930385925
9206,0.00450824704482582
9207,0.00974703258146546
9208,0.013478396635452
9209,0.0137496131000365
9210,0.011728593985871
9211,0.0100054033558307
9212,0.00959034428778478
9213,0.00931159613026299
9214,0.00778636401287454
9215,0.00503165507913222
9216,0.00204594188408099
9217,-0.000396708065703904
9218,-0.00216597422042068
9219,-0.00350779258393185
9220,-0.00475426834864102
9221,-0.00598881057697444
9222,-0.00677151788507326
9223,-0.00666375623403907
9224,-0.00638802380597687
9225,-0.00785778144508132
9226,-0.0121792544928061
9227,-0.0177729618309095
9228,-0.0214222302605996
9229,-0.0214800153307014
9230,-0.0193516913870424
9231,-0.0174611364059685
9232,-0.0164821714187496
9233,-0.0152502841981527
9234,-0.0128660526603371
9235,-0.00985919705159877
9236,-0.00726026004002116
9237,-0.00541648508244486
9238,-0.00406011451147967
9239,-0.00291489713796091
9240,-0.00181714148596844
9241,-0.000705448269943016
9242,0.000100996110534841
9243,0.000108160628951998
9244,-0.000286069766176992
9245,0.000614682318139329
9246,0.00417919876531168
9247,0.00936600669675641
9248,0.0131648269422142
9249,0.0135737189693559
9250,0.0115702523245241
9251,0.00967000550526286
9252,0.00904571593489953
9253,0.00872475394147667
9254,0.0073141473989377
9255,0.00466332997270748
9256,0.0017090911858415
9257,-0.000650413656982173
9258,-0.00219702060499099
9259,-0.00331485126992702
9260,-0.00455417563249519
9261,-0.00600140844153318
9262,-0.00698070527040786
9263,-0.00687311559259826
9264,-0.00648370643969247
9265,-0.00791281002528009
9266,-0.0122776159122634
9267,-0.0178417984806563
9268,-0.0213352010730351
9269,-0.0212803327399681
9270,-0.0192510585073934
9271,-0.0175876095947772
9272,-0.0167128946835176
9273,-0.0153567869884127
9274,-0.0127798447427514
9275,-0.00972164983357912
9276,-0.00722413632715187
9277,-0.00547482118363538
9278,-0.00409904476120277
9279,-0.00288083890658899
9280,-0.00177215159043843
9281,-0.000723156854746639
9282,4.48407721248777E-05
9283,0.000112412148959093
9284,-0.000168250341114429
9285,0.000782773605711948
9286,0.00427866792187522
9287,0.00934742722690162
9288,0.013102946635524
9289,0.013599739973943
9290,0.0117600551818124
9291,0.00999716292051974
9292,0.00942098101940677
9293,0.00906213205671961
9294,0.00757034046852591
9295,0.00484196783236219
9296,0.00183494857280317
9297,-0.000571520528255731
9298,-0.00218938467398428
9299,-0.0033859640605597
9300,-0.00464335315080066
9301,-0.0060094543371163
9302,-0.00686520335688786
9303,-0.00668628230473274
9304,-0.00629805014095472
9305,-0.00774443309989368
9306,-0.0121216208195644
9307,-0.0177520639844437
9308,-0.0213964150351717
9309,-0.0214835574186398
9310,-0.0194537230746275
9311,-0.0176434617551901
9312,-0.0166235695042334
9313,-0.015261888122828
9314,-0.0128098822029079
9315,-0.00989258840914364
9316,-0.00746467900045155
9317,-0.00571044279746513
9318,-0.00428853620378401
9319,-0.00299894515227446
9320,-0.0018000033532198
9321,-0.000676859129990275
9322,8.58753850575154E-05
9323,3.55064554775891E-05
9324,-0.000420230007123625
9325,0.00041638566134429
9326,0.00392650114663308
9327,0.00908248110196623
9328,0.0128884677442461
9329,0.013367625786828
9330,0.0115071463662486
9331,0.00977008582391377
9332,0.00924184112206425
9333,0.00893277227421575
9334,0.00753464083762493
9335,0.00495440493921201
9336,0.00203950020116824
9337,-0.000445550078863197
9338,-0.00223598267998149
9339,-0.00348338226772419
9340,-0.00460029025484972
9341,-0.00582546824601895
9342,-0.00673187646163528
9343,-0.00671177399026054
9344,-0.00635049928581747
9345,-0.00764789416440144
9346,-0.0119208494940775
9347,-0.0176587276786772
9348,-0.0214926681587399
9349,-0.0216052323041252
9350,-0.0194058030845675
9351,-0.0174361502584498
9352,-0.0164234440297976
9353,-0.0151708783569536
9354,-0.0127830827169412
9355,-0.0098503835245066
9356,-0.00738455964129405
9357,-0.00558736138834646
9358,-0.00409548770548454
9359,-0.00275387828032039
9360,-0.0016148359658795
9361,-0.00064545361437589
9362,4.037594729548E-05
9363,0.000110256366690807
9364,-0.000143158063908775
9365,0.000757246624160819
9366,0.00416811209482379
9367,0.00927846029289971
9368,0.0132433077605679
9369,0.0139340389185075
9370,0.012069791011973
9371,0.0100957032620087
9372,0.00935867253211108
9373,0.00905891506705815
9374,0.00777046743422775
9375,0.00517622623508181
9376,0.00211974139039111
9377,-0.000430574758280768
9378,-0.0021038002898704
9379,-0.00319107069652976
9380,-0.00429927198293912
9381,-0.00568245989660438
9382,-0.00676593369193893
9383,-0.00680784084923584
9384,-0.00636918904879206
9385,-0.00750940985685866
9386,-0.0116441634407531
9387,-0.0173536753397262
9388,-0.0212759360059059
9389,-0.021492890886392
9390,-0.0193154238618257
9391,-0.0173134154570263
9392,-0.01632301696012
9393,-0.015172890250586
9394,-0.0128669117916611
9395,-0.00991322527194708
9396,-0.00737379377343055
9397,-0.00555454586013097
9398,-0.00410986791342223
9399,-0.00281000080044715
9400,-0.00164392358375685
9401,-0.000580587626902122
9402,0.000226991449727535
9403,0.000394459411884844
9404,0.000161497076585674
9405,0.000997341804023724
9406,0.00432896993334192
9407,0.00942451524986217
9408,0.0134227480019967
9409,0.0141085733530562
9410,0.0121821158944308
9411,0.0101743282920582
9412,0.00949018092282001
9413,0.00926515426992707
9414,0.00798655661038016
9415,0.00536169688427992
9416,0.00231439440564293
9417,-0.000201558753650549
9418,-0.00190549246304604
9419,-0.00308350950401364
9420,-0.00421134014300965
9421,-0.00548103585842007
9422,-0.00644643816242281
9423,-0.00651467788593502
9424,-0.00619053885224968
9425,-0.00734421783957992
9426,-0.0113542161570844
9427,-0.0169935711707838
9428,-0.0210625567527964
9429,-0.0215404460080923
9430,-0.0194936390629823
9431,-0.0174127663314443
9432,-0.0162896309493541
9433,-0.0151064752015675
9434,-0.0128267484196762
9435,-0.00982820273731609
9436,-0.00717274091196227
9437,-0.00530503537123524
9438,-0.00394981881288257
9439,-0.00276227233652824
9440,-0.00157732544550547
9441,-0.000385040262988905
9442,0.000476015694495711
9443,0.000500553169870543
9444,2.1246249057239E-05
9445,0.000700110374323627
9446,0.004038774932661
9447,0.0092173486075123
9448,0.013274235615136
9449,0.0139974055024881
9450,0.0121312208538837
9451,0.0101812329108322
9452,0.00947873071340147
9453,0.00915494404734463
9454,0.00779296801147929
9455,0.00519483524177845
9456,0.00228012263875856
9457,-8.25735687395967E-05
9458,-0.0016988233112885
9459,-0.00288930899753538
9460,-0.00410036424981176
9461,-0.00544299691208554
9462,-0.0063993081224232
9463,-0.00640038613622464
9464,-0.00606883521731379
9465,-0.00734863659848337
9466,-0.0115300964054392
9467,-0.0172174969528957
9468,-0.0211664505525538
9469,-0.0214975625936871
9470,-0.0194386465819941
9471,-0.0174860780188132
9472,-0.0165134210888333
9473,-0.0154166705201898
9474,-0.0131613383760036
9475,-0.0101402187363762
9476,-0.00739767329640507
9477,-0.00538944990443716
9478,-0.00392550470034338
9479,-0.00274710336612533
9480,-0.00167194673761733
9481,-0.000581620658002564
9482,0.000266963741751952
9483,0.000344264614758919
9484,-0.000101388096801545
9485,0.000551428541235125
9486,0.00385399545057164
9487,0.00907279505991922
9488,0.0132742390418823
9489,0.0141751949986521
9490,0.012413341028697
9491,0.0104597139855868
9492,0.00971457240844937
9493,0.00939238531018249
9494,0.00806831157603814
9495,0.00545634137766708
9496,0.00242420462445467
9497,-0.000104036814749067
9498,-0.00183323765081666
9499,-0.0030485052136275
9500,-0.00424704809948572
9501,-0.00559658221864462
9502,-0.0065681720795358
9503,-0.00653249779925897
9504,-0.00607897452424435
9505,-0.00719184633730688
9506,-0.0112468537475294
9507,-0.0169067222789337
9508,-0.0209110910198263
9509,-0.0213141158580628
9510,-0.0192985438935933
9511,-0.0173753553142305
9512,-0.0164481591517667
9513,-0.0153952668651438
9514,-0.0131336032399396
9515,-0.0100620971893036
9516,-0.00731142257622816
9517,-0.00540037303709804
9518,-0.00407208324996553
9519,-0.00292496524501913
9520,-0.00172977419578814
9521,-0.000483962069944932
9522,0.000414108413282214
9523,0.000432825928340545
9524,-6.59380754418505E-05
9525,0.000600794570246755
9526,0.0039166973375836
9527,0.00905872614727245
9528,0.013109200599248
9529,0.0138850909844021
9530,0.0120920456034615
9531,0.0101912918387093
9532,0.00954740774215147
9533,0.00935013363117415
9534,0.00813406716747647
9535,0.00555241117091658
9536,0.00245859759406812
9537,-0.000143439171255431
9538,-0.00185563072144569
9539,-0.00296049849272871
9540,-0.00407034003157204
9541,-0.00546063710224981
9542,-0.00658104754278723
9543,-0.0066736809155562
9544,-0.00622858542219009
9545,-0.00725769196072275
9546,-0.0112540889302142
9547,-0.0169657778876112
9548,-0.0211046126218103
9549,-0.0216178566507069
9550,-0.0196084086873617
9551,-0.0176063817486868
9552,-0.0166041953092263
9553,-0.0155437254140395
9554,-0.0133225363774035
9555,-0.0102710045610478
9556,-0.00747886720152928
9557,-0.00548356410255212
9558,-0.00407310890547959
9559,-0.00287500414307817
9560,-0.00166764109000956
9561,-0.000445242539776708
9562,0.000412783554286985
9563,0.000409611377619905
9564,-7.4454068891155E-05
9565,0.000615901385023973
9566,0.00392546580769505
9567,0.00905086376290407
9568,0.0131458791131389
9569,0.0140433576803089
9570,0.012342231289994
9571,0.0103720022971858
9572,0.00950599395757351
9573,0.00909508436144662
9574,0.00781271961869302
9575,0.00529092836018317
9576,0.00227291618068467
9577,-0.000280565105362391
9578,-0.00193142130709257
9579,-0.0029570962670426
9580,-0.00404011096967137
9581,-0.00548997395137816
9582,-0.00667373224227266
9583,-0.00673070864800798
9584,-0.00617014757938014
9585,-0.00712010397087276
9586,-0.0111259634391918
9587,-0.0168593837730811
9588,-0.0209471393732434
9589,-0.0213654488452711
9590,-0.019313198415548
9591,-0.0173474791575345
9592,-0.0163950901523772
9593,-0.0153520054965489
9594,-0.0131558836938603
9595,-0.010182827322622
9596,-0.00747585130356001
9597,-0.00548756113411981
9598,-0.0040258003948959
9599,-0.0028454824139983
9600,-0.00177500536185734
9601,-0.000661949032158002
9602,0.000295219594339037
9603,0.000549837773011061
9604,0.000213037038505018
9605,0.000776471815897159
9606,0.00384475217773562
9607,0.00889682043498192
9608,0.0131372068387014
9609,0.0141961481373664
9610,0.0125326264099937
9611,0.010573253424525
9612,0.00982203256962675
9613,0.00956633414601501
9614,0.00833634432680235
9615,0.00579179223511747
9616,0.00282881742537556
9617,0.000404061894607152
9618,-0.00125048566864893
9619,-0.00251581681143859
9620,-0.00388138771104847
9621,-0.0054058136153274
9622,-0.00647926977220133
9623,-0.0064827079072241
9624,-0.00604545236554306
9625,-0.00716851498744239
9626,-0.0112442026749449
9627,-0.0169599575632022
9628,-0.0210379957830689
9629,-0.0214654453120977
9630,-0.0193886476762367
9631,-0.0173658824618292
9632,-0.0163726601976093
9633,-0.0153122302785993
9634,-0.0130950344070749
9635,-0.0101129411043592
9636,-0.00744911743489933
9637,-0.00552223525379044
9638,-0.00404220856822978
9639,-0.00273840110941212
9640,-0.00154306309414354
9641,-0.000418420731935963
9642,0.000435828275629554
9643,0.000552815064452032
9644,9.93978772129093E-05
9645,0.000576991165207286
9646,0.00359890000352884
9647,0.00865425112333053
9648,0.0129282149176369
9649,0.0140201988777813
9650,0.0123892402901778
9651,0.0104713008418314
9652,0.0097364506517619
9653,0.00942152082902449
9654,0.00807330535625514
9655,0.00543155780161579
9656,0.00243106821331049
9657,-1.35617912240708E-05
9658,-0.00169549268730459
9659,-0.00293399264107522
9660,-0.00416646768064669
9661,-0.00552800036475172
9662,-0.00653955111269565
9663,-0.00657646517696997
9664,-0.00611457816051062
9665,-0.00707986128647974
9666,-0.0110170559131815
9667,-0.01681688783802
9668,-0.0211651225518179
9669,-0.0217775860189581
9670,-0.0196259986159818
9671,-0.0174179668280846
9672,-0.0164102343769036
9673,-0.0155479820365572
9674,-0.0134854560212739
9675,-0.0103982517966967
9676,-0.00748124145395139
9677,-0.00545146131479049
9678,-0.00412547604913105
9679,-0.00303104998098669
9680,-0.00187056972232917
9681,-0.000634028243945667
9682,0.000265845768935398
9683,0.000259386666080229
9684,-0.000361766229572747
9685,8.3343578171208E-05
9686,0.00324790230970334
9687,0.00853008731661488
9688,0.0130129139787242
9689,0.0142271057712704
9690,0.0125815667086034
9691,0.010521471526568
9692,0.00963990236187075
9693,0.00933369521206372
9694,0.00817056753416544
9695,0.00572418176052361
9696,0.00275331775095742
9697,0.00018136359384018
9698,-0.00162268355810399
9699,-0.00287186780051405
9700,-0.0040690110321051
9701,-0.00548069562959312
9702,-0.00665065157520104
9703,-0.00683714993711087
9704,-0.00638353859481657
9705,-0.00719490067418808
9706,-0.0109199122126469
9707,-0.0165922089384328
9708,-0.020974635468977
9709,-0.0217391221435827
9710,-0.0197205430558019
9711,-0.0175044875953325
9712,-0.0163545323814597
9713,-0.0153632069147226
9714,-0.0133401906775414
9715,-0.0104581898082053
9716,-0.00772946565560221
9717,-0.00568325151058601
9718,-0.00414324379258251
9719,-0.00283848016750096
9720,-0.00164861127995911
9721,-0.00052401106309371
9722,0.000321536883964741
9723,0.000435266480633376
9724,4.32418964515037E-06
9725,0.00050038882453994
9726,0.00348182396625473
9727,0.00843952463133276
9728,0.0126235076279804
9729,0.0136759034541699
9730,0.0120379024849313
9731,0.0101369086300479
9732,0.00949798082222201
9733,0.0094000015716027
9734,0.00831188137497482
9735,0.00581730764264394
9736,0.00278269260676271
9737,0.000213340201035261
9738,-0.00155292738739855
9739,-0.00280711129632433
9740,-0.00404438135008604
9741,-0.00542771023022299
9742,-0.00644986800762198
9743,-0.00648213474302904
9744,-0.00604102186110627
9745,-0.00704593630773647
9746,-0.0109522419492471
9747,-0.0166079089901146
9748,-0.0208201778036758
9749,-0.0214758924190053
9750,-0.0195308393815708
9751,-0.0174734991382279
9752,-0.0164108989161981
9753,-0.015411471695023
9754,-0.013362425160681
9755,-0.010461319970448
9756,-0.00768152224118518
9757,-0.00557981288047301
9758,-0.00409242084005667
9759,-0.00297957110755681
9760,-0.00196975667782513
9761,-0.000831100060701588
9762,0.000211739825824827
9763,0.000503345291326882
9764,6.031089588819E-05
9765,0.000386850289648833
9766,0.00322579888332628
9767,0.008226283241915
9768,0.0126385279900082
9769,0.0139423487130954
9770,0.0123773077600768
9771,0.0103134412565992
9772,0.00943990327858219
9773,0.00926778097434598
9774,0.00831110448780654
9775,0.00596184665427277
9776,0.00289427847442615
9777,0.000152651257534532
9778,-0.00172480388639472
9779,-0.00293079034766382
9780,-0.00406858324910438
9781,-0.00544886349128759
9782,-0.00655986139605127
9783,-0.00663989672967252
9784,-0.00611981018254032
9785,-0.00697710932660338
9786,-0.0107934232379904
9787,-0.0164768601487789
9788,-0.02078601088834
9789,-0.0215282077087414
9790,-0.0196427035943075
9791,-0.0176597611808559
9792,-0.0166936973880408
9793,-0.0157468582242155
9794,-0.0136559053556333
9795,-0.0106766953337033
9796,-0.00788395794983894
9797,-0.00582637242311043
9798,-0.0043202197123899
9799,-0.00307515918855375
9800,-0.00193872494204746
9801,-0.000815974219458212
9802,0.000109179321547035
9803,0.000346479238919685
9804,-2.59352955819874E-05
9805,0.000385588900723949
9806,0.00321735764063326
9807,0.00816229099853585
9808,0.012580835589017
9809,0.0139715400737114
9810,0.0124986414688071
9811,0.0104736596513538
9812,0.00958448832205715
9813,0.00935050411300314
9814,0.00829228160652843
9815,0.00584270357215449
9816,0.00273636591858184
9817,3.13733866812425E-05
9818,-0.00177134014973488
9819,-0.00289138613402796
9820,-0.00394184371243035
9821,-0.00528553743650067
9822,-0.00648460094000634
9823,-0.00674007626275754
9824,-0.00629819416184933
9825,-0.00700131738065917
9826,-0.0105565918561591
9827,-0.016164202913572
9828,-0.0207024206762467
9829,-0.0217583436646886
9830,-0.0199454274758047
9831,-0.0177228283714525
9832,-0.0164478210977303
9833,-0.0153942700519504
9834,-0.0134267801395888
9835,-0.0106164716339244
9836,-0.00787702889223556
9837,-0.00576273019910148
9838,-0.00419188804170975
9839,-0.00293644350033794
9840,-0.00183607770864719
9841,-0.000778814702439503
9842,5.06333181841899E-05
9843,0.000186688726308749
9844,-0.000222056852631874
9845,0.00026727003334742
9846,0.00324416395229523
9847,0.00829107340079325
9848,0.0127109955577711
9849,0.0140513645425758
9850,0.0125490737389865
9851,0.0105101570505692
9852,0.00956618015533886
9853,0.00925290135557674
9854,0.00820870389302074
9855,0.00594108342918219
9856,0.00307139565948356
9857,0.000435213344796671
9858,-0.00155134971184357
9859,-0.00294116211144617
9860,-0.00411170358384129
9861,-0.00538187702364091
9862,-0.0064720032451463
9863,-0.00671504146956978
9864,-0.00632457134845453
9865,-0.00706443213218068
9866,-0.0106646268670631
9867,-0.0163756254243096
9868,-0.0209990495509041
9869,-0.0219868217169129
9870,-0.0199891596345065
9871,-0.0176866528857131
9872,-0.0165488307299312
9873,-0.0156682536962133
9874,-0.0136705221015468
9875,-0.0106746558566142
9876,-0.00786915743142771
9877,-0.00591401504047024
9878,-0.0045067679714194
9879,-0.00318125040917943
9880,-0.00184017130656024
9881,-0.000618964463426899
9882,0.000202964568698911
9883,0.000272282217611244
9884,-0.000188425063121666
9885,0.000190312789214162
9886,0.0029645712159616
9887,0.00786126912407038
9888,0.0123331270848515
9889,0.0138563135361572
9890,0.0124554792726222
9891,0.0103601828195508
9892,0.00932845586696896
9893,0.00900917084266431
9894,0.00798631832370187
9895,0.0056722665981729
9896,0.0027335959355515
9897,0.000131555650983613
9898,-0.00171666200546345
9899,-0.00301635754741847
9900,-0.00425290745682282
9901,-0.00566784394536148
9902,-0.00682826878429081
9903,-0.00702481228671915
9904,-0.00654431963992846
9905,-0.00719436047295711
9906,-0.0106724963427671
9907,-0.0162375357037223
9908,-0.0208040726542732
9909,-0.0219068116779516
9910,-0.0200993049984403
9911,-0.0178700339304536
9912,-0.0166378517420837
9913,-0.0156444877736872
9914,-0.0136514849184885
9915,-0.0107161475533437
9916,-0.00787760909403562
9917,-0.00579577778646051
9918,-0.00432945964839195
9919,-0.00310727792694835
9920,-0.00192842669495623
9921,-0.000770370688748735
9922,0.0001028489791817
9923,0.000230792417069814
9924,-0.000231149209093694
9925,0.000109107117157359
9926,0.00283018163423469
9927,0.00764655273778276
9928,0.0120449806903717
9929,0.0136077719514358
9930,0.0124111202269527
9931,0.0105715477730115
9932,0.0096674810927357
9933,0.00930622231417606
9934,0.00820747554610906
9935,0.00590900704803122
9936,0.00302795728630858
9937,0.000384127207406827
9938,-0.0016194724855985
9939,-0.00302094320560518
9940,-0.00415709500928089
9941,-0.0053404919490164
9942,-0.00635808267591899
9943,-0.00660767512150268
9944,-0.00625649086731048
9945,-0.0069453920480739
9946,-0.0103792324126496
9947,-0.0159610792920477
9948,-0.0206636677781566
9949,-0.0219122031835428
9950,-0.0201435674907392
9951,-0.0178728556352061
9952,-0.0166205321385015
9953,-0.0156563005251058
9954,-0.0136964756386714
9955,-0.0107891583377384
9956,-0.0080108433518904
9957,-0.00600993324118514
9958,-0.00457153718981186
9959,-0.0032972948443112
9960,-0.00205368755731434
9961,-0.000878857472689412
9962,-6.57491702701399E-06
9963,0.000156544074653697
9964,-0.000247333304313558
9965,0.000138204183593152
9966,0.00291636262128875
9967,0.0078283004373118
9968,0.0122762011350957
9969,0.0137117763880859
9970,0.0122405234345096
9971,0.0101980022683072
9972,0.00932047463439793
9973,0.00910982851439676
9974,0.0080615694921572
9975,0.00567438860665687
9976,0.00275151113586379
9977,0.000248893909124873
9978,-0.00154594257257657
9979,-0.00289501980472468
9980,-0.00418477374875189
9981,-0.00555070616807944
9982,-0.00659747890347526
9983,-0.0067336450161549
9984,-0.00628087224545189
9985,-0.00697862969802429
9986,-0.0104724946502978
9987,-0.0160388305803211
9988,-0.020613002420409
9989,-0.0217198463194383
9990,-0.0199314556066528
9991,-0.0177942640969268
9992,-0.0167223835322493
9993,-0.0158412410458143
9994,-0.013815860454628
9995,-0.0107690403393505
9996,-0.00789185405372716
9997,-0.00587796296909016
9998,-0.00446810041435584
9999,-0.00320460806016126
