T,AI2_filter1
0,5.54972110826982E-22
1,3.91407146127736E-07
2,4.23382215890936E-07
3,-5.55568840044742E-07
4,-9.61290942446169E-07
5,5.54969878973712E-07
6,1.77238550750202E-06
7,-3.1998524462944E-07
8,-3.58876437498061E-06
9,-2.64277777586421E-06
10,2.78584018005514E-06
11,4.16077831880677E-06
12,-3.12024666239887E-06
13,-8.23112107578294E-06
14,-1.35100876476614E-07
15,1.04282798535723E-05
16,4.03345661569846E-06
17,-1.25227957975592E-05
18,-1.05972659841684E-05
19,1.2178142465015E-05
20,1.90120211063858E-05
21,-7.78873776565657E-06
22,-2.71076414772993E-05
23,8.15840265394995E-08
24,3.53406402590569E-05
25,1.39057708268761E-05
26,-3.91518285037854E-05
27,-3.123477112352E-05
28,4.03705850925867E-05
29,5.6798613135892E-05
30,-3.01595090733528E-05
31,-8.25921468711763E-05
32,1.41100004445015E-05
33,0.000116648752160435
34,1.72781345663545E-05
35,-0.000159088671788666
36,-6.31471425599798E-05
37,0.000250116602103778
38,0.000148616967196228
39,-0.000748130972302144
40,-0.00177324473457835
41,-0.0018136370237856
42,-0.000794038015189834
43,5.32871740222944E-05
44,-0.000135980799384827
45,-0.000335938028126057
46,0.00143593962209773
47,0.00558739557834079
48,0.0100288698605238
49,0.0121913823802128
50,0.0115853954444981
51,0.00990395940349088
52,0.00887007112830623
53,0.0085984992072065
54,0.00806689697210453
55,0.0065488947473394
56,0.00422646972861526
57,0.001760526294061
58,-0.000309096922437392
59,-0.00185329175820021
60,-0.00315102086923465
61,-0.00452609006222077
62,-0.00579335053812604
63,-0.0063153337385754
64,-0.0060339869292299
65,-0.00626290743621539
66,-0.00871531102138013
67,-0.0134186478257208
68,-0.0181034191063867
69,-0.020211537751341
70,-0.0193387805454231
71,-0.0172577294934836
72,-0.0157148901628077
73,-0.0148110863212334
74,-0.013589545266689
75,-0.0115351535336697
76,-0.00904632603887745
77,-0.00678633428730274
78,-0.00507982088468803
79,-0.00385355129356715
80,-0.00279369959311167
81,-0.00161065701961289
82,-0.000459121848325503
83,4.01504673666737E-05
84,-0.000322330304046901
85,-0.000458192106563711
86,0.00135383970713256
87,0.00547918340732618
88,0.00999705217358932
89,0.0123382929777219
90,0.0117862421809523
91,0.00991676623581693
92,0.00862804172234168
93,0.00826676675206814
94,0.00781824919167966
95,0.0063874725063093
96,0.00404826730772106
97,0.00150102705690224
98,-0.000622637202832284
99,-0.00213073373426699
100,-0.00327606922185169
101,-0.00441681182100311
102,-0.00548890629803941
103,-0.00598083502951182
104,-0.00582149093105057
105,-0.00617114711363943
106,-0.0086318115912305
107,-0.0132883470359814
108,-0.0179915170774868
109,-0.0201915558325055
110,-0.0193896634560849
111,-0.0173142602604658
112,-0.0157648723587922
113,-0.0148794071200038
114,-0.0136590782512837
115,-0.0115636171166906
116,-0.00904996774213953
117,-0.00682267316901782
118,-0.00512905327054211
119,-0.00380013568386793
120,-0.00258086450556169
121,-0.00135037108539385
122,-0.000305909055209981
123,9.76628488450673E-05
124,-0.000188823202912257
125,-0.000142732986404331
126,0.00174719617089936
127,0.00575630315676164
128,0.0100851324277
129,0.0123306146463647
130,0.0118123234302742
131,0.0100262645075229
132,0.00879032538072885
133,0.00842960110712317
134,0.00794965431104409
135,0.00649114784629147
136,0.00415251835702726
137,0.00161820416824291
138,-0.000525981783717968
139,-0.00210052636182462
140,-0.00330472289427828
141,-0.00444191640616055
142,-0.005471431257018
143,-0.00595480204996943
144,-0.00583723294498655
145,-0.00620937878040125
146,-0.00861445579487093
147,-0.0131784044613585
148,-0.0178494362846803
149,-0.0201142640353142
150,-0.0194085648359809
151,-0.0173693376474909
152,-0.0157695721716379
153,-0.0147909028559539
154,-0.0134882199671974
155,-0.0113438681761867
156,-0.00882155262393305
157,-0.00663802228895451
158,-0.005040056694769
159,-0.00381591353811368
160,-0.00264990903561168
161,-0.00141116447108424
162,-0.000354740538255254
163,1.64858702615234E-05
164,-0.000310015862294211
165,-0.000233133477198824
166,0.00176347822835885
167,0.00586117699477217
168,0.0101752082909417
169,0.0123251964189517
170,0.0117245699612462
171,0.0099261698831186
172,0.00872973996606849
173,0.00841233792387866
174,0.00794447253587405
175,0.0064545185417827
176,0.00407018801210276
177,0.00154872063356483
178,-0.000481123480051116
179,-0.00191499328670314
180,-0.00309553406815193
181,-0.00435877026686779
182,-0.00551687297738711
183,-0.00598404182735181
184,-0.00577041931249794
185,-0.0061774635105925
186,-0.00881352320649357
187,-0.0135966799587412
188,-0.0182275951745906
189,-0.0202133735157786
190,-0.0192651508655335
191,-0.0172361491771003
192,-0.0158335980229664
193,-0.0150096660428476
194,-0.0137000227200982
195,-0.0114706292799881
196,-0.00891656159389834
197,-0.0067667602819623
198,-0.00518199700502804
199,-0.00390881215447079
200,-0.00269216771505056
201,-0.00146871681341492
202,-0.000462484093389323
203,-8.33614045011872E-05
204,-0.000324241054511197
205,-0.000185884724038168
206,0.00174672114926188
207,0.0057012095605486
208,0.00996085978307133
209,0.0122455302420889
210,0.0118712973573717
211,0.0101898164513125
212,0.00890846034845759
213,0.00841098812301014
214,0.00785100568954043
215,0.00643532334344694
216,0.00421321349776846
217,0.00180457633093948
218,-0.000236974629026308
219,-0.00177881531846681
220,-0.00307019457364992
221,-0.00435890195967268
222,-0.00543293890629313
223,-0.0057607178393085
224,-0.00543774044507379
225,-0.00581380103905797
226,-0.00849044530195894
227,-0.0133637814325301
228,-0.0181219254407287
229,-0.020235393966046
230,-0.0193337015459747
231,-0.0172144497276511
232,-0.0156526311957588
233,-0.0147609796218306
234,-0.0135598932473224
235,-0.0115149302210379
236,-0.00904372268703239
237,-0.00682889944531131
238,-0.00515965928501303
239,-0.00390884693507428
240,-0.00278693733869616
241,-0.00160581351893401
242,-0.000564138389439984
243,-0.000178873345716875
244,-0.000508484058495976
245,-0.000451021230095446
246,0.00155948925392334
247,0.00573263689931717
248,0.0101547953674628
249,0.0124012286951145
250,0.0118710653131796
251,0.0101201149993537
252,0.00893904207092914
253,0.00860218124255209
254,0.00811590945084859
255,0.00665076062244801
256,0.00431097549009329
257,0.00177148781667311
258,-0.000370157872348069
259,-0.0019250418019613
260,-0.0031310090819096
261,-0.00434302440140975
262,-0.00549824488523799
263,-0.00606619533876865
264,-0.00594737192063107
265,-0.00630008489009791
266,-0.00874820852404321
267,-0.0133786244965607
268,-0.0180159385344521
269,-0.020109345527211
270,-0.0192148606077321
271,-0.0171173528299284
272,-0.0156067876908038
273,-0.0147644903976895
274,-0.0135633032712567
275,-0.0114812878634709
276,-0.00899122146743452
277,-0.00678678957304286
278,-0.00511131645899412
279,-0.00380863365121914
280,-0.00261470207658912
281,-0.00137685830019966
282,-0.000306445310276778
283,6.64732672188919E-05
284,-0.000331730559907073
285,-0.000368013410422301
286,0.00159822752368902
287,0.00579615693053021
288,0.0102235295315491
289,0.012368516176594
290,0.0116806014873903
291,0.00985300047280128
292,0.00871497975680339
293,0.00842893127663829
294,0.00789873576649825
295,0.0063384356081845
296,0.00395995575534868
297,0.001449843755487
298,-0.000676001759929127
299,-0.00225968821178449
300,-0.00346582495917677
301,-0.0045831907212426
302,-0.005590358098179
303,-0.0060544687623062
304,-0.00591506215877442
305,-0.00629016027945158
306,-0.00875802489891141
307,-0.013406303617225
308,-0.0180805531009458
309,-0.0202224049019146
310,-0.0193446300772568
311,-0.0171923368306751
312,-0.0155644863834446
313,-0.0146053152519889
314,-0.0133538310123156
315,-0.0112975115800548
316,-0.0088623321991064
317,-0.00670525778829093
318,-0.00508788561747056
319,-0.00389010536296231
320,-0.00283192334142445
321,-0.00168579490626656
322,-0.000595790612382134
323,-9.89093614872207E-05
324,-0.000350962450280129
325,-0.000310887878944148
326,0.00164154355103731
327,0.00580789794624612
328,0.0102693087857025
329,0.0124964403112937
330,0.0118293239432414
331,0.00990576168732796
332,0.00864736386810779
333,0.00834363577387236
334,0.00788566710464791
335,0.00636003543884063
336,0.00393755191123696
337,0.00142136623499984
338,-0.000578638339032325
339,-0.00199340302891265
340,-0.00314839246067666
341,-0.00435036482629231
342,-0.00545724815057604
343,-0.00597198663155596
344,-0.00589326186215163
345,-0.00637258738616405
346,-0.00890064265187002
347,-0.0134834993409087
348,-0.0180349870135332
349,-0.0201400397762458
350,-0.0193514330826496
351,-0.0173301570169603
352,-0.0157975428104291
353,-0.014888554915042
354,-0.013639463986443
355,-0.0115156784751973
356,-0.00896868288993683
357,-0.00673956471974691
358,-0.00512448984731159
359,-0.00392950660873527
360,-0.00280824275538116
361,-0.00160463960168829
362,-0.000598902194122595
363,-0.000324444394472781
364,-0.000747439241881719
365,-0.000652296887224564
366,0.00153650466279052
367,0.00590344611119086
368,0.0103784556362165
369,0.0124947939660254
370,0.0117700787603501
371,0.00992811389409862
372,0.0088093592392731
373,0.0085770385052301
374,0.0081013277094952
375,0.00655199733979266
376,0.00415623326349783
377,0.00167119414127096
378,-0.000368087975201711
379,-0.00188848607252582
380,-0.00314068888325632
381,-0.00438114090126705
382,-0.00548001768294169
383,-0.00596066156787256
384,-0.00581634117308097
385,-0.00621203719182515
386,-0.00870024040720712
387,-0.013332429968493
388,-0.0179771142467619
389,-0.020123712314796
390,-0.0192899632290112
391,-0.0171919847840765
392,-0.0156149603770405
393,-0.0147018839981715
394,-0.0134701446623482
395,-0.0113852642515354
396,-0.0088965431497653
397,-0.00670644727001473
398,-0.00507039823309222
399,-0.00380908574066777
400,-0.00262316651419449
401,-0.00135554242690102
402,-0.000230808957641977
403,0.000227511733032205
404,-5.23729286266514E-05
405,3.01900139166573E-07
406,0.00192588202031936
407,0.00593550891145556
408,0.0101480129077099
409,0.0122000402320487
410,0.0115631092552819
411,0.00982159676090152
412,0.00870531981994013
413,0.00838112058100202
414,0.00781507490527618
415,0.0062573612102534
416,0.0039222382968231
417,0.00149476482049593
418,-0.000528434955686689
419,-0.00204862411287659
420,-0.00328000425576692
421,-0.00447515762356758
422,-0.0055161094979554
423,-0.00593655820639843
424,-0.00576114852493613
425,-0.00620602633116778
426,-0.0088253825163841
427,-0.0135772192758776
428,-0.0182192691945956
429,-0.0202384283149691
430,-0.0192626933196784
431,-0.0171037351830244
432,-0.0155393037151675
433,-0.0146511720387926
434,-0.01342862596728
435,-0.0113449874239591
436,-0.00885465164145256
437,-0.00666872800678003
438,-0.00507788740214671
439,-0.0039248094129916
440,-0.0028618811650173
441,-0.0016484394048068
442,-0.000491791915811831
443,1.45080052834047E-05
444,-0.000259102858034008
445,-0.000206149995633585
446,0.00179320108478432
447,0.00596571220227114
448,0.0103556898147569
449,0.0125084786370031
450,0.0118641460613936
451,0.010048928871746
452,0.00886625891451953
453,0.00852999674518945
454,0.0079896997803842
455,0.0064372700833213
456,0.00405499122230469
457,0.00156137949526854
458,-0.000488852007281797
459,-0.00198217050262908
460,-0.00317163904208648
461,-0.00435789740403294
462,-0.00544710062246375
463,-0.00596692328285205
464,-0.00589736203797049
465,-0.00637578640441303
466,-0.00890320536580372
467,-0.013481181276815
468,-0.0179859595140069
469,-0.0199838125835718
470,-0.0190750000202015
471,-0.0169958465991492
472,-0.015490586426026
473,-0.0146468985483636
474,-0.0134418562201444
475,-0.0113221369304729
476,-0.00875785077282801
477,-0.00652071530579537
478,-0.00493424412351877
479,-0.00381046751026442
480,-0.00276614435621616
481,-0.00158173244100186
482,-0.000507129719269214
483,-0.000116544934435184
484,-0.000451159854629919
485,-0.00033609545688737
486,0.00181775801289685
487,0.00612962370154608
488,0.0105542900103554
489,0.0126348410070918
490,0.0118841026258511
491,0.0100080408871543
492,0.00883725922815505
493,0.00854914327387316
494,0.00802851451522829
495,0.00642784214809925
496,0.00395462777673783
497,0.00140653999514649
498,-0.00060088134067831
499,-0.00198782465542998
500,-0.00311684855044121
501,-0.00434756359475854
502,-0.0055055087117767
503,-0.00598768333015063
504,-0.00577629473575944
505,-0.00617317594746745
506,-0.00880906125059309
507,-0.0136039112652026
508,-0.0182348979022406
509,-0.0202037871357788
510,-0.0192489182191299
511,-0.0172415801945398
512,-0.015870129314304
513,-0.0150610558812614
514,-0.0137450723727613
515,-0.0114803944149833
516,-0.00884400384778231
517,-0.00659498151986181
518,-0.00499828839290772
519,-0.00386261583841505
520,-0.00282168862080723
521,-0.00161541550575887
522,-0.00044497565938439
523,5.74592097700118E-05
524,-0.000284518343743506
525,-0.000332002113057536
526,0.0016409575146799
527,0.00590022592095765
528,0.0103714168747163
529,0.0124510374303619
530,0.0116108094506257
531,0.00968331642225449
532,0.00860357042657161
533,0.00847094329810689
534,0.00801745739519875
535,0.00637992733440464
536,0.00388391551318477
537,0.00137368075001145
538,-0.000638569085628852
539,-0.0021466534341838
540,-0.00339966267561772
541,-0.0045938132484319
542,-0.00559338900836469
543,-0.00601893069898657
544,-0.00596437520096767
545,-0.00656379536906703
546,-0.00920744282965104
547,-0.0138065141776494
548,-0.0182569491703514
549,-0.0202202660402074
550,-0.0193593052706615
551,-0.0173693083009104
552,-0.0158876067464923
553,-0.0149474638277668
554,-0.0135991048741957
555,-0.0114169512288715
556,-0.00889586580182317
557,-0.0066844017766299
558,-0.00499009726938698
559,-0.00368655764913968
560,-0.00257310778801456
561,-0.00149883608384036
562,-0.000569407679129272
563,-0.000191787453034973
564,-0.000443468552962282
565,-0.00033281564066551
566,0.00166482425302249
567,0.00581953281688615
568,0.0102415584901519
569,0.0124214737739965
570,0.0116974606869444
571,0.00972353596679108
572,0.00844892510987085
573,0.00815120038558032
574,0.00767515293047414
575,0.00610056124926085
576,0.00365454298325624
577,0.00117803717514845
578,-0.000770262683327448
579,-0.00220424183580011
580,-0.00344665961251193
581,-0.00470144040898211
582,-0.00574453022339906
583,-0.00612503019531088
584,-0.00597546664756946
585,-0.0065232759553578
586,-0.0091897999099251
587,-0.0138330936227855
588,-0.0182886331771241
589,-0.0202044087029659
590,-0.0192590587682278
591,-0.01717178495468
592,-0.0156251392870501
593,-0.0147076078698397
594,-0.0134685664427463
595,-0.0113949815773056
596,-0.00889291871490275
597,-0.0066305802848857
598,-0.00491862907525039
599,-0.00367181517453927
600,-0.00260583895313052
601,-0.00148423935936211
602,-0.000462857612972257
603,-7.49279321651337E-05
604,-0.00041436654761309
605,-0.000359258187576579
606,0.00170197559617351
607,0.00593135733190953
608,0.0102647037319435
609,0.0122097588631075
610,0.0113393431842311
611,0.00948712445408192
612,0.00850275829028991
613,0.00840209547824721
614,0.00790836955439283
615,0.00622091569184342
616,0.00373050539257698
617,0.00128480444407148
618,-0.000662685511295389
619,-0.00216570001404476
620,-0.00347538421667867
621,-0.00473131633264727
622,-0.00573653304878215
623,-0.0061024076222184
624,-0.00597243096397763
625,-0.00653899223804136
626,-0.00920106404762156
627,-0.0138246138168844
628,-0.0182656025603832
629,-0.0202021627536569
630,-0.0193436182556167
631,-0.017388891081203
632,-0.0159201838448322
633,-0.0149274010415211
634,-0.013492998465239
635,-0.0112715231444504
636,-0.00880587344138197
637,-0.00672310439064677
638,-0.00516211132220043
639,-0.00391826335558596
640,-0.0027479287493049
641,-0.00154412296340976
642,-0.000532428052555964
643,-0.000191850221215998
644,-0.000511724784629386
645,-0.000338939082134277
646,0.00186092821397716
647,0.0061637560237228
648,0.0105225484340698
649,0.01252758272364
650,0.0117431787586455
651,0.00986675594160074
652,0.00867470574052545
653,0.00834289733124602
654,0.00784211898070127
655,0.00638078793692208
656,0.00407256462040984
657,0.00155135418651136
658,-0.000593765312295687
659,-0.00212321489809209
660,-0.00324821307125835
661,-0.00436807165848253
662,-0.00546885999696614
663,-0.00602194781677457
664,-0.00593484163305099
665,-0.00640865072248973
666,-0.00905069380279753
667,-0.0138026763379998
668,-0.018353046905614
669,-0.0202228888737546
670,-0.0191965445454401
671,-0.0171630383221059
672,-0.0157611453047284
673,-0.0148718830033101
674,-0.013474276888174
675,-0.0112225318769676
676,-0.00870086168037581
677,-0.00655656932316845
678,-0.00495295966173824
679,-0.00372465139991585
680,-0.00262065487249553
681,-0.0014577799344437
682,-0.000409382564188663
683,-1.1451485485745E-05
684,-0.000356083758001378
685,-0.000299701500940308
686,0.00179795640745551
687,0.00610709667784378
688,0.01055763092815
689,0.0126444637651314
690,0.0118842568323761
691,0.0100106318352314
692,0.00884303732104645
693,0.00853544195106049
694,0.00800274887899217
695,0.00645130587371352
696,0.00406497260175031
697,0.0015355081838644
698,-0.00057892377243291
699,-0.00211182515807282
700,-0.0032748308852053
701,-0.00438248238990157
702,-0.00538136406928502
703,-0.00584087377375976
704,-0.00579915281444462
705,-0.00643902159303398
706,-0.009201101923909
707,-0.0139166329787505
708,-0.0183522603286099
709,-0.0201732814835293
710,-0.019177729790108
711,-0.0171482699994687
712,-0.015679871099124
713,-0.0147455728375737
714,-0.0134134029788415
715,-0.0112920569088172
716,-0.00884863221405642
717,-0.0066922250859107
718,-0.00504838547399345
719,-0.00381040155019087
720,-0.00272238608631514
721,-0.00157438695019389
722,-0.00053266269292309
723,-0.000128524515299142
724,-0.000438442585084859
725,-0.000322346038154571
726,0.00182085344203278
727,0.00611943809466082
728,0.0104896611526911
729,0.0124383882379546
730,0.0115228621080546
731,0.0095585344386456
732,0.00844003103704163
733,0.00829230620021181
734,0.00789487082471174
735,0.006361131432072
736,0.00393687798332602
737,0.00142596099782983
738,-0.000633793892357223
739,-0.0022042364988867
740,-0.00352071855751663
741,-0.00474400296978298
742,-0.00568809763531637
743,-0.00599059738983887
744,-0.00585085129463536
745,-0.00648313954950609
746,-0.00922925564987606
747,-0.0138813667473563
748,-0.0182849686742627
749,-0.0201471634698461
750,-0.0191801111679803
751,-0.0170855710845067
752,-0.0155177213824979
753,-0.0145616786702456
754,-0.0132818837747863
755,-0.0111818201834411
756,-0.00868115785564907
757,-0.0064493716913251
758,-0.00477456265051603
759,-0.00354993009125514
760,-0.00251429141884584
761,-0.00147841312149264
762,-0.000577075935701389
763,-0.000221957011460438
764,-0.000406611635964345
765,-7.75623658420436E-05
766,0.00217986897519484
767,0.00641315766705
768,0.0106435989311752
769,0.0125312707143866
770,0.0116655764193986
771,0.00976824293784163
772,0.00864330302803345
773,0.00841922533623939
774,0.00794126180545668
775,0.00637009687114046
776,0.00395557957356677
777,0.00149859384234603
778,-0.000462475604961616
779,-0.00193148080773187
780,-0.00323947074412561
781,-0.00459747502420462
782,-0.00572198125382666
783,-0.00608208804619654
784,-0.00584664425772047
785,-0.00639286734640142
786,-0.00920248596687672
787,-0.0139840814562636
788,-0.0183971475331138
789,-0.0201429957227845
790,-0.0191249137200057
791,-0.0171445217624478
792,-0.0157061843155654
793,-0.014712366434073
794,-0.0132732046000887
795,-0.0110842002050616
796,-0.00862611862732571
797,-0.00645337495169408
798,-0.00477211042321058
799,-0.00352328744567732
800,-0.00247867571220616
801,-0.0013785506613242
802,-0.000332009137582425
803,0.00010561277547161
804,-0.000217734684390976
805,-0.000191150648729303
806,0.0018254419272275
807,0.00600803670029824
808,0.0103030681051847
809,0.0122556290797028
810,0.0114503862230367
811,0.00964956125836239
812,0.00861957360035626
813,0.00840386834119211
814,0.00783548442688616
815,0.00615163734247396
816,0.00367144219428705
817,0.00119875856746686
818,-0.000753583329801711
819,-0.00219514280045024
820,-0.00344827634217554
821,-0.00472843816575782
822,-0.00577548870157451
823,-0.00608713943959633
824,-0.00584541472775785
825,-0.00640651088204546
826,-0.00920934556100534
827,-0.0139476272525157
828,-0.0183238671147605
829,-0.0200938034511186
830,-0.0191532849982896
831,-0.0172330033438737
832,-0.0157773427784481
833,-0.0146949941854112
834,-0.0131548778150291
835,-0.0109226397941596
836,-0.00852696619456163
837,-0.00650802649539747
838,-0.00497405562318513
839,-0.00375060618809335
840,-0.00260250889311378
841,-0.00139905142096864
842,-0.000367466698145627
843,-1.85240064014278E-05
844,-0.000349045688690964
845,-0.00018164459010729
846,0.00201572561759723
847,0.00626799949012352
848,0.0104920767878246
849,0.0123217547538245
850,0.0114254100454935
851,0.00957915869152393
852,0.00853850473891911
853,0.00835978641898761
854,0.00788887928024704
855,0.00632704611893185
856,0.00391056846860555
857,0.00137647574463209
858,-0.000742543016776149
859,-0.00233908958632177
860,-0.00360674295425407
861,-0.00474526467536465
862,-0.00562563063557025
863,-0.00590200633240852
864,-0.00578004753109552
865,-0.00649532930409374
866,-0.00936397215151864
867,-0.0140663684379998
868,-0.0183611309338025
869,-0.0200357380985556
870,-0.0189931760319851
871,-0.0170109902366241
872,-0.0156104763725836
873,-0.0147094037763365
874,-0.0133724050837963
875,-0.0112330117396063
876,-0.00878114793031199
877,-0.00663515023700459
878,-0.00501866452891913
879,-0.0038145405093862
880,-0.00274596186416526
881,-0.00157681381843361
882,-0.000463663855934441
883,3.2347483627796E-05
884,-0.0002225510347917
885,-0.000119341295632056
886,0.00197513205693602
887,0.00625070035318859
888,0.010646101419268
889,0.0126345457496928
890,0.0117375029199156
891,0.0097767672136392
892,0.00866773152115393
893,0.00851512828385232
894,0.00804256581124529
895,0.00634401818667817
896,0.00373404291373416
897,0.00113093358311188
898,-0.000871764308698226
899,-0.0022970508513137
900,-0.00349931995436319
901,-0.00469610654920329
902,-0.00565115829215868
903,-0.00593568855844362
904,-0.00577561430740858
905,-0.00647050420442137
906,-0.00935689424527732
907,-0.0140835466354589
908,-0.0183767991711929
909,-0.0200272971833339
910,-0.0189685674538356
911,-0.0170045665681209
912,-0.0156503706771718
913,-0.0147819637101987
914,-0.0134232279969196
915,-0.0112140100774476
916,-0.00869207562768201
917,-0.00650055853018759
918,-0.00482806490447261
919,-0.00352181076643994
920,-0.00235427993496813
921,-0.00120074450879623
922,-0.000260260324346608
923,8.29197311549552E-06
924,-0.000371978037137964
925,-0.000237811787797661
926,0.00195676468828779
927,0.00628654351351957
928,0.0106652805851391
929,0.0126231979629459
930,0.0117253011592754
931,0.00976888383349794
932,0.00862067507654426
933,0.00838954805761877
934,0.00786912064232073
935,0.00622139136272898
936,0.00375000524072509
937,0.00128394223188685
938,-0.000672549669892517
939,-0.00215947979650862
940,-0.00347400170288714
941,-0.00475009305288012
942,-0.00568901274247629
943,-0.00585869411444859
944,-0.00556808609405809
945,-0.00624863107459487
946,-0.00929660633792732
947,-0.0142634883766451
948,-0.0187097067326908
949,-0.0203714515994684
950,-0.0192702803167363
951,-0.0172774176679659
952,-0.0158514562241769
953,-0.0148178013301646
954,-0.0133061189316908
955,-0.0111091442644308
956,-0.0087313700158424
957,-0.00662137494012597
958,-0.00490081161707423
959,-0.00358791629136391
960,-0.00258847174793871
961,-0.00161581531598246
962,-0.000596999697846989
963,9.30483725790727E-07
964,-0.000107652636582958
965,2.60728596949703E-05
966,0.00207692246619562
967,0.00636430163166937
968,0.0108232458640279
969,0.0128100395777141
970,0.0118112430738483
971,0.00973986511371271
972,0.00857292855144429
973,0.00836309460361447
974,0.0077869596961445
975,0.00601394784393897
976,0.00347701088096295
977,0.00109064333171945
978,-0.000704355571967584
979,-0.00209394105616493
980,-0.00346017365725664
981,-0.00488666210627978
982,-0.00594763353750252
983,-0.00613676666544285
984,-0.00580491316574148
985,-0.0064679822828799
986,-0.00953239963889176
987,-0.0144777441791509
988,-0.0188120339594585
989,-0.0203037962383076
990,-0.0190498845460595
991,-0.0169811898690784
992,-0.0155932940290902
993,-0.0147115045849474
994,-0.013381533878112
995,-0.0112583692069393
996,-0.00879376664399932
997,-0.00653540551139073
998,-0.00472022731910358
999,-0.00334800339231124
1000,-0.00225370810732401
1001,-0.00121140563796567
1002,-0.00028981310982689
1003,7.49838406683059E-05
1004,-0.000163714027987395
1005,7.29650901692863E-05
1006,0.00226417276336291
1007,0.00646386301059293
1008,0.0106628090018183
1009,0.0125327074670245
1010,0.0116918995143119
1011,0.0098279907861956
1012,0.00868297373268675
1013,0.00840400273077621
1014,0.00792018464899974
1015,0.00640695723679872
1016,0.0040280717783381
1017,0.00153069874922731
1018,-0.000482898318478943
1019,-0.00193223873021305
1020,-0.00315626502733914
1021,-0.00442156864348779
1022,-0.005455517016549
1023,-0.00572966226346943
1024,-0.00548817747892055
1025,-0.00618559308546596
1026,-0.00922750307370503
1027,-0.0141146537384006
1028,-0.0183937497055687
1029,-0.0198830929730726
1030,-0.0186907115319112
1031,-0.0166883064840657
1032,-0.0152942552490904
1033,-0.0143252500571446
1034,-0.0129015328387479
1035,-0.0107650510429978
1036,-0.00839512116649868
1037,-0.00629866106000023
1038,-0.00464151274284465
1039,-0.00336346006633648
1040,-0.00227929216043192
1041,-0.00119916680862997
1042,-0.00027100295754789
1043,6.86569359962493E-06
1044,-0.000384228812646536
1045,-0.000240774496433246
1046,0.00203233728628224
1047,0.00646079132644797
1048,0.0108582558666995
1049,0.0127457625975451
1050,0.0117934323349387
1051,0.00989091440790267
1052,0.00888072938672303
1053,0.00876387368669312
1054,0.00824518386236061
1055,0.00648330630350633
1056,0.00386719284984401
1057,0.00134315596010202
1058,-0.000537913519367964
1059,-0.0018984609904347
1060,-0.00316971641364889
1061,-0.00452489950553644
1062,-0.00558044316992153
1063,-0.00581817229112533
1064,-0.00554935735635997
1065,-0.00623404650758035
1066,-0.00924208085667911
1067,-0.0140934708119285
1068,-0.0183992106659064
1069,-0.0199826174207974
1070,-0.0188745275296449
1071,-0.0168869937235279
1072,-0.0154620136650861
1073,-0.0144602912446394
1074,-0.0129933034906074
1075,-0.0107821315326038
1076,-0.00834957280035417
1077,-0.00628105489707994
1078,-0.00474841569979508
1079,-0.0035955517452219
1080,-0.00253295228336798
1081,-0.00135120304563285
1082,-0.000259168350278378
1083,0.00016444734768734
1084,-0.00015548534033474
1085,-2.96384509164144E-05
1086,0.00217133748044465
1087,0.00652982790657249
1088,0.0108847712434484
1089,0.0127321252225692
1090,0.0117134012468707
1091,0.00973438066110458
1092,0.0086790311884213
1093,0.00856540614374365
1094,0.00808450064407969
1095,0.00637664262824409
1096,0.003807780675895
1097,0.00128135996408141
1098,-0.000679673377721903
1099,-0.00215227268301832
1100,-0.00346804179451158
1101,-0.00475519776337468
1102,-0.00570261282173535
1103,-0.00590489889763953
1104,-0.00570072700893528
1105,-0.00647319575762907
1106,-0.00950886173606617
1107,-0.0143219908660546
1108,-0.0185776148482922
1109,-0.0201422070465559
1110,-0.019047361008293
1111,-0.0170913833131037
1112,-0.0157209559947127
1113,-0.0148062939655867
1114,-0.013426401588394
1115,-0.0112189190821867
1116,-0.00864597663231381
1117,-0.00634411854663455
1118,-0.00463158152659346
1119,-0.00346054829375973
1120,-0.00250871071845358
1121,-0.00144590737921787
1122,-0.000407370338960646
1123,8.81440234619586E-06
1124,-0.000315198635091236
1125,-0.000201218524456808
1126,0.00197587372040158
1127,0.00628488622405648
1128,0.0105898949867291
1129,0.0124647658817774
1130,0.0115848111899121
1131,0.00975870400950963
1132,0.00872773051384319
1133,0.00849751313570393
1134,0.00790031698435339
1135,0.00619285098318681
1136,0.0036939638596109
1137,0.00118683513622321
1138,-0.000820417086284836
1139,-0.00230689825472048
1140,-0.00355672598328638
1141,-0.00477955987182292
1142,-0.00575166242212492
1143,-0.00602626398480594
1144,-0.00583128819493014
1145,-0.00653340354701288
1146,-0.00951514502005778
1147,-0.0143443306493322
1148,-0.0186090268433878
1149,-0.0200909331871157
1150,-0.0188759438674551
1151,-0.0168862694184122
1152,-0.0155651692070976
1153,-0.0146392534594398
1154,-0.0131322756141199
1155,-0.0108515879446894
1156,-0.00845321429087654
1157,-0.00649905796614547
1158,-0.00500137870413207
1159,-0.00373010186051055
1160,-0.00251254610412804
1161,-0.0012901354125655
1162,-0.000264608126959711
1163,0.000117648467576444
1164,-0.000153948110696067
1165,2.38115532751388E-05
1166,0.00216663341905275
1167,0.00636592768528566
1168,0.010582255356238
1169,0.0124091589166683
1170,0.01146841505379
1171,0.00956798627756101
1172,0.00852107982284471
1173,0.00835785874720325
1174,0.00783132738734033
1175,0.00612577686691458
1176,0.00360288486191272
1177,0.00113702000084561
1178,-0.000769841632738074
1179,-0.00220295278483899
1180,-0.00350011809845602
1181,-0.00478969056142058
1182,-0.0057447534841206
1183,-0.00594430495228642
1184,-0.00574246398766815
1185,-0.00656321093129352
1186,-0.00970493001068565
1187,-0.0146272100309994
1188,-0.0189126707304614
1189,-0.020397849521931
1190,-0.0191632226575398
1191,-0.0170805227754883
1192,-0.0156325554207316
1193,-0.014691204941716
1194,-0.01334486031429
1195,-0.0112474037156278
1196,-0.00882945306323446
1197,-0.00662342738911719
1198,-0.00484449714871787
1199,-0.00345797571770705
1200,-0.00229162788193864
1201,-0.00117402917115015
1202,-0.000246517351343885
1203,5.5612274861326E-05
1204,-0.00022202622240528
1205,8.08789115626527E-05
1206,0.00239777051934189
1207,0.00663113298903891
1208,0.0106773661889687
1209,0.0122996866432586
1210,0.0113207820994021
1211,0.0095297547415185
1212,0.00855152204169875
1213,0.008330399421902
1214,0.00774054999898507
1215,0.00609984435157259
1216,0.00372048127378412
1217,0.00131983974113191
1218,-0.000649089979561838
1219,-0.00216730832813548
1220,-0.00348032919471167
1221,-0.00475590162317494
1222,-0.00575547524007119
1223,-0.00605060628116876
1224,-0.00589647698531266
1225,-0.00666288928150176
1226,-0.00971006421193311
1227,-0.0145913429658579
1228,-0.0189027319554144
1229,-0.0204269334082157
1230,-0.0192239731807949
1231,-0.0172036965848644
1232,-0.0158526951316786
1233,-0.0149516134729271
1234,-0.0134979139555552
1235,-0.0111994372762109
1236,-0.0086683149650082
1237,-0.00655691870394216
1238,-0.00500541356356105
1239,-0.0037974660363018
1240,-0.00266058461697356
1241,-0.0014639490840379
1242,-0.000435529162301064
1243,-6.02156866599006E-05
1244,-0.000314819757114653
1245,-4.63350219129931E-05
1246,0.00222966292932437
1247,0.0065226120264609
1248,0.0107752016692833
1249,0.0126417281988663
1250,0.0117737669102477
1251,0.00992189479914469
1252,0.00884270850500117
1253,0.00859827133875133
1254,0.0080093039089747
1255,0.00626163456444607
1256,0.00367433444501223
1257,0.00114653678201791
1258,-0.000723936563090257
1259,-0.00199675468357382
1260,-0.00313215577365354
1261,-0.00440029221137032
1262,-0.00546156756575701
1263,-0.00575280778901171
1264,-0.00554438309622057
1265,-0.00631611350602201
1266,-0.00943353496294163
1267,-0.0143134834516127
1268,-0.0184740263942465
1269,-0.019829171044384
1270,-0.018636899485489
1271,-0.0168099996703484
1272,-0.015629849294378
1273,-0.0147306688801494
1274,-0.0131978182094782
1275,-0.0109024047440084
1276,-0.00844419223056959
1277,-0.00631887900284861
1278,-0.00462815586015701
1279,-0.00332667961242398
1280,-0.00229471982923498
1281,-0.00131802927020425
1282,-0.000414830988380963
1283,-7.42389037919371E-06
1284,-0.00020150405377268
1285,6.25148509411428E-05
1286,0.00235058458559286
1287,0.00677107286699298
1288,0.0111767338152049
1289,0.013019954129593
1290,0.0119159920385718
1291,0.00983139884497699
1292,0.00874237098957464
1293,0.00866765085801076
1294,0.00818548310425841
1295,0.00634712513939318
1296,0.00359359709378373
1297,0.00101297387139907
1298,-0.000795684156883295
1299,-0.00205543429439158
1300,-0.00330409397536709
1301,-0.00468366730003365
1302,-0.00569847140005734
1303,-0.00582442864352137
1304,-0.00552504401521093
1305,-0.00638208243802764
1306,-0.00965486513063351
1307,-0.0145951106637971
1308,-0.018689300162156
1309,-0.0199451088659495
1310,-0.0186928905711952
1311,-0.0168346291398278
1312,-0.0156272998687852
1313,-0.0147166921995452
1314,-0.0131942467158831
1315,-0.0109058772435799
1316,-0.00844913382879963
1317,-0.00636862689396052
1318,-0.00478193268616775
1319,-0.00355461506360276
1320,-0.0024655461247999
1321,-0.00134779355129683
1322,-0.000392685003619366
1323,-0.000101497049562028
1324,-0.000445799152399576
1325,-0.000195838801832089
1326,0.00217901417715054
1327,0.00659475705589351
1328,0.0108433938262397
1329,0.0125580204656472
1330,0.0115226956847434
1331,0.00959548961770822
1332,0.0084940226084514
1333,0.00819859866378468
1334,0.00756021673432541
1335,0.0058666196918585
1336,0.00343361611242397
1337,0.00100988624919704
1338,-0.000929928953432748
1339,-0.00237946905497447
1340,-0.00360851659402817
1341,-0.00478205515250223
1342,-0.0056422066104061
1343,-0.00578822823438428
1344,-0.0055649574086414
1345,-0.00639691832406025
1346,-0.00956699854182049
1347,-0.0144840803258232
1348,-0.0187114809879617
1349,-0.0201583361719138
1350,-0.0189948909680164
1351,-0.0170641067880358
1352,-0.0157041936457158
1353,-0.0146893273920148
1354,-0.0131700813065446
1355,-0.010944975228812
1356,-0.00852303497708136
1357,-0.00641940397029247
1358,-0.00480939187024595
1359,-0.00362313319174424
1360,-0.00261685280869516
1361,-0.00152898806602519
1362,-0.000500654888422139
1363,-9.7167640953449E-05
1364,-0.000396335449339017
1365,-0.000189836698156471
1366,0.00213630513704847
1367,0.00657510712034735
1368,0.010893168516545
1369,0.0126387157268022
1370,0.0115704666539846
1371,0.00961474218747072
1372,0.00855652937551664
1373,0.0083501733819824
1374,0.00775971782395703
1375,0.00603620222720548
1376,0.00354862295209998
1377,0.00111084584521875
1378,-0.000809972740274767
1379,-0.00227156791453272
1380,-0.00358282529078688
1381,-0.00488362845104607
1382,-0.00586059652793258
1383,-0.00607241137911618
1384,-0.00585220770250706
1385,-0.00663964331670244
1386,-0.00975291489058053
1387,-0.014626770657359
1388,-0.0188075367425599
1389,-0.0201662056279462
1390,-0.0188869026334905
1391,-0.0168970353065475
1392,-0.0155960029238235
1393,-0.0146985142776741
1394,-0.0132253153627113
1395,-0.0109306682731656
1396,-0.00841556553212108
1397,-0.00628481207264934
1398,-0.00466544133430172
1399,-0.00337731860944768
1400,-0.00219710295876589
1401,-0.00103489483274081
1402,-0.000135104198549086
1403,6.83238884496909E-05
1404,-0.000278338674409633
1405,6.36256989767329E-05
1406,0.00250317387544505
1407,0.00686374613597829
1408,0.0109958741597507
1409,0.0126556574329171
1410,0.0116521086109764
1411,0.00977096378977153
1412,0.00870370190622615
1413,0.00849432995805974
1414,0.00801480767231174
1415,0.00644397056897402
1416,0.00398423225183432
1417,0.00142879101046042
1418,-0.000604216296229875
1419,-0.00207254697189336
1420,-0.00335789574491078
1421,-0.00468837652093336
1422,-0.00568805307497392
1423,-0.00580891655191228
1424,-0.00544765228422445
1425,-0.00623832757583045
1426,-0.00955145350204325
1427,-0.0146268443248387
1428,-0.0188106546250735
1429,-0.0200312655761162
1430,-0.0187030956189112
1431,-0.0168475740393159
1432,-0.0157120352038357
1433,-0.0148278919476091
1434,-0.0132214654810719
1435,-0.0107878603951166
1436,-0.00820895760630406
1437,-0.00606666195599188
1438,-0.00447816722305582
1439,-0.00330418082722921
1440,-0.00229868298692893
1441,-0.00123188537742031
1442,-0.000240179568242772
1443,0.00016061044180795
1444,-7.16841044096703E-05
1445,0.000237237643081004
1446,0.00260944112983965
1447,0.00696996369643656
1448,0.0111240814501253
1449,0.0127523949783219
1450,0.0117131817384978
1451,0.00988467978292999
1452,0.00889763690774928
1453,0.00861728868292488
1454,0.00788211885171078
1455,0.00608241617182869
1456,0.00362339488209428
1457,0.00122998337680747
1458,-0.00071354396378834
1459,-0.00224370433782947
1460,-0.00358905812706056
1461,-0.00484211277466536
1462,-0.00569761418278761
1463,-0.00575538699648228
1464,-0.005418185390868
1465,-0.00620192983973987
1466,-0.0094284869093003
1467,-0.0144225185100699
1468,-0.0186111579052647
1469,-0.0198878630206713
1470,-0.0185809695175376
1471,-0.0166911128466515
1472,-0.0155163576421289
1473,-0.0146369258798288
1474,-0.0130938241630833
1475,-0.0107775054681494
1476,-0.00833866101956902
1477,-0.00628549212497515
1478,-0.00466841745437493
1479,-0.00337334948583503
1480,-0.0022670414000048
1481,-0.0012011890250843
1482,-0.000276713946596505
1483,7.4408934187223E-05
1484,-0.00018233451330118
1485,6.44079050796659E-05
1486,0.00233244352979477
1487,0.00664551643181944
1488,0.0108755175976103
1489,0.0126136421802646
1490,0.0115716344907684
1491,0.00963629641527355
1492,0.00861686561013077
1493,0.00848879196372215
1494,0.00796314282931466
1495,0.00621631169572992
1496,0.00363239660839694
1497,0.00113152418514928
1498,-0.000748354615616016
1499,-0.00211458411730512
1500,-0.00337385995748458
1501,-0.00468321863744878
1502,-0.00565801483942386
1503,-0.00581525622184845
1504,-0.00555015845003565
1505,-0.00639152612958272
1506,-0.00964611579982068
1507,-0.0146294575041052
1508,-0.0187917622453259
1509,-0.0200438132691892
1510,-0.0187009394478948
1511,-0.0167631711909649
1512,-0.0155659497576404
1513,-0.0147112887317801
1514,-0.0131994471906093
1515,-0.0108716502364677
1516,-0.00839713493287178
1517,-0.00634203617501167
1518,-0.00476159809944199
1519,-0.00349203248431835
1520,-0.00239163069351261
1521,-0.00137458851564098
1522,-0.000571556585526388
1523,-0.00032785755284248
1524,-0.000554767765415809
1525,-0.000129589602665006
1526,0.00234677226463686
1527,0.00677803574516366
1528,0.0110167701875083
1529,0.0127076224906245
1530,0.0116114398720891
1531,0.0096392985312364
1532,0.00861455403330826
1533,0.00850391975551231
1534,0.00797012476690533
1535,0.00614729109495684
1536,0.00344975133001892
1537,0.000883327392963078
1538,-0.000976503949607727
1539,-0.00230123803497472
1540,-0.00358388280251776
1541,-0.00497970509367969
1542,-0.00602090873921926
1543,-0.00616739794550745
1544,-0.00584041965560508
1545,-0.00662246063529897
1546,-0.00983372028218418
1547,-0.0147792938860427
1548,-0.018923296075405
1549,-0.020198152241468
1550,-0.0188938511542998
1551,-0.0169500617699483
1552,-0.0156876071126146
1553,-0.014767087770046
1554,-0.0132461388465026
1555,-0.0109511887529462
1556,-0.00849866267785667
1557,-0.00643902701332715
1558,-0.00484512823813883
1559,-0.00353989936863197
1560,-0.00234190008163654
1561,-0.00118618913466548
1562,-0.000314129600557364
1563,-0.000159256910664041
1564,-0.000576902304056541
1565,-0.000287436619662902
1566,0.00219647807882946
1567,0.00671455930117839
1568,0.0110023106311026
1569,0.0126702848579231
1570,0.0115267254468752
1571,0.00951160635558405
1572,0.00842969269950559
1573,0.00825786787047707
1574,0.00773356662913949
1575,0.00603947262584466
1576,0.0035245714762408
1577,0.00107922910370484
1578,-0.000745988983919509
1579,-0.00204392089324915
1580,-0.00325953520269638
1581,-0.00460495585332732
1582,-0.005674574390498
1583,-0.00588422527499385
1584,-0.00557011964229613
1585,-0.00633275372646826
1586,-0.00959441660816569
1587,-0.0146710367140312
1588,-0.0188890055091385
1589,-0.0200738545170758
1590,-0.0186064785106406
1591,-0.0166114983596758
1592,-0.0154452039357781
1593,-0.0146201173158849
1594,-0.0130870680484262
1595,-0.0107651963579536
1596,-0.00842245841058986
1597,-0.00658150596276702
1598,-0.00511363003406844
1599,-0.00371599168829892
1600,-0.00231248835537084
1601,-0.00103259120180709
1602,-0.000157597201913814
1603,1.49927513126468E-05
1604,-0.000275141478719931
1605,0.000145461407995775
1606,0.0025708093367011
1607,0.00680997053686581
1608,0.0108052974089646
1609,0.0124139579950443
1610,0.0114834277996163
1611,0.00975726521563273
1612,0.00880882230786401
1613,0.0085566284762724
1614,0.00787354423779369
1615,0.00611712897261621
1616,0.00367821730786365
1617,0.0013232023336996
1618,-0.000548035461653954
1619,-0.00202617496577671
1620,-0.00338274329912748
1621,-0.00467907558138888
1622,-0.00557285474813978
1623,-0.00569547611297518
1624,-0.00548961987208352
1625,-0.00642745587922571
1626,-0.00974867723082719
1627,-0.0147705161707715
1628,-0.0189688115429569
1629,-0.020223639692294
1630,-0.0187918141813377
1631,-0.016692268123199
1632,-0.0153703744825497
1633,-0.0145084962236061
1634,-0.0130687772978452
1635,-0.0108045454752739
1636,-0.00836431061534206
1637,-0.00635067029019086
1638,-0.004807901635807
1639,-0.00350151058495947
1640,-0.00227584634440863
1641,-0.00114360993223835
1642,-0.000328927437211977
1643,-0.00013453380129699
1644,-0.000358685676823108
1645,0.000123278291194259
1646,0.00257796936914218
1647,0.00683682837177601
1648,0.0108812254319848
1649,0.0125479171992775
1650,0.0116002643558436
1651,0.00973858386013774
1652,0.00861723453923543
1653,0.00828845614644553
1654,0.00765788342991963
1655,0.00598087548156431
1656,0.00354771057738217
1657,0.00114998971072518
1658,-0.00071542386457673
1659,-0.00211680210986531
1660,-0.00340569191613033
1661,-0.00470327978740786
1662,-0.00562186078222832
1663,-0.00571568645978523
1664,-0.00543165976430108
1665,-0.00630745155869302
1666,-0.00959795486059684
1667,-0.014568602460503
1668,-0.0186886428650645
1669,-0.0199315417886099
1670,-0.0186255378252009
1671,-0.01669708829694
1672,-0.0154005884848076
1673,-0.0143583060027594
1674,-0.0127016242423345
1675,-0.0104001217702074
1676,-0.00811909226310714
1677,-0.00627513802833225
1678,-0.00475648277764767
1679,-0.003365519715701
1680,-0.0020823244877189
1681,-0.000967221994676932
1682,-0.000181971326434519
1683,9.21117284160722E-06
1684,-0.000235474347070878
1685,0.000183663642116444
1686,0.00260646368093534
1687,0.00694292945359665
1688,0.0111209140119638
1689,0.0128295576240364
1690,0.0117743272082314
1691,0.00976931874798622
1692,0.00861739037608927
1693,0.00837620740522679
1694,0.0078166815909398
1695,0.0060826074053282
1696,0.00349601848913676
1697,0.000978397255078181
1698,-0.000884955985571148
1699,-0.00220072652649089
1700,-0.00343929272119666
1701,-0.00479243092567844
1702,-0.0058152561664895
1703,-0.00594345554804924
1704,-0.00559142100630386
1705,-0.00639819290542665
1706,-0.00972647131970185
1707,-0.0148086891007971
1708,-0.0189710373136452
1709,-0.0201097279280352
1710,-0.0186357558883548
1711,-0.0166203529497767
1712,-0.0153725737681231
1713,-0.0144434189428616
1714,-0.0128455990190054
1715,-0.0104734201533537
1716,-0.00801383134572645
1717,-0.0060077269091063
1718,-0.00448737593379902
1719,-0.00327501171674895
1720,-0.00219801077567345
1721,-0.00114295646340892
1722,-0.000270267995680484
1723,6.61508558719379E-06
1724,-0.000236497263868019
1725,0.000193321214535427
1726,0.00274418518528328
1727,0.00725330041105877
1728,0.0114588073770513
1729,0.0129914624787525
1730,0.0117220595817935
1731,0.00966587232146752
1732,0.00864733080744182
1733,0.00858068173236904
1734,0.00810949513323247
1735,0.00636919021677618
1736,0.00373723763645644
1737,0.00116958338802222
1738,-0.000738420411105104
1739,-0.00207381219552254
1740,-0.00328689092136934
1741,-0.00458648114363119
1742,-0.00557982466612719
1743,-0.00573840345134047
1744,-0.0054568582504989
1745,-0.00631798416626319
1746,-0.00964754553066421
1747,-0.0146940843897298
1748,-0.0188331408188665
1749,-0.019992239690716
1750,-0.0185676193294055
1751,-0.0165936634640858
1752,-0.0153667215599003
1753,-0.0144620703888251
1754,-0.0129190808909507
1755,-0.0106205590846149
1756,-0.00820608198265328
1757,-0.00617609909666744
1758,-0.00457153282413711
1759,-0.00327203561908074
1760,-0.00216430383721019
1761,-0.00113983528374256
1762,-0.000301226032785329
1763,-4.98302800565585E-06
1764,-0.000197474971081297
1765,0.000220604800816757
1766,0.00264514317704308
1767,0.00699733116308172
1768,0.0111763279686747
1769,0.0128778787818735
1770,0.0118531083173804
1771,0.00992447750099363
1772,0.00883977328963627
1773,0.0086081306494822
1774,0.00802248144562007
1775,0.00628857801043351
1776,0.00375448135016039
1777,0.00130498041988544
1778,-0.00053368973232076
1779,-0.00189348898643662
1780,-0.00321107998083096
1781,-0.00461098145115372
1782,-0.00561364293904691
1783,-0.00569936035603754
1784,-0.00536489128883413
1785,-0.00626736865812635
1786,-0.00968934534234763
1787,-0.0147816382080135
1788,-0.0188954466881623
1789,-0.0200242648595033
1790,-0.0186139651597886
1791,-0.0166662883013342
1792,-0.0154276523622304
1793,-0.0144918824070888
1794,-0.0129572744177234
1795,-0.0107121280054424
1796,-0.00833487941558693
1797,-0.00628061304674987
1798,-0.0046090888922727
1799,-0.00323796244461438
1800,-0.00206632596577757
1801,-0.00100080642929709
1802,-0.000185656034921355
1803,1.55931327324988E-05
1804,-0.000258596126470029
1805,0.000188146797360093
1806,0.00271825275094845
1807,0.00709919155837457
1808,0.0111455025394917
1809,0.0126581853261181
1810,0.0115577806800557
1811,0.00969561515382166
1812,0.00869885591299975
1813,0.00848021601338101
1814,0.00785332400815405
1815,0.00606983315692919
1816,0.00346124755371051
1817,0.000899191065665231
1818,-0.00101207551763
1819,-0.00231000135417354
1820,-0.00346802042582321
1821,-0.00476222150261847
1822,-0.0057937754420441
1823,-0.00595312029462845
1824,-0.00560331716189264
1825,-0.00639653759864567
1826,-0.00972580885524139
1827,-0.0148111864278569
1828,-0.0189593166971715
1829,-0.0200934362687537
1830,-0.0186611749440554
1831,-0.0167101151076103
1832,-0.0154890420545586
1833,-0.0145434994845746
1834,-0.0129538090596768
1835,-0.0106657093522995
1836,-0.00832753913527855
1837,-0.00638029805787448
1838,-0.00478164301186474
1839,-0.00336336665589385
1840,-0.00205134665139715
1841,-0.00086743081063399
1842,-4.07246745580523E-05
1843,8.94854403494606E-05
1844,-0.000248732227260313
1845,0.00019473416301796
1846,0.0027610026183686
1847,0.00716941443111291
1848,0.0112157973458514
1849,0.0127138289461704
1850,0.0115985980861259
1851,0.00972360504605673
1852,0.00871261128858627
1853,0.0084760075164351
1854,0.00783207800127594
1855,0.00605107688225563
1856,0.00348441181560571
1857,0.000992130509105009
1858,-0.000875426040152714
1859,-0.00220317574212298
1860,-0.00344423864123399
1861,-0.00479802868307103
1862,-0.00581825809593161
1863,-0.00593274566277222
1864,-0.00557612737664664
1865,-0.00641052081644306
1866,-0.00976253214210107
1867,-0.0147986006668241
1868,-0.0188602390087181
1869,-0.0199527876334951
1870,-0.0185473300993106
1871,-0.0166296171773124
1872,-0.0153923060772196
1873,-0.0144107742190485
1874,-0.0128303873402143
1875,-0.0105873096182932
1876,-0.00824902087457557
1877,-0.00623741586709681
1878,-0.00462117867942975
1879,-0.00334672581457325
1880,-0.00228472667776315
1881,-0.0012608822169976
1882,-0.000387993755841667
1883,-0.000100052902622047
1884,-0.000343994155170074
1885,8.93653450323077E-05
1886,0.00265224547816456
1887,0.00714845412417013
1888,0.0113168176383453
1889,0.0128645076963649
1890,0.0117185958245019
1891,0.00982064111276728
1892,0.00885006872782316
1893,0.00867381209637293
1894,0.00803565157160365
1895,0.00619056408769944
1896,0.00353784096534377
1897,0.000993031523735361
1898,-0.000866046456383071
1899,-0.00213255831226348
1900,-0.00330933298126885
1901,-0.0046666678100064
1902,-0.0057789842290123
1903,-0.00599461887348726
1904,-0.00563751732448017
1905,-0.00636406430118821
1906,-0.00962188788489974
1907,-0.0146761240504353
1908,-0.0188159961683097
1909,-0.0199224291319615
1910,-0.0184504701729456
1911,-0.0164943245389142
1912,-0.0153024716660225
1913,-0.0143532073270658
1914,-0.0126853603948179
1915,-0.0102984313960248
1916,-0.00792511779902527
1917,-0.00601749846765462
1918,-0.00447713874157325
1919,-0.00310082150665954
1920,-0.0018279369121468
1921,-0.000688061317003043
1922,0.000108215327781747
1923,0.000218240822402207
1924,-0.000165785484603984
1925,0.000210131932057303
1926,0.00276574450422368
1927,0.00727946596310981
1928,0.0114791266984874
1929,0.0130315986140239
1930,0.0118126373571712
1931,0.00977986781628625
1932,0.00871483614574532
1933,0.00857926185937373
1934,0.0080996441783262
1935,0.00641154933222628
1936,0.00380630881361288
1937,0.00119473214050454
1938,-0.000769215874956199
1939,-0.00211231939473406
1940,-0.003328352873707
1941,-0.00470094659832947
1942,-0.00579625893987041
1943,-0.00595199319727959
1944,-0.00552814956377099
1945,-0.00625350080884236
1946,-0.00960450862024931
1947,-0.0147795641639672
1948,-0.0189596805336592
1949,-0.0199880949157388
1950,-0.0183999417848231
1951,-0.0164128404974435
1952,-0.0153177090289308
1953,-0.0145040523674832
1954,-0.0128687819264014
1955,-0.010351209622064
1956,-0.00776549499795124
1957,-0.00571162354543418
1958,-0.00417415516141533
1959,-0.00291429093771682
1960,-0.00177569528344821
1961,-0.000716665987961117
1962,7.42776841810757E-05
1963,0.000243590353586113
1964,-5.69694737732562E-05
1965,0.000357197998287592
1966,0.00285073936825377
1967,0.0072258599091279
1968,0.0113144950688236
1969,0.0128783980758749
1970,0.0117832658076554
1971,0.00987471321850756
1972,0.00882537736922558
1973,0.00859501353645865
1974,0.00801770982489797
1975,0.00634049970220655
1976,0.00385708519440535
1977,0.00136852949390506
1978,-0.000571645996556642
1979,-0.0019665534222553
1980,-0.00319280460824241
1981,-0.00447184458726566
1982,-0.0054480083908116
1983,-0.00559033471528884
1984,-0.00529100129669382
1985,-0.00618080876505901
1986,-0.00962369096413802
1987,-0.0147997561779382
1988,-0.018951180362104
1989,-0.0199739734795052
1990,-0.0184026673738742
1991,-0.0164265977019937
1992,-0.0153200855328155
1993,-0.0144851786767534
1994,-0.0128583182700018
1995,-0.0104210569166614
1996,-0.00798518839855323
1997,-0.00607941333880423
1998,-0.00459927229154762
1999,-0.00328737307727394
2000,-0.00205759862065246
2001,-0.000942214377679035
2002,-0.00012489719064418
2003,0.00010221567878143
2004,-8.26558429077189E-05
2005,0.00045531286800021
2006,0.00300303638757421
2007,0.00732497107157277
2008,0.011277485447726
2009,0.012689993105076
2010,0.0115039499603252
2011,0.00960115303108128
2012,0.0086173091811749
2013,0.00843155580206602
2014,0.00783280603157006
2015,0.00609805387337731
2016,0.00357937098079126
2017,0.00110171378262467
2018,-0.000789869772643664
2019,-0.00210512181833964
2020,-0.00323551431488522
2021,-0.00445535743004865
2022,-0.00546125881772044
2023,-0.00569190353247897
2024,-0.00543508612158907
2025,-0.00626765780732844
2026,-0.00962714241385996
2027,-0.0148001900301247
2028,-0.0190184151969611
2029,-0.0200551569147588
2030,-0.018373911365025
2031,-0.0162495088214045
2032,-0.0151042200356563
2033,-0.0143766485055413
2034,-0.0128887753618278
2035,-0.0104894698029524
2036,-0.00798092214536718
2037,-0.00599748960108619
2038,-0.0045242868478789
2039,-0.00328274102449242
2040,-0.00210065303886358
2041,-0.000978115564438504
2042,-0.000157476021284183
2043,6.49846860905132E-06
2044,-0.000283910913074083
2045,0.000187020285683651
2046,0.00274152239648717
2047,0.0071086614571757
2048,0.0111191548244427
2049,0.0126386428918532
2050,0.0116376733235077
2051,0.00992768314796174
2052,0.0090066504799347
2053,0.008689044083099
2054,0.00785452843234773
2055,0.00594922114608351
2056,0.00342021069552945
2057,0.00103997954273788
2058,-0.000782399012032519
2059,-0.00214639135952192
2060,-0.00341179376673757
2061,-0.00474160417626477
2062,-0.00575730585469758
2063,-0.00592897705892489
2064,-0.00563180751171449
2065,-0.00647743710635275
2066,-0.00985401822545501
2067,-0.0149955455645641
2068,-0.0191609935654033
2069,-0.0202023046416172
2070,-0.0186055534396269
2071,-0.0165661727145078
2072,-0.0154066149089865
2073,-0.0145626461323555
2074,-0.0129617816087598
2075,-0.0105515653506072
2076,-0.0081146785045587
2077,-0.00617595673307141
2078,-0.0046575150173075
2079,-0.00333789208048919
2080,-0.00213718450942392
2081,-0.00105328205105927
2082,-0.000237662892954179
2083,3.67808139921981E-06
2084,-0.000189372417208484
2085,0.000316279269355091
2086,0.00285242846306237
2087,0.00721772551980026
2088,0.0112492843591562
2089,0.0127322314956944
2090,0.0115862778332292
2091,0.00969504656688262
2092,0.0086946208723442
2093,0.00846749221887168
2094,0.00782836727446652
2095,0.00608214621665884
2096,0.00356696709213547
2097,0.00105731161922614
2098,-0.000922370315196791
2099,-0.00233199351767754
2100,-0.00348915833277737
2101,-0.00465192793714545
2102,-0.00557681628052885
2103,-0.0057741731741454
2104,-0.00553933826136462
2105,-0.00638524934007703
2106,-0.00968592562812072
2107,-0.0147456929247855
2108,-0.0188947208422422
2109,-0.0199874209122187
2110,-0.0184527110982419
2111,-0.0164381617317405
2112,-0.015278685420986
2113,-0.0144527901015608
2114,-0.0128866173154171
2115,-0.0104743295930631
2116,-0.00797992470178308
2117,-0.00599842583194548
2118,-0.00452417131973394
2119,-0.00329122305286349
2120,-0.00210515531840629
2121,-0.000957781791999826
2122,-0.000144615534000601
2123,-6.97046469511524E-05
2124,-0.000473621147467509
2125,-1.08390916355789E-05
2126,0.00268117348406057
2127,0.00720474032625492
2128,0.0112258431484691
2129,0.012587702850017
2130,0.0113896259871448
2131,0.00956953544216605
2132,0.00864353892694155
2133,0.00838063283044992
2134,0.00763598793484525
2135,0.00584759162964417
2136,0.00341489160923073
2137,0.00103254044324125
2138,-0.00091547803482753
2139,-0.00245482930999815
2140,-0.00382747852807414
2141,-0.00513369181575722
2142,-0.00603154232816335
2143,-0.00608362594019125
2144,-0.00573157838478743
2145,-0.00658138108178924
2146,-0.00997010669842074
2147,-0.0151016003374641
2148,-0.0192543675317192
2149,-0.0203077472719533
2150,-0.0187323655125131
2151,-0.0166833511613705
2152,-0.0154804438867874
2153,-0.0146030418126636
2154,-0.0130057467876358
2155,-0.0106116184973339
2156,-0.00817983204285811
2157,-0.00626246018321187
2158,-0.00480765498561853
2159,-0.00354084462961143
2160,-0.00229834425359404
2161,-0.00110712189377959
2162,-0.000277997841403856
2163,-0.000215633976183904
2164,-0.000651519963188455
2165,-0.000208478787642941
2166,0.00252139659164548
2167,0.00715097950037925
2168,0.0112945308546218
2169,0.0127327100823763
2170,0.0115628966008445
2171,0.00977047176821124
2172,0.00888012454160744
2173,0.00859315674461569
2174,0.0077031415928011
2175,0.00570072332912819
2176,0.00314155559921868
2177,0.000838685209334409
2178,-0.000872229035201738
2179,-0.002202336149641
2180,-0.00354033139985863
2181,-0.00495342595887727
2182,-0.00594438337674159
2183,-0.0059973667978593
2184,-0.00564379831099357
2185,-0.00659998499808571
2186,-0.0101414128465919
2187,-0.0152815367655813
2188,-0.0192214369402463
2189,-0.019988429626936
2190,-0.0182565812958194
2191,-0.0162280594967948
2192,-0.0151301367611844
2193,-0.0143669830789542
2194,-0.012875029908023
2195,-0.0105367741469761
2196,-0.00805466156463245
2197,-0.00601511888566254
2198,-0.00448912556817202
2199,-0.00325681337994582
2200,-0.00206639151096429
2201,-0.000846186328645415
2202,7.12563579697718E-05
2203,0.000203394938972028
2204,-0.000197583436699202
2205,0.000250246737746169
2206,0.00288811381294613
2207,0.00727260079163409
2208,0.0111292119838293
2209,0.0124461409029278
2210,0.011363054411663
2211,0.00968099059593383
2212,0.00878615326816116
2213,0.00849846882471606
2214,0.00779881410551016
2215,0.00610432591180669
2216,0.00366478691410569
2217,0.00113531973617212
2218,-0.000939154486249142
2219,-0.00243306483195245
2220,-0.00365539386266445
2221,-0.00489998645573171
2222,-0.00588747070764974
2223,-0.00604235112705849
2224,-0.00565623742919593
2225,-0.0063553228715316
2226,-0.00963015278017695
2227,-0.0147945320349978
2228,-0.0190863016996635
2229,-0.0202474009314844
2230,-0.0186569718763819
2231,-0.0165159469062275
2232,-0.0152725409372289
2233,-0.0144641643544292
2234,-0.0129613750479026
2235,-0.0105783416227319
2236,-0.00809937457106332
2237,-0.00619945682236459
2238,-0.00484590812134093
2239,-0.00361342232417396
2240,-0.00221936586470008
2241,-0.000795196194546038
2242,0.000137776865218625
2243,0.000132595163152101
2244,-0.000383807639818534
2245,7.4703640948143E-05
2246,0.00282609009365932
2247,0.0073592551787119
2248,0.0113280666873638
2249,0.0126310571034795
2250,0.0113570194342572
2251,0.00939674347291845
2252,0.00833022518644977
2253,0.00808269635874706
2254,0.0075349854870862
2255,0.00592427809031429
2256,0.00345361668203401
2257,0.000894841777937577
2258,-0.00110503722148484
2259,-0.00247110157235044
2260,-0.00363540089110737
2261,-0.0049119846293115
2262,-0.00591880144274609
2263,-0.00602172683427704
2264,-0.00560916299075638
2265,-0.00642877387657918
2266,-0.00990324862021527
2267,-0.0151141098921464
2268,-0.0191894600734345
2269,-0.0200618299033778
2270,-0.0183933222637082
2271,-0.016411983885072
2272,-0.0153199946534523
2273,-0.0144755531746475
2274,-0.012852929297732
2275,-0.0104488372967474
2276,-0.00801204444347703
2277,-0.00603580020913826
2278,-0.00448770329712088
2279,-0.00318503111903043
2280,-0.00199627308513245
2281,-0.00086812525956763
2282,-2.20023244022913E-05
2283,0.000127823334557107
2284,-0.000236694181963767
2285,0.000195993180525639
2286,0.00283785073662672
2287,0.00734670242354959
2288,0.0113716744828758
2289,0.0126953814491025
2290,0.0114092708217936
2291,0.00953277802826513
2292,0.0086678002372979
2293,0.0085525816255351
2294,0.0078937624568609
2295,0.00602099873294082
2296,0.00341565334648236
2297,0.000980914259716551
2298,-0.000802883764989881
2299,-0.00210028061788311
2300,-0.00336187014313913
2301,-0.00472070308146248
2302,-0.0056927117710312
2303,-0.00575113053402697
2304,-0.00541369577982796
2305,-0.00637066756239388
2306,-0.00988465002657282
2307,-0.0150168640361617
2308,-0.0190441241222393
2309,-0.0199936562461485
2310,-0.0184392420544533
2311,-0.0164893953712699
2312,-0.0153714832210951
2313,-0.0145369768690952
2314,-0.0129398221990924
2315,-0.0104723332580389
2316,-0.00789469265138663
2317,-0.00585713545208787
2318,-0.00441432078484537
2319,-0.00326897609227319
2320,-0.00213514197754978
2321,-0.000974940333174795
2322,-0.000139016307093277
2323,-6.78983841030994E-05
2324,-0.000464959225119002
2325,5.42238288607509E-05
2326,0.00282335215766428
2327,0.00739032125113905
2328,0.0114109495511555
2329,0.0127503617850193
2330,0.0115162839579354
2331,0.0096567431290154
2332,0.00872980980410416
2333,0.00852592410788669
2334,0.0078263061116306
2335,0.00595597150694592
2336,0.00332601692342256
2337,0.000811933726320942
2338,-0.00103576071572889
2339,-0.00229591892970969
2340,-0.00344481668953221
2341,-0.00475137619413592
2342,-0.00581806255385595
2343,-0.00602948720647442
2344,-0.00573198455873057
2345,-0.00657743907794092
2346,-0.00997613445096993
2347,-0.0151270370605613
2348,-0.0192513524645314
2349,-0.0202092866939135
2350,-0.0185235886364682
2351,-0.0164239954982203
2352,-0.0152591671966224
2353,-0.0144633781129709
2354,-0.0129060637726078
2355,-0.0104645144466501
2356,-0.0079473178691776
2357,-0.0060067775630621
2358,-0.00462480379289988
2359,-0.00344598282603132
2360,-0.00221084437563279
2361,-0.000958963019485136
2362,-9.73097264836261E-05
2363,-7.44598828778412E-05
2364,-0.000568295130601077
2365,-0.000157735063706936
2366,0.00251788297941333
2367,0.00701512836416213
2368,0.0109996729211492
2369,0.0123665342716904
2370,0.0112397851059471
2371,0.00951231032276806
2372,0.00863422115939835
2373,0.00835053241282657
2374,0.00753453226025118
2375,0.00565533844904234
2376,0.00315540366141471
2377,0.000785706666634873
2378,-0.0010463301063014
2379,-0.0024221773325732
2380,-0.00367892561134507
2381,-0.00495583588318741
2382,-0.0058737772725483
2383,-0.00596706323956269
2384,-0.00570797009356128
2385,-0.0067136222755053
2386,-0.010230017257809
2387,-0.0153438469738246
2388,-0.0193491723707068
2389,-0.0202805378759933
2390,-0.0187196146755186
2391,-0.0167585139805597
2392,-0.0155804346728923
2393,-0.0146348663654182
2394,-0.0129625569824782
2395,-0.0105459533771079
2396,-0.00810919910442915
2397,-0.00615821178774401
2398,-0.00465896387421278
2399,-0.00337682715223513
2400,-0.00215029529649737
2401,-0.000988452549559962
2402,-0.000192585261955679
2403,-0.000136552988078402
2404,-0.000496806176440826
2405,9.06407030178649E-05
2406,0.00289650927036192
2407,0.00739757157996894
2408,0.0112501175969322
2409,0.0124288471985496
2410,0.0111688083528044
2411,0.00943249925141071
2412,0.00867413405574904
2413,0.00858128665700581
2414,0.00791307484207279
2415,0.00601901475988331
2416,0.00333069891954707
2417,0.000748962901700983
2418,-0.00113684367545747
2419,-0.00239154053526299
2420,-0.00351918892447703
2421,-0.0048101386842913
2422,-0.00585334108397963
2423,-0.00603220484764817
2424,-0.00573302466961388
2425,-0.00662247024885596
2426,-0.0100477801592152
2427,-0.0151497254302544
2428,-0.0192025098068175
2429,-0.0201681069620014
2430,-0.018559003107701
2431,-0.0164831454286288
2432,-0.0152410697422665
2433,-0.0143755944035796
2434,-0.0128546254124751
2435,-0.0104809366060748
2436,-0.00792141266995095
2437,-0.00584147907266607
2438,-0.00438718902277039
2439,-0.00328962770156388
2440,-0.00218239310384391
2441,-0.000956615028350996
2442,-6.88364192410894E-06
2443,0.000129754401428368
2444,-0.00026936835864276
2445,0.0002378514280191
2446,0.00300616809654947
2447,0.00753094583464681
2448,0.011438815203956
2449,0.0126598670900079
2450,0.0113886039720865
2451,0.00957405949296032
2452,0.00869922740319647
2453,0.00850411675543425
2454,0.0077901651931466
2455,0.00592492652922362
2456,0.00332745287650508
2457,0.000845262884390128
2458,-0.00100674682709462
2459,-0.00232354437473841
2460,-0.00355282185396714
2461,-0.00489428834875132
2462,-0.00590669898410804
2463,-0.00602806464624374
2464,-0.00571586177068416
2465,-0.00665208097909998
2466,-0.010136853023794
2467,-0.015250604051258
2468,-0.0192534907326213
2469,-0.0201638146771053
2470,-0.0185666031199289
2471,-0.0165601051378791
2472,-0.0153396291401433
2473,-0.0143829827741272
2474,-0.0127562899060371
2475,-0.010427942404882
2476,-0.00806982204888287
2477,-0.00615488452970577
2478,-0.00467939893394784
2479,-0.00345718286139651
2480,-0.0023012400949692
2481,-0.00112310821310648
2482,-0.000188659483540586
2483,2.42985293671504E-06
2484,-0.00040217870877599
2485,-3.94154474084006E-05
2486,0.00258085884362586
2487,0.00714165085598507
2488,0.0112518027279787
2489,0.0126402483044674
2490,0.0113740203017054
2491,0.00947405718128504
2492,0.00855042473047559
2493,0.00835838774936938
2494,0.00763216474101154
2495,0.00571950426179412
2496,0.0030951830294537
2497,0.000651227173449568
2498,-0.00112962090500135
2499,-0.00242229476137179
2500,-0.00372212582517928
2501,-0.00518456094909631
2502,-0.00625118175526733
2503,-0.00627502561237094
2504,-0.0057652561747198
2505,-0.00656214988098879
2506,-0.0100664938736142
2507,-0.0152904462738807
2508,-0.0193465142260882
2509,-0.0202070680867629
2510,-0.0185552961143175
2511,-0.0165913278434328
2512,-0.0154869467341828
2513,-0.0146064343326933
2514,-0.0129442407741916
2515,-0.0105009149126666
2516,-0.00803059868413098
2517,-0.00605676445747706
2518,-0.0045696102925082
2519,-0.00335744149881323
2520,-0.00223396595001305
2521,-0.00113593000999139
2522,-0.000325197669608989
2523,-0.000233062198952844
2524,-0.000630493241334048
2525,-0.000155709723822986
2526,0.00258354544969169
2527,0.00718027041606366
2528,0.0112573526122518
2529,0.0126233193093278
2530,0.0113747374407937
2531,0.00947826690576998
2532,0.00849263045759435
2533,0.00820297702126364
2534,0.00742413187202835
2535,0.00554729443628381
2536,0.00301835937664138
2537,0.000669883257122983
2538,-0.00104681729976947
2539,-0.00229157111664475
2540,-0.00353152205078575
2541,-0.00493473794810683
2542,-0.00600573486640681
2543,-0.0061420187611252
2544,-0.00580090408125902
2545,-0.0067038450484726
2546,-0.0101936946427638
2547,-0.0153503469019218
2548,-0.0193851719167719
2549,-0.020274166817322
2550,-0.0186264877987098
2551,-0.0166129999106479
2552,-0.0154555842364919
2553,-0.0145562439875023
2554,-0.012882918245204
2555,-0.0104178741915878
2556,-0.00796024668793056
2557,-0.00605861463966207
2558,-0.00462084255919941
2559,-0.00333200213606463
2560,-0.00204528813937113
2561,-0.000861009737834602
2562,-0.000116454985220332
2563,-0.000119892421542844
2564,-0.000488055856221176
2565,0.000103827329288956
2566,0.00285832217411183
2567,0.00728306300342571
2568,0.0111506421009991
2569,0.0124836795344485
2570,0.0114055745830094
2571,0.00970645824480326
2572,0.00878871310964411
2573,0.00847213004626925
2574,0.00770843977362858
2575,0.00591367310952884
2576,0.00340104896074072
2577,0.000903371957732507
2578,-0.00102438044492894
2579,-0.00233304652068821
2580,-0.00343207530495336
2581,-0.00465806758541563
2582,-0.00569564174742387
2583,-0.005916920064027
2584,-0.00561709912448552
2585,-0.00645815456488764
2586,-0.00989407094749895
2587,-0.0151083630138523
2588,-0.0192605012053363
2589,-0.0202046232342045
2590,-0.0185297855855563
2591,-0.0165003739508937
2592,-0.0154104710025181
2593,-0.0146339718636689
2594,-0.0130650976373511
2595,-0.0106452299847909
2596,-0.00817721808627072
2597,-0.00623428150171029
2598,-0.00475544629248373
2599,-0.00344742865799334
2600,-0.00215437492110495
2601,-0.000943993690892664
2602,-0.000134524930356679
2603,-4.98677498051132E-05
2604,-0.000344312972136967
2605,0.000266789130000626
2606,0.00296258326553881
2607,0.00727784469202443
2608,0.0110693227238326
2609,0.0124246453967259
2610,0.011420866718875
2611,0.00972384489739995
2612,0.00868594784486206
2613,0.00822291900649487
2614,0.00740918510200259
2615,0.00566085959416274
2616,0.0031928700600998
2617,0.000683002302263607
2618,-0.00127763800874653
2619,-0.00259532305325261
2620,-0.00368060730623646
2621,-0.00487674524833824
2622,-0.00585797232679746
2623,-0.00601968842803199
2624,-0.00572652410834522
2625,-0.00666655896690349
2626,-0.0102144312225757
2627,-0.0154492195987774
2628,-0.019518229112327
2629,-0.0203438034813277
2630,-0.0185606098467414
2631,-0.0164275433798545
2632,-0.0152448957664354
2633,-0.0144197420076259
2634,-0.01283985722853
2635,-0.010384745850251
2636,-0.00783345207410383
2637,-0.0058366347545276
2638,-0.00442464813743399
2639,-0.00327508254594781
2640,-0.00209647050547895
2641,-0.000873206102184316
2642,8.95212789721762E-06
2643,0.000101527272058133
2644,-0.000264347906119645
2645,0.000312231654162665
2646,0.00309295988261273
2647,0.00751864626234149
2648,0.0112649821086404
2649,0.0123958311114193
2650,0.0112049435655575
2651,0.00958130636756058
2652,0.00881765535487167
2653,0.00853453304676873
2654,0.00763419182540564
2655,0.00569458644804691
2656,0.00320182216018479
2657,0.000856767660035059
2658,-0.000982643450768818
2659,-0.00238340213140241
2660,-0.00365011886352076
2661,-0.00493439969887391
2662,-0.00588572454614713
2663,-0.00601087768856283
2664,-0.00571209589048504
2665,-0.0065968522720153
2666,-0.0100027617674183
2667,-0.0151044036578976
2668,-0.0191591390962726
2669,-0.0200805920960137
2670,-0.0184089808677426
2671,-0.0163360692715027
2672,-0.0151532966224694
2673,-0.0142828357841278
2674,-0.0126507534863303
2675,-0.010206285642115
2676,-0.00776434046137412
2677,-0.00590530244578344
2678,-0.00453976117251071
2679,-0.00332400184872532
2680,-0.00207694437310621
2681,-0.000881926690540815
2682,-8.74199157277356E-05
2683,-3.43709498304304E-05
2684,-0.000362395643176847
2685,0.000269709104129633
2686,0.00310050752460412
2687,0.00763086543481502
2688,0.0115556411497502
2689,0.0128128474761053
2690,0.0115391720807462
2691,0.00965793109417952
2692,0.00871347052991589
2693,0.00853627028058973
2694,0.00794260538196391
2695,0.00620087189100419
2696,0.00359969585125853
2697,0.000962382909614424
2698,-0.00106436304820688
2699,-0.00240328361731167
2700,-0.00346323120230833
2701,-0.00458130448965769
2702,-0.00549146691627915
2703,-0.0056793262602395
2704,-0.00550332082501861
2705,-0.00652321588311475
2706,-0.0100109842435178
2707,-0.0151091645049283
2708,-0.0191353985702024
2709,-0.0200921364733021
2710,-0.0185095530039642
2711,-0.0164769830874271
2712,-0.0152423073125743
2713,-0.014310351260076
2714,-0.0126888401568153
2715,-0.0102839382831648
2716,-0.00782478431457789
2717,-0.00591884504980185
2718,-0.0045848368096217
2719,-0.00348714960142055
2720,-0.0023161130864569
2721,-0.00107173852330391
2722,-0.000189832048555424
2723,-0.000143345351056985
2724,-0.000566143911432422
2725,-7.31227208183291E-06
2726,0.0028115336469539
2727,0.00732985605789148
2728,0.0112203525828641
2729,0.0124948148410504
2730,0.0113262706627126
2731,0.00953218262118227
2732,0.0085234325826438
2733,0.00815179508570209
2734,0.0073992795580466
2735,0.00566234115909417
2736,0.0032093828767608
2737,0.0007578579436606
2738,-0.00114054594024374
2739,-0.00246864594133786
2740,-0.00364823961944163
2741,-0.00493502112189534
2742,-0.0059079767317496
2743,-0.00597350376925471
2744,-0.00560300286842518
2745,-0.00655431109735369
2746,-0.0101445904048548
2747,-0.0153460121147283
2748,-0.0193027558249728
2749,-0.020062046832722
2750,-0.0183598003655565
2751,-0.016397884383814
2752,-0.015326003850319
2753,-0.014490729008003
2754,-0.0128700447995978
2755,-0.0104455879951967
2756,-0.00796617692087129
2757,-0.00596916701899968
2758,-0.00445654275648451
2759,-0.00321302424869029
2760,-0.00205143166703965
2761,-0.000924366174939201
2762,-0.000104096187559703
2763,-1.07049144371019E-06
2764,-0.000355265961362241
2765,0.000186288807735176
2766,0.00295596772725878
2767,0.0074876551572052
2768,0.0114141050018381
2769,0.0126393144498729
2770,0.0113746206015613
2771,0.00961221134303772
2772,0.00879989861485284
2773,0.00857133436525176
2774,0.00771192620522682
2775,0.00573993510826018
2776,0.00322053748445407
2777,0.000934308295737512
2778,-0.000818207189775505
2779,-0.00221765892365095
2780,-0.00356086001483579
2781,-0.00487326621441557
2782,-0.00574888328481462
2783,-0.00580035892896686
2784,-0.00554581585643698
2785,-0.0065467534490981
2786,-0.00999674492458344
2787,-0.0150319297420314
2788,-0.0190196402156412
2789,-0.0199586782602976
2790,-0.0183283359308619
2791,-0.016223679346242
2792,-0.0149670735421772
2793,-0.0140977273223301
2794,-0.0125586326427661
2795,-0.0101710833068259
2796,-0.00765442856558186
2797,-0.00566901353477396
2798,-0.00427445181948308
2799,-0.00313491347098095
2800,-0.00192532560977985
2801,-0.000641204313012554
2802,0.000268502471920639
2803,0.000308182380028147
2804,-0.00015813839680836
2805,0.000363674190710349
2806,0.00319827968959568
2807,0.00774924409587018
2808,0.0115826744607158
2809,0.0126845235748659
2810,0.0113804768305657
2811,0.00967436844471142
2812,0.00895016568493912
2813,0.0088088726992973
2814,0.00803948593847333
2815,0.00612100383079198
2816,0.00354826015431705
2817,0.00111858538541375
2818,-0.000737805884559611
2819,-0.0021085940632503
2820,-0.00335588788438725
2821,-0.00463388023316825
2822,-0.00555484933890028
2823,-0.00564408460591133
2824,-0.00538333612820403
2825,-0.0063976387477901
2826,-0.00991805777677655
2827,-0.0150195057203364
2828,-0.0190163247074775
2829,-0.0199625047839756
2830,-0.0184094155748086
2831,-0.0164023986127832
2832,-0.0151439411814158
2833,-0.0141574772226672
2834,-0.0125015126882569
2835,-0.0100873433444838
2836,-0.00760459144094188
2837,-0.00565486285140859
2838,-0.00430685530642241
2839,-0.00324957725611897
2840,-0.0021188785914364
2841,-0.000859570734292217
2842,5.07518499619735E-05
2843,5.69364139185169E-05
2844,-0.000450044250922044
2845,0.000114120521505644
2846,0.00308170209626376
2847,0.00775316183481799
2848,0.0116291765589212
2849,0.0127544399533135
2850,0.0115125866202405
2851,0.00983020382154128
2852,0.00897335949086614
2853,0.00858500224058454
2854,0.00764942984247079
2855,0.00576586866054817
2856,0.00334189764484361
2857,0.00101882846277723
2858,-0.000804214068931137
2859,-0.00214083707496996
2860,-0.00333500619059799
2861,-0.00461479500353461
2862,-0.00562677116622822
2863,-0.00581583261860645
2864,-0.00557444942949398
2865,-0.00655088357977403
2866,-0.0100611966449039
2867,-0.0151840872933976
2868,-0.0191452179212179
2869,-0.0199598105696187
2870,-0.0182722782293298
2871,-0.0162435666855365
2872,-0.0150670647918954
2873,-0.014156916091076
2874,-0.0125133440674826
2875,-0.0100905310284492
2876,-0.00760798260131463
2877,-0.00560479254350931
2878,-0.00409607097088416
2879,-0.00285607572843227
2880,-0.00167555582759512
2881,-0.000520332532353009
2882,0.000288610966764754
2883,0.000328359555916142
2884,-7.39444114372572E-05
2885,0.000508284968707052
2886,0.00338017185209601
2887,0.00796598480727323
2888,0.0118410556016428
2889,0.0129618271747191
2890,0.0116006058152815
2891,0.00973017931046077
2892,0.00877979275323683
2893,0.00847638084378472
2894,0.00772186234468487
2895,0.00597002151769016
2896,0.00354834720153728
2897,0.001106420743789
2898,-0.000899084164614529
2899,-0.00240214317567501
2900,-0.00367678442656204
2901,-0.00493691713125235
2902,-0.00586932332724878
2903,-0.00594940257349749
2904,-0.00556414670236306
2905,-0.00638669807959864
2906,-0.00983006256709863
2907,-0.0150452568739416
2908,-0.0191809462904662
2909,-0.020080023811295
2910,-0.0183217728626133
2911,-0.0161923847679846
2912,-0.015036323585661
2913,-0.014251751521244
2914,-0.0126964276462395
2915,-0.0102590679629641
2916,-0.00774333222917383
2917,-0.00577679832723213
2918,-0.00433399682094822
2919,-0.00309558728785354
2920,-0.00186412985423927
2921,-0.000715428761640689
2922,-9.75116969527056E-06
2923,-5.95191689427429E-05
2924,-0.000417206350432491
2925,0.000304231574040976
2926,0.00324781511158287
2927,0.00775180792754362
2928,0.0114793791483183
2929,0.0125320487146759
2930,0.0112252363350784
2931,0.0094648990163529
2932,0.00860776210071018
2933,0.00835364975473404
2934,0.00759510481935968
2935,0.00579209391296982
2936,0.00333113688304358
2937,0.000941654013385729
2938,-0.000927275480382897
2939,-0.00232514666892453
2940,-0.00360901959289734
2941,-0.00493057885566436
2942,-0.00586832219055902
2943,-0.00591664231217917
2944,-0.00557506712444508
2945,-0.00651388442989151
2946,-0.00998306530662008
2947,-0.0150451820778553
2948,-0.0190108165615366
2949,-0.0199481110314944
2950,-0.0184075126585513
2951,-0.0164080202525823
2952,-0.0151404536846235
2953,-0.0141593416753416
2954,-0.012560197970557
2955,-0.0102384795461164
2956,-0.00781427745499088
2957,-0.00583274153991122
2958,-0.00437869865240501
2959,-0.0032166672825226
2960,-0.00204475784249434
2961,-0.000800910983957371
2962,9.33111017265396E-05
2963,0.00011476942101495
2964,-0.00037735419099846
2965,0.000148323647998452
2966,0.00301835563818457
2967,0.00757651262683154
2968,0.0113553657998325
2969,0.0123953138793879
2970,0.0110912031855499
2971,0.00943247397989681
2972,0.0087310231377706
2973,0.0085621050204359
2974,0.0077576531601571
2975,0.00583396200670561
2976,0.00327468498663831
2977,0.000859353592911044
2978,-0.000974281257977926
2979,-0.00231712984939427
2980,-0.00357044021830614
2981,-0.00491084379692687
2982,-0.00590431917188702
2983,-0.00600751981390617
2984,-0.00570081329021762
2985,-0.00667059897164148
2986,-0.0101754192803656
2987,-0.015242036124592
2988,-0.019144165218093
2989,-0.0199877205167197
2990,-0.0184207852918892
2991,-0.0165062138973426
2992,-0.0153560397280116
2993,-0.0144022517874661
2994,-0.0127077524020226
2995,-0.0102485238678843
2996,-0.00773590794645088
2997,-0.00573092781460673
2998,-0.00428256641024565
2999,-0.00313458593504726
3000,-0.00198525169871375
3001,-0.000750834231228377
3002,0.000189549420843145
3003,0.000313171514546989
3004,-9.71838733091495E-05
3005,0.000404078590000787
3006,0.00315588436498999
3007,0.00762365678087354
3008,0.0114448616732206
3009,0.0126177070125388
3010,0.0113801099506608
3011,0.00962903810648988
3012,0.00876407014304357
3013,0.00852535728233333
3014,0.00778552394036133
3015,0.00593393719477579
3016,0.00333316942434267
3017,0.000804824897512255
3018,-0.00107561616660623
3019,-0.0023554358846005
3020,-0.00353484899360962
3021,-0.00488426431899117
3022,-0.00593296747409274
3023,-0.00603726485583324
3024,-0.00566170100482636
3025,-0.00658078447413964
3026,-0.010123579464779
3027,-0.0152814106583014
3028,-0.019235614536266
3029,-0.0200469716837798
3030,-0.0184038726558867
3031,-0.0164502710740617
3032,-0.0153498955336508
3033,-0.0145091057191227
3034,-0.0128968902756374
3035,-0.0104104975681403
3036,-0.00779329563756045
3037,-0.00573168098434801
3038,-0.0043461014263983
3039,-0.00329956270174704
3040,-0.00216711445556087
3041,-0.000891750848076816
3042,-1.33564527889587E-05
3043,-9.88576707468723E-05
3044,-0.000651330170343569
3045,1.83524866476488E-05
3046,0.00317422509477034
3047,0.00790628243595533
3048,0.0116007171555379
3049,0.0124317868666872
3050,0.0110140908310708
3051,0.00935510107625396
3052,0.00860732944790309
3053,0.00829306874688516
3054,0.00740705769820743
3055,0.00560969021054313
3056,0.00327670837414029
3057,0.000946496990876891
3058,-0.00100598591345956
3059,-0.0024854957363081
3060,-0.00371552301422487
3061,-0.00492249851713983
3062,-0.0058455095461644
3063,-0.00599047371307988
3064,-0.00572364027204729
3065,-0.00664405375550283
3066,-0.010073334888387
3067,-0.015144042611325
3068,-0.019119302910815
3069,-0.0199966744927192
3070,-0.0183680990092237
3071,-0.0163572094414642
3072,-0.0151686902358412
3073,-0.0142667812509891
3074,-0.0126927075638148
3075,-0.0103871161410566
3076,-0.00800704412420634
3077,-0.00603747726000401
3078,-0.00449489578819145
3079,-0.00319953279026247
3080,-0.00198679248253806
3081,-0.000840022038015124
3082,-7.31531354878113E-05
3083,-7.98461446681347E-05
3084,-0.000487650701701612
3085,0.000155315303157714
3086,0.0031174861797831
3087,0.00774829618106377
3088,0.0115975182220423
3089,0.0126884544177087
3090,0.0113782214590204
3091,0.00963573655834672
3092,0.00879434047078602
3093,0.00849786984128618
3094,0.00765965571585144
3095,0.00581131418249156
3096,0.0033452685602038
3097,0.000922321127840961
3098,-0.00102740731073541
3099,-0.00247076263238849
3100,-0.0036996850907249
3101,-0.00493045668892641
3102,-0.0058587487812209
3103,-0.00598788129555083
3104,-0.00571324938771609
3105,-0.0066420376050585
3106,-0.010079235976029
3107,-0.0151507508748286
3108,-0.019124052469089
3109,-0.0199832557157942
3110,-0.0183007271184565
3111,-0.0162244950628567
3112,-0.0150223348738058
3113,-0.0141726793415687
3114,-0.012630398953847
3115,-0.0102385011609309
3116,-0.00768546066579187
3117,-0.00561240632745416
3118,-0.00414209348705382
3119,-0.00301591494532389
3120,-0.00188819227326054
3121,-0.000666036394356829
3122,0.000228501418262854
3123,0.000244618708412135
3124,-0.000275446429053916
3125,0.000230456634941352
3126,0.00314415556101618
3127,0.00781618560478821
3128,0.0117081948003395
3129,0.0127769644606363
3130,0.0114065018893461
3131,0.00965002432112043
3132,0.00888534286394979
3133,0.0087052478295344
3134,0.00792486510127664
3135,0.006038505427823
3136,0.00350508138133002
3137,0.00107773623493697
3138,-0.000808612327320642
3139,-0.00220928876799905
3140,-0.00348500553210268
3141,-0.00481471621839496
3142,-0.00580575244073962
3143,-0.00594435522869236
3144,-0.00570067398326422
3145,-0.00673943079957618
3146,-0.0103204723803172
3147,-0.0154785378534225
3148,-0.0194590312972641
3149,-0.0203039896431168
3150,-0.0186263982194055
3151,-0.0165424403923179
3152,-0.015279088555151
3153,-0.0143400095982863
3154,-0.0127417769536103
3155,-0.010342486855845
3156,-0.00779214484072601
3157,-0.00570990461028351
3158,-0.00424074362020324
3159,-0.0031385831661512
3160,-0.0020219226511241
3161,-0.000756934664180743
3162,0.00022535500753019
3163,0.000329656513979459
3164,-0.000136020401074123
3165,0.000369584882909551
3166,0.00320567826728867
3167,0.00773172821112945
3168,0.0114905895080231
3169,0.0125428309075465
3170,0.0112855650397715
3171,0.00966821494618277
3172,0.00895918850274643
3173,0.00874415042984289
3174,0.00790699469285255
3175,0.00598744873408173
3176,0.0034400695248487
3177,0.00101638674111746
3178,-0.000826960541033614
3179,-0.00214443370691921
3180,-0.00333678080401221
3181,-0.00461344014827435
3182,-0.0055630207305976
3183,-0.00564746246810506
3184,-0.00536970484708799
3185,-0.0064551427428497
3186,-0.0101532492991376
3187,-0.0153906463641478
3188,-0.0193175807982812
3189,-0.0200209340508109
3190,-0.0182724093847254
3191,-0.0162878084848284
3192,-0.0152132228455954
3193,-0.0143809686761309
3194,-0.0127488121763025
3195,-0.0102925956798776
3196,-0.00779283891063289
3197,-0.00583215850875724
3198,-0.00440267357480306
3199,-0.00320835383540051
3200,-0.00200653122794438
3201,-0.00081465934031073
3202,-2.08917634951511E-05
3203,-2.5916485065169E-05
3204,-0.000409168597362722
3205,0.000281650580575748
3206,0.00324228939558554
3207,0.00777441861332378
3208,0.0114835995616956
3209,0.0124973026149289
3210,0.0112172407363016
3211,0.00957190480080929
3212,0.00882575396214711
3213,0.0085642567244653
3214,0.00765796231703008
3215,0.00564378176668918
3216,0.00300509962715761
3217,0.000532752947911821
3218,-0.0013003280233336
3219,-0.00255962252708827
3220,-0.00367449669117434
3221,-0.0048980769248885
3222,-0.00585727074857484
3223,-0.00599720307057211
3224,-0.00573276262789019
3225,-0.00670742503733649
3226,-0.0102009446915096
3227,-0.0152819138682007
3228,-0.0192231915843801
3229,-0.0200907983655929
3230,-0.0185110914201459
3231,-0.0165646480808413
3232,-0.0153830537111634
3233,-0.0143952451226071
3234,-0.0126666932523063
3235,-0.0102016807456956
3236,-0.00772966898639538
3237,-0.00578421134052028
3238,-0.00437333393277264
3239,-0.0032422838155635
3240,-0.00212475777169295
3241,-0.000953134995314385
3242,-9.0068234815507E-05
3243,-3.53312619236975E-05
3244,-0.000470834656921311
3245,0.000114968396056658
3246,0.00309608210391399
3247,0.00784028448753643
3248,0.0117928643613144
3249,0.0128672680564445
3250,0.0114344333054141
3251,0.00957586398552797
3252,0.00869595944897715
3253,0.00839800734222497
3254,0.00752780429025623
3255,0.00563080299765218
3256,0.00317215642331496
3257,0.0008343354035137
3258,-0.00102207246485958
3259,-0.00243901097397794
3260,-0.00370058967678643
3261,-0.00495423849365486
3262,-0.00586010873860649
3263,-0.00596134174942985
3264,-0.00571205348952882
3265,-0.00672070266411154
3266,-0.0102351815553838
3267,-0.0153406380702638
3268,-0.0193373652213907
3269,-0.0202761441891893
3270,-0.018729637571541
3271,-0.0167420543791022
3272,-0.0154673191270577
3273,-0.0143980472296933
3274,-0.0126490306890243
3275,-0.0102281214908097
3276,-0.00783791201261077
3277,-0.0059787389528725
3278,-0.00461911645289019
3279,-0.00346099290435189
3280,-0.00223108960621812
3281,-0.000924933671325644
3282,3.65457634574504E-06
3283,2.40661734218258E-05
3284,-0.000493056785742913
3285,2.47700331994892E-05
3286,0.00295559301734949
3287,0.00764527575765695
3288,0.0115539471360982
3289,0.0126343271848706
3290,0.0112607079113023
3291,0.00947823485059737
3292,0.00867303763415504
3293,0.0084637750270904
3294,0.00768686019609483
3295,0.00582598724766711
3296,0.00330493526022472
3297,0.000864560498395778
3298,-0.00101633490129104
3299,-0.00233364067914915
3300,-0.0034580414347351
3301,-0.00466679356521727
3302,-0.00565650828856563
3303,-0.0058861874970114
3304,-0.00571043287224643
3305,-0.00672741887839335
3306,-0.0102416053929939
3307,-0.0153501118239563
3308,-0.0192842225276845
3309,-0.0200558454385043
3310,-0.0183408693745426
3311,-0.0163537341069278
3312,-0.0152781530392847
3313,-0.0144275817573198
3314,-0.0127223044887887
3315,-0.0101796323977556
3316,-0.00767228878814806
3317,-0.00579650810252099
3318,-0.00444812899976769
3319,-0.00324676835756507
3320,-0.00197253304255736
3321,-0.000716710701123998
3322,0.00010218196007478
3323,8.73078397109098E-05
3324,-0.000355442585935468
3325,0.00022759612530189
3326,0.00311401176452394
3327,0.00770518718428444
3328,0.0115772297584961
3329,0.0126963135497682
3330,0.011364324796967
3331,0.00960911509641771
3332,0.00887093297747257
3333,0.00876323598092139
3334,0.00801778368341981
3335,0.00605778672275552
3336,0.00340066949431459
3337,0.000921427723939947
3338,-0.000910748798069626
3339,-0.00222592408150602
3340,-0.00345845199500638
3341,-0.0047910233377593
3342,-0.00580431571184946
3343,-0.0059690890446027
3344,-0.00573297845164176
3345,-0.00672452107562957
3346,-0.0102030869935215
3347,-0.0152661602767403
3348,-0.0192308530241554
3349,-0.0201528590768172
3350,-0.0186012355520338
3351,-0.0166275229078801
3352,-0.0153951871859041
3353,-0.0143791955937337
3354,-0.0126576078724011
3355,-0.0102223104878623
3356,-0.00778807978940753
3357,-0.00586093116607248
3358,-0.00439958995663571
3359,-0.00311952635751554
3360,-0.00180224858244016
3361,-0.000491740477924631
3362,0.000371050213020865
3363,0.000320721029779995
3364,-0.000213585514816019
3365,0.000344231275075594
3366,0.00331109251022588
3367,0.00794056106092263
3368,0.0116501716753501
3369,0.0124760230834757
3370,0.0109659076509142
3371,0.00926928237823794
3372,0.00868854680209427
3373,0.00864870990110801
3374,0.00788127343221581
3375,0.00594070096635844
3376,0.00338420953196023
3377,0.000992850871174345
3378,-0.000828088437027817
3379,-0.00216050038060029
3380,-0.00338497239414701
3381,-0.00471351531836262
3382,-0.00576527165087798
3383,-0.00597424889487659
3384,-0.00573838021551741
3385,-0.00671749258249214
3386,-0.0102316241920838
3387,-0.0153485908522142
3388,-0.0192823509339354
3389,-0.0200526824249855
3390,-0.0183127256004516
3391,-0.0162169365506394
3392,-0.0149585896195979
3393,-0.0139988596567386
3394,-0.0124100444533578
3395,-0.0101552774341456
3396,-0.00786118278490243
3397,-0.00595611386189017
3398,-0.00443806655115795
3399,-0.00315952832400402
3400,-0.00198113842719103
3401,-0.000855993028942322
3402,-4.16674084407754E-05
3403,7.07878454619547E-05
3404,-0.00023092924053757
3405,0.000401109737038776
3406,0.00322558883253522
3407,0.00770278235219014
3408,0.0115006879001339
3409,0.0126364173027511
3410,0.0113568053079288
3411,0.00957382672302957
3412,0.00869822835143251
3413,0.00846156939509294
3414,0.00771828992899605
3415,0.00585007298648741
3416,0.00322187913759955
3417,0.000655658707568839
3418,-0.00126656708978428
3419,-0.00256177359395432
3420,-0.00369082717528806
3421,-0.00492427478795966
3422,-0.00585303828879376
3423,-0.00590775037589315
3424,-0.00556382871286115
3425,-0.00653025755387636
3426,-0.0100683161287828
3427,-0.0151802789426485
3428,-0.019128471087784
3429,-0.0200268659077617
3430,-0.0185094880886417
3431,-0.0165996884253484
3432,-0.0154104129697776
3433,-0.0144447636921817
3434,-0.0128214342715772
3435,-0.0104574404433041
3436,-0.00794007755919612
3437,-0.00580546320266199
3438,-0.00423411807612946
3439,-0.00310525644306368
3440,-0.00208603134777314
3441,-0.00094224423415062
3442,1.73322224034771E-05
3443,0.000193151700146784
3444,-0.000200530012425046
3445,0.000347070824056187
3446,0.00325638552085623
3447,0.00790622363271901
3448,0.0117461955452091
3449,0.0127517874543339
3450,0.01137076749702
3451,0.00966710437565067
3452,0.00892481532097946
3453,0.00865039832462241
3454,0.00771417093370224
3455,0.00575152092408574
3456,0.00326240954056161
3457,0.000890930168044978
3458,-0.00102152329788441
3459,-0.00246797985509677
3460,-0.00368491299016604
3461,-0.00485536724784273
3462,-0.00572538419864137
3463,-0.00586786332012656
3464,-0.00567640854883323
3465,-0.00668531818409186
3466,-0.0101300935396372
3467,-0.0151296552586933
3468,-0.0190086838108401
3469,-0.0198302924263268
3470,-0.018203578764243
3471,-0.0162274769986459
3472,-0.0150699588294413
3473,-0.0141620351184863
3474,-0.0125213920668454
3475,-0.0100940286974279
3476,-0.0075936804623454
3477,-0.00559429487721473
3478,-0.00415712431900648
3479,-0.00303247005060404
3480,-0.00190402260721938
3481,-0.000659592848878166
3482,0.000319173023639132
3483,0.000462689950472543
3484,3.35108657936335E-05
3485,0.000542908178255761
3486,0.00340622481043462
3487,0.00803768570478069
3488,0.0119092010102173
3489,0.012936692448659
3490,0.0114850017714907
3491,0.0096464160807333
3492,0.00884572216091796
3493,0.00866499994277167
3494,0.00786350394892643
3495,0.00590835802864295
3496,0.00330238973590861
3497,0.000870128022606765
3498,-0.000929170710893887
3499,-0.00219671282040928
3500,-0.00337030413823574
3501,-0.00468457577830518
3502,-0.00574892922441131
3503,-0.00598855524551028
3504,-0.00577816652474079
3505,-0.0067314330338192
3506,-0.0101663901089368
3507,-0.0152411786872346
3508,-0.0192599513586836
3509,-0.0201997185966738
3510,-0.0185783046045358
3511,-0.0165033873862089
3512,-0.015257018131218
3513,-0.014350794422652
3514,-0.0127492231749486
3515,-0.0103034570509872
3516,-0.00773935353451409
3517,-0.00572399590440513
3518,-0.00433424924253424
3519,-0.00322608382261978
3520,-0.00203070348882576
3521,-0.000720584166941647
3522,0.000217876634320631
3523,0.000240598493505824
3524,-0.000277786935159169
3525,0.000211896882180933
3526,0.00305767018861668
3527,0.00763149173886218
3528,0.0114676882511736
3529,0.0125653005003113
3530,0.0112788599195489
3531,0.00960663205339947
3532,0.00889200918661004
3533,0.00870732050270555
3534,0.00786019715874669
3535,0.00588349993081126
3536,0.00331402795053806
3537,0.000936867885319489
3538,-0.000878735774133153
3539,-0.00226945340095265
3540,-0.00357660055868224
3541,-0.00488495094014575
3542,-0.00577587879710923
3543,-0.00582523396349095
3544,-0.0055786218588515
3545,-0.0066437085763836
3546,-0.0101688029799689
3547,-0.0151956904207164
3548,-0.0191136913487206
3549,-0.0200688616676689
3550,-0.0185986453872669
3551,-0.0166461282991268
3552,-0.0153662514697887
3553,-0.0143587091768552
3554,-0.0127693595489468
3555,-0.0104629930032969
3556,-0.00798429469319792
3557,-0.00588086709794011
3558,-0.0043469920540143
3559,-0.00322800256378374
3560,-0.00214818867701714
3561,-0.00089207115323201
3562,0.000152863584417029
3563,0.000325649587420485
3564,-0.000146495920880577
3565,0.000312673123101273
3566,0.00317987119435874
3567,0.00783983612666179
3568,0.0116933064155084
3569,0.0126475239721495
3570,0.0111331752190792
3571,0.00929617125549299
3572,0.0085378737257279
3573,0.00837465846259266
3574,0.00754123673043531
3575,0.00555231544793054
3576,0.00297579455016622
3577,0.000637897510966649
3578,-0.00107619543610729
3579,-0.00233622712562247
3580,-0.00355417277479084
3581,-0.0048647831321269
3582,-0.00582974313982652
3583,-0.00595749801745156
3584,-0.0057487077813926
3585,-0.00682326122211406
3586,-0.0103627625519682
3587,-0.0154093361448268
3588,-0.0193149658781126
3589,-0.0202021337524401
3590,-0.0186456983622307
3591,-0.0166623225241238
3592,-0.0154274498373531
3593,-0.014462720325185
3594,-0.0128215665923857
3595,-0.0103949911510606
3596,-0.00786484016142614
3597,-0.00585168320658932
3598,-0.00443932606877227
3599,-0.00330525137778233
3600,-0.00207296971716757
3601,-0.000709691136841481
3602,0.000258948278425422
3603,0.000248296082075384
3604,-0.000328813664022326
3605,0.00018034793108823
3606,0.00317467955827935
3607,0.00794461087380866
3608,0.0118769730095962
3609,0.0128962193789926
3610,0.0114151755091973
3611,0.00955665259076597
3612,0.00875109893740536
3613,0.00857655099205301
3614,0.00778880348005291
3615,0.00585742272312266
3616,0.00328118216364076
3617,0.000851402872534652
3618,-0.00101981054673987
3619,-0.00242540211177125
3620,-0.00370157188770098
3621,-0.00497093277235813
3622,-0.00585658654582649
3623,-0.00593617312999192
3624,-0.00571575798709659
3625,-0.00676624265600952
3626,-0.0102403772723712
3627,-0.0152155231386662
3628,-0.0191065919037862
3629,-0.0200578266017284
3630,-0.0185960480471173
3631,-0.0166558311092769
3632,-0.0153694399890117
3633,-0.0143029172507288
3634,-0.0126105343887527
3635,-0.0102386160607339
3636,-0.00781218919555812
3637,-0.00584211363534638
3638,-0.00438138283180865
3639,-0.00319913168548028
3640,-0.00202746069507845
3641,-0.000827062292941187
3642,9.86475181251554E-07
3643,-8.14032046405593E-06
3644,-0.000438018397678298
3645,0.000251850013528082
3646,0.00332669121034872
3647,0.00802900695052275
3648,0.0118238359868435
3649,0.0127748297466502
3650,0.0113678903517559
3651,0.00966196364651874
3652,0.00895272992021092
3653,0.00874371068200188
3654,0.00783139546220556
3655,0.0057803519140277
3656,0.00315974583735412
3657,0.000785994251997643
3658,-0.00094285733975551
3659,-0.00218087218066926
3660,-0.00335529646471932
3661,-0.00463787072336408
3662,-0.00560934591989237
3663,-0.00576567075298106
3664,-0.00558659501742836
3665,-0.00667989509498496
3666,-0.0102183161835059
3667,-0.0152428239424598
3668,-0.0191304058203661
3669,-0.02003695871453
3670,-0.0185202332314197
3671,-0.0165211697033493
3672,-0.0151783136356588
3673,-0.0141007870985287
3674,-0.0124748002092024
3675,-0.0101937781424898
3676,-0.00778698074143151
3677,-0.00576201842173086
3678,-0.00428639392306065
3679,-0.00320309129241805
3680,-0.00214311747435982
3681,-0.000899899866893595
3682,0.000124904418658396
3683,0.00026140469314747
3684,-0.00024588712840174
3685,0.000216283433749044
3686,0.00313964973426818
3687,0.00788002008942404
3688,0.0118051826377266
3689,0.0128316511900381
3690,0.0114130814110746
3691,0.0096580716314328
3692,0.00888271208952115
3693,0.0085933452424201
3694,0.00765145914072991
3695,0.00570277366119614
3696,0.00326747940789366
3697,0.00098211689315369
3698,-0.000857076648382075
3699,-0.00228420351351783
3700,-0.00352828631123602
3701,-0.00472935928873
3702,-0.00560918551614191
3703,-0.00575776068299596
3704,-0.00559310097987235
3705,-0.00664814911503268
3706,-0.0101455556821645
3707,-0.0152068429797266
3708,-0.0191608613496016
3709,-0.0200438032502231
3710,-0.0184194101785516
3711,-0.0163763559050592
3712,-0.0151305962382046
3713,-0.0141782622523682
3714,-0.012566124673423
3715,-0.0102216582155385
3716,-0.00781257242417156
3717,-0.00585796017160802
3718,-0.00437770173159196
3719,-0.0031322977244798
3720,-0.00188468669202524
3721,-0.000621642217888504
3722,0.000244609815946234
3723,0.000219815215573172
3724,-0.00031003816629284
3725,0.00023803386504891
3726,0.00324724137215357
3727,0.00802999331000901
3728,0.0119729363162544
3729,0.012990081922494
3730,0.0115181403504082
3731,0.00971350068194929
3732,0.00898695074869876
3733,0.00885189046178628
3734,0.00803518831098644
3735,0.00605010064958061
3736,0.00345595985719911
3737,0.00105711868136507
3738,-0.000764197923603759
3739,-0.00212897378824884
3740,-0.00338044415699193
3741,-0.0046371218576929
3742,-0.00552027510158214
3743,-0.00561912717603183
3744,-0.00546879796708942
3745,-0.00665465919958879
3746,-0.0102741232783402
3747,-0.0152863010994684
3748,-0.0190368889502079
3749,-0.0197583173919948
3750,-0.0181721018519627
3751,-0.0163247899874365
3752,-0.0152608291348624
3753,-0.0143543176037774
3754,-0.0126547934339317
3755,-0.0101613558070211
3756,-0.00761425784162267
3757,-0.00559062854845751
3758,-0.0041458588623576
3759,-0.00302155126626093
3760,-0.0018991330460045
3761,-0.000677747194042243
3762,0.00024904900543904
3763,0.000324117118681369
3764,-0.00015103916534577
3765,0.000362697989388846
3766,0.00325205814332529
3767,0.00785427772720172
3768,0.0115966045570411
3769,0.0124650426953003
3770,0.010978740790627
3771,0.00931129025593424
3772,0.008775678722925
3773,0.0087384670009012
3774,0.00787059349067298
3775,0.00577615581935843
3776,0.00314670404527372
3777,0.000813232307124518
3778,-0.000931671477637176
3779,-0.00228987825150668
3780,-0.0035857380399165
3781,-0.00487109844975827
3782,-0.00574896914309371
3783,-0.00583726733139741
3784,-0.00566999636600201
3785,-0.0067897516394399
3786,-0.0102925364438259
3787,-0.0152203345377355
3788,-0.0189977059569071
3789,-0.019819505865832
3790,-0.018281598514366
3791,-0.0163666546276517
3792,-0.0151940969970194
3793,-0.014256307495762
3794,-0.0126294020228473
3795,-0.0102452970913929
3796,-0.00778851321996005
3797,-0.00583772595750799
3798,-0.00444837113654897
3799,-0.00332533163732495
3800,-0.00213752784851863
3801,-0.000842443509345372
3802,0.000111759633812134
3803,0.000206985351475667
3804,-0.00018174436819671
3805,0.000450541756645905
3806,0.00335901658319477
3807,0.00784171269771478
3808,0.0114741718043035
3809,0.0123977027905577
3810,0.0110655059649718
3811,0.00942730090893663
3812,0.00871191331317834
3813,0.00846740407053302
3814,0.00758577720690626
3815,0.00566259359232927
3816,0.00319777780347685
3817,0.000914671255116272
3818,-0.000814676213999012
3819,-0.0021003638249575
3820,-0.00332451935121448
3821,-0.0046494121346371
3822,-0.00564536437784569
3823,-0.00576990271289229
3824,-0.00549356274659024
3825,-0.00650750159931856
3826,-0.0100922044768474
3827,-0.015262322357653
3828,-0.0192128251579691
3829,-0.0199704086512308
3830,-0.0182111468829923
3831,-0.0161350917299386
3832,-0.0149710191115024
3833,-0.0141388182738016
3834,-0.0125973890035717
3835,-0.0102371244898474
3836,-0.00774767164273305
3837,-0.00570659567690811
3838,-0.00420475979958027
3839,-0.00304959505085104
3840,-0.0019699432422009
3841,-0.000821242261950943
3842,0.000113995127569467
3843,0.000317477068523845
3844,-1.89083795488423E-05
3845,0.000513618602869726
3846,0.00333745373285274
3847,0.00796423279584925
3848,0.0118950587201402
3849,0.0129591256073199
3850,0.0114697118275282
3851,0.0096143443282774
3852,0.00893054281631535
3853,0.00893566506360301
3854,0.00819401375839853
3855,0.00609978247048924
3856,0.00330593702482838
3857,0.000812162670680615
3858,-0.000936254290208397
3859,-0.00217529062351667
3860,-0.00336979796589502
3861,-0.00463599143956396
3862,-0.00552815547535612
3863,-0.00561715052284642
3864,-0.00546500663775452
3865,-0.00665740004780025
3866,-0.0102697655233253
3867,-0.0152823355315949
3868,-0.0190938173311157
3869,-0.0199240998791349
3870,-0.0183927370643052
3871,-0.0164781263409437
3872,-0.0152979010758095
3873,-0.0143616136680587
3874,-0.0127411588819361
3875,-0.0103155193498841
3876,-0.00772441076262591
3877,-0.00559332402216073
3878,-0.00410000290241417
3879,-0.00302506885877185
3880,-0.00198494181381944
3881,-0.000822500406183561
3882,5.94310021839582E-05
3883,9.08356043263423E-05
3884,-0.000396538595217011
3885,0.000161131076876845
3886,0.00313115031168278
3887,0.00783432945497704
3888,0.0117106399484365
3889,0.0127070473624039
3890,0.0112078788206606
3891,0.00930553293214641
3892,0.00846545247511763
3893,0.0083379156437478
3894,0.00767503250389333
3895,0.00583115683306471
3896,0.00321004448068274
3897,0.000663177626525941
3898,-0.00124606033376699
3899,-0.00255909427024003
3900,-0.00371321771402754
3901,-0.00493517302899334
3902,-0.00583397402257237
3903,-0.00592624112672662
3904,-0.00572960809202253
3905,-0.00686520099500894
3906,-0.010454240970179
3907,-0.0154648430753791
3908,-0.0192592388802417
3909,-0.0200500426247901
3910,-0.0184646208144071
3911,-0.0164749815325675
3912,-0.015206484077424
3913,-0.0142270196630247
3914,-0.0126764588792423
3915,-0.0104234614306902
3916,-0.00800168194332963
3917,-0.00592578914172243
3918,-0.00436274303980206
3919,-0.00318442352956271
3920,-0.00209399502649348
3921,-0.00092271710634304
3922,2.02621195927286E-06
3923,0.000124506683427744
3924,-0.000316427607053501
3925,0.000158290887021992
3926,0.00296993686853094
3927,0.00758773025674215
3928,0.011524474848156
3929,0.0126626931911818
3930,0.0113010957610245
3931,0.0095215942722652
3932,0.00878581448900148
3933,0.00866698014534281
3934,0.00785896683567832
3935,0.0058206464467401
3936,0.00315515563421766
3937,0.000771163370816759
3938,-0.000933694455316728
3939,-0.00218839994457936
3940,-0.00343309640429959
3941,-0.00476519902116569
3942,-0.00572452063034391
3943,-0.00587005899279312
3944,-0.00576082262332027
3945,-0.00698581187944978
3946,-0.0106137894959284
3947,-0.0156032972681638
3948,-0.019343877289504
3949,-0.0200881512952917
3950,-0.0185064253417271
3951,-0.016578766489324
3952,-0.0153599089608993
3953,-0.0143188644233034
3954,-0.0125956043412968
3955,-0.010186379709627
3956,-0.00773764346115552
3957,-0.00573091459233593
3958,-0.00421760397454348
3959,-0.0030346508268825
3960,-0.00195973373071919
3961,-0.000874992344038972
3962,-4.43172539401211E-05
3963,7.97468034519642E-05
3964,-0.000248696363909838
3965,0.000356205484975651
3966,0.00320311179993764
3967,0.00772107458307184
3968,0.0114812430758073
3969,0.0124794545617263
3970,0.0110929009361919
3971,0.00937337661783639
3972,0.00867204230775814
3973,0.00849390769838096
3974,0.00758700020533453
3975,0.00551668838396406
3976,0.00291000446945837
3977,0.000589578947463179
3978,-0.00113447662064652
3979,-0.00248138604661514
3980,-0.00380443575594209
3981,-0.00512459494051309
3982,-0.005966568545405
3983,-0.00593221963469453
3984,-0.00566081878759981
3985,-0.00682219022911346
3986,-0.0105049675081349
3987,-0.0155963981861528
3988,-0.0193856182851487
3989,-0.0201000486544453
3990,-0.0184777574924297
3991,-0.0165621461612809
3992,-0.0153835642479522
3993,-0.014342853688618
3994,-0.0125742162431423
3995,-0.0101463916656993
3996,-0.00775748462760329
3997,-0.00584279254912529
3998,-0.00436079038666012
3999,-0.00312048712530345
4000,-0.00196745824874165
4001,-0.000867976036420902
4002,-9.87475121351703E-05
4003,-5.19780071321387E-05
4004,-0.000407199456757496
4005,0.000236708191560195
4006,0.00315067024263317
4007,0.00771327871458234
4008,0.0114742267577075
4009,0.0124493973164437
4010,0.0110583560358233
4011,0.00938607190627562
4012,0.0087845873498002
4013,0.00872195926075224
4014,0.00788439178502467
4015,0.00578833914937803
4016,0.00307166261407775
4017,0.000635322734372003
4018,-0.0011250228936741
4019,-0.00241664546914582
4020,-0.00366567231440033
4021,-0.00497536823043958
4022,-0.00588415607042082
4023,-0.0059342429847851
4024,-0.00568502265199505
4025,-0.00676266613333753
4026,-0.0102836274372489
4027,-0.015233231970302
4028,-0.0190006860329227
4029,-0.019811074578645
4030,-0.018285425197958
4031,-0.0163754667012918
4032,-0.0151788771546517
4033,-0.0142421382973332
4034,-0.0127014597057373
4035,-0.0104340211843289
4036,-0.00798746942133907
4037,-0.00590017559984395
4038,-0.00436022678275195
4039,-0.00322001824809182
4040,-0.00212355379171337
4041,-0.000879769259864991
4042,0.000116386023926105
4043,0.000232945931705348
4044,-0.000251496004694378
4045,0.000262162746233585
4046,0.00321238709377125
4047,0.00792146864049123
4048,0.0117793162515093
4049,0.0127537016962504
4050,0.0113359362960858
4051,0.00965148774844823
4052,0.00901459976084352
4053,0.00888236704886963
4054,0.00800893377294342
4055,0.00595354240267224
4056,0.0032822315592818
4057,0.000795341664079243
4058,-0.00109399111924061
4059,-0.00246811385741742
4060,-0.00367773824005806
4061,-0.00488316317834502
4062,-0.00572058857528288
4063,-0.00575757140218961
4064,-0.0055255193140464
4065,-0.00665098950048203
4066,-0.0102752215835082
4067,-0.0153620345081041
4068,-0.0192338638129888
4069,-0.0200870920103504
4070,-0.0185775883991089
4071,-0.0166763242874566
4072,-0.0154380098512145
4073,-0.014386470404722
4074,-0.0127399062225404
4075,-0.0104891413070997
4076,-0.00817191261292519
4077,-0.00618283766725891
4078,-0.0046025297493472
4079,-0.00333664715306734
4080,-0.00215632514104164
4081,-0.000905122804202412
4082,9.3718293329987E-05
4083,0.000251284059464908
4084,-0.000210335486514302
4085,0.000246104234480554
4086,0.00310061813749463
4087,0.00777761058167133
4088,0.0116947376968504
4089,0.0127345227146079
4090,0.0112976525782818
4091,0.00951870852113063
4092,0.00879532044534239
4093,0.00863947250829231
4094,0.00778872935525918
4095,0.00576557995815278
4096,0.00313267250607413
4097,0.000708009604380649
4098,-0.00110260768166524
4099,-0.00242574205831694
4100,-0.00365991491286935
4101,-0.00497603492466958
4102,-0.00596243751207953
4103,-0.0060916276999091
4104,-0.00581279381808347
4105,-0.00676545220484985
4106,-0.0102113573381347
4107,-0.0152308552588417
4108,-0.0191286097888723
4109,-0.0199742561997684
4110,-0.0183634239335138
4111,-0.0163694701347353
4112,-0.0151755274183098
4113,-0.0142581047709456
4114,-0.0126366968218143
4115,-0.0101989146201614
4116,-0.0076259571874733
4117,-0.00555079919508233
4118,-0.00412677833782967
4119,-0.0031210930041469
4120,-0.00214172995299628
4121,-0.000993674574461582
4122,-3.8137432783067E-05
4123,0.000131243364453819
4124,-0.000241173417877099
4125,0.000349270372583926
4126,0.00329297190943683
4127,0.00796181612657046
4128,0.0118148937778454
4129,0.01281563092061
4130,0.0113971483321237
4131,0.00965911699110013
4132,0.00894854562770049
4133,0.0087630896855548
4134,0.00787026960297197
4135,0.00583829860025094
4136,0.00325383083129784
4137,0.000913213849148291
4138,-0.000834689984156478
4139,-0.00216328401864554
4140,-0.00346244858872633
4141,-0.00483970524803203
4142,-0.00582711100614431
4143,-0.00592261747747201
4144,-0.00568056766799259
4145,-0.00681311783825387
4146,-0.0105020102437898
4147,-0.0156306748303638
4148,-0.0193936025345416
4149,-0.0199854770941559
4150,-0.0182438466803924
4151,-0.0163265154714982
4152,-0.0152566262088588
4153,-0.0143330627761652
4154,-0.0126200675457475
4155,-0.0101963510100685
4156,-0.0077931440714897
4157,-0.00586012655819027
4158,-0.00436754973821515
4159,-0.00313448727995638
4160,-0.00198057887581324
4161,-0.000825178796601566
4162,4.24480360538412E-05
4163,0.000138622901271615
4164,-0.000276481223969883
4165,0.000269680700223049
4166,0.00317796406595209
4167,0.00784595782356824
4168,0.0117006778652148
4169,0.0126509939079434
4170,0.0111523584675453
4171,0.00939415357185812
4172,0.0087552005328963
4173,0.00865653400335951
4174,0.00779378735177091
4175,0.00577710349464292
4176,0.00327513805040633
4177,0.00105052379358883
4178,-0.000688073506271303
4179,-0.0021634015843658
4180,-0.00361044819080376
4181,-0.0049376688442417
4182,-0.00568330792679908
4183,-0.00556258777455135
4184,-0.00529714347538695
4185,-0.00652455573707956
4186,-0.0102369984153326
4187,-0.0152782061726891
4188,-0.0189951365139459
4189,-0.0197003333885158
4190,-0.0181400952652789
4191,-0.0162856756631615
4192,-0.0151143630923959
4193,-0.014061516254505
4194,-0.0123263838091003
4195,-0.0099719605532776
4196,-0.00762185593657349
4197,-0.00567226820051998
4198,-0.00413402671821408
4199,-0.00288617199093482
4200,-0.00176366366688647
4201,-0.000659295048637744
4202,0.000181074083536272
4203,0.000307383614879868
4204,-3.77581084280644E-05
4205,0.000536121188461541
4206,0.00336032727055247
4207,0.00788410923615495
4208,0.0116893160579596
4209,0.0127713430752556
4210,0.0114796284476023
4211,0.00980854055288028
4212,0.00907486540423307
4213,0.00882892442439677
4214,0.00790761412618
4215,0.00589507102475883
4216,0.00332086350765547
4217,0.00090382419788354
4218,-0.001009787794812
4219,-0.00247363033527539
4220,-0.00372519149095297
4221,-0.00486238974606599
4222,-0.00561002675291683
4223,-0.00567657839347809
4224,-0.00558981181793136
4225,-0.00680207833314937
4226,-0.0103132234858077
4227,-0.015150624016265
4228,-0.0188222601125166
4229,-0.0196197536211874
4230,-0.0181444235624696
4231,-0.0162912803914545
4232,-0.0151091182255944
4233,-0.0141239278100568
4234,-0.0124979349169707
4235,-0.0101764742506353
4236,-0.00775618390973064
4237,-0.00574077203419814
4238,-0.00422830131692523
4239,-0.00303527610641597
4240,-0.00187548890187818
4241,-0.00065180047826881
4242,0.00023460755140502
4243,0.000233843786480424
4244,-0.000301353674431755
4245,0.00023438269271808
4246,0.00324645832108277
4247,0.00802400144827108
4248,0.0119175087211039
4249,0.0128488633491037
4250,0.0113051639018989
4251,0.00947849427541217
4252,0.0087609640557093
4253,0.00861520601421376
4254,0.00774085632046427
4255,0.00567843398431117
4256,0.00304690443600618
4257,0.000688581840553266
4258,-0.00103572228368647
4259,-0.0023148210333391
4260,-0.00354853524673582
4261,-0.00484934531109089
4262,-0.00577547262665981
4263,-0.00585912578813711
4264,-0.00564131770517651
4265,-0.0067650083397059
4266,-0.0103718364638634
4267,-0.0154115901916567
4268,-0.0191942674031348
4269,-0.0199349770889835
4270,-0.0183525595354043
4271,-0.0164775477828504
4272,-0.0153409227154557
4273,-0.0143584627469737
4274,-0.0126694483551202
4275,-0.0103117391982537
4276,-0.00793843505697833
4277,-0.00598141699555334
4278,-0.00444425408145408
4279,-0.00316398087325231
4280,-0.00195432216131364
4281,-0.000749064950529507
4282,0.000126374490286975
4283,0.000183507534769054
4284,-0.000271624600998748
4285,0.00027983841574279
4286,0.00323994379453806
4287,0.00797943436443193
4288,0.0119034899705573
4289,0.0128982217748528
4290,0.0113888709901913
4291,0.00956924661229027
4292,0.00888465911236737
4293,0.0088125814416174
4294,0.00799243362835515
4295,0.00590010067292601
4296,0.00317289423113743
4297,0.000743511762596507
4298,-0.000962341840778965
4299,-0.00216048252676491
4300,-0.00333241131987306
4301,-0.00464259516040433
4302,-0.00563378273330297
4303,-0.00577966781935894
4304,-0.00556193613329843
4305,-0.00660021683433103
4306,-0.0100824992199719
4307,-0.0150673580202906
4308,-0.0189447181907419
4309,-0.0198716244235965
4310,-0.0183928427064743
4311,-0.0164255423876739
4312,-0.0150858326853511
4313,-0.0139854940370548
4314,-0.0123481593980207
4315,-0.0101017710669904
4316,-0.00775360972523228
4317,-0.00574373578522675
4318,-0.00421821663520611
4319,-0.00309915533525641
4320,-0.00211036635824449
4321,-0.00101332065186214
4322,-6.20972154276445E-05
4323,0.000156060931691837
4324,-0.000216332480709858
4325,0.000270409057974915
4326,0.00309884971255773
4327,0.00777450301486133
4328,0.0117497105573464
4329,0.0128346939906787
4330,0.0113598675264243
4331,0.00951791870358314
4332,0.00882921559241892
4333,0.00880764597013353
4334,0.00804349483418317
4335,0.00596058048659827
4336,0.00322014896129928
4337,0.000803102377518052
4338,-0.000893265268372604
4339,-0.00216344242757106
4340,-0.00347781087028887
4341,-0.00485756521224927
4342,-0.00573441326542459
4343,-0.00567949291985915
4344,-0.00540872476333474
4345,-0.0066416514379575
4346,-0.0103931950729314
4347,-0.0154601186939586
4348,-0.0191755550483146
4349,-0.0198945893359391
4350,-0.0183745080940615
4351,-0.016533171934972
4352,-0.015317532531169
4353,-0.0142162434304137
4354,-0.0124897246425254
4355,-0.0101765662649084
4356,-0.00783170755660977
4357,-0.0058487153724353
4358,-0.00430104106045356
4359,-0.0030843936798952
4360,-0.00196611105303397
4361,-0.000787125181831821
4362,0.000160078851799792
4363,0.000342767412190854
4364,-9.43068114200994E-06
4365,0.00054004673085738
4366,0.00333695101641242
4367,0.00779850581420303
4368,0.0115033740570346
4369,0.0125004523796665
4370,0.0111813896331324
4371,0.00952644072354223
4372,0.00882904047635704
4373,0.0086492800676844
4374,0.00781882963502886
4375,0.00586028097647728
4376,0.00326325025619697
4377,0.000819709107280965
4378,-0.00101420596540045
4379,-0.00232406270699954
4380,-0.00352681487392697
4381,-0.00481881756986306
4382,-0.00578256430580446
4383,-0.00590697824805774
4384,-0.00571091292882578
4385,-0.00685792755437631
4386,-0.0104876917503296
4387,-0.0155085425744927
4388,-0.0192231694848991
4389,-0.0199083051968034
4390,-0.01833390346285
4391,-0.0164960772463039
4392,-0.0153569300295852
4393,-0.0143286418915434
4394,-0.0126070604312404
4395,-0.0102531614146724
4396,-0.007883269445051
4397,-0.0059118564813732
4398,-0.00439101787928687
4399,-0.00320099465689919
4400,-0.00211211223312984
4401,-0.000964225148881388
4402,-4.3616713442129E-05
4403,0.000113100213807032
4404,-0.000260938832028027
4405,0.000312777380079999
4406,0.00323025534613069
4407,0.00788656569642425
4408,0.0117515053636014
4409,0.0127796789993204
4410,0.011381583707956
4411,0.0096352207052546
4412,0.00889235134366427
4413,0.00868918525118452
4414,0.00782175125604991
4415,0.00582128751766363
4416,0.00319223928166228
4417,0.000704587780477068
4418,-0.0011983712949775
4419,-0.00254637453025929
4420,-0.00368596304750429
4421,-0.00484239852378132
4422,-0.00571684906895586
4423,-0.00585352373045839
4424,-0.0056841192016399
4425,-0.00677627384400503
4426,-0.0103285705681585
4427,-0.0153971141745752
4428,-0.0192936763929707
4429,-0.0201106393028615
4430,-0.0184706033958943
4431,-0.0164647004043244
4432,-0.0152726781688934
4433,-0.0143593498730276
4434,-0.0127543985655171
4435,-0.0103798314523514
4436,-0.00792372338022613
4437,-0.00594925699516572
4438,-0.00450260140406043
4439,-0.00332054719084444
4440,-0.00211654372590946
4441,-0.000846583017952522
4442,8.06639358628858E-05
4443,0.000156067212088865
4444,-0.0002822561145291
4445,0.00027001765107476
4446,0.00315880906196528
4447,0.0077726555599255
4448,0.0116303181823366
4449,0.0126835241257113
4450,0.0112705943553695
4451,0.00945602474743081
4452,0.00869339627920627
4453,0.00859404492397197
4454,0.00786839700602815
4455,0.00590909548110908
4456,0.00323908091674695
4457,0.000784622326429719
4458,-0.000968024052083973
4459,-0.00222682751454679
4460,-0.00350404052453159
4461,-0.00491623384957523
4462,-0.00588640241517009
4463,-0.00586923824989948
4464,-0.00551553302444955
4465,-0.00662790939225119
4466,-0.0103474508583784
4467,-0.0154719372841148
4468,-0.0192081500576921
4469,-0.0198314000711562
4470,-0.0181902893444017
4471,-0.0163664744449167
4472,-0.0153316598350235
4473,-0.0144025332535648
4474,-0.0126533378551483
4475,-0.0101341611796958
4476,-0.00759556885581513
4477,-0.00559460515605536
4478,-0.00417840791118694
4479,-0.00309447816696579
4480,-0.00201386106712912
4481,-0.000799882835355547
4482,0.000185351494509114
4483,0.000369629061818808
4484,-1.64953642740399E-05
4485,0.000496596922565052
4486,0.00331744385019202
4487,0.00790901868450734
4488,0.0118024949954789
4489,0.0129184939081372
4490,0.0115725940234678
4491,0.00981107113084941
4492,0.00904241958262742
4493,0.00883700228209519
4494,0.00794483577044188
4495,0.0058723404982087
4496,0.00321022917959235
4497,0.000826424654037355
4498,-0.000887270991367027
4499,-0.00212893628410417
4500,-0.00332633752781392
4501,-0.00461053822787596
4502,-0.00555877303879441
4503,-0.00571826811014019
4504,-0.00559721631093426
4505,-0.00675846282604349
4506,-0.0103055052503273
4507,-0.0152521414062734
4508,-0.0189945329366817
4509,-0.0197383525087119
4510,-0.0181245883319929
4511,-0.0161762580291457
4512,-0.0150186347045201
4513,-0.0141255480461408
4514,-0.012554935065958
4515,-0.0102147220862446
4516,-0.00773807774137041
4517,-0.00566299986819758
4518,-0.00410603810411211
4519,-0.0029343587771954
4520,-0.00190679254903412
4521,-0.000841186535477352
4522,6.30091305454401E-05
4523,0.00033704672134482
4524,0.000122707908142973
4525,0.000715032355141315
4526,0.00347750828149133
4527,0.00798229202343133
4528,0.0118362606931472
4529,0.0128965900524985
4530,0.0114086583721843
4531,0.00949169331294276
4532,0.00869282260962943
4533,0.00859557845225006
4534,0.00781980468917794
4535,0.00577523535366048
4536,0.00309643423629109
4537,0.00073381413495256
4538,-0.000941351061619404
4539,-0.00222386125577756
4540,-0.00356556811612337
4541,-0.00498793435438246
4542,-0.00593350382230889
4543,-0.00593773284429717
4544,-0.00563987570786887
4545,-0.00674579065487956
4546,-0.01037282623179
4547,-0.0154222963113698
4548,-0.0191952822884264
4549,-0.0199276350099951
4550,-0.0183491610682778
4551,-0.0164819779898891
4552,-0.0153464108355137
4553,-0.0143574250389221
4554,-0.0126623551121171
4555,-0.0103084049896206
4556,-0.00794650547342688
4557,-0.00599134192836931
4558,-0.00443566505582865
4559,-0.00314026284562177
4560,-0.00196296606699454
4561,-0.000840050762750468
4562,-2.61949738946084E-05
4563,6.79994596330228E-05
4564,-0.000273882795489694
4565,0.000335319827859228
4566,0.00319166260339567
4567,0.00772193044136297
4568,0.0115126013127217
4569,0.012561505461816
4570,0.011202691351229
4571,0.00943312714281578
4572,0.00862450640325702
4573,0.00839672138857561
4574,0.00758483191938198
4575,0.00568088916560306
4576,0.00313256595523264
4577,0.000693452943764704
4578,-0.0011742215698968
4579,-0.00248105629684176
4580,-0.00357177466683204
4581,-0.00468416481062168
4582,-0.00553977788247673
4583,-0.00570096782724166
4584,-0.00559818744718158
4585,-0.00676790617427623
4586,-0.0103603491306559
4587,-0.0153999529804165
4588,-0.0192158165258151
4589,-0.019964114110939
4590,-0.0183246381685446
4591,-0.0163754366255068
4592,-0.0152178540045395
4593,-0.0142620307213472
4594,-0.0125784615275181
4595,-0.0101746706725179
4596,-0.00775411369573924
4597,-0.00581285787124468
4598,-0.00436368077253177
4599,-0.00320980154533673
4600,-0.00212518176775392
4601,-0.00099588254378786
4602,-9.79274484476433E-05
4603,6.88589187786859E-05
4604,-0.000293928386299212
4605,0.000229406117999433
4606,0.00306850968685707
4607,0.00772733265533863
4608,0.0116778111428313
4609,0.0127188046731842
4610,0.0111587027321309
4611,0.00920882413126367
4612,0.00844603024268567
4613,0.00842488056261964
4614,0.0077196612518671
4615,0.00568850812164083
4616,0.00292851361994875
4617,0.000429401248059154
4618,-0.00131026098116323
4619,-0.0024914762020908
4620,-0.00363652620377365
4621,-0.00494043152769736
4622,-0.00591426094938719
4623,-0.00597996933502153
4624,-0.0056544014095911
4625,-0.0066928958002861
4626,-0.0103543023537058
4627,-0.0155432175143791
4628,-0.0193891658648893
4629,-0.0200097855649222
4630,-0.0182423468531887
4631,-0.0163080902749457
4632,-0.0152611862025232
4633,-0.0143583496996703
4634,-0.0126198666931076
4635,-0.0101498205871899
4636,-0.00773622655664237
4637,-0.00583253700746054
4638,-0.00436285714093671
4639,-0.00313010978444783
4640,-0.00198887593077877
4641,-0.000868851555570663
4642,-2.45551517133302E-06
4643,0.00017173120831042
4644,-0.000142204771176791
4645,0.000425028624542212
4646,0.00326946033932838
4647,0.00791143404265947
4648,0.0118764171234151
4649,0.0130037226715209
4650,0.0115731137641993
4651,0.00969568203300204
4652,0.00886353893191762
4653,0.00867139202060432
4654,0.00785203643740296
4655,0.00588600992476924
4656,0.00331049914840225
4657,0.000916754542773043
4658,-0.000925891545954585
4659,-0.00233113102635323
4660,-0.00360575274007448
4661,-0.00483799944949845
4662,-0.00566194690232768
4663,-0.00571020512163819
4664,-0.005547482378686
4665,-0.00675268281848096
4666,-0.0103976943295625
4667,-0.0154247631254252
4668,-0.0191839486065675
4669,-0.019921258162987
4670,-0.0183530158727937
4671,-0.0164913814280595
4672,-0.0153531427588917
4673,-0.0143444062572891
4674,-0.0125989781446819
4675,-0.0101666784542039
4676,-0.00774011636092476
4677,-0.00580028001619521
4678,-0.00436755878135326
4679,-0.0032361674277095
4680,-0.00213974025543307
4681,-0.000954021744530229
4682,-1.36220423450073E-05
4683,0.000127723513467969
4684,-0.00029194967489638
4685,0.000221907557596013
4686,0.00310116391489175
4687,0.0077799919583786
4688,0.0117206367962541
4689,0.0128126855353435
4690,0.0114119285723727
4691,0.00962044068399973
4692,0.00886227421369739
4693,0.00869450052843523
4694,0.00785233596985662
4695,0.00581865740102982
4696,0.00315681086262792
4697,0.000749827828780603
4698,-0.000952698618533396
4699,-0.0021405884251061
4700,-0.00333205276592588
4701,-0.00472842928047693
4702,-0.00581322202839539
4703,-0.00595244646516145
4704,-0.00562794669646275
4705,-0.00659768436605754
4706,-0.0101460240725585
4707,-0.0152325259801125
4708,-0.0190695824203809
4709,-0.019814773431853
4710,-0.0182252526515454
4711,-0.0163723037498828
4712,-0.0152470674886182
4713,-0.0142029475380274
4714,-0.012408587888309
4715,-0.01001771138394
4716,-0.00775035653887462
4717,-0.00596754143077531
4718,-0.00454398515903304
4719,-0.00327510316546118
4720,-0.00204118187262402
4721,-0.000830391128398365
4722,7.0849319755801E-05
4723,0.000232644002190943
4724,-7.70829682216567E-05
4725,0.000543856132785281
4726,0.0034394998155204
4727,0.00805204699671709
4728,0.0119029004804226
4729,0.0129167338473122
4730,0.0114635627192502
4731,0.00966631725443262
4732,0.0089469939316728
4733,0.00881146049050842
4734,0.00795590961622219
4735,0.00590503132877838
4736,0.0032866045769003
4737,0.000948876665450532
4738,-0.000772447269089627
4739,-0.00208630812913722
4740,-0.00336280145102941
4741,-0.00466324781140018
4742,-0.00554528033387447
4743,-0.00560305831779831
4744,-0.00543281230997791
4745,-0.00666305273587149
4746,-0.0103682041663759
4747,-0.0154443743734272
4748,-0.0192050469996042
4749,-0.0199145495797163
4750,-0.0183384085852014
4751,-0.0164995557850407
4752,-0.0153611353745852
4753,-0.014280380839905
4754,-0.0124387173519331
4755,-0.0100081988917396
4756,-0.00772957469271564
4757,-0.00596223882592979
4758,-0.00455345118163229
4759,-0.00328985312444158
4760,-0.00208877662670964
4761,-0.000964501200357259
4762,-0.000147855222178029
4763,2.54242638845313E-05
4764,-0.00017773379094758
4765,0.000511811949340054
4766,0.00332070608073113
4767,0.00774672878340809
4768,0.0114856133401912
4769,0.0125443344496516
4770,0.011193675155022
4771,0.00942419911273005
4772,0.00866649268339755
4773,0.00853771869534111
4774,0.0077711455894035
4775,0.00580226770043381
4776,0.00317952236988582
4777,0.000789606629137408
4778,-0.000950731279509144
4779,-0.0022567613608472
4780,-0.00357283256728097
4781,-0.00497127227555041
4782,-0.00591950954221139
4783,-0.00593588363492678
4784,-0.00565598853167113
4785,-0.00681100572277333
4786,-0.0105177823319224
4787,-0.0156217280951985
4788,-0.0193677406385154
4789,-0.0200057722405276
4790,-0.0183415904123991
4791,-0.0164554994156244
4792,-0.0153502104056499
4793,-0.0143716962310312
4794,-0.0126252466377779
4795,-0.0101905873219028
4796,-0.00779407368738116
4797,-0.00589165855439375
4798,-0.00444579194998902
4799,-0.003252972075977
4800,-0.00212877614031931
4801,-0.000998637036905688
4802,-0.000119951755529709
4803,7.1729326625233E-05
4804,-0.000202424047495528
4805,0.000391621278899127
4806,0.00318585602398367
4807,0.00771670527555505
4808,0.0116166814242649
4809,0.0127785761314273
4810,0.0113934008018362
4811,0.00947225143891943
4812,0.00856774813372626
4813,0.00842518568566349
4814,0.00777249386470732
4815,0.0058764517997694
4816,0.00311985900163425
4817,0.000439629661457908
4818,-0.00149221405908832
4819,-0.00269987219258307
4820,-0.0037255289693909
4821,-0.0049176281168018
4822,-0.00587853766183263
4823,-0.0059898134813504
4824,-0.00568691536621558
4825,-0.00669113337084361
4826,-0.0102750374659833
4827,-0.0153800204685838
4828,-0.0191882381678019
4829,-0.0198535816760794
4830,-0.0181813524188711
4831,-0.0163077708076313
4832,-0.0152519754391328
4833,-0.0143446884820341
4834,-0.0126997204113938
4835,-0.0103951842236282
4836,-0.00807672696766961
4837,-0.00610149762321327
4838,-0.00446716977283168
4839,-0.00314747233050071
4840,-0.00207992795322574
4841,-0.00110468376251381
4842,-0.000297274736771129
4843,-3.8093762044467E-05
4844,-0.000208852495512465
4845,0.000437436850430607
4846,0.00326210108128297
4847,0.00784147458619443
4848,0.0117507595162635
4849,0.0128172314683172
4850,0.0113047129725911
4851,0.00937823857866107
4852,0.00861026243626311
4853,0.00857826032489909
4854,0.00787545832786712
4855,0.00586573945583414
4856,0.00314191534668365
4857,0.000671338307895179
4858,-0.00108634798456028
4859,-0.00234886845526346
4860,-0.0035933324139772
4861,-0.00494207901974208
4862,-0.00589707422862927
4863,-0.00595617214965007
4864,-0.00569073144739987
4865,-0.00679272242596651
4866,-0.0104134193618865
4867,-0.0154757517440064
4868,-0.0192735929646299
4869,-0.0200397569569092
4870,-0.0185143513360684
4871,-0.0167050027683929
4872,-0.0155760390870691
4873,-0.0144966558720753
4874,-0.0126460153375704
4875,-0.0101713013831281
4876,-0.00780407177584382
4877,-0.00594931932645536
4878,-0.00452069391898231
4879,-0.00330564243593497
4880,-0.00213542522896284
4881,-0.000950343425474116
4882,-2.49416629996116E-05
4883,0.000181548576027498
4884,-0.000114574792931948
4885,0.000451928128305664
4886,0.00323968972631757
4887,0.00775664177854698
4888,0.0115846310118008
4889,0.0126407666017823
4890,0.0112292173867079
4891,0.00943242320050118
4892,0.00871243161423965
4893,0.00864276418809824
4894,0.00791236289420979
4895,0.00594786279328771
4896,0.00329249221523194
4897,0.00082519900990098
4898,-0.00100002775141822
4899,-0.00231630116800333
4900,-0.00353902160780983
4901,-0.00483191361591566
4902,-0.00578072149646361
4903,-0.00589052591727241
4904,-0.00565382933012419
4905,-0.00671480507241676
4906,-0.0102850669556417
4907,-0.0153722918284245
4908,-0.0192450592521363
4909,-0.0200167889451076
4910,-0.0183812270532548
4911,-0.016464679145198
4912,-0.0153869827589251
4913,-0.0145123753490458
4914,-0.0128442415635588
4915,-0.0103768783366792
4916,-0.00786663653731728
4917,-0.00586059180476022
4918,-0.00436080717584298
4919,-0.00312991392518896
4920,-0.00195278441833999
4921,-0.000787854577767793
4922,4.6256929641551E-05
4923,0.000112501939594034
4924,-0.000277534251069891
4925,0.000313485531088034
4926,0.00321401981895842
4927,0.00783317655350877
4928,0.0116890599510946
4929,0.0127253861659121
4930,0.0113152961628073
4931,0.00956423371839062
4932,0.00888177999707696
4933,0.008771861893818
4934,0.0079188715203941
4935,0.00583195797791178
4936,0.00315330784759151
4937,0.000774388112117282
4938,-0.000956637019621639
4939,-0.00229727666452382
4940,-0.00365765350433361
4941,-0.00504330865864909
4942,-0.00590143573008012
4943,-0.00580938943585203
4944,-0.00549564350171717
4945,-0.00672473916597441
4946,-0.0105348299785184
4947,-0.015648262825622
4948,-0.0192858127477042
4949,-0.0198230019410961
4950,-0.0182052830555643
4951,-0.0164873162008496
4952,-0.0154913084985031
4953,-0.0144405498227459
4954,-0.0125276987969913
4955,-0.010021267581365
4956,-0.00770231900350783
4957,-0.00589058245145783
4958,-0.00440952065179779
4959,-0.00309383806940851
4960,-0.00191740992387594
4961,-0.000881114204672498
4962,-0.000155504175879559
4963,-5.18545980847146E-05
4964,-0.000332915268875707
4965,0.000256617934543591
4966,0.00299666458217099
4967,0.00745702610412857
4968,0.0113296830556956
4969,0.0125192517215071
4970,0.0111826172093212
4971,0.00929848933084691
4972,0.0084114979432535
4973,0.00827830478255657
4974,0.00765599582011162
4975,0.0058498518649722
4976,0.0032491373693207
4977,0.000727995154875869
4978,-0.00113391545574323
4979,-0.00238818116852637
4980,-0.0035047749939801
4981,-0.00474482278134896
4982,-0.0057077807119156
4983,-0.00584155345934315
4984,-0.00561166318398053
4985,-0.00668633407581378
4986,-0.0102744826792628
4987,-0.0153293112181187
4988,-0.0191042329897917
4989,-0.0197984814170748
4990,-0.0181931210710889
4991,-0.0163623093569894
4992,-0.0152732020686046
4993,-0.0142371805547084
4994,-0.0123963568289711
4995,-0.00991334997261107
4996,-0.00753665441188434
4997,-0.00565764803257066
4998,-0.00418908210993553
4999,-0.00296680539219803
5000,-0.0018738412764193
5001,-0.000840996285316698
5002,-8.21943473835619E-05
5003,-2.49617846104207E-06
5004,-0.000353292343999098
5005,0.000254472936975037
5006,0.00316668611991958
5007,0.00780522598964615
5008,0.0116515036070556
5009,0.0126292205857993
5010,0.0111628972703705
5011,0.00941721434935347
5012,0.00878876120971538
5013,0.00873294467894475
5014,0.00793009987165521
5015,0.00590030621365713
5016,0.00322943374208292
5017,0.000737381850856782
5018,-0.00116145392628039
5019,-0.00253003592736431
5020,-0.00369713593584985
5021,-0.00485771269875309
5022,-0.00571817990831091
5023,-0.0058468463982637
5024,-0.00568101831559615
5025,-0.00677095584055232
5026,-0.0102864038169656
5027,-0.0152569521801
5028,-0.0190134868253975
5029,-0.0197487622605131
5030,-0.01819641569477
5031,-0.0164188798647104
5032,-0.0154019871070659
5033,-0.0144487713787342
5034,-0.0126600637483546
5035,-0.0101879302020073
5036,-0.00783290733066112
5037,-0.00603505160145393
5038,-0.00466380136112765
5039,-0.0034416749110709
5040,-0.00219915995396241
5041,-0.000957046383312815
5042,-7.96611611052377E-05
5043,-2.90236451345857E-05
5044,-0.000478965057712234
5045,6.9600703472548E-05
5046,0.00300200502100865
5047,0.00770936670539866
5048,0.0116241919898325
5049,0.0126284103259705
5050,0.0111251400049588
5051,0.00930399005228024
5052,0.0086203992143172
5053,0.00854858826611813
5054,0.00771759765763365
5055,0.00561875063550898
5056,0.00292124987269877
5057,0.000549202063052899
5058,-0.00113524565800709
5059,-0.0023926099738772
5060,-0.00365671365252161
5061,-0.00498887876723682
5062,-0.00589134497963384
5063,-0.00591787982289718
5064,-0.00567611172274608
5065,-0.00683378814350805
5066,-0.0104995457638709
5067,-0.0155855555369044
5068,-0.0193869801360873
5069,-0.0201099603712411
5070,-0.0184756843959226
5071,-0.0165556197887321
5072,-0.0154311592606129
5073,-0.0144986864434923
5074,-0.0128108437139243
5075,-0.0103729901059677
5076,-0.00793285919627709
5077,-0.00603074197351615
5078,-0.00463466735042093
5079,-0.00343954608907051
5080,-0.00220493564234949
5081,-0.000957702609614463
5082,-9.59138515740783E-05
5083,-3.62035816483498E-05
5084,-0.000392713526641179
5085,0.00025423073131757
5086,0.00312538953349912
5087,0.00761386228722044
5088,0.0113897734365538
5089,0.0125200694936742
5090,0.0112674644685731
5091,0.00951045511348492
5092,0.00862510813714185
5093,0.00833627718540067
5094,0.0075154976609919
5095,0.00558982013884607
5096,0.00298871500104899
5097,0.000550521529251066
5098,-0.00123659349597344
5099,-0.00252278865965561
5100,-0.00377600108726417
5101,-0.00511019780375875
5102,-0.00598647552034117
5103,-0.00592595255701213
5104,-0.00562601589402221
5105,-0.00685034903791727
5106,-0.0106235200294701
5107,-0.0156639380634533
5108,-0.0192373374253406
5109,-0.0197653730064262
5110,-0.0181723169338137
5111,-0.0164670468550566
5112,-0.015493500476557
5113,-0.0145277795773437
5114,-0.0127190139934201
5115,-0.0102069389210979
5116,-0.00774402099744009
5117,-0.00580194286488913
5118,-0.00434830363938481
5119,-0.00314994443083296
5120,-0.00199566180774746
5121,-0.000852455937420077
5122,-4.97456962728528E-05
5123,-3.90320488517058E-06
5124,-0.000367233540636334
5125,0.00027646014394401
5126,0.00318322411749034
5127,0.00775545648833555
5128,0.0116117495331953
5129,0.0127565048570042
5130,0.0114534974160111
5131,0.00965637501543475
5132,0.00881811332102559
5133,0.00866067102244755
5134,0.0079670680919045
5135,0.0060711482400306
5136,0.00339577397963722
5137,0.00086595471001678
5138,-0.000941802930845284
5139,-0.00218678714892867
5140,-0.0034351575957563
5141,-0.00486906596348548
5142,-0.00589141102714547
5143,-0.00589289107835722
5144,-0.00552645528614758
5145,-0.00666713527191367
5146,-0.010483717273418
5147,-0.0156945559293318
5148,-0.0194132782405699
5149,-0.0199351996820771
5150,-0.01822436295283
5151,-0.0164313672341661
5152,-0.0154767171632072
5153,-0.0145932209142074
5154,-0.0128555519917038
5155,-0.0103768157231811
5156,-0.0079126476741017
5157,-0.00593321089516659
5158,-0.0044226086663254
5159,-0.00319453503834068
5160,-0.00205429945014963
5161,-0.00090780296745754
5162,-1.90961114544926E-05
5163,0.00015450179442737
5164,-0.000158306081979194
5165,0.000412818366210811
5166,0.00320634870449309
5167,0.00770602248082772
5168,0.0114933828050621
5169,0.0124984158918212
5170,0.0110299442331253
5171,0.00918038071642683
5172,0.00844733783677448
5173,0.00843004341063177
5174,0.00777727726174717
5175,0.00583531385480359
5176,0.0031286153134576
5177,0.000615366597577359
5178,-0.0011757190544116
5179,-0.00241503233265899
5180,-0.00361747348156926
5181,-0.00496087529386824
5182,-0.00593116004780017
5183,-0.00596589096944141
5184,-0.00563480750194763
5185,-0.00670652899314925
5186,-0.0103834945941675
5187,-0.0155300902605452
5188,-0.0193345362407611
5189,-0.0200162168906469
5190,-0.0184263010027386
5191,-0.0166786496246591
5192,-0.0157040010608961
5193,-0.0147298701671319
5194,-0.012849558905909
5195,-0.010273263084282
5196,-0.00785289205112749
5197,-0.00601565421416114
5198,-0.00458453728216755
5199,-0.00329057665630864
5200,-0.00205226394732359
5201,-0.000947629599621649
5202,-0.000243577924963976
5203,-0.000208885210637428
5204,-0.000457444544491177
5205,0.000313846292914885
5206,0.00323033986032781
5207,0.00767446048077305
5208,0.0113580164302619
5209,0.0124017202769865
5210,0.0111116628401246
5211,0.00937321405414173
5212,0.00853127320978759
5213,0.00828968224777293
5214,0.00753863429562841
5215,0.00570582489879985
5216,0.00314975949136088
5217,0.000642598460815812
5218,-0.00126110929392344
5219,-0.00255640880829422
5220,-0.0036791728944131
5221,-0.00491368006428174
5222,-0.00587518607041265
5223,-0.00598504560319831
5224,-0.00569235472532012
5225,-0.00670284446100241
5226,-0.0102754113911026
5227,-0.0153624054939396
5228,-0.0191728134987777
5229,-0.0198766158698714
5230,-0.0182660553910802
5231,-0.0164397721479742
5232,-0.0153743313445277
5233,-0.014379136191277
5234,-0.0125964961173383
5235,-0.0101886475192885
5236,-0.00788798890581287
5237,-0.00605004866227324
5238,-0.00455732682967551
5239,-0.00325711480981684
5240,-0.00208277980285161
5241,-0.000993148756794396
5242,-0.000160526726493186
5243,6.4996484652655E-05
5244,-0.000111645102690372
5245,0.000561271969232996
5246,0.00336698664801482
5247,0.00785907233800754
5248,0.0117117041629579
5249,0.0128531170094909
5250,0.011501504290071
5251,0.00966509316122704
5252,0.00883374370863332
5253,0.00867319840199554
5254,0.00792408338682928
5255,0.00598540621913501
5256,0.00334925835746234
5257,0.000878278473885982
5258,-0.000963268778046547
5259,-0.00230445722312961
5260,-0.00355692334786515
5261,-0.0048598809657069
5262,-0.00577877896402281
5263,-0.00585059069094889
5264,-0.00563191419340363
5265,-0.00677185775476339
5266,-0.0103906555582866
5267,-0.0154059005890289
5268,-0.0191195796439379
5269,-0.019778875958088
5270,-0.0181568029366691
5271,-0.0163169267414045
5272,-0.0152656564937436
5273,-0.0143468546287774
5274,-0.0126470859114149
5275,-0.0102311849883113
5276,-0.00783539517532491
5277,-0.00593964811734511
5278,-0.00451254679112687
5279,-0.00332682556234169
5280,-0.00217613381945504
5281,-0.00100585464226367
5282,-0.000125448469382828
5283,5.53854238062682E-06
5284,-0.000350440167820237
5285,0.000204130027678568
5286,0.00301178172730397
5287,0.00756302890780887
5288,0.0114679639712561
5289,0.0126719547043379
5290,0.011424292751097
5291,0.00968781271760472
5292,0.00887112164606469
5293,0.00864017953181995
5294,0.00783274937033567
5295,0.00591925114958191
5296,0.00334598379039027
5297,0.000879495496488448
5298,-0.00103171272528583
5299,-0.00243949721119043
5300,-0.00369664405101589
5301,-0.0049670772655179
5302,-0.00585686240695278
5303,-0.00588172642526053
5304,-0.00556324423989563
5305,-0.00660015239710119
5306,-0.0102173287451939
5307,-0.0153456161165866
5308,-0.0191625361487111
5309,-0.0198020506219907
5310,-0.0180785910539697
5311,-0.0161779635810142
5312,-0.0151257872053619
5313,-0.0141707192478361
5314,-0.0123700060324701
5315,-0.00990616923568871
5316,-0.00761077864770284
5317,-0.00586373193379376
5318,-0.00444467462599998
5319,-0.00310612432837267
5320,-0.00183127305483845
5321,-0.000723750004641274
5322,-2.9956801468518E-05
5323,-3.12353842788761E-05
5324,-0.000393185206290113
5325,0.000209897429578795
5326,0.00304249168441809
5327,0.00758631860291752
5328,0.0114538880501811
5329,0.0125698856884464
5330,0.0112081852704657
5331,0.00943300103082929
5332,0.00872226136576542
5333,0.00866241898610616
5334,0.00792356992400088
5335,0.00591202286169144
5336,0.0031975758334899
5337,0.000722506120067602
5338,-0.00103718630318057
5339,-0.00228552291197177
5340,-0.00353669065026177
5341,-0.0049471549486131
5342,-0.00596199664038528
5343,-0.00597201827776103
5344,-0.00555077691101393
5345,-0.00654930008605439
5346,-0.0102478571141348
5347,-0.0154707658079274
5348,-0.0192743456897641
5349,-0.0198152490766262
5350,-0.0180350469796765
5351,-0.0161817552930715
5352,-0.015216891526217
5353,-0.0143056421491039
5354,-0.0124978483377015
5355,-0.0100041608051966
5356,-0.00765062667757108
5357,-0.00581230050620322
5358,-0.00432683816825128
5359,-0.00301275150875478
5360,-0.00181109742809746
5361,-0.000697062794761345
5362,0.000127710021191179
5363,0.000262650711944605
5364,-9.57725449391527E-05
5365,0.000400523112189644
5366,0.00315584258075753
5367,0.00770867280261357
5368,0.0115817063394212
5369,0.0126252661078302
5370,0.0111891416684539
5371,0.00946062019818326
5372,0.0088976894427911
5373,0.00893585249048875
5374,0.00816618069679638
5375,0.00608246887489765
5376,0.00336008959525114
5377,0.000905866218347858
5378,-0.000902878346878942
5379,-0.00224310016482016
5380,-0.00348610558177422
5381,-0.00475115258032591
5382,-0.00565153005198085
5383,-0.00574786075072012
5384,-0.00554445814449081
5385,-0.00665517412404095
5386,-0.0102549859900948
5387,-0.0153128363523887
5388,-0.0190664139847471
5389,-0.0196618319145953
5390,-0.0179047767800842
5391,-0.0160067141824218
5392,-0.0150255081773724
5393,-0.0141745314697168
5394,-0.0124198711279372
5395,-0.00990926236682915
5396,-0.00755769586807531
5397,-0.00585223330134306
5398,-0.00455861655000537
5399,-0.00329258789228595
5400,-0.00193357576923075
5401,-0.000633307954835551
5402,0.000226083018232013
5403,0.000293058219664479
5404,-5.9146927631204E-05
5405,0.000547269439107998
5406,0.00336836788844629
5407,0.00786672112054202
5408,0.0116967498994912
5409,0.0128466036596634
5410,0.01157191701212
5411,0.00983204811705535
5412,0.00903535494485376
5413,0.0088254867822347
5414,0.00799448429498186
5415,0.00599656067791811
5416,0.00333282998984675
5417,0.000856989613794126
5418,-0.000953640668004591
5419,-0.0022201573206169
5420,-0.00340615667288853
5421,-0.00473208386624554
5422,-0.00576536277506384
5423,-0.00592710969786688
5424,-0.00565790864701495
5425,-0.00663608843258701
5426,-0.0101368117496082
5427,-0.015181966681543
5428,-0.0190094519796081
5429,-0.0197205398954966
5430,-0.0180376402349603
5431,-0.0161178428128249
5432,-0.0150799484820514
5433,-0.0142664503383346
5434,-0.0126636906646164
5435,-0.0102623200757545
5436,-0.0078263223549006
5437,-0.00591249504944297
5438,-0.00451374616739381
5439,-0.00335419078688887
5440,-0.0021841991324723
5441,-0.000978054886708526
5442,-0.000105059438074942
5443,-2.19168785536586E-05
5444,-0.000391440631896576
5445,0.000229524373006972
5446,0.00312763284406078
5447,0.00770235105444598
5448,0.0115519195572406
5449,0.0126839796799557
5450,0.0113731003800427
5451,0.00953441305322091
5452,0.00856475329304811
5453,0.00823588804273707
5454,0.00750682773538151
5455,0.00581665339864931
5456,0.00343529954010361
5457,0.00100193416358546
5458,-0.000981960271089282
5459,-0.00242859088692357
5460,-0.00364675183277906
5461,-0.00488861159051888
5462,-0.00584644715095554
5463,-0.00599913171133441
5464,-0.00574365655296352
5465,-0.00670967109511632
5466,-0.0101955125119959
5467,-0.0152768394753738
5468,-0.0191828071497357
5469,-0.019937624892925
5470,-0.0182185683312446
5471,-0.0162368751487216
5472,-0.0151894244600735
5473,-0.01439946514711
5474,-0.0127534846401812
5475,-0.0102102137028867
5476,-0.00763692596521028
5477,-0.00570502867000082
5478,-0.00438782836126262
5479,-0.00328846204038208
5480,-0.00208403531160588
5481,-0.000777904677809867
5482,0.000201497451929056
5483,0.000357141434107654
5484,-1.68383600612519E-05
5485,0.000498105071969304
5486,0.00325894444243693
5487,0.00780119344550286
5488,0.0117547923903232
5489,0.0129832839489285
5490,0.0116267921589868
5491,0.00968323805123861
5492,0.00874839125247518
5493,0.00860752425299318
5494,0.0079854006140287
5495,0.00614120371708047
5496,0.00347304915974484
5497,0.00089888589334381
5498,-0.00100326067401053
5499,-0.00233181502914529
5500,-0.00355291330738804
5501,-0.00483402555550935
5502,-0.00570062678688043
5503,-0.00566679104104724
5504,-0.0053573799760234
5505,-0.00651798822863296
5506,-0.0102659464443719
5507,-0.0153980329303234
5508,-0.0191089278999158
5509,-0.0196744762530486
5510,-0.0179876134821252
5511,-0.0161656339916852
5512,-0.0151397389201138
5513,-0.0141676316302095
5514,-0.0123718420026432
5515,-0.00993091768840972
5516,-0.00760510866536378
5517,-0.0057630086091327
5518,-0.00428270474920747
5519,-0.00301114067233286
5520,-0.00189566377229065
5521,-0.000902491069403842
5522,-0.000179459811771841
5523,-3.48729116055276E-05
5524,-0.000250902326210273
5525,0.000388811675793447
5526,0.00312949518145564
5527,0.00755025389646036
5528,0.0114079072015185
5529,0.0126720124345555
5530,0.0114814353055
5531,0.00970756032293301
5532,0.00880258329277256
5533,0.00854685880999491
5534,0.00780947373844143
5535,0.00597361753240205
5536,0.00340653284489983
5537,0.000914207351322327
5538,-0.000966597261839341
5539,-0.00230057343861669
5540,-0.0035552755887002
5541,-0.0049420799973909
5542,-0.00595351726588261
5543,-0.00597050237961567
5544,-0.00554817588467282
5545,-0.00655002311327622
5546,-0.0102723826626066
5547,-0.0155234804647753
5548,-0.0193258291921612
5549,-0.0198277634449512
5550,-0.0180062007252573
5551,-0.0161617607845824
5552,-0.0152701424860681
5553,-0.0144395507115728
5554,-0.0126378629227399
5555,-0.0100693267588709
5556,-0.00765542552616315
5557,-0.00585276277246234
5558,-0.00444801253890152
5559,-0.00314272371793268
5560,-0.00187735443272659
5561,-0.000760271910474534
5562,-4.69499494562407E-05
5563,1.662413998252E-05
5564,-0.000214089159010538
5565,0.00049218241352853
5566,0.00324268576943648
5567,0.00751277577747083
5568,0.0111482007438615
5569,0.0123166198857245
5570,0.0112362063537577
5571,0.0096479733348977
5572,0.0088146178875966
5573,0.0084710626960725
5574,0.00760469979180336
5575,0.00571868383916995
5576,0.003172043055511
5577,0.000687552943635318
5578,-0.00121160430836491
5579,-0.00250210311482052
5580,-0.00359475105815125
5581,-0.004795823585507
5582,-0.00577050989706398
5583,-0.00594608050789381
5584,-0.00571735897684885
5585,-0.0067473131633087
5586,-0.0103184415661017
5587,-0.0154218097267872
5588,-0.019239334190037
5589,-0.0198766778270267
5590,-0.0181428359488454
5591,-0.0162608618098356
5592,-0.0152948403961598
5593,-0.0144637362113421
5594,-0.0127171355593877
5595,-0.0101550410572122
5596,-0.00767040713207596
5597,-0.00581404194283758
5598,-0.00445422803137126
5599,-0.00323456728273413
5600,-0.00196382056316309
5601,-0.000725639349977258
5602,8.89911482593474E-05
5603,9.80773199821586E-05
5604,-0.000297349285324746
5605,0.000332239603745838
5606,0.0032240573104051
5607,0.00775392241127878
5608,0.0115292077615994
5609,0.0125873792625598
5610,0.0112575906668543
5611,0.00950803980607142
5612,0.00870762230538673
5613,0.00849084352967022
5614,0.00768296587183656
5615,0.00575246878350251
5616,0.00316174160454819
5617,0.000718530700998648
5618,-0.00110092685918888
5619,-0.00238631723708277
5620,-0.00358134462110569
5621,-0.00490379129835162
5622,-0.00590895886212407
5623,-0.00600584514359268
5624,-0.00567276052383449
5625,-0.00667536071757198
5626,-0.0103276678235143
5627,-0.0155532848561181
5628,-0.0194255580686083
5629,-0.0200072200034447
5630,-0.0181837627037078
5631,-0.0162997262783248
5632,-0.0154472023841606
5633,-0.0147420572221546
5634,-0.01301577516225
5635,-0.0103629752142887
5636,-0.00777214175929496
5637,-0.0058752549689816
5638,-0.0045440249734085
5639,-0.00338195413782304
5640,-0.00215585918680167
5641,-0.00090513735678725
5642,1.10320473763349E-05
5643,0.000177834057345051
5644,-0.000105820065995306
5645,0.000512131329193287
5646,0.00330231959457253
5647,0.00774454755374333
5648,0.0115056577104335
5649,0.0125994745016951
5650,0.0113124415481925
5651,0.0096018433996431
5652,0.00883213034437682
5653,0.0086137754466243
5654,0.00776244503503061
5655,0.0057802718791669
5656,0.00316227937539679
5657,0.000695181797296059
5658,-0.00118109863062819
5659,-0.00252624829372424
5660,-0.0037040664829783
5661,-0.00492182779707674
5662,-0.00584466865238861
5663,-0.00598934329768036
5664,-0.00578928509086717
5665,-0.00685120353147439
5666,-0.0104190212461817
5667,-0.0155383023410645
5668,-0.0194446286847792
5669,-0.0201815630660193
5670,-0.0184424308200511
5671,-0.0164476188026577
5672,-0.0153927439418678
5673,-0.0145905945062776
5674,-0.0129226633827347
5675,-0.0103600668699019
5676,-0.00778749695800987
5677,-0.00586983133934386
5678,-0.00454466165980798
5679,-0.00339574928716235
5680,-0.00215332224604823
5681,-0.000919094666449817
5682,-0.000139023827179716
5683,-0.00016409137473709
5684,-0.00050985233145057
5685,0.000239445954852241
5686,0.00319449063703672
5687,0.00766596721224892
5688,0.0113626525474354
5689,0.0124445347027836
5690,0.0111920089032201
5691,0.00941536627344196
5692,0.00846487795632606
5693,0.00816125118568045
5694,0.00748411615870538
5695,0.00580381308903635
5696,0.00333624324453142
5697,0.000781924608379009
5698,-0.00125147684036555
5699,-0.00266024026673201
5700,-0.0038221808643725
5701,-0.00501586827202169
5702,-0.00588125697058759
5703,-0.0058869848553948
5704,-0.00554065187554689
5705,-0.006581114558515
5706,-0.0102455072502356
5707,-0.0154253510489376
5708,-0.019278507417091
5709,-0.0199733876396174
5710,-0.0183512277042867
5711,-0.0165649322379781
5712,-0.0155822577252243
5713,-0.0146225928412066
5714,-0.0127458380039879
5715,-0.0101666092926384
5716,-0.00779754449015932
5717,-0.00610893404308352
5718,-0.00486130842042287
5719,-0.00364491672760483
5720,-0.00230468950409176
5721,-0.00101306563968539
5722,-0.000214808588499784
5723,-0.000252716088423202
5724,-0.000638347730083025
5725,8.68461417339731E-05
5726,0.0030931307170923
5727,0.00768280059353947
5728,0.0114822775809476
5729,0.0126037858517465
5730,0.0113778346221358
5731,0.00967089425389724
5732,0.00878182927690309
5733,0.0084240082573909
5734,0.00757128224647802
5735,0.00572292820042027
5736,0.00321404559399622
5737,0.000732657441788381
5738,-0.00120570137568024
5739,-0.00255136268963348
5740,-0.00368647311570768
5741,-0.00490610929889868
5742,-0.00586982911226136
5743,-0.00599779149611252
5744,-0.00569876993758592
5745,-0.0066879631011566
5746,-0.0103044092745186
5747,-0.0155374929971934
5748,-0.0194920995179207
5749,-0.0201850095548148
5750,-0.0184067705076155
5751,-0.0164421899467519
5752,-0.0154269751359713
5753,-0.0145979718256728
5754,-0.0128796073026649
5755,-0.0103501865513227
5756,-0.00789447093050255
5757,-0.00604355147700461
5758,-0.00464639086632393
5759,-0.00337656327655322
5760,-0.00211309672533425
5761,-0.000950286559248918
5762,-0.000175895747476628
5763,-6.99979571115914E-05
5764,-0.000298935810399527
5765,0.000364517002562408
5766,0.00307052374951355
5767,0.00737315900667656
5768,0.0111352028224785
5769,0.0124123550827497
5770,0.0112896414621488
5771,0.00953652779857239
5772,0.0086032662592216
5773,0.00834393563110094
5774,0.0076441285561452
5775,0.00582634114363348
5776,0.00322948772644543
5777,0.000711230857467197
5778,-0.0011397372225991
5779,-0.00239715589863843
5780,-0.00355648357310958
5781,-0.00483796844871322
5782,-0.00576683818487406
5783,-0.00579558551062694
5784,-0.00549456645969221
5785,-0.0066202202149096
5786,-0.0103540042293906
5787,-0.0155463013545722
5788,-0.0193749388864471
5789,-0.0200298944185239
5790,-0.0183309092890695
5791,-0.0164268983166002
5792,-0.0153655626367566
5793,-0.0144644418119281
5794,-0.01275981215217
5795,-0.0103044629301107
5796,-0.007877675196473
5797,-0.00600357862017646
5798,-0.0046292373740621
5799,-0.00345074762959555
5800,-0.00222421482979192
5801,-0.000960452363984586
5802,-6.91386698127079E-05
5803,-1.39662224403126E-05
5804,-0.000420829511842493
5805,0.000195374182497747
5806,0.00311150654045982
5807,0.00766056247246168
5808,0.0113945407494666
5809,0.012381744073779
5810,0.0110424430049165
5811,0.00937557802187454
5812,0.00867507745838535
5813,0.00848751806220277
5814,0.007640828490592
5815,0.00567366774790812
5816,0.00308061923429671
5817,0.000621661297046641
5818,-0.00127482469887263
5819,-0.00265412965889118
5820,-0.00384901395512965
5821,-0.00503010417817046
5822,-0.00584859622055783
5823,-0.00586194420968359
5824,-0.00557625129669811
5825,-0.00662611040637608
5826,-0.010205518765648
5827,-0.0153021305707353
5828,-0.0191681780054083
5829,-0.0199134676972804
5830,-0.0182448645458554
5831,-0.0163138652296907
5832,-0.0152577801279667
5833,-0.0144292879942798
5834,-0.0127979289868169
5835,-0.0103431454601087
5836,-0.0078504463154746
5837,-0.0059039154825611
5838,-0.0044969273800628
5839,-0.00334182163383811
5840,-0.0021887500256424
5841,-0.00100278994446812
5842,-0.000119559359825209
5843,1.1056493580083E-05
5844,-0.000341597881313165
5845,0.000191024442347029
5846,0.00293483318387556
5847,0.00742727149927115
5848,0.0113379365085241
5849,0.012589529198165
5850,0.011338315806633
5851,0.00950622255368435
5852,0.00858077508013245
5853,0.00833452808005554
5854,0.00760235190083342
5855,0.00574359212176358
5856,0.00312749756786687
5857,0.000578797172750558
5858,-0.00133198635669103
5859,-0.00262802734656952
5860,-0.00377732352689084
5861,-0.00507991481245999
5862,-0.00614160452747225
5863,-0.0063306937923728
5864,-0.00602498415254249
5865,-0.00692878076413879
5866,-0.0104079051532571
5867,-0.0155207143673185
5868,-0.0194393437840862
5869,-0.020189167326218
5870,-0.018504379662916
5871,-0.0166019954284382
5872,-0.015597473319163
5873,-0.0147606398253247
5874,-0.0130453281951394
5875,-0.010499470925305
5876,-0.0079442449092935
5877,-0.00591495814858392
5878,-0.00437348565280258
5879,-0.00310425455708024
5880,-0.00195374268485384
5881,-0.000878524895432311
5882,-0.000113968360763562
5883,-3.81263975039119E-05
5884,-0.000381972505354089
5885,0.000211027293112123
5886,0.00306078248895923
5887,0.00764259591580127
5888,0.0115150136492578
5889,0.0125769319513174
5890,0.0111268298983084
5891,0.00925748384551808
5892,0.00845200960046954
5893,0.00831509390898674
5894,0.00757059787045021
5895,0.00565168986950398
5896,0.00305113736560659
5897,0.000579899975489736
5898,-0.00130674498997958
5899,-0.00265378663965909
5900,-0.00380714786006083
5901,-0.0049823490144673
5902,-0.00588705040908054
5903,-0.00606454669774667
5904,-0.00591180671714784
5905,-0.00696888468537874
5906,-0.0104621162498155
5907,-0.0154881852153398
5908,-0.0193402095050275
5909,-0.0200693021830685
5910,-0.0183381564660926
5911,-0.0163407824409023
5912,-0.0152672281138649
5913,-0.0144451009465121
5914,-0.0127910116818607
5915,-0.0103093781714574
5916,-0.00786670770959964
5917,-0.00605143498817529
5918,-0.00474363217088457
5919,-0.00356096591223104
5920,-0.00231359940551977
5921,-0.00112014027113423
5922,-0.000364400300110574
5923,-0.000354602359898405
5924,-0.000642501063932356
5925,0.000134590493891929
5926,0.00308562169630809
5927,0.00753845062187134
5928,0.0111898037210633
5929,0.012207184726226
5930,0.0109536793896429
5931,0.0093084856771393
5932,0.00853256244978883
5933,0.00824910766889998
5934,0.00737669380275059
5935,0.00547397916423329
5936,0.0029871519281431
5937,0.000615140364825551
5938,-0.00124553004081499
5939,-0.00264573961729083
5940,-0.00392005817258513
5941,-0.00523568517813269
5942,-0.00620611236208566
5943,-0.00631676304066768
5944,-0.00602882817266387
5945,-0.00701432011010775
5946,-0.0105470374116942
5947,-0.0156363509218761
5948,-0.019477808976667
5949,-0.0201433410083851
5950,-0.0183965950333044
5951,-0.0164735589537527
5952,-0.0155021700101706
5953,-0.014732800349593
5954,-0.0130676248292945
5955,-0.0105299589628991
5956,-0.00798651472871972
5957,-0.0060313694772065
5958,-0.00460091624054592
5959,-0.00337888535732126
5960,-0.00215870138834171
5961,-0.000962469143953829
5962,-0.000123752554334875
5963,-3.21504252825565E-05
5964,-0.000365143965896535
5965,0.000238458931394432
5966,0.00304350639990806
5967,0.00752997731338871
5968,0.0113693492560068
5969,0.0125460761429509
5970,0.0112780483845557
5971,0.00948838097558791
5972,0.008609887851788
5973,0.00837239565705569
5974,0.00763030477634316
5975,0.00579859965050123
5976,0.00326320450398176
5977,0.000796298395980132
5978,-0.00109516797793293
5979,-0.00242500111762565
5980,-0.00357861590562171
5981,-0.00480255795094661
5982,-0.00576238783410374
5983,-0.00594369541383881
5984,-0.00575599358063912
5985,-0.00680519014024004
5986,-0.01035116416137
5987,-0.0154629750777761
5988,-0.0193928714556279
5989,-0.0201729131620467
5990,-0.0184558515539058
5991,-0.0164301785950424
5992,-0.0153107316393626
5993,-0.0144754977671997
5994,-0.0128549804730986
5995,-0.0103946314168711
5996,-0.00789349579836229
5997,-0.00596122382756852
5998,-0.00458011411004282
5999,-0.00342932451807976
6000,-0.00225248413647264
6001,-0.00104414292448358
6002,-0.000163649371863799
6003,-4.74474725975194E-05
6004,-0.000394091023935356
6005,0.000178188362710432
6006,0.00297881185657708
6007,0.0075178377201941
6008,0.0114487357633494
6009,0.0126988760962084
6010,0.0114451383901351
6011,0.00962888609443377
6012,0.00873393411963793
6013,0.00850969941505196
6014,0.00778492907478738
6015,0.00595221450445578
6016,0.00341136144326137
6017,0.000949507655708353
6018,-0.000951792937639057
6019,-0.00234454180542665
6020,-0.00360017205382513
6021,-0.0048912823150762
6022,-0.00581793509593583
6023,-0.0058700860112453
6024,-0.00551934611237567
6025,-0.00643716851097197
6026,-0.00991966081732519
6027,-0.0150408364888896
6028,-0.0190295855105773
6029,-0.0198786136199708
6030,-0.0182196913936008
6031,-0.0162599641906055
6032,-0.015233712835268
6033,-0.0144774397103872
6034,-0.012837267585926
6035,-0.010238862879144
6036,-0.0075879914212559
6037,-0.00562885597543586
6038,-0.00434834625549368
6039,-0.00329179257135872
6040,-0.00210284583620557
6041,-0.000840730874548963
6042,2.13555986222809E-06
6043,-9.41425423880724E-06
6044,-0.000414068476961835
6045,0.000280780515519073
6046,0.00327584161005842
6047,0.00786275771667433
6048,0.0116340999382795
6049,0.0126961611408779
6050,0.0114300971553779
6051,0.00976145034387843
6052,0.00896967222673447
6053,0.00867075619387926
6054,0.00778572517170007
6055,0.0058923767083429
6056,0.00343489758907187
6057,0.0010701494124828
6058,-0.000840473008414223
6059,-0.00231698438812391
6060,-0.00362363622673981
6061,-0.00491367372904774
6062,-0.005866900546342
6063,-0.00600957746610184
6064,-0.00573237260582064
6065,-0.00662134625872777
6066,-0.0100235908862615
6067,-0.0151601779678461
6068,-0.0193173165494606
6069,-0.0203594177627812
6070,-0.0187267600866103
6071,-0.0165743244695308
6072,-0.0152815022726459
6073,-0.0143865673977658
6074,-0.0128100443874423
6075,-0.0103784512216152
6076,-0.00784018783288497
6077,-0.00587047670013318
6078,-0.00450728130004067
6079,-0.00337513760317609
6080,-0.00213325670440211
6081,-0.0008078399082115
6082,0.000109488933607469
6083,0.000130199241140413
6084,-0.000321021558988221
6085,0.00028453819341225
6086,0.00321289139073042
6087,0.00776945367259159
6088,0.0115067766976541
6089,0.0125103785603
6090,0.0111969634540549
6091,0.00953602495215374
6092,0.00880089346614459
6093,0.00856304318369063
6094,0.0077141277396452
6095,0.00583677453804668
6096,0.00338843010567784
6097,0.00102589428497188
6098,-0.000893789779811425
6099,-0.00238327877132142
6100,-0.00368749258355854
6101,-0.00494470426893807
6102,-0.00584960408904101
6103,-0.00598461462246685
6104,-0.00579795880367906
6105,-0.00685097031854839
6106,-0.0103521290574642
6107,-0.0153790926295744
6108,-0.0192416906832399
6109,-0.0200218531773351
6110,-0.0183737533126101
6111,-0.0164435048244524
6112,-0.0153989711880322
6113,-0.0146010768463214
6114,-0.0129868515896117
6115,-0.0104998657493881
6116,-0.00792913142163164
6117,-0.00590524697069488
6118,-0.00447047421952992
6119,-0.00333841332181381
6120,-0.00220971638350414
6121,-0.00101189558675263
6122,-0.000104722936640531
6123,2.69029730233161E-05
6124,-0.000303258153208725
6125,0.000363367103099008
6126,0.00332715884507492
6127,0.00793415201183412
6128,0.011704999797186
6129,0.0126852763679914
6130,0.0113283387423482
6131,0.00967069492502703
6132,0.00898021744507889
6133,0.00875913719118564
6134,0.00787159948385669
6135,0.00594724502942811
6136,0.00348090735196973
6137,0.00110119763694128
6138,-0.000865267044498478
6139,-0.00238808126758138
6140,-0.00363623503066731
6141,-0.00474440915306579
6142,-0.00549907421978558
6143,-0.00558384998772165
6144,-0.00547060767200612
6145,-0.006662879457172
6146,-0.0102847313126212
6147,-0.0153543562891989
6148,-0.0191705294722562
6149,-0.0198509093230707
6150,-0.0181058116545462
6151,-0.016119045647863
6152,-0.0150543885732115
6153,-0.014240453946668
6154,-0.0125970175860572
6155,-0.0100943430769472
6156,-0.00756384251371025
6157,-0.00562729388592536
6158,-0.00424881475882524
6159,-0.00307757082488541
6160,-0.00185720402903728
6161,-0.000627233066311623
6162,0.000213561932691717
6163,0.000259870380616935
6164,-0.000109602331937552
6165,0.000502411999783381
6166,0.00331353611930684
6167,0.0077398577623047
6168,0.0114692946610217
6169,0.0125653766780977
6170,0.0112844404225808
6171,0.00950727536006247
6172,0.00861267831997537
6173,0.00833553921517175
6174,0.00758063656696888
6175,0.0057953514167004
6176,0.00334648696481013
6177,0.000949959857031586
6178,-0.000939744566540033
6179,-0.00234421713175721
6180,-0.00360161921859431
6181,-0.00489673100402694
6182,-0.00586979244965466
6183,-0.00601418246640053
6184,-0.00573694023225041
6185,-0.00663610390953451
6186,-0.0100220483056309
6187,-0.0150763784531659
6188,-0.0191047407119684
6189,-0.0200338227197811
6190,-0.0183510251391848
6191,-0.0162290131000983
6192,-0.0150517736251783
6193,-0.0143289771031741
6194,-0.0128917535880016
6195,-0.0104703021088476
6196,-0.00781805291347096
6197,-0.00573389478283656
6198,-0.00437298896736992
6199,-0.00334738791246109
6200,-0.00220464060327157
6201,-0.000892674347317723
6202,7.62244561865305E-05
6203,0.000148337054403249
6204,-0.000289620502537038
6205,0.000289195397547049
6206,0.00316938870866636
6207,0.00769514535433237
6208,0.0114595368036161
6209,0.0125381245723233
6210,0.0112790679923343
6211,0.00960858409889657
6212,0.00885021589499298
6213,0.00864787975155134
6214,0.0078588341534025
6215,0.00594217378929111
6216,0.00331729530735082
6217,0.000774786574231308
6218,-0.00116818565271378
6219,-0.00252361501484326
6220,-0.00366476508987579
6221,-0.00480824711816179
6222,-0.0056239964927127
6223,-0.00568674696837502
6224,-0.00550780493185381
6225,-0.00666301207965813
6226,-0.0102509655241844
6227,-0.0152505417357915
6228,-0.0190350825873739
6229,-0.0198211917127523
6230,-0.0182568344856257
6231,-0.016344754208499
6232,-0.0151964357649367
6233,-0.0142975975980301
6234,-0.0127045642779915
6235,-0.010301652348849
6236,-0.00774719651040218
6237,-0.0056761628489186
6238,-0.00424808297870033
6239,-0.003207407291457
6240,-0.00214804658620413
6241,-0.000920062423773143
6242,5.3199669922718E-05
6243,0.00018473267124046
6244,-0.000219772972893493
6245,0.000359104200564406
6246,0.00325914120627371
6247,0.00783956494951998
6248,0.0116451287380101
6249,0.0127079574798247
6250,0.0113794753819598
6251,0.00959980329132546
6252,0.00869279767101942
6253,0.00833453667274358
6254,0.00747569967121091
6255,0.00565469411699067
6256,0.00325126650071962
6257,0.000918375865002824
6258,-0.000929001494910728
6259,-0.00229942738798432
6260,-0.00353064675947372
6261,-0.00483803252096235
6262,-0.0058568089553645
6263,-0.00602255713512526
6264,-0.00572172928761062
6265,-0.00661728064110376
6266,-0.0100663082383534
6267,-0.0151740905161112
6268,-0.0191364496843959
6269,-0.0199174398489297
6270,-0.0181748321161867
6271,-0.0161569957670801
6272,-0.0151088661369857
6273,-0.0143685970872754
6274,-0.0128017307974169
6275,-0.0103305067701019
6276,-0.00778932279756439
6277,-0.00583639941043781
6278,-0.0044567777557575
6279,-0.00327918643987635
6280,-0.00201431214199568
6281,-0.000715066574482535
6282,0.000147734238455332
6283,0.000119053618608591
6284,-0.000356575659660752
6285,0.000260268132865619
6286,0.00324042674815821
6287,0.00787779081905124
6288,0.0116962152684
6289,0.0127494031286751
6290,0.0114308985423415
6291,0.0097095909988404
6292,0.00889660147670199
6293,0.00862049402480072
6294,0.00777874430514074
6295,0.00587137699881666
6296,0.00327796072952629
6297,0.000725651983501316
6298,-0.00122688885929325
6299,-0.00248375774048727
6300,-0.0034467343924749
6301,-0.00454432971496257
6302,-0.00557733242800934
6303,-0.00593064791366912
6304,-0.00578177423342965
6305,-0.00665060063102906
6306,-0.00995614817946252
6307,-0.0149843400977993
6308,-0.0190329675992869
6309,-0.0199955113691583
6310,-0.0183765961936923
6311,-0.016352273091611
6312,-0.0152378800094198
6313,-0.0144878760726477
6314,-0.0129867125923432
6315,-0.010555782943301
6316,-0.00793836179697002
6317,-0.00584007931651943
6318,-0.00439583028778104
6319,-0.00331958249469547
6320,-0.00224153407877388
6321,-0.00105407493454108
6322,-0.000155395736783117
6323,-7.51482949014122E-05
6324,-0.000491151730195738
6325,9.18713875328958E-05
6326,0.00299256573603032
6327,0.00756279222900024
6328,0.0113362746620637
6329,0.0123528455255147
6330,0.011014797195418
6331,0.0093113019189347
6332,0.00854323967469106
6333,0.00830481695834438
6334,0.00749717878449955
6335,0.0056803752289517
6336,0.00326693548259725
6337,0.000900325583423121
6338,-0.00101790710689093
6339,-0.00245739192339855
6340,-0.00369364574925761
6341,-0.00493384861416478
6342,-0.00587065719166249
6343,-0.00599619750130747
6344,-0.00570145949124418
6345,-0.00661905841513504
6346,-0.0100822710695294
6347,-0.0151969598300651
6348,-0.0191796913644615
6349,-0.0200157332638638
6350,-0.0183492114669675
6351,-0.0163666069484281
6352,-0.015258149336769
6353,-0.0143946344517416
6354,-0.0127474819514899
6355,-0.0102944365093699
6356,-0.00779977346037588
6357,-0.00582342289437897
6358,-0.00437656512781074
6359,-0.00322052016246193
6360,-0.00211210460802952
6361,-0.000959870896222823
6362,-5.75863032108694E-05
6363,0.000113704794559824
6364,-0.000223051485009179
6365,0.000318819207009706
6366,0.00310973174236705
6367,0.00765634628232459
6368,0.0115344913582608
6369,0.0126441776646488
6370,0.0112483255570497
6371,0.00938252488853778
6372,0.00851474813167594
6373,0.00831111018244174
6374,0.00757786187037339
6375,0.00576219467453057
6376,0.00328746211886714
6377,0.000882406366832709
6378,-0.00102469192080047
6379,-0.00245057228247932
6380,-0.00369673612883731
6381,-0.00494052231369975
6382,-0.00585801620363942
6383,-0.00597817281431128
6384,-0.00572372567799832
6385,-0.00670250780091753
6386,-0.0102106707981076
6387,-0.0153603361922196
6388,-0.0193809557278957
6389,-0.0202167222185783
6390,-0.0184596496342521
6391,-0.0163356393990538
6392,-0.0151565980256458
6393,-0.014358015723157
6394,-0.0128360255278838
6395,-0.0104468609735397
6396,-0.0079309598490159
6397,-0.0059273508888071
6398,-0.00450822759810125
6399,-0.00340466071518857
6400,-0.00230833056341946
6401,-0.00111820841602145
6402,-0.000182093202595759
6403,-2.82518480998249E-05
6404,-0.000414969765116687
6405,0.000113554860015668
6406,0.00297158836384485
6407,0.00762677978820094
6408,0.0115648549274787
6409,0.0126489468033514
6410,0.0112143644418225
6411,0.00939782760887714
6412,0.00866206281268396
6413,0.00854839970452835
6414,0.00776195187744023
6415,0.0057950270004013
6416,0.00320748208241403
6417,0.000799851078971166
6418,-0.00104859185697102
6419,-0.00243519860830267
6420,-0.00368173294271006
6421,-0.00493957607066375
6422,-0.00586886809303177
6423,-0.00599388596887115
6424,-0.00571637084133075
6425,-0.00662731590235795
6426,-0.0100539817308028
6427,-0.0151687470262873
6428,-0.0192218188588272
6429,-0.0201254533104978
6430,-0.0184497925771533
6431,-0.0164351584947025
6432,-0.015380194698648
6433,-0.0146392668535315
6434,-0.0130485504735548
6435,-0.0105349145236135
6436,-0.00798190058776394
6437,-0.00605709296811537
6438,-0.00469086419018761
6439,-0.00348495596691178
6440,-0.0022014187202127
6441,-0.000934345545969453
6442,-0.000103419872481813
6443,-9.9544390964722E-05
6444,-0.000519614785920134
6445,8.33659084237041E-05
6446,0.00299657717295582
6447,0.00763574863637034
6448,0.0115636178837552
6449,0.0127103909330947
6450,0.0113588132008111
6451,0.00954195185527709
6452,0.00870160130846236
6453,0.00845911848727999
6454,0.00760629256027136
6455,0.00565909459155256
6456,0.00315084532693116
6457,0.000837681449444272
6458,-0.000953506099841194
6459,-0.00235610968548405
6460,-0.0036686559361145
6461,-0.00496651273505819
6462,-0.00586984664256069
6463,-0.0059684246606723
6464,-0.00576918187636018
6465,-0.00686261957694253
6466,-0.0104359942206106
6467,-0.0155304657523896
6468,-0.0194279614606298
6469,-0.0201907440462899
6470,-0.0184678932273302
6471,-0.0164311990128392
6472,-0.0152978873300199
6473,-0.014465576767795
6474,-0.0128668188555143
6475,-0.0104074419742668
6476,-0.00784062065646125
6477,-0.00579379268539901
6478,-0.00433889782217042
6479,-0.00322099866010985
6480,-0.00213849455641547
6481,-0.000984217009904916
6482,-9.66581442925779E-05
6483,1.1263965353484E-05
6484,-0.000392051591795622
6485,0.000162831867676403
6486,0.00305856313848344
6487,0.00770588914469347
6488,0.01157756333127
6489,0.0125957653927931
6490,0.0111636382356602
6491,0.00941528946455741
6492,0.00875015322167242
6493,0.00866822806984504
6494,0.00789710130856666
6495,0.00596850295383116
6496,0.0034346945735438
6497,0.00104637273362743
6498,-0.000846378491453483
6499,-0.00230185272425519
6500,-0.00355714219807138
6501,-0.0047181552070643
6502,-0.00551171732842005
6503,-0.00560698058103119
6504,-0.00547846205296386
6505,-0.00660211730670527
6506,-0.0100953857211089
6507,-0.015068231582157
6508,-0.0189511742115467
6509,-0.0198693956198059
6510,-0.0183689844752871
6511,-0.0164645063803872
6512,-0.0153310620723484
6513,-0.0144552619123406
6514,-0.0128513786806207
6515,-0.0104110090260729
6516,-0.00784348249768246
6517,-0.00578920463746695
6518,-0.00435105043448985
6519,-0.00323586392739558
6520,-0.00206686080373946
6521,-0.000748453410351135
6522,0.000260940365140624
6523,0.000354663200108119
6524,-0.000156120072735925
6525,0.000313984453487552
6526,0.00319834018591164
6527,0.00786687200687817
6528,0.0117480450475695
6529,0.0127647066738955
6530,0.0113201793059553
6531,0.00951775974708579
6532,0.00874676982503248
6533,0.00856077388047726
6534,0.00775214006881438
6535,0.00585178897105878
6536,0.0033605284744434
6537,0.00100018866838399
6538,-0.000875844792526986
6539,-0.00234655883527866
6540,-0.00369283908030697
6541,-0.0049973916555464
6542,-0.00586548656087492
6543,-0.00586844444714463
6544,-0.00554481831994798
6545,-0.00654886720160386
6546,-0.0100919899833788
6547,-0.0151878872099267
6548,-0.0190986416994027
6549,-0.0198976079425865
6550,-0.0182331311876651
6551,-0.0162461022248524
6552,-0.0151354354894194
6553,-0.0143164829243544
6554,-0.0127384823724827
6555,-0.0103041876577784
6556,-0.00777939701039801
6557,-0.00582149599342092
6558,-0.00447805760030101
6559,-0.00339379006359877
6560,-0.00220369102855889
6561,-0.000876045551783881
6562,0.000116934001141239
6563,0.000227986421065122
6564,-0.000212821124930816
6565,0.00027950521537539
6566,0.00303791108392135
6567,0.00751580177950681
6568,0.0113700971287239
6569,0.0126304472328891
6570,0.011532563403243
6571,0.00992142747193363
6572,0.0091254230499785
6573,0.00885297294495456
6574,0.00802431432642526
6575,0.00612389172551366
6576,0.00356274015189567
6577,0.0011085856984893
6578,-0.000753624565761704
6579,-0.00208755883145312
6580,-0.0033307659668376
6581,-0.00471555773233108
6582,-0.00580484206780104
6583,-0.00597973336278636
6584,-0.00565655224856884
6585,-0.00656415920906622
6586,-0.0100804632326438
6587,-0.0152719566697367
6588,-0.0192813539804557
6589,-0.0200486682275812
6590,-0.0182481586436386
6591,-0.0161707476068293
6592,-0.0150963976431524
6593,-0.0143623117124469
6594,-0.0128062200723209
6595,-0.0103333053376804
6596,-0.00778600875325303
6597,-0.0058322582999853
6598,-0.00445662302791052
6599,-0.00329506194773415
6600,-0.0020667565891649
6601,-0.000790280948268609
6602,0.000130672981900436
6603,0.000235257401769986
6604,-0.000165517729355524
6605,0.000341421929658766
6606,0.00309136183971819
6607,0.00758670494706054
6608,0.0114467299750506
6609,0.0125963267319606
6610,0.0112836477010926
6611,0.0095306728565097
6612,0.00879019920070478
6613,0.00866229494236301
6614,0.00786877864756501
6615,0.00587306736700748
6616,0.00323733966732413
6617,0.000799320600262738
6618,-0.00105861957611087
6619,-0.00245946491472376
6620,-0.00369799513047779
6621,-0.00485532503708343
6622,-0.00561176896911184
6623,-0.0056449259945257
6624,-0.00546557312706299
6625,-0.00655364383922836
6626,-0.0100140894320582
6627,-0.0149686820735269
6628,-0.018854605170292
6629,-0.0197516294513762
6630,-0.0181613602736202
6631,-0.0161536763841949
6632,-0.0150311599380637
6633,-0.0143229775083227
6634,-0.0129215825205163
6635,-0.0105551535815804
6636,-0.0078980140741334
6637,-0.00569605984998568
6638,-0.00417182234955378
6639,-0.00307901656822993
6640,-0.00202888465782151
6641,-0.000877819115505918
6642,3.53440172906763E-06
6643,8.83736333449684E-05
6644,-0.0003361265790324
6645,0.000185931752532902
6646,0.00300357386159808
6647,0.00756966473565448
6648,0.0114707954687726
6649,0.0126649861841966
6650,0.0114304747401845
6651,0.00974783369977603
6652,0.00900600963558045
6653,0.00880743876406094
6654,0.00793524902197316
6655,0.00589837871534354
6656,0.00327085378099197
6657,0.000903249617697869
6658,-0.000823420368583547
6659,-0.00210368537560928
6660,-0.00334183921039936
6661,-0.00463762299144002
6662,-0.00555157934636975
6663,-0.00563177089737317
6664,-0.00539445314415996
6665,-0.00642909627109029
6666,-0.00990603490139084
6667,-0.0149161047930124
6668,-0.0188569389055378
6669,-0.0198226924079135
6670,-0.0183201508165453
6671,-0.0163434627369177
6672,-0.0151004950501477
6673,-0.0141423933777257
6674,-0.0125299135343656
6675,-0.0101670865820687
6676,-0.00774490287368091
6677,-0.00584383435548773
6678,-0.00448191247701369
6679,-0.00333670030170572
6680,-0.00211086237157017
6681,-0.000814498676885377
6682,9.51690740655657E-05
6683,0.000114330467561153
6684,-0.000385454934570788
6685,0.000127997161433743
6686,0.00302363968022258
6687,0.00769929040486372
6688,0.0116426790242873
6689,0.0127501864145405
6690,0.011338487807414
6691,0.00949641764302568
6692,0.00870123235643445
6693,0.00857584996129237
6694,0.00787104915391166
6695,0.00601952686860324
6696,0.00347954632297151
6697,0.00102249788973045
6698,-0.00090192728704295
6699,-0.00230270300735831
6700,-0.00348922923302673
6701,-0.00468682628633852
6702,-0.00564057054987787
6703,-0.00588357389464448
6704,-0.00573147236390459
6705,-0.00666771325298593
6706,-0.0099962010702661
6707,-0.0149832869947699
6708,-0.0190024114894262
6709,-0.0199873016646709
6710,-0.018400359391626
6711,-0.0163686317509786
6712,-0.0152124234571208
6713,-0.0144223674259194
6714,-0.0129090482996087
6715,-0.0104982105562194
6716,-0.00791012579012193
6717,-0.00580756315965873
6718,-0.00431692833982023
6719,-0.00321883478095891
6720,-0.00221232965271855
6721,-0.00113625507838423
6722,-0.000240320588574719
6723,-1.27796644293338E-05
6724,-0.000298105619311723
6725,0.000217118216078131
6726,0.00291249903237004
6727,0.00739005835016405
6728,0.0113012338505502
6729,0.0125269346297602
6730,0.0112697366809081
6731,0.00954339707721809
6732,0.00880609432994546
6733,0.00865997864780415
6734,0.00784583880114886
6735,0.005867753465909
6736,0.00331020214652026
6737,0.000978630954634713
6738,-0.000809804066134527
6739,-0.00222283883748699
6740,-0.00355577672824365
6741,-0.00485856585734223
6742,-0.00576210504986253
6743,-0.00588223772821769
6744,-0.00568493115117162
6745,-0.00666952289042005
6746,-0.0100289816655016
6747,-0.014975839121086
6748,-0.0189632822451693
6749,-0.0200045789028411
6750,-0.0185110799011719
6751,-0.0164942141933737
6752,-0.0152509500254119
6753,-0.0143639510572405
6754,-0.0128323515486641
6755,-0.0104865905960474
6756,-0.00800553175921129
6757,-0.00601161217778442
6758,-0.00456951497248293
6759,-0.00337447987058387
6760,-0.00211386396979651
6761,-0.000773739970385374
6762,0.000187618459966287
6763,0.000234572828928255
6764,-0.000286229778995956
6765,0.000170248434630784
6766,0.00300075821954487
6767,0.00760986168456143
6768,0.0114860884751585
6769,0.0125581647139701
6770,0.0111837644926494
6771,0.00943148867717866
6772,0.00869135298085073
6773,0.00852454034523474
6774,0.00772182115158532
6775,0.00581386565114416
6776,0.00331002333894527
6777,0.000946584638751434
6778,-0.000896813183621168
6779,-0.00227323697366582
6780,-0.0034877862136973
6781,-0.00471864523799092
6782,-0.00565099631902021
6783,-0.00580195546790685
6784,-0.00554897661241
6785,-0.00646429974569142
6786,-0.00987433416941091
6787,-0.0149836671004663
6788,-0.0190975913268625
6789,-0.020133328147047
6790,-0.0185541719431018
6791,-0.0164649380005335
6792,-0.0151875340300321
6793,-0.0142959679900984
6794,-0.0128059004943892
6795,-0.0105374711784873
6796,-0.00807829079660983
6797,-0.00597806758403247
6798,-0.00439309675507664
6799,-0.00321448694189487
6800,-0.00218214616004895
6801,-0.00107896705084329
6802,-0.000118955792363618
6803,0.000149938527199539
6804,-0.000190890017659598
6805,0.000204530030072145
6806,0.00284290643259155
6807,0.00740888764484946
6808,0.0114920303216197
6809,0.0128201044004438
6810,0.0114976250579232
6811,0.00958777378218791
6812,0.00869844718842452
6813,0.00854270804207372
6814,0.00783377537842344
6815,0.00594795364837339
6816,0.00338165090247254
6817,0.00098080756272898
6818,-0.00083247955430979
6819,-0.00219348709481666
6820,-0.00347449847998812
6821,-0.00480596210565773
6822,-0.00579727001778144
6823,-0.00597077349592823
6824,-0.00574273885262732
6825,-0.00665663912870934
6826,-0.00998247541515251
6827,-0.0149625172797807
6828,-0.0190146365883798
6829,-0.0200875192983372
6830,-0.0185532109204124
6831,-0.0164601385738577
6832,-0.0152114219462923
6833,-0.0144538363924983
6834,-0.0130858738113854
6835,-0.0107286496240604
6836,-0.00798621425713477
6837,-0.00568640794280806
6838,-0.00419136823757964
6839,-0.00324828955672273
6840,-0.00228744273339337
6841,-0.00102950263415633
6842,5.97429552883505E-05
6843,0.000241958788907215
6844,-0.000252461997749679
6845,0.000188186883497862
6846,0.00305317280605703
6847,0.0077358283226875
6848,0.0116734622534877
6849,0.0128031064679173
6850,0.0115131363452755
6851,0.00983641400807674
6852,0.00908565892655533
6853,0.00881060156178359
6854,0.00788242781334337
6855,0.00591970763407735
6856,0.00344662537984398
6857,0.00114139552286586
6858,-0.000698460274435569
6859,-0.00217059538830991
6860,-0.0035356418545015
6861,-0.00485781800245457
6862,-0.0057575705264555
6863,-0.00583311944536914
6864,-0.00560503114772636
6865,-0.00665427011233935
6866,-0.01013943809408
6867,-0.0151236414388369
6868,-0.0189898502288519
6869,-0.0198728003861145
6870,-0.0183448984240647
6871,-0.0164137838341662
6872,-0.0152374391166567
6873,-0.0143193920903948
6874,-0.0127077062783354
6875,-0.0102923933070131
6876,-0.00774361999078541
6877,-0.00568262364808009
6878,-0.00424858613982694
6879,-0.00319972375558322
6880,-0.00215388310888384
6881,-0.000930953122370017
6882,0.00010806584686193
6883,0.000360536120349393
6884,1.16865354394246E-05
6885,0.000494794518064859
6886,0.00323126915203329
6887,0.00775791423959475
6888,0.0116797011254502
6889,0.0129039740612786
6890,0.0116380099969938
6891,0.00983069302848321
6892,0.00892376416169857
6893,0.00864810833302348
6894,0.00789099215922847
6895,0.00611578317880339
6896,0.00370298973654684
6897,0.00133614979451108
6898,-0.000575531453264063
6899,-0.00204667592711304
6900,-0.00335580950839885
6901,-0.00464082930873854
6902,-0.00555633620386579
6903,-0.00565270887611652
6904,-0.00538083000615536
6905,-0.00633033006264802
6906,-0.00976168247112782
6907,-0.0148224259694849
6908,-0.0188495323737893
6909,-0.0198343462722017
6910,-0.0182623212747418
6911,-0.0162029733274539
6912,-0.0149527000521308
6913,-0.0140890574945502
6914,-0.012614320050909
6915,-0.0103133638156409
6916,-0.00778471367031303
6917,-0.00566040380062886
6918,-0.00415880677629924
6919,-0.00311959184922799
6920,-0.00217014951737715
6921,-0.00106467649406708
6922,-0.000107318558369751
6923,8.21370240089647E-05
6924,-0.000345463852479906
6925,9.28568231795773E-05
6926,0.00292017013403374
6927,0.00766347841931204
6928,0.0117473007572416
6929,0.0129138010940207
6930,0.0114418893315509
6931,0.0095335636023374
6932,0.00876423578895575
6933,0.00870709064566112
6934,0.00798845535463688
6935,0.00602212112283356
6936,0.00339577417060933
6937,0.000994171944023275
6938,-0.000801879284537927
6939,-0.00218362095239678
6940,-0.00351267195872468
6941,-0.00483834931072147
6942,-0.00570974473692524
6943,-0.00570589617423856
6944,-0.00539085871567356
6945,-0.00639652116686375
6946,-0.00991160557115309
6947,-0.0150045760602935
6948,-0.0190174477505633
6949,-0.019992338496465
6950,-0.0184246529336795
6951,-0.0163495936872275
6952,-0.0150492613510374
6953,-0.0141291915801075
6954,-0.0126191655913363
6955,-0.0103051696161813
6956,-0.00778354405710063
6957,-0.00568853436979727
6958,-0.00420881518025925
6959,-0.0031224022623986
6960,-0.00204251343439398
6961,-0.000808052820219752
6962,0.000178698603924908
6963,0.000314057215686102
6964,-0.000145671069450897
6965,0.000312400067769704
6966,0.00310431555618912
6967,0.00767557293600196
6968,0.011560757874417
6969,0.0127051644865002
6970,0.0114213851876024
6971,0.00970732870589076
6972,0.00893956858418176
6973,0.00873910316147579
6974,0.00794788227325894
6975,0.00607652747294535
6976,0.00357901244519806
6977,0.00116947825612982
6978,-0.000756141967404657
6979,-0.00222475687404039
6980,-0.00350410986356625
6981,-0.00472355297366644
6982,-0.00556242222862825
6983,-0.00562052795656271
6984,-0.00537957409039569
6985,-0.00641014728804105
6986,-0.00991851701890366
6987,-0.0150086778968541
6988,-0.0190186216622978
6989,-0.0199776202259822
6990,-0.0184062799519914
6991,-0.0163732411384333
6992,-0.0151412487725446
6993,-0.0142556457191892
6994,-0.0127203456758748
6995,-0.0103567320080928
6996,-0.0078070975134011
6997,-0.00572002991708422
6998,-0.00428331279096699
6999,-0.00326797492200225
7000,-0.00224147484435994
7001,-0.000968540794993682
7002,0.000153029247099287
7003,0.000402522159521798
7004,-7.94396518095219E-05
7005,0.00027058185050925
7006,0.00304119812183602
7007,0.00774387825089201
7008,0.0117768497063067
7009,0.0129353228635525
7010,0.0115709670270004
7011,0.00983208910106612
7012,0.00912480103329162
7013,0.0089505550989011
7014,0.00808916441532574
7015,0.00615117137453492
7016,0.00369081140755082
7017,0.00135867825735126
7018,-0.000579796970738006
7019,-0.00214946653398829
7020,-0.00350018759295039
7021,-0.00472140143062439
7022,-0.00557991355269192
7023,-0.00571789253101008
7024,-0.0055130847173293
7025,-0.00644009788394716
7026,-0.00979158066696801
7027,-0.0148489117603515
7028,-0.018978663918941
7029,-0.0200520180757196
7030,-0.0184594843662102
7031,-0.0163198743500834
7032,-0.0150200973671916
7033,-0.0141377197855201
7034,-0.0126390417633866
7035,-0.0103588231972421
7036,-0.00797590273914647
7037,-0.00605760032997792
7038,-0.00461865131336222
7039,-0.00340199322016167
7040,-0.00219989157487175
7041,-0.00100569746223528
7042,-0.000133804539978304
7043,1.81729163103966E-05
7044,-0.000254089243808316
7045,0.000396501634339776
7046,0.00325188347159996
7047,0.00780622305382993
7048,0.0116984732093908
7049,0.0128629373201835
7050,0.0115308497481799
7051,0.00970388015179802
7052,0.00885175861967508
7053,0.0086332595813379
7054,0.00781833266467791
7055,0.0058580986239338
7056,0.00327092264175343
7057,0.000891566446796404
7058,-0.000862430952812439
7059,-0.00214062822606147
7060,-0.00336710656306633
7061,-0.00471704517711838
7062,-0.0057606617785863
7063,-0.0059259036734565
7064,-0.00561698073687265
7065,-0.00649833825495741
7066,-0.00993690277231834
7067,-0.0150755717028493
7068,-0.0191288803805382
7069,-0.0200163500695453
7070,-0.0183231623529654
7071,-0.0162704000481471
7072,-0.0151457371949273
7073,-0.0143647879724117
7074,-0.0128475855752955
7075,-0.010493166309046
7076,-0.00802766343799913
7077,-0.0060092897421528
7078,-0.00446552911649352
7079,-0.0031995089634493
7080,-0.00202307570405664
7081,-0.000864355338771807
7082,9.15298702822734E-06
7083,0.000134992149299598
7084,-0.000276994122904292
7085,0.000174026985404571
7086,0.00293835533956435
7087,0.00758824479780033
7088,0.0116473275601525
7089,0.0128849411106258
7090,0.0115038511808404
7091,0.00960696155982923
7092,0.00875072053693038
7093,0.00859708740176357
7094,0.00788145007961513
7095,0.00601697693100381
7096,0.0034648436644243
7097,0.00101089341822847
7098,-0.000893075475522323
7099,-0.00227924476090555
7100,-0.00348617828397162
7101,-0.00472407519933054
7102,-0.0056650602521229
7103,-0.00578875884750746
7104,-0.00547011833027676
7105,-0.00633080643708709
7106,-0.00974204638578048
7107,-0.0148896262294313
7108,-0.0190185955165546
7109,-0.0200233934012619
7110,-0.0184115679720435
7111,-0.0163419663106744
7112,-0.0151361945957062
7113,-0.0143230431450993
7114,-0.0128805826745406
7115,-0.0106217121794432
7116,-0.00814098495243908
7117,-0.00599738048352236
7118,-0.00436346613427292
7119,-0.0031504005625392
7120,-0.00210981467963681
7121,-0.00103022341034914
7122,-0.000130895105539593
7123,5.35855224057219E-05
7124,-0.00034540300166951
7125,6.85292646815946E-05
7126,0.00278566398466881
7127,0.00741016963580493
7128,0.0114837856567931
7129,0.0127865943635853
7130,0.0115105382546988
7131,0.00972108681628773
7132,0.00893503221558785
7133,0.00879639122056197
7134,0.00805050441898341
7135,0.00614778283161044
7136,0.00359559555452086
7137,0.00117960357702028
7138,-0.000721526888168997
7139,-0.0022040753940678
7140,-0.0035476707769021
7141,-0.00482140931753617
7142,-0.00566673737931225
7143,-0.00571935146145189
7144,-0.00550031980635088
7145,-0.00654727847785358
7146,-0.010007912425445
7147,-0.0150082112223941
7148,-0.0189826357902892
7149,-0.0200010261122868
7150,-0.0184985040094371
7151,-0.0164370668380452
7152,-0.0150960836232176
7153,-0.0141459846556994
7154,-0.0126723886262575
7155,-0.0104478241826725
7156,-0.00800351890977023
7157,-0.00592298660284766
7158,-0.00440360217386981
7159,-0.00327407250583558
7160,-0.00218346916059449
7161,-0.00095492963872252
7162,5.03275981323268E-05
7163,0.000231113349445467
7164,-0.000211219197292405
7165,0.000189686381859512
7166,0.00288645795870258
7167,0.00741867842444219
7168,0.0113610339348508
7169,0.0125935834264319
7170,0.0113410672746845
7171,0.00959997958007117
7172,0.00881586138219078
7173,0.00863818986774617
7174,0.00786033779635374
7175,0.00595837070601709
7176,0.00343758209821866
7177,0.00107951227324609
7178,-0.000751241132571322
7179,-0.00219460490468805
7180,-0.00357582909716328
7181,-0.00495587687211534
7182,-0.00590484541550912
7183,-0.00598373303097368
7184,-0.00570018879518754
7185,-0.00664184727267516
7186,-0.0100174710241664
7187,-0.0149814660197781
7188,-0.0189699485698767
7189,-0.0200555876424979
7190,-0.0186700736492229
7191,-0.0167254139126071
7192,-0.0154070644062648
7193,-0.0143368504271567
7194,-0.0126809274977824
7195,-0.0103675201648348
7196,-0.00799397746419058
7197,-0.00604464494669992
7198,-0.00457810538461663
7199,-0.00341566505423542
7200,-0.00231577515200167
7201,-0.00115388386290167
7202,-0.000206612298378877
7203,1.74296704643245E-05
7204,-0.00032041152673362
7205,0.000132722945363511
7206,0.00281239966152501
7207,0.00736105899449896
7208,0.0114155968217363
7209,0.0127695551410703
7210,0.0115217657819725
7211,0.0096790063783772
7212,0.00883130991910939
7213,0.00872652153719703
7214,0.00808656962739118
7215,0.00623232166832275
7216,0.00361688817660407
7217,0.00113388617086436
7218,-0.000704716598935301
7219,-0.00202367261070594
7220,-0.00327915819218525
7221,-0.00465337677703549
7222,-0.00568707314965282
7223,-0.00580739013390841
7224,-0.00546154938103813
7225,-0.00633096419117212
7226,-0.009743341121882
7227,-0.0148253886129388
7228,-0.018858239586024
7229,-0.0198266657323913
7230,-0.018260830368629
7231,-0.0162527054436466
7232,-0.0150606625043909
7233,-0.0142193979765402
7234,-0.0127516699320301
7235,-0.010495862419888
7236,-0.00804137031996302
7237,-0.00593013781269035
7238,-0.0043156910304867
7239,-0.00309067177562376
7240,-0.00199874365710163
7241,-0.000840058073642275
7242,0.000135735358844832
7243,0.000355089569783351
7244,-7.64929598308106E-05
7245,0.000253518376523877
7246,0.00289254781958786
7247,0.0074853087715812
7248,0.0115424281137294
7249,0.0127786989803686
7250,0.0113890438579099
7251,0.00953480988733173
7252,0.00880714406350919
7253,0.00879315016373323
7254,0.00810376017142089
7255,0.00613795306060976
7256,0.00349070756323282
7257,0.00105782575997461
7258,-0.00077992005336332
7259,-0.00221204516870479
7260,-0.00359017680539083
7261,-0.00496336725280197
7262,-0.00588738109671993
7263,-0.00591751271199717
7264,-0.00556141223547635
7265,-0.00643727847287444
7266,-0.00982315877969577
7267,-0.0149129106970744
7268,-0.0190717603795335
7269,-0.0202329436014745
7270,-0.0187724702696017
7271,-0.0167071981650708
7272,-0.0153717401865072
7273,-0.0144087020309738
7274,-0.0128656112722941
7275,-0.0105665233279959
7276,-0.00812944792082389
7277,-0.00611938687925322
7278,-0.00461454662958811
7279,-0.00339381172510504
7280,-0.00221102385424115
7281,-0.00100811904573385
7282,-0.000109760100926879
7283,2.57711096624519E-05
7284,-0.000342242340941802
7285,0.000169699375848129
7286,0.00292977134012463
7287,0.00749776001308759
7288,0.0115010569708386
7289,0.0127968317597283
7290,0.0115487866289733
7291,0.00976193735325582
7292,0.00895476760524313
7293,0.00880332666505849
7294,0.00804126126874438
7295,0.00608811775195958
7296,0.00347928092598544
7297,0.0010776410092754
7298,-0.000707776799387862
7299,-0.00204065541145822
7300,-0.00330533500152423
7301,-0.00461722613643734
7302,-0.00556819763436342
7303,-0.00569461903568715
7304,-0.0054586413322853
7305,-0.00643510389904593
7306,-0.0098599195781415
7307,-0.0148900332058126
7308,-0.0189002316519676
7309,-0.0199084003582116
7310,-0.0183946911107458
7311,-0.01639733846696
7312,-0.0151724289078653
7313,-0.0142828118327587
7314,-0.0127735818732285
7315,-0.0104940309839061
7316,-0.00803578719157719
7317,-0.0059283153904241
7318,-0.0043090944123444
7319,-0.00307981911093807
7320,-0.00201556227770311
7321,-0.000921609722577148
7322,1.92320629851281E-06
7323,0.00023842690616556
7324,-0.000113720822308049
7325,0.000289004678256269
7326,0.00294491450343803
7327,0.0075290176596226
7328,0.0116198958657337
7329,0.012941916748255
7330,0.0116116513776192
7331,0.00970491291884906
7332,0.00882422422947892
7333,0.00866874488475583
7334,0.00795562498866327
7335,0.0060855131196596
7336,0.00356648831666771
7337,0.00121872155103025
7338,-0.000581982709041836
7339,-0.00199417123649414
7340,-0.00336071581166505
7341,-0.00474427060769022
7342,-0.00569940998429926
7343,-0.00575951370006417
7344,-0.0054175143046456
7345,-0.0062913114814821
7346,-0.00965185081914778
7347,-0.0146800945756432
7348,-0.0187585821696594
7349,-0.0198760955655177
7350,-0.0184487595439962
7351,-0.0164678940612394
7352,-0.0152066781824437
7353,-0.0142819767977791
7354,-0.0127632335360013
7355,-0.0104838413798969
7356,-0.00802746649806495
7357,-0.00593565883820748
7358,-0.00433540389639593
7359,-0.00308988438731598
7360,-0.00196975962151615
7361,-0.000832726528855926
7362,8.97211532930345E-05
7363,0.000330220149705103
7364,4.00405699430381E-05
7365,0.000511859603151193
7366,0.00313690899593805
7367,0.00758531848976876
7368,0.0115663314990593
7369,0.0129117106563172
7370,0.0116933276977272
7371,0.00986979882703524
7372,0.00901427877067044
7373,0.0088933333967605
7374,0.00825637313352329
7375,0.00644154651131956
7376,0.00389371484113829
7377,0.00146189395791944
7378,-0.000399649756483282
7379,-0.00182495707257387
7380,-0.0032006181868766
7381,-0.00462258262789921
7382,-0.00562148280400101
7383,-0.00569608591147414
7384,-0.00535506906416293
7385,-0.00626451262806811
7386,-0.0097035421196585
7387,-0.014797581130578
7388,-0.0188749394510107
7389,-0.0199421555142489
7390,-0.0184859845916773
7391,-0.0165363303813166
7392,-0.0153360074217992
7393,-0.0144540110653299
7394,-0.0129485242385233
7395,-0.0106609960113572
7396,-0.00816691331750737
7397,-0.00600840314070689
7398,-0.00435861044759936
7399,-0.00312708762517749
7400,-0.00205150567030353
7401,-0.000908159091013752
7402,7.25393984569668E-05
7403,0.000314607646108015
7404,-9.82659269081304E-05
7405,0.000224935265825568
7406,0.00283750217070133
7407,0.00743327797125646
7408,0.0115884999933603
7409,0.0130245991383319
7410,0.0118310618562325
7411,0.0100144865123934
7412,0.00911936363461171
7413,0.0088716041363333
7414,0.00807722623691192
7415,0.00617654617045659
7416,0.00361893493196559
7417,0.00116311134759721
7418,-0.000765069834554895
7419,-0.00219908143971006
7420,-0.00343703226365648
7421,-0.00464684779550545
7422,-0.00552808963990088
7423,-0.00564831235221948
7424,-0.00541082317325209
7425,-0.00633392377535482
7426,-0.00967085726267861
7427,-0.0146555285168905
7428,-0.0187278419439101
7429,-0.0198862515688815
7430,-0.018496565606767
7431,-0.0164779793960549
7432,-0.0150896647101581
7433,-0.0140384726408799
7434,-0.0125150683847492
7435,-0.0103663565983151
7436,-0.00805027163459072
7437,-0.00598517652702523
7438,-0.00432140741751003
7439,-0.00304619903789382
7440,-0.00198531613442928
7441,-0.00092876800658985
7442,-4.37980456545232E-05
7443,0.000163364020198014
7444,-0.000211963862667084
7445,0.000181964873202703
7446,0.00285924131348962
7447,0.00749158051439137
7448,0.0116256180123688
7449,0.0129579562584714
7450,0.0116264149132067
7451,0.00976597170204351
7452,0.00899952067342476
7453,0.00895506434087817
7454,0.00824670526015972
7455,0.00626055710178573
7456,0.00360873390839568
7457,0.00122297972762087
7458,-0.000518710009999849
7459,-0.00186398802807476
7460,-0.0032208036540815
7461,-0.00463399956532428
7462,-0.00561066347408004
7463,-0.00567889642177705
7464,-0.00536260037893017
7465,-0.00628807571083736
7466,-0.00969130311081808
7467,-0.0147211225657311
7468,-0.0187802524879077
7469,-0.0199091129254207
7470,-0.0185318688683055
7471,-0.0165736151374582
7472,-0.0152430994703606
7473,-0.0141941750887588
7474,-0.012612556287952
7475,-0.0103862523216244
7476,-0.00801899969398137
7477,-0.0059520114334187
7478,-0.00433742574093472
7479,-0.00314188071239964
7480,-0.00213618878146709
7481,-0.00104803694684324
7482,-5.21221608731518E-05
7483,0.000236818877933838
7484,-0.000194970487126672
7485,3.72254237167214E-05
7486,0.00261714701563388
7487,0.00733785259000259
7488,0.0116646682171653
7489,0.0130868554881587
7490,0.0116374945985095
7491,0.00956068994171237
7492,0.0086693731796391
7493,0.0086565546554095
7494,0.00803925012828968
7495,0.00609308495665337
7496,0.00343187644917315
7497,0.00105562573527364
7498,-0.00064895889078278
7499,-0.00199593581813471
7500,-0.00342271417944146
7501,-0.00489764005406367
7502,-0.00583367429213544
7503,-0.00577346932544877
7504,-0.00535059963638929
7505,-0.00626280194739358
7506,-0.00971136419428186
7507,-0.0147777142080057
7508,-0.0188488695845926
7509,-0.0199806193092597
7510,-0.0185894246819961
7511,-0.0165955944347212
7512,-0.0152581408047066
7513,-0.0142906448572358
7514,-0.0128464499653607
7515,-0.0107003295486754
7516,-0.00829655952515573
7517,-0.00613769316121212
7518,-0.00445798798776542
7519,-0.00322031039203484
7520,-0.0021553527360326
7521,-0.00101875650350407
7522,-4.28583040227443E-05
7523,0.000196894263940474
7524,-0.000199890641663423
7525,0.000155089009353713
7526,0.00278255620081271
7527,0.00736056567658423
7528,0.0114918989006159
7529,0.012918852321257
7530,0.0117046116650513
7531,0.00982917436047029
7532,0.00887567816061075
7533,0.00864046738731408
7534,0.0079367574468026
7535,0.00613821572760554
7536,0.00364692262109405
7537,0.00124539904331026
7538,-0.000612196130449562
7539,-0.00199974264905839
7540,-0.00327719866425315
7541,-0.00459574984603777
7542,-0.0055618705496415
7543,-0.00568350599822063
7544,-0.0054016907923638
7545,-0.00630710856085824
7546,-0.00966842712191289
7547,-0.0146766164564875
7548,-0.0187387919333639
7549,-0.0198689601980488
7550,-0.0184727804807548
7551,-0.0164934784252251
7552,-0.0151779459107164
7553,-0.0141823661220116
7554,-0.0126374613582507
7555,-0.0103874392584585
7556,-0.00798176172973629
7557,-0.00595088402982668
7558,-0.00444355778164039
7559,-0.00330745454798568
7560,-0.00223622879861603
7561,-0.00103925119243876
7562,-1.15061115852184E-05
7563,0.000265974008054093
7564,-8.4045110143732E-05
7565,0.000309781211064243
7566,0.00290963948454907
7567,0.0073668172969483
7568,0.0113361565111718
7569,0.0126470864965983
7570,0.0114115211135246
7571,0.00959955337898466
7572,0.00875381179523488
7573,0.00861705668575155
7574,0.00794516389740789
7575,0.00608806840887619
7576,0.00349857655796507
7577,0.00105258647328618
7578,-0.000759348968640028
7579,-0.0020815699051776
7580,-0.00337762040639055
7581,-0.00481678926371811
7582,-0.00591483066667112
7583,-0.0060730843891272
7584,-0.00571180998771605
7585,-0.00649403447264231
7586,-0.00977475619471796
7587,-0.0147696243576923
7588,-0.0188473389836698
7589,-0.0199800878491236
7590,-0.0185737460419343
7591,-0.0165954030740863
7592,-0.0152931441176221
7593,-0.0143001069577939
7594,-0.0127398651266742
7595,-0.010472000988388
7596,-0.00804028027297296
7597,-0.00594085136287707
7598,-0.00432803068847849
7599,-0.00313383890049084
7600,-0.00212733073680479
7601,-0.00107135936930574
7602,-0.000132163880679783
7603,0.000158269327885195
7604,-0.000157439788832512
7605,0.00022619331700886
7606,0.00283626457419432
7607,0.00741677410845125
7608,0.0115687059325367
7609,0.0129526378981348
7610,0.0116116855020147
7611,0.00964355136151103
7612,0.00875211005905589
7613,0.008681077265205
7614,0.00805327045002956
7615,0.00613608040033522
7616,0.00343768850944606
7617,0.000937564645928938
7618,-0.000838876722193626
7619,-0.00208043359301221
7620,-0.00330975338124934
7621,-0.00472052165457326
7622,-0.00580929000189318
7623,-0.0059380115886428
7624,-0.00551660860546461
7625,-0.00626318482111506
7626,-0.00961130351983106
7627,-0.0147744386665202
7628,-0.0190025700522418
7629,-0.0201470113639262
7630,-0.018636112320156
7631,-0.0165853582965689
7632,-0.0153399075776841
7633,-0.014467004598163
7634,-0.0129640717822052
7635,-0.0106752990715742
7636,-0.00823648585654069
7637,-0.00617891290421237
7638,-0.00456861165671782
7639,-0.00327036120502077
7640,-0.0021410501860574
7641,-0.00108261684507027
7642,-0.000245362870995403
7643,-6.11767307212293E-07
7644,-0.000239327561641246
7645,0.00020101427300531
7646,0.00269746992166095
7647,0.00707518444250531
7648,0.0111653787427137
7649,0.0127094300496002
7650,0.0115864530775708
7651,0.00970941345279118
7652,0.00878584816883768
7653,0.00867496925156787
7654,0.00803681589857705
7655,0.00608726741965003
7656,0.00333145892699887
7657,0.000821777182623934
7658,-0.000887635884447248
7659,-0.00205569154269245
7660,-0.00327235636639268
7661,-0.00471137037570495
7662,-0.00582888372349108
7663,-0.00601472606679068
7664,-0.00572180330618222
7665,-0.00661215787698423
7666,-0.00998933189931267
7667,-0.0150202852554488
7668,-0.0190642859593244
7669,-0.0201169653715978
7670,-0.0186266696325507
7671,-0.0166026580744375
7672,-0.0152982232766218
7673,-0.0143048312631723
7674,-0.012719030832952
7675,-0.0104502215970402
7676,-0.00811744487406192
7677,-0.00619141905077104
7678,-0.00468216554182756
7679,-0.00341192388165568
7680,-0.00221125419831093
7681,-0.0010066952752465
7682,-4.59825238549069E-05
7683,0.000194275429680527
7684,-0.000172460768291484
7685,0.000153104187699469
7686,0.00268027637685077
7687,0.00720632367162728
7688,0.0113951778369223
7689,0.0128693187436363
7690,0.0115713980557884
7691,0.00958292324271801
7692,0.0086973866090248
7693,0.00870204063451611
7694,0.00812978924182903
7695,0.00615266458085065
7696,0.00333200257283099
7697,0.000785287270688209
7698,-0.000929116168415343
7699,-0.00209887098824484
7700,-0.00331000400078504
7701,-0.00469760145591784
7702,-0.0057111995143074
7703,-0.005801129010509
7704,-0.00548387960805007
7705,-0.00640342449075627
7706,-0.00978690009120889
7707,-0.014784463038
7708,-0.0188432468407197
7709,-0.0200342878646406
7710,-0.0187373993257549
7711,-0.0168055631138987
7712,-0.0154427938727104
7713,-0.0143672209948893
7714,-0.0128061878972887
7715,-0.0106159734691714
7716,-0.00824311484819366
7717,-0.00611121505560165
7718,-0.00440134506574988
7719,-0.00312775839616675
7720,-0.00210365756199745
7721,-0.00106747375074259
7722,-0.000150964929130154
7723,9.50395597297968E-05
7724,-0.000336623749905463
7725,-0.000130798429062932
7726,0.00234705039213312
7727,0.00695927576511842
7728,0.0113104001322462
7729,0.0129378576114474
7730,0.0117523140881484
7731,0.00981152145900754
7732,0.00885574994198742
7733,0.00867703096715822
7734,0.00795059167890882
7735,0.00601670023301741
7736,0.00342316456712391
7737,0.00107445004570395
7738,-0.000653645590565118
7739,-0.00201113168116427
7740,-0.00340825244943857
7741,-0.00487845845974668
7742,-0.00589871245753908
7743,-0.00595917856893874
7744,-0.0055680682475511
7745,-0.00639040558028704
7746,-0.00974243458037718
7747,-0.0148178617325108
7748,-0.018960417761455
7749,-0.0200921558146303
7750,-0.0185960006824821
7751,-0.0164974647103141
7752,-0.0151364083728554
7753,-0.0141675205139975
7754,-0.0126525138498313
7755,-0.0104030349801193
7756,-0.00799013960781314
7757,-0.00594238443006931
7758,-0.00436307850119581
7759,-0.00310179843978592
7760,-0.00195106014519497
7761,-0.000809926194422023
7762,8.08852421401173E-05
7763,0.000297867628726677
7764,3.60352063247015E-05
7765,0.000558158871682559
7766,0.00316325283233995
7767,0.00747759958711462
7768,0.0112971151524373
7769,0.0126003286918514
7770,0.0115031511574067
7771,0.00984394204890219
7772,0.00903640977547114
7773,0.00881458578623542
7774,0.00803683765302023
7775,0.00615474720591365
7776,0.00361918560308969
7777,0.00120853249648036
7778,-0.000663858667285942
7779,-0.00209741355703589
7780,-0.00342336078021601
7781,-0.00474012080935845
7782,-0.00565015260700108
7783,-0.00572194064455519
7784,-0.0054505113757468
7785,-0.0064093792478312
7786,-0.00980614863902632
7787,-0.014803102961384
7788,-0.0188338570123675
7789,-0.0199506637018237
7790,-0.0185706880429429
7791,-0.0166278432224256
7792,-0.0153592182635931
7793,-0.0144169403118765
7794,-0.0129305792636229
7795,-0.0107361944549702
7796,-0.00835137720596502
7797,-0.00625791710337557
7798,-0.00459261529579911
7799,-0.00327217031692485
7800,-0.00209330054837613
7801,-0.000900072239908522
7802,6.78381767474165E-05
7803,0.000282233692406084
7804,-0.000147127686713497
7805,0.000139439721251061
7806,0.0026748660792592
7807,0.00719876521745486
7808,0.0113344201106607
7809,0.0127695855473923
7810,0.0115373660249515
7811,0.0096868669682367
7812,0.00887178921776665
7813,0.00881744121737053
7814,0.00817140618748083
7815,0.00625343081546673
7816,0.00360465184912497
7817,0.00117080591628936
7818,-0.000598547923100117
7819,-0.00191336598829989
7820,-0.00321257869187452
7821,-0.00459497559806611
7822,-0.0055912513514301
7823,-0.00571405647767562
7824,-0.00545437435976935
7825,-0.00641064963476436
7826,-0.00980920247936389
7827,-0.0148087154347148
7828,-0.0188302496149102
7829,-0.0199342792634801
7830,-0.0185726567901421
7831,-0.0167003080224771
7832,-0.0155199712926985
7833,-0.0146161300361834
7834,-0.0130879774206422
7835,-0.0108088714035305
7836,-0.00835531076688503
7837,-0.00623683243256307
7838,-0.00459068678853626
7839,-0.00333226516897231
7840,-0.00224469909490071
7841,-0.00112614430845871
7842,-0.00016780325874698
7843,9.75558079280449E-05
7844,-0.000275388681346108
7845,3.34220932583914E-05
7846,0.00257224113198377
7847,0.00711623672264291
7848,0.0112960813602235
7849,0.0127768594638056
7850,0.0115598469908265
7851,0.00965933547187277
7852,0.00871201881344646
7853,0.0084935217982658
7854,0.00777181319152902
7855,0.00594876743571319
7856,0.00349586885710183
7857,0.00118620188841613
7858,-0.00062177169698646
7859,-0.00205711418924735
7860,-0.00343257026576882
7861,-0.00483719666893442
7862,-0.00587596051945513
7863,-0.0060549787702968
7864,-0.00575184758039063
7865,-0.00651825950537323
7866,-0.0097166667838153
7867,-0.014683154102278
7868,-0.0188291592884327
7869,-0.0200194430707829
7870,-0.018563326754534
7871,-0.016488624768672
7872,-0.0151726502849632
7873,-0.0142624679543622
7874,-0.0127738723906808
7875,-0.010498393944427
7876,-0.00802987190406309
7877,-0.0059291133141229
7878,-0.00432509846493808
7879,-0.00308553466937389
7880,-0.00198398922774737
7881,-0.00085116296924655
7882,0.000106520325989078
7883,0.000370163532758136
7884,-1.37360477113396E-05
7885,0.000238185453079737
7886,0.00268095377752962
7887,0.00717209428244087
7888,0.0114067110890696
7889,0.0129931845901037
7890,0.0118111873268174
7891,0.00985731481850604
7892,0.00889565453423196
7893,0.0087965439387408
7894,0.00821903152434399
7895,0.00634843059404337
7896,0.00360595510814938
7897,0.0009802110022853
7898,-0.000911208791635149
7899,-0.00216670511119698
7900,-0.00328972158449628
7901,-0.00454505214128178
7902,-0.00555564970720588
7903,-0.00577241793346119
7904,-0.00555723223972749
7905,-0.00645056030853567
7906,-0.00973638427309679
7907,-0.0146727630969096
7908,-0.0187210643796743
7909,-0.0198909780835674
7910,-0.0185474880484984
7911,-0.0166051009360138
7912,-0.015305911676956
7913,-0.0143151462977291
7914,-0.0127881229082143
7915,-0.0105945514843773
7916,-0.00825618368886434
7917,-0.00621074552281626
7918,-0.00455364699698081
7919,-0.00322931945168811
7920,-0.00210547612375477
7921,-0.00103361225204434
7922,-0.000159740354960583
7923,7.20227455819197E-05
7924,-0.000271995990655201
7925,5.16697767356447E-05
7926,0.00255558309744884
7927,0.00709295427143817
7928,0.0113680893811046
7929,0.0129734371439594
7930,0.0117660428474852
7931,0.00975799819579624
7932,0.00875511849208057
7933,0.00864287517817904
7934,0.00807158916280439
7935,0.00625062221503119
7936,0.00365020304549641
7937,0.0012324044941955
7938,-0.000529121685611062
7939,-0.00186430226546398
7940,-0.00323210938728413
7941,-0.00469850152518241
7942,-0.0057330624031993
7943,-0.00582052710464829
7944,-0.00548042957969515
7945,-0.00637009195523233
7946,-0.00976601309251581
7947,-0.0148342063081589
7948,-0.0189452843408496
7949,-0.0200824348363961
7950,-0.0186583880618716
7951,-0.016658130435514
7952,-0.0153440909115814
7953,-0.014340369270944
7954,-0.0127688523716344
7955,-0.0105300533578432
7956,-0.00819881518003767
7957,-0.00620673192867721
7958,-0.00458547161867801
7959,-0.00324460394759133
7960,-0.00208968824564817
7961,-0.0010201291067374
7962,-0.000161718565087505
7963,0.000107998138017721
7964,-0.000127827771157576
7965,0.000298252507814096
7966,0.00280042434215081
7967,0.0072160648549637
7968,0.0113355220526226
7969,0.0128520169828415
7970,0.0116429949963945
7971,0.00966115775341812
7972,0.00865667225025147
7973,0.00852229864037336
7974,0.00795052350493052
7975,0.00616685428662511
7976,0.00361996060194715
7977,0.00124388768688532
7978,-0.000503191408033173
7979,-0.00185495810538762
7980,-0.00325274025953737
7981,-0.00472328768208437
7982,-0.00572112328022582
7983,-0.00578036732023476
7984,-0.00547750708355606
7985,-0.00643024059583133
7986,-0.00979677837923792
7987,-0.0147070757207035
7988,-0.0186616304138104
7989,-0.019794391311272
7990,-0.0184989115263541
7991,-0.0166069737910189
7992,-0.0153038684668474
7993,-0.0142861169548344
7994,-0.0127473448674768
7995,-0.0105424844363184
7996,-0.00817968874645604
7997,-0.0061321665479212
7998,-0.00451893986788741
7999,-0.00323602330262837
8000,-0.00209557113662763
8001,-0.000979927826258519
8002,-0.000109069260581177
8003,7.6223428727998E-05
8004,-0.000284895544465549
8005,5.90833324484339E-05
8006,0.00253384246840355
8007,0.0069611217915848
8008,0.0111601978510147
8009,0.0128379152817273
8010,0.0117830258886635
8011,0.00983526944209835
8012,0.00876875378686613
8013,0.00861904064351876
8014,0.00812651983041367
8015,0.00636759212514829
8016,0.0036372275689179
8017,0.000957744752978043
8018,-0.000935308979731022
8019,-0.00213213978229406
8020,-0.00325623717411057
8021,-0.00464381724973376
8022,-0.00582356817856523
8023,-0.00608538498431129
8024,-0.00574993411426618
8025,-0.00648541351588766
8026,-0.00973206252434814
8027,-0.0147628664943813
8028,-0.0189064721154964
8029,-0.0200611218157769
8030,-0.0186432380602135
8031,-0.0167070199918811
8032,-0.015517782930408
8033,-0.0145952176068832
8034,-0.0129742440001532
8035,-0.0106099571161586
8036,-0.00821495540431299
8037,-0.00627015517408362
8038,-0.00471660152573017
8039,-0.00337035332288755
8040,-0.0021691418489468
8041,-0.00111572690521396
8042,-0.000364513013695867
8043,-0.000214384134042883
8044,-0.000497010371313344
8045,-3.19035281458212E-05
8046,0.0025574930486393
8047,0.0070636068205865
8048,0.0112330027553453
8049,0.0127375752222723
8050,0.0115004986976725
8051,0.00956104739512608
8052,0.00867803954068035
8053,0.00862311594421031
8054,0.00796540278000046
8055,0.00596583658952705
8056,0.00323682000110792
8057,0.00081650961437242
8058,-0.000883383327445096
8059,-0.00218993744487177
8060,-0.0035685036027074
8061,-0.00502679000145264
8062,-0.00602941629832579
8063,-0.00612220591744862
8064,-0.00583443313838117
8065,-0.00672791005634225
8066,-0.00999856158743691
8067,-0.0148831148761316
8068,-0.0189186943637661
8069,-0.020157246088071
8070,-0.0189033126296554
8071,-0.0169865840204078
8072,-0.0156271418810375
8073,-0.0145210233142109
8074,-0.0128693520520004
8075,-0.0106019005672116
8076,-0.0082935572963148
8077,-0.00635815192612961
8078,-0.00477673857165564
8079,-0.0034040684113313
8080,-0.00215658725327618
8081,-0.00101456370575913
8082,-0.000165405084705971
8083,3.84315314712738E-05
8084,-0.000251979792678221
8085,0.00016081469960203
8086,0.002678763236831
8087,0.0071325960597114
8088,0.0113142735737636
8089,0.0128917364149391
8090,0.0117044486231366
8091,0.00971249499850591
8092,0.00871985342635062
8093,0.00864050330200165
8094,0.00810665318962353
8095,0.00626225101809604
8096,0.00355306274236069
8097,0.00100801053949342
8098,-0.000800429944732349
8099,-0.00207383509132537
8100,-0.00334012584839625
8101,-0.00476037294807226
8102,-0.00583160871276889
8103,-0.00597228786493168
8104,-0.00560797426777925
8105,-0.00637421668722931
8106,-0.00963207477838184
8107,-0.0146625306716317
8108,-0.0188676963344181
8109,-0.0201507950287011
8110,-0.0188241493751528
8111,-0.0168540898421723
8112,-0.0155638283213611
8113,-0.0146266265537789
8114,-0.0131403799016816
8115,-0.0109408234374143
8116,-0.00857187363285577
8117,-0.00649750874946572
8118,-0.00480711271757839
8119,-0.00343765593497528
8120,-0.00227665073582405
8121,-0.0011956806231976
8122,-0.000325080354551929
8123,-7.19906329642095E-05
8124,-0.000359165345896534
8125,2.03025788887771E-05
8126,0.00252315317580244
8127,0.00698407340314423
8128,0.0111607378303985
8129,0.0127312051675026
8130,0.0115722334780199
8131,0.00960935007503388
8132,0.00855403243572775
8133,0.00832200247975382
8134,0.00769262677562076
8135,0.0059331208498165
8136,0.00342317457551598
8137,0.00101864747294636
8138,-0.000778388345554608
8139,-0.00208915520022317
8140,-0.00335254419096938
8141,-0.00473060459669023
8142,-0.00576643418519133
8143,-0.00591117309194599
8144,-0.00561581725225432
8145,-0.00651579032134167
8146,-0.00988919678202608
8147,-0.0148951169051276
8148,-0.0189339967840587
8149,-0.0200729882342939
8150,-0.018761889680852
8151,-0.016890377243844
8152,-0.015586212684744
8153,-0.0144650929455994
8154,-0.0127690311883038
8155,-0.0104884254522637
8156,-0.00817483430904743
8157,-0.00620877183918547
8158,-0.0046224763350175
8159,-0.00333083341484332
8160,-0.00220098312393226
8161,-0.00111536107456486
8162,-0.0002657260443347
8163,-9.21460393866999E-05
8164,-0.000453721722502778
8165,-6.65289969632245E-05
8166,0.00248734984903166
8167,0.0069270366185155
8168,0.0109917017897502
8169,0.0124896307703589
8170,0.0114168437424793
8171,0.00965514002140234
8172,0.00876590958473729
8173,0.00857665889728596
8174,0.00790232032480773
8175,0.00608823283254182
8176,0.00355187431319367
8177,0.00114419723267447
8178,-0.000648837083977817
8179,-0.00196577660232853
8180,-0.00325784549613555
8181,-0.00467591068402643
8182,-0.00572448726501826
8183,-0.00582079271477324
8184,-0.00542464818526424
8185,-0.00622538036480026
8186,-0.00956007422330389
8187,-0.0146028031709819
8188,-0.0187087762879201
8189,-0.0198769663803989
8190,-0.0185297773074557
8191,-0.0166021355167492
8192,-0.0153081062813671
8193,-0.0143210363880593
8194,-0.0128570169697319
8195,-0.0107940051438435
8196,-0.00854907953472784
8197,-0.00645554790331361
8198,-0.00465158743971403
8199,-0.00323466718520944
8200,-0.0021494648561457
8201,-0.00116284919408691
8202,-0.000295453264578592
8203,2.56920948072777E-05
8204,-0.000221282095626708
8205,0.000118806022742838
8206,0.00253213999203414
8207,0.00690979773724839
8208,0.0110539141669107
8209,0.0126684877851915
8210,0.0116153329219991
8211,0.00974498156091148
8212,0.00868901441209555
8213,0.00837672932055392
8214,0.00770111145113086
8215,0.00600865132202565
8216,0.00360428194684411
8217,0.00118780127860937
8218,-0.000771771389497414
8219,-0.00223857025703248
8220,-0.00349337711817599
8221,-0.00475303644323231
8222,-0.00576302895313846
8223,-0.00604197523962159
8224,-0.00586145871721927
8225,-0.00667116142806333
8226,-0.00983024122691993
8227,-0.0147538043520046
8228,-0.018925221958106
8229,-0.0202060635325116
8230,-0.0188409601892538
8231,-0.0168021794224075
8232,-0.0154693187858864
8233,-0.0145304881664941
8234,-0.0130297056164408
8235,-0.0107584817676664
8236,-0.00830819203348876
8237,-0.00624564432624815
8238,-0.00468957509242413
8239,-0.00347508929965861
8240,-0.00236224927177084
8241,-0.00121267447877307
8242,-0.000257890095552168
8243,2.42719558054491E-05
8244,-0.000253497161718057
8245,0.000171101416557109
8246,0.00272815673840472
8247,0.00718218177644896
8248,0.0112854472920221
8249,0.0127824524199733
8250,0.0115941068564203
8251,0.00963039210238906
8252,0.00859294936655649
8253,0.00842891377102225
8254,0.00791659560993172
8255,0.00623032137420246
8256,0.00364956948905753
8257,0.00106352531424592
8258,-0.00086580515938324
8259,-0.0021496617915302
8260,-0.00329962535817005
8261,-0.00464842609624574
8262,-0.00579933985947112
8263,-0.00607421743237544
8264,-0.00575842232463031
8265,-0.00649208386454592
8266,-0.00973248517081624
8267,-0.0147765610997561
8268,-0.0189480447660791
8269,-0.020120224215674
8270,-0.0186840845558597
8271,-0.0166828269368418
8272,-0.0154043749421647
8273,-0.0144180453075193
8274,-0.0127825308870386
8275,-0.0104165976057607
8276,-0.0079944434185627
8277,-0.00603272353281713
8278,-0.00454306057018281
8279,-0.00332783920864049
8280,-0.00221376813971922
8281,-0.00112905484824212
8282,-0.00028216239021222
8283,-7.15794393149397E-05
8284,-0.000355866344844531
8285,6.96978722377863E-05
8286,0.00257468318263891
8287,0.00695018935691647
8288,0.0110393062836492
8289,0.0126356389231375
8290,0.0116102388414616
8291,0.00977088167957782
8292,0.00875303514380503
8293,0.00851696663528644
8294,0.00791335163480856
8295,0.00618450181611811
8296,0.00361096627658657
8297,0.00101410877326871
8298,-0.000996288791035128
8299,-0.00238374389943111
8300,-0.00354777377764883
8301,-0.00477869315125009
8302,-0.00576690179917683
8303,-0.00595010102388946
8304,-0.00563323104020235
8305,-0.0063982055557694
8306,-0.00967715694289013
8307,-0.0147979084149595
8308,-0.019083810940602
8309,-0.020337427435595
8310,-0.0188919699111352
8311,-0.0168225614407446
8312,-0.0154953120615366
8313,-0.0145160920388232
8314,-0.012925909232984
8315,-0.0106114202690782
8316,-0.00820807701066606
8317,-0.00618779757827421
8318,-0.00456867800126813
8319,-0.00325021391826651
8320,-0.00215654313940433
8321,-0.00117766836984158
8322,-0.00037814630108392
8323,-9.97196251495525E-05
8324,-0.0003150828746848
8325,6.44499684465969E-05
8326,0.00247398892026228
8327,0.00686704551607231
8328,0.0111045990274259
8329,0.0128127258305451
8330,0.0117363496322917
8331,0.00976713069097751
8332,0.00870385057169327
8333,0.00852162228644589
8334,0.00793808125097144
8335,0.00612878597060762
8336,0.00348196858704669
8337,0.000955743474816492
8338,-0.000864805755960017
8339,-0.00211038287935742
8340,-0.00330065962878568
8341,-0.00467879468881679
8342,-0.00579195980847793
8343,-0.00599141395704275
8344,-0.00561914562159568
8345,-0.00635522027926436
8346,-0.00968576095631661
8347,-0.0149016534119666
8348,-0.019240017262517
8349,-0.0204503544596021
8350,-0.0188910478803641
8351,-0.0167125894886145
8352,-0.0153425750160534
8353,-0.0144000828730421
8354,-0.0129059878933817
8355,-0.0107202058158624
8356,-0.00844836219185788
8357,-0.00652101567420327
8358,-0.00491241285201204
8359,-0.00350646866720948
8360,-0.00226146577200624
8361,-0.00113671974369073
8362,-0.000256369026498467
8363,2.60088795713378E-05
8364,-0.000229243993327489
8365,0.000102536998249951
8366,0.0024600706935739
8367,0.00678057145121182
8368,0.0109318841023924
8369,0.0125809154370699
8370,0.0115016816501889
8371,0.00955881680704849
8372,0.00849884962135888
8373,0.00829557058669418
8374,0.00773215874006025
8375,0.0060285082076816
8376,0.00351251855561729
8377,0.00102390003411365
8378,-0.000887268303830136
8379,-0.00224669108249449
8380,-0.00344612698711691
8381,-0.00473433878285526
8382,-0.0057930653304523
8383,-0.00607065872945822
8384,-0.0058439895197617
8385,-0.00663221587955611
8386,-0.00983448569570533
8387,-0.0148077816565406
8388,-0.018937166767367
8389,-0.0200871249622174
8390,-0.0186443723582237
8391,-0.0167052073483678
8392,-0.0155850632264923
8393,-0.0147823247422262
8394,-0.0132632396969054
8395,-0.0109387277242083
8396,-0.00852199380623641
8397,-0.00651591449988385
8398,-0.00489382418369003
8399,-0.00350229960687534
8400,-0.00227085476661073
8401,-0.00114644059595966
8402,-0.00025247335759967
8403,4.11916934764367E-05
8404,-0.000226821150781754
8405,7.88199582218092E-05
8406,0.00244824344380291
8407,0.00685350867234347
8408,0.0111218639009063
8409,0.0128328670544873
8410,0.0117193623820257
8411,0.00969105785137989
8412,0.00856385662610467
8413,0.00833108930834055
8414,0.00775113806789906
8415,0.00603290105958599
8416,0.00352267223801988
8417,0.00106714843476982
8418,-0.000812535318002566
8419,-0.00217307089124824
8420,-0.00339953015736678
8421,-0.00470673154327323
8422,-0.00575404135274286
8423,-0.00598430236616699
8424,-0.00566349881321723
8425,-0.00630649356167141
8426,-0.00936633272767797
8427,-0.0143124208302052
8428,-0.0185968289399101
8429,-0.0199997451050447
8430,-0.0187198330807932
8431,-0.016744340060703
8432,-0.0154641221705148
8433,-0.0145306675509184
8434,-0.0129633794539002
8435,-0.0106124532985608
8436,-0.00816030962352324
8437,-0.00617523780928399
8438,-0.00467746308924343
8439,-0.00343652697042794
8440,-0.00226845985114815
8441,-0.00112920505098603
8442,-0.000256649925962352
8443,-6.74313018898312E-05
8444,-0.000437544941885457
8445,-0.00015279659795475
8446,0.00223409363232919
8447,0.00662316665113165
8448,0.0108850848130938
8449,0.0127084431598503
8450,0.0118174552615722
8451,0.00996167744892316
8452,0.00882720624268257
8453,0.00845113780901258
8454,0.00772726432533888
8455,0.00592395781435136
8456,0.00335242491062996
8457,0.000841353547620646
8458,-0.00104290565790414
8459,-0.00232879753408147
8460,-0.00345388090258774
8461,-0.00471381047303055
8462,-0.00578791804381648
8463,-0.00607462697753889
8464,-0.00579960622650447
8465,-0.00648246133009599
8466,-0.00959901708927325
8467,-0.0146159750138993
8468,-0.0189519020679452
8469,-0.0203539888649626
8470,-0.0190174951610955
8471,-0.0169556449326873
8472,-0.015594048787227
8473,-0.014610789124561
8474,-0.0130384745064271
8475,-0.0107204525032796
8476,-0.00830300264101145
8477,-0.00630706082264559
8478,-0.00474471853918377
8479,-0.00343890787734708
8480,-0.00226267081581498
8481,-0.00115194788745237
8482,-0.000261190729515545
8483,3.11693212904393E-05
8484,-0.000218430036150721
8485,0.000107842476692841
8486,0.00244329810907149
8487,0.00675268385051293
8488,0.0109547606568689
8489,0.0127294477711232
8490,0.0117927768111769
8491,0.0099285232861003
8492,0.0088570430331293
8493,0.0085985246234563
8494,0.0079994153267048
8495,0.00629865640016136
8496,0.00379528277881503
8497,0.00129714817915959
8498,-0.000646777485227651
8499,-0.00204653581137138
8500,-0.00329612768289831
8501,-0.00466019114292442
8502,-0.00580310351191656
8503,-0.00610256047389054
8504,-0.00577539863825029
8505,-0.00638364750987359
8506,-0.0094715370271931
8507,-0.0145163456325589
8508,-0.018869666438233
8509,-0.0202241352175259
8510,-0.0188125246617121
8511,-0.0167329053642028
8512,-0.015437664621065
8513,-0.0145479111987538
8514,-0.0130235683599275
8515,-0.0106809255267218
8516,-0.00818997573664429
8517,-0.00612589831175052
8518,-0.00455560925981903
8519,-0.00330991068431243
8520,-0.0022047011945054
8521,-0.00111972192611528
8522,-0.000233862471938738
8523,5.02735397368031E-06
8524,-0.000339187691130857
8525,-4.40009523492314E-05
8526,0.00238465213356026
8527,0.00682030752243946
8528,0.0110361698538973
8529,0.0126926470648053
8530,0.011628264059775
8531,0.00973558380323181
8532,0.00872329647034611
8533,0.00853905005050421
8534,0.00799390283573623
8535,0.0063318905164515
8536,0.00384890745074485
8537,0.00134044559579361
8538,-0.000635074703022114
8539,-0.00206126759236579
8540,-0.00331690154626019
8541,-0.00466684030628697
8542,-0.00578379732857663
8543,-0.00607250309730578
8544,-0.00578749015559341
8545,-0.0064850165268884
8546,-0.00963186358091956
8547,-0.0146287073620479
8548,-0.0188515853103611
8549,-0.0201051585011927
8550,-0.0186992796631642
8551,-0.0166984948490437
8552,-0.015464140921192
8553,-0.0145640228458642
8554,-0.0129770416004105
8555,-0.0105875528721677
8556,-0.00813353231351934
8557,-0.00619101903114668
8558,-0.00472354017945488
8559,-0.00343551952918136
8560,-0.00214911497246706
8561,-0.000906975159093201
8562,-2.07989576473752E-05
8563,0.000127960731311518
8564,-0.000230224534147021
8565,0.000149899372190556
8566,0.00260563361884019
8567,0.00690956340570943
8568,0.0109530730524186
8569,0.0125809030475115
8570,0.0116328008283961
8571,0.00982414985754302
8572,0.00874312690323945
8573,0.00840315458667852
8574,0.00775179557450927
8575,0.00608556227308707
8576,0.00366862667048256
8577,0.00125798479225964
8578,-0.000624538233649317
8579,-0.00201781586199239
8580,-0.00332134040965659
8581,-0.00472383652593894
8582,-0.00579238783666925
8583,-0.00593945629287091
8584,-0.00555029273692141
8585,-0.00627188235366937
8586,-0.00950743812131521
8587,-0.0145391836979675
8588,-0.0187392466259437
8589,-0.0200159141233949
8590,-0.0187205542711376
8591,-0.016815763847088
8592,-0.015547984374393
8593,-0.0145170874901224
8594,-0.0128477388942429
8595,-0.0105042739920839
8596,-0.0081580349818951
8597,-0.00628334489293501
8598,-0.00484185507789387
8599,-0.00360920619800939
8600,-0.00241822837429384
8601,-0.00122566318022961
8602,-0.000279593990263961
8603,-2.42268976050366E-05
8604,-0.000350870902718956
8605,-3.7832501393712E-05
8606,0.00236291568561252
8607,0.00672987672319803
8608,0.0109216620818392
8609,0.0126551598804874
8610,0.0117065097066575
8611,0.00986442866230233
8612,0.00882947169615203
8613,0.00862818316111908
8614,0.00810488528582078
8615,0.00644615556247862
8616,0.00390641595238699
8617,0.00133358698115812
8618,-0.000647327712240631
8619,-0.00204378519315566
8620,-0.00330688478571567
8621,-0.00469792049695282
8622,-0.00580213435060855
8623,-0.0059789882876847
8624,-0.00554973258619131
8625,-0.00616197205254254
8626,-0.00929079744489347
8627,-0.014289686631797
8628,-0.0185314271425319
8629,-0.0198659697547088
8630,-0.0186015486582894
8631,-0.0167177067761932
8632,-0.0155019315206254
8633,-0.0145540951031762
8634,-0.0129471584377825
8635,-0.0105957046017972
8636,-0.0081703728986705
8637,-0.00618147012062196
8638,-0.00462218827422454
8639,-0.00328823918032022
8640,-0.00204553517663951
8641,-0.000888854843739009
8642,-5.39446144556892E-05
8643,0.000102204522349426
8644,-0.000221074424195589
8645,0.000188490797277836
8646,0.00266694790418336
8647,0.00700297175355982
8648,0.0110957516735248
8649,0.0127825522343736
8650,0.0118804941371917
8651,0.0100696354739508
8652,0.00891816465320613
8653,0.00847636292299821
8654,0.00777209455489359
8655,0.00613687534602497
8656,0.00376880201146902
8657,0.00134233978159607
8658,-0.000585647584552409
8659,-0.00192822997629349
8660,-0.00306341323760046
8661,-0.00435082654210248
8662,-0.00552424010703551
8663,-0.00591595320498652
8664,-0.00565939743451288
8665,-0.00630652075827284
8666,-0.00944536270799816
8667,-0.0145466294929849
8668,-0.0188886268654161
8669,-0.0201331279299419
8670,-0.0185992555748599
8671,-0.0165036941023437
8672,-0.0153049548821707
8673,-0.0145122353605963
8674,-0.0130070109915568
8675,-0.010661419323107
8676,-0.00823706020239561
8677,-0.00627418696353687
8678,-0.00469940557184587
8679,-0.00329874231121196
8680,-0.00203974208374663
8681,-0.000979018375365995
8682,-0.000264746342390501
8683,-0.000132459844038152
8684,-0.000387650939444475
8685,9.09624768847705E-05
8686,0.00261901422637762
8687,0.00704396441587834
8688,0.0112568278962919
8689,0.0129786341246301
8690,0.0119666077506535
8691,0.0100259681358111
8692,0.00890112618901796
8693,0.0086271996254524
8694,0.00801583306201524
8695,0.00624417732288807
8696,0.00361740351257368
8697,0.00104435395469954
8698,-0.00084803528237676
8699,-0.00212838643523727
8700,-0.00331267831419023
8701,-0.00467847387830397
8702,-0.00578595941997681
8703,-0.00598071615487009
8704,-0.0056158095517796
8705,-0.00637842310832724
8706,-0.00970710300484307
8707,-0.0148232927524981
8708,-0.0189855715684255
8709,-0.0200891012382555
8710,-0.0186257244540672
8711,-0.0167021304156916
8712,-0.0155381739044992
8713,-0.0145744904015916
8714,-0.0128465843529149
8715,-0.0103931117298126
8716,-0.00799940577637118
8717,-0.00614762840980658
8718,-0.00473005852627079
8719,-0.0034970923566064
8720,-0.00231766000514249
8721,-0.00115894971313842
8722,-0.000226130966376507
8723,5.78428229522491E-05
8724,-0.00024061780982754
8725,5.56577533049864E-05
8726,0.00240705476572379
8727,0.00672903670344243
8728,0.0108901890948051
8729,0.0126079918924396
8730,0.0116794900932327
8731,0.00989045777550168
8732,0.00887155459353693
8733,0.00858410854829919
8734,0.00792344908998726
8735,0.00620541980050405
8736,0.00372504159902398
8737,0.00122881122669287
8738,-0.000746225936480143
8739,-0.00215279921883683
8740,-0.00334806758241779
8741,-0.00463965479632798
8742,-0.00576018280357233
8743,-0.00609644206284161
8744,-0.00580990947003589
8745,-0.00640933217208455
8746,-0.00944085235783464
8747,-0.014432381254578
8748,-0.0187847963345722
8749,-0.0201890661005532
8750,-0.0188207042959039
8751,-0.0167204581322889
8752,-0.0153477859277494
8753,-0.0143913283197916
8754,-0.0128682118930037
8755,-0.010591893606118
8756,-0.00819151966895331
8757,-0.00620274827479313
8758,-0.00465605567779644
8759,-0.00335179381078076
8760,-0.00212741982119374
8761,-0.000953439975683569
8762,-8.08957206731574E-05
8763,9.26353322578835E-05
8764,-0.00024505568312455
8765,0.000152660533410174
8766,0.00264533054896714
8767,0.00698343979518168
8768,0.0110111550541312
8769,0.0125856098387742
8770,0.0116270175852829
8771,0.00990169876869184
8772,0.00895646838661374
8773,0.00872707509041755
8774,0.00812492580311491
8775,0.00644287266253309
8776,0.0039411643665309
8777,0.00140865728201341
8778,-0.000530771806062292
8779,-0.00183443322344915
8780,-0.00297545098286518
8781,-0.00433084274794164
8782,-0.00555107251242154
8783,-0.00590721783305525
8784,-0.00557839439486121
8785,-0.00618127686994231
8786,-0.00927568140820093
8787,-0.0142789729207922
8788,-0.0185404171132323
8789,-0.019871784021172
8790,-0.0185947882543113
8791,-0.0167156435749652
8792,-0.0155092954409734
8793,-0.0145539507196184
8794,-0.0129373381946672
8795,-0.0105950568447357
8796,-0.00818070575108996
8797,-0.006188130296817
8798,-0.00465423607585155
8799,-0.00342445272685189
8800,-0.00230528492027992
8801,-0.00114986985453552
8802,-0.000154025048976467
8803,0.000175777746762845
8804,-0.000129466712566165
8805,0.000171994684995421
8806,0.00259918442737633
8807,0.00702073218473553
8808,0.0112019212847604
8809,0.0128258425673027
8810,0.0117666125832093
8811,0.00992115509351173
8812,0.0089622818896159
8813,0.00879006417676092
8814,0.0081866413146558
8815,0.00639973361394624
8816,0.00376755480466862
8817,0.00115643220711849
8818,-0.000818700703357483
8819,-0.0021517925136963
8820,-0.0033034981516709
8821,-0.00462377480905024
8822,-0.00579011117199612
8823,-0.00612358138195832
8824,-0.00579410798143926
8825,-0.00636560976803611
8826,-0.0094001083971546
8827,-0.0143870668981863
8828,-0.0187089357971386
8829,-0.0201100822900613
8830,-0.0188377343661723
8831,-0.0169220579542034
8832,-0.0157088029611885
8833,-0.0147676909311574
8834,-0.0131085748895959
8835,-0.0106565722391464
8836,-0.00816059025973356
8837,-0.00617955558509889
8838,-0.00468470339755486
8839,-0.00342877405996272
8840,-0.00225430398978259
8841,-0.00113576262282922
8842,-0.000284243522298281
8843,-6.67901010949558E-05
8844,-0.00034230424338185
8845,5.79185188526936E-05
8846,0.00250252904995865
8847,0.00684984003068341
8848,0.0110082775465673
8849,0.0127462039457226
8850,0.0118302619592917
8851,0.00998934593565724
8852,0.00888192106560945
8853,0.00855700926336762
8854,0.00792342370677564
8855,0.00621070267853698
8856,0.00366734719439625
8857,0.00112097723185932
8858,-0.000799665984066725
8859,-0.00209236280352766
8860,-0.00323808554709377
8861,-0.00455959507284544
8862,-0.00566829297423828
8863,-0.00587978944650822
8864,-0.00545878191302447
8865,-0.00606096605759372
8866,-0.0092226608680836
8867,-0.0143198542201493
8868,-0.0186616916409487
8869,-0.0200137057351356
8870,-0.0186776562391045
8871,-0.0167144083374118
8872,-0.0154937037276757
8873,-0.0146194434315354
8874,-0.0130998852482302
8875,-0.0107884188159067
8876,-0.00834931146931317
8877,-0.00632780602747452
8878,-0.00474705977947487
8879,-0.003403390173519
8880,-0.00215043876081625
8881,-0.000984520105099067
8882,-0.000153831967841034
8883,-1.32211835074955E-05
8884,-0.000341489983954737
8885,8.44793486363059E-05
8886,0.002579135691248
8887,0.006903945588001
8888,0.0109668317600131
8889,0.0126461204410187
8890,0.0117893705568959
8891,0.0100752787656076
8892,0.00905416414700169
8893,0.00874936203835936
8894,0.00813979854112124
8895,0.00650218651329943
8896,0.00403147845264536
8897,0.00146902241863431
8898,-0.00055803768878888
8899,-0.00195474683059558
8900,-0.0031253923126053
8901,-0.00442268057273125
8902,-0.00555259433394305
8903,-0.00586465321549176
8904,-0.00554176183693948
8905,-0.00613137104212354
8906,-0.00916832795745455
8907,-0.014152027025781
8908,-0.0185132429052976
8909,-0.020010088068969
8910,-0.018819627056873
8911,-0.0168871864655723
8912,-0.0155720719618394
8913,-0.0145542651972777
8914,-0.0129245909675466
8915,-0.0105778425799555
8916,-0.00818412008034597
8917,-0.00627199558548065
8918,-0.00482044317193799
8919,-0.0035567213224943
8920,-0.00228196303832248
8921,-0.00101192644012447
8922,-8.9360549252776E-05
8923,4.031913354476E-05
8924,-0.000393054736571923
8925,-5.6320745028707E-05
8926,0.0024650649023097
8927,0.00691380935333897
8928,0.0110831386788805
8929,0.01276770035329
8930,0.0118367215038558
8931,0.0100395328213128
8932,0.00895650043225413
8933,0.00860105186522513
8934,0.00796195068759158
8935,0.00634729049161249
8936,0.00393880950544876
8937,0.00140509174914623
8938,-0.000675357434036938
8939,-0.00216238297548674
8940,-0.00337426420476787
8941,-0.00464406484143861
8942,-0.00573351561238539
8943,-0.00602947423045974
8944,-0.0056840243897991
8945,-0.00621409264817145
8946,-0.00919484100271558
8947,-0.01418397629527
8948,-0.0185879009427064
8949,-0.0200761863083054
8950,-0.0188062549397733
8951,-0.0168216748293223
8952,-0.0155693036469376
8953,-0.0146754906175418
8954,-0.0131033529909649
8955,-0.0107222126554387
8956,-0.00829949394316384
8957,-0.00641437369510085
8958,-0.00495495418555305
8959,-0.00356039202708969
8960,-0.00211424817438847
8961,-0.000798573941428043
8962,3.01672949927616E-05
8963,9.53330573590115E-05
8964,-0.000263436159190946
8965,0.000172333993588614
8966,0.00263612836275936
8967,0.00687696571287
8968,0.0108695777531836
8969,0.0125252165949413
8970,0.0116533792492576
8971,0.00990934644003154
8972,0.00888110184775209
8973,0.00861573664452637
8974,0.0080418916510099
8975,0.00638319184788801
8976,0.00387537334860637
8977,0.00134902724380719
8978,-0.000570197813452681
8979,-0.00190733779892843
8980,-0.00315874379197386
8981,-0.00460878592542834
8982,-0.00579981926288618
8983,-0.00601511385171828
8984,-0.00555157833417883
8985,-0.00612036375145101
8986,-0.00928158780118937
8987,-0.0143968024198413
8988,-0.0187561189897159
8989,-0.0201248459946551
8990,-0.0188076296034939
8991,-0.0168447281578259
8992,-0.0155695934897786
8993,-0.0145790230833397
8994,-0.0129326468980907
8995,-0.0105628414099513
8996,-0.0081741516668805
8997,-0.00628024708406497
8998,-0.00482972092731568
8999,-0.00355294624605668
9000,-0.00227649963952617
9001,-0.00101657241581709
9002,-8.37362947725964E-05
9003,9.19711185622658E-05
9004,-0.000299338886567427
9005,1.32885507612498E-05
9006,0.00243442289430765
9007,0.00677893716876938
9008,0.0109328632512591
9009,0.0127075950195016
9010,0.0118900305883498
9011,0.0101320164240382
9012,0.00900147980574416
9013,0.00858483584609574
9014,0.00793330616285025
9015,0.00633570478370573
9016,0.00391402003804019
9017,0.00133021248495431
9018,-0.000773543018251819
9019,-0.00220662144146276
9020,-0.00332102495407822
9021,-0.00453122259460451
9022,-0.00563642541687415
9023,-0.00599103174728223
9024,-0.00570615134488917
9025,-0.00629782993464862
9026,-0.00934751734478134
9027,-0.0143786917602093
9028,-0.0187515201657047
9029,-0.0201489625940818
9030,-0.018802356675391
9031,-0.0168050532664363
9032,-0.015576794692726
9033,-0.0146891935838003
9034,-0.0130898303138469
9035,-0.0106584702216967
9036,-0.00816139716382826
9037,-0.00620066535905586
9038,-0.00475780083638229
9039,-0.00355123865166344
9040,-0.00237657111772377
9041,-0.00119016741914106
9042,-0.000243249748361891
9043,1.040350708169E-05
9044,-0.000346373510928638
9045,-9.5047867463668E-05
9046,0.00226051749944765
9047,0.00664556188846499
9048,0.0109037660002828
9049,0.0127118888027597
9050,0.0118474844332556
9051,0.010096346603033
9052,0.00906382981559377
9053,0.00866507984339824
9054,0.00781962835713188
9055,0.00598228100427887
9056,0.00357276928900634
9057,0.00127116051167543
9058,-0.000604591006679193
9059,-0.00211997069911039
9060,-0.00348981637844436
9061,-0.00480265202581527
9062,-0.00577084298310269
9063,-0.00596146703323287
9064,-0.00566068981033683
9065,-0.00630253582662453
9066,-0.00930938259075968
9067,-0.0142301796349559
9068,-0.0185890352165851
9069,-0.0201183638713869
9070,-0.018906997926405
9071,-0.0169062225570486
9072,-0.015571492216891
9073,-0.0146271231185669
9074,-0.0131074713217594
9075,-0.0108366227662006
9076,-0.00845225428182973
9077,-0.00645453131383057
9078,-0.00481279070339688
9079,-0.00334892780678069
9080,-0.0020307909193624
9081,-0.00091478366698706
9082,-0.000164633032145516
9083,-3.82211644155825E-05
9084,-0.000368693089386863
9085,-5.07647145676821E-05
9086,0.00227941899650377
9087,0.00659252968329738
9088,0.0108738604732525
9089,0.0127863984063808
9090,0.0119104557087961
9091,0.00993883552865747
9092,0.00868860362040717
9093,0.00836420890536666
9094,0.00785837446541476
9095,0.00626966215406504
9096,0.00375884650738256
9097,0.00115972775276793
9098,-0.000853721529209205
9099,-0.00223507918447637
9100,-0.00342507828542653
9101,-0.00473682409017779
9102,-0.00583052941892428
9103,-0.00608233596102836
9104,-0.00574536156664749
9105,-0.00639381344130701
9106,-0.0095112973182409
9107,-0.0145160287272957
9108,-0.0188067445820891
9109,-0.020197640682785
9110,-0.0189649053519134
9111,-0.0170952532616661
9112,-0.015886032048769
9113,-0.0149293593076606
9114,-0.0133073382349103
9115,-0.0109629452722786
9116,-0.00855506082270416
9117,-0.00653360842022664
9118,-0.00488151787163366
9119,-0.003483987819714
9120,-0.00227381046027665
9121,-0.00116168209885291
9122,-0.000251517298759417
9123,5.24412715553468E-05
9124,-0.000267834621510544
9125,-8.80423839379629E-05
9126,0.00215117524107924
9127,0.00653164184409572
9128,0.0109374150118145
9129,0.0128836166314882
9130,0.0119554282446477
9131,0.00996164465394449
9132,0.00876206651831779
9133,0.0084880809375368
9134,0.00797760787511837
9135,0.00637847398026593
9136,0.00391871020796043
9137,0.00140982302054536
9138,-0.000549606806440251
9139,-0.00193040080107382
9140,-0.00312328694949161
9141,-0.00442236149297778
9142,-0.00554165265788305
9143,-0.00589451273102688
9144,-0.00566905362042193
9145,-0.00633442431750926
9146,-0.0093680563210129
9147,-0.0142950230122673
9148,-0.0185892720396764
9149,-0.0200077458803208
9150,-0.0187356144836986
9151,-0.0167924239121936
9152,-0.0155958386714386
9153,-0.0147471235738904
9154,-0.0131751861717366
9155,-0.0107238825125834
9156,-0.00818769141198156
9157,-0.00622491592044619
9158,-0.00478873874038003
9159,-0.00350421046738356
9160,-0.00217118948998725
9161,-0.000893721833302349
9162,-1.90476670202719E-05
9163,0.000118292870812666
9164,-0.000215332612835858
9165,0.000166770912666383
9166,0.00253322890440958
9167,0.00671358507110533
9168,0.0107461582699037
9169,0.0125302882293976
9170,0.0117924044295086
9171,0.0101067568537193
9172,0.00905360033282311
9173,0.00874240223268564
9174,0.00816277258733683
9175,0.00653366755364752
9176,0.00402875218368974
9177,0.00143253414311369
9178,-0.000591088319030184
9179,-0.00196164544993014
9180,-0.00310964175436158
9181,-0.00438610822244688
9182,-0.00548719067858972
9183,-0.00577561860550602
9184,-0.00546372954661047
9185,-0.0061214803470537
9186,-0.00928485893781922
9187,-0.0144127530699266
9188,-0.0188450266874721
9189,-0.020258284553478
9190,-0.0188627780226291
9191,-0.0167640469990227
9192,-0.0154641192031164
9193,-0.0146147693057481
9194,-0.0131382422478492
9195,-0.0107985944607423
9196,-0.00828155047464366
9197,-0.00621450633798312
9198,-0.00464753637693814
9199,-0.00332836194316733
9200,-0.00205707021995482
9201,-0.000822472205982866
9202,9.36669662515063E-05
9203,0.000285411336167789
9204,-6.49642904127533E-05
9205,0.000278664548021923
9206,0.00269957850203601
9207,0.00701885846360639
9208,0.0111331449835678
9209,0.0128652924791536
9210,0.0120335568051866
9211,0.0103184794877877
9212,0.00925588285849628
9213,0.00885325696648461
9214,0.00814460745536248
9215,0.00651432027678509
9216,0.00417706435625643
9217,0.00173790641567245
9218,-0.000321665530903792
9219,-0.00187467387229193
9220,-0.00315232863055747
9221,-0.00441573442391107
9222,-0.00546151339513953
9223,-0.00576121973505094
9224,-0.005483476897494
9225,-0.00607812033138013
9226,-0.00906569961189886
9227,-0.0140257426797208
9228,-0.0184130502402193
9229,-0.0198955745524898
9230,-0.018590677791032
9231,-0.0165416919535722
9232,-0.0152579099493669
9233,-0.014411300017821
9234,-0.0129138603011663
9235,-0.0105257590402681
9236,-0.00798290874707401
9237,-0.00597904145968763
9238,-0.00455839406673743
9239,-0.00337901710224105
9240,-0.00216158463019432
9241,-0.00090297193811276
9242,5.46622007504141E-05
9243,0.000266437516904344
9244,-9.69070950727721E-05
9245,0.000190400960872343
9246,0.00253283350146939
9247,0.00683657746464497
9248,0.0110616606823755
9249,0.0129473092489181
9250,0.012137993774562
9251,0.0102765146549663
9252,0.00907413838613465
9253,0.00869609935970009
9254,0.00808469187460571
9255,0.00641068479359368
9256,0.00388010018964198
9257,0.00133523818136618
9258,-0.000587466333662478
9259,-0.0019122335042306
9260,-0.00312149899350137
9261,-0.00449547745828213
9262,-0.00562978911293566
9263,-0.0058743111857181
9264,-0.00548875237953467
9265,-0.0060452055980009
9266,-0.00905036147927664
9267,-0.0140259960469525
9268,-0.0184721514543752
9269,-0.0201291754442374
9270,-0.0190346778676319
9271,-0.0170391985061564
9272,-0.0155975005098827
9273,-0.0145710929918809
9274,-0.0130869685532499
9275,-0.0108805942757925
9276,-0.00846566570702118
9277,-0.00640467783926897
9278,-0.00484758867001597
9279,-0.00362129300547398
9280,-0.00244568793660029
9281,-0.00117790720669782
9282,-0.00010591940176553
9283,0.000216987995232342
9284,-0.000133931185792162
9285,0.000129123979357021
9286,0.00251047230427624
9287,0.00686095918743278
9288,0.010993051927961
9289,0.0126546575279
9290,0.0116935841596006
9291,0.00988030252471943
9292,0.00879848135703841
9293,0.00843513319829689
9294,0.00778942672016898
9295,0.00622946729286085
9296,0.00395340246943605
9297,0.00154700584845604
9298,-0.000486764585907903
9299,-0.00195602953613656
9300,-0.00307688002974595
9301,-0.00421865765412554
9302,-0.00531994558403239
9303,-0.00584810926293366
9304,-0.00578964814615468
9305,-0.00642225363385459
9306,-0.00928515421670877
9307,-0.0141169239993427
9308,-0.0184783110550516
9309,-0.0200119955069275
9310,-0.0187730310683889
9311,-0.0167901621804775
9312,-0.0155721963241838
9313,-0.0147591292033849
9314,-0.013240675816342
9315,-0.0108088816201248
9316,-0.00823777357943423
9317,-0.00620672484327331
9318,-0.00473769063858052
9319,-0.00353337211065138
9320,-0.00238551997057937
9321,-0.00127680111482454
9322,-0.000446366839314418
9323,-0.000265229840280883
9324,-0.000580286755959233
9325,-0.000210879268629346
9326,0.00222950759205002
9327,0.0066193486504712
9328,0.0108683505714943
9329,0.012722575356208
9330,0.011917494263424
9331,0.0101430563806142
9332,0.00901759051050385
9333,0.00860642636156074
9334,0.00793146432350435
9335,0.00633767709306414
9336,0.00402211882785533
9337,0.00159665621166074
9338,-0.000442629531329548
9339,-0.00195482879988485
9340,-0.00317386768709203
9341,-0.00439354886736182
9342,-0.00544348557320542
9343,-0.00577696977311403
9344,-0.0055051243431725
9345,-0.00606288836680839
9346,-0.00903139302450394
9347,-0.0140418133146965
9348,-0.0185103220340258
9349,-0.0200352232942844
9350,-0.0187492571313076
9351,-0.0167718863454184
9352,-0.0156004666839126
9353,-0.0147784557010127
9354,-0.0131536752106526
9355,-0.0106225615358194
9356,-0.00810915038850379
9357,-0.00628783320420755
9358,-0.00497658302076228
9359,-0.00368593862205633
9360,-0.00225369315355229
9361,-0.000895397497349653
9362,1.34119721087515E-06
9363,0.000136800694941392
9364,-0.000207827544733307
9365,0.00013206221302612
9366,0.00243991462044412
9367,0.00660998438385619
9368,0.0107054128759905
9369,0.0125588093586061
9370,0.0118143837542668
9371,0.0100443383967792
9372,0.0088934605314601
9373,0.00852200670776063
9374,0.00792994160900492
9375,0.00633454203563899
9376,0.00389666483929925
9377,0.0013539075909609
9378,-0.000676209166087591
9379,-0.00208856455382088
9380,-0.00323863045180737
9381,-0.00446836481778585
9382,-0.00556792323295324
9383,-0.00596153782617067
9384,-0.00576410184747955
9385,-0.00638369807352312
9386,-0.00934714146037799
9387,-0.0142894887574571
9388,-0.0186961315302395
9389,-0.0201880437589929
9390,-0.0188266622467252
9391,-0.0166934094352627
9392,-0.015402766780981
9393,-0.01466457642333
9394,-0.0133069250118062
9395,-0.0109792554451696
9396,-0.00838709092853939
9397,-0.00627417829494069
9398,-0.00475231471756405
9399,-0.00352419618676166
9400,-0.00231357295820452
9401,-0.00107180362517495
9402,-8.94933081059874E-05
9403,0.000173744410386929
9404,-0.000186603703284181
9405,2.15822355927167E-05
9406,0.00226389224141161
9407,0.00651708752565786
9408,0.0107346363531939
9409,0.0126262478401927
9410,0.0118721517859599
9411,0.0101572240267617
9412,0.00912146564222106
9413,0.00879530757960683
9414,0.00810205770879283
9415,0.00633051524748784
9416,0.00375453403495879
9417,0.00114818275118503
9418,-0.000884770844598966
9419,-0.00223556811754507
9420,-0.00326968316544369
9421,-0.00440386983450094
9422,-0.00550148784577265
9423,-0.00595259171027957
9424,-0.00576282199698032
9425,-0.00629710820890645
9426,-0.00915058864458983
9427,-0.0140373645958734
9428,-0.018456660976047
9429,-0.0200192318079213
9430,-0.0187879382001306
9431,-0.0168023733878743
9432,-0.015568179744388
9433,-0.0147340710900012
9434,-0.0132231240376937
9435,-0.0108464006647532
9436,-0.00833955198745641
9437,-0.00631342994193714
9438,-0.0047676166504591
9439,-0.00345619817274505
9440,-0.00222967088332567
9441,-0.00106180135343277
9442,-0.000142274056960382
9443,0.000144065934905189
9444,-0.000156727107238172
9445,5.66684835230853E-05
9446,0.00225718903049136
9447,0.00652587197125774
9448,0.0108701044559843
9449,0.012902426369648
9450,0.0121463991722153
9451,0.0102570135187602
9452,0.00902015848633449
9453,0.00863287105201119
9454,0.00804050928431107
9455,0.00642728616320313
9456,0.00397450358760578
9457,0.00143050207727767
9458,-0.000617139781167232
9459,-0.00207890821504261
9460,-0.00326685660097637
9461,-0.00446628602379029
9462,-0.00547159356768972
9463,-0.00576646666266676
9464,-0.00550457006160277
9465,-0.00607923421556789
9466,-0.0090040936015689
9467,-0.0139521689388335
9468,-0.0184534951991645
9469,-0.0200983020851525
9470,-0.0188494602695369
9471,-0.0167277146517789
9472,-0.0153920881390815
9473,-0.0146380209814054
9474,-0.0133110245326222
9475,-0.0110039406983393
9476,-0.00838846092277206
9477,-0.00624922066060815
9478,-0.00474478452934573
9479,-0.00355101163360264
9480,-0.00233005317295146
9481,-0.00104122593575075
9482,-5.56236004327256E-05
9483,0.000133905184902061
9484,-0.000293593248013012
9485,-4.28550331454598E-05
9486,0.00233452244633995
9487,0.00669150883998838
9488,0.010903195502419
9489,0.0127288734029604
9490,0.011937635439667
9491,0.0102210509390952
9492,0.00915702700220339
9493,0.00875792471141713
9494,0.00802142458427552
9495,0.00632342810542712
9496,0.0039330674991486
9497,0.00151350003751564
9498,-0.00046336944355486
9499,-0.00193086732577312
9500,-0.00316059129356989
9501,-0.00440870670878333
9502,-0.00545488541544463
9503,-0.00576361225436026
9504,-0.005492703370092
9505,-0.00607695088740288
9506,-0.00904738666725942
9507,-0.014024951684566
9508,-0.0184873085353566
9509,-0.0200613759199939
9510,-0.0187882336239642
9511,-0.0166841893256288
9512,-0.0153258816247656
9513,-0.014491559239329
9514,-0.0131206677720405
9515,-0.0108636761162644
9516,-0.00830069410185807
9517,-0.00609985711199238
9518,-0.00446444954375048
9519,-0.00322572257974245
9520,-0.00208552076939051
9521,-0.000871994080809487
9522,0.000135499371392977
9523,0.000344742842630262
9524,-0.000206079976299107
9525,-0.000175265003952667
9526,0.00207691354941613
9527,0.00648331367922509
9528,0.0107924672077114
9529,0.0126220632792866
9530,0.0117699516996314
9531,0.0100506389896978
9532,0.00906566331908693
9533,0.00873336214789603
9534,0.00799343517098891
9535,0.00627582618563331
9536,0.00391278002345244
9537,0.00153855945856363
9538,-0.000440317929209438
9539,-0.00194756511071231
9540,-0.00318354108648441
9541,-0.00438936013238143
9542,-0.00542682828883631
9543,-0.00583588030183118
9544,-0.00573464770898247
9545,-0.00643546752976171
9546,-0.00939254487264746
9547,-0.0142643821801688
9548,-0.0186281231088784
9549,-0.0201814353352611
9550,-0.0189690472539179
9551,-0.0169534511257225
9552,-0.0156239836619479
9553,-0.0146880073215017
9554,-0.0131088551212028
9555,-0.0106785182682236
9556,-0.00812293126104527
9557,-0.00610238686370509
9558,-0.00466046893129411
9559,-0.00350637015727145
9560,-0.0023886438629627
9561,-0.00123073218594772
9562,-0.000257699127047428
9563,9.32876124560921E-05
9564,-0.000147667103765295
9565,0.000111421751735735
9566,0.00230513210735251
9567,0.00648655855608094
9568,0.0107047632511632
9569,0.0126637379013524
9570,0.0119430030309951
9571,0.0101719001162669
9572,0.00906391823524497
9573,0.00875406134171169
9574,0.00816305197019968
9575,0.00649683349906592
9576,0.00400246744895525
9577,0.00149081593065144
9578,-0.000467911332092698
9579,-0.00188846832078828
9580,-0.00316326794466805
9581,-0.00453010313995935
9582,-0.00565963400653306
9583,-0.00598533016438124
9584,-0.00572350036822975
9585,-0.0063208844349575
9586,-0.00924679258315685
9587,-0.0141222221759382
9588,-0.0185399059099706
9589,-0.0202051060460806
9590,-0.0190716330062508
9591,-0.0170062045677006
9592,-0.0155579961985198
9593,-0.0145999422469189
9594,-0.0131460149942174
9595,-0.0108568625301318
9596,-0.00833032299521161
9597,-0.00625267734686403
9598,-0.00475183357932543
9599,-0.00352754197659852
9600,-0.00227624678671468
9601,-0.000978754990564474
9602,1.87496513063813E-06
9603,0.000204353651660422
9604,-0.000195203152058388
9605,2.58452287389552E-05
9606,0.00225868182771904
9607,0.00643201654112221
9608,0.0105750783296189
9609,0.0124736118203363
9610,0.0117328349007732
9611,0.00991040200014737
9612,0.00869631187361092
9613,0.00833925571473664
9614,0.00786968599141658
9615,0.0064118552617205
9616,0.00399448870436147
9617,0.00133924276604813
9618,-0.000812186745707483
9619,-0.00223922619380393
9620,-0.00332469153009098
9621,-0.00452890976190612
9622,-0.00568662927611968
9623,-0.00613349654283294
9624,-0.00587857478852141
9625,-0.00634167851030705
9626,-0.00916789173000235
9627,-0.0140927178332077
9628,-0.0186024473369324
9629,-0.0202478506782643
9630,-0.0190155480271783
9631,-0.0169368298201759
9632,-0.0156071006908694
9633,-0.0147643328151318
9634,-0.0133099187976842
9635,-0.010962217523294
9636,-0.00843469339203432
9637,-0.00642040214319698
9638,-0.00497334326496008
9639,-0.00376856805980468
9640,-0.00253188928139587
9641,-0.00124095911690595
9642,-0.000232500059660111
9643,1.17980564039342E-06
9644,-0.000418167300358588
9645,-0.000226524608461145
9646,0.00207331457741487
9647,0.00639405893274944
9648,0.0105950101303383
9649,0.0123801045728394
9650,0.0115297401551772
9651,0.0098208310682028
9652,0.00887370769856214
9653,0.00862887749416369
9654,0.0079793610252267
9655,0.00628395793898926
9656,0.00387624872253036
9657,0.00146099230217604
9658,-0.000510713053843453
9659,-0.00199227701249513
9660,-0.00323493130937553
9661,-0.00448791009028779
9662,-0.00557364525411997
9663,-0.00597590366860768
9664,-0.00577144978978908
9665,-0.00628546370883054
9666,-0.00906368996057288
9667,-0.0138804576433351
9668,-0.0183371951788028
9669,-0.0200233644994252
9670,-0.0188554819197359
9671,-0.0167917634392416
9672,-0.0154373726656227
9673,-0.0145883384754572
9674,-0.0131645578145038
9675,-0.0108356047472973
9676,-0.00825353963363352
9677,-0.00610687446197704
9678,-0.00452279679577965
9679,-0.00328220124990018
9680,-0.00216302408866403
9681,-0.0010744687596647
9682,-0.000195419346794965
9683,8.92077677532169E-05
9684,-0.000165050352720253
9685,0.000117281742809907
9686,0.00232710374543313
9687,0.00648042711723913
9688,0.010626397356009
9689,0.0125098288872674
9690,0.0117576670465098
9691,0.0100043586015511
9692,0.00892054249672597
9693,0.00860322363487678
9694,0.00798862411449835
9695,0.0063233476486656
9696,0.00385442984684494
9697,0.00134978065040925
9698,-0.000636390727717102
9699,-0.00207664349773385
9700,-0.00332659290414682
9701,-0.00464976300010944
9702,-0.00575445388144035
9703,-0.00604742737470203
9704,-0.00569514254993085
9705,-0.00618217473420903
9706,-0.00909000196922657
9707,-0.0140661757764353
9708,-0.0185717524363051
9709,-0.0201805687993499
9710,-0.0189013271744757
9711,-0.016780353458044
9712,-0.0154352569074699
9713,-0.0146128830479616
9714,-0.0131784449797856
9715,-0.0107929112320156
9716,-0.0081636878185272
9717,-0.00605873986232783
9718,-0.00462336777590054
9719,-0.00354034715997737
9720,-0.00243201191606497
9721,-0.00114662703222463
9722,3.90406393267495E-06
9723,0.00039657460534391
9724,-2.69601502640524E-05
9725,-4.24456376710971E-05
9726,0.00202243271863537
9727,0.00631264617041548
9728,0.0107301861544934
9729,0.0127778762042963
9730,0.0120067814659357
9731,0.0101714737191045
9732,0.00906403498581229
9733,0.00877631240545507
9734,0.00819084774851735
9735,0.00655944486890991
9736,0.00414850768373949
9737,0.00167670147858383
9738,-0.00035530913582129
9739,-0.00185535107328332
9740,-0.00305585542760845
9741,-0.00424350566746594
9742,-0.00532767100465427
9743,-0.00584361795023595
9744,-0.00580606136547126
9745,-0.00641808293516495
9746,-0.00918431888999516
9747,-0.0139615275568283
9748,-0.0184377681578572
9749,-0.0201778976148159
9750,-0.0190103892481775
9751,-0.016878074768852
9752,-0.0154660274146658
9753,-0.0146263505123528
9754,-0.0132306347742723
9755,-0.0108765285769541
9756,-0.00824773723034822
9757,-0.00614470635920621
9758,-0.00472112671396934
9759,-0.00361269692417255
9760,-0.00242181780298868
9761,-0.00107289532164466
9762,3.15333297699643E-05
9763,0.000315523413865587
9764,-0.000101329371154019
9765,9.52176089622262E-05
9766,0.00241336365233518
9767,0.00672577260066152
9768,0.0108770410664139
9769,0.0126226512846424
9770,0.0118006016934648
9771,0.0101728237507061
9772,0.00928367186366627
9773,0.0090176577402049
9774,0.00828198866272054
9775,0.00649412361641532
9776,0.00403682189047255
9777,0.00162126580744535
9778,-0.000337787499323971
9779,-0.0018404300840848
9780,-0.00314174709237591
9781,-0.00443030217413591
9782,-0.00546442627141478
9783,-0.00575386230338747
9784,-0.00549198508037947
9785,-0.00608818972220406
9786,-0.00903430684172994
9787,-0.0139640640509565
9788,-0.0184042796632989
9789,-0.0200008089309248
9790,-0.0187685566446432
9791,-0.0166943646498991
9792,-0.0153429026255587
9793,-0.0144814778489924
9794,-0.0130526513902788
9795,-0.0107664952664061
9796,-0.00829259467282018
9797,-0.00630262871004791
9798,-0.00486650358636446
9799,-0.00367031948996623
9800,-0.00242073865492679
9801,-0.00107415421625638
9802,1.84878457022315E-05
9803,0.000321537843810291
9804,-7.61764881260904E-05
9805,9.41779245229081E-05
9806,0.00236945555131891
9807,0.00671102943345952
9808,0.0109938928700404
9809,0.0128731208288967
9810,0.0120418309537123
9811,0.0102332688766199
9812,0.00912211578479638
9813,0.00874981669923501
9814,0.00804935785713628
9815,0.00632712754277141
9816,0.00385527138241556
9817,0.00135380544082071
9818,-0.000657095384549957
9819,-0.00209537437465779
9820,-0.00324386373499898
9821,-0.00440186373448151
9822,-0.00541475096719238
9823,-0.00577094902838994
9824,-0.00555198738096324
9825,-0.00607481433966972
9826,-0.00885620495784643
9827,-0.0136556081559846
9828,-0.018104100901436
9829,-0.0198288777089148
9830,-0.0187302117668931
9831,-0.0167065679074536
9832,-0.01533849284447
9833,-0.0144674931999938
9834,-0.0130642388596086
9835,-0.0107849412109315
9836,-0.00823637164935409
9837,-0.00611135389905902
9838,-0.00458821372167257
9839,-0.00344830215423357
9840,-0.00237378978445421
9841,-0.0011797606260998
9842,-8.59053368993358E-05
9843,0.00035862975109016
9844,8.80172533136164E-05
9845,0.000231708649304767
9846,0.002351503637717
9847,0.00656761732281951
9848,0.0108670715074659
9849,0.0128549588110238
9850,0.0120991779203421
9851,0.0103004257493516
9852,0.00921883808162966
9853,0.00895917375306535
9854,0.00839161497170075
9855,0.00670707972428238
9856,0.00414822801263638
9857,0.00151053353470404
9858,-0.000605581277137277
9859,-0.00209885622546428
9860,-0.00326224153694017
9861,-0.00440023645341543
9862,-0.00538387094203239
9863,-0.00576110917697449
9864,-0.00564644658439964
9865,-0.00630789603366295
9866,-0.00917899671472596
9867,-0.013996410124673
9868,-0.0184364127608653
9869,-0.0201563073650389
9870,-0.0190317718011526
9871,-0.016943893443215
9872,-0.0155217785459439
9873,-0.014673098821237
9874,-0.0133595143491932
9875,-0.0111503366070705
9876,-0.00858195966928317
9877,-0.00636144993811014
9878,-0.00472872478791688
9879,-0.00349740237425003
9880,-0.00234240611042235
9881,-0.00108702307755396
9882,8.55099455375834E-07
9883,0.000343606640051445
9884,-6.55029081138696E-05
9885,1.61782223246883E-05
9886,0.00219725585126609
9887,0.00651798560366075
9888,0.0108515390178864
9889,0.012794416468859
9890,0.0120106169907012
9891,0.0102555184857379
9892,0.009216382309549
9893,0.0089008464682796
9894,0.00821098995507228
9895,0.00648057730337631
9896,0.00403481285720376
9897,0.00158942981480013
9898,-0.000413445521466647
9899,-0.00196236927849161
9900,-0.00331959589100982
9901,-0.00467810182646185
9902,-0.00577947118070842
9903,-0.0061010801906218
9904,-0.0058202154238778
9905,-0.00637187417850792
9906,-0.00929275030607033
9907,-0.0142298645528877
9908,-0.0186798064742944
9909,-0.0202624671088955
9910,-0.0190079636953416
9911,-0.0169321453085018
9912,-0.0155987029859387
9913,-0.0147532313954616
9914,-0.0133312718522574
9915,-0.0110403701326075
9916,-0.0085165230021531
9917,-0.00639394474781325
9918,-0.00478174185317939
9919,-0.00348525024463113
9920,-0.00228849478201413
9921,-0.00108606079174634
9922,-0.000106107673718389
9923,0.000134561012166478
9924,-0.000378831868794125
9925,-0.00043041684773503
9926,0.00164516692159845
9927,0.00600414638606491
9928,0.0105432715568302
9929,0.0127083033695708
9930,0.0119650415885175
9931,0.0100393586170334
9932,0.00880462208005745
9933,0.0084738076891745
9934,0.0079521309730406
9935,0.00638473292669026
9936,0.00393615844678382
9937,0.00135509820221859
9938,-0.000753419401195481
9939,-0.00226839245661205
9940,-0.00348322892380612
9941,-0.00470172545053581
9942,-0.00575368102596991
9943,-0.00612537957455716
9944,-0.00591742150702029
9945,-0.0064549561320173
9946,-0.00924080837735675
9947,-0.0140300720331478
9948,-0.0184719368348762
9949,-0.0201946143587165
9950,-0.0190600207086715
9951,-0.0169433075499678
9952,-0.0154775256591353
9953,-0.0145884132490307
9954,-0.0132545357518915
9955,-0.0110487475329237
9956,-0.00851296699118347
9957,-0.00637071087927641
9958,-0.00485686300071939
9959,-0.00373633636543336
9960,-0.00263931956620235
9961,-0.00140596172986486
9962,-0.000345744678500731
9963,-1.80193053122062E-05
9964,-0.00036985678231034
9965,-0.00017739589895233
9966,0.0020454790839831
9967,0.0062621083311616
9968,0.0104360929793044
9969,0.0123212186229532
9970,0.0116131019094924
9971,0.00996040948041128
9972,0.00896931959698597
9973,0.00867605779201524
9974,0.00802766717338608
9975,0.0063355542308688
9976,0.00389533752625899
9977,0.00145898890021333
9978,-0.000483278442209549
9979,-0.00194193796268783
9980,-0.0032332040597807
9981,-0.00455211088476364
9982,-0.00561635836572005
9983,-0.00592836674162833
9984,-0.00569861462216252
9985,-0.00630331876266648
9986,-0.00917870575672311
9987,-0.0139997352126323
9988,-0.0184261002642943
9989,-0.0201505323897997
9990,-0.0190516925479272
9991,-0.0169621270213905
9992,-0.0154886519743898
9993,-0.01458398637065
9994,-0.0132548253157307
9995,-0.0110476687375084
9996,-0.00844776100742964
9997,-0.00616753805985637
9998,-0.00451234190335422
9999,-0.00334262074904896
