T,AI2_filter1
0,8.32458166240474E-22
1,5.87110719191605E-07
2,1.14879520312906E-06
3,1.59611069354321E-07
4,-1.25282112148379E-06
5,-2.194049336291E-09
6,2.92424920328552E-06
7,2.7699151734408E-06
8,-8.18696611155528E-07
9,-2.07807462469524E-06
10,2.01559269788022E-06
11,5.32890380788904E-06
12,1.26542558961032E-06
13,-4.97366523305572E-06
14,-2.27813992557237E-06
15,6.39208718465063E-06
16,6.07793551725028E-06
17,-5.04123403339508E-06
18,-8.88400573112591E-06
19,3.17504228399635E-06
20,1.21559933134115E-05
21,6.47174966514857E-07
22,-1.4599834454368E-05
23,-5.97000088998355E-06
24,1.57577153460131E-05
25,1.26882421814136E-05
26,-1.5385643837019E-05
27,-2.15641128758662E-05
28,1.08120005805527E-05
29,2.95989363839801E-05
30,-5.95146840477361E-06
31,-4.26280056783806E-05
32,-5.18048053607437E-06
33,6.00941305326269E-05
34,2.25901795218367E-05
35,-9.69285386216454E-05
36,-6.45030129825006E-05
37,0.000197371189738901
38,0.000198085196933363
39,-0.000854543147044128
40,-0.00309732406578134
41,-0.00544389977000704
42,-0.00643359472843678
43,-0.00592660529820559
44,-0.00569500068892304
45,-0.00783667345341377
46,-0.0124758260745084
47,-0.0173518810681409
48,-0.0199104004570984
49,-0.0196023575167494
50,-0.0179073199240758
51,-0.016385767867226
52,-0.0152348858814104
53,-0.0137488146782765
54,-0.0115762539854861
55,-0.00909988265188954
56,-0.00686459449675946
57,-0.00510001476846987
58,-0.0037467731004933
59,-0.00258740698537459
60,-0.00137342478454281
61,-0.000169952598219431
62,0.000473437163042026
63,0.000210607733330932
64,-0.000101957676304437
65,0.00128519798201445
66,0.00512282122758205
67,0.00984128421434346
68,0.0127706063149357
69,0.0127505634428472
70,0.011056835023805
71,0.00966860995644867
72,0.00917084606102042
73,0.00865878577594728
74,0.00721093708053559
75,0.00487284169548406
76,0.00233289872354898
77,0.000170713428306133
78,-0.00147799897302704
79,-0.00284371940038662
80,-0.00420256552925136
81,-0.00542735961743057
82,-0.00596144282780684
83,-0.00566930630930567
84,-0.00570063464238168
85,-0.00781688586341191
86,-0.0123699127312656
87,-0.0173448171248365
88,-0.0200536271885601
89,-0.0197168659284428
90,-0.017868322809783
91,-0.0162897011382905
92,-0.0152232748134151
93,-0.0138218782868439
94,-0.0116645241822779
95,-0.00920671089072394
96,-0.00703050942815029
97,-0.00529428540267373
98,-0.00390366956705595
99,-0.00272776718187695
100,-0.00159320795094704
101,-0.000500620218355673
102,0.000114676061638813
103,-0.000100214414161328
104,-0.00040517144565473
105,0.000903466026420909
106,0.00468748620348816
107,0.00950896857643403
108,0.0126684317157134
109,0.0128251982417377
110,0.011119125609074
111,0.00958560094212669
112,0.008982843862863
113,0.00849933632185845
114,0.00714549769012481
115,0.0048489551441216
116,0.00226872053214873
117,4.99830243027844E-05
118,-0.00160251015904272
119,-0.00290343000253522
120,-0.00415760987953892
121,-0.00529473314895011
122,-0.00582045300794985
123,-0.0056041354017944
124,-0.00570047705301079
125,-0.00776567451715037
126,-0.0121889271806994
127,-0.0171255202065451
128,-0.0199789480977082
129,-0.0198420534518736
130,-0.0180474311610358
131,-0.0163514792480281
132,-0.0151593330105129
133,-0.013744360060339
134,-0.0116249121493278
135,-0.00914225256506556
136,-0.00688878825778934
137,-0.00512708112722639
138,-0.00379875650246662
139,-0.00269607454605242
140,-0.00157332891738492
141,-0.000450950541939447
142,0.000173507408777995
143,-7.21210415809973E-05
144,-0.000423152262621112
145,0.000839799630981496
146,0.00457201405442758
147,0.00933905147019786
148,0.012471266894167
149,0.0126570705003015
150,0.0110248456084433
151,0.00955370366697244
152,0.00894800980918623
153,0.00840452089434833
154,0.00700543820453702
155,0.00473328709012425
156,0.00221481352001659
157,1.50906623769248E-05
158,-0.00168374510042342
159,-0.00303952199823519
160,-0.00431201614038307
161,-0.00545907138437514
162,-0.00602251844260825
163,-0.00583688715157514
164,-0.00589873532153217
165,-0.00788632817260435
166,-0.0122746186522811
167,-0.0172470192949879
168,-0.0201426451602885
169,-0.0200066802025033
170,-0.0182167034531723
171,-0.0165837721165747
172,-0.0154729332196008
173,-0.0140737001936915
174,-0.0119025208918612
175,-0.00937387958989273
176,-0.00709694621093769
177,-0.00526269447888862
178,-0.00378765470957428
179,-0.0025713307624121
180,-0.00147770433887962
181,-0.000467700257819394
182,0.000134031000030981
183,8.55114451712743E-06
184,-0.000229780460562135
185,0.000979789503691801
186,0.00453568850376627
187,0.00918892187037353
188,0.0123610002490827
189,0.0126496604983807
190,0.011066026944616
191,0.00959678911034518
192,0.00902419972877161
193,0.00854965323460892
194,0.00718270249096958
195,0.00488495970903195
196,0.00236409548990314
197,0.000257184892067678
198,-0.00130177398077447
199,-0.00259421252455216
200,-0.00394324228354793
201,-0.00525149688375958
202,-0.0059502124646968
203,-0.00579623529492485
204,-0.00578016868882128
205,-0.00764218231140946
206,-0.0119542219760549
207,-0.0169656799608142
208,-0.0199888449289088
209,-0.0199652236971406
210,-0.018188037463303
211,-0.016481770314984
212,-0.0152989830561905
213,-0.0139013495279885
214,-0.0118054561572749
215,-0.00937141482940906
216,-0.00715366521340674
217,-0.00532695297687967
218,-0.00383288874239026
219,-0.00260349951586257
220,-0.00150207302905214
221,-0.000454779377429158
222,0.000228669571802971
223,0.000179642633923937
224,-6.47117946676077E-05
225,0.00104519183075927
226,0.0044973077412522
227,0.00914900198214382
228,0.0124283603283026
229,0.0128256425525744
230,0.0112406648806767
231,0.0096604226434916
232,0.00897315617898347
233,0.00847572374004041
234,0.00716527717739655
235,0.00490825102831202
236,0.00234455951917564
237,0.000135076628958643
238,-0.00151704153736027
239,-0.00286020236794755
240,-0.00422802397733558
241,-0.00552087534560559
242,-0.00614115419972742
243,-0.00585563732381198
244,-0.0057424513075927
245,-0.00762806488488558
246,-0.012054576451799
247,-0.017137256473544
248,-0.0200992797887591
249,-0.0199485408890495
250,-0.0181316114611772
251,-0.0165468302417099
252,-0.0155702086544944
253,-0.0143200104212747
254,-0.0122253305652057
255,-0.00966167420829314
256,-0.00727439877182451
257,-0.00535323429695976
258,-0.00391123181849896
259,-0.00284113870121746
260,-0.00186583124657347
261,-0.000797445001891636
262,1.22472776133979E-05
263,3.52199950718318E-05
264,-0.000279939378964428
265,0.000705682702433493
266,0.0041277128816828
267,0.00885923963165937
268,0.0122060514448759
269,0.0125744268679579
270,0.010921301353499
271,0.00932718217710493
272,0.00867606033758388
273,0.00820161045094303
274,0.00690570527087824
275,0.00471551049812876
276,0.00225118671831641
277,5.63265619888389E-05
278,-0.00170730490055671
279,-0.00315107105397345
280,-0.00446024651822792
281,-0.00559744436795108
282,-0.00617214324688054
283,-0.00600944136324727
284,-0.00599626396677445
285,-0.00777676783724371
286,-0.011985623764057
287,-0.0170000237421329
288,-0.0201398844259574
289,-0.0202326208213852
290,-0.0184989056487951
291,-0.0168045653961396
292,-0.0156539154713277
293,-0.0142835061018444
294,-0.0121736026999786
295,-0.00972428142118464
296,-0.00755120691716037
297,-0.0058013969760969
298,-0.00432276606882279
299,-0.00301930634826996
300,-0.00182980788358567
301,-0.000751404337682846
302,-7.96982069240219E-05
303,-0.000139865068810856
304,-0.000394527724680736
305,0.000698850443014463
306,0.0041732995766591
307,0.00892906040494269
308,0.012336465077144
309,0.0127683241439453
310,0.011103794301943
311,0.00945233610708649
312,0.00881736442763106
313,0.00845951124048161
314,0.0072457905183985
315,0.00498665105839741
316,0.00238369395019814
317,0.000167075901329006
318,-0.00146239265859145
319,-0.0027809125803882
320,-0.00412001140451168
321,-0.00538494438787817
322,-0.00602785744739336
323,-0.00583877796558577
324,-0.00580850912770038
325,-0.0076440840790823
326,-0.0119206256027685
327,-0.0169590201067263
328,-0.020124298330144
329,-0.0202904104913046
330,-0.0186074891653713
331,-0.0168448789408563
332,-0.0155581040437129
333,-0.0141409844705118
334,-0.0121078792411726
335,-0.00970280620200443
336,-0.00741573084247347
337,-0.00548938159711624
338,-0.00396192949538538
339,-0.00276180168532229
340,-0.00166836515164254
341,-0.000567760281958426
342,0.000170677034024493
343,9.29956708627625E-05
344,-0.000273238939619088
345,0.0007039290233613
346,0.00411338971449021
347,0.00884453321399697
348,0.0122627045595927
349,0.012763101921727
350,0.0112108078850125
351,0.00964083882646562
352,0.00899879159115498
353,0.00857521910637792
354,0.00732026406338239
355,0.00508704211888321
356,0.00254683389703218
357,0.000378632869961378
358,-0.00123132033079598
359,-0.00254459662741367
360,-0.00389385260562399
361,-0.00520452014262589
362,-0.00591470956030328
363,-0.00574255884710925
364,-0.00562475531393671
365,-0.00732607602596689
366,-0.0115519268231179
367,-0.0166655749875217
368,-0.0199215361451625
369,-0.0200809602964061
370,-0.018347910859269
371,-0.0166406480198067
372,-0.0155291596522289
373,-0.0142403597751266
374,-0.0121647313627846
375,-0.00963953871083661
376,-0.00733495198388441
377,-0.00552383808549053
378,-0.00412029998398972
379,-0.00296597860901555
380,-0.00186316850366231
381,-0.000713079835093441
382,0.000156343369503838
383,0.000261650397527527
384,-2.5840535425323E-05
385,0.000829862356216585
386,0.00405966649369319
387,0.00878989633048854
388,0.0124072570462226
389,0.0130704577554269
390,0.0114507689354771
391,0.00966908141692667
392,0.00890571688748947
393,0.00854480205051833
394,0.00741870680819402
395,0.00523412351501513
396,0.00263991986866518
397,0.000384471262340157
398,-0.00128490136382121
399,-0.00260922904693681
400,-0.00392708891254297
401,-0.00519636025452508
402,-0.00589852769591347
403,-0.0057523878508411
404,-0.00563411738317861
405,-0.00726118608545047
406,-0.0113837439411006
407,-0.0164614179499854
408,-0.0197750185171652
409,-0.0200062169251294
410,-0.0182814061564485
411,-0.0165496704299399
412,-0.015481036282618
413,-0.0143386631737025
414,-0.0124299916892561
415,-0.00997450863670583
416,-0.00760016393075159
417,-0.00563250462213855
418,-0.00407512649847693
419,-0.0028449463268922
420,-0.00178456271837986
421,-0.000781568090129244
422,-8.61792317145389E-05
423,-8.55893889781973E-05
424,-0.000376714992434219
425,0.000520083699203075
426,0.00377058933527742
427,0.00851274253409835
428,0.0121950272555388
429,0.0129835541449287
430,0.0114692138593767
431,0.00969603089924803
432,0.00886844228534078
433,0.00846844620048576
434,0.00738665133589237
435,0.00528997931701844
436,0.00274672805403882
437,0.000469407587506833
438,-0.00126741757221728
439,-0.00265841926610981
440,-0.00401592436630593
441,-0.0052907353499106
442,-0.00595995721627626
443,-0.00574033257205991
444,-0.00552659717404829
445,-0.00708449637512612
446,-0.0112162036770632
447,-0.0163885895776035
448,-0.0198253110191162
449,-0.020130131818267
450,-0.0183958042478153
451,-0.016595514738582
452,-0.015433222427344
453,-0.0141805453643726
454,-0.0121568080392592
455,-0.00963765016791882
456,-0.00732491535008016
457,-0.00554798935621976
458,-0.00419890961580775
459,-0.00303421497982085
460,-0.00182472726109852
461,-0.000554823629191514
462,0.000324761986931692
463,0.000294626154179357
464,-0.000184493828505866
465,0.000551596063495508
466,0.00378719213536323
467,0.00860676843616813
468,0.0123373794763027
469,0.0131244487377924
470,0.0116408620062406
471,0.00995946447876741
472,0.00919015434312053
473,0.00872842271262412
474,0.00752198491292233
475,0.0053668868157074
476,0.00285343214813368
477,0.000594305373975898
478,-0.00119226770360346
479,-0.00262749777104281
480,-0.0039467908609006
481,-0.00515643868248773
482,-0.00584603341245292
483,-0.00572615680065064
484,-0.00556074654072897
485,-0.00703856422591521
486,-0.0110430097386551
487,-0.0161703891153665
488,-0.0196673607974243
489,-0.0200628458435352
490,-0.0184001756839333
491,-0.016669239733262
492,-0.0155835819851046
493,-0.0143758318567975
494,-0.0123359937441147
495,-0.0097687153872345
496,-0.0074122265192632
497,-0.00558196512230076
498,-0.00415406297521254
499,-0.00294660728786305
500,-0.00181385700841287
501,-0.000694620646639771
502,0.000141730991795343
503,0.000274302788836805
504,7.16011265452568E-06
505,0.00074685099887532
506,0.00374609212263881
507,0.0083419596061932
508,0.0120748783316455
509,0.0129888309974765
510,0.0115069419003847
511,0.00968505715252988
512,0.00888857091911023
513,0.00866144136076069
514,0.00773984048734561
515,0.0056108389839112
516,0.00288698796038171
517,0.0005180482453204
518,-0.00107808583952679
519,-0.00223000188238702
520,-0.00351140324851155
521,-0.00496263629587903
522,-0.00588237381665496
523,-0.00574520617538121
524,-0.00539436268489218
525,-0.00675891274059783
526,-0.0108210939844726
527,-0.0160709396202456
528,-0.0196266888064093
529,-0.0200088782382967
530,-0.0183217315702764
531,-0.0165747128466181
532,-0.0154546055864982
533,-0.0141958028785613
534,-0.0121396029440741
535,-0.0096242924179359
536,-0.00735005895205834
537,-0.00556013698790184
538,-0.00410824040243597
539,-0.0028645741371573
540,-0.00175019077184569
541,-0.000715349691131498
542,1.70937653676516E-05
543,7.63259676839299E-05
544,-0.000222569079447381
545,0.000508598987918162
546,0.00351504825349393
547,0.00815779940130394
548,0.0120081066588144
549,0.0130976509841334
550,0.011770987166447
551,0.00998550542859958
552,0.00908110104031435
553,0.00869431564253572
554,0.00769775351875361
555,0.00562277427563424
556,0.00298231173557753
557,0.000585292053030263
558,-0.00118115830482455
559,-0.00252971160409489
560,-0.00389147454870993
561,-0.00527951490883767
562,-0.00609241084935183
563,-0.00590639778682292
564,-0.00555389635830925
565,-0.00687502616715379
566,-0.0108251260540829
567,-0.0159921294412786
568,-0.0196032171272377
569,-0.0201484636222708
570,-0.0185852712110481
571,-0.0168432123652219
572,-0.0156930992921463
573,-0.0144853829301216
574,-0.0125303303415776
575,-0.01002253384947
576,-0.00760960434980563
577,-0.0056567236809853
578,-0.00415789405844659
579,-0.0029688693255177
580,-0.00188147053690188
581,-0.000776362899507458
582,6.82737996028277E-05
583,0.000197401500836484
584,-9.53341774954648E-05
585,0.000601735132280271
586,0.00354972943167928
587,0.00811946356303311
588,0.0119093966813763
589,0.0129798076321802
590,0.0116736449798723
591,0.00992162302541757
592,0.00904405247270543
593,0.00867859616843383
594,0.00770763341873618
595,0.00566477406459105
596,0.00304734357255
597,0.000639375106090383
598,-0.00116768319725556
599,-0.0025273376908453
600,-0.00381276722431275
601,-0.00508242599056525
602,-0.005873215705545
603,-0.00582466711464468
604,-0.00563879102722263
605,-0.00696802104935912
606,-0.0107758662883146
607,-0.0158687465305499
608,-0.0196178091701975
609,-0.0203710677904228
610,-0.0188288262098815
611,-0.0168878244567414
612,-0.015558128420542
613,-0.0143927380544486
614,-0.0126216960466816
615,-0.0102075706200275
616,-0.00771617605070514
617,-0.00564684216174395
618,-0.00412679883250135
619,-0.00297093522691624
620,-0.00184632540350451
621,-0.000619450764301567
622,0.000306300862252192
623,0.000366109145063662
624,-0.000111986939634607
625,0.000423701024395138
626,0.00334707344883098
627,0.00803277768537231
628,0.0119919533385439
629,0.0131757268333814
630,0.0118634573693287
631,0.0100057227319695
632,0.00900953812379761
633,0.00859355003951353
634,0.00764467700381009
635,0.0056324301302952
636,0.00300341094858497
637,0.000557775619442754
638,-0.00127249104490825
639,-0.00264959416364828
640,-0.00399005626883712
641,-0.00533760482239227
642,-0.00613105115950023
643,-0.0059410915956746
644,-0.00554419667263851
645,-0.00675089429403086
646,-0.0105870797885132
647,-0.0157641484123368
648,-0.0195440030018729
649,-0.0202992071444372
650,-0.0188304200277495
651,-0.0170359292518177
652,-0.0158002409707484
653,-0.0145923434371378
654,-0.0127238646993499
655,-0.0103030478261322
656,-0.00791810070430271
657,-0.00594885874750242
658,-0.00442160294425837
659,-0.0031842394713704
660,-0.00200781979168662
661,-0.000805691082821741
662,6.20220414948774E-05
663,0.000100570619146395
664,-0.000323238872191708
665,0.00033745838701413
666,0.0034115803434765
667,0.00820591988559197
668,0.0121899412704204
669,0.0133408290865583
670,0.0120020721343928
671,0.0101466214281009
672,0.00914121504661184
673,0.00867249423151293
674,0.00766601677685367
675,0.00565581519474459
676,0.0030891617306253
677,0.000702334993529375
678,-0.00110886499215368
679,-0.00246961013246562
680,-0.00376396682850614
681,-0.00509079795124193
682,-0.00597624529266662
683,-0.00597293563411917
684,-0.0057122890391117
685,-0.00688581947584182
686,-0.0105677121850382
687,-0.0156288792931861
688,-0.0194224278012884
689,-0.0202686601429732
690,-0.0188745166134987
691,-0.0171187318916152
692,-0.0159257247869009
693,-0.0147803855887658
694,-0.0129704543197896
695,-0.0105923736095732
696,-0.00824896217090087
697,-0.00631949974613368
698,-0.00480261559244668
699,-0.00353625354404223
700,-0.00231691741369097
701,-0.00106988685093706
702,-0.000126566668152975
703,2.60377581013937E-05
704,-0.000321181031277026
705,0.000275936023256746
706,0.00314323614500854
707,0.0077075288124165
708,0.0115594145310743
709,0.01268887529049
710,0.0113802893351994
711,0.00958346289593662
712,0.00869065621193327
713,0.00837547843133235
714,0.00747296571161938
715,0.0054388471106377
716,0.00275484255266102
717,0.000269244310176217
718,-0.00156711285909544
719,-0.00294086256806445
720,-0.0043159054004405
721,-0.00576084136894525
722,-0.00667222260595607
723,-0.00652190334201374
724,-0.00601991990937876
725,-0.00703589508648348
726,-0.0107544549578349
727,-0.0159933763965033
728,-0.0199525880693319
729,-0.0208417432968061
730,-0.019378041406144
731,-0.0175340833250353
732,-0.0163220171629221
733,-0.0152470423746926
734,-0.0135429218975851
735,-0.0112143734730644
736,-0.00880597556669645
737,-0.00673940965172427
738,-0.0051426872065217
739,-0.0039472867453358
740,-0.00289170200451704
741,-0.00174286655520598
742,-0.00076590387240476
743,-0.000569337497390124
744,-0.00101821408177924
745,-0.000637553025812023
746,0.00210353245438555
747,0.00676605722847456
748,0.0108502524914051
749,0.0121656535900313
750,0.0109419437597375
751,0.00920264738449866
752,0.00838079364963617
753,0.00810756408849821
754,0.00720990431117116
755,0.00522268085895626
756,0.00267461735112624
757,0.000339859488293078
758,-0.00141885903548561
759,-0.00275642381968817
760,-0.00405744804880743
761,-0.00543127912874364
762,-0.00640526498026067
763,-0.0064578718663937
764,-0.00612033795473166
765,-0.00711743867383454
766,-0.0107126462146353
767,-0.0159004741635049
768,-0.0199019173242274
769,-0.0207874850842042
770,-0.0192093860890084
771,-0.0172478918714547
772,-0.0160120895938284
773,-0.0149302229207437
774,-0.0131075845940932
775,-0.0105823451786453
776,-0.008053400162123
777,-0.00598130843082585
778,-0.0043612729483141
779,-0.00304171935419758
780,-0.0018785396566507
781,-0.000782654965094636
782,5.39276881239291E-05
783,0.00023835931857879
784,-4.35766617090158E-05
785,0.00048391473603998
786,0.00318101096997931
787,0.00770768426405285
788,0.011782602961318
789,0.0132306456021012
790,0.0120709977439606
791,0.0101975588141007
792,0.00918037940694045
793,0.00885499811442854
794,0.00802443262260041
795,0.00599905183578592
796,0.00319080868363697
797,0.000535688921598779
798,-0.00134509851887477
799,-0.00254165913458223
800,-0.00361808589199068
801,-0.00489300311328414
802,-0.00592283838537212
803,-0.00604496237036717
804,-0.00565692174353548
805,-0.00649884058463471
806,-0.00997381204129954
807,-0.0151969547074344
808,-0.0193770080818406
809,-0.0204569651489664
810,-0.0189638820651456
811,-0.0169583046248259
812,-0.0156396919583218
813,-0.0145561651722389
814,-0.0128713995889042
815,-0.010585670712414
816,-0.00830292380975895
817,-0.00640241729564349
818,-0.00485011351306714
819,-0.00349948942913561
820,-0.00221934169544834
821,-0.000958966766448767
822,-3.65654033114179E-06
823,0.000149563026598696
824,-0.00032056823806655
825,-7.42339712952645E-06
826,0.00260985712157719
827,0.00723153504231474
828,0.0114777217493545
829,0.0130585501879637
830,0.0119616844326142
831,0.0101065613509078
832,0.00907936947337294
833,0.0087281532713308
834,0.00790561620291796
835,0.00597331210409499
836,0.00330735629446316
837,0.000722992558723356
838,-0.0012337021024364
839,-0.00258060270753878
840,-0.00373226400351711
841,-0.00494647478564841
842,-0.00586582329718165
843,-0.00594865991876561
844,-0.00561481825330358
845,-0.00652539463407816
846,-0.0100087971483076
847,-0.0151869265158813
848,-0.0193357430764739
849,-0.0204542636116139
850,-0.0190669410236044
851,-0.0171755521499562
852,-0.015907547405895
853,-0.0147793336395308
854,-0.0129841569084805
855,-0.010576848201794
856,-0.00818915898356465
857,-0.00620045286617553
858,-0.0045912672260548
859,-0.0032494124980816
860,-0.00204359141687005
861,-0.000859263588533556
862,8.46556967780313E-05
863,0.000284546059683169
864,-0.000137856170241168
865,0.000201533826407392
866,0.00284658995680959
867,0.00748926719902959
868,0.0116883474340375
869,0.013134072494102
870,0.0119029297176277
871,0.0100156428984351
872,0.00903235971356456
873,0.00868171929284185
874,0.0077833628201165
875,0.00581687266178463
876,0.00326670458490035
877,0.000879824091705116
878,-0.000977994738742019
879,-0.00240654134596682
880,-0.00372756051447447
881,-0.00506153321024037
882,-0.00600846569716036
883,-0.0060687519138027
884,-0.00570646574669044
885,-0.00660611213689047
886,-0.0101124829547013
887,-0.0153323539603084
888,-0.0194770717719946
889,-0.0205031035405777
890,-0.0190015624820204
891,-0.0170974189994216
892,-0.0159351047928781
893,-0.0148963088201986
894,-0.0130534939685801
895,-0.010516210873208
896,-0.00807334563252422
897,-0.00615614379574055
898,-0.0046455884068705
899,-0.00334195504710918
900,-0.00214631481191341
901,-0.000991976572754267
902,-4.18167509291395E-05
903,0.000266214140020437
904,-4.2572715191E-05
905,0.000221972010987175
906,0.00258379481513275
907,0.00697761505586839
908,0.011196532916413
909,0.0128678653908355
910,0.0117984889056219
911,0.00987793065335396
912,0.00880325490925165
913,0.00848084531535608
914,0.0077196957979322
915,0.00586713097974821
916,0.00335479942946575
917,0.000980354863005988
918,-0.00086757009696428
919,-0.00233240500661725
920,-0.00374559397130227
921,-0.00516368786401803
922,-0.00613905536209805
923,-0.00619408553887095
924,-0.00581209831839887
925,-0.0066457902513999
926,-0.0100426446115963
927,-0.0152123309654219
928,-0.0194556112586357
929,-0.0206539913480282
930,-0.0192218980707911
931,-0.0172271609615126
932,-0.0159480801316036
933,-0.0149127256960113
934,-0.0131800043251585
935,-0.0107410680346776
936,-0.00832327821928233
937,-0.00638511609640126
938,-0.00483357923481412
939,-0.0034659445638005
940,-0.00221507462633246
941,-0.00108600767933581
942,-0.000254928694715525
943,-6.56984453040989E-05
944,-0.000390376474227858
945,-4.5077653808956E-05
946,0.00241064600442252
947,0.00687638652411488
948,0.0111847148698657
949,0.01296897404957
950,0.0119496810867314
951,0.00994577264562333
952,0.00873444516395171
953,0.00839250183768377
954,0.00777064141037966
955,0.00603847438116392
956,0.00342879479386242
957,0.000783576380016705
958,-0.0012383767528327
959,-0.0025921249184391
960,-0.00372752237538375
961,-0.00498282191684905
962,-0.00602346054747536
963,-0.00620602462690085
964,-0.00579348985271196
965,-0.00641990427896086
966,-0.00960426024517291
967,-0.0147036269778333
968,-0.019006047909159
969,-0.0202861451217713
970,-0.0188929401008316
971,-0.0169129933256636
972,-0.0156667218251832
973,-0.0146800340037796
974,-0.0129616218800779
975,-0.0104598390633053
976,-0.00792437793413188
977,-0.00589694678049652
978,-0.00435191189531968
979,-0.00306345772979017
980,-0.00187078765820612
981,-0.000716890270706928
982,0.000183773371355424
983,0.000393758672369165
984,-5.19057251528526E-06
985,0.000217495599431302
986,0.00259053124419012
987,0.00706301966561879
988,0.011449806980421
989,0.0133355643218108
990,0.0124074762072225
991,0.0104689094079244
992,0.0092706260763021
993,0.00885937162658938
994,0.00811050144469605
995,0.00629859412152942
996,0.00375343985367914
997,0.00128050755015059
998,-0.000622429735552614
999,-0.00202353431296453
1000,-0.0033059987780316
1001,-0.00464777371579214
1002,-0.00565591162135527
1003,-0.00577597353304223
1004,-0.00536032730958231
1005,-0.00602178931024499
1006,-0.00922635963560182
1007,-0.0143656130690788
1008,-0.0188033293995862
1009,-0.0202867507281205
1010,-0.0190313452936348
1011,-0.0170505266862265
1012,-0.0157495694827511
1013,-0.0147799276127765
1014,-0.0131526380968701
1015,-0.0107135733420268
1016,-0.0081588537567463
1017,-0.00608088873103646
1018,-0.00450821722266689
1019,-0.00319680544456465
1020,-0.0019560296597084
1021,-0.000759254506547446
1022,0.000142030450424791
1023,0.000348658079509038
1024,2.39364608962977E-06
1025,0.000292179638502356
1026,0.00263236153956998
1027,0.00696826186525764
1028,0.0112812116746032
1029,0.0132855704600952
1030,0.0125566372429849
1031,0.0106662228880067
1032,0.00933287010855364
1033,0.00883334006446337
1034,0.00822120341834776
1035,0.0066336514541183
1036,0.0041199359458509
1037,0.0014407918759147
1038,-0.000659246078691746
1039,-0.0020501988089588
1040,-0.00321147874084338
1041,-0.00453036814748574
1042,-0.00562007829023189
1043,-0.00573983000998858
1044,-0.00515418878965526
1045,-0.00561054394715308
1046,-0.00872480149317941
1047,-0.0138533154007986
1048,-0.0182369782580667
1049,-0.0196214740750871
1050,-0.0183255113428343
1051,-0.016374962949003
1052,-0.0150575421730979
1053,-0.0139685665056049
1054,-0.0122396407966123
1055,-0.00985466421505081
1056,-0.00746098178294869
1057,-0.00547584283829953
1058,-0.0038619640840741
1059,-0.00248314337455179
1060,-0.00124467329116079
1061,-6.49609386123429E-05
1062,0.000894910695165781
1063,0.00118978336955333
1064,0.00083520537719255
1065,0.00101874132736912
1066,0.00330360646997989
1067,0.00771710385293005
1068,0.0121166306867382
1069,0.0140533837162646
1070,0.013143289999289
1071,0.0111589901341999
1072,0.00989745927079619
1073,0.00948033282578035
1074,0.00880337314938439
1075,0.00708148798344454
1076,0.00456624320410092
1077,0.00204285021736739
1078,5.65767165819785E-05
1079,-0.00140079957952192
1080,-0.00269344174066189
1081,-0.00402709294811257
1082,-0.00505356001874488
1083,-0.00524318617734121
1084,-0.00492893486804364
1085,-0.00566897734785473
1086,-0.00888853624318275
1087,-0.014003373337642
1088,-0.018454385904767
1089,-0.0200343046204289
1090,-0.0189035297521974
1091,-0.0169591693471343
1092,-0.0155536017995138
1093,-0.0144217604350997
1094,-0.0127191461344187
1095,-0.010341352996935
1096,-0.00788235024630395
1097,-0.00580339325503316
1098,-0.0041398117385611
1099,-0.00278804624522083
1100,-0.00164098654081387
1101,-0.000565397685372891
1102,0.000358136768137387
1103,0.000726897867215837
1104,0.000486894245691298
1105,0.000693551890099241
1106,0.00287277467284914
1107,0.0071694866527229
1108,0.0115707687671352
1109,0.0136044949022697
1110,0.0127500646912913
1111,0.010719769974892
1112,0.00940533357984186
1113,0.00904690072536528
1114,0.00852185800879044
1115,0.00690293787988788
1116,0.00433762963536754
1117,0.0016620896384319
1118,-0.000426640003845349
1119,-0.00184893779072336
1120,-0.00304192347239185
1121,-0.00435870015284851
1122,-0.00548340263566114
1123,-0.0057373853366792
1124,-0.00529162341867401
1125,-0.00574415168586207
1126,-0.00873967413446459
1127,-0.0138392003851094
1128,-0.0183930669436723
1129,-0.0200123372233156
1130,-0.0188314483395083
1131,-0.0168849338548272
1132,-0.0156007737972746
1133,-0.0146035062935956
1134,-0.0129044929932362
1135,-0.0104276621414746
1136,-0.00793717267859517
1137,-0.00598514887253474
1138,-0.00449833360799078
1139,-0.00318897414504864
1140,-0.00189405068583326
1141,-0.00060571381922404
1142,0.000422771674886337
1143,0.000729836384426607
1144,0.0003488948816694
1145,0.000465185697043998
1146,0.00265956784772596
1147,0.00703913533686804
1148,0.0115331044246179
1149,0.0136513163645975
1150,0.0128801594457446
1151,0.0109183313278213
1152,0.00961982091181324
1153,0.00920147205581813
1154,0.00856103627570394
1155,0.00682707347085013
1156,0.00420531296963404
1157,0.00155120481396838
1158,-0.000479179963936912
1159,-0.00187232992469946
1160,-0.00308225827830403
1161,-0.0044112689436534
1162,-0.00550549999373738
1163,-0.00572859673489568
1164,-0.00530303766762834
1165,-0.00576992601052379
1166,-0.00865539857101271
1167,-0.0135344734393879
1168,-0.0179536338250222
1169,-0.0196681668352867
1170,-0.0186833383727953
1171,-0.0167681147646992
1172,-0.0153004695047078
1173,-0.014150938007317
1174,-0.0125441722306703
1175,-0.0102868269249271
1176,-0.00783944972827977
1177,-0.00565348624662626
1178,-0.00387781307478745
1179,-0.00249381481309208
1180,-0.00136458650266543
1181,-0.000287851879335346
1182,0.000666967812774109
1183,0.00106394522879445
1184,0.000829783671040911
1185,0.00101079624627311
1186,0.00311730793901439
1187,0.00732508044700436
1188,0.0117364131739676
1189,0.0139678339875646
1190,0.0134026113836954
1191,0.0115153199581573
1192,0.010070821009727
1193,0.00944363806629122
1194,0.00874987358723737
1195,0.00714310722876896
1196,0.00465463161764616
1197,0.00199661934778236
1198,-0.000122761668169726
1199,-0.00153482638521678
1200,-0.00264297085294145
1201,-0.00386364488979989
1202,-0.00497664756171949
1203,-0.00533816151317179
1204,-0.00504007474325394
1205,-0.00553676165048271
1206,-0.00841805840290897
1207,-0.0133819813476382
1208,-0.0179834299840946
1209,-0.0198465145339185
1210,-0.0188702961658365
1211,-0.0168782213731854
1212,-0.0153836222223692
1213,-0.0142924605191387
1214,-0.0127388505650453
1215,-0.0104675335011838
1216,-0.00800397522196098
1217,-0.005891976998968
1218,-0.00425875885950771
1219,-0.00297078860724074
1220,-0.00182247970661742
1221,-0.000654630580842258
1222,0.000371763082168979
1223,0.00076053088533502
1224,0.000437744546749669
1225,0.000510289314050323
1226,0.00258080681188255
1227,0.00686293454070891
1228,0.0113801408237813
1229,0.01363792586101
1230,0.0130348331204623
1231,0.0111804576645451
1232,0.00988921668108736
1233,0.00938793821768114
1234,0.00863197480170292
1235,0.006841118252278
1236,0.00426968428817341
1237,0.00170222722227243
1238,-0.000338735479577084
1239,-0.00187109851180271
1240,-0.00322296436990275
1241,-0.00456682832207705
1242,-0.00557376097795833
1243,-0.00573145376861242
1244,-0.00531510505207229
1245,-0.0058197273456992
1246,-0.00875406751240911
1247,-0.0137501783220766
1248,-0.0183682356710583
1249,-0.0202592320040073
1250,-0.0193194205110799
1251,-0.0173412937872408
1252,-0.015814180914575
1253,-0.0146637785228862
1254,-0.0130860664903831
1255,-0.0108648711697015
1256,-0.00847248189720434
1257,-0.00634440690110049
1258,-0.00458025501628774
1259,-0.00315819196663562
1260,-0.00199377609904832
1261,-0.000896283096570419
1262,0.000115646349569461
1263,0.000593655359025651
1264,0.000337170676099992
1265,0.000327886600180336
1266,0.00223919386635847
1267,0.00648131930117179
1268,0.0111447902018652
1269,0.0135754303069511
1270,0.0129837900277329
1271,0.0109982846153955
1272,0.00962837111963371
1273,0.00922298284445864
1274,0.00864047365295613
1275,0.00691349356957223
1276,0.0042472148226415
1277,0.00156283247881439
1278,-0.000466714542215296
1279,-0.00186686563980546
1280,-0.00311086354941274
1281,-0.00448366467045974
1282,-0.00561626196398055
1283,-0.00585551252437691
1284,-0.00538878332798028
1285,-0.00576485626325533
1286,-0.00861897126028293
1287,-0.0136353175637638
1288,-0.0182983074961889
1289,-0.0201656952247822
1290,-0.0191614983761169
1291,-0.0172026185596171
1292,-0.0158235107374622
1293,-0.0148227727253385
1294,-0.0132359625485488
1295,-0.0108544967814888
1296,-0.00831584144291435
1297,-0.00616536762928463
1298,-0.00443530781198051
1299,-0.00298617793872569
1300,-0.00173971939222345
1301,-0.000605516241724037
1302,0.000366178958742664
1303,0.000801204319484496
1304,0.000549566999160124
1305,0.000540030615981416
1306,0.00237595885901084
1307,0.0064855554904291
1308,0.0110349290044474
1309,0.0134087283860694
1310,0.0128049318732811
1311,0.0108339481814652
1312,0.00948900578564034
1313,0.00909139502590889
1314,0.00849830192467865
1315,0.00679965422929094
1316,0.00424010192701738
1317,0.0016612885508937
1318,-0.000398137595508141
1319,-0.00196300845530653
1320,-0.00333410588938586
1321,-0.00466442726293238
1322,-0.00566830006591244
1323,-0.00586557323019678
1324,-0.00545714521347838
1325,-0.00584158875522575
1326,-0.00858514400000296
1327,-0.0135058416527538
1328,-0.0182397969840076
1329,-0.0202973821383878
1330,-0.0194191182908945
1331,-0.0174350973202266
1332,-0.0159599247484438
1333,-0.0148867321706482
1334,-0.0132412014211908
1335,-0.0107737806567713
1336,-0.0081608624374887
1337,-0.00602948611972265
1338,-0.00441900932862828
1339,-0.00311183995982796
1340,-0.00197021729992002
1341,-0.000913976162009777
1342,-9.15898120088486E-07
1343,0.000450806736387537
1344,0.000339631998444112
1345,0.0005241668136607
1346,0.0024551842502621
1347,0.00650534971962503
1348,0.010976527165381
1349,0.0134319589898037
1350,0.0130586940007161
1351,0.0112560711040065
1352,0.00985813057231977
1353,0.0092763600773778
1354,0.00858527535217988
1355,0.00693852058547751
1356,0.00443440787865775
1357,0.00179435383738693
1358,-0.000357693356691854
1359,-0.00189146597182606
1360,-0.00312729350570361
1361,-0.00440021614820907
1362,-0.00552064172559602
1363,-0.00589134113023996
1364,-0.00553946509538544
1365,-0.00582972505336933
1366,-0.0084187171919873
1367,-0.0132026659439925
1368,-0.01784749330053
1369,-0.0198984163167002
1370,-0.0191161612588881
1371,-0.0172606905736513
1372,-0.0158295161466096
1373,-0.0147093355228839
1374,-0.013065418419282
1375,-0.0107492594756528
1376,-0.00833932465024058
1377,-0.00627178952355683
1378,-0.00454354213162506
1379,-0.0030909071289727
1380,-0.00192363553814318
1381,-0.000936879430036834
1382,-7.07433260837011E-05
1383,0.000388690553545991
1384,0.000263221994309525
1385,0.000363033560470228
1386,0.00219947125067802
1387,0.00623231034908025
1388,0.0107642513042855
1389,0.0132844627253218
1390,0.0129317289503595
1391,0.011125053754158
1392,0.00973218685825396
1393,0.00916378654221743
1394,0.00848298412420194
1395,0.00685630572213448
1396,0.00439658822709856
1397,0.00180274877484412
1398,-0.00033576330260149
1399,-0.00188269148515134
1400,-0.00312793497434338
1401,-0.00441657807573955
1402,-0.00559570705411311
1403,-0.00603527265987405
1404,-0.00565544816576241
1405,-0.00579621660843707
1406,-0.00827331049797524
1407,-0.0131620610579774
1408,-0.0180718741191434
1409,-0.0202834774487489
1410,-0.0194112974954407
1411,-0.017375338521196
1412,-0.0159162763618759
1413,-0.0149220465601293
1414,-0.0133496877676387
1415,-0.0109546256192834
1416,-0.00845930900037092
1417,-0.00644902119078353
1418,-0.00485086344053932
1419,-0.00342476456808083
1420,-0.00215000054024872
1421,-0.00105471892408684
1422,-0.000173163650676074
1423,0.000253726811039286
1424,0.000124855272030056
1425,0.000258490803275393
1426,0.00214794297223761
1427,0.00626262737658025
1428,0.0108904842953486
1429,0.0134422720750647
1430,0.0130088947154221
1431,0.0110957271733248
1432,0.00971301223546197
1433,0.00928377375962476
1434,0.00871631221801022
1435,0.00703110238214826
1436,0.00437045531128363
1437,0.00159962250923823
1438,-0.00056127217616146
1439,-0.00198089984575809
1440,-0.00304490742359787
1441,-0.00419122691538141
1442,-0.00531365054813706
1443,-0.00578772366058089
1444,-0.00550624666679796
1445,-0.00575417266176306
1446,-0.00829287235884748
1447,-0.0131877952604699
1448,-0.0180898125373186
1449,-0.0203170724800125
1450,-0.0194638982016941
1451,-0.0174058230633869
1452,-0.015900261627081
1453,-0.0149158646525966
1454,-0.0134366444884252
1455,-0.0111165275137439
1456,-0.00856162905579642
1457,-0.00639845516636618
1458,-0.00472336389239516
1459,-0.00336443989592337
1460,-0.00215581323742692
1461,-0.000957702598604537
1462,0.000139802788904483
1463,0.000660260494174062
1464,0.000370483375705131
1465,0.000207606721193539
1466,0.00188181139407458
1467,0.00596249580193951
1468,0.0106967653190834
1469,0.013414436464089
1470,0.0131254490201743
1471,0.0112431482504897
1472,0.00973648831393563
1473,0.00912465580758601
1474,0.00849405013568145
1475,0.00694287689337424
1476,0.00450625215889189
1477,0.00187947769802911
1478,-0.000285733176548922
1479,-0.00181067931813537
1480,-0.00301606866997632
1481,-0.00430736068253007
1482,-0.00554553298637599
1483,-0.00605797230981875
1484,-0.00571834497033259
1485,-0.00585259497824889
1486,-0.00829214448794892
1487,-0.0131548175393723
1488,-0.0181158137461869
1489,-0.020492864654315
1490,-0.0198373364095969
1491,-0.0179294119300092
1492,-0.01642961789465
1493,-0.0152978241585678
1494,-0.0136292605987937
1495,-0.0112206290793619
1496,-0.00871310249673219
1497,-0.00662082346378911
1498,-0.004906471948515
1499,-0.0034075807545056
1500,-0.00210779069602762
1501,-0.000968094428049427
1502,8.87365527154808E-06
1503,0.000512282031734906
1504,0.000323186410509285
1505,0.000207368707429302
1506,0.00174065008053411
1507,0.00557747156528584
1508,0.0101644583130503
1509,0.0129071815488595
1510,0.0127195657831185
1511,0.0109205219551674
1512,0.00950326046811759
1513,0.00904029167038825
1514,0.00857577336358523
1515,0.00710901333797699
1516,0.0046483796775399
1517,0.00195390514552421
1518,-0.000265904532078948
1519,-0.00183807174645653
1520,-0.0030997398157915
1521,-0.00443406276110746
1522,-0.00567275521732062
1523,-0.00615044429382476
1524,-0.00576240989028135
1525,-0.00582986648865505
1526,-0.00817305686040743
1527,-0.012944020055767
1528,-0.0178864162760874
1529,-0.0203380111451414
1530,-0.0197731337660556
1531,-0.0178632778955633
1532,-0.0162503910765043
1533,-0.0150036035034623
1534,-0.0133457794450706
1535,-0.0110753941794221
1536,-0.00870659081682862
1537,-0.0066559753738777
1538,-0.00494157867028903
1539,-0.00352137211155204
1540,-0.00237375125264767
1541,-0.00130864974627725
1542,-0.000232711060981473
1543,0.000442146220623407
1544,0.00033140537678714
1545,0.000192873418679227
1546,0.00173942717356253
1547,0.0056868933737689
1548,0.0103803259025306
1549,0.0131330052438866
1550,0.0129216257307115
1551,0.0111646197165248
1552,0.00980762505378885
1553,0.00929344351772474
1554,0.0086758473506346
1555,0.00711254442804724
1556,0.00467423485084553
1557,0.00197467546950138
1558,-0.000406580049815419
1559,-0.00217542015673489
1560,-0.00343981601293319
1561,-0.00458356322877306
1562,-0.0056954246017894
1563,-0.00627172162647841
1564,-0.00604326901896938
1565,-0.00606941042510707
1566,-0.00817547877585121
1567,-0.0127711422369953
1568,-0.0177566512748687
1569,-0.0203431646774828
1570,-0.0198133068619881
1571,-0.0178478770213817
1572,-0.016237466163906
1573,-0.0150884164284419
1574,-0.0135016003163307
1575,-0.0111897106976495
1576,-0.00872953230575964
1577,-0.00662014981193206
1578,-0.00485094568479956
1579,-0.00332746416960245
1580,-0.00209414176517519
1581,-0.00107463791338336
1582,-0.000139506952152873
1583,0.00047666730462651
1584,0.000456327204112869
1585,0.000389459325819792
1586,0.0018176098422714
1587,0.00556331104338047
1588,0.0102558233602557
1589,0.0132789629321479
1590,0.0133223021219068
1591,0.0114903630337259
1592,0.00976982696201361
1593,0.00893363267578198
1594,0.00825477296622898
1595,0.00680490714167205
1596,0.00447492227851282
1597,0.00185342800291752
1598,-0.000408442513101569
1599,-0.0020457080579662
1600,-0.00328072121698283
1601,-0.00449991524413254
1602,-0.00564786062223573
1603,-0.00613519825698832
1604,-0.00579748043524269
1605,-0.00584086182063286
1606,-0.00807589693137584
1607,-0.012773664262178
1608,-0.017769948614671
1609,-0.020341925999423
1610,-0.0198370347609066
1611,-0.0179155402664675
1612,-0.0163328882262307
1613,-0.0152115694171178
1614,-0.0136655239852113
1615,-0.011369797624201
1616,-0.00888360789655401
1617,-0.00677121769149756
1618,-0.00508068484886244
1619,-0.00364970269135246
1620,-0.00239460575819971
1621,-0.00123975540807182
1622,-0.000214275958794386
1623,0.000330652558922617
1624,0.000159553784543402
1625,3.43498726321661E-05
1626,0.0015367814256999
1627,0.00536299503525794
1628,0.0100292211324004
1629,0.0129620150990261
1630,0.0129828264408941
1631,0.0112563457469673
1632,0.00970570821763124
1633,0.0090082555427949
1634,0.00840685422959287
1635,0.00700356111355104
1636,0.00470950565451958
1637,0.00209279217770286
1638,-0.000213962444802328
1639,-0.00191953574795807
1640,-0.0032037991527826
1641,-0.00445680037210861
1642,-0.00566688698819224
1643,-0.00624633395709203
1644,-0.00595413728422784
1645,-0.00593329495229679
1646,-0.00805766207880253
1647,-0.0127491211730805
1648,-0.0179038679168327
1649,-0.0206754665887335
1650,-0.0202352473527174
1651,-0.0182206561197065
1652,-0.0165379226656946
1653,-0.015440410945062
1654,-0.0139953360126564
1655,-0.0117272058871767
1656,-0.00914059281349418
1657,-0.00690424982534361
1658,-0.00518351619472211
1659,-0.00379315939861422
1660,-0.00252451448612666
1661,-0.00124353941571336
1662,-6.28625151978782E-05
1663,0.000542528518842551
1664,0.000305987339902974
1665,5.91469836532869E-05
1666,0.00146627732273941
1667,0.00526290556637787
1668,0.00997311309885654
1669,0.0130107317154503
1670,0.0131556757185201
1671,0.0115211803738194
1672,0.0100151264008255
1673,0.00933135550983563
1674,0.00870130912282652
1675,0.00718404950918002
1676,0.00471316424884539
1677,0.00199509097702853
1678,-0.000213297033096862
1679,-0.00168917961036504
1680,-0.00283853405077854
1681,-0.00418239369565639
1682,-0.00558709887899936
1683,-0.00623843385397887
1684,-0.00582759951525276
1685,-0.00563175715365319
1686,-0.00766382550508621
1687,-0.0123420707619853
1688,-0.0174918365107109
1689,-0.0202664847183891
1690,-0.0198950914837421
1691,-0.0180122536941499
1692,-0.0164320338266961
1693,-0.0153308927191171
1694,-0.0137955487390757
1695,-0.0114216303520791
1696,-0.00874978676965154
1697,-0.00644312179985476
1698,-0.00467972629662865
1699,-0.00332658704381769
1700,-0.00220925916136193
1701,-0.00114287845962136
1702,-0.000114514277986694
1703,0.000501915531633386
1704,0.000411521445723856
1705,0.000287621960003197
1706,0.00164326283388171
1707,0.00522904374181901
1708,0.00975487935313859
1709,0.0128085282607882
1710,0.0131469532882981
1711,0.0116881317360845
1712,0.0101822181520164
1713,0.00936414131850925
1714,0.00864597724394993
1715,0.00720867452221359
1716,0.00492924179114191
1717,0.00234587124277308
1718,0.000105235314791137
1719,-0.00151731899093699
1720,-0.00276853710680044
1721,-0.00406956899930371
1722,-0.00535668128652992
1723,-0.00598312201897758
1724,-0.00571522657608223
1725,-0.00572225921786576
1726,-0.00785001437996954
1727,-0.0124790425589779
1728,-0.0175434285164369
1729,-0.020288613772613
1730,-0.0199033782935392
1731,-0.0179321569182985
1732,-0.0162034404893781
1733,-0.0150251215444977
1734,-0.0135919851316454
1735,-0.0114661070858645
1736,-0.00904020497516058
1737,-0.00683655494048661
1738,-0.00499811399578573
1739,-0.00347404525578394
1740,-0.00221362061447274
1741,-0.00109260198121644
1742,-6.1924348814041E-05
1743,0.000559978818151452
1744,0.000468814238507662
1745,0.000304501782256706
1746,0.00162633607963989
1747,0.00528228389752865
1748,0.00996139588996932
1749,0.0130615761803511
1750,0.0132008144496548
1751,0.0114357553683411
1752,0.0098168917344901
1753,0.00918258797663337
1754,0.00872310636458613
1755,0.00735450910661459
1756,0.00495699830307882
1757,0.00228082802376006
1758,9.44357585400975E-05
1759,-0.00141184125667418
1760,-0.00261536147080051
1761,-0.00395955742780763
1762,-0.00532736188935284
1763,-0.0060249219285332
1764,-0.00577595075706178
1765,-0.0057098960825411
1766,-0.00770299244082384
1767,-0.0122473033161325
1768,-0.0173448921380626
1769,-0.0201783271604879
1770,-0.0198512145220719
1771,-0.0179387041811475
1772,-0.0163396279753228
1773,-0.0152927951338809
1774,-0.0138234473376084
1775,-0.0114684981326539
1776,-0.00881565881125838
1777,-0.00656243254224364
1778,-0.00479881768331167
1779,-0.00331949303623611
1780,-0.00206244328431098
1781,-0.00101496594460501
1782,-0.000137410836597609
1783,0.000387867889090349
1784,0.000326590054425808
1785,0.000202266913408368
1786,0.00144304918018409
1787,0.00495371627973929
1788,0.00960171711955612
1789,0.0128584926043217
1790,0.013235845628185
1791,0.0116369322531767
1792,0.010042684986872
1793,0.00931912438380149
1794,0.00873929598843125
1795,0.00730708674521539
1796,0.0049216868933106
1797,0.00224445846864191
1798,-5.38521064873404E-05
1799,-0.00173409348590154
1800,-0.00299465436133691
1801,-0.00418814594694598
1802,-0.00533324999063158
1803,-0.00594442903344103
1804,-0.00576760835606939
1805,-0.00575413563775576
1806,-0.00765259617850538
1807,-0.0120575497997619
1808,-0.0171783841097486
1809,-0.0202450015951383
1810,-0.0201745285709395
1811,-0.0183208041954308
1812,-0.0165607198150335
1813,-0.0153205370636432
1814,-0.0138122705722476
1815,-0.011571555216383
1816,-0.00903627736623018
1817,-0.00680291218721093
1818,-0.0050091072479831
1819,-0.00353323731577034
1820,-0.00228647834476194
1821,-0.00116166208915024
1822,-0.000128751784215762
1823,0.000483463548876789
1824,0.000336739043603944
1825,3.9623356771917E-05
1826,0.00119653063811113
1827,0.00477362650065726
1828,0.0095454072532745
1829,0.0128805222142659
1830,0.0132783416703277
1831,0.0116671376110904
1832,0.0100269353890307
1833,0.00923409615973923
1834,0.00862208557196814
1835,0.00723921416310603
1836,0.0049401385233477
1837,0.00231068219346805
1838,2.15361507682173E-05
1839,-0.00163714847724161
1840,-0.00288549429148935
1841,-0.00417021138593677
1842,-0.00551061919021945
1843,-0.00624899293731796
1844,-0.00596825229289425
1845,-0.00569550630354569
1846,-0.00743986685247724
1847,-0.0119363454643012
1848,-0.0172487446364228
1849,-0.0203692035450054
1850,-0.0201847206573321
1851,-0.0182438503862578
1852,-0.0165735110432133
1853,-0.0155162086869038
1854,-0.0140937967014077
1855,-0.0117962624034632
1856,-0.00919777050981135
1857,-0.00701255443902615
1858,-0.00532847906249677
1859,-0.00389825865978941
1860,-0.0026100381045555
1861,-0.00144878169640425
1862,-0.000443323077620238
1863,0.000131327945211748
1864,5.11891980030944E-06
1865,-0.000244830389143685
1866,0.000900516036729063
1867,0.00440280433830383
1868,0.00913160415112238
1869,0.0125205069279069
1870,0.0130107684832639
1871,0.0114264239802942
1872,0.00973548550081418
1873,0.00890647891576786
1874,0.00834597785663413
1875,0.00706649363329937
1876,0.00482881699494746
1877,0.00217752852916071
1878,-0.000169311612823747
1879,-0.00184496599440033
1880,-0.00303341633190983
1881,-0.00420719668339583
1882,-0.00545384864079017
1883,-0.00618201780335128
1884,-0.00597946063886257
1885,-0.00579125780140727
1886,-0.00752601653239993
1887,-0.0119203650842171
1888,-0.0171639208180113
1889,-0.0203562837869437
1890,-0.020325346992993
1891,-0.018450051029284
1892,-0.0166939536079204
1893,-0.015534405424095
1894,-0.0141492786974426
1895,-0.0119842321036088
1896,-0.00941091827246784
1897,-0.00704499648590704
1898,-0.00511572577883487
1899,-0.0035896619609059
1900,-0.00239220179012614
1901,-0.00134806669896638
1902,-0.000330945755410994
1903,0.000373725611124224
1904,0.000366063773796609
1905,0.000126105919655965
1906,0.00118882233195698
1907,0.00460398876279333
1908,0.00931416534280757
1909,0.0127574624678975
1910,0.0133211095165273
1911,0.0117692617882776
1912,0.0100501516641023
1913,0.00915644213807947
1914,0.00853728628759965
1915,0.00724085926681573
1916,0.00503614895980906
1917,0.00243109986073887
1918,8.07031072135993E-05
1919,-0.0016692877380934
1920,-0.00293978185792537
1921,-0.00412054923218082
1922,-0.00530483462730373
1923,-0.00599402505109845
1924,-0.00583337861956244
1925,-0.00572069267783302
1926,-0.00749651519244774
1927,-0.0119100770133275
1928,-0.0172033323068443
1929,-0.0204610677039337
1930,-0.0204417212253356
1931,-0.0185170358614017
1932,-0.0167327273305588
1933,-0.0156247529510723
1934,-0.014328002119867
1935,-0.0122150594244802
1936,-0.0096514518563345
1937,-0.0072925364636976
1938,-0.00537378014426044
1939,-0.00383384222955427
1940,-0.00259639836129842
1941,-0.00151588506473079
1942,-0.00047633382133402
1943,0.000254873416579218
1944,0.000280482676947747
1945,5.89467944835606E-05
1946,0.00112096581616401
1947,0.00454028058592893
1948,0.0092711362383344
1949,0.0127360873828162
1950,0.0133187331895375
1951,0.0118073222847107
1952,0.0101563744910371
1953,0.00931874318969668
1954,0.00870280054842513
1955,0.00736686774619536
1956,0.00512288343251743
1957,0.00250701103933687
1958,0.000177816242643076
1959,-0.00153213871296867
1960,-0.00278706001679056
1961,-0.00403748330544312
1962,-0.00537595766672283
1963,-0.00619501764029472
1964,-0.0060208847261914
1965,-0.00577056446521858
1966,-0.0074286912325192
1967,-0.0118337547084811
1968,-0.0171616750493417
1969,-0.0203953607952836
1970,-0.020314966659431
1971,-0.0183988921844371
1972,-0.0167094097486579
1973,-0.0156624657356888
1974,-0.0142944850225851
1975,-0.0120403153014778
1976,-0.00941603930222991
1977,-0.00713254465583639
1978,-0.00533293453259597
1979,-0.00384496815818336
1980,-0.0025891680404458
1981,-0.00149397042710951
1982,-0.000478404627629136
1983,0.00022130836794402
1984,0.000223244631005459
1985,-5.31776268022459E-05
1986,0.000917056024573812
1987,0.00430854761798636
1988,0.00918096582412768
1989,0.0128898534262833
1990,0.0135960694714338
1991,0.0119584368395978
1992,0.0100675335007631
1993,0.00912646984234779
1994,0.0086161316115735
1995,0.00743432812502977
1996,0.00522821643147648
1997,0.00254622637882929
1998,0.000158493855053909
1999,-0.00155640684692724
2000,-0.00279571850899037
2001,-0.00403164908414964
2002,-0.00535321458397063
2003,-0.00616938385324947
2004,-0.00601202970901087
2005,-0.00573296018635523
2006,-0.00725508243846795
2007,-0.0115052076283786
2008,-0.0168541502328191
2009,-0.0203353208130015
2010,-0.0205180092243755
2011,-0.0186374968028451
2012,-0.0167711603193157
2013,-0.0155643810067712
2014,-0.0141947856401906
2015,-0.012017560516788
2016,-0.00942880807551907
2017,-0.00715505768642409
2018,-0.00540882242001242
2019,-0.00398328672655161
2020,-0.00270492310513756
2021,-0.00151234810138572
2022,-0.000438412430494001
2023,0.000232819595822853
2024,0.000200287278295231
2025,-5.21456804194614E-05
2026,0.000935571949211968
2027,0.00425004427206248
2028,0.00899813314388818
2029,0.0126723455573578
2030,0.0134746395020531
2031,0.0119585983962857
2032,0.0101150563124307
2033,0.00917367761323473
2034,0.00869417381791776
2035,0.00757312602358032
2036,0.00538693893985643
2037,0.00266332355339931
2038,0.000237929311758387
2039,-0.0014512599513404
2040,-0.00262574219175344
2041,-0.00382732926972625
2042,-0.00517701532722978
2043,-0.0060551509143332
2044,-0.00593832593444565
2045,-0.00563284413610212
2046,-0.00705441845276605
2047,-0.0111829901381993
2048,-0.0164755314758288
2049,-0.0199979539873515
2050,-0.0202538031246061
2051,-0.0183982345781712
2052,-0.0165351076895817
2053,-0.0154160505776458
2054,-0.0142341938597743
2055,-0.0121935639120285
2056,-0.00953916268225824
2057,-0.00706066760984871
2058,-0.00520487907453388
2059,-0.00388962120003737
2060,-0.00279571498808155
2061,-0.00162991758127932
2062,-0.000405130216537252
2063,0.000383378088418606
2064,0.000276794387419619
2065,-0.000139491507785996
2066,0.000805844994905829
2067,0.00422473069121481
2068,0.00903267724326784
2069,0.0125944943762415
2070,0.0132471691295959
2071,0.011770271869642
2072,0.010152400757974
2073,0.0093702788089392
2074,0.00880089827359763
2075,0.00746390749623295
2076,0.00519650684558292
2077,0.00258342129232148
2078,0.000259112398853024
2079,-0.0015089531800328
2080,-0.0028574511430161
2081,-0.00412062595667772
2082,-0.00537167430977576
2083,-0.00614875476254876
2084,-0.00607093565450562
2085,-0.00590093593623781
2086,-0.00740702101001922
2087,-0.0115019527356285
2088,-0.0167054149618619
2089,-0.0201768320112258
2090,-0.0204493139610817
2091,-0.0186360619574276
2092,-0.0167708982410926
2093,-0.0155658883243529
2094,-0.0142599668663604
2095,-0.0121763373169456
2096,-0.00963080688266714
2097,-0.00731602273324004
2098,-0.00548243726634827
2099,-0.00398428634553901
2100,-0.00268215375784571
2101,-0.00150782777289239
2102,-0.0004576179627021
2103,0.000221624430324796
2104,0.000224631348880578
2105,-2.59464392353014E-05
2106,0.00086376033540452
2107,0.00399396073071686
2108,0.00858392496490978
2109,0.0122449281521139
2110,0.0131855744340153
2111,0.0118402532930608
2112,0.0100712530551906
2113,0.00909738825838127
2114,0.00858467221785442
2115,0.00752271584675109
2116,0.00545383791347336
2117,0.00278202236751718
2118,0.000279935241304461
2119,-0.00153647412253569
2120,-0.0027661825144423
2121,-0.00393593026710914
2122,-0.00526221072826334
2123,-0.00617712022575588
2124,-0.00607438951990179
2125,-0.00566068816206605
2126,-0.0069090251753993
2127,-0.0109876257231586
2128,-0.0164546339167534
2129,-0.0202592483213315
2130,-0.0206943808063557
2131,-0.0188219214651041
2132,-0.0168145118392619
2133,-0.0155386220197012
2134,-0.014267401160629
2135,-0.0122607295934486
2136,-0.00977436339317921
2137,-0.00748991134584302
2138,-0.00566604325833424
2139,-0.00415461381666161
2140,-0.00281190793428647
2141,-0.0015824655189108
2142,-0.000494005332913636
2143,0.000166502690751024
2144,7.06767574625568E-05
2145,-0.000320320891712981
2146,0.000498958146489998
2147,0.00372782789674857
2148,0.0085455875437551
2149,0.0123823950043728
2150,0.0133000621509818
2151,0.0117863867785786
2152,0.00989574935535943
2153,0.00895019858934598
2154,0.00852158710480721
2155,0.0074488045862689
2156,0.00526090457448441
2157,0.00248430554639225
2158,-1.69847556219804E-05
2159,-0.00176483448802221
2160,-0.00295263210325534
2161,-0.00414728418598609
2162,-0.0055420713260448
2163,-0.00653832356274463
2164,-0.00650717887167523
2165,-0.00611919997191888
2166,-0.0073135291971063
2167,-0.0112737126738172
2168,-0.016618921042947
2169,-0.0203395085089852
2170,-0.0207172781413673
2171,-0.0188011507666382
2172,-0.0167968739749544
2173,-0.0156020198089554
2174,-0.014434655505558
2175,-0.0124372363825957
2176,-0.00982447263709683
2177,-0.00739215571091023
2178,-0.00556159358473737
2179,-0.00421552662173585
2180,-0.00307453409292679
2181,-0.00192868266966918
2182,-0.000776819456501984
2183,1.22532661168483E-05
2184,2.62373914960236E-05
2185,-0.000309006488632342
2186,0.000498414824755092
2187,0.00365171367733192
2188,0.00838974118173568
2189,0.0122399483748357
2190,0.0132936167939786
2191,0.0119342978786623
2192,0.0100711641493049
2193,0.00900512877466563
2194,0.00844352298432789
2195,0.00736613297387588
2196,0.00528990141990976
2197,0.00259793264547509
2198,5.24260646157575E-05
2199,-0.00180789403901382
2200,-0.00301945874807512
2201,-0.00407374794117173
2202,-0.00526266038065479
2203,-0.00616074042707891
2204,-0.00619890190333223
2205,-0.00592969363318274
2206,-0.00713766033619958
2207,-0.0110040416001292
2208,-0.016305299534484
2209,-0.0201563641473597
2210,-0.0207706260241202
2211,-0.019010449692922
2212,-0.0169979240592186
2213,-0.0157427758405834
2214,-0.0146188797972915
2215,-0.0127639864861564
2216,-0.0102270430291315
2217,-0.00767735931747893
2218,-0.00560012846709126
2219,-0.00405839967476992
2220,-0.00287554743494396
2221,-0.00178933011808468
2222,-0.000695712420036463
2223,6.60940044250936E-05
2224,5.37499548228973E-05
2225,-0.000304445604744016
2226,0.000527747846381498
2227,0.00374899552064329
2228,0.00850952025045732
2229,0.0122692663199602
2230,0.0131830876423819
2231,0.0117745286748194
2232,0.0100035370927523
2233,0.00907634741153225
2234,0.00858853182001191
2235,0.00752438147236799
2236,0.00548349214574409
2237,0.00287224382736752
2238,0.000383176297168414
2239,-0.00150377939486504
2240,-0.00279751384199158
2241,-0.00392973274319507
2242,-0.00517734891368307
2243,-0.00612267005470076
2244,-0.00616725778959617
2245,-0.00582747327033846
2246,-0.00693027319928398
2247,-0.010763175697358
2248,-0.016145654879273
2249,-0.0201095471389973
2250,-0.0207628287318068
2251,-0.0189648214009
2252,-0.0169072184269891
2253,-0.0156218671873473
2254,-0.0144497305638895
2255,-0.0125493360275991
2256,-0.0100642763590527
2257,-0.00768861175101751
2258,-0.0057699017756372
2259,-0.00421094994668664
2260,-0.0028593856591943
2261,-0.0016388582928051
2262,-0.000558070760829191
2263,0.000123196895585755
2264,8.14790372418959E-05
2265,-0.000274288112222307
2266,0.000497859303297165
2267,0.00361690987306202
2268,0.00837271190182246
2269,0.0122843658538081
2270,0.0133812723986617
2271,0.0120273844937782
2272,0.0101772895916889
2273,0.009155601585056
2274,0.00862839841896827
2275,0.00755033104175634
2276,0.00550007952612143
2277,0.00293320470266731
2278,0.000567212773454802
2279,-0.00120899884964097
2280,-0.00253197784131897
2281,-0.00383616027120102
2282,-0.0052517377721959
2283,-0.00621646044632079
2284,-0.00613307719319122
2285,-0.00564522457807171
2286,-0.00669992992424938
2287,-0.0106047677588775
2288,-0.0161117910315413
2289,-0.0201674832353285
2290,-0.0208383342595497
2291,-0.0190120383670586
2292,-0.016952727251125
2293,-0.0157357939251033
2294,-0.014657207158741
2295,-0.0127754172735735
2296,-0.0101881263253284
2297,-0.00765895777337287
2298,-0.00564831125910714
2299,-0.0040918806066339
2300,-0.00276856514396658
2301,-0.00152822653599515
2302,-0.000380315186934027
2303,0.000371843551346171
2304,0.000386623219100108
2305,7.3098349570104E-05
2306,0.000841753878583454
2307,0.0038664081906087
2308,0.00845759210049976
2309,0.0122328214314361
2310,0.0132974070024099
2311,0.0119886022706668
2312,0.0101885324798107
2313,0.00921477740964227
2314,0.00878706618344252
2315,0.00785302934734123
2316,0.00587101483921347
2317,0.00318847287504183
2318,0.000587961455543141
2319,-0.00133165675238597
2320,-0.00257446431175293
2321,-0.00368282039563204
2322,-0.00502616261783944
2323,-0.006140907523867
2324,-0.0062735324210109
2325,-0.00584202160452023
2326,-0.00675780572922285
2327,-0.0104981268661879
2328,-0.0159656795607803
2329,-0.0200824675233103
2330,-0.0208094106555934
2331,-0.0190089107762753
2332,-0.016983995981296
2333,-0.0157863570948939
2334,-0.0146364616339971
2335,-0.0126168231857617
2336,-0.00998038747212364
2337,-0.00759165623634727
2338,-0.00581188820328198
2339,-0.00439308301985265
2340,-0.00306020376580753
2341,-0.00175320465912871
2342,-0.000551561156503786
2343,0.000255227546777926
2344,0.000317882304782411
2345,-2.83895168881414E-05
2346,0.000611708361929452
2347,0.00353688082001698
2348,0.00818521655305558
2349,0.0121319205593016
2350,0.0133260732701638
2351,0.0120337341153173
2352,0.0101896455517328
2353,0.00914032266525278
2354,0.00856000581769598
2355,0.00742269306058451
2356,0.00535550743879998
2357,0.00282037881960322
2358,0.000458041619340941
2359,-0.00139213763492422
2360,-0.0027745755582185
2361,-0.00399698642417053
2362,-0.0052464904607656
2363,-0.00617860427370698
2364,-0.00627334466493929
2365,-0.00595307467948812
2366,-0.006908831554616
2367,-0.0105078200154977
2368,-0.0158148416184946
2369,-0.0199440243837419
2370,-0.0208057795821271
2371,-0.0190648103503848
2372,-0.0169757307565104
2373,-0.0157383843415277
2374,-0.0146667957358556
2375,-0.0127308027945776
2376,-0.0100326423343326
2377,-0.00746815562238187
2378,-0.00556469875883709
2379,-0.00415924557797318
2380,-0.00291245060667969
2381,-0.00168281734983303
2382,-0.000551494448820931
2383,0.000160331166873835
2384,0.000112419215691997
2385,-0.000334595529943717
2386,0.000221866526455362
2387,0.00310658119251276
2388,0.00781966204152265
2389,0.0119468579840952
2390,0.0133253859365387
2391,0.0120867090358632
2392,0.0101793257399085
2393,0.00910701210169447
2394,0.00864218477180797
2395,0.00766497331494495
2396,0.00563195510262433
2397,0.00296249333261965
2398,0.000415598734307832
2399,-0.00153685015483534
2400,-0.00291121985815515
2401,-0.00406944294263637
2402,-0.0052589254008234
2403,-0.00616814083986977
2404,-0.00627398910378645
2405,-0.00595270221858374
2406,-0.00684642934745813
2407,-0.0103542673477913
2408,-0.0156570835986827
2409,-0.0199294320308185
2410,-0.0209678465266892
2411,-0.0192528674840194
2412,-0.0170235455934526
2413,-0.0156847355287974
2414,-0.0147286452304275
2415,-0.013035802654006
2416,-0.0104497872258615
2417,-0.00776387028661272
2418,-0.00568391379178114
2419,-0.00427184738538994
2420,-0.00318353767405005
2421,-0.00207046181269138
2422,-0.00086055659946367
2423,7.98327899114477E-05
2424,0.000259541298467687
2425,-7.12041719155539E-05
2426,0.000460047657938672
2427,0.00321347246279436
2428,0.00779119689111097
2429,0.0119013372419643
2430,0.013400909008515
2431,0.0122903712394605
2432,0.0103807935313417
2433,0.00920817959755122
2434,0.00870047816216209
2435,0.00779903075193404
2436,0.00585225556893547
2437,0.00317928902801851
2438,0.000599184374352431
2439,-0.00130468168079911
2440,-0.00258108358263306
2441,-0.00373177136175558
2442,-0.00502969603240115
2443,-0.00601526147261622
2444,-0.00605408001785855
2445,-0.00561526427650768
2446,-0.00650545089819027
2447,-0.0101218702722106
2448,-0.015488756864689
2449,-0.0197119878601922
2450,-0.0207177618325212
2451,-0.0191250172384123
2452,-0.0171022301843882
2453,-0.0158462908198744
2454,-0.0147754365209676
2455,-0.012932134116214
2456,-0.0103521950322056
2457,-0.00780664067721892
2458,-0.00579413598988643
2459,-0.00424038219563194
2460,-0.00289550610488486
2461,-0.00162157687956517
2462,-0.000450154590746258
2463,0.000324155343660237
2464,0.00033994881941566
2465,-8.48598219253406E-05
2466,0.000423509314473397
2467,0.00320452154497541
2468,0.00782331763729536
2469,0.0119347299254631
2470,0.0133731390328963
2471,0.0121829169070152
2472,0.0102359689267899
2473,0.00907291372372304
2474,0.00858986598369501
2475,0.00773531112005653
2476,0.00589025942619867
2477,0.00333277854899704
2478,0.000763165028369453
2479,-0.00128157607339202
2480,-0.00272890869010387
2481,-0.00392669514826696
2482,-0.00516139317084907
2483,-0.00612529073421966
2484,-0.0062439876482718
2485,-0.00585741610889702
2486,-0.00663968036797307
2487,-0.0100590401859798
2488,-0.0153450568004744
2489,-0.0196897717516067
2490,-0.0208872556779083
2491,-0.0193728974929365
2492,-0.0172798689076479
2493,-0.0159145093714114
2494,-0.0147914916704782
2495,-0.0129417363152243
2496,-0.0103361371979824
2497,-0.00773252189516645
2498,-0.0056908955556259
2499,-0.00420198808519263
2500,-0.00300587535915408
2501,-0.0018782480618252
2502,-0.000764192311264613
2503,5.36762779943981E-05
2504,0.000154454920876826
2505,-0.000202999245357312
2506,0.000350300502837089
2507,0.00317855166374484
2508,0.00784022569172095
2509,0.0119467133042026
2510,0.0133193366965436
2511,0.0120690802377244
2512,0.0101593882085014
2513,0.00913575788486248
2514,0.00878455019886076
2515,0.00794294513020773
2516,0.0060080485694362
2517,0.0033861342511884
2518,0.000867973516648671
2519,-0.00105950955567438
2520,-0.00245331337927592
2521,-0.00373017786905229
2522,-0.00512929030582061
2523,-0.00624100995922414
2524,-0.00641875149296603
2525,-0.00599664716806862
2526,-0.00670418609878253
2527,-0.0100891949862908
2528,-0.0154171923931446
2529,-0.0198289999412537
2530,-0.0210329116909263
2531,-0.0194503799297418
2532,-0.0172908749914854
2533,-0.0159263762071876
2534,-0.014851180722711
2535,-0.0130435089804537
2536,-0.0104742061238366
2537,-0.00792820874848043
2538,-0.00594492885304373
2539,-0.00447010402044697
2540,-0.0032625459414653
2541,-0.00215841118520622
2542,-0.00108005427163133
2543,-0.000199000290479058
2544,8.25919573931331E-05
2545,-0.000152479748489876
2546,0.000285359041368152
2547,0.00284587884061518
2548,0.00739140416797085
2549,0.0117030933452482
2550,0.0134249874465648
2551,0.0123506677566346
2552,0.0103437706443763
2553,0.009132211899696
2554,0.00870509373152793
2555,0.00790044817766571
2556,0.00598347501640579
2557,0.00330264017020868
2558,0.000725991164644698
2559,-0.00117313957427527
2560,-0.00247322883281407
2561,-0.00368619584473477
2562,-0.00510267549517741
2563,-0.00626974727108307
2564,-0.00646135731589302
2565,-0.00597982830406545
2566,-0.00658935734205919
2567,-0.00989139647289084
2568,-0.0151775259537405
2569,-0.0195877335165533
2570,-0.0208271423112682
2571,-0.0193147808551372
2572,-0.0172421938044624
2573,-0.0159525273165637
2574,-0.0149331990875444
2575,-0.0131906655638953
2576,-0.0107174749375648
2577,-0.00826506323878497
2578,-0.00629781396746113
2579,-0.00472123143027638
2580,-0.00334438895749061
2581,-0.00211544936097569
2582,-0.00104260082674083
2583,-0.000291261504968647
2584,-0.000170195110161012
2585,-0.000484000664212261
2586,2.76794564808421E-06
2587,0.0026806059162624
2588,0.00730334452637298
2589,0.0116059963723189
2590,0.0132935342971184
2591,0.0122370477971205
2592,0.0102750474798007
2593,0.00903454747560244
2594,0.00848992524732516
2595,0.00761999926187334
2596,0.00582440478786033
2597,0.00337439057019597
2598,0.000899257748217545
2599,-0.00114371957225971
2600,-0.00266632498696477
2601,-0.003921618317579
2602,-0.00515412863391979
2603,-0.00610530995834896
2604,-0.00622010279531315
2605,-0.00576373389411556
2606,-0.00637721240239237
2607,-0.00966447063795132
2608,-0.0150255537153876
2609,-0.019611412009534
2610,-0.0209807319304942
2611,-0.0194373861232026
2612,-0.017249159183134
2613,-0.015914783008086
2614,-0.0149300691607988
2615,-0.0131557981802952
2616,-0.0105120626489901
2617,-0.00788117703381372
2618,-0.00589925608028085
2619,-0.00445545644794031
2620,-0.00317764624183816
2621,-0.00190016159902383
2622,-0.000701214635167007
2623,0.000129288084446765
2624,0.000255228903057493
2625,-9.10402063452623E-05
2626,0.000321424337279425
2627,0.00286492933131385
2628,0.00736615157393274
2629,0.0116857605464126
2630,0.0135357415972268
2631,0.0126343090707274
2632,0.0106915246945869
2633,0.00938347447904936
2634,0.00880566577113434
2635,0.00793436308913247
2636,0.00606617534640049
2637,0.00347200031539296
2638,0.000929436850098104
2639,-0.00101255520092727
2640,-0.00237814362092218
2641,-0.00359218338340239
2642,-0.00490725572349563
2643,-0.00593706825135892
2644,-0.00607649304739091
2645,-0.0056700358857978
2646,-0.00638685832517233
2647,-0.00971041427519966
2648,-0.0149444056177349
2649,-0.0193506465983261
2650,-0.020690463430923
2651,-0.0192881152779827
2652,-0.017215330905874
2653,-0.0158236152156489
2654,-0.0147010623321754
2655,-0.0128912933960991
2656,-0.0103292157673239
2657,-0.0077454428903005
2658,-0.00569675366289069
2659,-0.00418061612983506
2660,-0.00295229802810612
2661,-0.00180076582810198
2662,-0.000652266843769143
2663,0.000241996134684679
2664,0.000420115278953981
2665,1.01064536152474E-05
2666,0.000308101770787725
2667,0.00282152311720281
2668,0.00738499091464062
2669,0.0117333228254761
2670,0.0135076477853146
2671,0.0125195640199949
2672,0.0106117535791815
2673,0.00945848783043187
2674,0.00903919818490982
2675,0.00825953807833364
2676,0.00644215031158675
2677,0.00386729613292201
2678,0.00124817061498901
2679,-0.000884958545776501
2680,-0.00242744646555141
2681,-0.00365694640999607
2682,-0.00486963921707058
2683,-0.00587195061508974
2684,-0.00611879728185473
2685,-0.00576302147890378
2686,-0.00629063717240114
2687,-0.00931039088386634
2688,-0.0144500434616967
2689,-0.0190832643135947
2690,-0.0207128759126505
2691,-0.0193585862533011
2692,-0.0171171245803586
2693,-0.0156299765212428
2694,-0.0146502150736128
2695,-0.0130780724100905
2696,-0.0106214000800041
2697,-0.00798344054365084
2698,-0.00586983135027433
2699,-0.00437212558693284
2700,-0.00318934694551639
2701,-0.00202637521690856
2702,-0.000815313053209303
2703,0.000136185054136252
2704,0.000347537975342248
2705,-4.06300432267735E-05
2706,0.000254074480851869
2707,0.00271197920181025
2708,0.00719500141579251
2709,0.0115160700647217
2710,0.0133540007426944
2711,0.0124681718774703
2712,0.0106278931034717
2713,0.00950117851455412
2714,0.00910812902790357
2715,0.00835194311816855
2716,0.00649798109877412
2717,0.00381437040939265
2718,0.00110900897265777
2719,-0.000978655612514031
2720,-0.00236600767701319
2721,-0.00348175213196627
2722,-0.00473264253419154
2723,-0.00586656908822252
2724,-0.00618708180498473
2725,-0.00578505045306075
2726,-0.0062289201243209
2727,-0.0092271635115616
2728,-0.0144026920549057
2729,-0.0190627387106768
2730,-0.0207047766103501
2731,-0.0194126831982939
2732,-0.0172981424823069
2733,-0.0159082379562327
2734,-0.0149006742898892
2735,-0.0132128074638842
2736,-0.0106871978699483
2737,-0.00809278850733033
2738,-0.0060582719721398
2739,-0.00456926659160325
2740,-0.00332443029260022
2741,-0.00210967014151809
2742,-0.00089241173531006
2743,6.47799286841189E-05
2744,0.000311915627940569
2745,-5.75973507083402E-05
2746,0.000183584091672728
2747,0.00254864992009554
2748,0.00699475571299894
2749,0.0113814478362435
2750,0.0133358075974893
2751,0.0125252884421714
2752,0.0106620593555056
2753,0.00941499415666345
2754,0.00885827294991658
2755,0.00798884793267103
2756,0.00615136372606148
2757,0.00360093032515212
2758,0.00103628913254882
2759,-0.00100129995077141
2760,-0.00241448844640673
2761,-0.00353791002269155
2762,-0.00472717695239526
2763,-0.00577223784865982
2764,-0.00604362843791663
2765,-0.00565062995183154
2766,-0.00614151260979907
2767,-0.00920676385179578
2768,-0.0144495115599491
2769,-0.0191387995553032
2770,-0.0207481885914856
2771,-0.019397391742506
2772,-0.0172656604917671
2773,-0.0159203633345974
2774,-0.014971926071709
2775,-0.0133116851755317
2776,-0.0107898224144294
2777,-0.0081955338920986
2778,-0.00613044011905161
2779,-0.00453452093119681
2780,-0.00312988314423913
2781,-0.00180663053344701
2782,-0.000618969552297978
2783,0.000191222951810374
2784,0.000275766249999803
2785,-0.000187964517991005
2786,4.26232746243791E-05
2787,0.00245561797226727
2788,0.00698329199518321
2789,0.0114640149538506
2790,0.0134994248064665
2791,0.0127346831295925
2792,0.010870305857034
2793,0.00957148581486176
2794,0.00892819567022646
2795,0.00799425227911981
2796,0.00618312366729563
2797,0.0037400330592812
2798,0.0012381577450965
2799,-0.000903043748944254
2800,-0.00253889239212196
2801,-0.00380861266604711
2802,-0.0049514628519157
2803,-0.00586803420158929
2804,-0.00611336851162755
2805,-0.00579342166682987
2806,-0.00626927543798443
2807,-0.00914801301666883
2808,-0.0142188588019238
2809,-0.0189843302708262
2810,-0.0208738551461238
2811,-0.0197146685355793
2812,-0.0175078073521569
2813,-0.0159669877789066
2814,-0.0149568189850525
2815,-0.0133998062043148
2816,-0.0109537471358767
2817,-0.00828900143425116
2818,-0.00612372633596265
2819,-0.00457366814081545
2820,-0.00335263018448222
2821,-0.00217568574760532
2822,-0.0009770122984912
2823,-5.10536680477758E-05
2824,0.000132581644917142
2825,-0.000296156986349418
2826,-6.5905408675538E-05
2827,0.00233189617801543
2828,0.0068180258018218
2829,0.0112389391661239
2830,0.0132413538846016
2831,0.0125008593753378
2832,0.0106962399350942
2833,0.00945734001312429
2834,0.00887727553283992
2835,0.0080310657185626
2836,0.00630782615758583
2837,0.00388588480499952
2838,0.00131555765069704
2839,-0.00090923233678792
2840,-0.00254596062125187
2841,-0.00373212828615846
2842,-0.00480557047557244
2843,-0.00573838045985738
2844,-0.00603701538064481
2845,-0.00570553305919043
2846,-0.00608523791416299
2847,-0.00886575979324429
2848,-0.0139075560879191
2849,-0.0186924150558021
2850,-0.0205949156905159
2851,-0.0194486000690016
2852,-0.0173052575455933
2853,-0.0158766572798842
2854,-0.0149529637796809
2855,-0.0134046058808198
2856,-0.0109259918569705
2857,-0.00824872781810411
2858,-0.00608521373387635
2859,-0.00450467160845423
2860,-0.00323102619553229
2861,-0.00204308873936242
2862,-0.000875064768882471
2863,7.7704171655521E-05
2864,0.000396987816435147
2865,8.38771517010615E-05
2866,0.000217170044160356
2867,0.00230827319629143
2868,0.00652646666148417
2869,0.01094566636819
2870,0.0131646124824061
2871,0.0126202006269288
2872,0.0108599666086337
2873,0.00960092606466069
2874,0.00905810700912874
2875,0.00828579885470857
2876,0.00658346211088684
2877,0.00413872837751528
2878,0.00159478615148076
2879,-0.000541570110931488
2880,-0.00213931546146851
2881,-0.00342885101186879
2882,-0.00471051419551919
2883,-0.00585312098443538
2884,-0.00630376681755977
2885,-0.00604944962134489
2886,-0.00641105913007722
2887,-0.00909385685535551
2888,-0.0140617049035025
2889,-0.0188997283622654
2890,-0.0209348772620522
2891,-0.0198268264460191
2892,-0.0175430401022351
2893,-0.0159211478752367
2894,-0.0149355301766142
2895,-0.0134827836137957
2896,-0.0111329418246136
2897,-0.00852448955068896
2898,-0.00638057211465062
2899,-0.00478340238012349
2900,-0.00341674834916256
2901,-0.00206810422675479
2902,-0.000796008117210458
2903,9.84302433169444E-05
2904,0.000269569519018149
2905,-0.000106321633257112
2906,9.52748317347371E-05
2907,0.00224775841235698
2908,0.00640522840431702
2909,0.0107170143646264
2910,0.0129340141750722
2911,0.0125054268358062
2912,0.0108448267454481
2913,0.00958328064801135
2914,0.00899527198034002
2915,0.00821844642569203
2916,0.00652782291772681
2917,0.00403409896683019
2918,0.00138831954445241
2919,-0.000807424989874684
2920,-0.00236392345984816
2921,-0.0035476086096874
2922,-0.00471313559104543
2923,-0.00573532090699403
2924,-0.00606388120649505
2925,-0.00574036313554455
2926,-0.00613495239704123
2927,-0.0089032660848447
2928,-0.0138973014089026
2929,-0.0186756412417029
2930,-0.0206742796409908
2931,-0.0196571720114969
2932,-0.0175409243421692
2933,-0.0160102541186524
2934,-0.0149762641814119
2935,-0.0134308191166385
2936,-0.0110577431216124
2937,-0.00848983794847672
2938,-0.00637789622924722
2939,-0.00479938741868005
2940,-0.00349141250282899
2941,-0.00222186354416023
2942,-0.00093958866264605
2943,9.53118319625883E-05
2944,0.000416874771983556
2945,6.45582824069229E-05
2946,0.00019618160999044
2947,0.00233169605456019
2948,0.00656177143032155
2949,0.0109127210385789
2950,0.013057082363149
2951,0.0125490369641989
2952,0.0109343754902296
2953,0.00978262664556461
2954,0.00917787412292237
2955,0.00821681154559552
2956,0.0063703153176697
2957,0.00394048470641829
2958,0.00152320255703681
2959,-0.00050834789161916
2960,-0.00210458322735981
2961,-0.00346973405008399
2962,-0.00481139815316417
2963,-0.00591131097159265
2964,-0.00619946706499588
2965,-0.0057431835025044
2966,-0.00598467350205203
2967,-0.00867281594232242
2968,-0.0136923434972375
2969,-0.018539317919327
2970,-0.0205759547251971
2971,-0.0195738412042753
2972,-0.0175032057067927
2973,-0.0160463294954524
2974,-0.0150535450129021
2975,-0.0134953140210854
2976,-0.0111039711540052
2977,-0.00853811670357204
2978,-0.00639177406301097
2979,-0.00469246267718576
2980,-0.00324679065165897
2981,-0.00195925284284528
2982,-0.000813254354409062
2983,5.17754926072519E-05
2984,0.000300022583764019
2985,-4.08771926257025E-05
2986,7.86866728042817E-05
2987,0.00214808334723793
2988,0.00636355810876374
2989,0.0108473132773847
2990,0.0131952641487154
2991,0.0127591691959804
2992,0.0109838898791177
2993,0.0095804717354881
2994,0.00888640580914122
2995,0.00808940203905199
2996,0.00648326303541859
2997,0.00411702048036577
2998,0.00153673609939235
2999,-0.000680597140384379
3000,-0.00225752256208526
3001,-0.00339560897341777
3002,-0.00452185267726553
3003,-0.00561942270091261
3004,-0.00609371605013551
3005,-0.00580598706532051
3006,-0.00604686982459534
3007,-0.00862743204274159
3008,-0.0136134223677607
3009,-0.018570403122845
3010,-0.0207352605202015
3011,-0.0197252720236858
3012,-0.0175259703021321
3013,-0.0159759821029537
3014,-0.015015315682643
3015,-0.0135378408521674
3016,-0.0111641732536421
3017,-0.00856128606801469
3018,-0.00641224583004651
3019,-0.00476738853456966
3020,-0.00336501047078679
3021,-0.00206089311167275
3022,-0.000865007713899111
3023,4.95186959457426E-05
3024,0.000354158322028142
3025,6.99346861097819E-05
3026,0.000191958020327148
3027,0.00219098254788331
3028,0.00635311356473548
3029,0.0109074160537869
3030,0.0134205557417103
3031,0.0130932337240845
3032,0.0112786594682704
3033,0.0097646180505955
3034,0.00903024463278171
3035,0.00830611454746844
3036,0.00680849770242148
3037,0.00450103761079984
3038,0.00191858953154988
3039,-0.000320617699328179
3040,-0.00190737253161001
3041,-0.00304865241727372
3042,-0.00420438938944083
3043,-0.00538897639823628
3044,-0.00599852025928482
3045,-0.00582685706501803
3046,-0.00608040706563333
3047,-0.00855071217042234
3048,-0.0133868596707096
3049,-0.0182781002893414
3050,-0.0205111865027825
3051,-0.0196309469323973
3052,-0.0175031800538218
3053,-0.0159236996630136
3054,-0.0149026495401999
3055,-0.0134224641000757
3056,-0.0111005176715774
3057,-0.0085226463965449
3058,-0.00633189297387314
3059,-0.00463941470472308
3060,-0.00326044858220143
3061,-0.0020356985031319
3062,-0.000891865061451056
3063,3.28121431625956E-05
3064,0.000361665946910341
3065,7.47952700510252E-05
3066,0.000193580705762211
3067,0.00220983194455145
3068,0.00634708642599728
3069,0.0107653047065587
3070,0.0131044818127754
3071,0.0127577006483855
3072,0.0111613833091703
3073,0.00992796319458756
3074,0.00926975219745773
3075,0.0083666796746355
3076,0.00666047819123534
3077,0.00433620837192943
3078,0.0018810862416339
3079,-0.000317730394393143
3080,-0.00205377452154202
3081,-0.00338522754825737
3082,-0.00457466578011972
3083,-0.00562574479190369
3084,-0.00608005860846834
3085,-0.0058282016538018
3086,-0.00604315988491974
3087,-0.00846363348996774
3088,-0.013262206277379
3089,-0.0181750699103768
3090,-0.0204738125821893
3091,-0.0196489565509805
3092,-0.0175472675194704
3093,-0.0159810957182803
3094,-0.0149624227223053
3095,-0.0134659118919491
3096,-0.0111357661416356
3097,-0.00859649532331662
3098,-0.00646659098717619
3099,-0.00477936061699157
3100,-0.00333113297076941
3101,-0.00204337657522723
3102,-0.000902854399347612
3103,2.2001797919023E-05
3104,0.000456145376432021
3105,0.000324435661847584
3106,0.000455058917182857
3107,0.00226289941250159
3108,0.00616025621150962
3109,0.0105613031401507
3110,0.0131099251591921
3111,0.0129478849015419
3112,0.0113339324164931
3113,0.010000292162504
3114,0.00939000626677765
3115,0.00869142955259259
3116,0.007113860086165
3117,0.00468673319923277
3118,0.00202331201163018
3119,-0.000262621772852607
3120,-0.00193252812795632
3121,-0.00320459525325546
3122,-0.00443265842713042
3123,-0.0055211759681447
3124,-0.00590068674102149
3125,-0.00552628534725408
3126,-0.00572521085152109
3127,-0.00826150662296466
3128,-0.0131788158026242
3129,-0.0181193978964314
3130,-0.0204118794666212
3131,-0.0196448070034162
3132,-0.0176536074257754
3133,-0.0161572773476331
3134,-0.0151301842713597
3135,-0.0135986546234938
3136,-0.0112490378725353
3137,-0.00868287029465768
3138,-0.00650210794343178
3139,-0.00479309703225602
3140,-0.00340485006489368
3141,-0.00220773458030448
3142,-0.00107694684377026
3143,-7.0416701684918E-05
3144,0.000401077650315228
3145,0.000151241112603484
3146,9.29258960047844E-05
3147,0.00183946461882636
3148,0.00586293649173442
3149,0.0104181637074198
3150,0.0129831726225115
3151,0.0127438335232019
3152,0.0111298150892462
3153,0.0099153869495629
3154,0.00940429774177374
3155,0.00868085281447253
3156,0.00703429003190842
3157,0.00461759211245063
3158,0.0020181977586721
3159,-0.000260779829963863
3160,-0.00196832210766042
3161,-0.003196934768672
3162,-0.00429648516659374
3163,-0.00535832629696674
3164,-0.00592507687428722
3165,-0.00576542535893857
3166,-0.00592086456873829
3167,-0.00816313665543763
3168,-0.0128662200167987
3169,-0.0179129535624895
3170,-0.0204744773007265
3171,-0.0197942830822364
3172,-0.0176126926285638
3173,-0.0158907875308699
3174,-0.0148441846876092
3175,-0.0134572343671339
3176,-0.0112095627281379
3177,-0.00862849298951248
3178,-0.00643640267112848
3179,-0.00482554783949677
3180,-0.00357882329263456
3181,-0.00242042580181184
3182,-0.00118463067689509
3183,-3.00412542466342E-05
3184,0.000512351302932477
3185,0.000227746631883441
3186,9.09374432072472E-05
3187,0.00180066327754986
3188,0.00587795030275733
3189,0.0105571830666816
3190,0.0132314535144964
3191,0.0129959357252726
3192,0.0112621613320904
3193,0.00987242958293867
3194,0.00921602759909466
3195,0.0084180963838503
3196,0.0067791164470422
3197,0.00446995103706396
3198,0.00206691437176772
3199,-2.73953625610781E-05
3200,-0.00170232944036158
3201,-0.00307464742417196
3202,-0.00433874990796994
3203,-0.00540744886897941
3204,-0.00583301173931231
3205,-0.0055727178566168
3206,-0.00579808960951797
3207,-0.00818851870093323
3208,-0.0129323685399998
3209,-0.0178881168339196
3210,-0.0204022859699886
3211,-0.0198602386662861
3212,-0.0179161269107401
3213,-0.0163194513922115
3214,-0.0152115263817049
3215,-0.0137155862640353
3216,-0.0114613194261921
3217,-0.00893494237418069
3218,-0.00669116673485102
3219,-0.00486834171033166
3220,-0.00340538775227031
3221,-0.0022217477335725
3222,-0.00116493779800406
3223,-0.000218865783352029
3224,0.000252339110887366
3225,3.85311030650829E-05
3226,1.52199105351596E-06
3227,0.00175709200616896
3228,0.00583707542141208
3229,0.0105173536291491
3230,0.0131887230203642
3231,0.0129160265332078
3232,0.0111189970898799
3233,0.00970171874964046
3234,0.00910311071513302
3235,0.0084157660141843
3236,0.00683448109555713
3237,0.00443903391972876
3238,0.00181748591361973
3239,-0.000503568378287128
3240,-0.0022663980128069
3241,-0.00354273494079367
3242,-0.0046321353631607
3243,-0.00560790116695164
3244,-0.00607498009369559
3245,-0.00587978508412275
3246,-0.00605089256490892
3247,-0.00826911835356063
3248,-0.0128736451498
3249,-0.0178440938592875
3250,-0.020480487687698
3251,-0.0200269629848247
3252,-0.0180713836026582
3253,-0.0164124040383912
3254,-0.0152482185080402
3255,-0.0136991825273672
3256,-0.011391436214874
3257,-0.00885962249982843
3258,-0.00669282953926956
3259,-0.00497027136339185
3260,-0.0035305107435031
3261,-0.00226616040721257
3262,-0.00107651102657893
3263,1.41687266622391E-05
3264,0.000626523727366148
3265,0.000478326045536581
3266,0.000312783652514286
3267,0.0017462622632151
3268,0.0055197517737381
3269,0.0101475681572616
3270,0.0130285236256906
3271,0.0130063509821484
3272,0.0113135193549578
3273,0.00987648358491629
3274,0.00925624656363452
3275,0.00857849113538533
3276,0.00698743459621871
3277,0.00456813257595204
3278,0.00199345745374015
3279,-0.000180304301004099
3280,-0.00180123132041789
3281,-0.00308216228729828
3282,-0.0043466811605056
3283,-0.00555065598673809
3284,-0.00614871006527123
3285,-0.00592471481497598
3286,-0.00597652892775229
3287,-0.00813455378611478
3288,-0.01284091400591
3289,-0.018017870133943
3290,-0.0207801831746745
3291,-0.0202485086951079
3292,-0.0180967050988111
3293,-0.0163281780607336
3294,-0.0152280686187343
3295,-0.0137994146784039
3296,-0.0115206377787654
3297,-0.00893923896909822
3298,-0.00676545396812769
3299,-0.00510423907029616
3300,-0.00368361720734317
3301,-0.00234179645617959
3302,-0.00111118099376962
3303,-0.000175351027428446
3304,0.000154828003397636
3305,-0.00013702244509339
3306,-0.000165860063531696
3307,0.00150885013426724
3308,0.00534832337957819
3309,0.0098350391763376
3310,0.0126080080941648
3311,0.0126943538789574
3312,0.0112227636803883
3313,0.00989227966789826
3314,0.00921723738472604
3315,0.00848259751434699
3316,0.00694426896243408
3317,0.00460419439007472
3318,0.00200823188581221
3319,-0.00025890497582913
3320,-0.00190863966123018
3321,-0.0031125337531568
3322,-0.00430161716272791
3323,-0.00552584150400185
3324,-0.00618852274777928
3325,-0.00595301576526204
3326,-0.0058849301760534
3327,-0.0078949078492202
3328,-0.012508912268843
3329,-0.0176632720437177
3330,-0.0204544808372241
3331,-0.0200070747730846
3332,-0.0180021960709532
3333,-0.0164050161263334
3334,-0.0154233669514365
3335,-0.0140080097023492
3336,-0.0116559539227144
3337,-0.0089885722300989
3338,-0.00678730090211713
3339,-0.00517324010333578
3340,-0.00382084065734726
3341,-0.00248187487944717
3342,-0.00114331419672393
3343,-3.75920786335148E-05
3344,0.000409387035003642
3345,0.000100665416590444
3346,-4.41606031800831E-05
3347,0.00153639427829887
3348,0.00539164379704392
3349,0.00997354277510103
3350,0.0128143062080276
3351,0.0128807542830709
3352,0.011344803845258
3353,0.00997886534767069
3354,0.00930119001954326
3355,0.00854815809053927
3356,0.00698145320136339
3357,0.00468382552685376
3358,0.0022260835610386
3359,6.25221293935184E-05
3360,-0.00167986616346528
3361,-0.00313700755358431
3362,-0.0044974215903659
3363,-0.00563933586389293
3364,-0.00608460208220175
3365,-0.00575644646702431
3366,-0.00579094027766618
3367,-0.00791979629788788
3368,-0.0125241366355983
3369,-0.017634552423779
3370,-0.0205072471842325
3371,-0.0202135232557869
3372,-0.0182218668600522
3373,-0.0164439671771621
3374,-0.0152991064282263
3375,-0.0139337623172721
3376,-0.0117575187645779
3377,-0.00914637849461622
3378,-0.00680843287399341
3379,-0.00503669353956473
3380,-0.00367548448614603
3381,-0.00244603304940775
3382,-0.00119282354553429
3383,-8.24910178682656E-05
3384,0.000417921168128192
3385,0.000157884784902074
3386,3.08800865530138E-05
3387,0.00157672574134681
3388,0.00535104645751199
3389,0.00987964836574806
3390,0.0127666240259633
3391,0.0129250967803624
3392,0.0113813398215237
3393,0.00987463180087559
3394,0.0090957308849269
3395,0.00845035017247102
3396,0.00710062114780515
3397,0.00483053789256069
3398,0.00209025874136623
3399,-0.000406412921388488
3400,-0.00217100448330575
3401,-0.00331749284141739
3402,-0.00438946267299483
3403,-0.00556410375686434
3404,-0.00624798599334408
3405,-0.00600515653500434
3406,-0.00583149032371427
3407,-0.00768948398549207
3408,-0.0122413062729343
3409,-0.0175153171088815
3410,-0.0205532926164836
3411,-0.0203014825097972
3412,-0.0182877683946688
3413,-0.0165002463380441
3414,-0.0153449767569468
3415,-0.0139586330081783
3416,-0.0118031208487343
3417,-0.00925425697415542
3418,-0.0069013279761561
3419,-0.00496630256222974
3420,-0.00342975109043964
3421,-0.00220627694055604
3422,-0.00111232660911318
3423,-9.77156964201189E-05
3424,0.000447734986859871
3425,0.000191660005908747
3426,-0.000113967928617818
3427,0.00123437391322037
3428,0.0050615788547139
3429,0.00988318668577309
3430,0.0130164679006544
3431,0.0131910949088075
3432,0.011545179540661
3433,0.0099882274808093
3434,0.00918874013492438
3435,0.00845095581845144
3436,0.00699438084367363
3437,0.00476258743934412
3438,0.00220483125879283
3439,-0.00015523187709131
3440,-0.00194256862641898
3441,-0.00315858843788409
3442,-0.00420578007213323
3443,-0.00532108011712699
3444,-0.00607424062110655
3445,-0.00602120680113213
3446,-0.00594933701219259
3447,-0.00768500240388221
3448,-0.0120155155175334
3449,-0.0172015527686598
3450,-0.0203454373565103
3451,-0.0202432542885201
3452,-0.0182749095092423
3453,-0.0164438957090817
3454,-0.0152631434217629
3455,-0.0139078205170998
3456,-0.0117868267426971
3457,-0.00923979789075609
3458,-0.00689925254461322
3459,-0.00504704620392326
3460,-0.00365316700774297
3461,-0.00255036708837516
3462,-0.00147327296191252
3463,-0.000352265871135708
3464,0.000364104880874978
3465,0.000236753817070438
3466,-6.27428741740269E-05
3467,0.00119251916047814
3468,0.00493987130585125
3469,0.00976953345017885
3470,0.0129440895740658
3471,0.0130940429185708
3472,0.0113724857879808
3473,0.00981077779921605
3474,0.00911901514602045
3475,0.00847785575948011
3476,0.00699526900399639
3477,0.0047027536361158
3478,0.00222240264210164
3479,4.95493805709875E-05
3480,-0.00168840538355112
3481,-0.00312929761752736
3482,-0.00447166684893145
3483,-0.005637277529691
3484,-0.00617367120106533
3485,-0.00593937538410982
3486,-0.00596534717868216
3487,-0.00797642326023004
3488,-0.0124735748576783
3489,-0.0175920359743419
3490,-0.0205521172657372
3491,-0.0203050098793565
3492,-0.0182658669670894
3493,-0.0164126942417768
3494,-0.0152684294915302
3495,-0.0140148937771554
3496,-0.0119885946764715
3497,-0.00943266959954249
3498,-0.00698311113249794
3499,-0.00502796908198723
3500,-0.00361579645973094
3501,-0.00255267266456476
3502,-0.00151176130985293
3503,-0.000417577293687364
3504,0.000257127498022375
3505,9.39931931052165E-05
3506,-0.000189014980987113
3507,0.00111799078253269
3508,0.00487268447289732
3509,0.0096384883908573
3510,0.0127603539745874
3511,0.0129535921384869
3512,0.0113357512081045
3513,0.00983005301627088
3514,0.00911953427152752
3515,0.00846670861444143
3516,0.00702977135586087
3517,0.0047740874900824
3518,0.00225221385768817
3519,2.69691225959887E-05
3520,-0.0016395656480665
3521,-0.00288848071710342
3522,-0.00410065623298109
3523,-0.00534802528028717
3524,-0.0061041655721354
3525,-0.00601231455960782
3526,-0.00599100432350735
3527,-0.00785000984013745
3528,-0.0122371728837076
3529,-0.0173498136004902
3530,-0.0203962732839524
3531,-0.020314513950691
3532,-0.0184877136499955
3533,-0.016790273958998
3534,-0.0156343904391223
3535,-0.0142245775220241
3536,-0.0120583863141965
3537,-0.00949759720820273
3538,-0.00711955127858296
3539,-0.00517643960876689
3540,-0.00369152446827892
3541,-0.0025604061451569
3542,-0.00149736257232719
3543,-0.000362125888211841
3544,0.000401906099865173
3545,0.000277000767216575
3546,-0.000106690820852479
3547,0.00105813621933764
3548,0.00482278133116604
3549,0.0097834972806968
3550,0.013106217689743
3551,0.0133534062096777
3552,0.0116956969358891
3553,0.0101866971017784
3554,0.00950441773560032
3555,0.00880751696237294
3556,0.00724889928199495
3557,0.00490221056074924
3558,0.0023478406127487
3559,3.21079596383112E-05
3560,-0.00183949499347762
3561,-0.00325341663856962
3562,-0.00440532538415024
3563,-0.00542621258669207
3564,-0.00603933859078873
3565,-0.00599516645219012
3566,-0.00604051659095485
3567,-0.00779645479084106
3568,-0.0119851732187819
3569,-0.0170341996357078
3570,-0.0202082719730779
3571,-0.0202575093918469
3572,-0.0184105346350018
3573,-0.0166267674557317
3574,-0.0154875316238324
3575,-0.0141890558852794
3576,-0.0120718586922357
3577,-0.00944753443412357
3578,-0.00702561095192932
3579,-0.0051553830853347
3580,-0.00376268309825951
3581,-0.00260512965075574
3582,-0.00144158840433847
3583,-0.000294314584782036
3584,0.000366754589495354
3585,0.000174523827487346
3586,-0.000149260261674493
3587,0.0010979710340628
3588,0.00484374509465696
3589,0.00974036920615217
3590,0.013086769867852
3591,0.0134245681832724
3592,0.0117776525784698
3593,0.0101761554682222
3594,0.00945699934249239
3595,0.00887262746413424
3596,0.00743629145670674
3597,0.00504281935988348
3598,0.00233306657190368
3599,-6.12992754706648E-06
3600,-0.00167205203476034
3601,-0.00283406552504811
3602,-0.00392593369923383
3603,-0.00509927200847177
3604,-0.00588871087824708
3605,-0.00587295733033652
3606,-0.00580643690432859
3607,-0.00745972249843724
3608,-0.0116915719812444
3609,-0.0169244724669032
3610,-0.0202743960711158
3611,-0.0203409747854201
3612,-0.0183623563274226
3613,-0.0164627877853201
3614,-0.0153536072336188
3615,-0.0141777443108888
3616,-0.0121255455256761
3617,-0.00946208097929072
3618,-0.00699199235780317
3619,-0.00514213396050671
3620,-0.00378987858581733
3621,-0.00261505605999275
3622,-0.00140762052228016
3623,-0.000288375432912756
3624,0.00026718765073009
3625,1.17538820669454E-05
3626,-0.000248937677921754
3627,0.00110131444407211
3628,0.00482210900981936
3629,0.00953074368399809
3630,0.0126907348296856
3631,0.0130307905331956
3632,0.0115709336166388
3633,0.0101538203204193
3634,0.00946541003827074
3635,0.00880902308400047
3636,0.00736507859579149
3637,0.00509327600896613
3638,0.0025212053290904
3639,0.000189971670792207
3640,-0.00161048653936419
3641,-0.00293973092616903
3642,-0.00412981232591167
3643,-0.00530646739992298
3644,-0.00601736744874898
3645,-0.00586502856311799
3646,-0.00566332903817644
3647,-0.007269458185411
3648,-0.0115732764176719
3649,-0.0169251367887151
3650,-0.0203418956499731
3651,-0.0204046566014853
3652,-0.0184061197946827
3653,-0.0164996470806208
3654,-0.015369281707603
3655,-0.0141499879768686
3656,-0.0120872280121122
3657,-0.00948787894521887
3658,-0.00710470712017717
3659,-0.00527535313616737
3660,-0.00387193003280783
3661,-0.00264902630413973
3662,-0.00141502757141877
3663,-0.000200618124441238
3664,0.000570044103211327
3665,0.000517181250008992
3666,0.000240452948882422
3667,0.00134517716042051
3668,0.00483461635366282
3669,0.00954751243430191
3670,0.0128772249244864
3671,0.0132939988875832
3672,0.011711974983609
3673,0.0101342911668949
3674,0.00942037211774047
3675,0.00882268228778645
3676,0.00736404278851279
3677,0.00501027814083999
3678,0.00245430924332714
3679,0.000289543876952596
3680,-0.00136691087996069
3681,-0.00273606762757835
3682,-0.00406576054010637
3683,-0.00527843291019271
3684,-0.00590258609212693
3685,-0.00573146723074737
3686,-0.00568780258214498
3687,-0.00747470499556123
3688,-0.0117607342516996
3689,-0.0169043286948241
3690,-0.0201525629438775
3691,-0.0202557208729531
3692,-0.0184342089957488
3693,-0.0166491215926546
3694,-0.0154945586903731
3695,-0.014171749320792
3696,-0.0120276179183627
3697,-0.00939854201565041
3698,-0.00700585017982893
3699,-0.00516133742665742
3700,-0.00374538209246694
3701,-0.00253354138941165
3702,-0.00133849103693906
3703,-0.000171217549804337
3704,0.000568740941850727
3705,0.000498386613967875
3706,0.000173714112586481
3707,0.00115612003585064
3708,0.00447534745595135
3709,0.00908342119179095
3710,0.0124802214992421
3711,0.013111342720953
3712,0.0117332256216352
3713,0.0102143453737037
3714,0.00944949332679993
3715,0.00884647757076836
3716,0.00750225713043961
3717,0.00527381114757867
3718,0.00269793711024344
3719,0.000366884299541537
3720,-0.00144263272669602
3721,-0.00283065684098076
3722,-0.00410388432625143
3723,-0.00532430582745104
3724,-0.00603468512279947
3725,-0.00588047658790844
3726,-0.00566433318318689
3727,-0.00718095181105555
3728,-0.0113423309982484
3729,-0.0166450233358116
3730,-0.0202003198038275
3731,-0.0204735839158663
3732,-0.0185468933844272
3733,-0.016529317530182
3734,-0.0152762813069941
3735,-0.0140815975891194
3736,-0.0121491085240288
3737,-0.00963429287794616
3738,-0.00723487973900743
3739,-0.00536578122213747
3740,-0.00397524257327996
3741,-0.00281212948532
3742,-0.00165272712516465
3743,-0.000527372020801651
3744,0.000137917390595079
3745,-4.21611690757921E-06
3746,-0.000320731287792362
3747,0.000792100146531172
3748,0.00433519448014965
3749,0.00917931117967176
3750,0.0127256909938101
3751,0.0133504514988817
3752,0.0118271454748377
3753,0.0101359080844581
3754,0.00928977098173977
3755,0.00871266218740144
3756,0.00741423838627325
3757,0.00517315549779104
3758,0.0025474800222818
3759,0.000216808306689214
3760,-0.00149574642936701
3761,-0.00273810088835375
3762,-0.00391281713179855
3763,-0.00513750294671843
3764,-0.00592854949614571
3765,-0.00585905561698462
3766,-0.00568414449936404
3767,-0.0072044677116133
3768,-0.0113535767608075
3769,-0.0166235074694177
3770,-0.0201165125759378
3771,-0.0203341603927489
3772,-0.0184230933333325
3773,-0.0165017573448215
3774,-0.0153476215542451
3775,-0.014170427249691
3776,-0.012176976211398
3777,-0.00959545264432306
3778,-0.00717241149055426
3779,-0.00530644401615691
3780,-0.00390737182523335
3781,-0.00270615633149046
3782,-0.00147873485651775
3783,-0.000267006909906279
3784,0.00046850442273549
3785,0.000339328539866515
3786,-2.3877551073431E-05
3787,0.00101992113916262
3788,0.00449132393243942
3789,0.00924534155658352
3790,0.0126976011191444
3791,0.0133015755358813
3792,0.0118772129338824
3793,0.0103243918474093
3794,0.00952978146533135
3795,0.0089182565648769
3796,0.00762831559605427
3797,0.00548791560032057
3798,0.002910337838251
3799,0.000419762404925033
3800,-0.0015824078307703
3801,-0.00299145278514185
3802,-0.00409260405684267
3803,-0.00516059223747051
3804,-0.0059162445978331
3805,-0.0059098750157041
3806,-0.00570075756952805
3807,-0.00701507680022685
3808,-0.0109581123530154
3809,-0.0162384111478954
3810,-0.0199720493290464
3811,-0.0204778983460725
3812,-0.0187278731233796
3813,-0.0168107809430156
3814,-0.0155820851173097
3815,-0.0143373281641579
3816,-0.0123241946280268
3817,-0.00975744609871178
3818,-0.00733149809618313
3819,-0.00541334816108088
3820,-0.00396291261754317
3821,-0.0028002569499597
3822,-0.00169696093735695
3823,-0.00055897338734523
3824,0.000259633093837216
3825,0.000277753197025426
3826,-7.85963368314952E-05
3827,0.000789161855319315
3828,0.00411169042022624
3829,0.00895310690230752
3830,0.0126612604190352
3831,0.0134272094233586
3832,0.0119469064235296
3833,0.0102612983548665
3834,0.00942820510813459
3835,0.00883892033080135
3836,0.0074976273455693
3837,0.00525909840941377
3838,0.00272844790094947
3839,0.000509060860524813
3840,-0.00118584159288875
3841,-0.00250895492194126
3842,-0.00378850615502304
3843,-0.00512117571865348
3844,-0.00605873989595683
3845,-0.00612973630324611
3846,-0.00594029966326178
3847,-0.00722733591252017
3848,-0.0110949438243169
3849,-0.0162957949186573
3850,-0.0199934521316683
3851,-0.0204870242942147
3852,-0.0186969256275258
3853,-0.0167262964396541
3854,-0.0155100624768634
3855,-0.0143773020679214
3856,-0.0125056730638585
3857,-0.0100160171667012
3858,-0.00758341905022784
3859,-0.00561420852930501
3860,-0.00408610781638367
3861,-0.00280551940535619
3862,-0.00156446106371837
3863,-0.000344726143181241
3864,0.000442568355388975
3865,0.000350701052170917
3866,-9.70787103618426E-05
3867,0.00076023517708156
3868,0.00412642312320505
3869,0.0089888812287413
3870,0.0126498267608077
3871,0.0133285022338107
3872,0.0117956811859987
3873,0.0101456616975691
3874,0.00942051099332992
3875,0.00894421562902072
3876,0.00766568439555517
3877,0.00543517256744266
3878,0.00287873013103782
3879,0.000605368106631749
3880,-0.00117049905316597
3881,-0.00255969077428163
3882,-0.00381745423794124
3883,-0.00501980664717519
3884,-0.00580158179451368
3885,-0.00580777437772533
3886,-0.00567235534410651
3887,-0.0070529866987949
3888,-0.0109765227388226
3889,-0.0162073543286769
3890,-0.0199597932389819
3891,-0.0205203641034474
3892,-0.0187390749538034
3893,-0.0166973774425534
3894,-0.0154010432619275
3895,-0.01425284811166
3896,-0.0124121389167826
3897,-0.00992544509321686
3898,-0.00744516157481912
3899,-0.00543296365433777
3900,-0.00392270316302337
3901,-0.00271523727089906
3902,-0.00155507561180731
3903,-0.000379587322599302
3904,0.000421212463072796
3905,0.000379570516801565
3906,-5.90003830733368E-05
3907,0.000688453080054455
3908,0.00386170451104232
3909,0.0086141667170063
3910,0.0123778631103957
3911,0.0132937648065564
3912,0.0119104862002283
3913,0.010208153920189
3914,0.00935011696951005
3915,0.00885647522552728
3916,0.00770776381831357
3917,0.00560128904911367
3918,0.00302594395043537
3919,0.000625830954619578
3920,-0.00123839609706038
3921,-0.00259844871793214
3922,-0.00377663136669683
3923,-0.00496526789533169
3924,-0.00581739173915603
3925,-0.00587720153791601
3926,-0.00569205686703104
3927,-0.00696798387258958
3928,-0.0108565558331559
3929,-0.0161533904903192
3930,-0.0199675641803622
3931,-0.020501380714067
3932,-0.0186713981956569
3933,-0.0166740767373267
3934,-0.0154890955350762
3935,-0.0143710290364702
3936,-0.0124225327858207
3937,-0.0098129072932621
3938,-0.00732604493506404
3939,-0.0053944405642115
3940,-0.00393690687853861
3941,-0.00272935550410675
3942,-0.00158191960198021
3943,-0.000451557220716242
3944,0.000322019266509422
3945,0.000277648519622999
3946,-0.000200278500988327
3947,0.000470790082158773
3948,0.00364436087836086
3949,0.00855184509722445
3950,0.0125278038159914
3951,0.0135382852684014
3952,0.0120872799171342
3953,0.0102681996089039
3954,0.00934651413794865
3955,0.00882697459972506
3956,0.00763758073604559
3957,0.00548817571360244
3958,0.00290641681479212
3959,0.000509656893987306
3960,-0.00141171312390741
3961,-0.00289233255904822
3962,-0.00416371980253718
3963,-0.00534044780134109
3964,-0.0061018718567481
3965,-0.00607158249567945
3966,-0.00581763522768738
3967,-0.00700531978925863
3968,-0.0107959585548194
3969,-0.0160876985280087
3970,-0.0200555004163999
3971,-0.0207975473227344
3972,-0.0190433570693998
3973,-0.0169509330252731
3974,-0.0156671424792541
3975,-0.0145956103642605
3976,-0.0127674358650516
3977,-0.0101731177712637
3978,-0.00757377107698987
3979,-0.0055556284401648
3980,-0.00412535268119333
3981,-0.0029596410939821
3982,-0.0017641229475729
3983,-0.000562056881732115
3984,0.000189735927083402
3985,7.17638864691599E-05
3986,-0.000394333535929752
3987,0.000363678433593743
3988,0.00353092456408291
3989,0.00828232620550841
3990,0.0121318006732353
3991,0.0132151088578901
3992,0.0119408777970347
3993,0.0101687248242088
3994,0.00911826212641115
3995,0.0084835576859441
3996,0.00733965533793093
3997,0.0053215484259048
3998,0.00281235734601496
3999,0.000424971588750835
4000,-0.00145828074220018
4001,-0.00286717942233928
4002,-0.00413082807595942
4003,-0.00540354680828137
4004,-0.00627879147133605
4005,-0.00629119936262038
4006,-0.00602541565394728
4007,-0.00720271453828658
4008,-0.0109690504346271
4009,-0.016173154101777
4010,-0.020028798461031
4011,-0.020748804125309
4012,-0.0190883723519412
4013,-0.0170687684050919
4014,-0.0157033801503041
4015,-0.0144656923678669
4016,-0.0125946231417366
4017,-0.0101443971892313
4018,-0.00768164184788723
4019,-0.00558898332492049
4020,-0.00395810845823797
4021,-0.00275415172671636
4022,-0.00177928846886254
4023,-0.000793114552534659
4024,4.3997931908432E-05
4025,0.000234492799657554
4026,-7.79594163141164E-05
4027,0.000478413404733357
4028,0.00331227667113655
4029,0.00794485235717874
4030,0.0119374543825822
4031,0.0131868429330815
4032,0.0119434277875028
4033,0.0101699473138228
4034,0.00923617534450649
4035,0.00879230642114304
4036,0.00775332651276664
4037,0.0057110395791132
4038,0.0031502981506538
4039,0.000751320829326151
4040,-0.00115251342728335
4041,-0.00263308422174948
4042,-0.00395518805359423
4043,-0.0051932280880742
4044,-0.00597334518872034
4045,-0.00593420762589135
4046,-0.00569258428003437
4047,-0.00690220209746365
4048,-0.010655367108349
4049,-0.0158342265736631
4050,-0.0197108444197373
4051,-0.0204981916828455
4052,-0.0189086411470915
4053,-0.0169435766878511
4054,-0.0156294252730695
4055,-0.0144424610641853
4056,-0.0126005753860043
4057,-0.0101519596312433
4058,-0.00769632196220123
4059,-0.0056513028555716
4060,-0.00408765877555856
4061,-0.0028941748745119
4062,-0.00182676366601449
4063,-0.000718307016961339
4064,0.000115849386934973
4065,0.00012112594305461
4066,-0.00039290630274949
4067,0.00019532591560025
4068,0.00332646543850245
4069,0.00824762581471961
4070,0.012236001496508
4071,0.0132353144246924
4072,0.0118099575685173
4073,0.0101032409303761
4074,0.00932643739620349
4075,0.00888261735036258
4076,0.00768654998732865
4077,0.00553910839942672
4078,0.00303434009042794
4079,0.000744516260786351
4080,-0.00112367158810255
4081,-0.00262137859794807
4082,-0.00394524862774957
4083,-0.00520022978465895
4084,-0.0060668506223623
4085,-0.0061063492752241
4086,-0.00579361588652427
4087,-0.00680715008464018
4088,-0.0104625879048641
4089,-0.0157948269503499
4090,-0.0199408638070255
4091,-0.0208377493111068
4092,-0.0191113567900944
4093,-0.0169511813608478
4094,-0.0155950412032583
4095,-0.0145099322094086
4096,-0.0127456700168946
4097,-0.0102646590083546
4098,-0.00775168504114593
4099,-0.00573178941413461
4100,-0.00425650573455084
4101,-0.0031143523793749
4102,-0.00201841104748198
4103,-0.000840278781929063
4104,7.04915605926516E-05
4105,0.00015556878150999
4106,-0.000315799792466663
4107,0.000202314662868298
4108,0.00316683308064654
4109,0.00798904942485165
4110,0.0120875055036384
4111,0.0133195361207289
4112,0.0120062082869585
4113,0.0101872883630992
4114,0.00924059278244415
4115,0.00878558248077882
4116,0.00773359939953935
4117,0.0057007032802699
4118,0.00317806645885842
4119,0.00082765408858582
4120,-0.00102475257076352
4121,-0.00245255726312496
4122,-0.00376083820372033
4123,-0.00508091924495996
4124,-0.00600548180300646
4125,-0.00602595194778398
4126,-0.00566749399066225
4127,-0.00671550424837049
4128,-0.0105038414954986
4129,-0.0159555444376016
4130,-0.0200911508010153
4131,-0.0208776166662895
4132,-0.0190965021559729
4133,-0.0170248993345224
4134,-0.0157948527577331
4135,-0.0147101309493737
4136,-0.0128342831948138
4137,-0.0103136215564855
4138,-0.00791388735410206
4139,-0.00598767978224829
4140,-0.00438635951387819
4141,-0.00297497598287005
4142,-0.00174988303789009
4143,-0.000699545724127856
4144,2.83033249438239E-05
4145,0.000111762504576805
4146,-0.000216772779493253
4147,0.000372332599968633
4148,0.00326158050736445
4149,0.00800246229388696
4150,0.0121314790347174
4151,0.0134432339710837
4152,0.0121473330485602
4153,0.010293974227563
4154,0.00933854062834606
4155,0.00889144074982149
4156,0.00777966093020065
4157,0.00560178731513576
4158,0.00293095013622402
4159,0.000497019743201577
4160,-0.00137916869542516
4161,-0.0027796705685899
4162,-0.00398897394116196
4163,-0.00517430573750197
4164,-0.00604730819642403
4165,-0.00614816494665948
4166,-0.00585360850122035
4167,-0.00675705326893142
4168,-0.0102420411192556
4169,-0.0155266243271468
4170,-0.0198258610221127
4171,-0.0209461375319232
4172,-0.0193452506310629
4173,-0.0172007065953836
4174,-0.0158353573134964
4175,-0.0147234189785829
4176,-0.0128563594285207
4177,-0.0102308783288614
4178,-0.00765209625665862
4179,-0.00565526183430692
4180,-0.00414090249867999
4181,-0.00281273604022588
4182,-0.00153550300516224
4183,-0.000385895703702096
4184,0.00032301001960422
4185,0.000278972783530668
4186,-0.000119464298306871
4187,0.000528464825846632
4188,0.00348069874199684
4189,0.00816210003880332
4190,0.0121689802904081
4191,0.0134494049656012
4192,0.012234865265826
4193,0.0104425719350876
4194,0.00943773529136002
4195,0.00890815414844801
4196,0.00780859781199177
4197,0.00574004723789493
4198,0.00315509272218395
4199,0.000688722476147259
4200,-0.00131968917387641
4201,-0.00286763029746363
4202,-0.00416724311736927
4203,-0.00535104045682502
4204,-0.00614012069200075
4205,-0.00613933741799856
4206,-0.00581017451708919
4207,-0.00676219555053515
4208,-0.0102933451852011
4209,-0.0155300457470376
4210,-0.019704681684349
4211,-0.0207258662250511
4212,-0.019108539069369
4213,-0.0169941090764825
4214,-0.015669553483014
4215,-0.0146451906059944
4216,-0.0129424098005147
4217,-0.0104775459388426
4218,-0.00792913237196796
4219,-0.00583278057351509
4220,-0.00424202417811674
4221,-0.0029737781023691
4222,-0.00180818139149405
4223,-0.000646602101345097
4224,0.000225531947855383
4225,0.000329762802115246
4226,-8.60606163929068E-05
4227,0.000426306671357119
4228,0.00329249633292586
4229,0.0080097955456183
4230,0.0120868463422402
4231,0.0133678727649721
4232,0.0121041539909147
4233,0.0103156912241916
4234,0.00941356614800943
4235,0.00901999120184299
4236,0.00799375918531379
4237,0.00591051511888893
4238,0.00328350747495316
4239,0.000830804416606855
4240,-0.00107378575285495
4241,-0.00247007686635299
4242,-0.00366057675804556
4243,-0.00484620454420102
4244,-0.0057322656024132
4245,-0.00583256411221534
4246,-0.0055270594530758
4247,-0.0064330663096991
4248,-0.00993091460811217
4249,-0.0152113303893523
4250,-0.0194901649674335
4251,-0.0206114609905534
4252,-0.019050575337853
4253,-0.0169542890117058
4254,-0.0156254189200105
4255,-0.014583442191337
4256,-0.0128716055668084
4257,-0.0104364194766235
4258,-0.00794554481748512
4259,-0.00587195754732712
4260,-0.00423607490846138
4261,-0.00292202445146034
4262,-0.00180576415408028
4263,-0.000766538517332838
4264,5.17841127470715E-05
4265,0.000245522965218893
4266,-5.31811622341642E-05
4267,0.000441720810724287
4268,0.00318596018291457
4269,0.00788522819099028
4270,0.0121541226194203
4271,0.0136724255983435
4272,0.0124481365618425
4273,0.010481770709918
4274,0.0093972094127093
4275,0.00898652031414724
4276,0.00806173283820345
4277,0.00606414540361715
4278,0.00347848740940379
4279,0.00107863641447672
4280,-0.000771885381084225
4281,-0.0022007406687972
4282,-0.00353571044779806
4283,-0.00488428998457988
4284,-0.00585644642418338
4285,-0.00596706864050464
4286,-0.00563309748650634
4287,-0.0064595265775879
4288,-0.00982236347932719
4289,-0.0150116652731974
4290,-0.0193720395999882
4291,-0.0207205387140097
4292,-0.019333623374125
4293,-0.0172074664559724
4294,-0.015715246881404
4295,-0.0145594022966901
4296,-0.0128503210698485
4297,-0.010448597311193
4298,-0.00794889020273677
4299,-0.00585891972049478
4300,-0.00424487282077233
4301,-0.00294925477079351
4302,-0.00178634567696303
4303,-0.000665833540015735
4304,0.000182139532121889
4305,0.000337284204781255
4306,-9.08610208076468E-06
4307,0.000443562687380068
4308,0.00308180075319849
4309,0.00758353523427214
4310,0.0116743021827379
4311,0.0131818333047676
4312,0.0121226152092063
4313,0.0103575447569462
4314,0.00939112431183927
4315,0.00902664040780924
4316,0.00813626692454827
4317,0.00614034719841817
4318,0.00344591327750957
4319,0.000841292498435987
4320,-0.00115197062283023
4321,-0.00251193403264726
4322,-0.00361131340957439
4323,-0.00477255724784194
4324,-0.00575624099964917
4325,-0.00599438630731409
4326,-0.00569931350893634
4327,-0.00640582483640558
4328,-0.0096234043045798
4329,-0.0147786708251408
4330,-0.0191722933933785
4331,-0.0204911500374734
4332,-0.0190204228864434
4333,-0.0169142383881386
4334,-0.0156190437553632
4335,-0.014690121790437
4336,-0.0130412855700972
4337,-0.0105303047507791
4338,-0.00792482266525835
4339,-0.00585155783573158
4340,-0.00432547620879016
4341,-0.00308300208159415
4342,-0.0019160548489772
4343,-0.000776907206421056
4344,8.50000578215738E-05
4345,0.000262121204833458
4346,-5.41346861058826E-05
4347,0.000427089999195425
4348,0.00310662197910498
4349,0.00768565107780549
4350,0.0118801674080066
4351,0.0134817608503538
4352,0.0124831762910611
4353,0.0107316313742749
4354,0.00970728424104437
4355,0.00921636399017354
4356,0.00821414348778544
4357,0.00622984243102835
4358,0.00366760863572165
4359,0.00117116507169123
4360,-0.000870792189070388
4361,-0.00240435278668842
4362,-0.00365010399011411
4363,-0.0048314855983857
4364,-0.00574125661385472
4365,-0.00589404657989219
4366,-0.00554209864522387
4367,-0.00622346267287491
4368,-0.00946160377378264
4369,-0.0147012327772934
4370,-0.01922401147931
4371,-0.0206583584266951
4372,-0.0192361977126542
4373,-0.017101537102344
4374,-0.0157335749114741
4375,-0.0147332446778722
4376,-0.0130411634618528
4377,-0.0105141553397417
4378,-0.00791562405523939
4379,-0.00588535574995866
4380,-0.00444081396300776
4381,-0.00326346738300302
4382,-0.00205790612075685
4383,-0.000768994823216013
4384,0.000218900345467313
4385,0.000334037564230275
4386,-0.000225945629602105
4387,4.83924660164967E-05
4388,0.00277727324074929
4389,0.00763173949985889
4390,0.0120546741912986
4391,0.0136062398859662
4392,0.0123421540404861
4393,0.0103962127813313
4394,0.00943771965643744
4395,0.00916401936372129
4396,0.00827591871414493
4397,0.00621351201924725
4398,0.00354351877949231
4399,0.00109303026408492
4400,-0.000781509419301291
4401,-0.00221937047137628
4402,-0.00354774073197407
4403,-0.00490222705671177
4404,-0.00592828569314247
4405,-0.00609337019644525
4406,-0.00569374201794576
4407,-0.00630628623850028
4408,-0.00946721109922479
4409,-0.0146497080159035
4410,-0.0191671459462889
4411,-0.0206262552681309
4412,-0.0191942643485757
4413,-0.0169904366667187
4414,-0.0155440044175895
4415,-0.0145244769906348
4416,-0.0128998457134558
4417,-0.0105100014925063
4418,-0.00806259982053415
4419,-0.00610237025580116
4420,-0.00457223132863941
4421,-0.00320603818801563
4422,-0.00188115240417025
4423,-0.000650687126885479
4424,0.000203897695851669
4425,0.000301762170023094
4426,-0.000144222788842048
4427,0.000176140557683246
4428,0.00273741310017264
4429,0.00733772698666079
4430,0.0116826256025294
4431,0.0134105346182798
4432,0.0123871190247718
4433,0.0105279953225043
4434,0.00949715636511044
4435,0.00915746373202966
4436,0.00832272214117753
4437,0.00637890051628198
4438,0.00376364316710397
4439,0.00125153320901514
4440,-0.00073326970815266
4441,-0.00222008267612874
4442,-0.00349131870007309
4443,-0.00474167000897062
4444,-0.00571796290523025
4445,-0.00592494390553717
4446,-0.00559465197723578
4447,-0.00621713948224211
4448,-0.0093247019718663
4449,-0.014468373009373
4450,-0.0190170482552183
4451,-0.0205435278770723
4452,-0.019150525901988
4453,-0.0169592283689164
4454,-0.0155644275597564
4455,-0.0146608618038881
4456,-0.0131359320467598
4457,-0.0107083350118601
4458,-0.00805778973691891
4459,-0.00584697451861429
4460,-0.00418778065200906
4461,-0.00287545186022943
4462,-0.00168065059017485
4463,-0.000495264637712439
4464,0.000440719007569135
4465,0.000628526908003326
4466,0.000149647457681968
4467,0.000326255662923807
4468,0.00276457328349016
4469,0.00735279645280966
4470,0.0117612592621236
4471,0.0135497779084966
4472,0.012560880852158
4473,0.0107193955322982
4474,0.00966359089783008
4475,0.00923100012359749
4476,0.00829644786893713
4477,0.00635574845362242
4478,0.00385671047483465
4479,0.00144370832961437
4480,-0.000571068673497267
4481,-0.0021645487898687
4482,-0.00347882502983978
4483,-0.00466948485209511
4484,-0.00557470167379163
4485,-0.00576635558276201
4486,-0.0054236673602214
4487,-0.00596357853983915
4488,-0.00895363541899547
4489,-0.0140556162255013
4490,-0.0186916718178387
4491,-0.0203847602517689
4492,-0.01915122669392
4493,-0.0170467456325969
4494,-0.0156271561923464
4495,-0.0146022636285673
4496,-0.0129652014596678
4497,-0.0105694467377369
4498,-0.00810791950151591
4499,-0.00608975773753988
4500,-0.00446767850311049
4501,-0.00305462349832977
4502,-0.00177453743834663
4503,-0.000600094268264136
4504,0.000306665267531704
4505,0.000541257965970086
4506,0.000147165246816992
4507,0.000335660505377081
4508,0.00269539300114897
4509,0.00721263660042422
4510,0.0116276388859127
4511,0.0134547122574667
4512,0.0124673069137664
4513,0.0106138963656626
4514,0.00960560320424748
4515,0.00926661873782772
4516,0.00836308492538801
4517,0.00633495329116917
4518,0.00372169632762215
4519,0.00129679080312363
4520,-0.000631774668398239
4521,-0.00217179227954598
4522,-0.00354393130139589
4523,-0.00483007803532522
4524,-0.00575822953702805
4525,-0.00591203330456387
4526,-0.00557702586794233
4527,-0.00620427054073711
4528,-0.00926921080662374
4529,-0.0143499449857687
4530,-0.0189110181574464
4531,-0.0205731660662661
4532,-0.0193670603941568
4533,-0.0172810594007117
4534,-0.0158395818514768
4535,-0.0147880584571622
4536,-0.0131309389790747
4537,-0.010672933764507
4538,-0.00809734197007152
4539,-0.00600449295214508
4540,-0.00442870294140262
4541,-0.00312191130688869
4542,-0.0018666802248862
4543,-0.000599276318130028
4544,0.000407932010807325
4545,0.000648954832229384
4546,0.000194582437440938
4547,0.000342518293807887
4548,0.00270792030006584
4549,0.00725324887838159
4550,0.0117178684036931
4551,0.0136182287006356
4552,0.0126658377912639
4553,0.0107293789040947
4554,0.0095553108425682
4555,0.00912624355850032
4556,0.00831200053527073
4557,0.00646053863207232
4558,0.00391927125514417
4559,0.00139469083797305
4560,-0.00066974327626887
4561,-0.0022030899191852
4562,-0.00341087674790739
4563,-0.00454396428913987
4564,-0.0054962579804871
4565,-0.00582011385212537
4566,-0.00559068494981144
4567,-0.00610032210610234
4568,-0.0089098743617268
4569,-0.013844238950625
4570,-0.0184956299099415
4571,-0.0203510294182206
4572,-0.0192199085118169
4573,-0.0170477200026917
4574,-0.0155182771425224
4575,-0.0145189756970446
4576,-0.0130199863710193
4577,-0.0106938474915986
4578,-0.00815358619692575
4579,-0.00602348457490473
4580,-0.00438324457910975
4581,-0.00301702469508557
4582,-0.00174261427954871
4583,-0.000515266919558539
4584,0.000430522902281525
4585,0.000648255719107454
4586,0.000200046089021485
4587,0.00030825830174658
4588,0.00256854037362656
4589,0.00704774224731608
4590,0.0115985393967736
4591,0.0136965270830895
4592,0.0128769695950605
4593,0.0108942983886367
4594,0.00956938716745529
4595,0.0090450963116061
4596,0.00824890052938658
4597,0.00645022452441045
4598,0.00391994416808852
4599,0.00138626740616635
4600,-0.000659197549631396
4601,-0.0021809444181792
4602,-0.00346452302574264
4603,-0.00474459229780387
4604,-0.00577971591695664
4605,-0.00603109161912622
4606,-0.00566558305156666
4607,-0.00615955424931073
4608,-0.00912906042807645
4609,-0.0142547966404416
4610,-0.0189534476053043
4611,-0.0206951457408803
4612,-0.0194212015511752
4613,-0.0171974647101802
4614,-0.0157146606281912
4615,-0.0147907969733872
4616,-0.0133276139040041
4617,-0.0109616453493912
4618,-0.00831199647571433
4619,-0.00606634720983335
4620,-0.00439961655683359
4621,-0.00313614019222733
4622,-0.00202084433934429
4623,-0.00088366289156436
4624,9.86398123056529E-05
4625,0.00043290877409934
4626,0.000105707787363508
4627,0.00030412735584268
4628,0.00261074434425382
4629,0.00706537657110582
4630,0.0115147700644742
4631,0.013505014067723
4632,0.0126801288904458
4633,0.0108243611597531
4634,0.00966420795671593
4635,0.00922264009552628
4636,0.00840366309161965
4637,0.00654917663624583
4638,0.00399931478499345
4639,0.0014936971415834
4640,-0.000489210487659342
4641,-0.00192231850554604
4642,-0.00312550333486213
4643,-0.00440503160439593
4644,-0.00555260035837274
4645,-0.00594711437526329
4646,-0.00561368462933231
4647,-0.00597902926176171
4648,-0.00876389711729359
4649,-0.0137987137131299
4650,-0.0185528557973652
4651,-0.0204429146529482
4652,-0.0193438839980837
4653,-0.0172845510119142
4654,-0.0159091904415509
4655,-0.0149783997290037
4656,-0.0134059271555916
4657,-0.0109371675912824
4658,-0.00828358531845546
4659,-0.00609207819061777
4660,-0.00442886627083239
4661,-0.00310907253860899
4662,-0.00198026776888027
4663,-0.00090971331188126
4664,3.70257182508436E-05
4665,0.000452793439481403
4666,0.000207789920053451
4667,0.000302046904414302
4668,0.00235309354466563
4669,0.00667017793536444
4670,0.0112706033344581
4671,0.0135500448459382
4672,0.0128862078708668
4673,0.0110121269568291
4674,0.00981185690184239
4675,0.00939523030593949
4676,0.00858275849366978
4677,0.00665311816117911
4678,0.00402264865658402
4679,0.00149302866531795
4680,-0.000540611538132519
4681,-0.00212485159239231
4682,-0.00345325501317275
4683,-0.00464399989622056
4684,-0.00554165433767614
4685,-0.00580037708580678
4686,-0.00557710423989008
4687,-0.00610026670271134
4688,-0.00884363370974374
4689,-0.0136885573963925
4690,-0.0183666243122359
4691,-0.0203887383626966
4692,-0.0194360515538409
4693,-0.0173393630770577
4694,-0.0157966262246932
4695,-0.014763954012075
4696,-0.0132255657989669
4697,-0.0108315067569451
4698,-0.00821127692050972
4699,-0.0060333163312092
4700,-0.00438409811967621
4701,-0.00302219095263555
4702,-0.00176766052152941
4703,-0.000600423701482152
4704,0.000266554368320246
4705,0.000451199533788784
4706,2.20658648263774E-05
4707,0.000107913664144252
4708,0.00222702873261929
4709,0.00651916472723097
4710,0.0110140368159094
4711,0.0132738788177349
4712,0.0127253636269508
4713,0.0109314721718412
4714,0.0096353792558318
4715,0.00907681423391874
4716,0.00832710196317523
4717,0.00668122201791791
4718,0.00429008783967062
4719,0.00175048531684965
4720,-0.000442978875243191
4721,-0.00212261683347008
4722,-0.00346573780476424
4723,-0.00473538886025138
4724,-0.00578307122908131
4725,-0.00606699272893511
4726,-0.00563565725289852
4727,-0.00589711071363721
4728,-0.00858153512502655
4729,-0.0135778657183997
4730,-0.0183982759084424
4731,-0.020418640111971
4732,-0.0194120439357387
4733,-0.0173395868312254
4734,-0.0158770754068451
4735,-0.014885256400683
4736,-0.0133547258203694
4737,-0.0110184293569732
4738,-0.00850123418440547
4739,-0.00636227848302188
4740,-0.00463966960057719
4741,-0.00318261921914075
4742,-0.00189774111687575
4743,-0.000705745288079376
4744,0.000291166746804601
4745,0.00067351047181368
4746,0.00032920673695454
4747,0.00029758401414097
4748,0.00224087208590615
4749,0.00651060386681516
4750,0.0111517916353454
4751,0.0135386498218482
4752,0.0129650921821594
4753,0.011087886929584
4754,0.00982353196707813
4755,0.00940992060289427
4756,0.00873706219040819
4757,0.00699033621008762
4758,0.0044391086695925
4759,0.00187423840126369
4760,-0.000185865574057487
4761,-0.00172876806329841
4762,-0.00305207128977169
4763,-0.00437864840295662
4764,-0.00546797821522911
4765,-0.00577520339800544
4766,-0.00539617574458246
4767,-0.00571344651189959
4768,-0.00837522834354637
4769,-0.0132718880133169
4770,-0.0180353604102226
4771,-0.020133674457208
4772,-0.0192821080385871
4773,-0.0173086146979118
4774,-0.0158420469107511
4775,-0.0148137467647032
4776,-0.0132882009990096
4777,-0.0109922911398815
4778,-0.00850488694618893
4779,-0.00637142257262337
4780,-0.00465483875105609
4781,-0.00323251439680943
4782,-0.00202122530712415
4783,-0.000922439235977978
4784,2.00360631720887E-05
4785,0.00044920804607895
4786,0.000240721050756397
4787,0.000324387891050725
4788,0.00225844517556366
4789,0.00642000118431453
4790,0.010988336247123
4791,0.0134244520528558
4792,0.0129644762339173
4793,0.0111404546919731
4794,0.00982141727531471
4795,0.00931134800707759
4796,0.00859105456920193
4797,0.00686882451195208
4798,0.00436082034723534
4799,0.00178649414577877
4800,-0.000359428710553074
4801,-0.00201372998345277
4802,-0.00338959988687462
4803,-0.00467582688940589
4804,-0.00568927177129158
4805,-0.00597114705960806
4806,-0.00563252979565353
4807,-0.00599033379345506
4808,-0.00863744305099521
4809,-0.0134867292154766
4810,-0.0182286790632755
4811,-0.0203426892307539
4812,-0.0194960789239352
4813,-0.0174736237251049
4814,-0.0159174615846599
4815,-0.0148109162990369
4816,-0.0132508917974109
4817,-0.0109385839748549
4818,-0.00839595755595919
4819,-0.00615872240122732
4820,-0.00437101438371297
4821,-0.00300515680110543
4822,-0.00194906861700349
4823,-0.000944032007953549
4824,7.13637413745489E-05
4825,0.000632147295955646
4826,0.000407459507380289
4827,0.000297267999305991
4828,0.00206902233326556
4829,0.00628622055724516
4830,0.0110531008741491
4831,0.0136071643928037
4832,0.0131107954970417
4833,0.011232515738803
4834,0.00995112770996626
4835,0.00949271810192965
4836,0.00871992464147611
4837,0.00689242555764578
4838,0.00439083100736539
4839,0.00197551577859679
4840,-3.78549264920105E-06
4841,-0.00162132643385808
4842,-0.0030624396511396
4843,-0.00441016308857529
4844,-0.00546157676036479
4845,-0.00581227329195484
4846,-0.00556441075073014
4847,-0.00594509019535502
4848,-0.00851857433518743
4849,-0.0133044902335576
4850,-0.0181080239233851
4851,-0.0203765681789512
4852,-0.0196428865284323
4853,-0.0176327429261325
4854,-0.016063706526123
4855,-0.0149995197173361
4856,-0.0135080768768205
4857,-0.0112144998688846
4858,-0.00863961771766232
4859,-0.00638152087484381
4860,-0.00459671980642001
4861,-0.00319866474122074
4862,-0.0020529444368754
4863,-0.000974412648628362
4864,2.51137172669139E-05
4865,0.000518776190948271
4866,0.000278562349944146
4867,0.000231992138513478
4868,0.00206586646622766
4869,0.0062675774581349
4870,0.010960047655659
4871,0.0134508173830083
4872,0.0129359149788736
4873,0.0110752732911091
4874,0.00984566238262505
4875,0.00947797626253236
4876,0.0087966251182101
4877,0.00697593524323956
4878,0.00434583724083809
4879,0.00173083178006674
4880,-0.000368218705807839
4881,-0.00191758537951468
4882,-0.00315167239350311
4883,-0.00433149299785673
4884,-0.00539381939320915
4885,-0.00588779014575902
4886,-0.00572727466495152
4887,-0.00601976280970769
4888,-0.00841838346891546
4889,-0.0131337575241417
4890,-0.0180357594274432
4891,-0.0204401757727718
4892,-0.0197170830260724
4893,-0.0175805946865916
4894,-0.0158730913194745
4895,-0.0147687333899238
4896,-0.0133456315412749
4897,-0.0111758556600946
4898,-0.00872104766532066
4899,-0.00652567098390139
4900,-0.00471285039355658
4901,-0.00322311719571078
4902,-0.00200698189402213
4903,-0.000941118405040205
4904,-1.04376034422741E-05
4905,0.000428631019289682
4906,0.000162484723042526
4907,6.32253731043037E-05
4908,0.00178815061159085
4909,0.00589362143573896
4910,0.0106123602887823
4911,0.013272246678112
4912,0.0129540214614805
4913,0.011165570229731
4914,0.0098410956878755
4915,0.00931857943407409
4916,0.00857413206418124
4917,0.00684280093182562
4918,0.0043926428236101
4919,0.0019431509186125
4920,-7.05472999951068E-05
4921,-0.00163272281268327
4922,-0.00296973307125185
4923,-0.00429847114818428
4924,-0.00546371441514201
4925,-0.00593026821500317
4926,-0.00562205909699475
4927,-0.005753654573633
4928,-0.00808072976777831
4929,-0.012830563873605
4930,-0.0178334690972211
4931,-0.0203784763305048
4932,-0.0198218682216754
4933,-0.0178330896199207
4934,-0.0161958268366449
4935,-0.0150796560211041
4936,-0.0136207371861619
4937,-0.0114363086189496
4938,-0.00896929638666624
4939,-0.00672788363397457
4940,-0.0048446975864937
4941,-0.00329832072309757
4942,-0.00204277437063724
4943,-0.000918471327455131
4944,0.00010372980271243
4945,0.000619972889212893
4946,0.000347693429513052
4947,0.00014498797811223
4948,0.001742649612131
4949,0.00580598399534341
4950,0.0106062704659486
4951,0.0133855673695269
4952,0.0130977502352713
4953,0.0112397077571712
4954,0.00988059426414578
4955,0.00947003234434476
4956,0.0089035455937313
4957,0.00721360990960504
4958,0.00458049507521828
4959,0.00184860536724091
4960,-0.000359391116560318
4961,-0.00195068248959821
4962,-0.00318502457674681
4963,-0.00434200433274034
4964,-0.00535049412868503
4965,-0.00577946674767461
4966,-0.00557358373704204
4967,-0.00580764370587403
4968,-0.00807649710801127
4969,-0.0126469330275198
4970,-0.0175621027936349
4971,-0.0202185508321147
4972,-0.019829751132789
4973,-0.0178689320386293
4974,-0.0161175739876051
4975,-0.0148950232250335
4976,-0.0134152766139803
4977,-0.0112394541378591
4978,-0.00876247976304039
4979,-0.0065317435594891
4980,-0.0047169249429642
4981,-0.00325817907147258
4982,-0.00205975250617302
4983,-0.000973522045114192
4984,-1.0965295982328E-06
4985,0.000470115726351714
4986,0.000194185268338821
4987,2.47847509120627E-05
4988,0.00166102972751223
4989,0.0057610445180727
4990,0.0106068233037079
4991,0.0134265807046848
4992,0.013144822063996
4993,0.0112534322129625
4994,0.00983865616325274
4995,0.0093596536859157
4996,0.00872886325650379
4997,0.00703579254740525
4998,0.00451863115892374
4999,0.0019928223352584
5000,-4.72656003834106E-05
5001,-0.00163577506397772
5002,-0.00304760257000521
5003,-0.00444965710072105
5004,-0.00560851426790044
5005,-0.00599933173132479
5006,-0.00562727452074942
5007,-0.00574685715562493
5008,-0.00808042928884373
5009,-0.0128247620354345
5010,-0.0178275075323373
5011,-0.0203922402890043
5012,-0.0198423118791517
5013,-0.0178111972280175
5014,-0.0161055076170942
5015,-0.0149540612353617
5016,-0.0135099872242527
5017,-0.0113428557953896
5018,-0.00884825736695519
5019,-0.0065525147859587
5020,-0.00465978623500077
5021,-0.00320063898442895
5022,-0.00210320053905801
5023,-0.0011167546913724
5024,-0.000133425585436217
5025,0.000437055682017684
5026,0.000234301182799922
5027,5.82074146553951E-05
5028,0.00166450026729919
5029,0.00577903782605641
5030,0.0106739958947397
5031,0.0135199871474967
5032,0.0132144474207677
5033,0.0112755911870538
5034,0.00983509497751173
5035,0.00938181896426249
5036,0.0088263742294715
5037,0.00722344982972088
5038,0.00476335820971083
5039,0.0022376926749514
5040,0.000161651647034239
5041,-0.00145145912112212
5042,-0.00284712206023893
5043,-0.00421064155227443
5044,-0.00536146884140262
5045,-0.00580702273671816
5046,-0.0055173299618419
5047,-0.0056716639534622
5048,-0.0079695661496782
5049,-0.0126794635458548
5050,-0.0177280062391111
5051,-0.0203904323243309
5052,-0.0198834708595288
5053,-0.0178073720740067
5054,-0.01606174616458
5055,-0.0149547763009427
5056,-0.0135784134685705
5057,-0.0113962257266507
5058,-0.00884185177468381
5059,-0.00660168118298526
5060,-0.0049229894442429
5061,-0.00364899060795659
5062,-0.00249631485129264
5063,-0.00124892520530931
5064,-5.06331731868702E-05
5065,0.000510318901157569
5066,0.000143290945346873
5067,-0.000167214280288465
5068,0.00140872618272265
5069,0.00552935056962096
5070,0.0104026095735891
5071,0.0132262410346317
5072,0.0129444208070807
5073,0.0110447604630319
5074,0.00957885282280479
5075,0.00902010573915362
5076,0.00837231643512568
5077,0.00679542526502288
5078,0.00446990888812544
5079,0.0020623767383922
5080,-1.21027680834626E-05
5081,-0.00170451327885625
5082,-0.00314881793787473
5083,-0.00449643674766617
5084,-0.0056432123946886
5085,-0.00614745298446801
5086,-0.00590439172354799
5087,-0.00599156067617099
5088,-0.008141220861919
5089,-0.0127650744755554
5090,-0.0178542622306453
5091,-0.0205923872584994
5092,-0.0200962691091965
5093,-0.0180010527438914
5094,-0.0162994461603269
5095,-0.015287780280516
5096,-0.0139538870563748
5097,-0.0117223959380488
5098,-0.00909201573643096
5099,-0.00678417091393162
5100,-0.0049897074816111
5101,-0.00353646983023298
5102,-0.00226477992314435
5103,-0.00107283558673252
5104,-9.05768706743637E-06
5105,0.000558613524292482
5106,0.000382689829988422
5107,0.000220196086947271
5108,0.00168387824962736
5109,0.00551363172975961
5110,0.0102011232471054
5111,0.0130832700333101
5112,0.012968676232257
5113,0.0111623416685086
5114,0.0097208312315549
5115,0.00923667121513674
5116,0.00871541734928433
5117,0.00717209174033765
5118,0.00470928699899135
5119,0.00212076210287467
5120,1.00769215476034E-05
5121,-0.00155228692990634
5122,-0.0028543451671404
5123,-0.00416899952191154
5124,-0.00534929801360585
5125,-0.00584619542894987
5126,-0.00554120488415953
5127,-0.00558247271481952
5128,-0.00772689205794779
5129,-0.012334011443616
5130,-0.0173815637470203
5131,-0.0201405972952016
5132,-0.0197966585878684
5133,-0.0178952037225203
5134,-0.0162487218988292
5135,-0.015104163967303
5136,-0.0136131282906906
5137,-0.0113891908837416
5138,-0.00891844553040101
5139,-0.00673593163958406
5140,-0.00491541735016142
5141,-0.00337442816086567
5142,-0.00210787343865429
5143,-0.00102103481242185
5144,-3.01274698971056E-05
5145,0.000565957858722232
5146,0.000428851177713889
5147,0.0002139479329342
5148,0.00159297087191673
5149,0.00545870840353559
5150,0.0103329319802222
5151,0.0134044290716977
5152,0.0133410218777701
5153,0.0114748743636616
5154,0.00997931024676234
5155,0.00947705505181885
5156,0.0089049191779563
5157,0.0072506783791802
5158,0.00469088455347656
5159,0.00209120378833179
5160,3.29008876763831E-05
5161,-0.00148351542542824
5162,-0.00277675113521827
5163,-0.00411600295546109
5164,-0.00536015992227481
5165,-0.00595340894523077
5166,-0.00571812059113248
5167,-0.00574502636188905
5168,-0.00782953420338579
5169,-0.0124400182534283
5170,-0.0175918935775524
5171,-0.0204622657383486
5172,-0.0201291343053651
5173,-0.0181534016293723
5174,-0.0164548745592898
5175,-0.0153336252088009
5176,-0.0138838576372886
5177,-0.0116459491398891
5178,-0.00911764901706584
5179,-0.00690392265544008
5180,-0.00510473229304062
5181,-0.00358471611544576
5182,-0.00228060204960338
5183,-0.00111676037587623
5184,-9.11211335302983E-05
5185,0.000446696077799016
5186,0.000196883918410731
5187,-0.000101430474740846
5188,0.00126895606561756
5189,0.00518615255642646
5190,0.0101395994572477
5191,0.0132947983355291
5192,0.0132928537847434
5193,0.0114435360912739
5194,0.00994415390437681
5195,0.00948473584847446
5196,0.00902687872438269
5197,0.0074816009353511
5198,0.00492238689470161
5199,0.0022127393254294
5200,3.65969940483771E-05
5201,-0.00152262782422209
5202,-0.0027985043661501
5203,-0.00411206912170403
5204,-0.005329291893453
5205,-0.00587709910853357
5206,-0.00559841617249476
5207,-0.00562354192799974
5208,-0.00773489716051059
5209,-0.0123371519148077
5210,-0.0174164172314499
5211,-0.0201977510364038
5212,-0.0198268488163621
5213,-0.0178826043119271
5214,-0.0162572679622815
5215,-0.0152204234617628
5216,-0.0138398149954701
5217,-0.0116178224615269
5218,-0.00902578361112791
5219,-0.00670516154824279
5220,-0.00485489420566986
5221,-0.00341505006586816
5222,-0.00228063668723457
5223,-0.00122818023181989
5224,-0.000136205451547709
5225,0.000601799599628092
5226,0.000503431485430976
5227,0.000173747371907556
5228,0.00139505522063077
5229,0.0052352537499555
5230,0.0102737458889893
5231,0.0135671349417476
5232,0.0135964695487606
5233,0.0116539577196256
5234,0.0100501166280541
5235,0.00954738264603558
5236,0.00906394600524163
5237,0.00745893205700671
5238,0.00484256288795292
5239,0.00213682138444251
5240,-1.31021676726642E-06
5241,-0.00156108812898716
5242,-0.00286976557033689
5243,-0.00416853870499638
5244,-0.00531248842065415
5245,-0.00582876931486292
5246,-0.00561314619109488
5247,-0.0056790831402935
5248,-0.00766748809654647
5249,-0.0120586266361387
5250,-0.0170938241367667
5251,-0.020104268598504
5252,-0.020010394126198
5253,-0.0180852159591855
5254,-0.0162139626626915
5255,-0.0149574662021142
5256,-0.0135952032281646
5257,-0.0115203682165557
5258,-0.00897276224428357
5259,-0.00656244179532432
5260,-0.00465372095472239
5261,-0.00327473038091603
5262,-0.00221170786281824
5263,-0.00112026693981701
5264,7.21620378837075E-05
5265,0.000835468984860142
5266,0.000651840950787259
5267,0.000203426849322913
5268,0.00132251529011368
5269,0.00505603989257277
5270,0.00999598514343419
5271,0.0132904044652193
5272,0.0134705532897297
5273,0.0117282573974746
5274,0.010214103633249
5275,0.00966231926213825
5276,0.00912803612522842
5277,0.00759570046025352
5278,0.00513224944845387
5279,0.00250967644714495
5280,0.000315433377411042
5281,-0.00136589580253452
5282,-0.00276718079142472
5283,-0.00412941730158108
5284,-0.00534518622334066
5285,-0.00590190741675548
5286,-0.00561267995944143
5287,-0.00551890676118655
5288,-0.0074239582697574
5289,-0.011918175440585
5290,-0.0171515179600375
5291,-0.0202774232048969
5292,-0.0201791960878787
5293,-0.0182514456841869
5294,-0.0164565224880077
5295,-0.0152784236533712
5296,-0.0139032913353301
5297,-0.0117704723364364
5298,-0.00923617668183115
5299,-0.00691881448412712
5300,-0.00506822371875781
5301,-0.00363401824898555
5302,-0.00245424500162484
5303,-0.00128627516392869
5304,-9.62366009211575E-05
5305,0.000619100406373761
5306,0.000392927227945891
5307,-5.85246038555274E-05
5308,0.0010952823701989
5309,0.00485171793189387
5310,0.00974567906720513
5311,0.0129420664619771
5312,0.0130711364517577
5313,0.0113976615906353
5314,0.0100288221766437
5315,0.00959431353358626
5316,0.00910312594408449
5317,0.00757262251814623
5318,0.00510548693413071
5319,0.00247665670788248
5320,0.000286974247144721
5321,-0.00134019409177665
5322,-0.00263627362279916
5323,-0.00391569297657793
5324,-0.00515190577396395
5325,-0.00582303439881024
5326,-0.00564260493399078
5327,-0.00556253581219899
5328,-0.00739498200006844
5329,-0.0118211634724536
5330,-0.0170651668904045
5331,-0.0202625340162476
5332,-0.0202232005927282
5333,-0.0183180167082024
5334,-0.0165635260190948
5335,-0.0154699697253222
5336,-0.0141396319089771
5337,-0.0119212281102706
5338,-0.00924200461825161
5339,-0.00690305739700341
5340,-0.00519040565230473
5341,-0.00384947018462477
5342,-0.00253646732422796
5343,-0.00112334366474722
5344,0.000146329413357747
5345,0.000714914721389036
5346,0.000351450240759925
5347,-3.32544846852424E-05
5348,0.00128343721255003
5349,0.00506943542287811
5350,0.00983428987689097
5351,0.0129143065604314
5352,0.0130297802875542
5353,0.0113530758147093
5354,0.00991372408530477
5355,0.00942862766356245
5356,0.00902940480191874
5357,0.00769662517682906
5358,0.00536615463540276
5359,0.00270980662249206
5360,0.000380866411743815
5361,-0.00137937118540267
5362,-0.00274063807478548
5363,-0.0040393186174718
5364,-0.00529925626128178
5365,-0.00601195978128842
5366,-0.00584889819515571
5367,-0.00571426705253592
5368,-0.00743293968136616
5369,-0.0117528162301487
5370,-0.0169388462774529
5371,-0.0201016630675965
5372,-0.0200148007017855
5373,-0.0180525555627886
5374,-0.0162443726136527
5375,-0.015098235600869
5376,-0.0137506807563856
5377,-0.0116297451135752
5378,-0.00915573389676169
5379,-0.00695595531460352
5380,-0.00516619050715136
5381,-0.00366043600764633
5382,-0.00239307872648965
5383,-0.00128407870585021
5384,-0.000243115816720676
5385,0.000460386303828495
5386,0.000417181054964808
5387,0.000114177967933473
5388,0.00119169405555274
5389,0.00479471315408029
5390,0.00974548347469602
5391,0.0132123065654303
5392,0.0135199699131227
5393,0.0117271120387647
5394,0.0100835090005903
5395,0.00948080299501782
5396,0.00898458723016555
5397,0.00748325168678222
5398,0.0049979013064719
5399,0.00233034973865366
5400,9.66925867085993E-05
5401,-0.0016002453516276
5402,-0.00295064787180869
5403,-0.00418249050391447
5404,-0.00528721157184484
5405,-0.00587614764462803
5406,-0.00571552228307032
5407,-0.00563290201256525
5408,-0.00732467344855045
5409,-0.0115604938751811
5410,-0.0167522243244575
5411,-0.0200686599012751
5412,-0.0201712129112938
5413,-0.0183135586864118
5414,-0.0165450993007375
5415,-0.0154512822605113
5416,-0.0141391668550593
5417,-0.0119295537465149
5418,-0.00924289123311356
5419,-0.00685928880202197
5420,-0.00503843872636029
5421,-0.00360482122497296
5422,-0.00238659271406862
5423,-0.00127129953816494
5424,-0.000219704436314263
5425,0.00048904623142487
5426,0.00047071984171627
5427,0.00015460526266317
5428,0.0010758833234426
5429,0.00442731583236294
5430,0.00926190549494477
5431,0.0128817405466129
5432,0.013431573090682
5433,0.0116840848827523
5434,0.00987999123412133
5435,0.0091865089597594
5436,0.00883711125282268
5437,0.00755389258313959
5438,0.00511662033546886
5439,0.00235624004524757
5440,0.000113516798964531
5441,-0.00144457435511531
5442,-0.00270095148818001
5443,-0.00404718979131318
5444,-0.00537648650612029
5445,-0.00607828828655456
5446,-0.0058486133868106
5447,-0.00563192895004721
5448,-0.00724524751022634
5449,-0.0114759897497404
5450,-0.0167141425465112
5451,-0.0201229508263772
5452,-0.0203287753147722
5453,-0.0185001559449468
5454,-0.0166485570300232
5455,-0.0154501967680655
5456,-0.0141458459503713
5457,-0.012067413760057
5458,-0.00950270013326861
5459,-0.00711597251888074
5460,-0.0052020110467214
5461,-0.00370774653704484
5462,-0.00250475312860633
5463,-0.0014019515586294
5464,-0.000291959969823632
5465,0.000484223642077047
5466,0.000418424202431806
5467,-6.89866605263843E-05
5468,0.000712466387622492
5469,0.00411552724717923
5470,0.00917852333131482
5471,0.0130328448995209
5472,0.0136816034880684
5473,0.0119090749483293
5474,0.0100574277168046
5475,0.00934971885882962
5476,0.00899527324410019
5477,0.0076861290200027
5478,0.00522023705331735
5479,0.00245885521625619
5480,0.000228302444822112
5481,-0.00135046524011727
5482,-0.00266941577556009
5483,-0.00406200484781677
5484,-0.0053536369950174
5485,-0.00593940282607446
5486,-0.00560020003458061
5487,-0.00535831595893087
5488,-0.00702126679583309
5489,-0.0113030993310807
5490,-0.0165478984337337
5491,-0.0199389884393963
5492,-0.0201358719003483
5493,-0.0183042668525226
5494,-0.0164415102885575
5495,-0.0152370762145075
5496,-0.0139461569181394
5497,-0.0118799742813854
5498,-0.00931084144248663
5499,-0.00694970238113574
5500,-0.00514395211396958
5501,-0.00378585629587285
5502,-0.00261583124255093
5503,-0.00141817929000517
5504,-0.000230752739342158
5505,0.000489891829306444
5506,0.000338847982123989
5507,-8.04029822966566E-05
5508,0.000882859206587791
5509,0.00431676538650997
5510,0.00912974888010123
5511,0.0126809664896293
5512,0.0132960132338025
5513,0.0117651797452894
5514,0.0101264650860634
5515,0.009394296831508
5516,0.0089050121090159
5517,0.00758510130264377
5518,0.00523798975247542
5519,0.00252528142400464
5520,0.000175004962525135
5521,-0.00155533677567531
5522,-0.00289130136695283
5523,-0.00419481386949928
5524,-0.00545095231464702
5525,-0.00611067791213028
5526,-0.00583657451350011
5527,-0.00552976130910285
5528,-0.00703665707972702
5529,-0.0112160939782534
5530,-0.0164903446631519
5531,-0.0199903578240398
5532,-0.0202836632394092
5533,-0.018495825890216
5534,-0.0166300271703066
5535,-0.0153917217991136
5536,-0.0140702494084109
5537,-0.0120235548145628
5538,-0.00951451943878806
5539,-0.00715591213809569
5540,-0.00521542658655856
5541,-0.00365515615859187
5542,-0.00237567702187618
5543,-0.00120614081044948
5544,-5.41864440465082E-05
5545,0.000734078182564367
5546,0.00067749377233432
5547,0.000238628968633423
5548,0.00109333488116352
5549,0.00449415583829359
5550,0.00939453136422004
5551,0.0129885980261213
5552,0.0134625153732502
5553,0.011712837766989
5554,0.0100035368249015
5555,0.00940390372090586
5556,0.00908694862592601
5557,0.00782821335592355
5558,0.00545449428888698
5559,0.00273211187947078
5560,0.000423203671647887
5561,-0.00124985748757972
5562,-0.00253447574168111
5563,-0.00379781298633932
5564,-0.0050522821026617
5565,-0.00576682884158699
5566,-0.00555872849619592
5567,-0.00526751158120363
5568,-0.0067571073745061
5569,-0.0109622785220746
5570,-0.0163150630240253
5571,-0.0198607592806926
5572,-0.0201116595648777
5573,-0.0182586523079356
5574,-0.0164012714441231
5575,-0.0152433710333019
5576,-0.0140035993531267
5577,-0.0120217358820399
5578,-0.00959643896369306
5579,-0.0073150342384476
5580,-0.00535099994505544
5581,-0.0036584482767379
5582,-0.00228786670783961
5583,-0.00119798907893407
5584,-0.000206018388640286
5585,0.000554353735384516
5586,0.000636882914507168
5587,0.000286669353847846
5588,0.000998400702472878
5589,0.00414731086237545
5590,0.0089767332939555
5591,0.0127693428280316
5592,0.0134920485209243
5593,0.0117996513522957
5594,0.0099740284732621
5595,0.00928860125734054
5596,0.00902566143519417
5597,0.00786939682001962
5598,0.00551118406926634
5599,0.00269930240074642
5600,0.000273666900989059
5601,-0.00147869584504037
5602,-0.00279107284744347
5603,-0.00403957435374715
5604,-0.00526154349042224
5605,-0.00596601408887833
5606,-0.00578289413822273
5607,-0.00550381114045953
5608,-0.00694420686339843
5609,-0.0110831044829517
5610,-0.0164643737214355
5611,-0.020167824609209
5612,-0.0205946066139891
5613,-0.0188013793249883
5614,-0.0168897317930262
5615,-0.0156757570173415
5616,-0.0144254373488306
5617,-0.0123951356962759
5618,-0.00981562895014912
5619,-0.00736531359665863
5620,-0.0053789958637545
5621,-0.00382708556235368
5622,-0.00259416550647577
5623,-0.00149955732201005
5624,-0.000416436595473338
5625,0.000371132229598029
5626,0.000387931075018846
5627,-9.23347581269962E-06
5628,0.000743961220510856
5629,0.00395999231545405
5630,0.00882207224007304
5631,0.0126774497516568
5632,0.0135702114014325
5633,0.012066232471785
5634,0.0102581290339421
5635,0.0093915618250976
5636,0.00895764449482965
5637,0.0078325593473217
5638,0.00563746047277178
5639,0.00289175656155149
5640,0.000347490446237458
5641,-0.0015698421355704
5642,-0.00294079817979855
5643,-0.00415621506466925
5644,-0.00535773086708323
5645,-0.0060789344385817
5646,-0.00588476488809678
5647,-0.00553008616942466
5648,-0.00686689554450452
5649,-0.0109200995061623
5650,-0.01624745047678
5651,-0.0199359482992525
5652,-0.0203910756974056
5653,-0.0186350517553477
5654,-0.0167115484321657
5655,-0.0154331103627355
5656,-0.0141348255091762
5657,-0.0121267702451239
5658,-0.00961603570874191
5659,-0.00723493356989841
5660,-0.00531461489899101
5661,-0.00381845455565534
5662,-0.00256527211638655
5663,-0.0013338178400533
5664,-0.000109009390475131
5665,0.000634246673223586
5666,0.00039688684108263
5667,-0.000237512133715586
5668,0.000526434099297039
5669,0.00395472420823688
5670,0.00896497804331263
5671,0.0127506410279054
5672,0.0134888408236085
5673,0.0119766433611476
5674,0.0103454186074262
5675,0.00965060703191024
5676,0.00919659597414445
5677,0.00788564392555525
5678,0.00554286576298638
5679,0.00285077886305972
5680,0.000517080052897376
5681,-0.00123595635155188
5682,-0.00263942438629652
5683,-0.00403262638431088
5684,-0.00537968087626198
5685,-0.00611709987727616
5686,-0.00587636958187192
5687,-0.00551462392452361
5688,-0.00687951960941754
5689,-0.0109263363889522
5690,-0.0162173395608364
5691,-0.0199271765501923
5692,-0.0204958760631945
5693,-0.0188595583877056
5694,-0.016963043516866
5695,-0.0156293117979257
5696,-0.0142799472756374
5697,-0.0122682108458677
5698,-0.00977091073909231
5699,-0.00739236890442517
5700,-0.00548737499856275
5701,-0.00405762647367561
5702,-0.00291537866042576
5703,-0.00177379158438988
5704,-0.000525498388859879
5705,0.000402292493281524
5706,0.000437356362580483
5707,-1.59167633561653E-05
5708,0.00070938245762699
5709,0.00395438714812158
5710,0.00884922766509569
5711,0.0126866097594609
5712,0.0135054799148603
5713,0.0119068560931047
5714,0.0100309012198019
5715,0.00915644725001895
5716,0.00877827001799567
5717,0.00776125278379026
5718,0.0057207069129905
5719,0.00315453520641612
5720,0.000743773612377215
5721,-0.00116335270299255
5722,-0.00263071288448557
5723,-0.00393474246539746
5724,-0.00514482982683657
5725,-0.00585421798854576
5726,-0.00570723826408405
5727,-0.00540840486749398
5728,-0.00669894121325385
5729,-0.0106406219714847
5730,-0.0159840345201313
5731,-0.0199114082879774
5732,-0.0206703160426031
5733,-0.0190602872685177
5734,-0.0171082696453317
5735,-0.0157871468623162
5736,-0.0145157764634037
5737,-0.0125241335318889
5738,-0.00994636691638236
5739,-0.00747095823399643
5740,-0.00550931520223063
5741,-0.0040119561534124
5742,-0.00275835959586811
5743,-0.00155225451288163
5744,-0.000383526686050434
5745,0.000390500320218412
5746,0.000378519406839923
5747,4.33259754976381E-05
5748,0.000908117682025907
5749,0.00416289982899441
5750,0.00897651961873845
5751,0.0128022873723807
5752,0.0137390600941823
5753,0.0122811415988838
5754,0.0104483839608702
5755,0.00952052066994192
5756,0.00906152332499141
5757,0.00795070917864751
5758,0.00576948833333558
5759,0.00304384386149523
5760,0.000567214909770597
5761,-0.00124490353149378
5762,-0.0025453164508123
5763,-0.00378097347164193
5764,-0.00508199179139354
5765,-0.00591722525597333
5766,-0.00576610849039886
5767,-0.00532428089226765
5768,-0.00648499546436673
5769,-0.0104253207147846
5770,-0.0158291854327026
5771,-0.0197337491453855
5772,-0.0203788820665293
5773,-0.0187175512522601
5774,-0.0168780712197283
5775,-0.0157323077989084
5776,-0.0145303728744111
5777,-0.0124904042645935
5778,-0.00987773648646524
5779,-0.0074372420091513
5780,-0.0054868373418663
5781,-0.00391229512048029
5782,-0.00258465726364257
5783,-0.00141225789112588
5784,-0.000325705191391581
5785,0.000435821123253521
5786,0.000428875244607014
5787,-5.49623693393068E-05
5788,0.000519766303160874
5789,0.00361079560516317
5790,0.00857027523871561
5791,0.0126667105831061
5792,0.0136643522974479
5793,0.0120153941633142
5794,0.0100345833177639
5795,0.00922367029187025
5796,0.00901570200568024
5797,0.00801927013333402
5798,0.00576324934542652
5799,0.00294689594516803
5800,0.000482066214710885
5801,-0.00127957730138942
5802,-0.0025789251605454
5803,-0.00383672572314719
5804,-0.00513126229509827
5805,-0.00598138759198946
5806,-0.00594792957597531
5807,-0.00567496789875689
5808,-0.00688676551991081
5809,-0.0106800320884775
5810,-0.0158653903360508
5811,-0.0196756227542089
5812,-0.0203946631825194
5813,-0.018840085457865
5814,-0.0170103362850307
5815,-0.0158082189148388
5816,-0.0146143837416672
5817,-0.0126957331159483
5818,-0.0102199455771258
5819,-0.00781238239296227
5820,-0.00578999551516875
5821,-0.00413367991144501
5822,-0.00276926472418114
5823,-0.00156471307930558
5824,-0.000405146489201599
5825,0.000436319660852831
5826,0.000452393075661775
5827,-5.93364234230451E-05
5828,0.000502345588550154
5829,0.00361777609537599
5830,0.00858987473126604
5831,0.0126583616159531
5832,0.0136369859216395
5833,0.0120235716706052
5834,0.0100796386726475
5835,0.00921851522861839
5836,0.00889609369235045
5837,0.0078544051830579
5838,0.00569189948970521
5839,0.00300969291568401
5840,0.000581341346918769
5841,-0.00123620365049012
5842,-0.00256033300041338
5843,-0.00376010210588531
5844,-0.00499863662224759
5845,-0.00585854935506822
5846,-0.00581805827069482
5847,-0.00541718651311219
5848,-0.00645748116546889
5849,-0.0102472762662484
5850,-0.0156637372674395
5851,-0.0197316467409515
5852,-0.0204820052018416
5853,-0.0187362358648336
5854,-0.0167235366823005
5855,-0.0154911954694712
5856,-0.0143168886482016
5857,-0.012313885812348
5858,-0.00969543285221585
5859,-0.00727228554785208
5860,-0.00542140844795915
5861,-0.00398211175456029
5862,-0.00274253571663123
5863,-0.00159710617376628
5864,-0.000510708894368174
5865,0.000279757768935464
5866,0.000355201787074256
5867,-3.65672630878614E-05
5868,0.00053847691530405
5869,0.00351820787466138
5870,0.00838558289488728
5871,0.0125551400501523
5872,0.0137639490239722
5873,0.0122707141259851
5874,0.010236337418493
5875,0.00921236081673387
5876,0.0088280536015341
5877,0.00784235906701027
5878,0.00577153286371747
5879,0.00318403856115127
5880,0.000864705953402493
5881,-0.000881505633144019
5882,-0.00227072147649219
5883,-0.00367383689052177
5884,-0.00511589825556814
5885,-0.00605075216430582
5886,-0.00597927634737843
5887,-0.00555647055020339
5888,-0.00662506268423292
5889,-0.0104211170613576
5890,-0.0157623109784441
5891,-0.0197251530987471
5892,-0.0204378174714485
5893,-0.0187349124244402
5894,-0.0167623184380722
5895,-0.0155031411458173
5896,-0.0142755840849015
5897,-0.0122818739706395
5898,-0.00974783176535625
5899,-0.00738586917543563
5900,-0.00546741747797066
5901,-0.00384501680289461
5902,-0.00244133155642538
5903,-0.00127646138348717
5904,-0.00030626326054631
5905,0.000358775679901884
5906,0.000400291679200417
5907,3.22203398536577E-05
5908,0.000571291664486783
5909,0.00340588778233484
5910,0.00810838819070452
5911,0.0122262404058756
5912,0.0135276582231811
5913,0.0121780700986368
5914,0.0102338476489579
5915,0.00923175394343453
5916,0.00885624639307205
5917,0.00790513926497958
5918,0.00587951471603792
5919,0.00331412987054961
5920,0.000987207639057488
5921,-0.000769928030376324
5922,-0.00214255313530991
5923,-0.00349996219245428
5924,-0.00490067682659353
5925,-0.00582479043705328
5926,-0.00573869834724736
5927,-0.00522766225973242
5928,-0.00614190221020907
5929,-0.00985284342143715
5930,-0.015306341374722
5931,-0.0195156797750073
5932,-0.0203906369809954
5933,-0.0186561066620291
5934,-0.0166064522340566
5935,-0.0154342494443104
5936,-0.0144337545326575
5937,-0.0125730290720386
5938,-0.00995477035312987
5939,-0.00744850409119995
5940,-0.0055440217051471
5941,-0.00408208773366779
5942,-0.00277997828048122
5943,-0.00154000579619476
5944,-0.000409059190365445
5945,0.000366795823555016
5946,0.000454027273434284
5947,0.000120367074098758
5948,0.000682739420012837
5949,0.00349539701260654
5950,0.00815665957796569
5951,0.0122801764902442
5952,0.0136340678274321
5953,0.0123131334563214
5954,0.0103448626191521
5955,0.00932129324477258
5956,0.00896641581113951
5957,0.00802585053178599
5958,0.00593223930432756
5959,0.00324391424358894
5960,0.000825425944943452
5961,-0.0009544853635341
5962,-0.00231369523545659
5963,-0.00364570859087673
5964,-0.00499988400004706
5965,-0.00588100638266622
5966,-0.00583098497367444
5967,-0.00545677453367401
5968,-0.006500148104416
5969,-0.0101971578985979
5970,-0.0155078281712258
5971,-0.0196144886565042
5972,-0.0205504585884244
5973,-0.0189601636563899
5974,-0.0169472968317046
5975,-0.0156416939933721
5976,-0.0144840994026488
5977,-0.0126128431170155
5978,-0.0101050708372304
5979,-0.00764263651240364
5980,-0.00562003645559657
5981,-0.00401558283077829
5982,-0.00274250447935529
5983,-0.00168807561914696
5984,-0.000680377530600326
5985,0.000166523824027305
5986,0.000385254710523088
5987,3.21137400732729E-05
5988,0.000433812545648421
5989,0.00316876901500168
5990,0.00797186000672778
5991,0.0123270533517033
5992,0.0137801450097337
5993,0.0123780342990261
5994,0.0102873181606552
5995,0.00922113073006083
5996,0.00888559522108
5997,0.00794941349655629
5998,0.00582524028873944
5999,0.00311044545218169
6000,0.000707135174815821
6001,-0.00100959365639059
6002,-0.00228237095616581
6003,-0.00356033797473466
6004,-0.00494575636918288
6005,-0.00592496731685696
6006,-0.00593817373778219
6007,-0.00550437605878974
6008,-0.00639313123204963
6009,-0.00995718795585842
6010,-0.0152398420696289
6011,-0.019407858602772
6012,-0.0204296683980427
6013,-0.0189069135297882
6014,-0.0169308298441023
6015,-0.0156251858187002
6016,-0.0144362722714258
6017,-0.0125375872654476
6018,-0.0100504133706077
6019,-0.00766090191719945
6020,-0.00571168519202758
6021,-0.00411714107414674
6022,-0.00277567045112345
6023,-0.00162813643070519
6024,-0.000581381035757397
6025,0.000214314200576566
6026,0.000326542137621542
6027,-0.000119112894795764
6028,0.000246039473600353
6029,0.00299117146269224
6030,0.00781710271653588
6031,0.0121834541623386
6032,0.013635221047821
6033,0.0122419082023823
6034,0.0102051196780394
6035,0.00924954077615851
6036,0.00903386685461538
6037,0.00814758511591414
6038,0.00597760669534159
6039,0.00318906147740562
6040,0.00076806178742982
6041,-0.000913408969588191
6042,-0.00217839404816973
6043,-0.00352091038523131
6044,-0.0049936208362419
6045,-0.00600671629072502
6046,-0.00598674135504161
6047,-0.00549887334879749
6048,-0.00635741375761465
6049,-0.00993300067076036
6050,-0.0152691416872616
6051,-0.0195070248853258
6052,-0.0205616482526027
6053,-0.0190097933466897
6054,-0.0170014093760154
6055,-0.0157481403458787
6056,-0.0146902950772264
6057,-0.0128895082799367
6058,-0.0103906485783633
6059,-0.00793784787326985
6060,-0.00597151178918893
6061,-0.00439186806672153
6062,-0.00299770621864579
6063,-0.00171212643555137
6064,-0.000556380053624494
6065,0.00022296128968308
6066,0.000241794450498335
6067,-0.000265168020022463
6068,8.51185466564795E-05
6069,0.00279589514605526
6070,0.00756974413745626
6071,0.0119666115563818
6072,0.0135764317675001
6073,0.0123533519828329
6074,0.0103470644392232
6075,0.00929396665857511
6076,0.00902653419722843
6077,0.008257958798464
6078,0.00629524783085564
6079,0.00361200875611458
6080,0.0011081684623415
6081,-0.000742595738086283
6082,-0.00210191258714826
6083,-0.00341926881086972
6084,-0.00484675358699769
6085,-0.00590104137268329
6086,-0.00598798901527882
6087,-0.0055517322542171
6088,-0.00634358281828908
6089,-0.00982382452979677
6090,-0.0151793647888201
6091,-0.019567596857399
6092,-0.020761689246067
6093,-0.0192056049019973
6094,-0.0170780199327869
6095,-0.0157203815729293
6096,-0.0146219036321283
6097,-0.0127635985937484
6098,-0.010125265681988
6099,-0.00752448037991871
6100,-0.00553206787658269
6101,-0.00406487954438894
6102,-0.00279928921889708
6103,-0.00154407141964066
6104,-0.00032754812627322
6105,0.000524870169352548
6106,0.000584928313087706
6107,8.89751709746884E-05
6108,0.000408336186966139
6109,0.0030200465504464
6110,0.00765391747662963
6111,0.0119646427305393
6112,0.0136112304110661
6113,0.0125028268370513
6114,0.0105680028639307
6115,0.00947095686182391
6116,0.00908897285820965
6117,0.00823768283113689
6118,0.0062751968911036
6119,0.00363465368980857
6120,0.00113929593462811
6121,-0.000767077194305498
6122,-0.00220342171218988
6123,-0.00355297799820301
6124,-0.00494497348514045
6125,-0.00593145568164632
6126,-0.00596688225124296
6127,-0.00551036439663253
6128,-0.00629629167575737
6129,-0.00976974191205291
6130,-0.0151196188104117
6131,-0.0195090756757575
6132,-0.0207102701045101
6133,-0.0191676676901154
6134,-0.0170661028572206
6135,-0.0157493456948771
6136,-0.0147009455203625
6137,-0.0128955565910218
6138,-0.0103027979973005
6139,-0.00771618006521655
6140,-0.00569123820128575
6141,-0.00418353477730034
6142,-0.00294799274872502
6143,-0.00180776577065564
6144,-0.000677108281280089
6145,0.000252323309295518
6146,0.00052038314135703
6147,0.000160375434202614
6148,0.000401317136263772
6149,0.00282848807899849
6150,0.00741318228309121
6151,0.0118913251626125
6152,0.0137471621890672
6153,0.0126754617203231
6154,0.0105894027234172
6155,0.00931354915469646
6156,0.00885696846720546
6157,0.0080291651379778
6158,0.00611330937975178
6159,0.0034974801975991
6160,0.00100749342071128
6161,-0.000884903119280954
6162,-0.0022622270924309
6163,-0.00350200308889837
6164,-0.0048001692640171
6165,-0.00579782793353931
6166,-0.00593293675068404
6167,-0.00551868952026397
6168,-0.00618176307566219
6169,-0.00945883278168768
6170,-0.0147415396255918
6171,-0.0192567009527075
6172,-0.0206233572728167
6173,-0.0191216614136061
6174,-0.0169669513114402
6175,-0.015656825926594
6176,-0.0147241196907251
6177,-0.013032851072932
6178,-0.0104579111626429
6179,-0.00784542301091415
6180,-0.00584701370772169
6181,-0.00439176057051295
6182,-0.00312121748067137
6183,-0.00185152608851464
6184,-0.00064966585109851
6185,0.000175363522179885
6186,0.000265765391576937
6187,-0.000125828398337119
6188,0.000287261198143033
6189,0.00289949757443513
6190,0.00747270086216922
6191,0.0117652375437741
6192,0.0134710875041302
6193,0.0124282526918956
6194,0.0105002691224222
6195,0.00938544773617864
6196,0.00903261656440464
6197,0.00824426501679534
6198,0.00628488718715781
6199,0.00355022815931852
6200,0.000964009843119987
6201,-0.000890688008833782
6202,-0.00212475826805313
6203,-0.00327863710400265
6204,-0.00465395330652009
6205,-0.00581407792138473
6206,-0.00604222977195196
6207,-0.00559699184556246
6208,-0.00616655387668677
6209,-0.00935165637302537
6210,-0.0145646854473349
6211,-0.0190618652457422
6212,-0.0205022281494056
6213,-0.0191351373458686
6214,-0.0170630769796651
6215,-0.0157167694899867
6216,-0.0147043982861965
6217,-0.0130120994030234
6218,-0.0105145451395408
6219,-0.00793636310575897
6220,-0.0058650895906082
6221,-0.00432490012885963
6222,-0.00308068240036834
6223,-0.00191158296711452
6224,-0.000712779117245747
6225,0.000283137797703297
6226,0.000564471246167166
6227,0.000160917604006369
6228,0.000344208798412605
6229,0.00274358251194246
6230,0.007339461510465
6231,0.0118378470417548
6232,0.0136802823538062
6233,0.0125526633313039
6234,0.0104206437776272
6235,0.00917800888603904
6236,0.00882647811363798
6237,0.008066192430106
6238,0.0060789884562799
6239,0.00329057291028185
6240,0.000678191420186355
6241,-0.00119292645005193
6242,-0.00247833319148674
6243,-0.0037006634880418
6244,-0.00509996001135604
6245,-0.0062240172859396
6246,-0.00640010653156482
6247,-0.00591710865440728
6248,-0.00644686545975986
6249,-0.0095812915115955
6250,-0.014767756671298
6251,-0.0192908488887876
6252,-0.0207764474754995
6253,-0.0194114780668064
6254,-0.0172784994903277
6255,-0.0158411633182046
6256,-0.0147497242759802
6257,-0.0130232872665142
6258,-0.0105683256415084
6259,-0.00810719723144628
6260,-0.00613973327855843
6261,-0.00456425856249949
6262,-0.00313130836316384
6263,-0.00178378704284669
6264,-0.000607170689145614
6265,0.000171181950681651
6266,0.000248251943067129
6267,-0.000176469245328673
6268,0.000100707173608142
6269,0.00250432222823826
6270,0.00694984553276294
6271,0.0113157586196436
6272,0.0132429569723923
6273,0.0123913813735436
6274,0.0104968045604591
6275,0.00928529070914232
6276,0.00883541147697647
6277,0.0080564104174431
6278,0.00621879163176118
6279,0.00362935763322855
6280,0.00109470545595892
6281,-0.000854711074292856
6282,-0.00226307807426471
6283,-0.00353391339695115
6284,-0.00488559257659159
6285,-0.00592378457919772
6286,-0.00604121850472019
6287,-0.00555993390116566
6288,-0.00614813731673416
6289,-0.00936114084212786
6290,-0.0145982294791475
6291,-0.0191275851194
6292,-0.0206077550449872
6293,-0.0192682038512232
6294,-0.0171937800769625
6295,-0.015816696643507
6296,-0.0147646453582187
6297,-0.0130535529894961
6298,-0.0105822524932109
6299,-0.00806818175470702
6300,-0.00604942218649197
6301,-0.00449657049685486
6302,-0.00318201793899156
6303,-0.00196554680476873
6304,-0.000812354870097753
6305,8.35033956785502E-05
6306,0.000333250779849791
6307,1.79490321201334E-05
6308,0.000286356951606152
6309,0.00259228228434771
6310,0.00693079345188614
6311,0.0112626462097821
6312,0.0132574134055825
6313,0.0125120465109054
6314,0.0106523381827568
6315,0.00935953949027506
6316,0.00878612205122036
6317,0.00794563762538115
6318,0.00611611029787148
6319,0.00351858451206509
6320,0.000910189734613989
6321,-0.00111421285530121
6322,-0.00250085378616059
6323,-0.00364837563802695
6324,-0.00487249138312752
6325,-0.00586980000935438
6326,-0.00603149249289926
6327,-0.00561151859558198
6328,-0.00622367270634628
6329,-0.00941870177677326
6330,-0.0146186790302867
6331,-0.0191172863313976
6332,-0.0206028133576291
6333,-0.0193276108415045
6334,-0.0173518993757199
6335,-0.0160221000767952
6336,-0.0148931859020357
6337,-0.0130195108074086
6338,-0.010432093226139
6339,-0.00793172295609459
6340,-0.0059989404810791
6341,-0.00449147732007706
6342,-0.00315409223756649
6343,-0.00189846237843226
6344,-0.000706741109122432
6345,0.000256739895507305
6346,0.000569094595945903
6347,0.000212359610823542
6348,0.000346087380278677
6349,0.00260824476909096
6350,0.00711099312454738
6351,0.0116325038969303
6352,0.013545290522398
6353,0.0124577015599065
6354,0.0103605253085885
6355,0.0091951198723174
6356,0.0089299644700097
6357,0.00822193623211805
6358,0.0063084416459473
6359,0.00368773879662273
6360,0.00125992777419269
6361,-0.000581456997490507
6362,-0.00200719962358342
6363,-0.00333618362921739
6364,-0.00465262485099071
6365,-0.00562029625181695
6366,-0.00579075292629658
6367,-0.00546272142891925
6368,-0.00609557623781839
6369,-0.00916075153484757
6370,-0.0142469913172565
6371,-0.0188294833203632
6372,-0.0205052509757757
6373,-0.019274756517752
6374,-0.0171482316624237
6375,-0.0157090257251937
6376,-0.0147137457801676
6377,-0.0131057276660178
6378,-0.0106357269097777
6379,-0.00800808651945294
6380,-0.00588265552575189
6381,-0.00432165432972399
6382,-0.00306968186346078
6383,-0.00189917363529027
6384,-0.000720450607154702
6385,0.000257097071471928
6386,0.000567738133576926
6387,0.000211782929919961
6388,0.000350043976238248
6389,0.00256926052007733
6390,0.00699015091926926
6391,0.0115293154678699
6392,0.0136712186862425
6393,0.0129036548768365
6394,0.0109445990624843
6395,0.00963350197837633
6396,0.00914096669596569
6397,0.00835979267381765
6398,0.00648822098993062
6399,0.00380280106129056
6400,0.00115260652661968
6401,-0.000859619867307503
6402,-0.00223966692745828
6403,-0.00342548873383214
6404,-0.00472663728158165
6405,-0.00581787959200798
6406,-0.00605541921906973
6407,-0.00563211716247451
6408,-0.00611802787702498
6409,-0.00911294395556683
6410,-0.0141720881799129
6411,-0.0186874372475088
6412,-0.0203083389541897
6413,-0.0191533492051288
6414,-0.0171984113431757
6415,-0.0158376073361728
6416,-0.0147359926695475
6417,-0.0129839928120991
6418,-0.0105307887758046
6419,-0.00807357050739257
6420,-0.00608338786746293
6421,-0.00450308455106656
6422,-0.00315644511078484
6423,-0.00195516462232168
6424,-0.000826842631747057
6425,0.000111121729218651
6426,0.00044637609503903
6427,0.000133078963228042
6428,0.000275379421899687
6429,0.00248306559723518
6430,0.00694251989647797
6431,0.0115741735284643
6432,0.013779442139135
6433,0.0129687548818653
6434,0.0108829129975847
6435,0.00946847057265732
6436,0.00898048802014956
6437,0.00830105458936204
6438,0.00655459109518668
6439,0.00395717032201507
6440,0.00134283299788737
6441,-0.000676220343096457
6442,-0.00208857701315454
6443,-0.00330669110378338
6444,-0.0046202923744667
6445,-0.00571002294847397
6446,-0.00594349511530918
6447,-0.00548802020894106
6448,-0.00587501599711669
6449,-0.0087461909163106
6450,-0.0138005092258907
6451,-0.0185309338683702
6452,-0.0204826806622475
6453,-0.0195230943884719
6454,-0.017488388060253
6455,-0.0159033295439011
6456,-0.0146866014005973
6457,-0.0130237002269338
6458,-0.010722107683605
6459,-0.00829824554234821
6460,-0.00621445246322544
6461,-0.00455520198837715
6462,-0.00323940046685404
6463,-0.0021123711337751
6464,-0.000967580808590581
6465,0.00010862206782414
6466,0.000591142042447939
6467,0.000305846228908108
6468,0.000346656253879975
6469,0.00241562666842283
6470,0.00677116200456008
6471,0.0113273749113107
6472,0.0134702597122574
6473,0.0126512842926615
6474,0.0106526020315089
6475,0.00937037063193907
6476,0.008957330608403
6477,0.00827689442551939
6478,0.0065427360931659
6479,0.00402731482022602
6480,0.00148863630018178
6481,-0.000564879807799624
6482,-0.00209575989076559
6483,-0.00339065707004081
6484,-0.00468972712328729
6485,-0.0057593723943961
6486,-0.00605133033879139
6487,-0.00569656464912112
6488,-0.00613231679980089
6489,-0.0089687778355803
6490,-0.0139342130620798
6491,-0.0185383847866339
6492,-0.0203391444287407
6493,-0.0192728774657507
6494,-0.0172608689030821
6495,-0.0158059406146913
6496,-0.0146874805982795
6497,-0.0129901928038319
6498,-0.0105753212749177
6499,-0.00808096826914528
6500,-0.00599656996067453
6501,-0.00432885736932232
6502,-0.00295695403150282
6503,-0.00180558467510811
6504,-0.000772694767654314
6505,6.54942505008332E-05
6506,0.000314785802421741
6507,-7.66131249654624E-05
6508,-8.27409777036377E-06
6509,0.00214143525796185
6510,0.00657426019198328
6511,0.0112227141126949
6512,0.0135033593859048
6513,0.0128299106166941
6514,0.0108973357052705
6515,0.0095612699034563
6516,0.0090213359773834
6517,0.00821611732017113
6518,0.00640152281082642
6519,0.00387019446472319
6520,0.00139884569097179
6521,-0.000525341577180085
6522,-0.00195127958248208
6523,-0.00324382339541043
6524,-0.00462160792560618
6525,-0.0057620596830272
6526,-0.00607461796615769
6527,-0.00571764542679076
6528,-0.00614426917070318
6529,-0.00894826724574442
6530,-0.0138861511731853
6531,-0.018542673821575
6532,-0.0204679777571462
6533,-0.0194654528504295
6534,-0.0173749232546484
6535,-0.0158212194469828
6536,-0.0147625547839531
6537,-0.0132500750002082
6538,-0.0109181403607213
6539,-0.0082930544923122
6540,-0.00602000809437874
6541,-0.00430445338505236
6542,-0.0030028596509438
6543,-0.00186265614503379
6544,-0.000709404065883737
6545,0.000279483377770376
6546,0.000598816366445308
6547,0.000189136774076999
6548,0.000184758700163016
6549,0.0022145115889948
6550,0.00649731778334304
6551,0.0110232131375589
6552,0.0132491042630439
6553,0.0125707578254026
6554,0.0106622256097167
6555,0.00940105865815727
6556,0.00899518365284059
6557,0.00831623647376647
6558,0.00653419120481812
6559,0.00393866648286271
6560,0.00138143190550194
6561,-0.00059315097487656
6562,-0.00203868526277287
6563,-0.00334076320262993
6564,-0.00471408918080753
6565,-0.005821598046849
6566,-0.00606827832239202
6567,-0.00562057443728521
6568,-0.00596258248936457
6569,-0.00874592528032694
6570,-0.0137644265305897
6571,-0.0185583981471503
6572,-0.0205774939961928
6573,-0.0195740367045508
6574,-0.0174355466282779
6575,-0.0158652055509231
6576,-0.0148496958010434
6577,-0.0134256167838945
6578,-0.01120900046146
6579,-0.00869602359984842
6580,-0.00647609188538618
6581,-0.00472521148426456
6582,-0.00334985911138532
6583,-0.002172806744194
6584,-0.00101455804214099
6585,2.83912799224063E-05
6586,0.000484279663281437
6587,0.000212888990734445
6588,0.000243257922684277
6589,0.00219838140682329
6590,0.0063951616216589
6591,0.0109281587422587
6592,0.0132808501900585
6593,0.0127788098079561
6594,0.0109652653746439
6595,0.00962299446756258
6596,0.00901270174731109
6597,0.00819380502458372
6598,0.00646596199978433
6599,0.00402143319845279
6600,0.00149296694321237
6601,-0.000630030948288793
6602,-0.00221068080627461
6603,-0.00345983962352867
6604,-0.00468079914996868
6605,-0.0057595559782296
6606,-0.00612997475145413
6607,-0.0057501462054676
6608,-0.00597167524055892
6609,-0.00859418269598609
6610,-0.013626184320753
6611,-0.018577967466083
6612,-0.0206832142414008
6613,-0.019625357438256
6614,-0.0174608532690913
6615,-0.0160069851064655
6616,-0.0150926989885417
6617,-0.0135362778831244
6618,-0.0110143680546138
6619,-0.00832032888271663
6620,-0.00620082729491341
6621,-0.00466774569299321
6622,-0.00338851959621181
6623,-0.0021693128549608
6624,-0.000985336360471667
6625,-5.00499921369582E-07
6626,0.000397382824643446
6627,0.000127729816369168
6628,0.000160773309737696
6629,0.00207396456320357
6630,0.00626612434863761
6631,0.0109265251048407
6632,0.0134724922872925
6633,0.0130535823482122
6634,0.011155651662754
6635,0.00970669727301919
6636,0.00913088603493245
6637,0.00846479416594851
6638,0.0068396695619488
6639,0.00434942787227697
6640,0.00170225411818679
6641,-0.00048187017853568
6642,-0.00204172272516997
6643,-0.0032718803657271
6644,-0.00453946257094508
6645,-0.00569731987832329
6646,-0.00610507733869191
6647,-0.00569417693851589
6648,-0.0058461438776001
6649,-0.00839634913023555
6650,-0.0133752591259244
6651,-0.0183228197274147
6652,-0.0205035679256036
6653,-0.0195805815471243
6654,-0.017526203259972
6655,-0.0160911908188395
6656,-0.0151380903905103
6657,-0.0135801664621988
6658,-0.0111239794163203
6659,-0.00848248827397378
6660,-0.00631735536248162
6661,-0.00466870708770944
6662,-0.00331384000303207
6663,-0.00211212751362418
6664,-0.000978061110066839
6665,9.30904021634751E-06
6666,0.000467650568622592
6667,0.000255440508667762
6668,0.000298327353718719
6669,0.00217520936048772
6670,0.00629957339279837
6671,0.0108769817585293
6672,0.0133636755384478
6673,0.0129530862531587
6674,0.0111142555102572
6675,0.00969213206396291
6676,0.00905976199855847
6677,0.00831480383499671
6678,0.00669981541807419
6679,0.00433554503100967
6680,0.00184215205397745
6681,-0.000256243796262887
6682,-0.0018093216380845
6683,-0.00306743351378697
6684,-0.00437329655935704
6685,-0.00558089919514158
6686,-0.00603444269440081
6687,-0.00563895613964729
6688,-0.0057854926477068
6689,-0.00835539547185901
6690,-0.0134000905350332
6691,-0.0184201023561109
6692,-0.0206200568332805
6693,-0.0196431460602593
6694,-0.017493559150433
6695,-0.0159742891099822
6696,-0.0149897634406774
6697,-0.013464865654579
6698,-0.011080556187714
6699,-0.00850622249338836
6700,-0.00637949736267857
6701,-0.00474655449313911
6702,-0.00339027701822725
6703,-0.0021587576967993
6704,-0.000973815626543555
6705,2.56973483886192E-05
6706,0.000385570843559237
6707,-3.29971279526243E-05
6708,-0.00019757247003005
6709,0.00161097271857057
6710,0.00587014937893441
6711,0.0107145953234615
6712,0.0134344440282497
6713,0.0130851019333879
6714,0.0111452872252738
6715,0.00960774596181065
6716,0.00897445406590261
6717,0.00831462911080738
6718,0.00673832336111763
6719,0.00431055187637816
6720,0.00173575893330866
6721,-0.000371177727315538
6722,-0.00188662055510074
6723,-0.00313696512968614
6724,-0.00445172134876049
6725,-0.00559883254240324
6726,-0.00590798815181517
6727,-0.00537913008926004
6728,-0.00547835109529118
6729,-0.00804927250861277
6730,-0.0130774655950742
6731,-0.0180907829112911
6732,-0.0203803177512159
6733,-0.0195929892612407
6734,-0.0176086549805598
6735,-0.0160928504861131
6736,-0.0149374829280623
6737,-0.0132025445389947
6738,-0.0107448485520925
6739,-0.00830440000358456
6740,-0.00641333413697085
6741,-0.00492084076832505
6742,-0.00350832970367189
6743,-0.00211362745557153
6744,-0.000821143064116116
6745,0.000190929427712529
6746,0.000575455948264921
6747,0.000274964850992704
6748,0.000250200981766272
6749,0.00207641726250304
6750,0.00617940626916365
6751,0.0107757819483645
6752,0.013279949910922
6753,0.0128285973642376
6754,0.0109174344834795
6755,0.00949671306194571
6756,0.00898980243059239
6757,0.00841063045109049
6758,0.00687913877283833
6759,0.00449025860190269
6760,0.00193137374422412
6761,-0.000215767470860248
6762,-0.00179065419050373
6763,-0.00303778008304273
6764,-0.00429590063957479
6765,-0.00546119670919938
6766,-0.00593702834827256
6767,-0.00560294489198736
6768,-0.00573768003010157
6769,-0.00817262204874428
6770,-0.0130665057672417
6771,-0.0180627837109501
6772,-0.0203644035629642
6773,-0.0194864463993283
6774,-0.0173585687029341
6775,-0.0158342454883307
6776,-0.0148761740822206
6777,-0.0133796671660865
6778,-0.0109765976828382
6779,-0.00836309676136802
6780,-0.00623685490148714
6781,-0.00463918717376963
6782,-0.00329696910311371
6783,-0.00204042754025845
6784,-0.000815500633618453
6785,0.000246767704988763
6786,0.000723700947665416
6787,0.00043045903233032
6788,0.000263514748524491
6789,0.00186864785810945
6790,0.00584100311792174
6791,0.0105358974859331
6792,0.0133480843258798
6793,0.0132252925246961
6794,0.0114473200528872
6795,0.0099114025949311
6796,0.00920242794291488
6797,0.00854578226091068
6798,0.00709762493165814
6799,0.00478452609252372
6800,0.00213638306139371
6801,-0.000207501787334393
6802,-0.00188099552053992
6803,-0.00303654642215992
6804,-0.00415224983356481
6805,-0.0053147231237362
6806,-0.00592692551971542
6807,-0.00568763608147901
6808,-0.00575116084669679
6809,-0.00802725762709755
6810,-0.0128413050010446
6811,-0.0178955807710552
6812,-0.020315606902575
6813,-0.0195303614742481
6814,-0.0174573220365939
6815,-0.015971358436424
6816,-0.0150389869352866
6817,-0.0135610519523006
6818,-0.0111903385760251
6819,-0.00861238337428568
6820,-0.0064627171830099
6821,-0.00475878197427744
6822,-0.00332588494549764
6823,-0.00212406941186831
6824,-0.00107357907090535
6825,-0.000112192716820941
6826,0.000469081719654643
6827,0.000375318861146273
6828,0.000284163504974012
6829,0.00179558812579406
6830,0.0056771263850694
6831,0.0104227386823891
6832,0.0133429458258568
6833,0.0132132121295708
6834,0.0113029049244069
6835,0.00966287718549682
6836,0.0089687650510443
6837,0.00836478512969628
6838,0.00690883949786014
6839,0.00457215017515692
6840,0.00198863238783584
6841,-0.000223349961165875
6842,-0.00183389977459321
6843,-0.00305350270245279
6844,-0.00425906853703051
6845,-0.00542314503151171
6846,-0.0059673179721834
6847,-0.00567844104285734
6848,-0.00572078552532121
6849,-0.00794686514480791
6850,-0.0126967208401846
6851,-0.0177797348535598
6852,-0.0203616348577508
6853,-0.019742762903379
6854,-0.0176752739474756
6855,-0.0160332433951652
6856,-0.0149450610498418
6857,-0.0134361047269458
6858,-0.0111209704677338
6859,-0.00857767189120723
6860,-0.00641394812863387
6861,-0.0046964723033511
6862,-0.00326544351216718
6863,-0.00203611982309321
6864,-0.000916988325879988
6865,8.61313255500359E-05
6866,0.000622045385069334
6867,0.000436583328870208
6868,0.000300962375463713
6869,0.00184180905658622
6870,0.00576875827837648
6871,0.0105287334005363
6872,0.0134502044699977
6873,0.0133393859872843
6874,0.0114599981102516
6875,0.00985649221660714
6876,0.00922648367247548
6877,0.0087066480013276
6878,0.00727053414021471
6879,0.00481710507755428
6880,0.00204484765755319
6881,-0.000275516304047557
6882,-0.00186276855717783
6883,-0.00303665590285762
6884,-0.00427040251213603
6885,-0.00546954540714935
6886,-0.00593334782447196
6887,-0.00548164743165197
6888,-0.00545613404350932
6889,-0.00779897554044015
6890,-0.0127315470794528
6891,-0.0178943853247756
6892,-0.0204369689265369
6893,-0.0197713499978523
6894,-0.017713314735056
6895,-0.0160920649248779
6896,-0.0149893151373027
6897,-0.0134593748026483
6898,-0.011156639833864
6899,-0.00862818142353677
6900,-0.00642041487511111
6901,-0.00460925798673033
6902,-0.00312197257697178
6903,-0.00193544272650052
6904,-0.000920220010284226
6905,3.32369627509269E-06
6906,0.000508895450663369
6907,0.000283122192399451
6908,4.89268094702519E-05
6909,0.00148396993237066
6910,0.00540360594657141
6911,0.0102814465464036
6912,0.0133453804277096
6913,0.0132845228360746
6914,0.0113592925873469
6915,0.00970389594074431
6916,0.00907414019158198
6917,0.00858649997906754
6918,0.00719302156437845
6919,0.00482025447471009
6920,0.0021777052417261
6921,-2.80217666463679E-05
6922,-0.00158942345368377
6923,-0.00281822770736352
6924,-0.00413552664636478
6925,-0.00544926783829953
6926,-0.00608830801727763
6927,-0.00580244386235684
6928,-0.00577407334105174
6929,-0.00789913603274191
6930,-0.012580649104676
6931,-0.0176865252336845
6932,-0.0203757432101664
6933,-0.0198684827382092
6934,-0.017856200306588
6935,-0.0162490833829153
6936,-0.0152462282255036
6937,-0.0138608616900189
6938,-0.0116200722728022
6939,-0.00906191448930789
6940,-0.00684280427251317
6941,-0.00506606657641238
6942,-0.00353420597538896
6943,-0.00214593136503444
6944,-0.00090910430864943
6945,4.97210312965575E-05
6946,0.000409817024440322
6947,8.16816010937167E-05
6948,-7.31726817585504E-05
6949,0.00148159867112453
6950,0.0053365148670642
6951,0.00998165885942652
6952,0.012906511954363
6953,0.0129780109606269
6954,0.0113274278884686
6955,0.00982241881885036
6956,0.00913582427866055
6957,0.00854585450152394
6958,0.00716887050254971
6959,0.00489670317033153
6960,0.00228274596536449
6961,-2.92307383347658E-05
6962,-0.0017309936317137
6963,-0.00299875323581411
6964,-0.00422703947019842
6965,-0.00541154700937882
6966,-0.00598080044926285
6967,-0.00570976320199302
6968,-0.00572657376027262
6969,-0.00785316886094463
6970,-0.01246997289309
6971,-0.0174947755510102
6972,-0.0201526676703813
6973,-0.0196676939243761
6974,-0.0176696411852757
6975,-0.0160283731857495
6976,-0.0149881508274023
6977,-0.0136347629592849
6978,-0.0114836085644583
6979,-0.00897658440771534
6980,-0.00672567181475309
6981,-0.00493001240955596
6982,-0.00351745093609858
6983,-0.00235005168460112
6984,-0.0012280127685222
6985,-0.000125320779573819
6986,0.000540614050181753
6987,0.000424490404047701
6988,0.000249181600990163
6989,0.00165698741424333
6990,0.00543042724143294
6991,0.0101127555604427
6992,0.013088189916428
6993,0.0131286240289431
6994,0.0113984414605502
6995,0.00986527978420811
6996,0.00923996240475927
6997,0.00873673723507175
6998,0.00737539954619438
6999,0.0050088453322044
7000,0.00225042389269043
7001,-0.00013463906394509
7002,-0.00175976816486128
7003,-0.00285902235545943
7004,-0.00398170170641837
7005,-0.00520736570615274
7006,-0.00586693317481335
7007,-0.00556370167538621
7008,-0.00539956029544845
7009,-0.00737186888123023
7010,-0.0120457569006527
7011,-0.017325365398682
7012,-0.0202485222929949
7013,-0.0198825051926749
7014,-0.0178601853398874
7015,-0.0161502393295535
7016,-0.0150618920473754
7017,-0.0136729668487684
7018,-0.0114691932610897
7019,-0.00888882767159345
7020,-0.00656880865224156
7021,-0.00474274081397257
7022,-0.00335946486913743
7023,-0.0022660975645783
7024,-0.0012176814903273
7025,-0.000157447556488036
7026,0.000476943138141784
7027,0.000299597436326696
7028,3.91120393235153E-05
7029,0.00139911342517408
7030,0.00521023134873206
7031,0.00999740425247428
7032,0.0130910591202801
7033,0.0132315850593464
7034,0.0115703511054511
7035,0.010042862404121
7036,0.00933378900506762
7037,0.00871298131141938
7038,0.00732749309997326
7039,0.00509184448336174
7040,0.00251145904776935
7041,0.000169281283249746
7042,-0.00160141474936855
7043,-0.00290033206132475
7044,-0.00411905356296403
7045,-0.00532649174120671
7046,-0.00595672191261403
7047,-0.00567037766441158
7048,-0.00552473702118871
7049,-0.00746698350833514
7050,-0.0120854412937675
7051,-0.0173351483280004
7052,-0.0202641182277774
7053,-0.0199302901591265
7054,-0.0179792205612076
7055,-0.0163737974052786
7056,-0.0153440095369605
7057,-0.0138852022749548
7058,-0.0115303483744968
7059,-0.00887913461845513
7060,-0.00665197703886227
7061,-0.00497091065609969
7062,-0.00361444957413001
7063,-0.00241265961734772
7064,-0.00125479682818745
7065,-0.000177437502770841
7066,0.000424023916442478
7067,0.000225587132162235
7068,-7.12415745671818E-05
7069,0.00119982199112551
7070,0.00493824935807912
7071,0.00977187873419778
7072,0.012996222475818
7073,0.0131915406854243
7074,0.011440037962209
7075,0.00980970405639454
7076,0.00914649838548524
7077,0.00869125011654297
7078,0.00741524628790448
7079,0.00514339156161804
7080,0.00246927678817226
7081,9.33656622686152E-05
7082,-0.00164673535040719
7083,-0.00291123321854009
7084,-0.00410418454777157
7085,-0.00527444804369281
7086,-0.00588653897175372
7087,-0.00565627819054673
7088,-0.00561492097280529
7089,-0.00760792711717991
7090,-0.0121855009452226
7091,-0.0173892183657102
7092,-0.020348262989091
7093,-0.0200616975823725
7094,-0.0180545935876512
7095,-0.0163023940085832
7096,-0.0152074113504687
7097,-0.0138901855473871
7098,-0.011786024522802
7099,-0.00926147370881865
7100,-0.0069155732968495
7101,-0.004974677961627
7102,-0.00341995205130367
7103,-0.00218664256456514
7104,-0.00111458954098303
7105,-0.000128753831191032
7106,0.000437514314633345
7107,0.000239925939702624
7108,-8.00701555845465E-05
7109,0.0011157661243716
7110,0.00477928135544629
7111,0.00964237213573554
7112,0.0130471047411065
7113,0.0134752851891218
7114,0.0118261396157918
7115,0.0100787453665886
7116,0.00918500012792402
7117,0.00857357654953448
7118,0.00728529996359233
7119,0.0050530703513363
7120,0.00236818331401504
7121,-5.29807816197537E-05
7122,-0.00180118720008129
7123,-0.0030464661527597
7124,-0.00428357445466573
7125,-0.00559462250575122
7126,-0.00634637029398095
7127,-0.00612021497069423
7128,-0.00591276284338114
7129,-0.00765873410358033
7130,-0.0120416376713763
7131,-0.0171973921137025
7132,-0.020266387678138
7133,-0.0201662894386932
7134,-0.0182947432801497
7135,-0.0165557907705109
7136,-0.0153959293675197
7137,-0.0140309379581818
7138,-0.0119290423725805
7139,-0.00941956831978078
7140,-0.00708629499609419
7141,-0.00519424241232141
7142,-0.00373342771757
7143,-0.00256303409960408
7144,-0.00144603188908501
7145,-0.00033536734576636
7146,0.000342497905743396
7147,0.000211942547744349
7148,-4.01504916080561E-05
7149,0.0012279097411547
7150,0.00487485361822139
7151,0.00956131157906394
7152,0.0127123355706893
7153,0.0129967508929161
7154,0.0114195513695849
7155,0.00988635911564116
7156,0.00918363165678007
7157,0.00863765723248655
7158,0.00731670844961077
7159,0.00505790314026483
7160,0.00243147409346737
7161,0.000135908529869837
7162,-0.00152011380662717
7163,-0.00279233252046631
7164,-0.0041487935833655
7165,-0.00554692534143215
7166,-0.00626103298748071
7167,-0.00592249644442712
7168,-0.00567952602170421
7169,-0.00756061713419385
7170,-0.0121755684121291
7171,-0.0174787037712225
7172,-0.0204951505456928
7173,-0.0202067931246564
7174,-0.0181886375782252
7175,-0.0164543966656103
7176,-0.0153921093498445
7177,-0.0140794668822476
7178,-0.011933551369044
7179,-0.00935956216211294
7180,-0.00702362651021671
7181,-0.00517629241598581
7182,-0.00374031456208034
7183,-0.00255230797057641
7184,-0.00139484351029509
7185,-0.000216908542068402
7186,0.000564170582662896
7187,0.000504334300955462
7188,0.000175926439704537
7189,0.00122534796783157
7190,0.00469766527886263
7191,0.00943097592751274
7192,0.0127921323652548
7193,0.0132086010398583
7194,0.0115477088850702
7195,0.00983563204094487
7196,0.0090738983336817
7197,0.00864183114809434
7198,0.00746185440104284
7199,0.00521059467686905
7200,0.00244854106501664
7201,7.48997766727123E-06
7202,-0.00166144306799685
7203,-0.00279396824032105
7204,-0.00398971588190583
7205,-0.00536878500759353
7206,-0.00621507431581203
7207,-0.00597533174861643
7208,-0.00561544705465609
7209,-0.0072085849828155
7210,-0.0115972946559959
7211,-0.0168940655908322
7212,-0.0200626632402709
7213,-0.0199419976537725
7214,-0.0180600864485236
7215,-0.016445527308577
7216,-0.0154408009082014
7217,-0.014065086058812
7218,-0.0118079383502406
7219,-0.00923221624422978
7220,-0.00702070517913634
7221,-0.00524089821648168
7222,-0.00367441547353113
7223,-0.00226698153617559
7224,-0.00103161082255238
7225,1.1205585636243E-05
7226,0.00057899807104055
7227,0.000372957173287732
7228,-2.22898353168364E-06
7229,0.00108825690930959
7230,0.00469350326506815
7231,0.00960957499231643
7232,0.0130938193943718
7233,0.0135148927942262
7234,0.0118076524078854
7235,0.0100757579650672
7236,0.00927976514288985
7237,0.00872800951503177
7238,0.00741257972881858
7239,0.00516686776054333
7240,0.00255732317436726
7241,0.00021715020634643
7242,-0.00154971708293567
7243,-0.00286602304128713
7244,-0.00410874232006493
7245,-0.00537118803888733
7246,-0.00613078983417183
7247,-0.00596518765573443
7248,-0.00573049820824917
7249,-0.00732340419207706
7250,-0.0116071611379651
7251,-0.0168839621074285
7252,-0.0201978888538151
7253,-0.0202234466247873
7254,-0.0182817544163813
7255,-0.0164242112420325
7256,-0.0152292320686685
7257,-0.0138848317821383
7258,-0.0117995796673376
7259,-0.00933202444128954
7260,-0.00708385649961964
7261,-0.00522191823499397
7262,-0.00365077301261992
7263,-0.00232526846507697
7264,-0.00117901650891689
7265,-0.000159694203718206
7266,0.000474230035281347
7267,0.000396761838110902
7268,0.000130040667720361
7269,0.00121561780752505
7270,0.00470733651507936
7271,0.00953804654131305
7272,0.0130863162251139
7273,0.0136534650158163
7274,0.0119768291253156
7275,0.010085286107278
7276,0.00909799467680331
7277,0.00851566029037318
7278,0.00731211692999577
7279,0.00513492407115464
7280,0.00245526392892862
7281,1.38181968266846E-05
7282,-0.00174272759017949
7283,-0.0029481484071007
7284,-0.00410680556299265
7285,-0.0053765168123374
7286,-0.00617011541878483
7287,-0.00597547587122072
7288,-0.00564479293716482
7289,-0.00714733004977523
7290,-0.0114108540075949
7291,-0.0167404257543459
7292,-0.0201324990936786
7293,-0.0202100785473529
7294,-0.0182807132940853
7295,-0.0164260960066314
7296,-0.015257138002787
7297,-0.0139481525809036
7298,-0.0118559764606268
7299,-0.00931775665075393
7300,-0.006990805036157
7301,-0.00513083801818273
7302,-0.00366685729397991
7303,-0.00247079182537815
7304,-0.001353882990817
7305,-0.000222652606953258
7306,0.000570652343554139
7307,0.000550590959775327
7308,0.000179614165185859
7309,0.00108713810319606
7310,0.00446093835693653
7311,0.00927069534690597
7312,0.0128302622267521
7313,0.0134067318179876
7314,0.0117993347732279
7315,0.01008258307353
7316,0.00928606760412851
7317,0.00877348064928121
7318,0.00753073550048471
7319,0.00537067605772662
7320,0.00285018564970502
7321,0.000575403834777164
7322,-0.00118662636521285
7323,-0.00254815769975785
7324,-0.00383536023500361
7325,-0.00513488262783336
7326,-0.00596878192305345
7327,-0.00589566333943839
7328,-0.00565075305046073
7329,-0.00707310679595426
7330,-0.0111760671447399
7331,-0.0164752016671242
7332,-0.0200122414261935
7333,-0.0202366056458696
7334,-0.0183197059234135
7335,-0.0164132617943707
7336,-0.0152480980452504
7337,-0.0139691850337917
7338,-0.0118362686996716
7339,-0.00922527614590238
7340,-0.00692829242460069
7341,-0.00519372767822087
7342,-0.00376775147868304
7343,-0.00243095740065961
7344,-0.00116163835824185
7345,-7.09404408062903E-05
7346,0.000548152360778384
7347,0.00046528408498577
7348,0.000208865522319854
7349,0.0011803777409649
7350,0.00436995772773311
7351,0.00888987695397003
7352,0.0123828284840141
7353,0.0132139574331684
7354,0.0119287235482599
7355,0.0103087782468903
7356,0.00936755414476612
7357,0.00867426707817362
7358,0.00736735698829517
7359,0.00524114085183832
7360,0.00277390981470744
7361,0.000541963614470714
7362,-0.00119142219035403
7363,-0.00255650817659417
7364,-0.0038744779591921
7365,-0.00517702628831321
7366,-0.00594927363501389
7367,-0.00579759365501898
7368,-0.00553776301675882
7369,-0.00701930447775619
7370,-0.0111939109704649
7371,-0.0165320414273728
7372,-0.0200792614295194
7373,-0.0202830677687726
7374,-0.018295370764168
7375,-0.0163073449616541
7376,-0.0151657127670099
7377,-0.0140693569491095
7378,-0.0121446824438002
7379,-0.00955990081212131
7380,-0.00708313058482386
7381,-0.00518035412195294
7382,-0.00379350145096373
7383,-0.00261941718558879
7384,-0.00137700516719039
7385,-8.9455726336203E-05
7386,0.000741999810132977
7387,0.000656078507505039
7388,0.000232023878535899
7389,0.0011291613041251
7390,0.00446072863642466
7391,0.00918253158831206
7392,0.0127204047852681
7393,0.0134188726079515
7394,0.0119699984316492
7395,0.0102653076647264
7396,0.00931541403932438
7397,0.00866072463088269
7398,0.00742611703446504
7399,0.0053510357396376
7400,0.00283021246342778
7401,0.00045163008616864
7402,-0.00138220395465714
7403,-0.00269501998525621
7404,-0.00387154426673244
7405,-0.00508046659952048
7406,-0.00583089567434898
7407,-0.00564849980436437
7408,-0.00533202705182158
7409,-0.00681594447354486
7410,-0.011082380836346
7411,-0.0164984640789405
7412,-0.0200237646994831
7413,-0.0201805856553313
7414,-0.0182403833914758
7415,-0.0163488219433734
7416,-0.0151841523281416
7417,-0.0139194218034682
7418,-0.0118872959495891
7419,-0.00943459238974666
7420,-0.00721731113726283
7421,-0.00541740221722671
7422,-0.00388477276142328
7423,-0.00253531425397851
7424,-0.00132874962607455
7425,-0.000243132171084221
7426,0.000468598954951953
7427,0.000455957310303412
7428,0.000147616670161977
7429,0.00103689922063828
7430,0.00430069518152791
7431,0.00907819355033585
7432,0.0128042534988728
7433,0.0136202047358058
7434,0.0120846154671368
7435,0.0102203661187018
7436,0.00926230997594273
7437,0.00877439253171707
7438,0.00769131839421117
7439,0.00559985721662659
7440,0.00293092704948737
7441,0.000390590360385754
7442,-0.00156135492328667
7443,-0.0029382904884035
7444,-0.00410271567201655
7445,-0.00523543069170969
7446,-0.00593707066549558
7447,-0.0057993679783847
7448,-0.00553835072406631
7449,-0.0069496008440045
7450,-0.0110419375276
7451,-0.016385969648184
7452,-0.0200567292464235
7453,-0.0204283871292579
7454,-0.0185448724622917
7455,-0.0165399187783626
7456,-0.0152844505400185
7457,-0.0140598046739241
7458,-0.0120825245934379
7459,-0.00955763158823164
7460,-0.00719642437707473
7461,-0.00534959078539622
7462,-0.0038955339891876
7463,-0.00260068133443803
7464,-0.00132806233785811
7465,-0.000163188339038545
7466,0.00048487246658252
7467,0.000297417512180304
7468,-0.000100956027946646
7469,0.000893159999769623
7470,0.00435217007389972
7471,0.00924886477690224
7472,0.0129901093918748
7473,0.0138082963217863
7474,0.0123025033849854
7475,0.0104348186074501
7476,0.00940223001998338
7477,0.00884085167366784
7478,0.00777767412658602
7479,0.00578588675636452
7480,0.00320360269079704
7481,0.000694213107402461
7482,-0.00124208660857545
7483,-0.00259315303204986
7484,-0.00377146580528716
7485,-0.00500453284953225
7486,-0.00584018479018562
7487,-0.00575718284821256
7488,-0.00542915154514316
7489,-0.00672926199472789
7490,-0.0107757082063549
7491,-0.0161732539762637
7492,-0.0199487091943757
7493,-0.0204162832348621
7494,-0.0185976479373587
7495,-0.0166303809121036
7496,-0.0153826355485464
7497,-0.014121497202476
7498,-0.0120632914235492
7499,-0.00944654609338623
7500,-0.00703166632153901
7501,-0.00518809147904043
7502,-0.00376402870121364
7503,-0.0024860084983191
7504,-0.00121805555742263
7505,-7.84683916626355E-05
7506,0.000517164575889606
7507,0.000286023046701661
7508,-0.000127712735617609
7509,0.000840053662682232
7510,0.00422085283837698
7511,0.00903232400080011
7512,0.0127873708079722
7513,0.0137518544247646
7514,0.0124175498692343
7515,0.0106020351020234
7516,0.00947743197319456
7517,0.00879056517875304
7518,0.00767964368021342
7519,0.00571817407351198
7520,0.00316928857951866
7521,0.000655352398856368
7522,-0.00129126747150512
7523,-0.0026150157519083
7524,-0.00374242282126482
7525,-0.00496227502598908
7526,-0.0058579487119483
7527,-0.00586755425765399
7528,-0.00557962451160832
7529,-0.00682624939628741
7530,-0.0107792066986319
7531,-0.0161369794497706
7532,-0.0199505034893435
7533,-0.020455696730874
7534,-0.0185908540903933
7535,-0.0165206703941572
7536,-0.0152350884595875
7537,-0.0140776660990291
7538,-0.0121995771485305
7539,-0.00969944667592203
7540,-0.00727512595163285
7541,-0.00536898732705257
7542,-0.00394180507987668
7543,-0.00274016554854009
7544,-0.00153535396758547
7545,-0.000346410759281428
7546,0.000405254743247389
7547,0.00032647903979476
7548,-5.05523709778347E-05
7549,0.000816368353851917
7550,0.00402474160871792
7551,0.00868046121883047
7552,0.0123582828407354
7553,0.0133488793828668
7554,0.0121213838830427
7555,0.0104161562214627
7556,0.00932363047967931
7557,0.00859603694611287
7558,0.00747565807049741
7559,0.0056119385827464
7560,0.00319499360730886
7561,0.000694438588785916
7562,-0.00139183007782145
7563,-0.0028623359055559
7564,-0.00399284011705958
7565,-0.00509665469629507
7566,-0.00589724577471153
7567,-0.00588926277661428
7568,-0.00559144058468166
7569,-0.00679506390268028
7570,-0.0107500904520124
7571,-0.0162271915130002
7572,-0.0202062650285635
7573,-0.0207896427721215
7574,-0.0189041347418717
7575,-0.0168271250705772
7576,-0.0156007138301582
7577,-0.0144736941058009
7578,-0.012500848161047
7579,-0.00983559469593738
7580,-0.00731211654260517
7581,-0.00540882772804716
7582,-0.00399345002915325
7583,-0.00273503040619539
7584,-0.00143843861390833
7585,-0.000202018974643005
7586,0.000523712294214383
7587,0.000366812504868332
7588,-0.000107935211401253
7589,0.000689917656808037
7590,0.00391684445779709
7591,0.00867307555609099
7592,0.0124191097273765
7593,0.0133343454630317
7594,0.0119428766738901
7595,0.0101793447034117
7596,0.00923488721392774
7597,0.00872369116813602
7598,0.00766760953263157
7599,0.00568702848855471
7600,0.0031677241852324
7601,0.000745134025519001
7602,-0.00115604641365618
7603,-0.00254694338946824
7604,-0.00379223837096072
7605,-0.00508518444647093
7606,-0.00598919739345861
7607,-0.00596816677000013
7608,-0.00560431908582011
7609,-0.00671840462802316
7610,-0.0105486592949234
7611,-0.0159119725512222
7612,-0.0198960585582225
7613,-0.0206326667570023
7614,-0.0189190700606736
7615,-0.0168739861535236
7616,-0.0155423720943503
7617,-0.0143360858801449
7618,-0.0124374464720072
7619,-0.00995202038055629
7620,-0.00756431425049914
7621,-0.00567174465193151
7622,-0.00419456839819764
7623,-0.00290462388771024
7624,-0.00164619315734954
7625,-0.000460430066585606
7626,0.000289012925690427
7627,0.000242177302328503
7628,-0.000129333626379978
7629,0.000674383522264727
7630,0.00385724002843045
7631,0.00866870581681209
7632,0.0126101472494164
7633,0.013687397699348
7634,0.0122296826302161
7635,0.0102234567685986
7636,0.0091160112210142
7637,0.00865277398137996
7638,0.00769832223760468
7639,0.00566732478610618
7640,0.00299174665945397
7641,0.000531478610386402
7642,-0.00121879804075822
7643,-0.00245554709610937
7644,-0.00371583754224325
7645,-0.00511665151394999
7646,-0.00602677898877641
7647,-0.00588217583052977
7648,-0.0054304292851866
7649,-0.00660349534433229
7650,-0.0105429130789029
7651,-0.0159026088128355
7652,-0.0197603837836621
7653,-0.0203939486175361
7654,-0.0187099070246731
7655,-0.0167753551076989
7656,-0.0155085226674253
7657,-0.0142793622625446
7658,-0.0123460121185479
7659,-0.00989088202193266
7660,-0.00757273158840852
7661,-0.00569969456375411
7662,-0.00416114526173979
7663,-0.0027997839161659
7664,-0.00154414417387593
7665,-0.000429895541239845
7666,0.000263485065610511
7667,0.000237102440380082
7668,-6.73493785491444E-05
7669,0.000761698691780726
7670,0.00387067221318735
7671,0.00854703334139499
7672,0.0124117027794902
7673,0.0135725305029569
7674,0.012330685238601
7675,0.0105151402791607
7676,0.00943887848231401
7677,0.00888230562800251
7678,0.00785856462612125
7679,0.0058426490799613
7680,0.00316563832315881
7681,0.000593094626200058
7682,-0.00130137134609265
7683,-0.00255765419481327
7684,-0.00371409714367318
7685,-0.00507157318537215
7686,-0.00611560772654988
7687,-0.00614949723076306
7688,-0.00569159432212631
7689,-0.00664325311528382
7690,-0.0103630804344345
7691,-0.015715327234647
7692,-0.0197526046753345
7693,-0.0205553638099745
7694,-0.0189000558769162
7695,-0.0169052599811556
7696,-0.0156099291256033
7697,-0.0144130061765483
7698,-0.0124941889640864
7699,-0.00997244591376666
7700,-0.0075532437856347
7701,-0.00565608220542199
7702,-0.00421310052398059
7703,-0.00297331119607787
7704,-0.00171996944825043
7705,-0.000454584656425936
7706,0.000402263638916738
7707,0.000362735921867466
7708,-0.000161626516413975
7709,0.000426077510471133
7710,0.00349112861495606
7711,0.00834144446823483
7712,0.0124070354539204
7713,0.0136164619702375
7714,0.0122854188567644
7715,0.0103781719880012
7716,0.00926907170590558
7717,0.00869328138085089
7718,0.00765366394396929
7719,0.00570312434722419
7720,0.00319409680091965
7721,0.00075342324597911
7722,-0.00119487538232551
7723,-0.0026359317291122
7724,-0.00389805889841302
7725,-0.00518565318388646
7726,-0.0061083784803766
7727,-0.0061155014616046
7728,-0.00569887504018534
7729,-0.00665183587272626
7730,-0.0103407285146224
7731,-0.0157262008409979
7732,-0.0198490603937209
7733,-0.0206468584241608
7734,-0.0188385002122835
7735,-0.0166931115580675
7736,-0.0154291316572396
7737,-0.0144197946691954
7738,-0.0126515317634115
7739,-0.0101171326359881
7740,-0.00757039539898326
7741,-0.00554311831843045
7742,-0.00402636071765398
7743,-0.00278245444126709
7744,-0.00159172807042912
7745,-0.000406347601200215
7746,0.000436618317154912
7747,0.000459528520788729
7748,-3.61958504933071E-05
7749,0.000452839304674086
7750,0.0033666550745846
7751,0.00818071202741829
7752,0.0123633174650011
7753,0.0137021612438891
7754,0.0123926009536678
7755,0.0104519393393439
7756,0.00936707028681723
7757,0.00885287898698004
7758,0.00779230729986327
7759,0.00572235309786263
7760,0.00313693486770991
7761,0.000773837252078426
7762,-0.00101551293304689
7763,-0.00237281455439326
7764,-0.00367102532674962
7765,-0.00502932149997299
7766,-0.00599213065846565
7767,-0.00603562288953525
7768,-0.00567796839635936
7769,-0.00665848326826713
7770,-0.0102871038383791
7771,-0.0155801608703554
7772,-0.0197026279319242
7773,-0.0206188850864951
7774,-0.0189188822448114
7775,-0.016734565471114
7776,-0.0153133855157761
7777,-0.0141976188755573
7778,-0.0124838590062889
7779,-0.0100944410136521
7780,-0.00763567483512869
7781,-0.00559707213849631
7782,-0.00405751677464234
7783,-0.0028554102310275
7784,-0.00173894371232156
7785,-0.000587031895775832
7786,0.000277968564811514
7787,0.000353431927606256
7788,-5.35852241443387E-05
7789,0.000564678161794322
7790,0.00356577071691922
7791,0.00830341799031993
7792,0.0122556688638162
7793,0.0133949042746441
7794,0.0120838178436391
7795,0.0103046609395904
7796,0.00938206294432702
7797,0.00895488710124887
7798,0.0079568993029938
7799,0.00594749057355169
7800,0.00334118101202413
7801,0.000825909739632262
7802,-0.00115318831919446
7803,-0.0025998735314026
7804,-0.00386892738772541
7805,-0.00516389451475011
7806,-0.00606405825377047
7807,-0.0059979596244106
7808,-0.00548314679875973
7809,-0.00637157815088511
7810,-0.0100716795074921
7811,-0.0155408775283122
7812,-0.0197844327413102
7813,-0.0206991699863821
7814,-0.0189761119689818
7815,-0.0168793114629716
7816,-0.0156428062680397
7817,-0.014653615005396
7818,-0.0128886511827242
7819,-0.010326123203221
7820,-0.00773772077612228
7821,-0.00569639465293539
7822,-0.00419952733283049
7823,-0.00296201910446524
7824,-0.00172759010361103
7825,-0.000477738482512881
7826,0.00040301659222782
7827,0.00045023632321187
7828,1.02773342814731E-05
7829,0.000555914357720599
7830,0.00342034426968293
7831,0.0080489471362153
7832,0.0120496345252702
7833,0.0133772889624653
7834,0.0122090197853162
7835,0.0103803657387306
7836,0.0092851961292803
7837,0.0087668502007009
7838,0.00786452208219703
7839,0.0060378934592679
7840,0.00352049591464107
7841,0.000928537199539016
7842,-0.00119970285817871
7843,-0.00272339722276475
7844,-0.00395320964759375
7845,-0.00518466805349827
7846,-0.00610969953938218
7847,-0.00615024584929819
7848,-0.00570145366019493
7849,-0.00652943120366294
7850,-0.0101100026661131
7851,-0.0155507821177391
7852,-0.0199171487643309
7853,-0.0210079593943841
7854,-0.0193610321425786
7855,-0.0171697415406684
7856,-0.015719793732851
7857,-0.0145145806597682
7858,-0.0126330988270215
7859,-0.0100818122788432
7860,-0.00757783457750252
7861,-0.00561586051201623
7862,-0.00417121519282853
7863,-0.00299269376783584
7864,-0.00183101945612113
7865,-0.000613929535014705
7866,0.000303553850036243
7867,0.000387056322338665
7868,-0.000107862474683508
7869,0.000323012715005743
7870,0.00315874668081675
7871,0.00792953397899787
7872,0.0121557773223515
7873,0.0136318323983283
7874,0.0124669670319107
7875,0.0105441710632567
7876,0.00932109833053267
7877,0.0086700976764506
7878,0.00766052628290187
7879,0.00579116605569178
7880,0.00329024448575436
7881,0.000719258289828863
7882,-0.0014031929013612
7883,-0.00287624209646687
7884,-0.00396418300793168
7885,-0.00503764873382106
7886,-0.00592659646053442
7887,-0.00607789480360825
7888,-0.00574395461056664
7889,-0.00653899359042873
7890,-0.00995128683434368
7891,-0.0152340186281038
7892,-0.0195517193003983
7893,-0.0206711533523291
7894,-0.0190622159257231
7895,-0.0169247333487144
7896,-0.0155896198823872
7897,-0.014540010987996
7898,-0.0127674480993697
7899,-0.0102324218330535
7900,-0.00769979956606181
7901,-0.00572849053628759
7902,-0.00428984904805853
7903,-0.00309414595283127
7904,-0.00189942983068002
7905,-0.000674279257348756
7906,0.000233653692236312
7907,0.000347265431738112
7908,-6.81739430541415E-05
7909,0.000415221828085297
7910,0.00321275678713148
7911,0.00789422455053848
7912,0.0120603253737413
7913,0.0135091111550298
7914,0.0122974529383084
7915,0.0103254083276474
7916,0.00914604880283819
7917,0.00865491161763653
7918,0.0077934115314376
7919,0.00593290432947252
7920,0.00335960786363494
7921,0.000814908345698196
7922,-0.0011312891304736
7923,-0.00245049232889354
7924,-0.00359880507282293
7925,-0.00491813171322742
7926,-0.00602025266803193
7927,-0.00619518022514457
7928,-0.00575627500025619
7929,-0.00649510627863349
7930,-0.00998845268048494
7931,-0.0154202031302192
7932,-0.0198383766960987
7933,-0.0209782562468038
7934,-0.0193674130048077
7935,-0.0172443533424367
7936,-0.0158914009047012
7937,-0.0147238915871081
7938,-0.0127697668816722
7939,-0.0101290447559057
7940,-0.00765268783411879
7941,-0.00580721207413577
7942,-0.00438295782688229
7943,-0.00303461194727238
7944,-0.00165890452116483
7945,-0.000387109817134749
7946,0.000433908086073704
7947,0.000456327390662589
7948,1.15809644770125E-05
7949,0.000453601102057624
7950,0.0031205680013581
7951,0.00765201111179001
7952,0.011814562960593
7953,0.0134722536669329
7954,0.0125502389370068
7955,0.0107370558243589
7956,0.00949516551055
7957,0.00882041991810317
7958,0.00783232373637765
7959,0.0059901982508616
7960,0.00351741904835734
7961,0.00102748738926948
7962,-0.000969841280647127
7963,-0.00239122257292769
7964,-0.00360139625440793
7965,-0.00492037102210508
7966,-0.00601507866325023
7967,-0.00621045818147872
7968,-0.00576865227990468
7969,-0.00641401157705333
7970,-0.00976267102194969
7971,-0.0151323342676861
7972,-0.019632562595636
7973,-0.0208845045889285
7974,-0.0192594929195531
7975,-0.0170194180712451
7976,-0.0156476187277302
7977,-0.0146797898858319
7978,-0.012999152966992
7979,-0.0104482956449688
7980,-0.00781221593171439
7981,-0.00575101104394102
7982,-0.00427058568653632
7983,-0.00304231578769301
7984,-0.00182449857748472
7985,-0.000638572242438926
7986,0.000181208544157048
7987,0.000265206954784914
7988,-7.88656786794926E-05
7989,0.000442258560803264
7990,0.00308661970417815
7991,0.00749253563996016
7992,0.0115405513283283
7993,0.0132144448195752
7994,0.0124351104181733
7995,0.0107749653895548
7996,0.00959768320373492
7997,0.00890722950211141
7998,0.00790325744487838
7999,0.00610249770438285
8000,0.00370672266231751
8001,0.00125103750051879
8002,-0.000812379035106926
8003,-0.00236935366628045
8004,-0.00367836515332874
8005,-0.00497717105448952
8006,-0.00596224258145361
8007,-0.0060722051912977
8008,-0.00564512294159855
8009,-0.00636420183048135
8010,-0.00974138049457182
8011,-0.0150513315270975
8012,-0.0194717188073351
8013,-0.0207210721205315
8014,-0.019176861256859
8015,-0.017002485171226
8016,-0.0155994621065499
8017,-0.0145492851339249
8018,-0.0128582194425568
8019,-0.0104065551169344
8020,-0.00787339109030711
8021,-0.00580677867288413
8022,-0.00424227490824624
8023,-0.00296792768905777
8024,-0.00176978514289539
8025,-0.000579846792511752
8026,0.000306899736698298
8027,0.000414322628602671
8028,-5.18234059389627E-05
8029,0.000288967265251167
8030,0.00289285252999555
8031,0.0074454764305684
8032,0.0116445183796035
8033,0.0132845832090542
8034,0.0123206093535859
8035,0.0105205249931804
8036,0.00935815544041257
8037,0.008757810471574
8038,0.00779036899888561
8039,0.00596178220602362
8040,0.00356771963218365
8041,0.00120115668441017
8042,-0.00073938194332306
8043,-0.0022358626413846
8044,-0.00357368599815689
8045,-0.00492691822121216
8046,-0.00591941489752377
8047,-0.00598585142134111
8048,-0.00551375489447772
8049,-0.00621355174385789
8050,-0.00957411127779204
8051,-0.0148483288211858
8052,-0.0192413296664357
8053,-0.0205170430804161
8054,-0.0190546269289054
8055,-0.0169731398114778
8056,-0.0156345216744016
8057,-0.0146106036999754
8058,-0.0129093791699921
8059,-0.0104202839227082
8060,-0.00785807194674049
8061,-0.00581549123740198
8062,-0.00432280189930904
8063,-0.00310320766623546
8064,-0.00189546672292869
8065,-0.000666199717652182
8066,0.000219760923626931
8067,0.000275945308450544
8068,-0.000232359799287635
8069,0.00012542393795084
8070,0.0027954000525649
8071,0.00742599855068755
8072,0.0116948852281832
8073,0.0133851031044535
8074,0.0124256759726799
8075,0.0105663134111424
8076,0.00931290259066007
8077,0.00866398765893684
8078,0.00773643721165077
8079,0.0059915824052908
8080,0.00361424086099584
8081,0.0011309136778809
8082,-0.000986833738239301
8083,-0.00255539587376255
8084,-0.00378099929133452
8085,-0.00495770437802575
8086,-0.00590436513850302
8087,-0.00608657701420613
8088,-0.00571613129958093
8089,-0.00635737474170809
8090,-0.0095901723143015
8091,-0.0148814511650532
8092,-0.019482425357234
8093,-0.0209644303785832
8094,-0.0195136794555327
8095,-0.0172735195721753
8096,-0.0157751409583863
8097,-0.0146878453695042
8098,-0.0129823307834637
8099,-0.0104915350153888
8100,-0.00793360138414809
8101,-0.00591274741695354
8102,-0.00442467618897215
8103,-0.00315757528170427
8104,-0.00187922578497246
8105,-0.000621571046146837
8106,0.000231442050575583
8107,0.000243176374668673
8108,-0.000264051038587039
8109,0.000140322292842443
8110,0.00285117519086802
8111,0.00747730205124004
8112,0.0117192130125194
8113,0.0134282685543831
8114,0.0125735031362082
8115,0.0108598756813145
8116,0.00969219909243691
8117,0.0090056247641908
8118,0.00795173410011498
8119,0.00608930049030939
8120,0.00367467172432068
8121,0.0012266339954748
8122,-0.000847746738378276
8123,-0.00241934309234767
8124,-0.00369030842149633
8125,-0.00490552762314584
8126,-0.00584978670319711
8127,-0.00600391792445449
8128,-0.00560573887840778
8129,-0.00620224410058
8130,-0.009340185392156
8131,-0.0145236599135711
8132,-0.0191164441153003
8133,-0.0207522781577521
8134,-0.0195276399561799
8135,-0.0174200675413334
8136,-0.0158945414635628
8137,-0.0147106100353195
8138,-0.0129641338100621
8139,-0.0105149023887957
8140,-0.00801452084127231
8141,-0.00600476673222555
8142,-0.00448189111325777
8143,-0.00317773248984529
8144,-0.00189393876023925
8145,-0.000651302152632417
8146,0.000210704815900758
8147,0.000271037768095653
8148,-0.000207653314379022
8149,0.000128956993520828
8150,0.00270270573970648
8151,0.00725813909040199
8152,0.0115756757740341
8153,0.013403359144386
8154,0.0125398040579425
8155,0.0106828788036251
8156,0.00942127256973611
8157,0.00883513035843897
8158,0.00800252717466849
8159,0.00629105164962464
8160,0.00387135704375794
8161,0.0013368112998141
8162,-0.000804739776504436
8163,-0.00240465094956708
8164,-0.00369752617044117
8165,-0.00494548932608331
8166,-0.00592629869309506
8167,-0.00610799944911186
8168,-0.00571288581875679
8169,-0.00627998950757685
8170,-0.00937583063077206
8171,-0.0145327662004131
8172,-0.019100452313361
8173,-0.0206639466961224
8174,-0.0193203707711467
8175,-0.0171365622947311
8176,-0.0156709656376276
8177,-0.0146715143709377
8178,-0.0131238008592099
8179,-0.0107763297867873
8180,-0.00823565965672061
8181,-0.00607229935725593
8182,-0.00438229092768717
8183,-0.00303186363281886
8184,-0.00187586136347673
8185,-0.000812847444357977
8186,1.54571483493558E-05
8187,0.000229999173227502
8188,-8.46108308959716E-05
8189,0.000249367712199823
8190,0.00270267846781355
8191,0.00721181680324652
8192,0.0116233742631695
8193,0.0135493678714745
8194,0.0126514435051895
8195,0.0106623889855033
8196,0.00929762381096906
8197,0.00868821791064477
8198,0.00787611065444622
8199,0.00620864350737403
8200,0.00386995510748981
8201,0.00142827368539485
8202,-0.000670840495921439
8203,-0.00228789059785338
8204,-0.00359664276609484
8205,-0.004830475425337
8206,-0.00582229617677796
8207,-0.00608136917596765
8208,-0.00576170552957923
8209,-0.00629821291316123
8210,-0.0092696157739172
8211,-0.0143490446964885
8212,-0.0190035089978128
8213,-0.0207886913195701
8214,-0.0196618278576
8215,-0.0175605787673763
8216,-0.0160025645707599
8217,-0.0147908955434869
8218,-0.0130320721730588
8219,-0.0105976243054995
8220,-0.00813536569205429
8221,-0.0061370511584246
8222,-0.00456091731919602
8223,-0.00318725973976396
8224,-0.00189251615431907
8225,-0.000665192263705833
8226,0.000274092852219376
8227,0.000520961554195382
8228,0.000169663901037815
8229,0.000402552328333389
8230,0.00268836187031471
8231,0.00700099652824185
8232,0.011287593849453
8233,0.0132595362164015
8234,0.0125740685564868
8235,0.0108407171763102
8236,0.00963773708559303
8237,0.00904540861935538
8238,0.0081349443874854
8239,0.00630781349657636
8240,0.00382206914340599
8241,0.00134545500334548
8242,-0.000630069503795905
8243,-0.00206480670652047
8244,-0.00331168033428411
8245,-0.00465952716441614
8246,-0.0057943989333545
8247,-0.00605588765756303
8248,-0.00561770032332429
8249,-0.00608224493848807
8250,-0.00911318692055339
8251,-0.0142853909520795
8252,-0.0189289423507132
8253,-0.020590535481872
8254,-0.0193294233228037
8255,-0.0171727619716424
8256,-0.0156613446370863
8257,-0.0145786751956302
8258,-0.0129723423580751
8259,-0.0106115399561565
8260,-0.00807101132363314
8261,-0.0058989086337628
8262,-0.00421399014231885
8263,-0.00290234027135645
8264,-0.00178687707602708
8265,-0.000719763915148105
8266,0.000152187244796925
8267,0.000401398180597332
8268,7.98434977622131E-05
8269,0.000361465926485904
8270,0.00271458418617987
8271,0.00709393108955196
8272,0.0114306189516011
8273,0.0134361217999315
8274,0.0127523367024859
8275,0.010949135654717
8276,0.00960917212885772
8277,0.00891774868037089
8278,0.00806879082325684
8279,0.00643980502204926
8280,0.00409441617650769
8281,0.00153555735305406
8282,-0.000676044186854314
8283,-0.00226106947508743
8284,-0.00343784974003535
8285,-0.00461170318513209
8286,-0.00566641261729164
8287,-0.00596713596368472
8288,-0.00554361991878111
8289,-0.00592332208194361
8290,-0.00888883078421165
8291,-0.0141582661272826
8292,-0.0190109669784126
8293,-0.0207992613096448
8294,-0.0194953668933219
8295,-0.0172471493603107
8296,-0.0157446833011299
8297,-0.0147527547938404
8298,-0.0131871764815683
8299,-0.0107742037561651
8300,-0.00818557402356913
8301,-0.00604844387206403
8302,-0.00442166816048364
8303,-0.00308065529342833
8304,-0.00184748828821717
8305,-0.000688274386534512
8306,0.000162655890187316
8307,0.000303973077375287
8308,-0.000129904707315295
8309,8.66209027040568E-05
8310,0.00243684116187429
8311,0.0068796595253826
8312,0.0113206416799031
8313,0.0134003914755264
8314,0.0127096706310626
8315,0.0108628808772101
8316,0.00953513345096752
8317,0.00891912758511556
8318,0.00810858466589127
8319,0.00641528271867252
8320,0.00397841610187658
8321,0.00142165961911099
8322,-0.000696876544960779
8323,-0.00221902850430813
8324,-0.00343567475131492
8325,-0.00469523552889736
8326,-0.0058053898297559
8327,-0.00614777687842824
8328,-0.00579979709421147
8329,-0.00624461714496624
8330,-0.00915785232489821
8331,-0.0142448636451204
8332,-0.018919503780658
8333,-0.0206731669166201
8334,-0.0194655611891528
8335,-0.0173048188732195
8336,-0.0157737421604519
8337,-0.0146637761898282
8338,-0.0129983831862044
8339,-0.0105744078392968
8340,-0.00804722068103022
8341,-0.00599195718572216
8342,-0.00445205951826539
8343,-0.00322569149791385
8344,-0.00212849459949119
8345,-0.00105541281248341
8346,-0.00016912881041212
8347,0.000106098068792993
8348,-0.000204272255131829
8349,4.6468320875195E-05
8350,0.00236893738050412
8351,0.00679844078838641
8352,0.0112672565066859
8353,0.0133868480945904
8354,0.0127283647211895
8355,0.0109133119192666
8356,0.00960922491522507
8357,0.00898609348130197
8358,0.00815801289458928
8359,0.00650191550078939
8360,0.00416774187997242
8361,0.00167594343571223
8362,-0.000524705787271493
8363,-0.00223038176402236
8364,-0.00354867998885425
8365,-0.00471561201113181
8366,-0.00563832624066585
8367,-0.00589105302811292
8368,-0.00560602115696558
8369,-0.00614081854656766
8370,-0.00905825476956944
8371,-0.0141203726745296
8372,-0.0188720279959053
8373,-0.0208038218588432
8374,-0.0197251687373125
8375,-0.0175466637435853
8376,-0.0159404671882441
8377,-0.0148447949144955
8378,-0.0132779864452943
8379,-0.0108921115186986
8380,-0.00827145856645171
8381,-0.00609440832254659
8382,-0.00452303008545395
8383,-0.00330595336426894
8384,-0.00210409731465176
8385,-0.000779078317755313
8386,0.000336870273945848
8387,0.000616821121259084
8388,5.4167591150605E-05
8389,-5.07934074595418E-05
8390,0.00200642958343922
8391,0.00636162261844143
8392,0.0109246898298863
8393,0.0132099880407427
8394,0.0126907254561616
8395,0.0109456726463018
8396,0.00965440591272781
8397,0.00900528619180963
8398,0.00811413862369774
8399,0.00638337704408184
8400,0.00404127638340118
8401,0.00167096177447721
8402,-0.000336013608327313
8403,-0.00193924766423177
8404,-0.00335793600076933
8405,-0.00475546843686573
8406,-0.00583805949303328
8407,-0.00604424669261442
8408,-0.00556045368437855
8409,-0.00591871354930774
8410,-0.0087984699427195
8411,-0.0139250602235556
8412,-0.0187312613496004
8413,-0.0206677625307077
8414,-0.0196111087868599
8415,-0.017523959493463
8416,-0.0160054287537253
8417,-0.0148719660229657
8418,-0.0131568618616578
8419,-0.0106909698823212
8420,-0.00818522204281365
8421,-0.00620142440761182
8422,-0.00466546561479714
8423,-0.0032837948082105
8424,-0.00194846187682993
8425,-0.000726885680883526
8426,0.000165115639654266
8427,0.000417634474706056
8428,0.000134269457225308
8429,0.000354281868801404
8430,0.00245256203933569
8431,0.00655301073796394
8432,0.0108603430025132
8433,0.0131265209560102
8434,0.0127610113568035
8435,0.0111251874413164
8436,0.00982159714820248
8437,0.00915695915059438
8438,0.00834770050706951
8439,0.00671473301065003
8440,0.00432798829743886
8441,0.00176362124841011
8442,-0.000395778785823609
8443,-0.00192930192244814
8444,-0.00310587170849312
8445,-0.00433026007285993
8446,-0.00547736328888208
8447,-0.00589397030694807
8448,-0.00552305158262272
8449,-0.00578013173623553
8450,-0.00847740533121271
8451,-0.0135562729356946
8452,-0.018504739432378
8453,-0.0206280373720238
8454,-0.0196394547428907
8455,-0.0174907130167874
8456,-0.0158989526088909
8457,-0.014776100622561
8458,-0.0131338869537745
8459,-0.0107112984597777
8460,-0.00816581793458936
8461,-0.00609870236879768
8462,-0.00452317597744802
8463,-0.00318731565044936
8464,-0.00193548112196497
8465,-0.000754482440150114
8466,0.000158047326356209
8467,0.000433436477394133
8468,0.000131866273028377
8469,0.000339848521471852
8470,0.00250843317392071
8471,0.00673520413660607
8472,0.0110841909390136
8473,0.0132075621308946
8474,0.0125920295350818
8475,0.0107813726293804
8476,0.00946215774937554
8477,0.00885006716203464
8478,0.00804418025676231
8479,0.00638483299636527
8480,0.00404716467443786
8481,0.0016099829548219
8482,-0.000481823715431753
8483,-0.00209617751273409
8484,-0.00339309247262679
8485,-0.00460270672708654
8486,-0.00561018929909773
8487,-0.00596473392909848
8488,-0.00572876561847152
8489,-0.00616951124341235
8490,-0.00885882687101771
8491,-0.0137142683573805
8492,-0.0184426991809438
8493,-0.0205307538266272
8494,-0.0196347621056043
8495,-0.0175348939728465
8496,-0.0159025502223454
8497,-0.0147588378077565
8498,-0.0131996175812016
8499,-0.0109049889325232
8500,-0.00841642969479042
8501,-0.00630979600916026
8502,-0.00468833241513417
8503,-0.00340130033471716
8504,-0.00229399407076107
8505,-0.00124101898403112
8506,-0.00031434397308055
8507,0.000123219887388504
8508,-1.04271470113282E-05
8509,0.000221548459287747
8510,0.00228980790477555
8511,0.00647401732665117
8512,0.0109731114409409
8513,0.0133617812329986
8514,0.012925734723933
8515,0.011114089882087
8516,0.00970652235339772
8517,0.00905249308735754
8518,0.00826007670919129
8519,0.00657299625298932
8520,0.00411070293304678
8521,0.00151423995154791
8522,-0.000663449531945343
8523,-0.00225323778155179
8524,-0.00348243445202877
8525,-0.00467508022693934
8526,-0.00573085095690402
8527,-0.00610920857581815
8528,-0.00577610939359097
8529,-0.00602413665236485
8530,-0.00857757518822794
8531,-0.0134835701998259
8532,-0.0184137628489973
8533,-0.0206937650930819
8534,-0.0198685552656799
8535,-0.0177519692620545
8536,-0.0161087180363488
8537,-0.0149826261487119
8538,-0.0134158364996329
8539,-0.0110531538647429
8540,-0.00846656450784539
8541,-0.0062784716192902
8542,-0.00459791085386565
8543,-0.00324858712200539
8544,-0.00206232946329589
8545,-0.000928150946615583
8546,4.93783796039446E-05
8547,0.000469624646625478
8548,0.000229115275307802
8549,0.000290281636638315
8550,0.00219866039351299
8551,0.00631020227815485
8552,0.0108470720571952
8553,0.0133483354545403
8554,0.0130379839864116
8555,0.0113028653959414
8556,0.00987883737362016
8557,0.00912552696523893
8558,0.0082348552965764
8559,0.00655022557042792
8560,0.00420592910434375
8561,0.00174582908372318
8562,-0.000391842434682267
8563,-0.00206066995282549
8564,-0.00341514552657439
8565,-0.00469549952040554
8566,-0.00576695776995103
8567,-0.0060978128920539
8568,-0.0056844461275913
8569,-0.00586437387842187
8570,-0.00840145332865642
8571,-0.0133412730104182
8572,-0.0183119897080029
8573,-0.0206037530333465
8574,-0.0197680233925163
8575,-0.0176409177330962
8576,-0.0159913112232206
8577,-0.0148641566605641
8578,-0.0133233017626244
8579,-0.0110238384911241
8580,-0.00849566045618108
8581,-0.00630594588192984
8582,-0.00457925028362517
8583,-0.00321689357178591
8584,-0.00207581873188044
8585,-0.000970282430454625
8586,5.57400030362336E-05
8587,0.000533024457921407
8588,0.000239039074627741
8589,0.000147362445940702
8590,0.00195473998830109
8591,0.00610918865928043
8592,0.0107394137419791
8593,0.0132424111779261
8594,0.0128566567249941
8595,0.011113417114645
8596,0.00980901234678086
8597,0.00919445168676793
8598,0.00833947689255695
8599,0.00660487641398786
8600,0.00421856172347602
8601,0.0017473080668777
8602,-0.000410316488196176
8603,-0.00208447103355887
8604,-0.00334317653097287
8605,-0.00443629513655573
8606,-0.00539872719205656
8607,-0.00584462689025721
8608,-0.00568123729800966
8609,-0.0059904805093714
8610,-0.00840738175816073
8611,-0.0131230152509218
8612,-0.0179984680439023
8613,-0.0203720312776634
8614,-0.0196502534435607
8615,-0.0175614370864483
8616,-0.0159316035089596
8617,-0.01489050806591
8618,-0.0134468016274122
8619,-0.0111293398580574
8620,-0.00846869628835087
8621,-0.00617476189927375
8622,-0.00446048091955761
8623,-0.00315554760615071
8624,-0.00202784487766248
8625,-0.000933279049070318
8626,6.65087312299741E-06
8627,0.00038546382948867
8628,0.000122928721164023
8629,0.000183756542956787
8630,0.0020838500095249
8631,0.0061796399069464
8632,0.0107437776081873
8633,0.0133331930793552
8634,0.0131009206949915
8635,0.0113619858933346
8636,0.00989679148047769
8637,0.0091774880299659
8638,0.00841091466997439
8639,0.00682362575273232
8640,0.00446547297106403
8641,0.00194960053338617
8642,-0.000172257499277512
8643,-0.00177421840234812
8644,-0.00314097699603393
8645,-0.00455927337881993
8646,-0.00578568976493641
8647,-0.00617702794099676
8648,-0.00575640517551098
8649,-0.00595091810087394
8650,-0.00851974430629614
8651,-0.0134222747419803
8652,-0.018278205086574
8653,-0.0204951943227518
8654,-0.0197200068511917
8655,-0.01773123283345
8656,-0.0161606632957854
8657,-0.015005103979307
8658,-0.0134039676427082
8659,-0.0110924355096823
8660,-0.00859134347597573
8661,-0.00640629039757483
8662,-0.00463383247147074
8663,-0.00320592751403125
8664,-0.00203139014368919
8665,-0.000949786409196974
8666,2.42580295057962E-05
8667,0.000489005757449695
8668,0.000252294742506803
8669,0.000217514848210798
8670,0.00197116868068798
8671,0.00596288479930611
8672,0.0104733220020752
8673,0.01302781062754
8674,0.0127916793944485
8675,0.0111035230913766
8676,0.00970959775714234
8677,0.00903794686491588
8678,0.00833225334446678
8679,0.00687933118904251
8680,0.00465888547548735
8681,0.00210716786399356
8682,-0.000261622490180467
8683,-0.00209382574519615
8684,-0.00342539753738356
8685,-0.00460714474682331
8686,-0.00571442017131606
8687,-0.00625413905096311
8688,-0.00600763095517255
8689,-0.00608152109019658
8690,-0.00828557824046716
8691,-0.0129712731457801
8692,-0.0180027023101712
8693,-0.0205788908533536
8694,-0.0199605432048881
8695,-0.0178391943192146
8696,-0.0161166877815149
8697,-0.0150229443498758
8698,-0.0135998255561933
8699,-0.0113259755786702
8700,-0.00866802645171198
8701,-0.00633792052894366
8702,-0.00460902635970993
8703,-0.0033338912975447
8704,-0.00221121647697027
8705,-0.00102478489842841
8706,4.71090819672974E-05
8707,0.000441878027586415
8708,2.08419990346387E-05
8709,-0.000107428836771369
8710,0.00175769149974858
8711,0.0059703566898285
8712,0.0106374950023454
8713,0.01322721265244
8714,0.0129885775447321
8715,0.0113456725596974
8716,0.0100253805686043
8717,0.00937227862094617
8718,0.00858608061125916
8719,0.00698855356247262
8720,0.00463691087710457
8721,0.00203750965889704
8722,-0.000269435374041378
8723,-0.00197037637562493
8724,-0.00318332497690714
8725,-0.0043076657560761
8726,-0.00539111640588456
8727,-0.00590056479750365
8728,-0.00565483587391391
8729,-0.00583900231818885
8730,-0.00824290243607063
8731,-0.0130682624184873
8732,-0.0180671094890298
8733,-0.0205217249102243
8734,-0.0198782920913371
8735,-0.0178686585483616
8736,-0.0162248247581884
8737,-0.0150263184102385
8738,-0.0134048539671746
8739,-0.0110716044417931
8740,-0.00856840209193449
8741,-0.00642664744434875
8742,-0.0047228818784903
8743,-0.00334879992910075
8744,-0.00219910880037753
8745,-0.00111482710792479
8746,-0.000103549750652071
8747,0.000420572352709589
8748,0.000210119795768491
8749,0.000135559780145219
8750,0.00185306140816836
8751,0.00592701474538831
8752,0.0106367095456848
8753,0.0133530671458146
8754,0.0131101985715241
8755,0.0113014289940381
8756,0.00982940856934983
8757,0.00916491572307715
8758,0.00844601738709861
8759,0.00689841127001064
8760,0.00460921820323182
8761,0.00214945825995695
8762,-1.075132839559E-05
8763,-0.00170938170250305
8764,-0.00308823378497527
8765,-0.00439926602227974
8766,-0.00555627012397878
8767,-0.00603971460182397
8768,-0.00574348844980054
8769,-0.00586411617769461
8770,-0.00817436813010303
8771,-0.0129266101486312
8772,-0.0179505903590516
8773,-0.0205064825570441
8774,-0.0199224088911882
8775,-0.0178669592838696
8776,-0.0161450368035993
8777,-0.0149385443594784
8778,-0.0133758877426167
8779,-0.011078952704623
8780,-0.00854276589681045
8781,-0.00634671977687668
8782,-0.00463399181179261
8783,-0.00329714651936498
8784,-0.00217864637755247
8785,-0.00109006548787473
8786,-6.73623124548761E-05
8787,0.000431992067878427
8788,0.000163000698101928
8789,4.19770360445212E-05
8790,0.0017517658079839
8791,0.00582788240950964
8792,0.0105151718131009
8793,0.0132131207252831
8794,0.0130182991435241
8795,0.0113097960017842
8796,0.00987175692924582
8797,0.00908882030323946
8798,0.00818234302293657
8799,0.00655738968449098
8800,0.00435487147050217
8801,0.00199788416066934
8802,-0.000201691529189421
8803,-0.00203831337489988
8804,-0.0034671836233227
8805,-0.00466394295205547
8806,-0.00567551875928275
8807,-0.00613434419888209
8808,-0.00589657717986986
8809,-0.00599758878607151
8810,-0.00816952147151458
8811,-0.0128175630821441
8812,-0.0179128293211806
8813,-0.0206471455402494
8814,-0.0201515991011314
8815,-0.0180213228134138
8816,-0.016196690596093
8817,-0.015023245412134
8818,-0.0136218919570375
8819,-0.011467356647655
8820,-0.00895488093609697
8821,-0.00669999617906892
8822,-0.00492646601734969
8823,-0.003542964010871
8824,-0.00236248591583187
8825,-0.00120366526540762
8826,-0.000151912299471413
8827,0.000315785986379633
8828,-2.9646103736389E-06
8829,-0.000143538613982032
8830,0.00157150629943677
8831,0.00563780174675203
8832,0.0102887320943279
8833,0.0129613765020388
8834,0.0128000323200202
8835,0.0111947260613934
8836,0.00988933128348404
8837,0.00919469853017778
8838,0.00826960518971605
8839,0.00652714986994009
8840,0.00420706892450702
8841,0.00185064285933892
8842,-0.000210578370496017
8843,-0.00188153472783042
8844,-0.0032488603362059
8845,-0.00450798859058512
8846,-0.00561475181451119
8847,-0.00612157149500102
8848,-0.00589580335274423
8849,-0.00602350537108061
8850,-0.00823694523773518
8851,-0.0128925340369187
8852,-0.017941993608606
8853,-0.0206247234735597
8854,-0.0201376175660843
8855,-0.0180890779819299
8856,-0.0163636639304193
8857,-0.0152230310278202
8858,-0.0137424459388116
8859,-0.0114357994957928
8860,-0.00880779623807699
8861,-0.00656618054242067
8862,-0.00492285578313366
8863,-0.00368294175235744
8864,-0.00256540094186313
8865,-0.0013757160844956
8866,-0.000241123265045483
8867,0.000316368439902462
8868,4.80217643895475E-05
8869,-0.000129112355241615
8870,0.00147072812906235
8871,0.00544191919907956
8872,0.0101126217867651
8873,0.0128744380603361
8874,0.0127176538438257
8875,0.0109738787451014
8876,0.00952790930687678
8877,0.00886335978862615
8878,0.00811481333430365
8879,0.00649950966948634
8880,0.00413564806853286
8881,0.00164554036109872
8882,-0.00049799583817475
8883,-0.0021787648961079
8884,-0.00355484361710498
8885,-0.0048429805555279
8886,-0.00595303179568516
8887,-0.00643119897081233
8888,-0.00620043057307269
8889,-0.0063528543418602
8890,-0.00853340696714233
8891,-0.0130473904910708
8892,-0.017946344350125
8893,-0.0206186940082169
8894,-0.0202611427851505
8895,-0.0183226253213446
8896,-0.01657398024574
8897,-0.0153517820347116
8898,-0.01388359255938
8899,-0.0117041326767662
8900,-0.00917510409713805
8901,-0.00686877836932915
8902,-0.00502269432070373
8903,-0.00359714329835542
8904,-0.0024399532822225
8905,-0.00134752760186535
8906,-0.000323692009202366
8907,0.000224778780276137
8908,4.40744257709644E-05
8909,-7.31140621810451E-05
8910,0.00144925795167978
8911,0.00525782652340439
8912,0.00987981184464544
8913,0.0128473117338861
8914,0.0130467364496601
8915,0.0115300888298715
8916,0.0100154019288267
8917,0.00911970412073778
8918,0.00825745916098215
8919,0.00673953999064163
8920,0.00448884413144313
8921,0.00191502743706669
8922,-0.000436351319076412
8923,-0.00217170532547807
8924,-0.00334742663052605
8925,-0.00441893261430384
8926,-0.00557003514788916
8927,-0.00627747355388467
8928,-0.00612918478382533
8929,-0.00606476771903325
8930,-0.00796668660594927
8931,-0.0124505742970439
8932,-0.0175540381464035
8933,-0.0203875287892417
8934,-0.0199987165972094
8935,-0.0179760606102245
8936,-0.0162663900357827
8937,-0.0151669162861836
8938,-0.0137475723459923
8939,-0.0115131743550536
8940,-0.00894396881661228
8941,-0.00668926606978419
8942,-0.00493293716033847
8943,-0.00355920032260817
8944,-0.0024152363684483
8945,-0.00133054343300309
8946,-0.000317117535274053
8947,0.000207942819289296
8948,-3.66352081028432E-05
8949,-0.000228234344664928
8950,0.0013217627299673
8951,0.00531159104011978
8952,0.0101216725733647
8953,0.0130621921296241
8954,0.0130082105496949
8955,0.0112693616497106
8956,0.00979114730217065
8957,0.00910889859644691
8958,0.00836978487540339
8959,0.00679185838827694
8960,0.00447601987799211
8961,0.00198840200958771
8962,-0.000239057330482539
8963,-0.00203637329482556
8964,-0.00345916930789506
8965,-0.00471601987289194
8966,-0.00581863905291344
8967,-0.00634983076969185
8968,-0.00610518034924446
8969,-0.00607064000230137
8970,-0.00803260342646486
8971,-0.0125662026539709
8972,-0.0177534446156657
8973,-0.0206835355137204
8974,-0.0202981598350042
8975,-0.0181760710642619
8976,-0.016418048954986
8977,-0.0154316368557885
8978,-0.0141740197479128
8979,-0.0119606102586525
8980,-0.00927060938641701
8981,-0.00691783400704804
8982,-0.00515164749587499
8983,-0.00374033556242893
8984,-0.00245081500431595
8985,-0.00121639490776221
8986,-0.000174046009084391
8987,0.00031056202019585
8988,8.62987931631731E-05
8989,-4.27749094989514E-05
8990,0.00147399946823722
8991,0.00532324928138387
8992,0.0100523465902712
8993,0.0130694778686473
8994,0.0131181760101623
8995,0.0113398949085387
8996,0.0097373724940226
8997,0.00905320876808221
8998,0.00848383467679444
8999,0.00705689799448425
9000,0.00471133821311998
9001,0.00210441323852821
9002,-0.000127166219994463
9003,-0.00178609576133475
9004,-0.00310581835149843
9005,-0.00442322454776965
9006,-0.0056693916315879
9007,-0.00628199260484492
9008,-0.00605172827192921
9009,-0.00605967432314236
9010,-0.00809305698474696
9011,-0.0126146520477562
9012,-0.0176816260959723
9013,-0.02054066094594
9014,-0.0202724979655606
9015,-0.0183556300602707
9016,-0.0166582830573909
9017,-0.0155352400824007
9018,-0.0141396293094299
9019,-0.0119528607429273
9020,-0.00937379280352846
9021,-0.0070472242372582
9022,-0.00523339173854445
9023,-0.00384894855317486
9024,-0.00267496154301601
9025,-0.00147354760108391
9026,-0.000290148666941156
9027,0.00035686284365976
9028,0.000123195150680569
9029,-0.00015651487363393
9030,0.00125083861834282
9031,0.00509512458767383
9032,0.00982689677827013
9033,0.0128174904930917
9034,0.0129201837725301
9035,0.0113271910399136
9036,0.00987923692494197
9037,0.00913091208141586
9038,0.00834135197222428
9039,0.00680180342934494
9040,0.00458966723734569
9041,0.00221875567681119
9042,0.00010009021239828
9043,-0.00161964593600158
9044,-0.00305269815374019
9045,-0.00442851101999723
9046,-0.00567725948132807
9047,-0.00627872099040577
9048,-0.00604285318867144
9049,-0.00605603250140048
9050,-0.00810722091829976
9051,-0.0126354705096359
9052,-0.017661729844683
9053,-0.0204453994967542
9054,-0.0201381142598788
9055,-0.0182600679464504
9056,-0.0166242871133231
9057,-0.0154977031811763
9058,-0.0140306036326679
9059,-0.0117921253463735
9060,-0.00924384084065663
9061,-0.00699328638590483
9062,-0.00522430527726836
9063,-0.00383760994371991
9064,-0.00266232015060571
9065,-0.00149875984084968
9066,-0.000382789299763831
9067,0.000195558466523774
9068,-8.53997424694761E-05
9069,-0.000361999528632224
9070,0.00112837391640142
9071,0.00511516125487535
9072,0.00995891455017832
9073,0.0129437596140506
9074,0.0129343245606728
9075,0.0112297525313097
9076,0.00976605089914348
9077,0.00909464115312841
9078,0.00839746454316839
9079,0.00689850030143867
9080,0.00466089816467443
9081,0.00221851350624184
9082,1.42832793513985E-05
9083,-0.00176146880027126
9084,-0.00317893071097935
9085,-0.0044673970524404
9086,-0.00561470303224866
9087,-0.006165601692859
9088,-0.0059371504744032
9089,-0.00597326127723796
9090,-0.00804604027247757
9091,-0.012634773720681
9092,-0.0177856098579267
9093,-0.020689442887802
9094,-0.0203846500989926
9095,-0.0183737200244644
9096,-0.0165949366460266
9097,-0.0154547360111016
9098,-0.0141034384985153
9099,-0.0119822085515506
9100,-0.00944846829525156
9101,-0.00712545348491557
9102,-0.00528092861080455
9103,-0.00387129976955373
9104,-0.00272580908199091
9105,-0.00161125420186484
9106,-0.00051243750146391
9107,0.000117761445957932
9108,-7.7537025225259E-05
9109,-0.000342075783205386
9110,0.00102282911587004
9111,0.00483415891812477
9112,0.00962169575771955
9113,0.0127313515037791
9114,0.0129145552517938
9115,0.0113251067103435
9116,0.00987988885222738
9117,0.0092152508740621
9118,0.00856590605775574
9119,0.00712286797178348
9120,0.00489532599546677
9121,0.00240646938635757
9122,0.000127439678873388
9123,-0.00171245176557373
9124,-0.00315562339280279
9125,-0.00444228679747426
9126,-0.00560948117724088
9127,-0.00621611378210215
9128,-0.00599039906797309
9129,-0.00586033124336429
9130,-0.00763082658730543
9131,-0.0119992315135483
9132,-0.0172084765639852
9133,-0.0204061498439125
9134,-0.0203930643695292
9135,-0.0184926206314016
9136,-0.0166693425022529
9137,-0.0154602490953676
9138,-0.0140779309215516
9139,-0.0119247012307708
9140,-0.00931045548616027
9141,-0.0068728259179695
9142,-0.00493971523368832
9143,-0.00351638663230028
9144,-0.00242132592654589
9145,-0.00134420495802987
9146,-0.000189343058313688
9147,0.00057575191249672
9148,0.000468469113583606
9149,0.000135607117653126
9150,0.00132355208464615
9151,0.00502046444212409
9152,0.00986103306605233
9153,0.0131125675746959
9154,0.0133643594015281
9155,0.0117072281935765
9156,0.0101316797157498
9157,0.0093624385385664
9158,0.00864198726658323
9159,0.00713203176500554
9160,0.00485923600719399
9161,0.00239637596647952
9162,0.000211779982999306
9163,-0.0015394063335367
9164,-0.00296548604833003
9165,-0.00429940613689578
9166,-0.00552984281195816
9167,-0.00619170747340336
9168,-0.00601240374453184
9169,-0.00589831637644091
9170,-0.00762199063449649
9171,-0.0118991822328004
9172,-0.0170453841493624
9173,-0.020247541090939
9174,-0.0202551374687704
9175,-0.0183181714414082
9176,-0.0164126158723063
9177,-0.0151600664362536
9178,-0.0138167062211718
9179,-0.0117378072581119
9180,-0.00917686759018432
9181,-0.00678483116938427
9182,-0.00493214083868034
9183,-0.0036105553482637
9184,-0.00257985558726125
9185,-0.00151137149859196
9186,-0.000352429064667981
9187,0.000395486641234662
9188,0.000265112948562823
9189,-8.14067747531109E-05
9190,0.0010809117115387
9191,0.00473540689764815
9192,0.00957699793563754
9193,0.012928036763875
9194,0.0133220082118583
9195,0.0117210880006021
9196,0.0100792316627319
9197,0.00924016932408577
9198,0.00857486971168442
9199,0.00721567557418906
9200,0.005043037762519
9201,0.00255568624307706
9202,0.000298427666695906
9203,-0.00146705165624897
9204,-0.00284099741155888
9205,-0.004114114428958
9206,-0.00529256509627228
9207,-0.0058869311449192
9208,-0.00564728342258584
9209,-0.00555709705656821
9210,-0.00740876540921721
9211,-0.0118176984087433
9212,-0.0169833550271026
9213,-0.0201057644743089
9214,-0.0200590000435579
9215,-0.0181646847453679
9216,-0.0163284557193835
9217,-0.015073223709163
9218,-0.013689857161366
9219,-0.0116790987765192
9220,-0.00935081205016843
9221,-0.00720158454624442
9222,-0.00537415284503372
9223,-0.00381401899765905
9224,-0.00248175415336892
9225,-0.00128753449132669
9226,-0.000218466236538762
9227,0.000378709671537894
9228,0.000180182628985516
9229,-0.000155203522998628
9230,0.00101407505534533
9231,0.00463313295043969
9232,0.00941821531484624
9233,0.0127140116091539
9234,0.0130723747305252
9235,0.0114988335733823
9236,0.00997166680362668
9237,0.00926257042935078
9238,0.00861541105000972
9239,0.0071378608826594
9240,0.00484415413046414
9241,0.00237101399000402
9242,0.000235397818259601
9243,-0.00144578124499542
9244,-0.00284398096460552
9245,-0.00418886710659993
9246,-0.00542159095971529
9247,-0.00607356640554463
9248,-0.0059175616316552
9249,-0.00587057544550276
9250,-0.00764925906762226
9251,-0.0119213777379845
9252,-0.0170291598506406
9253,-0.0202226791734249
9254,-0.0202716568117677
9255,-0.0183957600464304
9256,-0.0165452657519644
9257,-0.0153477841242112
9258,-0.0140680645015578
9259,-0.0120441335267083
9260,-0.00949784600689428
9261,-0.0070629667918419
9262,-0.00512237957713304
9263,-0.00370829505797919
9264,-0.00262742791334409
9265,-0.00156720372604192
9266,-0.000442485030463786
9267,0.000291664499810769
9268,0.00017775269283561
9269,-0.000146205218302774
9270,0.00103179842235627
9271,0.00470180635861524
9272,0.00954578288368718
9273,0.0128525568441131
9274,0.0131680036158653
9275,0.0115364928026173
9276,0.00997033449214687
9277,0.00925507861223456
9278,0.00864642088737584
9279,0.00724705370942241
9280,0.00501246099831893
9281,0.00249174183845351
9282,0.00018753305041967
9283,-0.00167550353927787
9284,-0.00314042078249921
9285,-0.00443100468177905
9286,-0.00559523788586156
9287,-0.00622681104978169
9288,-0.00603458705829936
9289,-0.00586377078105657
9290,-0.0074996754810931
9291,-0.0117656716216718
9292,-0.0170441278774771
9293,-0.0204360659207441
9294,-0.0205383490707228
9295,-0.0185629342571735
9296,-0.0165904088244868
9297,-0.0153389092582056
9298,-0.0140452754627368
9299,-0.0119975049014929
9300,-0.00943903707890638
9301,-0.00704420359893054
9302,-0.00516112785197526
9303,-0.00374372956716493
9304,-0.00259889724796376
9305,-0.00151280036272482
9306,-0.000464368385657756
9307,0.000163405557221797
9308,3.4230641496462E-05
9309,-0.000209762913225562
9310,0.00101998564854352
9311,0.00463310766951014
9312,0.00939166251978339
9313,0.0127208091571621
9314,0.013172096589342
9315,0.0116525545575043
9316,0.0100707515421355
9317,0.00926189715185115
9318,0.00859381600467806
9319,0.00719304891018976
9320,0.00495750145315403
9321,0.0024272310135658
9322,0.00017488091962983
9323,-0.00154989666594297
9324,-0.00289090285140224
9325,-0.00419158098476734
9326,-0.00548507242705959
9327,-0.00623614125202046
9328,-0.00607219547235664
9329,-0.00587477526396729
9330,-0.00748178421481513
9331,-0.0116969760996147
9332,-0.0168835630736635
9333,-0.020227997255985
9334,-0.0204456171913924
9335,-0.0187123427170192
9336,-0.0168970729513365
9337,-0.0155642805264752
9338,-0.0140622783553063
9339,-0.0119387312051505
9340,-0.009521220043516
9341,-0.00728185436421478
9342,-0.00534190122265115
9343,-0.0037018858976015
9344,-0.00242191434011834
9345,-0.00140869259918869
9346,-0.000486993080434591
9347,0.000140481159827405
9348,7.23904218330429E-05
9349,-0.000251167468441829
9350,0.000752209731092257
9351,0.00423733200717252
9352,0.00913289476285509
9353,0.0127036622654481
9354,0.0132147745532473
9355,0.0115359714114226
9356,0.00981078212835986
9357,0.00904180870073346
9358,0.00849299815292655
9359,0.00711231124443289
9360,0.00481056411979785
9361,0.00227369267929902
9362,0.000100749141878336
9363,-0.0015907194997166
9364,-0.00301416876156674
9365,-0.00439917642103608
9366,-0.00564588250498678
9367,-0.00625669870703364
9368,-0.00600525041733962
9369,-0.00583321687443099
9370,-0.00751614816331752
9371,-0.0117981124749106
9372,-0.0170376963568693
9373,-0.0203959606303134
9374,-0.0205324060099886
9375,-0.0186602177487043
9376,-0.0168142803596161
9377,-0.0156618677860795
9378,-0.0144071092572669
9379,-0.0123361613600138
9380,-0.00972290203646742
9381,-0.00727822178206806
9382,-0.0053597318554354
9383,-0.00390775872926727
9384,-0.0027205796710542
9385,-0.00158164588458027
9386,-0.00045901063006631
9387,0.000255165409782067
9388,0.000154999611005596
9389,-0.00019687918049974
9390,0.000824339364906637
9391,0.00430003896270955
9392,0.00912760380372985
9393,0.0126627603191708
9394,0.0132565689557783
9395,0.0117207099668495
9396,0.0100593187628841
9397,0.00923206645214352
9398,0.00860019549786423
9399,0.00720700254612993
9400,0.00493424714559605
9401,0.00237498272803907
9402,0.000117952293287559
9403,-0.0016204142842136
9404,-0.00297439059257096
9405,-0.00422624573486003
9406,-0.00541167043193363
9407,-0.00609821625925525
9408,-0.00597726812796857
9409,-0.00584650413149085
9410,-0.00742713644186763
9411,-0.0115585371448439
9412,-0.0167580896232473
9413,-0.0202620015834002
9414,-0.0206468342407259
9415,-0.0189484020319138
9416,-0.0170822669698561
9417,-0.0157614920742035
9418,-0.0143568604214263
9419,-0.0122787297249825
9420,-0.00976774591434955
9421,-0.00740382852871841
9422,-0.00547351621391518
9423,-0.00396984810843678
9424,-0.00277141057313324
9425,-0.00166260480504529
9426,-0.000558776295965555
9427,0.000157183890019162
9428,3.8701658644753E-05
9429,-0.000353907717142711
9430,0.000669507673199223
9431,0.00423114358089088
9432,0.00916976293495599
9433,0.0127507926445562
9434,0.0133222480170375
9435,0.0117750998238826
9436,0.0101541557355372
9437,0.00936617058601422
9438,0.00871876010056823
9439,0.00729968936849676
9440,0.005080965851372
9441,0.00264926101337383
9442,0.000463125484449813
9443,-0.00136277836934506
9444,-0.00288908654734245
9445,-0.00421354830842803
9446,-0.00529706959013818
9447,-0.00584055958670614
9448,-0.00570859925607045
9449,-0.00568177918357119
9450,-0.00729497689802607
9451,-0.0112899915319406
9452,-0.0163172157196043
9453,-0.0197935940930734
9454,-0.0202720056684265
9455,-0.0186082392975723
9456,-0.016660420628349
9457,-0.0152963500384747
9458,-0.0140130096516697
9459,-0.0121147556848042
9460,-0.00965538232074046
9461,-0.00722450435229684
9462,-0.00528965199602934
9463,-0.00390724418123925
9464,-0.00279708306691042
9465,-0.00159932922391528
9466,-0.000310542878659842
9467,0.000504122280560136
9468,0.000357444010010072
9469,-9.45811568581563E-05
9470,0.000877095544996398
9471,0.00433856481106693
9472,0.00913364225076425
9473,0.012638062215552
9474,0.0132453237917925
9475,0.0117349403864099
9476,0.0100592018197888
9477,0.00922747346403536
9478,0.0087060510205836
9479,0.00751895027096797
9480,0.00537338061413108
9481,0.00273260387136886
9482,0.000262576807453996
9483,-0.00163767728756589
9484,-0.00303124376416543
9485,-0.00428271266619509
9486,-0.00551008170161989
9487,-0.00624965700978546
9488,-0.00610803734512392
9489,-0.00586117666273645
9490,-0.00729423396424892
9491,-0.0113284663515131
9492,-0.0165149585898691
9493,-0.0200571972113289
9494,-0.0204636184432142
9495,-0.0187332722728004
9496,-0.0168242696717919
9497,-0.0155330203707135
9498,-0.0142525959376804
9499,-0.012313515307818
9500,-0.00985799156465535
9501,-0.00745454684248888
9502,-0.00546233026478181
9503,-0.00393908687160135
9504,-0.00276371193096957
9505,-0.00168143681732927
9506,-0.000576007244914263
9507,0.000169860035613875
9508,6.5526285958498E-05
9509,-0.000402192395661378
9510,0.000430216249238757
9511,0.00378048390169015
9512,0.00864936063143928
9513,0.0123552543971989
9514,0.0131068341190278
9515,0.0116143218791739
9516,0.00992044441007111
9517,0.00910941696123386
9518,0.00860884069883649
9519,0.00739505796796719
9520,0.00521947235304916
9521,0.00261486768849648
9522,0.000235418927068848
9523,-0.0015867563727453
9524,-0.00294618694750308
9525,-0.00420255095020482
9526,-0.00548608430102486
9527,-0.00633712344100357
9528,-0.00629547956668222
9529,-0.00605103657993184
9530,-0.00740866484947586
9531,-0.0114050266795795
9532,-0.0166356577862624
9533,-0.0202064345956038
9534,-0.0205407295599022
9535,-0.0187139293870055
9536,-0.0168188396685072
9537,-0.0156359781361229
9538,-0.0144050640191358
9539,-0.0123932121535705
9540,-0.00986483534495197
9541,-0.0075115335392211
9542,-0.00563124274076112
9543,-0.00412532267301277
9544,-0.00283900461682811
9545,-0.00163229384469943
9546,-0.000474671738016419
9547,0.000295343064989626
9548,0.00026141508573472
9549,-0.000104010730781995
9550,0.000790406977136415
9551,0.00413366399780452
9552,0.00896177671815457
9553,0.0126398983354902
9554,0.0134050199899504
9555,0.0119727477489541
9556,0.0103439770670719
9557,0.00951363805379545
9558,0.00886030279518752
9559,0.00744816409191565
9560,0.00520272982355403
9561,0.00273131541901583
9562,0.000559229990989622
9563,-0.0011891892595748
9564,-0.00267106537289779
9565,-0.00409711420401495
9566,-0.0054013374227181
9567,-0.0060875447089594
9568,-0.00584354937857815
9569,-0.00552496330902241
9570,-0.00696099986018913
9571,-0.011089107867677
9572,-0.0164233568325603
9573,-0.020075715088963
9574,-0.0204923900932101
9575,-0.0187173145027312
9576,-0.0168119337739823
9577,-0.0156069572192004
9578,-0.0144139582684881
9579,-0.0124570304127424
9580,-0.00986663101989295
9581,-0.00731445779051914
9582,-0.0052832174535627
9583,-0.00385457097960728
9584,-0.00279828931309403
9585,-0.00171790138490974
9586,-0.000474171824013874
9587,0.000419700658215042
9588,0.000333113147824366
9589,-0.000231705456361966
9590,0.00053604880096293
9591,0.00394506035469502
9592,0.0089230111676619
9593,0.0126606539231032
9594,0.0133518438487584
9595,0.0118041341646606
9596,0.0101214845909626
9597,0.0093392227948332
9598,0.00881596810927031
9599,0.00754487490662729
9600,0.00534852137748017
9601,0.0027774483322412
9602,0.000424716090712406
9603,-0.00143250119512599
9604,-0.00286308958117454
9605,-0.00414694658878972
9606,-0.0053636330803175
9607,-0.00607649313961349
9608,-0.00589207831324086
9609,-0.00554912819612102
9610,-0.00685479646474956
9611,-0.0108329382054322
9612,-0.0161011655744978
9613,-0.0198119507130388
9614,-0.0203770080156237
9615,-0.0187514317503969
9616,-0.01688417664339
9617,-0.0155442121786682
9618,-0.014126173020649
9619,-0.012061909272694
9620,-0.00961874527126006
9621,-0.00735366068775434
9622,-0.00547828035063372
9623,-0.00395975586006141
9624,-0.00275076531420067
9625,-0.00169030670608531
9626,-0.000604772617991857
9627,0.000245270413792969
9628,0.000331982025527373
9629,-5.31108180578928E-05
9630,0.000665011406296141
9631,0.0038693569252141
9632,0.00876686930718973
9633,0.0126352668075365
9634,0.0134492409075746
9635,0.0118199930872918
9636,0.00996277138684366
9637,0.00915965095227406
9638,0.00878954957659926
9639,0.00762046957376201
9640,0.00534061998653783
9641,0.00264023664402518
9642,0.000302464735630984
9643,-0.00143293935425511
9644,-0.00282600292196098
9645,-0.00421518047730995
9646,-0.0055419172457234
9647,-0.00625800140083657
9648,-0.00603418073504979
9649,-0.00571684992753598
9650,-0.00708910667320108
9651,-0.0110747300248101
9652,-0.0162851384805951
9653,-0.0199600805821703
9654,-0.0205378665989338
9655,-0.0189005024571607
9656,-0.0169703862426043
9657,-0.0156164393816349
9658,-0.0143186337282185
9659,-0.0124198128748054
9660,-0.0100054222365859
9661,-0.00758734386333625
9662,-0.00552726299688082
9663,-0.00394367343992423
9664,-0.00276434929203413
9665,-0.0016949854498628
9666,-0.000517474074089576
9667,0.000407175210137363
9668,0.000443960566659211
9669,-9.70337020327942E-05
9670,0.000473068677917955
9671,0.00362226917866378
9672,0.00855789568014721
9673,0.0125199799880225
9674,0.013458747774835
9675,0.0119632998291726
9676,0.01020482467536
9677,0.00942892492505847
9678,0.00903639032319645
9679,0.00786164748515911
9680,0.00562190433419851
9681,0.00296135087698882
9682,0.000613562754537997
9683,-0.00114691070193502
9684,-0.00249815534239479
9685,-0.00377981447590397
9686,-0.00505183754913298
9687,-0.00585967877298057
9688,-0.0058011177006388
9689,-0.00554991008884864
9690,-0.00682694071028233
9691,-0.0106807617279027
9692,-0.0158719917154521
9693,-0.0196334179230583
9694,-0.0202852917040252
9695,-0.0186696436303852
9696,-0.016791304397688
9697,-0.0155611482401466
9698,-0.0143518705725479
9699,-0.0123920628005885
9700,-0.00984534640095341
9701,-0.00742914502695572
9702,-0.00555425826788199
9703,-0.00412888396030294
9704,-0.00287543581663616
9705,-0.00158795235561326
9706,-0.000322843707561413
9707,0.000480084865417722
9708,0.000420431939644998
9709,1.9229722234816E-05
9710,0.000824409780971468
9711,0.00397643879511187
9712,0.0086237097291927
9713,0.0123288077146977
9714,0.0133381914108927
9715,0.0121253450706076
9716,0.0104844335684721
9717,0.00949996632332915
9718,0.00880804678306996
9719,0.00755822642096917
9720,0.00549152066549435
9721,0.00300414063550888
9722,0.000629542502595653
9723,-0.00131313835808099
9724,-0.00282115729987916
9725,-0.00412928671022932
9726,-0.00533307954039399
9727,-0.00606185052845237
9728,-0.00595030602978585
9729,-0.00565743533036452
9730,-0.00688546884274404
9731,-0.0106909956437338
9732,-0.0158629477442026
9733,-0.0196595255980016
9734,-0.0203977246241697
9735,-0.018871775252445
9736,-0.01701528374459
9737,-0.01570961915999
9738,-0.0143893321283163
9739,-0.0123831170356759
9740,-0.00986858728824255
9741,-0.00745707178465613
9742,-0.00547550704178099
9743,-0.00391682457772388
9744,-0.00267364302379893
9745,-0.00155540642247423
9746,-0.000427441855979285
9747,0.000411599659535513
9748,0.00044085451477662
9749,-2.72386019836173E-05
9750,0.000598921710131639
9751,0.00374294475917627
9752,0.00867417678963776
9753,0.0126895243946133
9754,0.0136974196498432
9755,0.0122037419927881
9756,0.0103615900575303
9757,0.00947503519093142
9758,0.00901659623734326
9759,0.00785875418686836
9760,0.00570529876076358
9761,0.00312460191590412
9762,0.000752051376805843
9763,-0.00115142996908985
9764,-0.00264507471537522
9765,-0.0039379213057852
9766,-0.00511080697746176
9767,-0.00585200573494454
9768,-0.00582066490529927
9769,-0.0055853981910157
9770,-0.00676826690845642
9771,-0.0105068173572163
9772,-0.0157426030512553
9773,-0.0197232394366432
9774,-0.0205641449732713
9775,-0.018922322824305
9776,-0.0168558704853819
9777,-0.0154908832472237
9778,-0.0143262321062727
9779,-0.0125104203249506
9780,-0.0100343768636156
9781,-0.00752820703490797
9782,-0.00547109622751288
9783,-0.00392859995434939
9784,-0.00273036165325913
9785,-0.00161967553890838
9786,-0.00048188340235829
9787,0.00034952766823844
9788,0.000381087600624769
9789,-4.50494845747664E-05
9790,0.0006074822599526
9791,0.00368725364170106
9792,0.00851099305306155
9793,0.0125254652490074
9794,0.0136938860009518
9795,0.0123837296108326
9796,0.0105800546639268
9797,0.00959768449900546
9798,0.00906207599979353
9799,0.0079270202704744
9800,0.00583160552124348
9801,0.00327682270436308
9802,0.000935244486179796
9803,-0.000889523357848859
9804,-0.00232766020734593
9805,-0.00369064329983676
9806,-0.00502400534330151
9807,-0.00586056046969656
9808,-0.00577982147931453
9809,-0.00543714006732726
9810,-0.00657182698604278
9811,-0.0103248668214788
9812,-0.0155785424991964
9813,-0.0195894129585102
9814,-0.0205346225414151
9815,-0.0190544587855575
9816,-0.0170881326734429
9817,-0.0156793855894329
9818,-0.0143858806881289
9819,-0.0124819162440012
9820,-0.0100110958796862
9821,-0.00755937106750364
9822,-0.00555245754609836
9823,-0.00404621015008577
9824,-0.0028679712760706
9825,-0.00173089840108904
9826,-0.000503523346457704
9827,0.000425754941749591
9828,0.000462441137166933
9829,-9.2804160005972E-05
9830,0.000381860148450519
9831,0.00338078584609082
9832,0.00828126153774829
9833,0.0124401515352093
9834,0.0136788841164528
9835,0.0123255525032627
9836,0.0104556721922501
9837,0.0094806868387776
9838,0.00901891823932986
9839,0.00794841448878514
9840,0.00587038559988212
9841,0.00330952927322569
9842,0.000955609587295165
9843,-0.000912952186454499
9844,-0.00244963372739544
9845,-0.00394258375455083
9846,-0.0053835157485668
9847,-0.00625687997937199
9848,-0.00611647867512507
9849,-0.00563461024076752
9850,-0.00662686576680591
9851,-0.0103232156071871
9852,-0.0156130707349707
9853,-0.0196620239278666
9854,-0.0205706616752128
9855,-0.0190126838137718
9856,-0.0170150444258721
9857,-0.015648814202763
9858,-0.0144359218464822
9859,-0.0126286023426171
9860,-0.0102552590305029
9861,-0.00782647936161915
9862,-0.00568573181102429
9863,-0.00395476166823851
9864,-0.00266840898119591
9865,-0.00164609043849817
9866,-0.000601472285890243
9867,0.000305350020415658
9868,0.000483628816494735
9869,2.47743822870396E-05
9870,0.000421814353627315
9871,0.0032655783505129
9872,0.00807466179779558
9873,0.0122028337277703
9874,0.0134028107490463
9875,0.0120336205804698
9876,0.0102550290073382
9877,0.00944104661239415
9878,0.00905569890639224
9879,0.00790207828629901
9880,0.0056760244817913
9881,0.00302725074258739
9882,0.000664789994320105
9883,-0.00116481059288547
9884,-0.00259255507434455
9885,-0.0038813262150157
9886,-0.00511579087880543
9887,-0.00594756248465425
9888,-0.00597582415121146
9889,-0.0057161354853947
9890,-0.00679079012817492
9891,-0.010407642054694
9892,-0.0155972493080251
9893,-0.0196382111643643
9894,-0.020595346898654
9895,-0.0190411367852839
9896,-0.0169807365917119
9897,-0.0155533728816097
9898,-0.0143271339034462
9899,-0.012521212668318
9900,-0.0101286803768703
9901,-0.00770412889781404
9902,-0.00565993807546336
9903,-0.00409049904430124
9904,-0.00290381964402428
9905,-0.00183230716581538
9906,-0.000641507005867462
9907,0.000389332985601121
9908,0.000614686662061676
9909,0.000154698629088849
9910,0.000534540500936743
9911,0.00335014506829679
9912,0.00814561373920033
9913,0.0123246676464365
9914,0.0136347423041273
9915,0.0123421346829618
9916,0.0105273393788919
9917,0.00961045858319203
9918,0.00918417830528289
9919,0.00810984088719978
9920,0.00600555060210422
9921,0.00340548979494102
9922,0.000989164832434632
9923,-0.000936780878051741
9924,-0.00244485970116314
9925,-0.00379639404589616
9926,-0.00509716528877769
9927,-0.00598261483858316
9928,-0.00599926314001248
9929,-0.00564167966237672
9930,-0.00659985485356649
9931,-0.0101992386961996
9932,-0.0155184826365248
9933,-0.0197445815786543
9934,-0.020794013045857
9935,-0.0191911139737925
9936,-0.0170364541713259
9937,-0.0155823509108287
9938,-0.0143997677570326
9939,-0.0126326396089478
9940,-0.0102435325157059
9941,-0.00782391761673254
9942,-0.00579178576480451
9943,-0.00417495608344162
9944,-0.00284919280573144
9945,-0.0016486812238298
9946,-0.000491728188962405
9947,0.000324489973016833
9948,0.000317662206825832
9949,-0.000213449051855206
9950,0.000272919124562208
9951,0.0032397230164112
9952,0.00810508133348481
9953,0.0122570292252232
9954,0.0135044949573955
9955,0.0121707325889013
9956,0.0103512730334797
9957,0.00943974924200038
9958,0.0089738253160586
9959,0.00777875645203752
9960,0.00552572496861625
9961,0.0028839402348538
9962,0.000614229842339257
9963,-0.00107392071373941
9964,-0.00245121245914479
9965,-0.00385229993146888
9966,-0.0052438974613165
9967,-0.00610110347561241
9968,-0.00601208970995555
9969,-0.00565213414143467
9970,-0.00675338904973472
9971,-0.0104484830548909
9972,-0.0156360880307739
9973,-0.0196024573987651
9974,-0.0205489945784603
9975,-0.0191245518199167
9976,-0.0172456223360076
9977,-0.0159055949320014
9978,-0.0146368000217627
9979,-0.0127577470091456
9980,-0.0103725599066243
9981,-0.00804436501808789
9982,-0.00610138728116091
9983,-0.00456002230119232
9984,-0.00332944174183198
9985,-0.00220523579222015
9986,-0.00100655892791509
9987,-1.11227444724065E-05
9988,0.000178083930450062
9989,-0.000277565693117608
9990,0.000160417913029407
9991,0.00306849205711294
9992,0.00794395679329138
9993,0.0121407990685577
9994,0.0133992030172057
9995,0.0120441168117396
9996,0.0102296502920155
9997,0.00937876405333658
9998,0.0090050671001123
9999,0.00790676643034328
