T,AI2_filter1
0,1.66491633248095E-21
1,1.17422143838321E-06
2,2.49329397932199E-06
3,1.5828199518724E-06
4,-1.10434426352831E-06
5,-1.0306914436443E-06
6,3.34283416821015E-06
7,4.92280717412321E-06
8,-1.40182224594192E-06
9,-6.25239787726218E-06
10,7.93930729710871E-07
11,9.96077223165819E-06
12,3.36118008156809E-06
13,-1.18368976018939E-05
14,-8.56365108545558E-06
15,1.28691815145738E-05
16,1.61087242248847E-05
17,-1.1026262396843E-05
18,-2.49689731967986E-05
19,5.32533647583012E-06
20,3.38929489807291E-05
21,5.00210536884721E-06
22,-4.20800759222325E-05
23,-2.2698894051906E-05
24,4.39478979150611E-05
25,4.34878273485867E-05
26,-4.13815418667583E-05
27,-7.11013215548546E-05
28,2.70513406294033E-05
29,0.000100283068151739
30,-1.32033355737914E-06
31,-0.000133475951998783
32,-4.322458459216E-05
33,0.000170883883070646
34,0.000116453574740422
35,-0.000223622999580221
36,-0.00024898084415654
37,0.000358594270788049
38,0.000582925594321525
39,-0.00145771915503178
40,-0.00656405314906624
41,-0.0131658064088856
42,-0.0183728469940047
43,-0.020380891227428
44,-0.0196855311958446
45,-0.0180455794687522
46,-0.0166688761826852
47,-0.0155523168642528
48,-0.0141526039591189
49,-0.0121774156123884
50,-0.0097516423766425
51,-0.00725234533827832
52,-0.00515582120875876
53,-0.00375609595971709
54,-0.00281877703992246
55,-0.00175730077522538
56,-0.000429333884946065
57,0.000489666974981693
58,0.000421433520081735
59,0.000132621514946862
60,0.00141539402288925
61,0.00508664943387493
62,0.00963932932575093
63,0.0124572111111877
64,0.012386019426696
65,0.0106870978422012
66,0.00939392740400836
67,0.00918000558332249
68,0.00907804292213389
69,0.00789873184409082
70,0.00546321020543165
71,0.00255419916755154
72,8.60886362895523E-05
73,-0.00158363987786772
74,-0.00277425792433073
75,-0.00400572429341408
76,-0.00528978006370657
77,-0.00602555343218307
78,-0.00594677888890644
79,-0.0060945829146435
80,-0.00820280265020122
81,-0.0126921020441802
82,-0.017651116365884
83,-0.0204059976345214
84,-0.0200734845426037
85,-0.018116565523422
86,-0.0164269758324633
87,-0.015443881827795
88,-0.0143387539797591
89,-0.0124398757242768
90,-0.00992602990125546
91,-0.00738817105652443
92,-0.00528449688274582
93,-0.00380101803740876
94,-0.00278916559120219
95,-0.00180744641959189
96,-0.00063280181742854
97,0.000259466688639803
98,0.000284040189171266
99,1.64767671881029E-05
100,0.00121356777865905
101,0.00489156867336884
102,0.00965355014011314
103,0.0127044534497576
104,0.0126640373850563
105,0.0108147450774765
106,0.00937034883700577
107,0.00906689049530948
108,0.00886233335033606
109,0.0075621869126667
110,0.00509255623586072
111,0.00226359702606071
112,-0.000127015967864348
113,-0.00180048254381999
114,-0.00300357630522223
115,-0.00418903341466512
116,-0.005454061722622
117,-0.00629016323492101
118,-0.00631552113910292
119,-0.00635704402866028
120,-0.00815974552433588
121,-0.0124212140881288
122,-0.0174242106968208
123,-0.0203672588024758
124,-0.0201265822006034
125,-0.018136818881224
126,-0.0164297831990939
127,-0.0154589908246118
128,-0.014251204637442
129,-0.012122082270111
130,-0.00949021429684528
131,-0.00713439739766406
132,-0.00534945389590599
133,-0.00398453988780221
134,-0.00281076275400296
135,-0.00164249311303158
136,-0.000485246308523053
137,0.00026193397319242
138,0.000227070569134154
139,1.89907440633268E-05
140,0.0012408888852615
141,0.00482797594961849
142,0.0094896859267053
143,0.012552690967836
144,0.0126027188297866
145,0.0108014303701457
146,0.00932648536095091
147,0.00898451132649265
148,0.00879086381271577
149,0.00753415015602104
150,0.00511066427986648
151,0.00233963928463557
152,2.35816730781047E-05
153,-0.00160361240555576
154,-0.00283814928851171
155,-0.00411370967425033
156,-0.00545513059912241
157,-0.00631170801456609
158,-0.00632185629995027
159,-0.00634068135775398
160,-0.00810219511751877
161,-0.0122852835149556
162,-0.017201475311027
163,-0.0201148354204684
164,-0.0199370352907838
165,-0.0180708236598645
166,-0.0164814618510437
167,-0.0155791572320162
168,-0.0143944337791994
169,-0.0122703934287249
170,-0.00963823413924201
171,-0.00726495906682379
172,-0.00544176141552501
173,-0.00405324662913382
174,-0.00291152485070588
175,-0.00180062961415526
176,-0.000623291667488014
177,0.000269084466331078
178,0.000389996322189874
179,0.000172832143458263
180,0.00121588651208686
181,0.00466913215245717
182,0.00942565229445706
183,0.0127187162960981
184,0.0128704481997512
185,0.0109481646128976
186,0.00932033743373557
187,0.0090050091872134
188,0.00897896208269141
189,0.00782910940986388
190,0.00537106828485776
191,0.0025272402484391
192,0.000185585123357387
193,-0.00146851278164201
194,-0.00277718677099462
195,-0.0040964755010956
196,-0.00537439447849534
197,-0.00615043005630657
198,-0.00621979170530845
199,-0.00641673675247921
200,-0.00828009941042256
201,-0.0124020718316367
202,-0.0172559995987728
203,-0.0202805596975951
204,-0.0203036742173125
205,-0.0184920884172881
206,-0.0167606065992921
207,-0.0157282726236114
208,-0.0146012291964884
209,-0.0126359582659454
210,-0.0100619577527851
211,-0.00760332411839562
212,-0.00567689501984352
213,-0.00424962243839638
214,-0.00308707207812334
215,-0.00192843352910186
216,-0.000722331592728562
217,0.000140177270677217
218,0.000227400186496687
219,2.68916454645399E-05
220,0.00107036010974173
221,0.00440333152098407
222,0.00896222939305245
223,0.0121645274730175
224,0.0124331632951627
225,0.0107192588126244
226,0.00920590079558396
227,0.00888102565330668
228,0.00884645880357375
229,0.00777042032756656
230,0.00539958423649387
231,0.00255510033446051
232,0.000141858942304249
233,-0.00155079231565697
234,-0.00282895864823572
235,-0.00412347271198288
236,-0.00543770062101335
237,-0.00623875782419695
238,-0.00621057177581068
239,-0.00621455674438348
240,-0.00796437328690132
241,-0.0121698534541628
242,-0.017205837407804
243,-0.0203052592046401
244,-0.0202319751967899
245,-0.0182975362259165
246,-0.0165764322596139
247,-0.0156744398801951
248,-0.0146631501243406
249,-0.0127238909529852
250,-0.0101184071674613
251,-0.00760269175448458
252,-0.00557136439499012
253,-0.00400133430970269
254,-0.00275781015414325
255,-0.00166624884680985
256,-0.000623009815222017
257,0.000119626269560612
258,0.000189764450910517
259,1.52962468458171E-05
260,0.00108149600693617
261,0.00448899105705823
262,0.00922998707113283
263,0.0126409807564279
264,0.0129779281205822
265,0.0111308783385385
266,0.00940302151760392
267,0.00893938223224452
268,0.00887015665590524
269,0.00778500128180015
270,0.00539256957320721
271,0.00256629423574824
272,0.000247410584602986
273,-0.00134685091186731
274,-0.00263376322667563
275,-0.00405649711413968
276,-0.00551117834459349
277,-0.0063569443371749
278,-0.00626670316616996
279,-0.00615767367535954
280,-0.00778942993638591
281,-0.0119059859061153
282,-0.0169440496536001
283,-0.0201875021186622
284,-0.0203374958092931
285,-0.0185260166390311
286,-0.016699724332739
287,-0.0155486276127728
288,-0.0143729149197665
289,-0.0124819965329094
290,-0.0100384848848411
291,-0.00761772711499168
292,-0.00557456902762229
293,-0.0039990720722409
294,-0.0028324009667056
295,-0.00182351969313374
296,-0.000752680735471794
297,0.000112973249935629
298,0.000263203571001863
299,3.02822919389489E-05
300,0.000950768184630424
301,0.00425404807763659
302,0.00900382559671167
303,0.0124999185434822
304,0.0129078261585008
305,0.011060937552316
306,0.00929111970477362
307,0.00883040898878868
308,0.00885251406985562
309,0.007866820457385
310,0.00544117250773159
311,0.00241882323965689
312,-0.000111347500313861
313,-0.00175881297625738
314,-0.00294205650954532
315,-0.00426180421385641
316,-0.00571372645047932
317,-0.0065789918196468
318,-0.00640825371752868
319,-0.00614008133066432
320,-0.007675587822706
321,-0.0118255293379406
322,-0.0169287592506454
323,-0.0201440718764658
324,-0.0201972044064319
325,-0.0183751272105876
326,-0.0167127486497786
327,-0.0157905571921631
328,-0.0147038578534401
329,-0.0126898706302986
330,-0.0100609316125549
331,-0.00759950558427147
332,-0.00569054591781433
333,-0.00425163907900869
334,-0.00306376377085887
335,-0.00191574490972064
336,-0.000758364721886285
337,6.1263722941476E-05
338,0.000127640862668774
339,-9.91586086557304E-05
340,0.000917531650005568
341,0.00429953049156259
342,0.00904045007633424
343,0.0124817203084177
344,0.0128725520641479
345,0.0110634694546632
346,0.00931773318949063
347,0.00880068682061604
348,0.00871965605074631
349,0.00770689067285329
350,0.00540785503266759
351,0.00258559767781295
352,0.00016383101756752
353,-0.00152008190975498
354,-0.0027616293783966
355,-0.00404348707444463
356,-0.00543134208824798
357,-0.00637130510985296
358,-0.00641664380553676
359,-0.00630205339780567
360,-0.00777772366192503
361,-0.0117634737055826
362,-0.0168242160801146
363,-0.0201639965978186
364,-0.0203266540282072
365,-0.0184404780057878
366,-0.0166044443471288
367,-0.0155899117962255
368,-0.0145778247260734
369,-0.0127075937116088
370,-0.0101404650824361
371,-0.00761316914273065
372,-0.00560022821977624
373,-0.00414502114289621
374,-0.00306490532621997
375,-0.00205804909259278
376,-0.00095204096135148
377,-7.74630470978402E-05
378,3.55275300889105E-05
379,-0.000262347442844288
380,0.000601045273587137
381,0.0038932512501579
382,0.00869485988445515
383,0.0122859319273436
384,0.0127978399013335
385,0.0110435770403126
386,0.00933664171978617
387,0.0088805822970791
388,0.00886154749046399
389,0.00789036599491198
390,0.0056399166423642
391,0.00289538908868882
392,0.000521228901737059
393,-0.00124078414594561
394,-0.00267886003144204
395,-0.0041207936612759
396,-0.00547886239054223
397,-0.006231478707269
398,-0.00613468331832477
399,-0.00607988383202535
400,-0.00776152655498055
401,-0.011908381551361
402,-0.0169778212463648
403,-0.0202491789513107
404,-0.0204083497121188
405,-0.0186200941193183
406,-0.0168814835043926
407,-0.0158459375410782
408,-0.0146895357545352
409,-0.0126667436874911
410,-0.0100639815777964
411,-0.00763695787443366
412,-0.00575850940454829
413,-0.00434843555564007
414,-0.00319172496289816
415,-0.00206049847098692
416,-0.000873104259920525
417,1.87832673668025E-05
418,0.00012461729957489
419,-0.000183594370270451
420,0.000626223802386985
421,0.00376889056861941
422,0.00834573205741884
423,0.0117505521365134
424,0.0122361450105189
425,0.0106290731553534
426,0.00912596008670734
427,0.00879205846494015
428,0.00878271271606138
429,0.00778557619295089
430,0.00553495723382595
431,0.00278218729073413
432,0.000339442234522614
433,-0.00150416035291799
434,-0.00292103400388739
435,-0.00421945717975738
436,-0.00545525752577257
437,-0.00625254823699165
438,-0.00631422117965531
439,-0.00631867259123282
440,-0.00785002326199944
441,-0.0117864153223485
442,-0.0168221828738543
443,-0.0202629740983195
444,-0.0205769002572254
445,-0.0187564674752414
446,-0.0169057519848811
447,-0.01591960903467
448,-0.0150113073392559
449,-0.0131938320730701
450,-0.0105316918448452
451,-0.00785115466664553
452,-0.00578028200142377
453,-0.00436355053848376
454,-0.00328360127679628
455,-0.00217922557010944
456,-0.000966083904835719
457,-5.22390706669411E-05
458,7.43075456373477E-05
459,-0.000190020128048475
460,0.000655319509586456
461,0.00380183031502712
462,0.00842779533233364
463,0.0120069977208953
464,0.0126957256140421
465,0.0111052573310919
466,0.00938045664609877
467,0.00880001245697827
468,0.00873133530623245
469,0.00780133653650864
470,0.00553014131998529
471,0.00263131011711175
472,0.000105339662021192
473,-0.00163933504877937
474,-0.00291517737229087
475,-0.00423795377233579
476,-0.00565195047652686
477,-0.00657308660352652
478,-0.00657068263825759
479,-0.00640035964870966
480,-0.00779578684012524
481,-0.0116850270982456
482,-0.0167250138515364
483,-0.0202035559887852
484,-0.0206025634753158
485,-0.018881449283337
486,-0.0170505732495311
487,-0.0159507166475418
488,-0.0148665423993706
489,-0.0129552331070091
490,-0.0103517964824696
491,-0.00780472193411424
492,-0.00580659234784644
493,-0.00436345253402051
494,-0.00324754431834886
495,-0.00217850015046916
496,-0.00101950233428959
497,-6.27329463215637E-05
498,0.000198923593924313
499,2.57280581801234E-06
500,0.000732758632114243
501,0.00368475032485162
502,0.00825803861401233
503,0.0119912033361438
504,0.0128580644450151
505,0.0112550371631016
506,0.00933043971885038
507,0.00856842854439942
508,0.00850611208231347
509,0.00774291276258866
510,0.00564481887775631
511,0.00281489857546028
512,0.000256684657078905
513,-0.0015601769554594
514,-0.00289933505511749
515,-0.00425550177310263
516,-0.00566902483878246
517,-0.00656939202831386
518,-0.00655430012444353
519,-0.00639595046529086
520,-0.00781046182713231
521,-0.0116960603022851
522,-0.0167127617360222
523,-0.0201856853331833
524,-0.0206118227956991
525,-0.0189087567989205
526,-0.0170448402314097
527,-0.0159026854578145
528,-0.0148681859569102
529,-0.0131225416962327
530,-0.0106750825206269
531,-0.00812073171673467
532,-0.00595920272365814
533,-0.00437043979915329
534,-0.00326070926331311
535,-0.00228705881851298
536,-0.0011575020597686
537,-0.000141225980218541
538,0.00012653640919896
539,-0.000216146257861248
540,0.000321859520583411
541,0.00323317378180774
542,0.00796114578434393
543,0.0118870180455613
544,0.0128312290350832
545,0.0112205331670153
546,0.00934044303696285
547,0.00870920145392927
548,0.00874164612501852
549,0.00792175979690115
550,0.00566153530456139
551,0.00272412037481631
552,0.000218879390213022
553,-0.00142036363469358
554,-0.00257686006045368
555,-0.00385060393377905
556,-0.00532048839276494
557,-0.00637420993581594
558,-0.00650337729445294
559,-0.00638211365680161
560,-0.00772944462877206
561,-0.011550347373073
562,-0.0165982359810868
563,-0.0201789920522681
564,-0.0207042974882242
565,-0.0190582613661352
566,-0.0172428090734794
567,-0.0161457758490261
568,-0.0150942811897031
569,-0.0132404650272277
570,-0.0106681291209023
571,-0.00807168447580802
572,-0.0059518654242816
573,-0.00440946332788816
574,-0.00332147022801403
575,-0.00239954361557203
576,-0.00137269659948892
577,-0.000420390042556001
578,-8.48421623944368E-05
579,-0.000282690678460074
580,0.000311013922134574
581,0.00311094064750056
582,0.00767257835361141
583,0.0115451609013161
584,0.0125752523997551
585,0.011060827835294
586,0.00917865088106843
587,0.00849457344545688
588,0.00856453260742782
589,0.00793112357325089
590,0.00589712667124855
591,0.00304690641406275
592,0.000412738390065629
593,-0.00147282356706712
594,-0.00281517124930004
595,-0.00412013866056883
596,-0.00551870617258283
597,-0.00649994343584554
598,-0.00657411065495011
599,-0.00635472636054559
600,-0.00755548052365485
601,-0.011298381969726
602,-0.0164447431382569
603,-0.0202208435547963
604,-0.0208159149524295
605,-0.0190155522345529
606,-0.0170013484350704
607,-0.0159235458154715
608,-0.0151303599634588
609,-0.0135260390595955
610,-0.0109908282410377
611,-0.0082947297656624
612,-0.00614123990920407
613,-0.00465619029118934
614,-0.00354608792606801
615,-0.00243597172465577
616,-0.00120932042471532
617,-0.000247207701202786
618,-7.86629992645033E-05
619,-0.000427863729536258
620,0.000143736753546733
621,0.00297552177328558
622,0.00751749144801432
623,0.0113462081889661
624,0.0124092431944466
625,0.0110142371968749
626,0.00922978480643456
627,0.00852611862279801
628,0.00847588672170997
629,0.00771135339758612
630,0.00560307091306729
631,0.00274323468402212
632,0.000142400445773468
633,-0.00168422144397225
634,-0.00295123373348702
635,-0.00418681199959872
636,-0.00556730088317461
637,-0.00661908952791631
638,-0.00682433786727246
639,-0.0066890597491472
640,-0.00781710242020945
641,-0.0113337112407374
642,-0.0162477363857111
643,-0.0199684903002262
644,-0.0207390419270863
645,-0.019200173948095
646,-0.0172982657556073
647,-0.0160718673990601
648,-0.0150044381092869
649,-0.0132603130083448
650,-0.0108296548932599
651,-0.00831995630732361
652,-0.00620203810612282
653,-0.00459387350855141
654,-0.00341740745500647
655,-0.00242800299451634
656,-0.00136370100887484
657,-0.000388835235549986
658,-5.43098498655436E-05
659,-0.000307536767866761
660,0.000194806057419832
661,0.00295775175726208
662,0.00760034766520591
663,0.0116124927318911
664,0.0127203585055863
665,0.0111898096216663
666,0.00927631850881663
667,0.00860220420985839
668,0.00867298907583659
669,0.00796180853636178
670,0.00580074661613182
671,0.00286911385711199
672,0.000234617739167509
673,-0.00162407822668001
674,-0.0029653180962426
675,-0.00428586916581185
676,-0.00568520421689364
677,-0.00664822117410049
678,-0.00669356058410519
679,-0.00642937224623667
680,-0.00757023663641452
681,-0.0112720333412076
682,-0.0164396997369032
683,-0.0203067547531498
684,-0.0210201958241481
685,-0.0192947863873822
686,-0.0172487503818553
687,-0.0160306133798298
688,-0.015086516380704
689,-0.0134543721270763
690,-0.0110341446820685
691,-0.00844965297697048
692,-0.00625545608934888
693,-0.00462134654987834
694,-0.00343868810852577
695,-0.00240441003992812
696,-0.00126148998851473
697,-0.000246929052270591
698,4.21041123950228E-05
699,-0.000296451430474475
700,0.000164195403011185
701,0.00295715432753492
702,0.00766768805491982
703,0.0117545731028347
704,0.0129341930683962
705,0.0114415414574904
706,0.00948600729187705
707,0.00870913603062594
708,0.00872522969188569
709,0.00808915400136988
710,0.0060694327921135
711,0.00319905639074179
712,0.000504603893407643
713,-0.00141422115795437
714,-0.0026960001526165
715,-0.00389767015500767
716,-0.00530859545319786
717,-0.00650384632059735
718,-0.00686033154859461
719,-0.0067371430516121
720,-0.00773539093337388
721,-0.011134309104218
722,-0.0160683488833939
723,-0.0198995071975846
724,-0.0207317562704479
725,-0.0191675330346733
726,-0.0172639836022035
727,-0.0161557066931016
728,-0.0152454464639089
729,-0.0135088193821234
730,-0.0108800154151852
731,-0.00815199806896869
732,-0.00602807785956114
733,-0.00462284531221983
734,-0.0036096900188931
735,-0.00254575576271103
736,-0.00125122895652789
737,-0.000127251589675426
738,0.000176597150012127
739,-0.000179337057648166
740,0.000263106485217038
741,0.00299611508156785
742,0.00760570691918728
743,0.0116477135303883
744,0.0129111856524682
745,0.0115580667436657
746,0.00965126096121034
747,0.0087892435483252
748,0.00869012388915678
749,0.00802726937072692
750,0.00608002388203106
751,0.00330365333858497
752,0.000654235019357023
753,-0.00127754077711406
754,-0.00259010778169403
755,-0.00378879971031631
756,-0.00513897865577851
757,-0.00623506203795305
758,-0.00648868621797836
759,-0.006274134381451
760,-0.00720467334592344
761,-0.0106067508000916
762,-0.0156634200058638
763,-0.0196974548752909
764,-0.0206843929614112
765,-0.0191412323163466
766,-0.0171778000891521
767,-0.0160380362958976
768,-0.015154752994616
769,-0.0134601542935837
770,-0.0108731015060713
771,-0.00819962072243813
772,-0.00609356818918953
773,-0.00458439647900596
774,-0.00338472604853115
775,-0.00224083637950825
776,-0.00108927866692571
777,-0.000198498368561459
778,1.4444374597003E-05
779,-0.0002430097032646
780,0.000325515047740529
781,0.00308564458153207
782,0.00766759098295797
783,0.0117047330316991
784,0.0129539724760246
785,0.0115224393956469
786,0.00954055038220649
787,0.00873422001689301
788,0.00882282502571794
789,0.00833499729996153
790,0.00643553851448757
791,0.00360973807731778
792,0.000902101322988079
793,-0.00107647918455153
794,-0.00246086297347245
795,-0.00375538631061228
796,-0.00516569724541104
797,-0.0062400899079704
798,-0.00641570816448469
799,-0.006137467074069
800,-0.00706317374366723
801,-0.0105001440244632
802,-0.0155825768806853
803,-0.0196193291106594
804,-0.020620136513835
805,-0.0191205472768476
806,-0.0171849784928602
807,-0.0160044117870346
808,-0.0150442009238923
809,-0.0133311446366692
810,-0.0108095181866444
811,-0.00819400913909008
812,-0.00605328259934971
813,-0.0044558360324777
814,-0.0032121731767321
815,-0.00207745646048456
816,-0.000905981734393216
817,6.38009739750566E-05
818,0.00032654086387781
819,-5.54555123108928E-06
820,0.000384904003664917
821,0.00297380009156646
822,0.00747480472273533
823,0.0115235317885697
824,0.012831345537779
825,0.0114559688223517
826,0.00949673890664248
827,0.00868045727029319
828,0.00875162488477717
829,0.00825044403201977
830,0.00632227510037935
831,0.00344507748563156
832,0.000711376761834229
833,-0.00120442996187602
834,-0.00244484705400633
835,-0.00360934357667694
836,-0.00500146699093797
837,-0.00617917370139802
838,-0.00649444289318122
839,-0.00628618360093609
840,-0.00717484935006511
841,-0.0105351486655543
842,-0.0156078549597201
843,-0.0197213021212747
844,-0.0207783352255086
845,-0.0192147165058683
846,-0.017157199774306
847,-0.015966531686076
848,-0.0151558571629945
849,-0.013589271510678
850,-0.0110430498246056
851,-0.00829037997566746
852,-0.00611111778656939
853,-0.00465193711851438
854,-0.00356777621447391
855,-0.00243920914494732
856,-0.00114677678180978
857,-9.15171807613479E-05
858,0.000145559418650365
859,-0.000247237440026094
860,0.0001356780736985
861,0.00276110379422669
862,0.00729531085671446
863,0.0113851797964311
864,0.0127848279936611
865,0.011527682096886
866,0.00961668703963003
867,0.0087254797823341
868,0.00867440790770248
869,0.0081404563130227
870,0.00631152743259669
871,0.00355551075814561
872,0.000818187850586523
873,-0.00124661079435651
874,-0.0026584308027626
875,-0.00389501090896216
876,-0.00526591609105217
877,-0.00641753231734435
878,-0.00673500484031245
879,-0.00649921799197131
880,-0.00728478668344681
881,-0.0105147257712552
882,-0.0155187525201026
883,-0.0196536719208572
884,-0.0207777210670293
885,-0.0192719700220919
886,-0.017234568266149
887,-0.0160203380950718
888,-0.0151726645303815
889,-0.0136278898757801
890,-0.0112020096683561
891,-0.00858129614991
892,-0.00638676390359908
893,-0.00473035500373561
894,-0.00343789031857113
895,-0.00227411637625453
896,-0.00107665335334218
897,-3.07105152477652E-05
898,0.000367719995684909
899,0.000123336110227583
900,0.00042952431073914
901,0.00281429320774671
902,0.00722219742652482
903,0.0114451445646616
904,0.0130714597906268
905,0.0118813717209709
906,0.00985367916314977
907,0.00886486740679867
908,0.00887906392866679
909,0.0084819734693407
910,0.00667915390484117
911,0.00380551462937272
912,0.000944489175689463
913,-0.00113156092159064
914,-0.00246871186629623
915,-0.00363772917527354
916,-0.00497491187837269
917,-0.00609197212462588
918,-0.00637805843204861
919,-0.00617106362189411
920,-0.00705611147502048
921,-0.0103724037239229
922,-0.0153732166797628
923,-0.0194595777322155
924,-0.0206037916663927
925,-0.0192109861740604
926,-0.0172668959017386
927,-0.0160135643693168
928,-0.015017937034016
929,-0.0133405765767901
930,-0.0108820137743598
931,-0.00831431536809175
932,-0.00620489600816453
933,-0.00463462534072521
934,-0.00341628737119648
935,-0.00230470300897123
936,-0.00114825836566211
937,-0.0001618601366216
938,0.000158934083455446
939,-0.000127007698319122
940,0.000219227761713162
941,0.00269243754011177
942,0.00715924811911436
943,0.0113904659117219
944,0.0130322712699696
945,0.0119069305139059
946,0.00994286077269494
947,0.00893300674956658
948,0.00884523249689628
949,0.00837156269176395
950,0.00660627284045113
951,0.00384910193564357
952,0.00106454928567345
953,-0.00104403648559293
954,-0.00248114211038454
955,-0.0037376974321773
956,-0.00512232110082087
957,-0.00625550890364287
958,-0.00649876242051763
959,-0.00614424252914715
960,-0.00682481990409856
961,-0.0100435747866758
962,-0.0151675215443306
963,-0.0194949247570547
964,-0.0207656790068225
965,-0.0192977369906789
966,-0.0172475482116079
967,-0.0160716206609766
968,-0.015323285446002
969,-0.0138414606596912
970,-0.0113666562028774
971,-0.00863620293515286
972,-0.00638948023572096
973,-0.00478411758651573
974,-0.00358254788640143
975,-0.00247737487348488
976,-0.00131267821249682
977,-0.000318978686207303
978,1.85550123982276E-05
979,-0.000224645808654046
980,0.000175576745195888
981,0.0026755052371104
982,0.00712164175014649
983,0.0113092656120207
984,0.0129381329257878
985,0.0118672106363859
986,0.0100066517252724
987,0.00908688579963001
988,0.00902907733246996
989,0.0085380819648369
990,0.00675564132060741
991,0.00400504572535465
992,0.00124016466137083
993,-0.000842372963133942
994,-0.00223610276012395
995,-0.00344145904416535
996,-0.00481593938945069
997,-0.00602200233322483
998,-0.00640351084840485
999,-0.00618868598512131
1000,-0.00695642151998215
1001,-0.0101920580407825
1002,-0.0152732546427471
1003,-0.019537219839785
1004,-0.020790230244114
1005,-0.019394293529402
1006,-0.0174593288514956
1007,-0.0163225832703432
1008,-0.0154714812561927
1009,-0.0138268296014194
1010,-0.0112847875412461
1011,-0.00863612933958469
1012,-0.00650569758306124
1013,-0.00490461058191072
1014,-0.00359167767583029
1015,-0.00239206238137633
1016,-0.00124128722991937
1017,-0.000307418092592413
1018,3.43671355226647E-05
1019,-0.000158838527911928
1020,0.000202309950508288
1021,0.00252274879500726
1022,0.00678703662981214
1023,0.0109590604505401
1024,0.0127196096998365
1025,0.011750568412334
1026,0.00986857407468105
1027,0.00890875343078752
1028,0.00892581690859423
1029,0.00858944096643166
1030,0.00689658263147694
1031,0.00413193365935032
1032,0.00136028918226721
1033,-0.000645141924424065
1034,-0.00196214262513405
1035,-0.00321440948527696
1036,-0.00473580577245833
1037,-0.00603489940585604
1038,-0.00635507656799891
1039,-0.00597662668698393
1040,-0.00660132604413686
1041,-0.00979618238709866
1042,-0.0149597144085066
1043,-0.0194048163632363
1044,-0.0208507255909646
1045,-0.0195297679209939
1046,-0.0174957134706717
1047,-0.0161929957804442
1048,-0.0152856896689173
1049,-0.0137401303157134
1050,-0.0113136147856416
1051,-0.00865265325339219
1052,-0.00641873519135884
1053,-0.00479270504662383
1054,-0.0036184650880004
1055,-0.00261320999687906
1056,-0.00153824453271827
1057,-0.000516312683860658
1058,-3.75940212471548E-05
1059,-0.000175326019525171
1060,0.000151812648896591
1061,0.00244937179866698
1062,0.00678892486251424
1063,0.0111208515020725
1064,0.0130321738392215
1065,0.0121117555390336
1066,0.010143149596584
1067,0.00900085364226747
1068,0.00883379878622564
1069,0.00841159804289201
1070,0.00675674788127055
1071,0.00406073821005778
1072,0.00126008142953151
1073,-0.000876000068707101
1074,-0.00227073553610577
1075,-0.00342359664863466
1076,-0.00477157832614307
1077,-0.00606461578534969
1078,-0.00661313828801678
1079,-0.00646627272781489
1080,-0.00706707638660853
1081,-0.0100214510308314
1082,-0.0149975032472335
1083,-0.0194404873392948
1084,-0.0209166203113921
1085,-0.01949098008057
1086,-0.0173118193743786
1087,-0.0160474127888318
1088,-0.0153755266544924
1089,-0.0140246638840184
1090,-0.0115753688628745
1091,-0.00876740213117443
1092,-0.00645195387052472
1093,-0.00483053753770595
1094,-0.00362507914016144
1095,-0.00251754871948981
1096,-0.00137801025535561
1097,-0.000397824394694584
1098,1.47025732623058E-05
1099,-0.000120497783970229
1100,0.000223769089325063
1101,0.0024329578334556
1102,0.00659485182806119
1103,0.0108236383570819
1104,0.0128116218761921
1105,0.0120618898909933
1106,0.0102008898450649
1107,0.00906228812127242
1108,0.00887542379598285
1109,0.00846720573243255
1110,0.00682864254865323
1111,0.00411309485863701
1112,0.001279678369155
1113,-0.000868837964900327
1114,-0.00227192469667913
1115,-0.00344848132639198
1116,-0.00478885201424234
1117,-0.00598064286600369
1118,-0.0063699397299415
1119,-0.00612429923209186
1120,-0.00673508619982555
1121,-0.0097210872146371
1122,-0.014667922562059
1123,-0.0190857784159696
1124,-0.0206637268704997
1125,-0.0194365397788943
1126,-0.0173581404557068
1127,-0.0159804984636555
1128,-0.0151082534117106
1129,-0.013684814263447
1130,-0.0113240960375609
1131,-0.00860317592208013
1132,-0.00625894111714941
1133,-0.00457390320914439
1134,-0.00340217664041634
1135,-0.00240595121497018
1136,-0.00132006408788121
1137,-0.000290870898103845
1138,0.000165578740444999
1139,-2.47670993646459E-05
1140,0.000229189703348774
1141,0.00245014704139728
1142,0.00674965089624634
1143,0.0111211908443801
1144,0.0131392109002423
1145,0.0123108702398134
1146,0.0103469117769521
1147,0.00914357126530213
1148,0.00894494836181781
1149,0.00857875248560625
1150,0.00702419487632893
1151,0.00438719597784444
1152,0.00157161017903907
1153,-0.000620923645396971
1154,-0.00208043321349677
1155,-0.00330283724893959
1156,-0.00470888001086724
1157,-0.00598978623979628
1158,-0.00640893971538147
1159,-0.0060533670963539
1160,-0.00647389555549403
1161,-0.009363495793153
1162,-0.0144040194225158
1163,-0.0190094936554113
1164,-0.0206996532225284
1165,-0.0194598854891068
1166,-0.0173339570625554
1167,-0.0159586982132495
1168,-0.0151316976274484
1169,-0.0137586963672359
1170,-0.0114537101628261
1171,-0.00879419884525151
1172,-0.00646916783192776
1173,-0.00471821807420702
1174,-0.00343433941802617
1175,-0.00236236755539029
1176,-0.00125951020764781
1177,-0.00023313228523474
1178,0.000198875642635524
1179,-0.000103748254008672
1180,-6.20329068386135E-05
1181,0.00196534031808383
1182,0.00622747734570501
1183,0.0107117682133374
1184,0.0128623720282641
1185,0.0121038375068384
1186,0.0101871138169997
1187,0.00905702981150945
1188,0.00890886490189973
1189,0.00849665092910843
1190,0.00683408642198497
1191,0.00414249923648085
1192,0.00136402544666401
1193,-0.000790903211865101
1194,-0.00229255648805374
1195,-0.00357642282339435
1196,-0.0049404897627594
1197,-0.00607209331635008
1198,-0.00637415530170441
1199,-0.00604270087285076
1200,-0.00657271643579399
1201,-0.00951790093948022
1202,-0.0145084648630115
1203,-0.019025852658705
1204,-0.0206644087346812
1205,-0.0194252277615123
1206,-0.0173560804374788
1207,-0.0161086358940916
1208,-0.015431333375879
1209,-0.0140957087997317
1210,-0.0116439445239906
1211,-0.00878186059448624
1212,-0.00640964596458875
1213,-0.00479567916644656
1214,-0.00363709817211797
1215,-0.0025226879372928
1216,-0.0012914333313173
1217,-0.000210171458736358
1218,0.000231684067757268
1219,5.60504680894589E-05
1220,0.000331758679381237
1221,0.00244992381830948
1222,0.00649626502577761
1223,0.0106458819256269
1224,0.0126760975559941
1225,0.0120788848044194
1226,0.0103554316155742
1227,0.00924202650005285
1228,0.00901763828556706
1229,0.00863657261664191
1230,0.00712943839661492
1231,0.00455722292734114
1232,0.00177434896287548
1233,-0.000422467027834212
1234,-0.00190889708601237
1235,-0.0031669858486453
1236,-0.00459809915249533
1237,-0.00588494766118202
1238,-0.00631833047739046
1239,-0.00601617526308317
1240,-0.00650091829160509
1241,-0.00939636541534583
1242,-0.0143805794169889
1243,-0.0189694569872392
1244,-0.0207721832327431
1245,-0.019719152533422
1246,-0.0177002848507473
1247,-0.0162794528471438
1248,-0.0153430769809081
1249,-0.0139311621764083
1250,-0.0116851088695617
1251,-0.00910009223383356
1252,-0.00679163456966343
1253,-0.00500700289831685
1254,-0.0036882737746209
1255,-0.0025974158595305
1256,-0.00145884032170228
1257,-0.00033601741586291
1258,0.00025764410155225
1259,0.000123170299491765
1260,0.000245604191948963
1261,0.0022110857570706
1262,0.00631189710205679
1263,0.0106510366885575
1264,0.0127571877335098
1265,0.0120355258259197
1266,0.0101529944609759
1267,0.00901533412147323
1268,0.00887032771390937
1269,0.00853683767409745
1270,0.00699312484701538
1271,0.0043361563291501
1272,0.00144980571257073
1273,-0.00083662184759785
1274,-0.00231139827508887
1275,-0.00340802799752165
1276,-0.00465451171444862
1277,-0.00593567058626422
1278,-0.00654348368189705
1279,-0.00634762312830427
1280,-0.00668291209859289
1281,-0.00930391156297587
1282,-0.0141713762115242
1283,-0.0188778554876786
1284,-0.0208515180083481
1285,-0.0198645419548048
1286,-0.0178466782768939
1287,-0.016457685974688
1288,-0.0155639653083061
1289,-0.0141373488598663
1290,-0.0118449338116027
1291,-0.00925360098357636
1292,-0.00695283112342529
1293,-0.00510208505374774
1294,-0.00366790476046077
1295,-0.00255855553293653
1296,-0.00155770588035499
1297,-0.000587574605393202
1298,3.02378779932237E-06
1299,-2.19365314105201E-05
1300,0.000137552891374922
1301,0.00199572724258405
1302,0.00599089849334473
1303,0.0103980987438508
1304,0.0127189336256481
1305,0.0121596197327349
1306,0.0102475824990218
1307,0.00895516263061745
1308,0.00871419427056957
1309,0.00845025802254067
1310,0.00708372002398336
1311,0.00456891438381503
1312,0.00169716529896895
1313,-0.000680883507153977
1314,-0.00225373878481226
1315,-0.00336324393238863
1316,-0.00452650077905887
1317,-0.00570569534842976
1318,-0.00628386552787511
1319,-0.00614086342265748
1320,-0.00653405638558628
1321,-0.0091510964240074
1322,-0.0139732817400142
1323,-0.0186478743545392
1324,-0.0205934142307407
1325,-0.0195332393753959
1326,-0.0174287618978963
1327,-0.0160556955263312
1328,-0.0153155308952129
1329,-0.0140415344419295
1330,-0.011753622207819
1331,-0.00907796457412951
1332,-0.00680094684764243
1333,-0.00512498965761386
1334,-0.00381305542616912
1335,-0.00259280908878303
1336,-0.00135393603058294
1337,-0.000287550488248812
1338,0.00017267804302911
1339,-1.68497212086871E-05
1340,0.000142970704474682
1341,0.00212508110282975
1342,0.00617953469690063
1343,0.0105113955035325
1344,0.0127398505350286
1345,0.0121981495761483
1346,0.0103863220251228
1347,0.00914072394874456
1348,0.00880654667696874
1349,0.00835296199065847
1350,0.00682651333883026
1351,0.00429349079982603
1352,0.00157121838064666
1353,-0.000571087849491074
1354,-0.00196944377123766
1355,-0.00308379326965435
1356,-0.00442713294472369
1357,-0.00582605929080167
1358,-0.00649507332688678
1359,-0.00624653418005388
1360,-0.00642528904984644
1361,-0.00888542800688155
1362,-0.0137140841535027
1363,-0.0185270667402584
1364,-0.0206263348302347
1365,-0.0196504309570535
1366,-0.0175682112156155
1367,-0.0162088669996749
1368,-0.0154928806189726
1369,-0.0142225906841078
1370,-0.0118935120612805
1371,-0.00916122818077198
1372,-0.00687107675429892
1373,-0.00524986602807026
1374,-0.00402135360486156
1375,-0.00284347027962637
1376,-0.00156551409178904
1377,-0.000406433842342363
1378,0.000108927550514475
1379,-0.000157310141365166
1380,-0.000208621485263789
1381,0.00156427792830588
1382,0.00559839956036656
1383,0.0101554728086949
1384,0.0126980812124369
1385,0.0123291467060433
1386,0.0104770501018648
1387,0.00912118928015754
1388,0.00878060689495975
1389,0.0084363581226477
1390,0.00700872924583678
1391,0.00447008712363599
1392,0.0016547723498334
1393,-0.00061471262419441
1394,-0.00215174966161748
1395,-0.00338387991173989
1396,-0.00474954131709215
1397,-0.00604297220454649
1398,-0.00657793727869576
1399,-0.00631867148004122
1400,-0.00663075646282262
1401,-0.00921785741898212
1402,-0.0140242504290781
1403,-0.0187003298056086
1404,-0.0206998278320124
1405,-0.0197345309794981
1406,-0.0177015275889255
1407,-0.0163404040884272
1408,-0.0155817533392245
1409,-0.0142908352740865
1410,-0.0119683516609357
1411,-0.00921576650082093
1412,-0.00685198794935012
1413,-0.00513316144864144
1414,-0.00381268404340548
1415,-0.00255689920992085
1416,-0.0012435533338514
1417,-0.000126879965805931
1418,0.000322403642810739
1419,0.000110113431499055
1420,0.000273448691732906
1421,0.00221211201941939
1422,0.0060911889497987
1423,0.0102055830127699
1424,0.0124030852316607
1425,0.0121056769927594
1426,0.0106159738721966
1427,0.00951429310027548
1428,0.00914740082279933
1429,0.00871169489042555
1430,0.00736528954132266
1431,0.00499865213564764
1432,0.00219777615803144
1433,-0.00024972166250561
1434,-0.0019373856906642
1435,-0.00314446781217262
1436,-0.00442013992832911
1437,-0.00572578783512056
1438,-0.00634362376514081
1439,-0.00607592834336377
1440,-0.00625317002819808
1441,-0.00872742069111801
1442,-0.0135754591987017
1443,-0.01841453598581
1444,-0.0205789141160099
1445,-0.0197199328473254
1446,-0.0177458679804324
1447,-0.0164039716943367
1448,-0.0156193436113654
1449,-0.0142877174907079
1450,-0.0119657575629994
1451,-0.00926086330327262
1452,-0.00693231783195974
1453,-0.00519869296939241
1454,-0.00386213162383696
1455,-0.00265550080404044
1456,-0.00143105600726898
1457,-0.00034672219160204
1458,0.000150817564738988
1459,-3.38358332176345E-05
1460,5.41171713599223E-05
1461,0.00190133892621499
1462,0.00584078343029204
1463,0.0101716847114641
1464,0.0125312244697953
1465,0.0121731903384717
1466,0.0105049734280661
1467,0.00934896623755045
1468,0.00910233318485658
1469,0.00875950753096453
1470,0.00731880808165151
1471,0.00477816702172677
1472,0.00194196004267855
1473,-0.000362493974094003
1474,-0.00188312702874573
1475,-0.00301687476722024
1476,-0.00428452793587833
1477,-0.00559710831903908
1478,-0.00626259652807357
1479,-0.00609595607765769
1480,-0.0063406651463087
1481,-0.00876180437111738
1482,-0.0134867302818798
1483,-0.0182654085233657
1484,-0.020471542296396
1485,-0.019664858497551
1486,-0.0176667886789112
1487,-0.0162426118826595
1488,-0.0153891774775398
1489,-0.0140416110506732
1490,-0.0117521665790248
1491,-0.00910026903060408
1492,-0.00679493896899208
1493,-0.00501589952223967
1494,-0.00360806501891884
1495,-0.00241510223604781
1496,-0.00132784328948604
1497,-0.000383229774545273
1498,0.000122117689248802
1499,6.74554112753819E-05
1500,0.000224973770285711
1501,0.00198981822311038
1502,0.00583723416346128
1503,0.0102601213628887
1504,0.0128581029680813
1505,0.0126191740292047
1506,0.010763748853862
1507,0.00924297080115654
1508,0.00877463029996355
1509,0.00853191718576207
1510,0.00738484873080771
1511,0.00505516542244273
1512,0.00219828445222972
1513,-0.000279274423162062
1514,-0.00195031345061269
1515,-0.00313048235845333
1516,-0.00440268099239309
1517,-0.00576826038064701
1518,-0.00651633221121012
1519,-0.00634088364398804
1520,-0.00642143324326876
1521,-0.00863967162550829
1522,-0.0133236972368046
1523,-0.0182687332539353
1524,-0.0206553263191482
1525,-0.0198343926517969
1526,-0.0176745628689325
1527,-0.0161958683064454
1528,-0.0155221420459783
1529,-0.0144036474328704
1530,-0.0121259583483257
1531,-0.00926903118182872
1532,-0.00681292460378947
1533,-0.00513221409741936
1534,-0.00394866889417338
1535,-0.00282390041876944
1536,-0.00154030575453707
1537,-0.000303071386765199
1538,0.000348451793433345
1539,0.000215181758393131
1540,0.00019230463913478
1541,0.00185127279385784
1542,0.00573617782315277
1543,0.010267054168266
1544,0.012936643569616
1545,0.0127222012600927
1546,0.0109290420193969
1547,0.00954520963973597
1548,0.00918172635004115
1549,0.00887280444024273
1550,0.00751571892336154
1551,0.00503269459536248
1552,0.0022239135457734
1553,-8.70650610093588E-05
1554,-0.00166447501967243
1555,-0.00287053127647849
1556,-0.0041499219303459
1557,-0.00540232072866183
1558,-0.00602032147650969
1559,-0.00587971770683089
1560,-0.00616360422978829
1561,-0.00854208085206642
1562,-0.0131653055198186
1563,-0.0179087280701242
1564,-0.0202051338884556
1565,-0.0195322050959806
1566,-0.0176160591110958
1567,-0.0162459718729834
1568,-0.0154980045623471
1569,-0.0142830285454625
1570,-0.0120266372156975
1571,-0.00925963948067943
1572,-0.00682247692326116
1573,-0.00506176044780026
1574,-0.00380649598395376
1575,-0.0027024915143733
1576,-0.00149959245122868
1577,-0.000338204259479551
1578,0.000239464389943871
1579,6.14677343761517E-06
1580,-0.000106621879151841
1581,0.00154012245955902
1582,0.00547807769107316
1583,0.0100365477015878
1584,0.0126686009980061
1585,0.0124254876675459
1586,0.0106918301042497
1587,0.00942150183433878
1588,0.00912506403949308
1589,0.0088105967548547
1590,0.00744855237986602
1591,0.00501439329552721
1592,0.00226495139602728
1593,-4.52273942205113E-05
1594,-0.00167516684162443
1595,-0.00292766598759453
1596,-0.00422449080639431
1597,-0.00549156428399904
1598,-0.00612545102126104
1599,-0.00596680480739725
1600,-0.00620374067716947
1601,-0.00859081663170996
1602,-0.013342081068195
1603,-0.0182607011171944
1604,-0.0206235712548863
1605,-0.0198503886562561
1606,-0.0177786826221451
1607,-0.0163380287166229
1608,-0.0156126910843153
1609,-0.014422783113445
1610,-0.0121588361433335
1611,-0.00940831705258265
1612,-0.00703712473310884
1613,-0.00531681198373174
1614,-0.00400593059632205
1615,-0.00279400511475981
1616,-0.00152251884620202
1617,-0.000338658721633248
1618,0.0002709939812951
1619,6.08115701881327E-05
1620,-0.000131624363391808
1621,0.00132883308174919
1622,0.00512293611935637
1623,0.00970233740690126
1624,0.0124446597880227
1625,0.0122331274688822
1626,0.0104254399165627
1627,0.00910544019369886
1628,0.00886369679176708
1629,0.008638693260283
1630,0.00732044511570944
1631,0.00491639744684996
1632,0.00223511918780009
1633,-2.11707699658081E-05
1634,-0.00169356159265939
1635,-0.00305068089101214
1636,-0.00441037326656116
1637,-0.00569201054394763
1638,-0.00637171185026875
1639,-0.0062652379107949
1640,-0.00640313730447033
1641,-0.00849263515279376
1642,-0.0129641942424038
1643,-0.0178768352009141
1644,-0.0204780807688097
1645,-0.0199118118529115
1646,-0.0178459038242719
1647,-0.0163172540390104
1648,-0.0155770151717866
1649,-0.0144255303997026
1650,-0.012123664374706
1651,-0.00925294732063321
1652,-0.00681327976814289
1653,-0.0051503682116864
1654,-0.00394651912666291
1655,-0.0027966724917304
1656,-0.00154116111375195
1657,-0.000347023154715141
1658,0.000340936890431923
1659,0.000292078185726968
1660,0.000224885909456573
1661,0.00163358357879526
1662,0.00525331740993362
1663,0.00976041771308434
1664,0.0126335951936483
1665,0.0125755410489539
1666,0.0107190955486154
1667,0.00920142581440752
1668,0.0088839545844541
1669,0.00881064652731958
1670,0.00764138915243312
1671,0.00511687525378278
1672,0.00211187828790564
1673,-0.000337919347180879
1674,-0.00188614105081551
1675,-0.00297768219629708
1676,-0.00423234125858826
1677,-0.00564056469380608
1678,-0.00648358148527283
1679,-0.00638675911797301
1680,-0.00639575843006833
1681,-0.00836474546630198
1682,-0.012817227229651
1683,-0.0177897368748724
1684,-0.020463402529898
1685,-0.0199374444846161
1686,-0.0178633099296868
1687,-0.0162952285477783
1688,-0.0155499236221425
1689,-0.0144978304905433
1690,-0.0123736823144472
1691,-0.00961453768881328
1692,-0.00709606848065085
1693,-0.00522134117355768
1694,-0.00387568871110473
1695,-0.00277751824274785
1696,-0.0016687879161788
1697,-0.000524615175090833
1698,0.000258791754261621
1699,0.000318411818565625
1700,0.000250733007345191
1701,0.00158510180220118
1702,0.00517168600342476
1703,0.00973153981003149
1704,0.0127090526311976
1705,0.0127817652860593
1706,0.011067499758984
1707,0.00963087998392886
1708,0.00924865044840241
1709,0.00901871449283045
1710,0.0077986518448773
1711,0.00544049807847755
1712,0.00266620787164444
1713,0.000253489299854239
1714,-0.00149201796381859
1715,-0.00278231799595501
1716,-0.00402460453233166
1717,-0.00526950889787376
1718,-0.00602047251497248
1719,-0.00599135026085001
1720,-0.00610274012253745
1721,-0.0080739592391124
1722,-0.0124632708973426
1723,-0.0174385263320515
1724,-0.0202214815661416
1725,-0.0198206521473635
1726,-0.0177910511785044
1727,-0.0161834560741768
1728,-0.0153673893262903
1729,-0.0142469924513149
1730,-0.0120718789434899
1731,-0.00931090901871427
1732,-0.00686601310239003
1733,-0.00510452480295688
1734,-0.00383243495582853
1735,-0.00273602278897885
1736,-0.00160504398783321
1737,-0.000464674175660233
1738,0.000303176741752782
1739,0.000361255850361857
1740,0.000268302627656552
1741,0.00150493656420172
1742,0.00497556560816409
1743,0.00952354830386166
1744,0.0126044056196368
1745,0.0127431455863318
1746,0.0109423749145137
1747,0.0093715769651424
1748,0.00900466583749211
1749,0.00894393040654029
1750,0.00783176147121054
1751,0.00537312691045082
1752,0.00240808969270507
1753,-7.39578395444047E-05
1754,-0.00174183613982825
1755,-0.00296389046324509
1756,-0.00424196615815187
1757,-0.00555020993947014
1758,-0.00629352451410993
1759,-0.00620895254156399
1760,-0.00629586328403474
1761,-0.00827785969724119
1762,-0.0126592006242307
1763,-0.0176038850890788
1764,-0.0203868564221076
1765,-0.0200291103452901
1766,-0.0180259281071754
1767,-0.0163872194130826
1768,-0.0155311650534388
1769,-0.0144393246917273
1770,-0.0123551856124068
1771,-0.00964907173355024
1772,-0.00713830106763504
1773,-0.00521689456682172
1774,-0.00380783303356696
1775,-0.0026926328598044
1776,-0.0016541399707537
1777,-0.000635055098797109
1778,5.27485605827133E-05
1779,8.62595295104714E-05
1780,1.0159736495714E-05
1781,0.0012960794203225
1782,0.0048371060007131
1783,0.00945576665435027
1784,0.0126019375873526
1785,0.0128172172133418
1786,0.0110969864679862
1787,0.00955602560238118
1788,0.00913394398487284
1789,0.00899468767285041
1790,0.0078836178939641
1791,0.00551946213969435
1792,0.0026483991587962
1793,0.000188940751486687
1794,-0.00149588877496837
1795,-0.00272544350979222
1796,-0.00403279099852828
1797,-0.00544242313248463
1798,-0.00630995341926081
1799,-0.00625666992657835
1800,-0.0062529633407231
1801,-0.00812421094523527
1802,-0.01247970937062
1803,-0.0174835345516375
1804,-0.0203534847541657
1805,-0.0200906087771989
1806,-0.0182010606498118
1807,-0.0166712052050135
1808,-0.0158591404307341
1809,-0.0147137226804141
1810,-0.0125133206170369
1811,-0.00971113245519291
1812,-0.00720391034060771
1813,-0.00539340639563706
1814,-0.00409715159136492
1815,-0.00294720204182873
1816,-0.00169533160139364
1817,-0.000440301836225886
1818,0.000321936327088726
1819,0.000268438363208697
1820,0.000106786400273487
1821,0.00139644167072993
1822,0.00492655016246968
1823,0.00940270436700419
1824,0.0123602920319209
1825,0.0125544743100717
1826,0.0110392204094411
1827,0.00972680803011032
1828,0.00932234010171349
1829,0.0090023878833723
1830,0.00775333480783469
1831,0.00547053839681606
1832,0.0028036333690851
1833,0.000423313033747384
1834,-0.00140253496355064
1835,-0.00281983820165954
1836,-0.00413252775406977
1837,-0.00535810726711721
1838,-0.00606017525304892
1839,-0.00600587162745852
1840,-0.006074530531888
1841,-0.00791987799189652
1842,-0.0121565842101531
1843,-0.0171206619548553
1844,-0.0201061073651226
1845,-0.019963035531402
1846,-0.0180175743992519
1847,-0.0163020957335302
1848,-0.0154056600060301
1849,-0.0144093870231112
1850,-0.0124656253545517
1851,-0.00979468658965064
1852,-0.00720608813561881
1853,-0.00522264001394496
1854,-0.00383258466738589
1855,-0.00271719815558906
1856,-0.00154345803566856
1857,-0.00030941237457923
1858,0.000498526554252324
1859,0.000484165858888423
1860,0.000295786308009603
1861,0.00151831872068565
1862,0.00501698841419613
1863,0.00952905229518731
1864,0.0125348040537267
1865,0.0127076785629455
1866,0.0110879329561182
1867,0.00966724427841717
1868,0.00925025696764101
1869,0.00903080259378831
1870,0.00789803383274216
1871,0.00562535612006058
1872,0.00285563726241238
1873,0.000401117630160161
1874,-0.00133398124044458
1875,-0.00255211951946275
1876,-0.00378031600058872
1877,-0.0051679786064718
1878,-0.00613497184674483
1879,-0.00618065402561534
1880,-0.00611513051726122
1881,-0.00780041832225355
1882,-0.0120633061426488
1883,-0.0171966730047938
1884,-0.0202948287373948
1885,-0.0201439889974937
1886,-0.0181987442769456
1887,-0.0165702819522721
1888,-0.0157246712747136
1889,-0.0146057538307473
1890,-0.0124598408421737
1891,-0.00974476661054266
1892,-0.00733448671487256
1893,-0.00555530044041429
1894,-0.00420707005533973
1895,-0.00301499798149576
1896,-0.00178858464443169
1897,-0.000523475214967188
1898,0.000394139011330366
1899,0.000518168242885733
1900,0.000292387761964886
1901,0.00125077995513991
1902,0.00451878980237193
1903,0.00911721146546285
1904,0.0124639794661295
1905,0.0128922111781891
1906,0.0112393560591355
1907,0.00963867248763968
1908,0.00914726516703434
1909,0.00901772037877712
1910,0.0080101095551104
1911,0.00578772172508014
1912,0.0029864781588648
1913,0.000439250064114874
1914,-0.0014371572314758
1915,-0.00279213492361619
1916,-0.00407420697246173
1917,-0.00542752784440572
1918,-0.00635417241247116
1919,-0.00639941217970902
1920,-0.006306542053299
1921,-0.00786060363470708
1922,-0.0119369765486135
1923,-0.0169628865055806
1924,-0.0200868984545582
1925,-0.0200114095985429
1926,-0.0180929772282431
1927,-0.0164576533513233
1928,-0.0156640451490193
1929,-0.0146885519832997
1930,-0.012692847662029
1931,-0.0100201658570006
1932,-0.00751677448824571
1933,-0.00558748203389949
1934,-0.00413724492167317
1935,-0.00294311506704284
1936,-0.00179649887912826
1937,-0.000631263780479832
1938,0.000238453348291303
1939,0.000405758332764955
1940,0.000273381760282754
1941,0.00126824272307392
1942,0.0044525276954051
1943,0.00892216513988187
1944,0.0122401228268022
1945,0.0127746873906381
1946,0.0112359259105113
1947,0.00963096355579758
1948,0.00905329047148239
1949,0.00888638323151337
1950,0.00792690991608179
1951,0.00575630630021405
1952,0.00296721141069384
1953,0.000457062549338673
1954,-0.00131352486651701
1955,-0.00257425634424047
1956,-0.00386871072274879
1957,-0.00529976524368725
1958,-0.00624626449811324
1959,-0.0062263975458277
1960,-0.00607711529491095
1961,-0.00764598599644043
1962,-0.0117624788823279
1963,-0.016805042448316
1964,-0.0199635779103092
1965,-0.0199946263026293
1966,-0.0182060802576626
1967,-0.0166088684808687
1968,-0.0157157770046044
1969,-0.0145775233934818
1970,-0.0124756273182983
1971,-0.00982764466994614
1972,-0.0074650813758851
1973,-0.00568653218159222
1974,-0.00426329540066272
1975,-0.00294002898194119
1976,-0.0016423002531857
1977,-0.000479890149239998
1978,0.000215376297244225
1979,0.000198104300278806
1980,2.09892761418971E-05
1981,0.00109909015848173
1982,0.0043866558817185
1983,0.00892262793942996
1984,0.0122852795722601
1985,0.0128525569782593
1986,0.0113180324740366
1987,0.00969535721745034
1988,0.0091095397227246
1989,0.00894656974364428
1990,0.00797249238041132
1991,0.00576136810992593
1992,0.00293392487200712
1993,0.000397640393293882
1994,-0.00140953368116706
1995,-0.00271704027683789
1996,-0.00402938190798704
1997,-0.00543779938321944
1998,-0.00636400929350297
1999,-0.00634499629191276
2000,-0.00616588446519444
2001,-0.00764997919958444
2002,-0.0117240668302381
2003,-0.016876342804797
2004,-0.020223391772127
2005,-0.0202973695816848
2006,-0.0183089851446733
2007,-0.0164577198040793
2008,-0.0155231510738997
2009,-0.0145778417282344
2010,-0.0126579120577307
2011,-0.00996716518036508
2012,-0.00739339948571755
2013,-0.00546988273212964
2014,-0.00410843239507061
2015,-0.00297207214625635
2016,-0.00180339158182996
2017,-0.000624841132875064
2018,0.000162753055169345
2019,0.000198362399172281
2020,9.39683010438401E-06
2021,0.00108162615726678
2022,0.00441119954186155
2023,0.0089644563893939
2024,0.0122174090897978
2025,0.012572396122269
2026,0.0108851988504589
2027,0.00929985937326615
2028,0.00890449110626168
2029,0.00894556150271147
2030,0.00810029330984877
2031,0.00594359771453858
2032,0.00311232636704037
2033,0.000520030578412819
2034,-0.00134444218850498
2035,-0.00262246819266213
2036,-0.00380557216025254
2037,-0.00509674082819166
2038,-0.00602896958125556
2039,-0.00610668962018942
2040,-0.00598658605171953
2041,-0.0074448248390484
2042,-0.0114979580165097
2043,-0.0167252307919039
2044,-0.0202101084185693
2045,-0.020380540803389
2046,-0.0184061333982249
2047,-0.0165377525758925
2048,-0.0156156093206233
2049,-0.014720435340149
2050,-0.0128574387388523
2051,-0.010186817004527
2052,-0.00755382374739584
2053,-0.00549244558341422
2054,-0.00400230833004768
2055,-0.00286252822877234
2056,-0.001812537394619
2057,-0.000711456578881999
2058,0.000183083300259851
2059,0.000427633256092918
2060,0.000304708307032321
2061,0.0011928847330171
2062,0.00428130118755669
2063,0.00882141282773349
2064,0.0123323339811626
2065,0.0129741010328827
2066,0.0113624543450343
2067,0.00964673077880235
2068,0.00908769800358418
2069,0.00903510005100791
2070,0.00812966375107009
2071,0.00589994397479724
2072,0.00301370690991883
2073,0.000417159039469523
2074,-0.00145062410035456
2075,-0.00279775136904255
2076,-0.00408448874994326
2077,-0.00540843407981103
2078,-0.00626272524247779
2079,-0.00622960742950313
2080,-0.00605006600836161
2081,-0.00748057905124016
2082,-0.0114624039747589
2083,-0.0165752246373093
2084,-0.0200020269635613
2085,-0.0202478018358383
2086,-0.0184336067424827
2087,-0.0166828123774665
2088,-0.0157608892987612
2089,-0.01478720918603
2090,-0.0128580566261894
2091,-0.0101875548712736
2092,-0.00761254241387811
2093,-0.00563114157736183
2094,-0.00421097320107939
2095,-0.00310647111668067
2096,-0.00204190890978496
2097,-0.000888590992795142
2098,4.88179012382006E-05
2099,0.00027541937114592
2100,6.77207956094893E-05
2101,0.000861361076433771
2102,0.00392864541368377
2103,0.00856458044760613
2104,0.0122462492416199
2105,0.0130212861311981
2106,0.0114059198790186
2107,0.00955816616982795
2108,0.00886520645765812
2109,0.00880369279924739
2110,0.00800214213971875
2111,0.00584804880270582
2112,0.00291652480544376
2113,0.000244116168464791
2114,-0.00155637905131469
2115,-0.00267236035112978
2116,-0.00376516444769698
2117,-0.00514248944894745
2118,-0.00627126240497467
2119,-0.00649369565052413
2120,-0.0063550055593842
2121,-0.00764384174944863
2122,-0.0114857291434487
2123,-0.0165929348486672
2124,-0.0201275386381
2125,-0.0204799789198023
2126,-0.0186796687488199
2127,-0.0168519734903375
2128,-0.0158436911047024
2129,-0.0148478727242493
2130,-0.0129439656745283
2131,-0.0102656279564791
2132,-0.00762789686304841
2133,-0.00561290764941993
2134,-0.00425512507608054
2135,-0.00323348057312097
2136,-0.00214254307208035
2137,-0.000874589026444984
2138,9.01338697168318E-05
2139,0.000173236958856111
2140,-0.000194425235216658
2141,0.000616141595185451
2142,0.00383257818354033
2143,0.0085269405685072
2144,0.012100711969735
2145,0.0127861126145906
2146,0.0112680835495495
2147,0.00959641119157948
2148,0.00891768723587331
2149,0.00868398155634726
2150,0.00776471934002588
2151,0.00572886667513498
2152,0.00302288042820723
2153,0.000405108742887088
2154,-0.0015953866895425
2155,-0.00297174610965645
2156,-0.0041625105509988
2157,-0.0054573104952282
2158,-0.00645883601787671
2159,-0.00659646463172358
2160,-0.00639093377371984
2161,-0.00760979903413422
2162,-0.0114315686863362
2163,-0.0166010464004695
2164,-0.0201977088348426
2165,-0.0205045425857783
2166,-0.0185871377620375
2167,-0.0167307947796996
2168,-0.0158515151770777
2169,-0.0150130391116985
2170,-0.0131343273562625
2171,-0.0103660475319593
2172,-0.00766895001745615
2173,-0.00568356133096347
2174,-0.00436073391251337
2175,-0.00331692311100182
2176,-0.00219961611735411
2177,-0.000954121721448678
2178,-1.36006481374814E-05
2179,8.89709973186853E-05
2180,-0.000288756915399058
2181,0.000398150040793328
2182,0.00346560912933453
2183,0.00817733846630486
2184,0.0119631593212308
2185,0.0128551554210067
2186,0.0113679455861216
2187,0.00962681483863308
2188,0.00896903849163631
2189,0.0088839926540114
2190,0.00810372877009549
2191,0.00609698355918255
2192,0.00335580396042445
2193,0.000712912622920812
2194,-0.00130777958767059
2195,-0.00272604809611668
2196,-0.00394973778574531
2197,-0.00523988475690063
2198,-0.00625340486263705
2199,-0.00648199464923011
2200,-0.00638189803750619
2201,-0.00757704349527103
2202,-0.0112346227606078
2203,-0.0162912378931033
2204,-0.0200031207125198
2205,-0.0205735297804
2206,-0.0188038454288645
2207,-0.0168461144982715
2208,-0.0157698331983783
2209,-0.0148794079662559
2210,-0.0131369590616762
2211,-0.0105244938717122
2212,-0.0078497727294191
2213,-0.00576448885686681
2214,-0.00432151698295268
2215,-0.00320905472321051
2216,-0.00210705165496795
2217,-0.000971287478146047
2218,-0.00017117776405675
2219,-9.97994234168753E-05
2220,-0.000342874334252548
2221,0.000485569921624364
2222,0.00347858361719822
2223,0.0079144174072172
2224,0.0115022187229561
2225,0.0124859623571486
2226,0.0112686333511305
2227,0.00970466084250499
2228,0.00903552175903254
2229,0.008877616410452
2230,0.00807482916638074
2231,0.00606400042031972
2232,0.00328731644690979
2233,0.000621227297752229
2234,-0.00136716953161432
2235,-0.00275759424665817
2236,-0.00402807885656956
2237,-0.00538171244865991
2238,-0.00635256401631802
2239,-0.00642981215198551
2240,-0.00621167624927028
2241,-0.00743225536171912
2242,-0.011211483122937
2243,-0.0163570211408219
2244,-0.0200553661259545
2245,-0.0205367300029077
2246,-0.0186750874872032
2247,-0.0166936762089568
2248,-0.015696421471003
2249,-0.0149484243800284
2250,-0.0133115048454969
2251,-0.0106968031796898
2252,-0.00794389677383508
2253,-0.00579385642265737
2254,-0.00433630583688366
2255,-0.00320919192963515
2256,-0.00203204840507647
2257,-0.0007746704885809
2258,0.000111234474263713
2259,0.000165165741184292
2260,-0.000178544315742728
2261,0.000563138120039685
2262,0.00356449296696706
2263,0.00807994698946108
2264,0.0117085305327876
2265,0.012616334967017
2266,0.0112449622261068
2267,0.0095559917685368
2268,0.00886134703581024
2269,0.008777917748418
2270,0.00811884883223328
2271,0.00627208740039643
2272,0.0036040683065969
2273,0.000937416820668826
2274,-0.00111553994869138
2275,-0.00253216104328407
2276,-0.00377595648141159
2277,-0.0051560135403007
2278,-0.00626502118227021
2279,-0.00647352527264207
2280,-0.0062184103968274
2281,-0.0072589193384431
2282,-0.0109061081345505
2283,-0.0160745768326021
2284,-0.0198647381069248
2285,-0.0204047288193489
2286,-0.0186050432746035
2287,-0.016744067350358
2288,-0.0158313526867021
2289,-0.0149960551837949
2290,-0.0131657773732752
2291,-0.0104853050099511
2292,-0.00788434332455207
2293,-0.00591967133639584
2294,-0.00448185973588475
2295,-0.00326204537208559
2296,-0.00206675592408364
2297,-0.000884799381609603
2298,-5.90387885491628E-06
2299,0.00017484151223116
2300,-5.69537450864063E-05
2301,0.000644649165754097
2302,0.00354016892757139
2303,0.00806819765776901
2304,0.0118469074430407
2305,0.0128864797310472
2306,0.0115231278289606
2307,0.00977396363860438
2308,0.00903197853055423
2309,0.00889004475322688
2310,0.00810189345778547
2311,0.00609345817870393
2312,0.00334115757906122
2313,0.000715364953392703
2314,-0.00123286900984838
2315,-0.00256287795991583
2316,-0.00376542370553768
2317,-0.00513848719089139
2318,-0.00626228031058395
2319,-0.00648826956386892
2320,-0.00622571984892965
2321,-0.00723843130747098
2322,-0.0108939339509285
2323,-0.0161488634113731
2324,-0.0200489038444681
2325,-0.0206029353331172
2326,-0.0186766620493094
2327,-0.0166562650812657
2328,-0.0157074446523745
2329,-0.0149846523979456
2330,-0.0132765287354299
2331,-0.0105929890262699
2332,-0.00789936695420126
2333,-0.00590704111566482
2334,-0.00457002457652282
2335,-0.00345491931374121
2336,-0.00220704967615836
2337,-0.000827177537365038
2338,0.000209456741495885
2339,0.000354829503555892
2340,-6.92373162983358E-05
2341,0.000449014952689037
2342,0.00329535431322246
2343,0.00790589563805129
2344,0.0118086316377236
2345,0.0129161768437151
2346,0.0115200792695706
2347,0.00967366156271443
2348,0.00886136549875526
2349,0.00873760714078092
2350,0.00802466412834694
2351,0.00606508999654371
2352,0.00330012467592175
2353,0.000637467973359824
2354,-0.00132712979149871
2355,-0.00264607898041956
2356,-0.00381005290566254
2357,-0.00510667761805791
2358,-0.00614297272392032
2359,-0.00634670663530689
2360,-0.0061560342805714
2361,-0.00723689616766873
2362,-0.0108301336419136
2363,-0.0159214709817747
2364,-0.0197495364999466
2365,-0.0204583963703412
2366,-0.0188115378523907
2367,-0.0169571355769574
2368,-0.0159487388896032
2369,-0.0150582944187231
2370,-0.013265458359263
2371,-0.0106383885634088
2372,-0.00804129678463874
2373,-0.00606871595409718
2374,-0.00467003207905852
2375,-0.00350451425018817
2376,-0.0022896410760948
2377,-0.000997436059002463
2378,-1.33659395674107E-05
2379,0.00016166744758734
2380,-0.000185358406128252
2381,0.000405412618029721
2382,0.00331927495763355
2383,0.00802041030626121
2384,0.0120285712789691
2385,0.0132172711086921
2386,0.0118695446535226
2387,0.0100665781824877
2388,0.0092921506152056
2389,0.00915624954292008
2390,0.00836958413320157
2391,0.00633805175288198
2392,0.00355490392651523
2393,0.000880027753118128
2394,-0.00117674824788633
2395,-0.00265440397042381
2396,-0.003933443830084
2397,-0.00524247952735373
2398,-0.00625026438946267
2399,-0.006453534914971
2400,-0.00625766866204031
2401,-0.00726947094047747
2402,-0.0107809058723153
2403,-0.0158965066142963
2404,-0.0198573911718547
2405,-0.0206488757624399
2406,-0.0189077325951713
2407,-0.0168630987233401
2408,-0.0157645999176785
2409,-0.0149511711347776
2410,-0.0132671482384591
2411,-0.0106260853182537
2412,-0.00790320673166212
2413,-0.00582423805239158
2414,-0.00440891285955438
2415,-0.00326396988287285
2416,-0.00204450889408573
2417,-0.000744299557516359
2418,0.000203826479505621
2419,0.000319356299096014
2420,-6.05564488301093E-05
2421,0.000495022908483158
2422,0.00328463178608236
2423,0.00778216928279058
2424,0.0116589200356972
2425,0.0128978748957748
2426,0.0116768465139071
2427,0.0098760425224208
2428,0.00896623274358432
2429,0.00877676993775046
2430,0.0081786289628436
2431,0.00644310275729322
2432,0.00379392928339417
2433,0.00102900249730936
2434,-0.00113782888875146
2435,-0.00256639883811099
2436,-0.00370570359964677
2437,-0.00496920615173498
2438,-0.00606264731385796
2439,-0.00634361986804994
2440,-0.00610784654415416
2441,-0.00701241417634506
2442,-0.0104663148124041
2443,-0.0156156399533067
2444,-0.0196619144861122
2445,-0.0205526817594209
2446,-0.0189149545837087
2447,-0.0169579550162179
2448,-0.0158970353100237
2449,-0.0150721978549147
2450,-0.013378808829127
2451,-0.0107690940094869
2452,-0.00808899744208749
2453,-0.00600828289225603
2454,-0.00455331094853146
2455,-0.00340593842309017
2456,-0.00225826846235759
2457,-0.00102658057599317
2458,-3.45483594909593E-05
2459,0.000222504759445069
2460,-6.39370403547868E-05
2461,0.00044434803431512
2462,0.00314096343599198
2463,0.00766263824861836
2464,0.0116854120231716
2465,0.013029687523506
2466,0.0117727084431683
2467,0.00988722412208739
2468,0.00896718379556665
2469,0.00879359433266545
2470,0.00810056912377592
2471,0.00617983124383505
2472,0.00344651428103991
2473,0.000794136564844596
2474,-0.0012158488977011
2475,-0.00263990443874198
2476,-0.00390372837674054
2477,-0.00523589197068002
2478,-0.00627027015147424
2479,-0.00647955350378099
2480,-0.00625191429944752
2481,-0.00717388093880836
2482,-0.0105635142126357
2483,-0.0156278834486964
2484,-0.0196927427808738
2485,-0.0206856128595245
2486,-0.0190851769442279
2487,-0.0170510832395366
2488,-0.0159323947563
2489,-0.015187187678654
2490,-0.0136289947037052
2491,-0.0110379218833596
2492,-0.00823833785831111
2493,-0.00605032903189068
2494,-0.00460823338156215
2495,-0.00352719738781411
2496,-0.00237661631452161
2497,-0.00106355832819016
2498,-2.02129288844737E-06
2499,0.000258169671628834
2500,-6.46983355056985E-05
2501,0.000405769120228607
2502,0.00307320099731582
2503,0.00759019903044724
2504,0.0116555877251048
2505,0.0130580356357943
2506,0.0117911033580579
2507,0.00980918721802385
2508,0.00882492352832719
2509,0.00875780967389179
2510,0.00831460641595423
2511,0.00659384443383532
2512,0.00385999156646987
2513,0.00106186730748576
2514,-0.00105741983159137
2515,-0.00246151653690843
2516,-0.00366487963847863
2517,-0.0050469913991133
2518,-0.00627092923082136
2519,-0.00666773508988156
2520,-0.00644623854682333
2521,-0.00715919711239784
2522,-0.0102870635258678
2523,-0.0152539464765168
2524,-0.0194564940012603
2525,-0.0206908170197543
2526,-0.0192423990556359
2527,-0.0171922057309777
2528,-0.0159609665500766
2529,-0.0151284687331672
2530,-0.0135765407592005
2531,-0.0110712359476627
2532,-0.00836470264588367
2533,-0.00619676279968931
2534,-0.00468307060631979
2535,-0.00351661214657638
2536,-0.00236974414995597
2537,-0.00115132406788462
2538,-0.000159075093941321
2539,0.000149982290699521
2540,-6.28115652607835E-05
2541,0.000438231770506877
2542,0.00301260407202815
2543,0.00742218317590761
2544,0.0114910133571228
2545,0.0130044387814664
2546,0.0118506188439133
2547,0.00991287101732262
2548,0.00892782371492462
2549,0.00886689034189158
2550,0.00844364631024978
2551,0.00673298180900168
2552,0.00399830451375895
2553,0.001209563287357
2554,-0.00089040343987839
2555,-0.00229115781628567
2556,-0.00351012148272181
2557,-0.00488669495177928
2558,-0.00605916956245432
2559,-0.00640669605585222
2560,-0.00621533332336839
2561,-0.00703895833106098
2562,-0.0102630041486615
2563,-0.0152291484307599
2564,-0.0193605022289869
2565,-0.0205408951510788
2566,-0.0190881830384025
2567,-0.0170468417978196
2568,-0.015821461969999
2569,-0.0150246483949597
2570,-0.0135366674380709
2571,-0.0110485054308926
2572,-0.00826943258853603
2573,-0.00602300361553207
2574,-0.00453655713210353
2575,-0.00346732912724898
2576,-0.00233188020830589
2577,-0.000996062152761457
2578,6.7975626448367E-05
2579,0.000223887552824278
2580,-0.000290352621286433
2581,3.11857552932712E-05
2582,0.00269051849438764
2583,0.00730984738206584
2584,0.0114984773992399
2585,0.0130183551568111
2586,0.0118941176415982
2587,0.0100578178354443
2588,0.00912032598096388
2589,0.00894525520864554
2590,0.00833401395349991
2591,0.00654703961777955
2592,0.00390105888867238
2593,0.00124376136093857
2594,-0.000805513609172335
2595,-0.00223719659047778
2596,-0.00351717746141175
2597,-0.00497472950070822
2598,-0.00622920773200159
2599,-0.00656538217791476
2600,-0.00620065841350327
2601,-0.00679788901652666
2602,-0.00995513695770774
2603,-0.0150658955468309
2604,-0.0193563782151559
2605,-0.0205142758979825
2606,-0.0189162343067206
2607,-0.0168205060849798
2608,-0.0157016715283287
2609,-0.0150309449611188
2610,-0.0135648762540952
2611,-0.011044445769348
2612,-0.00827294098797491
2613,-0.00604605104999024
2614,-0.00451145899621618
2615,-0.00335898085382197
2616,-0.00221296098642406
2617,-0.000938533796217159
2618,0.000120198635237843
2619,0.00038608739399841
2620,-2.42950440280776E-05
2621,0.000242136878076818
2622,0.00269757956124176
2623,0.00711329678842512
2624,0.0112136369579145
2625,0.0127660122960909
2626,0.011756756976036
2627,0.0100842587395108
2628,0.00930281804728847
2629,0.00920438940425126
2630,0.00858117577813126
2631,0.00676721342225558
2632,0.00413163888057868
2633,0.001474046284852
2634,-0.000652399145400215
2635,-0.00218800452689212
2636,-0.00346417305164654
2637,-0.00477691117371291
2638,-0.00589376796666045
2639,-0.00626270401298224
2640,-0.00607112755478652
2641,-0.00679167202842712
2642,-0.00991347235339123
2643,-0.0149352377068448
2644,-0.0192542085511016
2645,-0.0205696465083552
2646,-0.0191071638405553
2647,-0.0170159641898449
2648,-0.0158278751538514
2649,-0.0151340961424631
2650,-0.0137131543776211
2651,-0.0112316047094663
2652,-0.00844755513415775
2653,-0.0061928087306043
2654,-0.00465936519456026
2655,-0.00352703868717221
2656,-0.00238612117917357
2657,-0.00108972190765155
2658,1.84091181896395E-05
2659,0.000364462688264548
2660,3.99533068728002E-05
2661,0.000334067816661206
2662,0.0027281052796602
2663,0.00705854519351448
2664,0.0111438705122828
2665,0.0127453807114651
2666,0.0117440429698945
2667,0.0099856083093443
2668,0.00911365086341454
2669,0.00903567706700133
2670,0.00851891332217697
2671,0.00675287661737745
2672,0.00403607115217977
2673,0.00127383721899933
2674,-0.00082545431335524
2675,-0.00219177680145056
2676,-0.00330753133164268
2677,-0.00460625519622693
2678,-0.00582951848823952
2679,-0.00627736025224992
2680,-0.00603372809127923
2681,-0.00661152408787027
2682,-0.0096237000149302
2683,-0.0146466083480706
2684,-0.0190532056013142
2685,-0.0204730005259705
2686,-0.0190931232331815
2687,-0.0170628465096392
2688,-0.0159081253966635
2689,-0.0151930824844335
2690,-0.0136909553626898
2691,-0.0111181629503027
2692,-0.00830263160534163
2693,-0.00609635575205281
2694,-0.00464316716000037
2695,-0.00355889981925996
2696,-0.00241063912397149
2697,-0.00106899763137923
2698,9.98337151051345E-05
2699,0.000507466284661772
2700,0.000223445246946993
2701,0.000511744805348877
2702,0.00286659979664801
2703,0.0071946176801538
2704,0.0113796812809241
2705,0.0131451191528307
2706,0.0122228448114684
2707,0.0103324677724011
2708,0.00916812051814344
2709,0.00885376168107253
2710,0.00833993322291653
2711,0.00678130639564382
2712,0.00425989059467775
2713,0.00150975840397879
2714,-0.000725932219564149
2715,-0.00221178850629476
2716,-0.00333618933067006
2717,-0.00459151852897576
2718,-0.00581489681040573
2719,-0.00629949027940576
2720,-0.00604227152530438
2721,-0.00652815010450749
2722,-0.00945895925480649
2723,-0.0145130175642299
2724,-0.0190531637136461
2725,-0.0206011569821432
2726,-0.0192634800332604
2727,-0.0172036350777178
2728,-0.0159994173227792
2729,-0.0152302340496991
2730,-0.0136591481830447
2731,-0.0110174074369633
2732,-0.0081620989572371
2733,-0.00593996105064904
2734,-0.0044681719186243
2735,-0.00338019235607689
2736,-0.00229970382135295
2737,-0.0010953568677754
2738,-3.44070513603841E-05
2739,0.000378633986622899
2740,0.000166055140581406
2741,0.000476739939704083
2742,0.00278285003060381
2743,0.00707611683242121
2744,0.0112801213933737
2745,0.0130484958341406
2746,0.0120781367241472
2747,0.010200455102348
2748,0.00922129625867944
2749,0.0091611718473902
2750,0.00872472047432502
2751,0.00698854021052311
2752,0.00424025807588404
2753,0.00144146035754346
2754,-0.000691010126818157
2755,-0.00211595620690929
2756,-0.00329625324943265
2757,-0.00461516558361505
2758,-0.00582453889945169
2759,-0.00628013438439091
2760,-0.0060592510375653
2761,-0.00661053049613872
2762,-0.00956550463277215
2763,-0.0146319929894703
2764,-0.0192426930898
2765,-0.0208801909584472
2766,-0.0195363432175469
2767,-0.0173724770807294
2768,-0.0161172036286369
2769,-0.0154581193478009
2770,-0.0140712923137548
2771,-0.0115149680319319
2772,-0.00859814788808539
2773,-0.00627145382321799
2774,-0.00475252027719589
2775,-0.00366567561727745
2776,-0.00257185667232862
2777,-0.00132015778053043
2778,-0.000213062038663488
2779,0.000206533578869111
2780,-4.76070910107321E-05
2781,0.000191443600434798
2782,0.00242907023497365
2783,0.0066970975566447
2784,0.0109536169497739
2785,0.0128598439543788
2786,0.0120674504253993
2787,0.0103091619810006
2788,0.00930470333347727
2789,0.00910283974967497
2790,0.00856113698782418
2791,0.00688772281960694
2792,0.00432365899443836
2793,0.00164876695796405
2794,-0.000524711496498601
2795,-0.00207367532663319
2796,-0.00332229469854515
2797,-0.00463202067293198
2798,-0.00582915322967014
2799,-0.00629395679079115
2800,-0.00604644380755838
2801,-0.00650836309902157
2802,-0.00937068443377468
2803,-0.0143997635904756
2804,-0.0190091214362577
2805,-0.020636796875337
2806,-0.0192812744335656
2807,-0.0171317687195274
2808,-0.0158970809259153
2809,-0.0152237411625825
2810,-0.0138034674072293
2811,-0.0112540553708444
2812,-0.00839563819607714
2813,-0.00612279444739986
2814,-0.00461610218590305
2815,-0.00353115442381459
2816,-0.00245951379958156
2817,-0.00121365795809977
2818,-4.7965901136926E-05
2819,0.00045611421406093
2820,0.000208302283326555
2821,0.000337211574871904
2822,0.00244202074093833
2823,0.00668680923126871
2824,0.0110557508267901
2825,0.013097823192048
2826,0.0123264135409566
2827,0.0104450196608066
2828,0.00927819390016473
2829,0.00900759072250188
2830,0.00852380754278505
2831,0.00694684640009496
2832,0.00441122510449403
2833,0.00168013290424848
2834,-0.000563378054802199
2835,-0.00212843063130018
2836,-0.00333977937863809
2837,-0.0046077138159573
2838,-0.00580044869884258
2839,-0.00630073781484121
2840,-0.00608771299405322
2841,-0.0065205012496309
2842,-0.00926555309058452
2843,-0.0141596674030273
2844,-0.0187431562507837
2845,-0.0205021324780341
2846,-0.0193299664469533
2847,-0.0172657483241765
2848,-0.0159999674015784
2849,-0.0153055148983265
2850,-0.0139719117475981
2851,-0.011559642491612
2852,-0.00876202147884911
2853,-0.0064396793614979
2854,-0.00484940683025659
2855,-0.00371188778898189
2856,-0.00260792059584032
2857,-0.00132726958407972
2858,-0.000148858835764697
2859,0.000321768695742754
2860,3.40920866610638E-05
2861,0.000180484981365421
2862,0.00235683392452746
2863,0.00665613039061092
2864,0.0110207349303143
2865,0.0130459212418892
2866,0.0123165257936057
2867,0.0105337418926045
2868,0.00944024912302129
2869,0.0091509792872704
2870,0.00858462981337568
2871,0.0069534816829682
2872,0.00444527065688434
2873,0.00178410829240215
2874,-0.000417495493224433
2875,-0.00198031033672793
2876,-0.0031829187810251
2877,-0.00442015977804251
2878,-0.00561149285892753
2879,-0.00617573180504252
2880,-0.00603755050742101
2881,-0.00647671368675371
2882,-0.00918029295231069
2883,-0.0140942380446738
2884,-0.0188021575718803
2885,-0.0206882056894162
2886,-0.0195174231271523
2887,-0.0173322680599603
2888,-0.0159430400681086
2889,-0.0152099645258749
2890,-0.0139022073641114
2891,-0.0115188574390803
2892,-0.00872989293203159
2893,-0.00640736751009521
2894,-0.00482065265083009
2895,-0.00370331578383945
2896,-0.00264772754644549
2897,-0.00142515863294026
2898,-0.000266386024631545
2899,0.000240238058478919
2900,-7.10085164650789E-06
2901,0.000122070215632566
2902,0.00223216572510334
2903,0.00648001269180375
2904,0.0108381972292097
2905,0.0128669983815552
2906,0.0121160563319517
2907,0.0103064063572848
2908,0.00922277659020762
2909,0.00898235001382542
2910,0.00846811583911723
2911,0.00687308430494459
2912,0.00440450842258173
2913,0.00180629122148345
2914,-0.00033255150928104
2915,-0.00188314362995114
2916,-0.00314393275310294
2917,-0.0044698833198462
2918,-0.0057186903830336
2919,-0.00628602760050962
2920,-0.00612236800727748
2921,-0.00653783385627719
2922,-0.00922487470384952
2923,-0.014129531446203
2924,-0.0188476178492302
2925,-0.0207599632979106
2926,-0.0195953071083915
2927,-0.0173749726058167
2928,-0.0159538697691794
2929,-0.015252953030007
2930,-0.0140214060502644
2931,-0.0116659678463735
2932,-0.00881092790090837
2933,-0.00638091226406563
2934,-0.00470724368978677
2935,-0.00352029189691687
2936,-0.00240373877029817
2937,-0.00117773455270954
2938,-0.000101233042317034
2939,0.000316370373149405
2940,5.57630842523083E-05
2941,0.000170516685704728
2942,0.0021127206695613
2943,0.00608648185171848
2944,0.0103464426891219
2945,0.0126243690086281
2946,0.0122591408874203
2947,0.0106024080775318
2948,0.0093566911749226
2949,0.00890970347530794
2950,0.00838560666793755
2951,0.00690548632815071
2952,0.0044559703522937
2953,0.00172623851898329
2954,-0.000553576894289015
2955,-0.00213493782710425
2956,-0.00333628652262874
2957,-0.00458740291479641
2958,-0.00578057807009502
2959,-0.0063150364275951
2960,-0.00613671772528513
2961,-0.00652530988363064
2962,-0.00913815913913093
2963,-0.0139552144326156
2964,-0.0186701030141582
2965,-0.0206985030163525
2966,-0.0196639610867423
2967,-0.0174547700892511
2968,-0.0159335650703859
2969,-0.0151629460092404
2970,-0.0139897643234693
2971,-0.0117647301469756
2972,-0.00899772739565468
2973,-0.00659208514130651
2974,-0.00494634234569185
2975,-0.00380824143361613
2976,-0.00267390500272811
2977,-0.00129651363879716
2978,-2.2613720933439E-05
2979,0.000467476578036572
2980,0.000116742593237984
2981,0.000146654343493177
2982,0.00218020873027713
2983,0.00636034899902614
2984,0.010701047086558
2985,0.012807697088052
2986,0.0121691900255406
2987,0.0103881220635781
2988,0.00924196476217994
2989,0.00898227899606668
2990,0.00858758552160789
2991,0.00716554916896578
2992,0.00475704204041213
2993,0.00205907205435515
2994,-0.000232074675281912
2995,-0.00187327663904632
2996,-0.00315391354581504
2997,-0.00447886745002005
2998,-0.00571651549169423
2999,-0.00622321032765193
3000,-0.00592624540375697
3001,-0.0061708770090871
3002,-0.00872003795791523
3003,-0.0135801081852453
3004,-0.0183711994605354
3005,-0.0204542990999738
3006,-0.0194925138550423
3007,-0.0174115109978711
3008,-0.0159935712232513
3009,-0.0151800732924484
3010,-0.0138428279815135
3011,-0.0115096201872275
3012,-0.00879221103251512
3013,-0.0064701283370072
3014,-0.00475807693841286
3015,-0.00343351375295391
3016,-0.00222851108926178
3017,-0.001035473391157
3018,-4.68480757429052E-05
3019,0.000327574932553628
3020,0.000100603379030871
3021,0.000310293383260584
3022,0.00238953644253516
3023,0.00649099590713917
3024,0.0107717982617391
3025,0.0129170900424106
3026,0.0123637395073777
3027,0.0106279625470386
3028,0.00946841741629173
3029,0.00918583326772744
3030,0.00880870941038352
3031,0.00743619805198542
3032,0.00503677457699183
3033,0.00224227786299903
3034,-0.000209966713160654
3035,-0.00192948860409044
3036,-0.0031123512085966
3037,-0.00427909201670243
3038,-0.00553450099697174
3039,-0.00630468204995015
3040,-0.00628758658180877
3041,-0.00653814507218806
3042,-0.00881377755989076
3043,-0.0134144643994107
3044,-0.0182055157188382
3045,-0.0204738182820222
3046,-0.0196234572300045
3047,-0.017471119234261
3048,-0.0159410192089693
3049,-0.0151449188455929
3050,-0.0139347553549658
3051,-0.0116829288593436
3052,-0.00892426609757916
3053,-0.00652498832003569
3054,-0.00482931514781699
3055,-0.00363184271586111
3056,-0.00254919908642797
3057,-0.0013405444530356
3058,-0.000182018701902141
3059,0.000376997748807847
3060,0.000162399739451587
3061,0.000162182109177507
3062,0.00197388548363863
3063,0.00598374579992481
3064,0.0104144324894951
3065,0.012792591791177
3066,0.0123662634373759
3067,0.0106213783705565
3068,0.00939973033799478
3069,0.00903317699919202
3070,0.00851901211404908
3071,0.00700443091607514
3072,0.00460508518101698
3073,0.00200548423199145
3074,-0.000221494777009748
3075,-0.00189151631475879
3076,-0.00318942614835393
3077,-0.00443716148358403
3078,-0.00563480995278088
3079,-0.00632298888422944
3080,-0.0063350344993533
3081,-0.00667365823463702
3082,-0.00894704779912057
3083,-0.0134402111538809
3084,-0.0181529826958657
3085,-0.0204499959654345
3086,-0.0196558206859594
3087,-0.0174923237183045
3088,-0.0159156465016746
3089,-0.0151240026612625
3090,-0.0139612249232636
3091,-0.0117126710710466
3092,-0.00888874101746518
3093,-0.006428217513283
3094,-0.00472605677185408
3095,-0.00353322927401625
3096,-0.00241071835268551
3097,-0.00114523144605052
3098,1.90829162927954E-05
3099,0.000529692117496145
3100,0.000276879245934149
3101,0.000288005866828428
3102,0.00213536248324101
3103,0.00617141318627756
3104,0.0106155682841531
3105,0.0129858924046847
3106,0.0124984485008803
3107,0.0106521272547959
3108,0.00939139115372266
3109,0.00914144178700855
3110,0.00883877901617332
3111,0.00744653782202351
3112,0.00498533877415073
3113,0.00225196892342282
3114,-1.56548376282183E-05
3115,-0.0016393906025745
3116,-0.00295591039102393
3117,-0.00433768899705772
3118,-0.00562757659825373
3119,-0.00620663935761006
3120,-0.00598281187041124
3121,-0.00620017232409218
3122,-0.0085912302964571
3123,-0.0133216035482178
3124,-0.0181933288645981
3125,-0.020505630110142
3126,-0.0196660699859167
3127,-0.0175035713466649
3128,-0.0160172352031846
3129,-0.0153726050869511
3130,-0.0143250263086107
3131,-0.0120734170988825
3132,-0.00913724190256006
3133,-0.0065752095295579
3134,-0.00488585425641625
3135,-0.0037830042487966
3136,-0.00270802748167117
3137,-0.00140504352472599
3138,-0.000177258679269975
3139,0.000385943377320196
3140,0.000200486160084607
3141,0.000265230435288055
3142,0.00202660445650234
3143,0.00578700465032098
3144,0.00994268802580312
3145,0.0122633489255882
3146,0.0119893707024068
3147,0.010375296923987
3148,0.00915048612486856
3149,0.00880082638890447
3150,0.00848532379269765
3151,0.00725074719063176
3152,0.00496772227077983
3153,0.00224924454078141
3154,-0.000163610561609242
3155,-0.0019190250901695
3156,-0.00321662097551971
3157,-0.00447752818259387
3158,-0.00570462548921937
3159,-0.00634292123928334
3160,-0.0061751865790671
3161,-0.00627794037617924
3162,-0.00839713355174588
3163,-0.0129156717673121
3164,-0.017834712685339
3165,-0.0204263720772087
3166,-0.0198826566278917
3167,-0.0178386991971982
3168,-0.0162642949865958
3169,-0.0154383583787839
3170,-0.0142690767295659
3171,-0.0120459843668496
3172,-0.00924792668281985
3173,-0.00678612751615235
3174,-0.00504884298068783
3175,-0.00380454733276738
3176,-0.00264563703329012
3177,-0.00137066911118927
3178,-0.000195653933476984
3179,0.000347686159006175
3180,9.56638657403523E-05
3181,-1.64056927853722E-05
3182,0.00159578565290825
3183,0.00546060944969442
3184,0.00998340625733554
3185,0.0126628292865663
3186,0.0124890250509522
3187,0.0107623879667394
3188,0.00944903748360346
3189,0.00914829225901942
3190,0.00890490564510459
3191,0.00761689812082606
3192,0.00516300731040777
3193,0.00228774261860374
3194,-0.00016528106256683
3195,-0.00184068542583565
3196,-0.00299920444681905
3197,-0.0041406915071215
3198,-0.00533271489298396
3199,-0.00602940250107892
3200,-0.00595206273527195
3201,-0.006107905466936
3202,-0.00824750607630088
3203,-0.0128159217836697
3204,-0.0178291511514923
3205,-0.0204818502061031
3206,-0.0198911094483935
3207,-0.0177294713695669
3208,-0.0160830953481329
3209,-0.0152889103550122
3210,-0.0141974244449372
3211,-0.0120134133178661
3212,-0.00920445931998533
3213,-0.00672680333583233
3214,-0.00499174102961371
3215,-0.00375336252603952
3216,-0.00259461952534909
3217,-0.00131193483768219
3218,-9.48940888522866E-05
3219,0.000545718592131093
3220,0.00038400480153271
3221,0.000236531324188797
3222,0.00167190164465624
3223,0.00538614132419207
3224,0.00996875999269233
3225,0.012880100267036
3226,0.0128658393199779
3227,0.0110552981291399
3228,0.00950730075284336
3229,0.00904243781590355
3230,0.00879790843617328
3231,0.00758791907189139
3232,0.00519877222744512
3233,0.00237742322000698
3234,-1.48477653955654E-05
3235,-0.00167129494756287
3236,-0.00289790994411691
3237,-0.00413962459575968
3238,-0.00536549265132099
3239,-0.0060277548706977
3240,-0.00594484625823861
3241,-0.00616537545642788
3242,-0.0083439797269572
3243,-0.0128240177140922
3244,-0.0176832612536443
3245,-0.0202976709345943
3246,-0.0198641734875088
3247,-0.0179269654394391
3248,-0.0163877025469258
3249,-0.0155503362200291
3250,-0.0143790428323818
3251,-0.0121557344642291
3252,-0.00930053971904172
3253,-0.00671747212950748
3254,-0.00488430596931918
3255,-0.00366701011164304
3256,-0.00264509076170973
3257,-0.00149907436839109
3258,-0.000351450096167015
3259,0.000242392100982907
3260,3.48097757782462E-05
3261,-6.21766877056237E-05
3262,0.00159086787570734
3263,0.00555254153249886
3264,0.0101657224321232
3265,0.0128485950937881
3266,0.0126086698696377
3267,0.010843513774846
3268,0.00956087309775046
3269,0.00928719845327826
3270,0.00899209996341633
3271,0.00762342882683992
3272,0.00518608882004776
3273,0.0024543291950222
3274,0.000141405207261189
3275,-0.00154733747192321
3276,-0.00287284429038785
3277,-0.00419484533675791
3278,-0.00546305807778462
3279,-0.00614584279729571
3280,-0.00605046871828971
3281,-0.0062088189246964
3282,-0.00830236129894854
3283,-0.0127230343190844
3284,-0.0175640563282693
3285,-0.0201843478944573
3286,-0.0197646450415059
3287,-0.0178266886584717
3288,-0.0162309413345611
3289,-0.0152792033345314
3290,-0.0140320751918761
3291,-0.0118867139686841
3292,-0.00923164984448486
3293,-0.00678307238155731
3294,-0.00489266512839636
3295,-0.00353181876151794
3296,-0.00248242059045829
3297,-0.00144853772442068
3298,-0.00036669016232867
3299,0.000335875038142382
3300,0.000289267847299562
3301,0.000185607508452218
3302,0.00163351639054746
3303,0.00538881800312498
3304,0.00998339181827131
3305,0.0128234499392421
3306,0.0127582862593092
3307,0.0110558059349436
3308,0.00970879506559561
3309,0.00931426587701792
3310,0.00894136951759747
3311,0.00760865378126615
3312,0.00530054619152697
3313,0.00267420771409968
3314,0.00033531480028532
3315,-0.00148524333119088
3316,-0.00290895601875817
3317,-0.00420141777224884
3318,-0.00536782490007801
3319,-0.00599861777966854
3320,-0.00593333232524637
3321,-0.00612566342595505
3322,-0.00820029994165855
3323,-0.0126036283797844
3324,-0.0175076338205566
3325,-0.0202343958948419
3326,-0.019835350900763
3327,-0.0177893452655907
3328,-0.0160881686180128
3329,-0.0151903702093526
3330,-0.0141375056244602
3331,-0.0121553087469806
3332,-0.00952761290616777
3333,-0.00704070490335349
3334,-0.00514734852438762
3335,-0.00378913583584387
3336,-0.00265548719651414
3337,-0.0014719949422433
3338,-0.000301487684066801
3339,0.000384045590602225
3340,0.000312158116876753
3341,0.000243774566361917
3342,0.00170050406227789
3343,0.00533017412523339
3344,0.00973084964931959
3345,0.0124893868507247
3346,0.0125099458077565
3347,0.0109229937092567
3348,0.00959230044381649
3349,0.00916015379625642
3350,0.0088169585951749
3351,0.00758827491841358
3352,0.00535009986362265
3353,0.00270016409956786
3354,0.000308430979721902
3355,-0.00151093281918994
3356,-0.00289192144351369
3357,-0.00418146159229821
3358,-0.00542463690832597
3359,-0.00616430872611616
3360,-0.00616236940508731
3361,-0.00634592061410588
3362,-0.00838592427872424
3363,-0.0127953667700859
3364,-0.0177610040984937
3365,-0.020551042914489
3366,-0.0201532843656916
3367,-0.0180419207306099
3368,-0.0162636762108027
3369,-0.0153300232752276
3370,-0.0142847807136236
3371,-0.0123109440772559
3372,-0.00964547652408271
3373,-0.00706811857005111
3374,-0.0050887544032751
3375,-0.00373151307598123
3376,-0.00269863752538476
3377,-0.00161530485899317
3378,-0.00043441094273922
3379,0.000344629077729742
3380,0.000311596547802032
3381,0.000180618483951133
3382,0.00161125454838035
3383,0.00538689996976371
3384,0.0100129483722242
3385,0.0128350017682472
3386,0.0126778484588042
3387,0.010870765835679
3388,0.00950466502791136
3389,0.00920044224585807
3390,0.00894197115601932
3391,0.00764607351399513
3392,0.00528756570434962
3393,0.00260191089552575
3394,0.000265841050871242
3395,-0.00149144720078985
3396,-0.00285424213293835
3397,-0.00416444327849087
3398,-0.00546137061559728
3399,-0.00627298677125587
3400,-0.00629066700567524
3401,-0.00636538562146255
3402,-0.00820738777622454
3403,-0.0124876115460856
3404,-0.0175008921493318
3405,-0.0204438423311909
3406,-0.0201521928944681
3407,-0.0180689474163468
3408,-0.0163490390641769
3409,-0.0155556782264293
3410,-0.0146084032552228
3411,-0.0125444802577758
3412,-0.00965970969146785
3413,-0.00696020496955311
3414,-0.00506915859846029
3415,-0.00386457563203005
3416,-0.00283775489049526
3417,-0.00160992835166352
3418,-0.000321667223861201
3419,0.000404599041513438
3420,0.000231716156728372
3421,2.14386024148202E-06
3422,0.00139642370100533
3423,0.00515678512522092
3424,0.00980973885522899
3425,0.0127547720953502
3426,0.0127721758144813
3427,0.0110539853850186
3428,0.00962410994214118
3429,0.00919061648339398
3430,0.00886816247684643
3431,0.00761321690107782
3432,0.00535440229485643
3433,0.00277008014580766
3434,0.000484951301331329
3435,-0.00131874557910309
3436,-0.00280663784029625
3437,-0.00420627672171559
3438,-0.00545940245935778
3439,-0.00614357628845165
3440,-0.00608326522056622
3441,-0.00615908942315747
3442,-0.00798894776410347
3443,-0.0122191191389338
3444,-0.017270779659036
3445,-0.0204220303683299
3446,-0.0203595369842492
3447,-0.0182942040736038
3448,-0.0163722013291707
3449,-0.015394700330341
3450,-0.0144657450733988
3451,-0.0125500640848492
3452,-0.00975784077306643
3453,-0.00703405563716614
3454,-0.005076040724192
3455,-0.00382592342676159
3456,-0.00278001451214264
3457,-0.0015635929618823
3458,-0.000317564070034918
3459,0.000387160373108882
3460,0.000258306344005388
3461,6.48643796969135E-05
3462,0.00135319520703224
3463,0.00488101213403279
3464,0.00938601690699382
3465,0.0124243060999651
3466,0.0126583520691326
3467,0.0110288922356488
3468,0.00950144572457301
3469,0.00898086094164686
3470,0.00875273883757494
3471,0.00768875139442587
3472,0.00550348862220381
3473,0.00281770859274471
3474,0.000413753531720595
3475,-0.00137492438720415
3476,-0.00275970286274236
3477,-0.00413117255821992
3478,-0.00548864832319993
3479,-0.00629124699611817
3480,-0.00623139469039407
3481,-0.00621277924135466
3482,-0.00798211644220745
3483,-0.012233156059594
3484,-0.0173010593500237
3485,-0.0203998922390335
3486,-0.0202952242828725
3487,-0.0183053576807884
3488,-0.0165301836200325
3489,-0.015616549732944
3490,-0.0146322624202703
3491,-0.0126793945796511
3492,-0.00996238947934362
3493,-0.00732050727609298
3494,-0.00530633970090754
3495,-0.00391416498992089
3496,-0.00282004210673625
3497,-0.0016776615126106
3498,-0.000455998177138004
3499,0.000376948831280146
3500,0.000393057963299035
3501,0.000188937349528385
3502,0.00137054508314568
3503,0.00490747597532799
3504,0.00959190958821989
3505,0.0127981933094197
3506,0.0130233145593838
3507,0.0112644026961678
3508,0.00965320618769303
3509,0.00914735849690655
3510,0.00895124993286162
3511,0.00786985710452857
3512,0.00563300209606944
3513,0.00289144653013016
3514,0.000432525698801118
3515,-0.00138571385751549
3516,-0.00272434363888797
3517,-0.00397929670883163
3518,-0.00524388160474837
3519,-0.00605715045127665
3520,-0.00607046405100971
3521,-0.00607662642074139
3522,-0.00778947748113105
3523,-0.0119900368550966
3524,-0.0171034523184286
3525,-0.0203193341363489
3526,-0.0202959638551364
3527,-0.018290422193371
3528,-0.0164513570648935
3529,-0.015516698914204
3530,-0.0145802835984275
3531,-0.0126851901900271
3532,-0.00997502204105025
3533,-0.0073040022480926
3534,-0.00528706800626644
3535,-0.00393157708079917
3536,-0.00285286812342295
3537,-0.00166527922733818
3538,-0.00040062706867323
3539,0.000378681444917774
3540,0.000259437255300862
3541,-3.84606540453097E-05
3542,0.0011556616764079
3543,0.00472317902387408
3544,0.00935175976807406
3545,0.0124736683931176
3546,0.0127451666893409
3547,0.011180799279388
3548,0.00971944484091519
3549,0.00915395373460936
3550,0.00877720300542095
3551,0.00762215097416502
3552,0.00548619192646442
3553,0.00286199770902657
3554,0.000401821383052551
3555,-0.0014598979459644
3556,-0.00273707783324464
3557,-0.00385018222697724
3558,-0.00506303165487781
3559,-0.0059784615704709
3560,-0.00610572701003194
3561,-0.0060879721844461
3562,-0.00768328022988518
3563,-0.0118319361110964
3564,-0.01701097860309
3565,-0.0203125553609188
3566,-0.0203121147464577
3567,-0.0182969661140578
3568,-0.0164635172573461
3569,-0.0155151551803221
3570,-0.0144993769851393
3571,-0.0125130284146161
3572,-0.00980128955415617
3573,-0.00721937209525938
3574,-0.005281353716154
3575,-0.00395076514684915
3576,-0.00291548940626744
3577,-0.00182783347290382
3578,-0.000610044921512775
3579,0.000281916796542193
3580,0.00032524456198431
3581,3.83685990777152E-06
3582,0.000959850483111069
3583,0.0043556300841246
3584,0.00913063271050598
3585,0.0125881491969282
3586,0.0130113253462136
3587,0.0112684106721086
3588,0.00955490404848562
3589,0.00897520302732337
3590,0.00880215285709985
3591,0.00779307162760471
3592,0.00559080747103507
3593,0.00280023055088518
3594,0.000235842833201178
3595,-0.00166061606330942
3596,-0.0029794193870249
3597,-0.00414696990129987
3598,-0.00538310048958022
3599,-0.00630195362297398
3600,-0.00645260102717842
3601,-0.00644373899406756
3602,-0.00795967442303639
3603,-0.0119677795630103
3604,-0.0170728492040165
3605,-0.0204241617837483
3606,-0.0205068397140645
3607,-0.0185154715721673
3608,-0.016688498351533
3609,-0.0158179053822617
3610,-0.0149236320532058
3611,-0.0129881797037319
3612,-0.0102234903871512
3613,-0.0075641849130862
3614,-0.00557741708580918
3615,-0.00418944919875594
3616,-0.00307207563998086
3617,-0.00195242804216153
3618,-0.000801033332453431
3619,1.84441758651679E-05
3620,0.00010794886601128
3621,-7.88974892919333E-05
3622,0.00094606479522484
3623,0.0042888037376962
3624,0.00900970233864334
3625,0.0125264378688882
3626,0.0130642587469388
3627,0.0113603047314019
3628,0.00960586577157801
3629,0.00901952672275926
3630,0.00891418403130706
3631,0.00794733962712345
3632,0.00568684612611068
3633,0.00281632296280543
3634,0.000262193621184577
3635,-0.00157918707314551
3636,-0.00295452487575955
3637,-0.00432232829447356
3638,-0.00573197677618268
3639,-0.00663531029211703
3640,-0.00663252930428031
3641,-0.00650956811614554
3642,-0.00801740308203181
3643,-0.0120419150101953
3644,-0.017138596490376
3645,-0.0205192831125727
3646,-0.0206931507051694
3647,-0.0187370742201344
3648,-0.0167914420236174
3649,-0.0157580016179328
3650,-0.0148521243786355
3651,-0.0130453711929865
3652,-0.010325595953606
3653,-0.00751800949247882
3654,-0.00536906769120454
3655,-0.00400920565769191
3656,-0.00302518856900772
3657,-0.00189415736529767
3658,-0.000554881928999307
3659,0.000384855648788009
3660,0.000364046194378753
3661,-1.92398029101343E-05
3662,0.00093808098591898
3663,0.00431221817354798
3664,0.0089802916312752
3665,0.0123520866850389
3666,0.0128511871821264
3667,0.0113016406961859
3668,0.00970736905542044
3669,0.0090821169318524
3670,0.00881439161091838
3671,0.00781579426331037
3672,0.00573833680981087
3673,0.00307882742261753
3674,0.000564652739147459
3675,-0.00137822747290026
3676,-0.00281755373581008
3677,-0.00412015747405708
3678,-0.00540427207195734
3679,-0.00622279050058339
3680,-0.00619991303445896
3681,-0.0060955304474684
3682,-0.00764648761913416
3683,-0.0117293086119452
3684,-0.0168704108430354
3685,-0.0202681043518334
3686,-0.0204729117428038
3687,-0.0186029649326626
3688,-0.0167476780170902
3689,-0.0157007571641071
3690,-0.014676262099678
3691,-0.0128110084414246
3692,-0.0102342775533934
3693,-0.00766681205917593
3694,-0.00558897311905388
3695,-0.00404177022569698
3696,-0.00284235960197159
3697,-0.00173135814973634
3698,-0.00059656975564667
3699,0.000239254956352809
3700,0.000329895730318744
3701,6.7818914273115E-05
3702,0.000949117290271862
3703,0.0041543526023677
3704,0.00881908675411177
3705,0.0123783150524066
3706,0.0130130133743905
3707,0.0113975113763132
3708,0.00968629539578039
3709,0.00909685712468903
3710,0.00896225899757363
3711,0.00797228842895577
3712,0.00573223746310804
3713,0.00294134994408664
3714,0.000493885355108997
3715,-0.00126758743951385
3716,-0.00260603525192228
3717,-0.00395015117767246
3718,-0.00533148056633952
3719,-0.00622512205948455
3720,-0.00623929230565393
3721,-0.00610876146932176
3722,-0.0075421396979717
3723,-0.0114846865483559
3724,-0.016608865103611
3725,-0.0201518018920383
3726,-0.0205115997824181
3727,-0.0186493658422297
3728,-0.0167082405532322
3729,-0.0156668690346137
3730,-0.0147787027102123
3731,-0.0130055866221357
3732,-0.0103406139667779
3733,-0.00761849055751202
3734,-0.00553838985706503
3735,-0.00416384087145636
3736,-0.00310774742994361
3737,-0.00195861622324543
3738,-0.000695835221494311
3739,0.000168865532985105
3740,0.000155554515007249
3741,-0.000212497569883008
3742,0.000651862316304568
3743,0.00388396355810511
3744,0.00856319986178231
3745,0.0121712974168031
3746,0.0129500540131528
3747,0.0115076678086207
3748,0.00985578209315298
3749,0.00918423587887019
3750,0.00896532834072429
3751,0.00801435306556934
3752,0.00587935517730141
3753,0.00309874836957789
3754,0.0005228020987013
3755,-0.00136993960502259
3756,-0.00270414166871581
3757,-0.00394395933424718
3758,-0.00527657200194639
3759,-0.00624719818699379
3760,-0.00636341804661829
3761,-0.00622739556746063
3762,-0.00755907037450533
3763,-0.0114452786796622
3764,-0.0166491115257726
3765,-0.0203322268005717
3766,-0.0207445352704763
3767,-0.0188016948185332
3768,-0.0167431587019111
3769,-0.0156576365687268
3770,-0.0148064124401021
3771,-0.0130855737774151
3772,-0.0104481046002707
3773,-0.00773935618418915
3774,-0.00566644182319238
3775,-0.00427575424215143
3776,-0.00317688407498365
3777,-0.00198645572531992
3778,-0.000701997373640047
3779,0.000180007883757659
3780,0.000184257317529118
3781,-0.000199990929251715
3782,0.000601897710026927
3783,0.00379196956739059
3784,0.00852431174765488
3785,0.0122371483168378
3786,0.0130325836176319
3787,0.0114653900820322
3788,0.00967833906667262
3789,0.0090276512384095
3790,0.00897490314210973
3791,0.00816172303465951
3792,0.00602324549943996
3793,0.00317302998072175
3794,0.000596150153834612
3795,-0.00122089745307785
3796,-0.00251028429005235
3797,-0.00379324211398352
3798,-0.00519127526112644
3799,-0.00616835480012933
3800,-0.0062472767294853
3801,-0.00610148192050127
3802,-0.00746086606087085
3803,-0.0113463897175897
3804,-0.0164873001942933
3805,-0.0201130483305643
3806,-0.020567406169152
3807,-0.0187604927244897
3808,-0.0168202993480896
3809,-0.0157468326277688
3810,-0.0148327136113204
3811,-0.0130667583983983
3812,-0.0104256497048395
3813,-0.00769159168529702
3814,-0.00554116159679005
3815,-0.00409949080114827
3816,-0.00306816286998156
3817,-0.00201974502841677
3818,-0.000787539802909203
3819,0.000229329126075535
3820,0.000461130334932404
3821,0.000206081734509002
3822,0.000945251343110352
3823,0.00395435011974988
3824,0.00853075482309995
3825,0.0122008571202275
3826,0.0130584144045884
3827,0.0115806708142279
3828,0.00982005436665137
3829,0.00910525498463158
3830,0.00897892289029133
3831,0.0082062904641118
3832,0.00624009735148954
3833,0.00355137511126033
3834,0.000966498099526068
3835,-0.00101362006509282
3836,-0.00244431038348251
3837,-0.00372229052150067
3838,-0.00504498279135198
3839,-0.00603811206606245
3840,-0.00624360205026446
3841,-0.00617168678015509
3842,-0.00741474584926343
3843,-0.0110714928455405
3844,-0.0160880428017404
3845,-0.0198012912687077
3846,-0.0204414238589354
3847,-0.0187372305042881
3848,-0.0167773570068547
3849,-0.0156690610486345
3850,-0.0147870906608792
3851,-0.0130812124832005
3852,-0.0104639126468399
3853,-0.00774154099789507
3854,-0.00564930564665304
3855,-0.0042741103601982
3856,-0.00320230649478657
3857,-0.00198863507097548
3858,-0.000620210560559966
3859,0.000344104583038845
3860,0.000370478187484448
3861,-4.69279240448081E-05
3862,0.000697349922353562
3863,0.00380546310876489
3864,0.0084262902529882
3865,0.0120489347719994
3866,0.0128550419285758
3867,0.0114029329071418
3868,0.0097364134993943
3869,0.00912788756864696
3870,0.00908076940179342
3871,0.00834050204132782
3872,0.00634530655741323
3873,0.00358005021889636
3874,0.000931183373910459
3875,-0.00104557269899158
3876,-0.00242577500917599
3877,-0.00368476529500262
3878,-0.0050533489781266
3879,-0.00608910372737393
3880,-0.00624541937731388
3881,-0.00605245908916614
3882,-0.00723510690159682
3883,-0.0109876651550415
3884,-0.0161833584288082
3885,-0.0199750410711267
3886,-0.0204968810222454
3887,-0.0185824032587064
3888,-0.0165153608193143
3889,-0.0154839426536796
3890,-0.0147676740412675
3891,-0.0131782660026982
3892,-0.0105877126520188
3893,-0.00784422079137767
3894,-0.00570530507513163
3895,-0.00424474898796477
3896,-0.0030766273252675
3897,-0.00183677333913792
3898,-0.00054173185001515
3899,0.000335600264810944
3900,0.000358057229275536
3901,-1.44758768533029E-05
3902,0.000701303598429393
3903,0.00369040351925974
3904,0.00825491492376052
3905,0.0120210374347397
3906,0.0130895552906163
3907,0.0117859431727064
3908,0.0100359955444558
3909,0.0092399166934066
3910,0.00911088390662765
3911,0.00844245453176091
3912,0.00652660983062796
3913,0.00369600858838262
3914,0.000847709174208907
3915,-0.0013116836181098
3916,-0.00272257388971184
3917,-0.00386021313307267
3918,-0.00507780216288765
3919,-0.00606148430356649
3920,-0.0062818043320708
3921,-0.0061576403364628
3922,-0.00728595719876624
3923,-0.0108637228767813
3924,-0.0159246129783831
3925,-0.0197899211741612
3926,-0.0205795386940035
3927,-0.0189140892020022
3928,-0.0168766653248426
3929,-0.0156908987296442
3930,-0.0148766677626219
3931,-0.0134068561283015
3932,-0.0110256775994163
3933,-0.00831013413261623
3934,-0.00595643959074187
3935,-0.0042955564609317
3936,-0.00320442728393182
3937,-0.00223535288498281
3938,-0.00106236914416141
3939,6.51530084790615E-06
3940,0.000313231650904153
3941,1.49161656345134E-05
3942,0.000605302505818775
3943,0.00353582215318896
3944,0.00822606853634105
3945,0.0121107605353808
3946,0.013091941103293
3947,0.0115914698600398
3948,0.00978495892184058
3949,0.00911563703351611
3950,0.00909260574513208
3951,0.00838240075184758
3952,0.00641920578548846
3953,0.00372578672863425
3954,0.00114000715085449
3955,-0.00087953355166546
3956,-0.00239096129184838
3957,-0.00373062153100658
3958,-0.00506194768536534
3959,-0.00604895832666337
3960,-0.00626252191973098
3961,-0.00616610587030315
3962,-0.00730655111414082
3963,-0.0108462200557119
3964,-0.0158588737908279
3965,-0.0197139747598373
3966,-0.0205233669567644
3967,-0.0188727014201457
3968,-0.0168354283014199
3969,-0.0156419522400019
3970,-0.0148025739450409
3971,-0.0132801128524858
3972,-0.0108456731652585
3973,-0.00812212416491983
3974,-0.00580599765859958
3975,-0.00416705008323302
3976,-0.00303100167700179
3977,-0.00198512209275883
3978,-0.000805230285448038
3979,0.00013495168221459
3980,0.000222260070060414
3981,-0.000266657576244043
3982,0.000249810069709825
3983,0.00321852990331924
3984,0.00800112861619807
3985,0.0119923091548137
3986,0.0130827464021187
3987,0.0116685709462729
3988,0.00987780478853188
3989,0.00914130750653123
3990,0.00902596409110924
3991,0.00826842898448227
3992,0.00630281133560802
3993,0.00359529521124153
3994,0.00096798397298737
3995,-0.00105580383291637
3996,-0.0024761891597703
3997,-0.00367509206908854
3998,-0.00492664172393537
3999,-0.00593564888384509
4000,-0.0061913119574066
4001,-0.00605814604867168
4002,-0.00709747689229209
4003,-0.0105898894438359
4004,-0.0156937712810585
4005,-0.0197328146272401
4006,-0.0206950189558071
4007,-0.0190914256200501
4008,-0.0170231348343341
4009,-0.0157873141799875
4010,-0.0149180534958215
4011,-0.0133548109255637
4012,-0.0108581456111356
4013,-0.00809164781425669
4014,-0.00581271683298069
4015,-0.00430438893549919
4016,-0.00332277613763871
4017,-0.00234059503727134
4018,-0.00106816810975981
4019,6.24456080819094E-05
4020,0.000284894029701092
4021,-0.000237380191440585
4022,0.000120913145648959
4023,0.00296830461064431
4024,0.00777503070482256
4025,0.0118779952958657
4026,0.0130234519047621
4027,0.0115520454006608
4028,0.00968182851862654
4029,0.00895626007960396
4030,0.00894070636887173
4031,0.00827608065535736
4032,0.0063407669898516
4033,0.00364951015180856
4034,0.00109041557359946
4035,-0.000844940749102176
4036,-0.00226729628822801
4037,-0.00360683757689652
4038,-0.00503960832131399
4039,-0.00611734354504533
4040,-0.0062895226389846
4041,-0.00603584052039181
4042,-0.00705069525007274
4043,-0.0106200542701824
4044,-0.0158013915327458
4045,-0.0198498668707175
4046,-0.0207819516045691
4047,-0.0191584390567261
4048,-0.0170726153333836
4049,-0.0157943589114192
4050,-0.0148914077024022
4051,-0.0133764096509155
4052,-0.011013518073914
4053,-0.00836200555183233
4054,-0.00607181862547336
4055,-0.00444011834421001
4056,-0.00334374408474319
4057,-0.00234199146832137
4058,-0.00110209222460362
4059,5.17555247056622E-05
4060,0.000379067076830722
4061,-5.90427657083534E-05
4062,0.000252450795752566
4063,0.00294619965130332
4064,0.00763229691397181
4065,0.0117400111299952
4066,0.0129630755650146
4067,0.0115360116164233
4068,0.0096606940109817
4069,0.00895028834859488
4070,0.00900249915946565
4071,0.00840845407736108
4072,0.00650349534673665
4073,0.00382499929149637
4074,0.00128342870226677
4075,-0.000667608886493537
4076,-0.00217095649358261
4077,-0.00360223845998062
4078,-0.00505609650461119
4079,-0.0060931374796147
4080,-0.00623924995910758
4081,-0.00599017554633707
4082,-0.00698567599770386
4083,-0.0105174111594495
4084,-0.0157417503135174
4085,-0.0199479789373133
4086,-0.021021922209808
4087,-0.0193860791491382
4088,-0.0171884342268482
4089,-0.0158763000840046
4090,-0.0150672376292038
4091,-0.0136391135330323
4092,-0.0112439152705357
4093,-0.00849281843416147
4094,-0.0061333931402758
4095,-0.00446040519025299
4096,-0.00331562111785953
4097,-0.0023134582370256
4098,-0.00118504386497756
4099,-0.000162837103691091
4100,0.000188487938420531
4101,-7.1514354663253E-05
4102,0.000345028041628414
4103,0.00291530855425061
4104,0.00740707820824
4105,0.0115415049476407
4106,0.0130574381337748
4107,0.0119116232851921
4108,0.010027962477225
4109,0.00904373356843721
4110,0.00881734053284489
4111,0.00813688656373278
4112,0.00630026122804672
4113,0.00367343389805046
4114,0.00106692698581523
4115,-0.00100582355918113
4116,-0.00255495483754445
4117,-0.0039058424424572
4118,-0.00524449316713747
4119,-0.00626098295802805
4120,-0.00649643114725874
4121,-0.00632888694829279
4122,-0.00728844180069098
4123,-0.0106884455265936
4124,-0.0157946474615519
4125,-0.0199597803248323
4126,-0.0210462620956535
4127,-0.0194413642813607
4128,-0.0172980202295141
4129,-0.0160637091686465
4130,-0.0153071195104087
4131,-0.01385724806881
4132,-0.0113957787803124
4133,-0.00862452946716595
4134,-0.00633242715382815
4135,-0.00473988740512656
4136,-0.00357045095837038
4137,-0.00241659966445849
4138,-0.00113111083358317
4139,-9.34628638139546E-05
4140,0.000124651608531503
4141,-0.000266789293763826
4142,0.000159590869910159
4143,0.00285020944667877
4144,0.00742593044907944
4145,0.0115421192741128
4146,0.0130254692649364
4147,0.0119280026059772
4148,0.0101330547742774
4149,0.00917346600642171
4150,0.00890720466087415
4151,0.00822299845398469
4152,0.00645171493919389
4153,0.00386411859848645
4154,0.00120119269665856
4155,-0.000940291189403844
4156,-0.00244832769290637
4157,-0.00368267573685626
4158,-0.00499456000611568
4159,-0.0061407201254811
4160,-0.0065180282509808
4161,-0.00631791720184699
4162,-0.00707154947489606
4163,-0.0102860609407757
4164,-0.0154091002947584
4165,-0.0197979521013349
4166,-0.0211661120321973
4167,-0.0197379093244564
4168,-0.0175988733170997
4169,-0.0162435218635225
4170,-0.0153444315056652
4171,-0.0138041700326451
4172,-0.0112989150670413
4173,-0.0084869674447101
4174,-0.00616318283212562
4175,-0.00461880910811589
4176,-0.00361488329541197
4177,-0.0026526976573614
4178,-0.00141965358061233
4179,-0.000232980125236422
4180,0.000199836881620689
4181,-0.000119169898244469
4182,0.000181495487366486
4183,0.00270462863326037
4184,0.00725292422449754
4185,0.0114775533428533
4186,0.0130376600501556
4187,0.0118764675943914
4188,0.00995734627827928
4189,0.00896103259712432
4190,0.00876860505907219
4191,0.00816607391059094
4192,0.00642026428978507
4193,0.00385198289357351
4194,0.00125043126329853
4195,-0.000847025013097997
4196,-0.00240930719672752
4197,-0.00374882813467899
4198,-0.00507400434438626
4199,-0.00609735469522614
4200,-0.00634937310379346
4201,-0.00616966388572483
4202,-0.00706250891265946
4203,-0.0103692528864878
4204,-0.0154339135032291
4205,-0.0196715262023448
4206,-0.0209151280124271
4207,-0.0194415806889245
4208,-0.0173205323910485
4209,-0.0160311988315034
4210,-0.015242178712827
4211,-0.0138236041206112
4212,-0.0113993956756648
4213,-0.00861190116934423
4214,-0.00628603191505444
4215,-0.00473359030868503
4216,-0.00369945584728873
4217,-0.00267902384657824
4218,-0.00139982649721493
4219,-0.000216110277698934
4220,0.000190256361133075
4221,-0.000127721820277366
4222,0.000188405712186235
4223,0.00266727999642735
4224,0.0070870878922768
4225,0.0111830105878431
4226,0.0127180183985135
4227,0.0116417352128011
4228,0.00984344974008906
4229,0.00895930198553933
4230,0.00888600078582383
4231,0.00840055333170688
4232,0.00669274547534401
4233,0.00403302366596431
4234,0.00128941771843967
4235,-0.000855178751745963
4236,-0.00233122088263124
4237,-0.00357967201402431
4238,-0.00495689604650172
4239,-0.00616118677385143
4240,-0.00655211980503732
4241,-0.0063300495253894
4242,-0.00704216520364943
4243,-0.0102020845048249
4244,-0.0152720983451941
4245,-0.0196299493675641
4246,-0.0209903662280069
4247,-0.0195651460529789
4248,-0.0174457432954918
4249,-0.0161481475663018
4250,-0.0153438876850158
4251,-0.0139061548731815
4252,-0.0114917614836191
4253,-0.00875852814060619
4254,-0.00647915426108375
4255,-0.00489633635997975
4256,-0.00376712089502257
4257,-0.00267495971378977
4258,-0.00139627752968512
4259,-0.000234134220606225
4260,0.000201766964079433
4261,-4.06160665920451E-05
4262,0.000333938595114253
4263,0.00282012552184702
4264,0.00721488957544944
4265,0.0112804526055708
4266,0.0127952820065624
4267,0.0117286475975487
4268,0.00997379678989637
4269,0.00912326422570992
4270,0.00902907989748373
4271,0.0085111217799063
4272,0.0068586182847516
4273,0.00434223522702924
4274,0.00168037471847848
4275,-0.000561589448899706
4276,-0.00221693838887755
4277,-0.00351630142491402
4278,-0.00476733116724555
4279,-0.005841234551627
4280,-0.00624182384607324
4281,-0.00608480855593416
4282,-0.00674741282097466
4283,-0.00975922071432585
4284,-0.0147763736617089
4285,-0.0192656086885444
4286,-0.0207838002738165
4287,-0.019351816537818
4288,-0.017103528315747
4289,-0.0157709874148197
4290,-0.0151156384600598
4291,-0.0138534709336643
4292,-0.0114513169976441
4293,-0.0085914416554091
4294,-0.00624155409674399
4295,-0.00475877644481324
4296,-0.00380746045224451
4297,-0.00279807072814509
4298,-0.00144209161064066
4299,-0.000130382944078243
4300,0.000380598257295918
4301,5.14527476815719E-05
4302,0.000226275149146741
4303,0.00257975844723457
4304,0.00708653700943066
4305,0.0114906736482305
4306,0.0133202927458397
4307,0.0122915365383132
4308,0.0103112597002422
4309,0.0092236072524976
4310,0.00906688284639055
4311,0.00858987190436475
4312,0.00690961077301242
4313,0.00428364590357175
4314,0.00157618336450208
4315,-0.000573437358091715
4316,-0.00210727775572818
4317,-0.00339273702429695
4318,-0.00472406903362882
4319,-0.0058521740889251
4320,-0.0062265842909651
4321,-0.00602675320418879
4322,-0.00670117341540769
4323,-0.00976742075481365
4324,-0.0148294134401128
4325,-0.0193495453589044
4326,-0.0209297314607697
4327,-0.0196076497916616
4328,-0.0174598048956724
4329,-0.0161361549415898
4330,-0.0153849462070761
4331,-0.0140066670933308
4332,-0.0115696874415938
4333,-0.00876295800071964
4334,-0.0064528901251174
4335,-0.00490071947514545
4336,-0.00379410770218546
4337,-0.00266387254850248
4338,-0.00130925261555229
4339,-9.26192047420839E-05
4340,0.000324879825027989
4341,-4.32713746118536E-05
4342,0.000113461162812069
4343,0.00240335952166104
4344,0.00678630201573826
4345,0.0110757918201997
4346,0.0129003192900454
4347,0.012006818582481
4348,0.0102093935395026
4349,0.00920725454389681
4350,0.00898414751309182
4351,0.00838148896555489
4352,0.00665075388480669
4353,0.00407685418122157
4354,0.00143477317995554
4355,-0.00071031803340281
4356,-0.00226395383852681
4357,-0.00351036552609034
4358,-0.00474148213902281
4359,-0.00579917818797336
4360,-0.00619706151639247
4361,-0.00606337445293028
4362,-0.0067447858758366
4363,-0.00974319941353265
4364,-0.0147623019741957
4365,-0.0193557525369438
4366,-0.0210819499792996
4367,-0.019833314869216
4368,-0.0176009498540948
4369,-0.0161109313141447
4370,-0.0152692989427525
4371,-0.0139435862872847
4372,-0.0116083338905995
4373,-0.00880738783430589
4374,-0.00637805562992562
4375,-0.00470883276921869
4376,-0.00363409638355726
4377,-0.00268153693557831
4378,-0.0014858751266222
4379,-0.000257960802248554
4380,0.000307937488921906
4381,4.44169651028426E-05
4382,0.000145058228540931
4383,0.00229769131455487
4384,0.00662673996481413
4385,0.0109860241095624
4386,0.0128832399546734
4387,0.0119586087628306
4388,0.0100822539855335
4389,0.00910074726187169
4390,0.00904804452215841
4391,0.00865154253657118
4392,0.00700684000224706
4393,0.00435688634682334
4394,0.0015703573900524
4395,-0.000669555418542458
4396,-0.00224171006148405
4397,-0.0035008429997701
4398,-0.00480674263811188
4399,-0.00597388399595134
4400,-0.00641821659372242
4401,-0.0062175230553837
4402,-0.006775959441351
4403,-0.00968317780192489
4404,-0.0146572457552432
4405,-0.0192137040193758
4406,-0.0209218336432875
4407,-0.0197375944758528
4408,-0.0176516523357945
4409,-0.0162787836506178
4410,-0.0154317449168945
4411,-0.0140355201587781
4412,-0.0117017692305086
4413,-0.00899945510922471
4414,-0.00663492589994229
4415,-0.00487825990542612
4416,-0.00361138199790374
4417,-0.0025209843603692
4418,-0.00133959857692811
4419,-0.000234923089073954
4420,0.000216544404357564
4421,-6.31375705341926E-05
4422,0.000131162413147961
4423,0.00242558046523903
4424,0.00685251846951544
4425,0.0112107355105094
4426,0.0130340454447338
4427,0.0120378447257175
4428,0.0101372337614268
4429,0.00915967849416058
4430,0.00910246805354335
4431,0.00870170583837687
4432,0.00710929503977441
4433,0.00460636451992108
4434,0.00201567118242949
4435,-0.000102487374719037
4436,-0.00172890161696159
4437,-0.00319507333492014
4438,-0.00472531137361989
4439,-0.00602164618176622
4440,-0.00650761470645101
4441,-0.00632142346525377
4442,-0.00685971519806765
4443,-0.00966436176047774
4444,-0.0145033300941132
4445,-0.0190365981936759
4446,-0.020873008305402
4447,-0.0198004615112373
4448,-0.0176346028144289
4449,-0.0160612691785259
4450,-0.0151337136723455
4451,-0.0138642719023364
4452,-0.0116919271779858
4453,-0.00901495572333235
4454,-0.00660699361403781
4455,-0.00490964068559087
4456,-0.00379944555299152
4457,-0.00277826113770656
4458,-0.0014756140122126
4459,-0.000169310252271939
4460,0.00039859942562002
4461,0.00011149179585995
4462,0.000237095865599658
4463,0.0024477781719296
4464,0.00679158920305981
4465,0.0111002053348795
4466,0.0129325005743053
4467,0.0119698395716239
4468,0.0100810117353195
4469,0.00911995283994978
4470,0.00914590131672834
4471,0.00886530674523666
4472,0.00729842135803462
4473,0.00465328919474021
4474,0.00185469695703976
4475,-0.000358078068674199
4476,-0.00190577074710575
4477,-0.00322969218938837
4478,-0.00469485768822091
4479,-0.00602666724920441
4480,-0.00655520354440648
4481,-0.00632754868471241
4482,-0.0067453499202102
4483,-0.00943522899577341
4484,-0.0142435932461744
4485,-0.0188435945570516
4486,-0.0208056155618332
4487,-0.0198701077315767
4488,-0.0178103355833917
4489,-0.0162719002974675
4490,-0.015298776502417
4491,-0.0139599866143934
4492,-0.0117769220305337
4493,-0.00915322984418261
4494,-0.00676358268070273
4495,-0.00496801722167876
4496,-0.00370683173643314
4497,-0.00263685559659749
4498,-0.00144272290491238
4499,-0.000282145359990144
4500,0.000243982207721241
4501,-4.72029217753341E-06
4502,8.9829148893308E-05
4503,0.00214700050162452
4504,0.00636865767976914
4505,0.0107843566113508
4506,0.0129497421021364
4507,0.012316180089273
4508,0.0105213447032115
4509,0.00939941288420837
4510,0.00917639950712472
4511,0.00872088558442216
4512,0.00708818172191085
4513,0.00443574138905266
4514,0.00164747572982123
4515,-0.00054122504885646
4516,-0.00204272907571452
4517,-0.00329149144419757
4518,-0.00465155587597367
4519,-0.00587388762078779
4520,-0.00634354387228339
4521,-0.00613895773962896
4522,-0.00661740921794036
4523,-0.0093221435045868
4524,-0.0140737520763498
4525,-0.0186083152539759
4526,-0.0205718140925572
4527,-0.0197124170159179
4528,-0.0177505635317069
4529,-0.0162799307413602
4530,-0.0153249249983667
4531,-0.0139605997011256
4532,-0.0117327742055923
4533,-0.0090835610637505
4534,-0.00671884173614232
4535,-0.00499957829507845
4536,-0.00383806243051828
4537,-0.00284709259655757
4538,-0.00166340698258413
4539,-0.00042385808773972
4540,0.00021907076428489
4541,1.75256457530965E-05
4542,3.5843480047469E-05
4543,0.0019768158000284
4544,0.00618406929915092
4545,0.0107178658390325
4546,0.0130127334648334
4547,0.0123973438355627
4548,0.0105271171560212
4549,0.00935025036797549
4550,0.00915935591438714
4551,0.00879646868304633
4552,0.00726631212444572
4553,0.00469976115015263
4554,0.0019537884934095
4555,-0.000269599772823577
4556,-0.00187498193360136
4557,-0.00323246994900001
4558,-0.00465012096015277
4559,-0.00588551109692546
4560,-0.0063570083490801
4561,-0.00614289672892474
4562,-0.00658417032408448
4563,-0.00925083844986456
4564,-0.0140208647578333
4565,-0.0186348315843686
4566,-0.0206625225359336
4567,-0.0197802323776461
4568,-0.0177342940018877
4569,-0.0162185924371591
4570,-0.0153194717864096
4571,-0.0140698692767945
4572,-0.0119186531655193
4573,-0.00925005259228996
4574,-0.00678638711553713
4575,-0.00494264324317071
4576,-0.00367868480599038
4577,-0.00263883760346204
4578,-0.001475036626453
4579,-0.000305320602218326
4580,0.000275007118510869
4581,6.52152683494859E-05
4582,0.000106810971239438
4583,0.00202873243218184
4584,0.0061506293071271
4585,0.0106127642625526
4586,0.0129449311527973
4587,0.0124512530842278
4588,0.0106487218797926
4589,0.0093991750643793
4590,0.00908114135066886
4591,0.00870064992611078
4592,0.00730356991943079
4593,0.00488824691577329
4594,0.00217178401329387
4595,-0.000123039954866374
4596,-0.00176539016943692
4597,-0.00306692360776662
4598,-0.00443070934725492
4599,-0.00572292230631738
4600,-0.00632100013430217
4601,-0.00615504369230405
4602,-0.00650704746242282
4603,-0.00906109729220981
4604,-0.0138380793107967
4605,-0.0185755485991201
4606,-0.0207212190056149
4607,-0.0198810285229903
4608,-0.0178440118901187
4609,-0.0163458901624551
4610,-0.0154305374586675
4611,-0.0140941342485619
4612,-0.0118595703183557
4613,-0.00921569678887279
4614,-0.00685518835886213
4615,-0.00504845343655516
4616,-0.00369873086561646
4617,-0.00256577034228162
4618,-0.00141590590965936
4619,-0.000309978414841192
4620,0.000287603887638856
4621,0.000168144852932413
4622,0.000239095557870934
4623,0.00209280985731126
4624,0.00618409147167618
4625,0.01075351319601
4626,0.0132283647188721
4627,0.0127560103520088
4628,0.0108869423029905
4629,0.00966131983108378
4630,0.0094994135620778
4631,0.0092254934580301
4632,0.00773298530574312
4633,0.00511685583667635
4634,0.00229769658111761
4635,2.24007597285725E-05
4636,-0.00163605006926811
4637,-0.00305911332546273
4638,-0.0045137991775608
4639,-0.0057338629767685
4640,-0.00617327741120354
4641,-0.00593139501983465
4642,-0.00630564588374209
4643,-0.00885402817731683
4644,-0.0135722568560816
4645,-0.0183434933943806
4646,-0.02069619600366
4647,-0.0200762009377063
4648,-0.01805776206343
4649,-0.0164045060204553
4650,-0.0153986048936289
4651,-0.0141574694949545
4652,-0.0120563013369806
4653,-0.00939730831535661
4654,-0.00690976811623349
4655,-0.0050478107553648
4656,-0.00377344666531546
4657,-0.00271621123995626
4658,-0.00152762197994625
4659,-0.000320588374210967
4660,0.000315187714735038
4661,0.000131918234453248
4662,8.66668217857609E-05
4663,0.00181322221335006
4664,0.00578026021774922
4665,0.0102649891009571
4666,0.0127425907099778
4667,0.0123469108500046
4668,0.0105516583463094
4669,0.00935044451673413
4670,0.00920126480853817
4671,0.0089852857777435
4672,0.007589463580208
4673,0.00505615220250165
4674,0.00228700438902929
4675,6.40182496177774E-05
4676,-0.00151415191149353
4677,-0.00287014511672522
4678,-0.00435081759866752
4679,-0.00571910943006838
4680,-0.00635011172389937
4681,-0.00620301805865887
4682,-0.006499366366056
4683,-0.00886689732950036
4684,-0.0134506009661162
4685,-0.0182055892969727
4686,-0.0205915040135127
4687,-0.0199578091225928
4688,-0.0178967161102048
4689,-0.0162818372198198
4690,-0.0154373664106548
4691,-0.0143778849294704
4692,-0.0123427974086192
4693,-0.00962039075545336
4694,-0.00705010228111277
4695,-0.00518411407214774
4696,-0.00397229271872702
4697,-0.00295951583105167
4698,-0.00174047389651378
4699,-0.000448974425207823
4700,0.000251351222038787
4701,4.64357642492253E-05
4702,-0.000104655334817745
4703,0.00152349114212379
4704,0.00551876969122387
4705,0.0101843927345613
4706,0.0128683144931361
4707,0.0125248418254406
4708,0.0105799074226754
4709,0.00917710702025539
4710,0.00897335449636694
4711,0.00888737363499045
4712,0.00764467602716452
4713,0.00510885800240374
4714,0.00217886749662227
4715,-0.000200020802475896
4716,-0.00178823268038589
4717,-0.00302968178603268
4718,-0.00439827047342389
4719,-0.00573096337531673
4720,-0.00636253494199478
4721,-0.00618350788581858
4722,-0.00641514006605002
4723,-0.00873845944791914
4724,-0.0133260332550108
4725,-0.0181132296694382
4726,-0.0205391513073688
4727,-0.019951829368161
4728,-0.0179215093120064
4729,-0.0162685286270458
4730,-0.0153053850049512
4731,-0.0141331761612284
4732,-0.012099764121225
4733,-0.00948156749501474
4734,-0.00697495057020886
4735,-0.00502429388024032
4736,-0.00364931327074579
4737,-0.00256808465898664
4738,-0.00144782115969843
4739,-0.000317476910665666
4740,0.000307622790748152
4741,0.000145310912118072
4742,7.06483418599666E-05
4743,0.0017274675480441
4744,0.00569565048647756
4745,0.0103162505746403
4746,0.0129760535878866
4747,0.0126541679151132
4748,0.0107716628429133
4749,0.00941918164035858
4750,0.00919070060818447
4751,0.00901553808153502
4752,0.00771759975795747
4753,0.00523566303982341
4754,0.00241480952531901
4755,7.03466197445688E-05
4756,-0.00160283254255913
4757,-0.00294746466341879
4758,-0.00431068373070488
4759,-0.00552341942024236
4760,-0.00603144578110678
4761,-0.00582867143640503
4762,-0.00614264270517386
4763,-0.00858218194902063
4764,-0.0132404050273112
4765,-0.0180217555503262
4766,-0.0204033577516002
4767,-0.0198099491791262
4768,-0.0178486052540002
4769,-0.0162815445256701
4770,-0.0153202467386504
4771,-0.014041468625297
4772,-0.0118809556738173
4773,-0.00921662291447667
4774,-0.00675836093168307
4775,-0.00489499284489023
4776,-0.00359890539429719
4777,-0.00255800341106723
4778,-0.00139317415822066
4779,-0.000112390311665434
4780,0.000679931490044856
4781,0.000542110325791114
4782,0.000297443354426266
4783,0.00173564975433571
4784,0.00562818298559349
4785,0.0103363261881442
4786,0.0130938148588229
4787,0.0127596653181525
4788,0.0107990609575636
4789,0.00941548011900189
4790,0.00922546459251852
4791,0.00908654730016928
4792,0.00777420748125803
4793,0.00525838113199604
4794,0.00243081852881388
4795,0.000102812907068959
4796,-0.00156623532232993
4797,-0.00293510259363716
4798,-0.00434469841890814
4799,-0.00562439708898303
4800,-0.00621528981710366
4801,-0.00606956919427632
4802,-0.00634779037349655
4803,-0.0086414119996731
4804,-0.0131274715006911
4805,-0.0178381758227924
4806,-0.0202967779402248
4807,-0.0198427639133775
4808,-0.0179615490414395
4809,-0.0163883246509827
4810,-0.0154106750352141
4811,-0.014170249963542
4812,-0.0120773943664339
4813,-0.00944500229138226
4814,-0.00696591379899801
4815,-0.00506236409734029
4816,-0.00373562038574824
4817,-0.0026865527606605
4818,-0.00155832136348399
4819,-0.000366682780478777
4820,0.000341758811005287
4821,0.000211558142321092
4822,6.51048257154716E-05
4823,0.00158387853878643
4824,0.005466961151852
4825,0.0101530497258568
4826,0.01300159497507
4827,0.0128527426725463
4828,0.0110061234010441
4829,0.00956184631142079
4830,0.00922931758890026
4831,0.00903069256880785
4832,0.00777646755693142
4833,0.005333519976828
4834,0.00251637404819005
4835,0.00017236550158583
4836,-0.00147948883062582
4837,-0.00282161835493466
4838,-0.00426776667883636
4839,-0.00565741959555607
4840,-0.00635194839435264
4841,-0.00622072684039804
4842,-0.00642386772547235
4843,-0.00863070752180502
4844,-0.0131056589505004
4845,-0.0179124242016549
4846,-0.0205269407195559
4847,-0.0201917589883645
4848,-0.0183159928546132
4849,-0.0166438741800511
4850,-0.0155520616319069
4851,-0.0142673413530833
4852,-0.012199382857337
4853,-0.00958520622542795
4854,-0.00705703843849917
4855,-0.0050559306609333
4856,-0.00364847662865312
4857,-0.00256608422783566
4858,-0.00142026013107496
4859,-0.000188194050420475
4860,0.000568695664743824
4861,0.000441102180075859
4862,0.000227529897562569
4863,0.00164674929281464
4864,0.00544888081831443
4865,0.0100786956494
4866,0.0128695270645368
4867,0.0126649731087467
4868,0.0108071146109197
4869,0.00940935556498532
4870,0.00912508466216154
4871,0.00892218567978256
4872,0.0076499385888754
4873,0.00526855008460508
4874,0.00259956529752788
4875,0.000370028489846126
4876,-0.00130667826945509
4877,-0.00276491523057563
4878,-0.00427999623969006
4879,-0.00563922227817244
4880,-0.00627570951725647
4881,-0.00611949180181084
4882,-0.00629651881480612
4883,-0.00843539769842973
4884,-0.0128445347654335
4885,-0.0176462289432889
4886,-0.0202786795326024
4887,-0.0199025768375871
4888,-0.0179494937202449
4889,-0.0162882092273075
4890,-0.0153506388772635
4891,-0.0142645639941543
4892,-0.0123131305973167
4893,-0.00972384939174628
4894,-0.00720075769877057
4895,-0.00522032534756329
4896,-0.00383847037605906
4897,-0.00279280296539128
4898,-0.00170125573681054
4899,-0.000485577547372597
4900,0.000355021318760616
4901,0.000350907087476298
4902,0.00014734328369899
4903,0.00142718821425294
4904,0.00511720841830958
4905,0.00985062561147311
4906,0.0129149255909122
4907,0.0129239644240365
4908,0.0110850511997184
4909,0.00960202419474501
4910,0.00928053753372072
4911,0.00910405634373605
4912,0.00782213917622898
4913,0.00534033147563333
4914,0.0025394588449944
4915,0.000247612705384396
4916,-0.00136670762130985
4917,-0.00265950916099431
4918,-0.0039986387440909
4919,-0.00529234735784217
4920,-0.00602775995610216
4921,-0.00605019269764811
4922,-0.00632893129156383
4923,-0.00842829651473376
4924,-0.012755240486087
4925,-0.0175765400718814
4926,-0.0203606355223151
4927,-0.0201658433332239
4928,-0.0183011871563813
4929,-0.0165872918838358
4930,-0.0154876241734769
4931,-0.0142102045018581
4932,-0.012138014903841
4933,-0.00956194601438379
4934,-0.00714506432361184
4935,-0.00523274173811798
4936,-0.00378856357644727
4937,-0.0026090108853347
4938,-0.00146942761157292
4939,-0.000371735549696259
4940,0.000276770862341898
4941,0.00016865552961069
4942,2.74020561140373E-06
4943,0.00136268359805986
4944,0.00505702490254074
4945,0.00972222878541682
4946,0.012748551487212
4947,0.0128101079170268
4948,0.0110621545818093
4949,0.00963009434762197
4950,0.00932157424710285
4951,0.00917338580007298
4952,0.00792563547525201
4953,0.00540149983604482
4954,0.00245378357041302
4955,1.30788199855174E-05
4956,-0.00162929288092139
4957,-0.00284413490964557
4958,-0.0041284695183556
4959,-0.00545264457492621
4960,-0.00621248049728958
4961,-0.00614206669431744
4962,-0.00624632571355275
4963,-0.00824306456270821
4964,-0.0126264411973792
4965,-0.017584055217133
4966,-0.0204332582719701
4967,-0.0201697244854059
4968,-0.0181785950727723
4969,-0.0164103714804226
4970,-0.0153933315401125
4971,-0.0142829586755582
4972,-0.0123380190681639
4973,-0.00976398031324727
4974,-0.00725900370961853
4975,-0.00529050118722678
4976,-0.00390173348713802
4977,-0.00283425216928164
4978,-0.00172525648836746
4979,-0.000500568257594798
4980,0.000358548507080786
4981,0.00038151445293284
4982,0.000163548253209173
4983,0.00133821073297244
4984,0.00487038756952632
4985,0.00951499144717732
4986,0.0126362817841416
4987,0.0127742857303056
4988,0.0109833303081439
4989,0.00942043541132296
4990,0.00901785517280019
4991,0.00890676941967762
4992,0.00781739749286194
4993,0.00548891388901834
4994,0.00269272455815473
4995,0.000326633839777813
4996,-0.00130808717045508
4997,-0.00256368080145607
4998,-0.0039369423618354
4999,-0.00540333940956964
5000,-0.00632114278105491
5001,-0.00632576198389937
5002,-0.00633535058272058
5003,-0.0081034967724603
5004,-0.0122911449808445
5005,-0.0172413246743275
5006,-0.0202624433256118
5007,-0.0201885598301267
5008,-0.0182592122340151
5009,-0.0164323232610435
5010,-0.0153593581254231
5011,-0.0142849914958329
5012,-0.012432395550052
5013,-0.00989962202968609
5014,-0.00732808078333919
5015,-0.00523600985010714
5016,-0.00376611233137438
5017,-0.00270692359356618
5018,-0.00165829245255465
5019,-0.000483318618940153
5020,0.000359637319173517
5021,0.000387412206763141
5022,0.000190392962022172
5023,0.00140824873064085
5024,0.00498567753704044
5025,0.00963218619278841
5026,0.0127015935720715
5027,0.0127891420592769
5028,0.0110082467722674
5029,0.0094962107744783
5030,0.00910231598506451
5031,0.0089168471315256
5032,0.00772993890197237
5033,0.00537498485238573
5034,0.00263817820014623
5035,0.000331306936246599
5036,-0.00133081556723233
5037,-0.00268009730633914
5038,-0.00410040661203065
5039,-0.00549568150477432
5040,-0.0062955447720533
5041,-0.00628480999655543
5042,-0.00643155801885975
5043,-0.00836133821232301
5044,-0.0125626986699558
5045,-0.0173579732300505
5046,-0.0202045902378938
5047,-0.0200797380364693
5048,-0.0182161769638749
5049,-0.0164693034778819
5050,-0.015439042090489
5051,-0.0144088006124183
5052,-0.0126410009606783
5053,-0.0102049745110065
5054,-0.00768377047929146
5055,-0.00557989731813132
5056,-0.00407436163404335
5057,-0.00300172253342902
5058,-0.001973800187219
5059,-0.000827294001707872
5060,1.59939242041026E-05
5061,7.97220159935558E-05
5062,-8.0795687445185E-05
5063,0.00113760359939913
5064,0.00469436755988848
5065,0.00935336260272984
5066,0.0124850701147395
5067,0.0126242051149943
5068,0.0108115824314719
5069,0.00919974719201543
5070,0.0087487386749459
5071,0.00864905663275306
5072,0.00766962249001713
5073,0.00550345809677904
5074,0.00280286061132022
5075,0.000388785444991523
5076,-0.00137485900913321
5077,-0.00269751819497847
5078,-0.00401904275988043
5079,-0.00540471216830842
5080,-0.00631425427479183
5081,-0.0063520241444727
5082,-0.00632958320369723
5083,-0.00799509452060231
5084,-0.0121329038979436
5085,-0.0171654920256658
5086,-0.0203163295441862
5087,-0.0202861463062828
5088,-0.0183116445056786
5089,-0.016458931247371
5090,-0.0154281307071756
5091,-0.014402230945392
5092,-0.0125613525102102
5093,-0.0100579628706366
5094,-0.00757848554162522
5095,-0.0055716474435197
5096,-0.00408783949783431
5097,-0.00295243082664318
5098,-0.00188724849683422
5099,-0.000774197748565501
5100,4.70338990403427E-05
5101,0.000158604109979056
5102,3.99101473890362E-05
5103,0.00119650341313632
5104,0.00463135739027691
5105,0.00925459515906956
5106,0.0124981853380072
5107,0.0127990971386744
5108,0.0110669015182685
5109,0.00942936882528962
5110,0.00891632126204229
5111,0.00877695552359311
5112,0.00778178887631959
5113,0.00560498142333853
5114,0.00288917431762886
5115,0.00044141619038979
5116,-0.00139216449032857
5117,-0.00280525458864836
5118,-0.00417563178753735
5119,-0.00551732210544186
5120,-0.00631278103980854
5121,-0.00624361880606742
5122,-0.0061712571788476
5123,-0.00783083606607488
5124,-0.0119788952955709
5125,-0.0170408303785802
5126,-0.0202476522462825
5127,-0.0202737391113304
5128,-0.018327497678845
5129,-0.0165033008191523
5130,-0.0155576553915583
5131,-0.0146591620158466
5132,-0.0128827682462715
5133,-0.0103038844528446
5134,-0.00766967145013506
5135,-0.00557097834627065
5136,-0.00412283981175952
5137,-0.00307739077867163
5138,-0.00204742621722802
5139,-0.000891749902804776
5140,-1.69555500383252E-05
5141,8.84508280135139E-05
5142,-0.000102964273903127
5143,0.000972831673406941
5144,0.00439764240880807
5145,0.00911659466990684
5146,0.0125119662035888
5147,0.0129247622227608
5148,0.01122095995087
5149,0.00957815633186617
5150,0.00908376786172592
5151,0.00895582640226155
5152,0.00789033498233608
5153,0.00558202238853721
5154,0.00280855397249371
5155,0.00046681442291224
5156,-0.0011833288815754
5157,-0.00250680780657053
5158,-0.00393765279720796
5159,-0.00538627875487266
5160,-0.00622823722572936
5161,-0.00616522351796073
5162,-0.0061424347712465
5163,-0.00790240554417034
5164,-0.0121252929596932
5165,-0.0171974030651386
5166,-0.0204048256249753
5167,-0.0204773456145554
5168,-0.0185774253766092
5169,-0.0167010634801294
5170,-0.015594245161918
5171,-0.0145396517741209
5172,-0.0127281940164824
5173,-0.0102267232644225
5174,-0.00767278143733633
5175,-0.00557409022005772
5176,-0.00405699728712208
5177,-0.0029339511955233
5178,-0.00185892357346117
5179,-0.000701014458480344
5180,0.000139875305704763
5181,0.000201189045653085
5182,-6.98734038167696E-06
5183,0.00108689231841008
5184,0.00452477727418029
5185,0.00921829107624962
5186,0.0125755886785353
5187,0.0129824752701293
5188,0.0112912463045475
5189,0.00962751577049503
5190,0.00909220579177224
5191,0.00899535480926021
5192,0.00806893442957179
5193,0.00589256610936049
5194,0.00308965542069918
5195,0.00055733941260665
5196,-0.00127552916136458
5197,-0.00262927524948827
5198,-0.00396945291986352
5199,-0.00534539918581422
5200,-0.00620143312930445
5201,-0.00617566931532854
5202,-0.00611797301596036
5203,-0.00776289911004959
5204,-0.0118767317042741
5205,-0.0169325271303215
5206,-0.0202192339714239
5207,-0.0203939533089881
5208,-0.0185543103335818
5209,-0.0166984764842079
5210,-0.0156106842565017
5211,-0.0145809579140867
5212,-0.0127749466974498
5213,-0.0102610381353511
5214,-0.00771793367642094
5215,-0.00566908906311295
5216,-0.00419818778308984
5217,-0.00308168437063777
5218,-0.00200612323736958
5219,-0.000891313605054976
5220,-0.000124600093717095
5221,-0.000122451975166264
5222,-0.000389255894733017
5223,0.000590969915906348
5224,0.00389371763042981
5225,0.00858204660472371
5226,0.0121676657812603
5227,0.0129351010603034
5228,0.0115001404183406
5229,0.00983576115179004
5230,0.00909224187006762
5231,0.0087563670590853
5232,0.00771917575005027
5233,0.00561075897509224
5234,0.00298295799309036
5235,0.000598779434400482
5236,-0.00119739847865898
5237,-0.00259166555659885
5238,-0.00396281498143667
5239,-0.00534207992447651
5240,-0.00622809082990527
5241,-0.00626990648819294
5242,-0.0062448437029169
5243,-0.00784541920294231
5244,-0.0119099701971537
5245,-0.016996332914144
5246,-0.0203513229707231
5247,-0.0205150390636105
5248,-0.0185730294768058
5249,-0.0166475088570306
5250,-0.0156083895493076
5251,-0.0146711488963317
5252,-0.0128737569565537
5253,-0.0102782330525931
5254,-0.00767592208240686
5255,-0.00566728732645518
5256,-0.0042847137418652
5257,-0.00318655345914014
5258,-0.0019866219077741
5259,-0.000638248794191813
5260,0.000342129867559522
5261,0.000397090411954741
5262,-1.04241365407927E-07
5263,0.000808002135289866
5264,0.0040528949038111
5265,0.00876040797324389
5266,0.0122367336061325
5267,0.012678921398696
5268,0.0109188657062211
5269,0.00924127011776409
5270,0.00882932124061338
5271,0.00886682304878977
5272,0.00794772683156465
5273,0.00571664234308507
5274,0.00295675682955051
5275,0.00056445196147814
5276,-0.00119473391903301
5277,-0.0026261839989918
5278,-0.00410290248257909
5279,-0.00556917914150997
5280,-0.00647919850101005
5281,-0.0064890205980088
5282,-0.00636540491677522
5283,-0.00778212024641328
5284,-0.0116351510043967
5285,-0.0166208699183222
5286,-0.0200764821798912
5287,-0.0204677660352075
5288,-0.0186901899816902
5289,-0.0167387021873026
5290,-0.0155470263728265
5291,-0.0145317523661264
5292,-0.0128757843028952
5293,-0.0105713839272031
5294,-0.0081675173199275
5295,-0.00608134691353866
5296,-0.00442496956669925
5297,-0.00313761136321333
5298,-0.00202067437379889
5299,-0.000910912601849755
5300,-3.88592633703842E-05
5301,0.000154051870530563
5302,-4.88422287113669E-05
5303,0.000759297039201847
5304,0.00382583352288305
5305,0.00845147503411548
5306,0.0121336785040742
5307,0.0129286897496974
5308,0.0113556163716048
5309,0.00958036218555467
5310,0.00897515752864051
5311,0.00895693261283716
5312,0.00811170607111931
5313,0.00588537954045143
5314,0.00296619321684836
5315,0.000398279557267183
5316,-0.00134782823279048
5317,-0.00256762522328538
5318,-0.0038186170124129
5319,-0.00520096809340757
5320,-0.00614988812630899
5321,-0.00621226622723816
5322,-0.00611278409739845
5323,-0.00756931571864511
5324,-0.011505353785698
5325,-0.0165753704041885
5326,-0.0200645070254504
5327,-0.0204417724495269
5328,-0.0186427251572002
5329,-0.0166837251993776
5330,-0.015489656300998
5331,-0.0144631041835119
5332,-0.0127732195682012
5333,-0.0103958636699894
5334,-0.00789113309032822
5335,-0.0057477845373057
5336,-0.0041621864148679
5337,-0.0030630460440204
5338,-0.00211868606214231
5339,-0.00103405538694829
5340,-4.96674081805751E-05
5341,0.000264650035505868
5342,0.000106335163424666
5343,0.000925747430902567
5344,0.00405026316601222
5345,0.00876967485602438
5346,0.0124971472417741
5347,0.0132506148707568
5348,0.0115940485784621
5349,0.00973872587206575
5350,0.00905213506910884
5351,0.00896155044381335
5352,0.00812537517202766
5353,0.00603387857577806
5354,0.00328104450165894
5355,0.000747851762242519
5356,-0.00113173271750975
5357,-0.00251124473623276
5358,-0.00380520596240312
5359,-0.00513066725079169
5360,-0.00602342835887376
5361,-0.00604504072509404
5362,-0.00586130958091634
5363,-0.00721716611061499
5364,-0.0111618284908634
5365,-0.016377850919355
5366,-0.0199836252132514
5367,-0.0202919774862206
5368,-0.0183320855080628
5369,-0.0163676561978393
5370,-0.0153944240306026
5371,-0.0146061598892748
5372,-0.0129572225012882
5373,-0.0104663615591607
5374,-0.00789361735384372
5375,-0.00579677687580433
5376,-0.00425455429185302
5377,-0.00310475972324615
5378,-0.00208519214754266
5379,-0.00100322468383075
5380,-8.13100198649165E-05
5381,0.000189975521807515
5382,1.84235475674086E-07
5383,0.000724613533145525
5384,0.0037008658332312
5385,0.00833843714945771
5386,0.0121190316839253
5387,0.0129758137484454
5388,0.011354008589389
5389,0.00948019215768391
5390,0.00883851433707905
5391,0.00888928458124915
5392,0.00817347400556922
5393,0.00606202261990302
5394,0.00318411431598044
5395,0.000561570022211094
5396,-0.00130363966208571
5397,-0.00263869177480074
5398,-0.00395838045734637
5399,-0.0053785134877767
5400,-0.00635207021705654
5401,-0.00638795919246081
5402,-0.00616967025218002
5403,-0.00747059446626573
5404,-0.0113419722278685
5405,-0.0164896271842566
5406,-0.020106622785648
5407,-0.0205506137412407
5408,-0.0187667704870057
5409,-0.0168558674068834
5410,-0.0157500048996488
5411,-0.0147655183968841
5412,-0.0130363220574822
5413,-0.0106262908344568
5414,-0.00817949373598152
5415,-0.00612109058337443
5416,-0.00450025868884175
5417,-0.00321277710879202
5418,-0.00206958414448335
5419,-0.000936557995676817
5420,-6.93475025641676E-05
5421,6.69949846013362E-05
5422,-0.000250237570649418
5423,0.000430305663002519
5424,0.00343922592427873
5425,0.00813053175064958
5426,0.0119715959378114
5427,0.0129264879326253
5428,0.0114303404971405
5429,0.00962990639759446
5430,0.00895295505357557
5431,0.00890874853128852
5432,0.00813723787347514
5433,0.0060417208590339
5434,0.00319872269262267
5435,0.00057899336680403
5436,-0.00130650646813754
5437,-0.00265101350256495
5438,-0.00396231230081086
5439,-0.00537286229937736
5440,-0.00634527993948487
5441,-0.00638585303786403
5442,-0.00617470279123518
5443,-0.00748109039625756
5444,-0.0113470863565633
5445,-0.0164703165586257
5446,-0.0200408314308386
5447,-0.0204190656663284
5448,-0.0185724771574702
5449,-0.0166562729443819
5450,-0.0156477788463659
5451,-0.0148204946769535
5452,-0.01317319265011
5453,-0.0106693268387335
5454,-0.00801491849417481
5455,-0.00581409459692728
5456,-0.00422581594821105
5457,-0.00307783366162892
5458,-0.00202790431077777
5459,-0.000873069592584915
5460,6.61283452888285E-05
5461,0.000225252397903873
5462,-0.000140723255517189
5463,0.00047855899017201
5464,0.00346603875721324
5465,0.008148911632862
5466,0.0119194966650775
5467,0.0127316065697594
5468,0.0111321312218816
5469,0.00939870354200524
5470,0.00894083942954378
5471,0.00909045117431832
5472,0.00834803159603448
5473,0.00617710044251256
5474,0.00331746627111142
5475,0.000780982606162913
5476,-0.00104232503873877
5477,-0.00244058313495179
5478,-0.00386549381493413
5479,-0.00535201530088887
5480,-0.00636307295974545
5481,-0.0064389699836441
5482,-0.00619398286444118
5483,-0.00730667022294899
5484,-0.0109164227805925
5485,-0.0159925437209907
5486,-0.0198548537335351
5487,-0.0206382424635146
5488,-0.0189494989220335
5489,-0.0168506672077973
5490,-0.0155700241613063
5491,-0.0146555349550225
5492,-0.0131198545454161
5493,-0.0107504979493117
5494,-0.00813681409001419
5495,-0.00591159595096667
5496,-0.00429911501084755
5497,-0.0031411039776631
5498,-0.0020824114751179
5499,-0.000910780488971412
5500,7.38979792786917E-05
5501,0.000316990019831856
5502,9.08165899292275E-06
5503,0.000558650610924744
5504,0.00337146165844568
5505,0.00798217809024749
5506,0.01196037041273
5507,0.0131356189231123
5508,0.0116961550488904
5509,0.00973017296848569
5510,0.00888216828374827
5511,0.0088941179444222
5512,0.00837934548175051
5513,0.00650633912057043
5514,0.00368724537370472
5515,0.00094415215608046
5516,-0.00106233280769608
5517,-0.00245018249998633
5518,-0.00375750437143653
5519,-0.00517671457294863
5520,-0.00619792862539332
5521,-0.00630139844416661
5522,-0.00609166348773208
5523,-0.00726944848131574
5524,-0.010917043674208
5525,-0.0159041999454265
5526,-0.0195778748769527
5527,-0.0202515494598531
5528,-0.018653470017523
5529,-0.0167477958870058
5530,-0.0155730629109284
5531,-0.0146409561308134
5532,-0.0130997427625635
5533,-0.0108270127352259
5534,-0.00832958213333175
5535,-0.00612209421425661
5536,-0.0044518003593415
5537,-0.00328094373705541
5538,-0.00229004408176885
5539,-0.00117469136571847
5540,-0.000161082460010687
5541,0.000143166883000811
5542,-0.000169977539507636
5543,0.000303477660319103
5544,0.00306161707721458
5545,0.00770720216699818
5546,0.0117809719698592
5547,0.0130422130392666
5548,0.0116521753338509
5549,0.00971860179988975
5550,0.00889400101678928
5551,0.00889466059907552
5552,0.00831615186970054
5553,0.00635602253180252
5554,0.00348214619631205
5555,0.000750774425215713
5556,-0.00117979948621242
5557,-0.00245109458747805
5558,-0.00364702164592975
5559,-0.00503112111382032
5560,-0.00613457433997658
5561,-0.00636635294561954
5562,-0.00618032111680647
5563,-0.00722525112494276
5564,-0.0107416786385593
5565,-0.0158117765351665
5566,-0.0197766652110285
5567,-0.0207034033573132
5568,-0.0191217180592107
5569,-0.0170662630861986
5570,-0.0157749928038823
5571,-0.0148091862598625
5572,-0.0132057017948212
5573,-0.0108035249155118
5574,-0.00823059048356073
5575,-0.0060856327757342
5576,-0.00451086863607214
5577,-0.00331793102337831
5578,-0.00220806825304427
5579,-0.0010258968182917
5580,-5.57440087890512E-05
5581,0.000186095192434984
5582,-0.000124381514430816
5583,0.000391534585719375
5584,0.00318065000864695
5585,0.00785507460932813
5586,0.0119736126576618
5587,0.0132591986849213
5588,0.0118427517399597
5589,0.00987711553276983
5590,0.00907121790851769
5591,0.00911164821484997
5592,0.00852844908061824
5593,0.00654455508149885
5594,0.00372509519856724
5595,0.00113411018366141
5596,-0.000705717444314283
5597,-0.00205577893500621
5598,-0.00344722143772947
5599,-0.00497791595896029
5600,-0.0060865154334105
5601,-0.00623667900854335
5602,-0.00599354675704777
5603,-0.00706646596057651
5604,-0.0106837610913507
5605,-0.015868455443281
5606,-0.0198841767319848
5607,-0.0207486555032549
5608,-0.0190260532372355
5609,-0.0168624008486162
5610,-0.015589299802813
5611,-0.0147521228570253
5612,-0.0132780293888799
5613,-0.0109099225790409
5614,-0.00827502895973465
5615,-0.00604360072071394
5616,-0.00441318583162112
5617,-0.00318803179140584
5618,-0.00204202281596964
5619,-0.0008413309727635
5620,6.97555085054879E-05
5621,0.000168557188528967
5622,-0.00027295439476228
5623,0.000235189271711296
5624,0.00313459596607961
5625,0.00791586666312197
5626,0.0120459300285926
5627,0.0132865627909929
5628,0.0118600477701598
5629,0.00992628200143626
5630,0.00912157732710261
5631,0.00911018356115642
5632,0.00849587302377245
5633,0.00655800471551801
5634,0.00379847113048097
5635,0.00117058401262353
5636,-0.000813747069588778
5637,-0.00231206626168949
5638,-0.00376933702632461
5639,-0.00530363073428372
5640,-0.00641600829240295
5641,-0.00656804051974744
5642,-0.00625872877703148
5643,-0.00716150003266237
5644,-0.0105644156282112
5645,-0.0156166992914989
5646,-0.0196822085916066
5647,-0.0207631494589062
5648,-0.0192749527105205
5649,-0.0171862021693833
5650,-0.0157890669548453
5651,-0.0147807473608207
5652,-0.0132743914812488
5653,-0.0110249773428248
5654,-0.0085010031855285
5655,-0.00626262296268147
5656,-0.00459064248966399
5657,-0.0034327021007979
5658,-0.00243625575492544
5659,-0.00127011400148286
5660,-0.000155562134199525
5661,0.000258385249936964
5662,-1.41498472332625E-05
5663,0.000388903921672
5664,0.00301227593426603
5665,0.00754402745414367
5666,0.0115606462396831
5667,0.0128048327583607
5668,0.0114376968349393
5669,0.00959039325041299
5670,0.00889155383707564
5671,0.00897125543386069
5672,0.00837678177210816
5673,0.00637143035457229
5674,0.0035286714318444
5675,0.000916271457367972
5676,-0.000903101681218066
5677,-0.00215955299151775
5678,-0.00343467260596787
5679,-0.00492432631199916
5680,-0.00608684641201918
5681,-0.00628203151263194
5682,-0.00596541984902531
5683,-0.00686835519036281
5684,-0.0103524519531614
5685,-0.0155359612172282
5686,-0.0196531254351644
5687,-0.0206359065781018
5688,-0.0190109068682285
5689,-0.0169316148631143
5690,-0.0157073259737902
5691,-0.0148303550713756
5692,-0.0132332979307919
5693,-0.0107564239099789
5694,-0.00811542912296924
5695,-0.0059579067075378
5696,-0.00439936607417461
5697,-0.00323027663153591
5698,-0.00217280031781217
5699,-0.00105939281308576
5700,-8.87898230948757E-05
5701,0.000270776241866427
5702,8.15265746223167E-05
5703,0.000527882223966529
5704,0.00302226914467149
5705,0.0073983325992886
5706,0.0114809512410091
5707,0.0130110583113222
5708,0.0118674080846093
5709,0.00996069370581482
5710,0.00901757848210242
5711,0.0089409726250634
5712,0.00840255482640362
5713,0.00654481086895087
5714,0.00376256011877601
5715,0.00108637484707884
5716,-0.0008187407644229
5717,-0.00208229880879749
5718,-0.00329622449141391
5719,-0.00476033338779958
5720,-0.0060162022055621
5721,-0.00637711267736983
5722,-0.0061370398116131
5723,-0.0069108891385459
5724,-0.0101423791253936
5725,-0.015182495558566
5726,-0.0194136966682146
5727,-0.0206646189046808
5728,-0.0192104365953126
5729,-0.0170673190998993
5730,-0.0156471699711611
5731,-0.0146513034725766
5732,-0.0131113403294125
5733,-0.0107925564509662
5734,-0.00827738684495246
5735,-0.00615354383040947
5736,-0.00456718395807805
5737,-0.00335768343392548
5738,-0.00226053096072943
5739,-0.0011040069802729
5740,-0.000107225652492949
5741,0.000220879719138876
5742,-5.97898614318377E-05
5743,0.000307406330721543
5744,0.00282770015614015
5745,0.00734588944634107
5746,0.0115879045032751
5747,0.0131757773376154
5748,0.0119578773280134
5749,0.0099099793639135
5750,0.00884392139727496
5751,0.00871691067160168
5752,0.00822647310852758
5753,0.00650120019571038
5754,0.00385107292707166
5755,0.00118756164489712
5756,-0.000856514273187508
5757,-0.00229657114506025
5758,-0.00357539625974164
5759,-0.00496822033569926
5760,-0.00611520906068792
5761,-0.00640356439631078
5762,-0.00610365816711058
5763,-0.00680241408266926
5764,-0.00999668875770741
5765,-0.0150946071280484
5766,-0.0194213108572429
5767,-0.020681099322021
5768,-0.0191266779953552
5769,-0.0168999550303688
5770,-0.0155350583402033
5771,-0.0147056630034937
5772,-0.0133085648836658
5773,-0.011014827812424
5774,-0.00841627130127401
5775,-0.00616367126423858
5776,-0.00446694005372726
5777,-0.00321711146667653
5778,-0.00216651727241292
5779,-0.00109318725406775
5780,-0.000133294545927466
5781,0.000230314896310966
5782,1.2729014254334E-07
5783,0.000378071598748678
5784,0.00289487993464086
5785,0.00745348758644491
5786,0.0117677674932603
5787,0.0133828608622993
5788,0.0121180397496347
5789,0.0100219214483942
5790,0.00898526744773486
5791,0.00893779248287953
5792,0.00847640588478417
5793,0.00669119263571903
5794,0.00396355691756198
5795,0.00128256159463251
5796,-0.000739290793188413
5797,-0.0021959270333273
5798,-0.0035470892718911
5799,-0.0049987788904974
5800,-0.00613745770265985
5801,-0.00638656737499203
5802,-0.00608343653022469
5803,-0.00681437532690447
5804,-0.0100185162554556
5805,-0.0150860417147318
5806,-0.019393193361257
5807,-0.0206823838144176
5808,-0.0191711007739963
5809,-0.0169524653167458
5810,-0.0155773722273117
5811,-0.0147656986327051
5812,-0.0133941353842355
5813,-0.0110628675880942
5814,-0.00836476077739316
5815,-0.00605715133321082
5816,-0.00442340881821112
5817,-0.00327949839769106
5818,-0.00225059811587978
5819,-0.00112024900289296
5820,-0.000159103420878086
5821,8.11458245130002E-05
5822,-0.000299739276056924
5823,2.01199958780408E-05
5824,0.00254990064116781
5825,0.00709263376640459
5826,0.0113669402964863
5827,0.0130317810295755
5828,0.0119418923602641
5829,0.0100137178595967
5830,0.00899897852380286
5831,0.00886385939160503
5832,0.00836193167704319
5833,0.00665541542662877
5834,0.00404863879880967
5835,0.00144100554331505
5836,-0.000543126572016659
5837,-0.00194169043901016
5838,-0.00322085767159324
5839,-0.0046416037729807
5840,-0.00580275922580672
5841,-0.00608270918978534
5842,-0.00578459140550163
5843,-0.00649965135795989
5844,-0.00967043299690175
5845,-0.014686760442588
5846,-0.0189813185174116
5847,-0.0203987465240155
5848,-0.0191603452080442
5849,-0.0171719387038168
5850,-0.0157635530351934
5851,-0.0146704498949206
5852,-0.0130440129259427
5853,-0.0107124931004669
5854,-0.00819206978524806
5855,-0.00599068604868756
5856,-0.00430725626867402
5857,-0.00310832163082622
5858,-0.00212738617830535
5859,-0.00102091822763008
5860,0.000107643404261323
5861,0.000622007787598542
5862,0.000348176108964788
5863,0.000494596538691471
5864,0.00275792181393951
5865,0.00716985765747316
5866,0.0114387596054574
5867,0.0130549650980582
5868,0.0118295254632317
5869,0.00982716675401554
5870,0.00892114228328948
5871,0.00899899572430001
5872,0.00862877093005761
5873,0.00688462586931799
5874,0.00414362016581374
5875,0.00143322644031595
5876,-0.000557282217376619
5877,-0.00189514854791828
5878,-0.00312593856854558
5879,-0.00457010968793418
5880,-0.00581430659792637
5881,-0.00616505423192128
5882,-0.00587020750106505
5883,-0.00654481747560093
5884,-0.0097070617459758
5885,-0.0147838047830129
5886,-0.0191562399243698
5887,-0.0205795037582013
5888,-0.0192500696145935
5889,-0.0171594001140529
5890,-0.0157613410614459
5891,-0.0148285607816363
5892,-0.0134247169268779
5893,-0.0112629032966674
5894,-0.00882518219902023
5895,-0.00664759809702279
5896,-0.00492799452730841
5897,-0.00361300063543879
5898,-0.00249986362340323
5899,-0.00138084958165341
5900,-0.000385800585678686
5901,1.96453460522331E-05
5902,-0.000168025345515947
5903,0.000191721021650127
5904,0.00257837744696097
5905,0.00697361004242303
5906,0.0112767125325152
5907,0.0131111561754882
5908,0.0121381173824407
5909,0.0101887022397598
5910,0.00914964754998557
5911,0.00913847248943215
5912,0.00883556417279578
5913,0.00717229805675923
5914,0.0043594117151204
5915,0.00146377109207383
5916,-0.000664915458371079
5917,-0.00202635468661684
5918,-0.00322253193748191
5919,-0.00463086997261231
5920,-0.00584479959243377
5921,-0.00617438414856277
5922,-0.00587278006456635
5923,-0.00652588235574397
5924,-0.00962442781702266
5925,-0.0146414959235456
5926,-0.01903764759728
5927,-0.0205615776417952
5928,-0.0193131798240315
5929,-0.0172267975284349
5930,-0.0157954902429714
5931,-0.0148303293447727
5932,-0.0133649935853592
5933,-0.011095824899128
5934,-0.00857195872341678
5935,-0.00639074509182225
5936,-0.00470314152661116
5937,-0.00337738004707565
5938,-0.0022334202657744
5939,-0.00113715145612007
5940,-0.000189488796760071
5941,0.000246382214260955
5942,0.000146373060449676
5943,0.000481381427710342
5944,0.00265334158327608
5945,0.0068118455656598
5946,0.0110717725969383
5947,0.0130390257374381
5948,0.0121632568396075
5949,0.0101532414387294
5950,0.00898253599133136
5951,0.00890218642872186
5952,0.00862012542364548
5953,0.00703476251592283
5954,0.00434658180642798
5955,0.00159455758925016
5956,-0.000460594598144403
5957,-0.00187813752976696
5958,-0.00319357057246868
5959,-0.00466936619421734
5960,-0.00588704085367362
5961,-0.00623641462849867
5962,-0.00598950967425946
5963,-0.00664826800425107
5964,-0.00966081089267528
5965,-0.0145997680365447
5966,-0.0190518886430178
5967,-0.0207432983413197
5968,-0.0196212720782066
5969,-0.0175285537963929
5970,-0.0160316851524615
5971,-0.0150640024421699
5972,-0.013660150415226
5973,-0.0114000844235106
5974,-0.00876865167383129
5975,-0.00645513043992377
5976,-0.00475167028577737
5977,-0.00353317121249907
5978,-0.00247793797840282
5979,-0.00134374984748524
5980,-0.000291766701108524
5981,0.000178382581399396
5982,1.19503626657321E-05
5983,0.000273789595681605
5984,0.00244245883673947
5985,0.00665247377883668
5986,0.0109886585722166
5987,0.0130667882956085
5988,0.0123142370023024
5989,0.0103445503634977
5990,0.00907874326814873
5991,0.00886647930550774
5992,0.00855470946156629
5993,0.00702580240193407
5994,0.00433609014432838
5995,0.00147964283135745
5996,-0.00065204877895487
5997,-0.00201339884926896
5998,-0.00322769931780604
5999,-0.0047044530072092
6000,-0.00600610133779536
6001,-0.00637219427192603
6002,-0.00602739873690578
6003,-0.00659655020980174
6004,-0.00962912132642349
6005,-0.0146339036881797
6006,-0.0190816595797237
6007,-0.020703011325458
6008,-0.0195425007720866
6009,-0.0174813726776235
6010,-0.0160396634257014
6011,-0.0151301506154124
6012,-0.0138259684859036
6013,-0.0116989241289614
6014,-0.00912540309509112
6015,-0.00670716005250769
6016,-0.00480104913192753
6017,-0.00343376708102137
6018,-0.0023382262044301
6019,-0.00118941446278417
6020,-8.83767059306597E-05
6021,0.000385166744529072
6022,7.04922657989239E-05
6023,8.79913203464789E-05
6024,0.00210501903480839
6025,0.00634897874117182
6026,0.0107954689218937
6027,0.0129231140704439
6028,0.0121884089110149
6029,0.0103190977077048
6030,0.00921431921260249
6031,0.00906831296889276
6032,0.00867955593107743
6033,0.0070832949221209
6034,0.0044652627738522
6035,0.00172202917071817
6036,-0.000432177274950595
6037,-0.00193178506773108
6038,-0.0032132345171636
6039,-0.00462283902875053
6040,-0.00586984332149423
6041,-0.00629773839395018
6042,-0.00601714379722778
6043,-0.00651018403596595
6044,-0.00940056110118129
6045,-0.0143882885510709
6046,-0.0189665607424463
6047,-0.0207023460831535
6048,-0.0195541059737311
6049,-0.0175027797231974
6050,-0.0161425041152225
6051,-0.015271014637354
6052,-0.0138316603708469
6053,-0.0114908562246079
6054,-0.00885160399027831
6055,-0.00656481806872915
6056,-0.00479722456229742
6057,-0.0034288620122661
6058,-0.00229381771999812
6059,-0.00123454980073627
6060,-0.00029332105746934
6061,0.000186041522697689
6062,0.000106506642930097
6063,0.000331214867167476
6064,0.00225040272013753
6065,0.00616524126813389
6066,0.0104044760117959
6067,0.012638892694666
6068,0.0121295205080139
6069,0.0103089301315692
6070,0.00907599605119407
6071,0.00887979410378469
6072,0.00863875794467454
6073,0.0072113823705433
6074,0.00459192343253374
6075,0.00175096687318317
6076,-0.000396156305765963
6077,-0.0017761137408598
6078,-0.00301456008180735
6079,-0.00454525906539868
6080,-0.00593687977123881
6081,-0.00638886347652091
6082,-0.00606513065625019
6083,-0.00657355535426098
6084,-0.00952007161683052
6085,-0.0144938193668013
6086,-0.0189966656063443
6087,-0.0207316935454095
6088,-0.0197059131465817
6089,-0.0177712631982972
6090,-0.0163924220162446
6091,-0.0154038771480348
6092,-0.0138723859017583
6093,-0.0115081832367355
6094,-0.00888258672024209
6095,-0.00665201973871341
6096,-0.0050115539244403
6097,-0.00376936987680168
6098,-0.00260360722697562
6099,-0.00132074253489702
6100,-0.000154188777920512
6101,0.000325157237136
6102,3.39805797435437E-05
6103,8.50159040101479E-05
6104,0.00205429720678377
6105,0.00614632581451207
6106,0.010447364937228
6107,0.0125450283015671
6108,0.0118589685304247
6109,0.00999437372317324
6110,0.00882227623852744
6111,0.0086445428125084
6112,0.00834722202529434
6113,0.00690578216624835
6114,0.0043701273127837
6115,0.00158459785944829
6116,-0.00066423759514453
6117,-0.00221082021026228
6118,-0.00345608820442991
6119,-0.00478166924418602
6120,-0.00596243285222527
6121,-0.00639234813948138
6122,-0.00617200203886306
6123,-0.0067041341633505
6124,-0.00953563221694164
6125,-0.0143870407915086
6126,-0.018862035132061
6127,-0.0206059997253505
6128,-0.0195362468579891
6129,-0.0175317632285101
6130,-0.0161514538909762
6131,-0.0152602709035667
6132,-0.0138792474867264
6133,-0.011658960535802
6134,-0.00910118389611503
6135,-0.00678273323549947
6136,-0.0049150873366106
6137,-0.00349709595037595
6138,-0.00241054554585989
6139,-0.0014098698844636
6140,-0.000434766840068484
6141,0.000130873834994117
6142,5.11114655729893E-05
6143,0.000163580739096631
6144,0.0020201212984992
6145,0.00606586748281618
6146,0.0105452324301647
6147,0.0129085578598502
6148,0.0123335676530353
6149,0.0103748194433846
6150,0.00905601935576243
6151,0.00881032360271889
6152,0.00850521150604307
6153,0.00703761697560084
6154,0.00444658583346566
6155,0.00163682742935239
6156,-0.000554797226987245
6157,-0.00197759297829875
6158,-0.00311179980651217
6159,-0.00443450279381882
6160,-0.00574106990594706
6161,-0.00630846440652351
6162,-0.00606120316260126
6163,-0.00636402176627688
6164,-0.00895775758159064
6165,-0.0138144871986369
6166,-0.0185632641213267
6167,-0.0205991102930588
6168,-0.0195845182205763
6169,-0.017414700819082
6170,-0.0158852691972442
6171,-0.0150239616369757
6172,-0.0137822267413832
6173,-0.0116572446153131
6174,-0.00912494140207035
6175,-0.00685034387539773
6176,-0.00507253689136851
6177,-0.00370350072581825
6178,-0.00255980402302068
6179,-0.0014588910918757
6180,-0.000453014725720233
6181,4.68635007837966E-05
6182,-0.000130597116762784
6183,-8.48132175370078E-05
6184,0.00175447886424735
6185,0.00583536434530534
6186,0.0103982823343387
6187,0.0128603376216385
6188,0.0123569714580385
6189,0.0104384044565918
6190,0.00914845482576222
6191,0.00890870666648986
6192,0.00856258408132237
6193,0.00705076601375548
6194,0.00450315383571753
6195,0.00181704883928936
6196,-0.000321070054206753
6197,-0.0018716724472879
6198,-0.00321162658368047
6199,-0.00461186416290713
6200,-0.00582974153110918
6201,-0.00631370234934495
6202,-0.00611694326933544
6203,-0.00651293223572528
6204,-0.00908324498588497
6205,-0.0138174311359317
6206,-0.0185170133782177
6207,-0.0206630295120557
6208,-0.0198113583652318
6209,-0.0177145292242947
6210,-0.0161608470215737
6211,-0.0152702996713014
6212,-0.0140399462281039
6213,-0.0119258644949483
6214,-0.00936149470763016
6215,-0.00702736032322255
6216,-0.00519782748840621
6217,-0.00378696198376935
6218,-0.00259318715343511
6219,-0.00144138483474903
6220,-0.000418568794856039
6221,5.07052113978555E-05
6222,-0.000166237054187006
6223,-0.000112506812669851
6224,0.0017913426727487
6225,0.00594058376892281
6226,0.0105195864297636
6227,0.0129467406563704
6228,0.0124033714738594
6229,0.0104733878623382
6230,0.00920443688100337
6231,0.00902038529608588
6232,0.00876425065581627
6233,0.0073335457967914
6234,0.00478629360453607
6235,0.00201451193070457
6236,-0.000192723189661206
6237,-0.00169895486845848
6238,-0.00293005901671393
6239,-0.00430871209175919
6240,-0.00565309142460826
6241,-0.00629942490926648
6242,-0.00616161297402339
6243,-0.00651724355762021
6244,-0.00906094704516506
6245,-0.0138360730855084
6246,-0.0185825170816434
6247,-0.0207163574677668
6248,-0.0198182899054226
6249,-0.0176988955836624
6250,-0.0161389341062293
6251,-0.0151991382007626
6252,-0.0138652172436198
6253,-0.0116605295989715
6254,-0.00907933707213879
6255,-0.00677931743826724
6256,-0.00497086670757238
6257,-0.00356489255515161
6258,-0.00242416680544463
6259,-0.0013895676995155
6260,-0.000444789179142561
6261,9.39002643686347E-05
6262,2.67567807345487E-05
6263,9.16778371302396E-05
6264,0.00175815623428447
6265,0.0055961865977106
6266,0.0100670422085613
6267,0.0126289452084831
6268,0.0122266431857064
6269,0.0102574220869009
6270,0.00887713634844452
6271,0.008736413373534
6272,0.00869238928127753
6273,0.0074331705272531
6274,0.00488408685458767
6275,0.00203354571388597
6276,-0.000196040590185054
6277,-0.00170352113925275
6278,-0.00302134884651285
6279,-0.00453448131799847
6280,-0.00590730302874393
6281,-0.00643270163986915
6282,-0.00615494206462453
6283,-0.00646052943813628
6284,-0.0089915031703293
6285,-0.0137040045121949
6286,-0.0183912292241556
6287,-0.020596358628514
6288,-0.0198904830369354
6289,-0.0179154379049444
6290,-0.0163394943859256
6291,-0.0153131081794821
6292,-0.0139803846491348
6293,-0.0118731387720902
6294,-0.00934764109830825
6295,-0.00698190529146435
6296,-0.00507180328265975
6297,-0.00364482949842548
6298,-0.00254468099280453
6299,-0.00150237270037339
6300,-0.000482920217584571
6301,8.45969617716185E-05
6302,-7.28211838569417E-05
6303,-0.000121113064628563
6304,0.00156187710085295
6305,0.00555365624185612
6306,0.0101793265947807
6307,0.0128115288306219
6308,0.0124502533492936
6309,0.0105475646433325
6310,0.00918035839564858
6311,0.00889698130571349
6312,0.00862270667830245
6313,0.00724357398025683
6314,0.004764920440216
6315,0.00204056346040207
6316,-0.000159059745435613
6317,-0.00170796410451241
6318,-0.0030277331183225
6319,-0.0045179120694314
6320,-0.00596741395239793
6321,-0.0066796278321896
6322,-0.00652170209222944
6323,-0.00673441941771347
6324,-0.00905329887681182
6325,-0.0136619658736974
6326,-0.0184375395615983
6327,-0.02078367059171
6328,-0.0201064618895764
6329,-0.0180486598650147
6330,-0.0164024950260583
6331,-0.0153929550478082
6332,-0.0141242326445805
6333,-0.0120566066500331
6334,-0.00952683472975036
6335,-0.00713551929146475
6336,-0.00519741369472245
6337,-0.00375026494208755
6338,-0.00265089645248274
6339,-0.00162234078601183
6340,-0.000576126641133247
6341,0.000107243153745335
6342,0.000107316653116235
6343,0.00012567317638255
6344,0.00171934197536985
6345,0.00558066077885862
6346,0.0102134215747675
6347,0.0129956786854942
6348,0.0127221176699694
6349,0.0106850093141127
6350,0.00908112827502825
6351,0.00873654264045369
6352,0.00866702043768868
6353,0.00753851176152183
6354,0.00508691610044119
6355,0.00215375835612148
6356,-0.000264230069445137
6357,-0.00184818408509487
6358,-0.00303280638286359
6359,-0.00435695739079823
6360,-0.00570960542896558
6361,-0.00639282902476699
6362,-0.00621901211043034
6363,-0.00639445715812697
6364,-0.00868330501950512
6365,-0.0133356707349027
6366,-0.0182405252356751
6367,-0.0207047691881239
6368,-0.0200269872589528
6369,-0.0178901729294347
6370,-0.0162564568242655
6371,-0.0154254297321009
6372,-0.0143446149545698
6373,-0.0122659496906098
6374,-0.00954916662201941
6375,-0.00704198646443449
6376,-0.00522091832325601
6377,-0.00399304508825542
6378,-0.00295798450610882
6379,-0.0017681801437144
6380,-0.000517745232934613
6381,0.000206897906446415
6382,7.93987110983443E-05
6383,-3.21787867712854E-05
6384,0.00156471917477093
6385,0.00553073363133573
6386,0.0102325265915122
6387,0.0129752233660353
6388,0.0126288887141151
6389,0.0106112338581613
6390,0.00912782278386936
6391,0.00887484156378091
6392,0.00876665778344763
6393,0.00754244098767817
6394,0.00510316505735289
6395,0.00232640242965201
6396,5.15478530329597E-05
6397,-0.00156497659259808
6398,-0.00292642899345575
6399,-0.00439483898933861
6400,-0.00575560267205848
6401,-0.00637942866797911
6402,-0.0061907388587688
6403,-0.00639228894597379
6404,-0.00865293591927331
6405,-0.0131924945362882
6406,-0.0180015880781022
6407,-0.0205058486941092
6408,-0.0199919347761074
6409,-0.0180061746327073
6410,-0.0163991907745083
6411,-0.0154978338478089
6412,-0.0143675877655502
6413,-0.0123285876116294
6414,-0.00968773863633329
6415,-0.00718220752097567
6416,-0.0052360105858215
6417,-0.00381544222452075
6418,-0.00263987672094802
6419,-0.00143829263761391
6420,-0.000275964853193574
6421,0.000348396208334507
6422,0.00014137712814356
6423,-8.94754261546784E-05
6424,0.00130881727121218
6425,0.00510799692531133
6426,0.0098633412419732
6427,0.0129034348794405
6428,0.0128631296584814
6429,0.010904147768598
6430,0.00925756181811475
6431,0.00888671450934514
6432,0.00886590197116537
6433,0.00778836546645186
6434,0.00532013095385119
6435,0.00234206151748389
6436,-7.22339796950298E-05
6437,-0.0016112529759336
6438,-0.00278795294651546
6439,-0.00417276036104527
6440,-0.00559612362080423
6441,-0.00629022314572064
6442,-0.0060614933179848
6443,-0.00615489026101459
6444,-0.0083632531997828
6445,-0.0129542379750368
6446,-0.0178552210530562
6447,-0.0204174790329317
6448,-0.0199235002842008
6449,-0.0179472891831388
6450,-0.0163217623918372
6451,-0.0153293721456907
6452,-0.0140654870040952
6453,-0.0119728450717491
6454,-0.00944323475497686
6455,-0.0071421697528617
6456,-0.00533680508364641
6457,-0.00393142162244319
6458,-0.00272315058535947
6459,-0.00152038087318596
6460,-0.00036422466883658
6461,0.000307678288156053
6462,0.000196938579390208
6463,5.82942770010152E-05
6464,0.00150976310603846
6465,0.0052903325893869
6466,0.00990520171803851
6467,0.0127111178965708
6468,0.0125237738305217
6469,0.0106780713287155
6470,0.00932082445748609
6471,0.00912378011649091
6472,0.00902111854684789
6473,0.00779795451324021
6474,0.00536142547661304
6475,0.00253800682529489
6476,0.000155858994952817
6477,-0.00152360724313031
6478,-0.0027981358681199
6479,-0.00410959427383777
6480,-0.00546081174786655
6481,-0.00628873935231163
6482,-0.00629493063130263
6483,-0.00642914001545454
6484,-0.00841500968941551
6485,-0.0127792981440612
6486,-0.0176833303653791
6487,-0.0203935836498828
6488,-0.0199517184437499
6489,-0.0178832640323242
6490,-0.0162046471056112
6491,-0.0153320976348584
6492,-0.0142631187685079
6493,-0.0122539006760144
6494,-0.00964901488063817
6495,-0.00721940165734798
6496,-0.00533300520038391
6497,-0.0039113807095801
6498,-0.00274428930128515
6499,-0.00163949869444553
6500,-0.000577933210140396
6501,0.000128669711846138
6502,0.000219030581660643
6503,0.00027475079516386
6504,0.00168352593909757
6505,0.00519924701375929
6506,0.00962966347952898
6507,0.012578287353548
6508,0.0127309111338158
6509,0.0110497392466183
6510,0.0095066280969322
6511,0.00898352390659411
6512,0.00872913182233866
6513,0.00759197883728395
6514,0.00529975538773256
6515,0.00252976374677336
6516,0.000124655570978051
6517,-0.00159685108069161
6518,-0.00294412007872259
6519,-0.00436870952984592
6520,-0.00579252641224549
6521,-0.00655787131793292
6522,-0.00639590921295835
6523,-0.00639226724431349
6524,-0.00835901802886955
6525,-0.0127923314096402
6526,-0.0177893549376267
6527,-0.0206028874941403
6528,-0.0202715902609324
6529,-0.0182634155970793
6530,-0.0165334895486685
6531,-0.0155403209896499
6532,-0.0144126169778923
6533,-0.0124733743222781
6534,-0.00998134159762744
6535,-0.00758058030150877
6536,-0.00564036334887176
6537,-0.00419700901905028
6538,-0.00308316910263531
6539,-0.00199747182648678
6540,-0.000826989700357307
6541,1.26562373269928E-05
6542,6.12647082669454E-05
6543,-0.000102768948292832
6544,0.00116581189379893
6545,0.00483537979851549
6546,0.00959511928840418
6547,0.0127255351373099
6548,0.012777275634344
6549,0.0109021475574719
6550,0.00930719614049745
6551,0.00886794399076287
6552,0.00866377498316084
6553,0.00748566262259714
6554,0.00517367711921085
6555,0.00249193865390866
6556,0.00022189636633002
6557,-0.00141055856922166
6558,-0.00270599786443004
6559,-0.00406374105872429
6560,-0.00543337862912168
6561,-0.00623132385039902
6562,-0.00617296471962438
6563,-0.00622988339574888
6564,-0.00814683263524595
6565,-0.0124815943668292
6566,-0.0174294620722037
6567,-0.0202618456162911
6568,-0.0199755641341109
6569,-0.0180200111465879
6570,-0.0163549149767995
6571,-0.015409680046013
6572,-0.0142698314986446
6573,-0.0122839791923134
6574,-0.00979591587255569
6575,-0.00746765142690833
6576,-0.00556377171495135
6577,-0.00402972388933335
6578,-0.00277772961782946
6579,-0.00168440499412636
6580,-0.000672256192761778
6581,2.86801060196949E-05
6582,0.000135077477087116
6583,0.000145393623743042
6584,0.00145698923859065
6585,0.00496010863149055
6586,0.00956682240571304
6587,0.0128015406125163
6588,0.0131441927249633
6589,0.0114316237508648
6590,0.00971336252994818
6591,0.00906776589860033
6592,0.00886871155213729
6593,0.00791083712797911
6594,0.00575080109970355
6595,0.00294385564080996
6596,0.000374893333681119
6597,-0.00147817363600121
6598,-0.00281143939886246
6599,-0.00411836344023119
6600,-0.00545316867216015
6601,-0.0062238454772678
6602,-0.00609957254937751
6603,-0.0060735643767442
6604,-0.0079544236082908
6605,-0.0123198694959884
6606,-0.0173356318665721
6607,-0.0202542275235694
6608,-0.0200787551688312
6609,-0.0182467990363954
6610,-0.0166752355365166
6611,-0.0157637871846612
6612,-0.0146090724466893
6613,-0.0125829954521056
6614,-0.0100369911018232
6615,-0.00764346978310127
6616,-0.00570002561756435
6617,-0.00417637449744875
6618,-0.00295794899009758
6619,-0.00186464300466852
6620,-0.000801297207041729
6621,-4.93372163699119E-05
6622,3.46918076450074E-05
6623,-8.02311901210369E-05
6624,0.00103956915669542
6625,0.00436644148054243
6626,0.00890246414497651
6627,0.0122171423363379
6628,0.0127437885667609
6629,0.0111979139133263
6630,0.00953096690308525
6631,0.00883383966883347
6632,0.0085736199777988
6633,0.00760487930518311
6634,0.00546168479438495
6635,0.00266912523721926
6636,0.00014858095439962
6637,-0.00156908505583789
6638,-0.00272698582136838
6639,-0.0039647487860511
6640,-0.00542977179556545
6641,-0.0064443927463958
6642,-0.00648241140534018
6643,-0.00642936007509819
6644,-0.00817600470112995
6645,-0.0124664099281127
6646,-0.0175301929512752
6647,-0.0205238051587258
6648,-0.0203223404519956
6649,-0.0183616098965361
6650,-0.0166851931484178
6651,-0.0157921556282495
6652,-0.0147290197272337
6653,-0.0127317866238339
6654,-0.0100993801785478
6655,-0.00759195739550695
6656,-0.00561300213206594
6657,-0.00412534717585001
6658,-0.0029256122625819
6659,-0.00179244521675487
6660,-0.000680009279693469
6661,7.58419476209918E-05
6662,0.000132866744169619
6663,1.16198304301236E-05
6664,0.00116534372651855
6665,0.00453878307126981
6666,0.00908491585057307
6667,0.0123263096656367
6668,0.0126894994837364
6669,0.010972732918804
6670,0.00927121242869942
6671,0.00874468887687128
6672,0.00875433579260099
6673,0.00795889613013338
6674,0.00579329098212514
6675,0.00284390115837466
6676,0.000148934084826786
6677,-0.00169205708736316
6678,-0.00288990874024706
6679,-0.00406401714861159
6680,-0.0053982605605231
6681,-0.00632387243473412
6682,-0.00638912731314581
6683,-0.00641739608680883
6684,-0.00817518415731273
6685,-0.0123903185643881
6686,-0.0174065652483774
6687,-0.0204635034599871
6688,-0.0203745534655315
6689,-0.0184516031723065
6690,-0.0166987754539067
6691,-0.0156824098742711
6692,-0.0145376388504763
6693,-0.0125506034753645
6694,-0.010024729469194
6695,-0.00767189026107608
6696,-0.00580195458124766
6697,-0.0043128296521171
6698,-0.0030415117040823
6699,-0.00187330832058633
6700,-0.000807572786914124
6701,-0.000116977246120843
6702,-6.9747494879107E-05
6703,-0.000160775650798868
6704,0.000994506822212942
6705,0.00433037150215195
6706,0.00887314330679765
6707,0.0122112606841875
6708,0.0127420212033106
6709,0.0111545809777669
6710,0.00944495596295898
6711,0.00875939392744353
6712,0.00854344995857207
6713,0.00758904534869871
6714,0.00543202364428309
6715,0.00265977685570006
6716,0.000202962764284067
6717,-0.00148500464172554
6718,-0.00269713992134099
6719,-0.00401284498245282
6720,-0.00549503481224688
6721,-0.00647695922228011
6722,-0.00649781494427509
6723,-0.00643153442857086
6724,-0.00808789313656404
6725,-0.0122178225678718
6726,-0.0172001494941644
6727,-0.0203080703144765
6728,-0.0203235486714142
6729,-0.0184628652681449
6730,-0.0166786096229689
6731,-0.0156043122010393
6732,-0.0144702308909525
6733,-0.0125376831315726
6734,-0.00998807090035807
6735,-0.00749798724489114
6736,-0.00551254015245224
6737,-0.00407317358013968
6738,-0.00296993462492949
6739,-0.0018941921116085
6740,-0.000741663516804697
6741,0.000106964391177138
6742,0.000203181918164304
6743,6.65884084249148E-06
6744,0.00101878943906864
6745,0.00430747351819904
6746,0.00892682190335833
6747,0.012397767985804
6748,0.0130372598283075
6749,0.0114927149020843
6750,0.00976301946902106
6751,0.00903014875171606
6752,0.00878579279214037
6753,0.00784145902833247
6754,0.00570193070658161
6755,0.00289781616524306
6756,0.000339760963278278
6757,-0.00147109354922023
6758,-0.00275491491060276
6759,-0.00406896419976257
6760,-0.00552088843818534
6761,-0.00649099356276989
6762,-0.00650707733004157
6763,-0.0064012041079046
6764,-0.0079903107637501
6765,-0.0120977239630316
6766,-0.0171596756309564
6767,-0.0204163574956262
6768,-0.0205545945269481
6769,-0.0187293915256315
6770,-0.0169154124563125
6771,-0.0158098541338004
6772,-0.0146816590964915
6773,-0.0127844486894524
6774,-0.0102682452583724
6775,-0.0077811881675532
6776,-0.00575278048359346
6777,-0.00422696118516272
6778,-0.00302048122996061
6779,-0.0018737816910447
6780,-0.000731173879142332
6781,1.93850750777052E-05
6782,-1.31065059152734E-05
6783,-0.000281300429018322
6784,0.000754918268310656
6785,0.00411136752718706
6786,0.00875483664188174
6787,0.0121813328797001
6788,0.012766503433418
6789,0.0112250945435067
6790,0.00956205259113573
6791,0.00892172174295702
6792,0.00876624048320969
6793,0.00788536677073834
6794,0.0057476920538026
6795,0.00286822468103302
6796,0.000216681360220717
6797,-0.00161178892448275
6798,-0.00282615885694533
6799,-0.00407667622673659
6800,-0.00553297126130964
6801,-0.0065026820564345
6802,-0.00641430032428308
6803,-0.00615554890837362
6804,-0.00771999490385813
6805,-0.0119850673176661
6806,-0.0172110648592231
6807,-0.0204511629940127
6808,-0.0204541379145047
6809,-0.0186058568360778
6810,-0.016952773758767
6811,-0.0159945318704472
6812,-0.0148100605503228
6813,-0.0127432404698677
6814,-0.010187302532668
6815,-0.00783936882636684
6816,-0.00591832817353403
6817,-0.0043018978895508
6818,-0.00291711347579538
6819,-0.00172786991573867
6820,-0.000712252211373156
6821,-9.25410717102161E-05
6822,-0.000150295964831372
6823,-0.000402374022768407
6824,0.000617701944132377
6825,0.00398388964065649
6826,0.00873286982576049
6827,0.0122736691143823
6828,0.0128259616130393
6829,0.0111082738010901
6830,0.00929887275916912
6831,0.00864796002530904
6832,0.00853527501783916
6833,0.00765219407055799
6834,0.00552293877342592
6835,0.00275234912917478
6836,0.000226814977104917
6837,-0.00163682509360842
6838,-0.00303887729596626
6839,-0.00439976281780676
6840,-0.00575348593921417
6841,-0.00657223167575632
6842,-0.00651109536040042
6843,-0.00639987735253921
6844,-0.00796364329476791
6845,-0.0120060816178456
6846,-0.01704521566858
6847,-0.0203702891731638
6848,-0.0206047881455955
6849,-0.0188136505269312
6850,-0.0169627511908093
6851,-0.0158056992182831
6852,-0.0146527272590403
6853,-0.012761604559092
6854,-0.0102749733072798
6855,-0.00781999061296713
6856,-0.00578819947490115
6857,-0.00421709372867652
6858,-0.00298263325869885
6859,-0.0018744698058651
6860,-0.00077300761557176
6861,5.94279540657535E-05
6862,0.000236660463660931
6863,0.000130952137745486
6864,0.00111037140695364
6865,0.00422534385280228
6866,0.00864422816698857
6867,0.0120153657883994
6868,0.0127077786064607
6869,0.011351374320028
6870,0.00987958840977164
6871,0.00936796946693681
6872,0.00921160260732736
6873,0.0082222023718571
6874,0.00601168311968353
6875,0.00321364401076923
6876,0.000736205370582015
6877,-0.000993720677459409
6878,-0.00224491080762081
6879,-0.00357894129687087
6880,-0.00511243371959426
6881,-0.00622798451623939
6882,-0.00638514271918109
6883,-0.00630640092821883
6884,-0.00779564540200745
6885,-0.0118037338375021
6886,-0.0168769356716959
6887,-0.0201945661580442
6888,-0.0203084785757873
6889,-0.0183900787049393
6890,-0.0165911349792359
6891,-0.0156969857515663
6892,-0.0148272412126361
6893,-0.0130314718973101
6894,-0.0104583755540496
6895,-0.00792453911820757
6896,-0.00594942809903726
6897,-0.00449774591305563
6898,-0.00329633107494114
6899,-0.00210157473122729
6900,-0.000890537953454839
6901,-2.0929517702995E-05
6902,0.000103340106633159
6903,-0.000115452595205538
6904,0.00074564545817197
6905,0.00382963842157196
6906,0.00837958068595954
6907,0.0119799806495861
6908,0.012795331987685
6909,0.0113082848133318
6910,0.00954616941180874
6911,0.00883944824235629
6912,0.00873134820452261
6913,0.00793672941977844
6914,0.00585597421076824
6915,0.00301122683025193
6916,0.000366236794819069
6917,-0.00151791144318775
6918,-0.00280666842679854
6919,-0.00404001450383744
6920,-0.00539340631098328
6921,-0.00634169416760984
6922,-0.00639654215096095
6923,-0.0062598631715471
6924,-0.00769483351521707
6925,-0.0116651873333069
6926,-0.0167777572742261
6927,-0.0202400885587166
6928,-0.0205475372753266
6929,-0.0187638427442494
6930,-0.0169610071683645
6931,-0.015930504075432
6932,-0.0148861212260264
6933,-0.0129942379715828
6934,-0.0104446504763351
6935,-0.00798145540307957
6936,-0.00602274842948927
6937,-0.00451923314959754
6938,-0.00326665734112385
6939,-0.00205919734812071
6940,-0.000832872533590179
6941,8.30478313738518E-05
6942,0.000229306112623875
6943,-4.37553586363876E-05
6944,0.000755234131074728
6945,0.00389329804146585
6946,0.00860757943841722
6947,0.0123202247100248
6948,0.0130820354716014
6949,0.0114694985346712
6950,0.00969147483228711
6951,0.00910874512606719
6952,0.00911388438687496
6953,0.00829875718555404
6954,0.00612093487193184
6955,0.00324095759069834
6956,0.000652532363033884
6957,-0.00118295646866409
6958,-0.00250834007015842
6959,-0.00382087394106186
6960,-0.00521065865363148
6961,-0.00614746302666623
6962,-0.00620836342358216
6963,-0.0061161228541317
6964,-0.00757156391101201
6965,-0.0114974805454842
6966,-0.0165745521891405
6967,-0.0201186386635107
6968,-0.020599850022881
6969,-0.0189118936464819
6970,-0.017014984138602
6971,-0.0158086896526662
6972,-0.0147164841102772
6973,-0.0129492695505286
6974,-0.0105142019258424
6975,-0.00798269729534803
6976,-0.00583405872865439
6977,-0.00423474338793415
6978,-0.00308838239246862
6979,-0.00208678188908884
6980,-0.00100618106853881
6981,-0.000129389625924889
6982,2.63320740420186E-05
6983,-0.000245734063929854
6984,0.000526292830355439
6985,0.00360418293836074
6986,0.00825016363903332
6987,0.0119635790584693
6988,0.0128489296263481
6989,0.0114029608515617
6990,0.00966714884883397
6991,0.00895167753345071
6992,0.008812855763278
6993,0.00803576334827661
6994,0.00604981033223148
6995,0.00329696962882746
6996,0.000651036359528265
6997,-0.00129448564168243
6998,-0.00260053314175711
6999,-0.00379898542721545
7000,-0.00517402920446448
7001,-0.00624794527890831
7002,-0.00641014136417867
7003,-0.00621539892677695
7004,-0.00746165338477291
7005,-0.0113063203222426
7006,-0.0164853627381623
7007,-0.0201406193151797
7008,-0.0206111590952312
7009,-0.0188835619358956
7010,-0.0170672442311696
7011,-0.0160215551766223
7012,-0.0149889801464534
7013,-0.0131203452016081
7014,-0.0105703255440907
7015,-0.00806354516292785
7016,-0.00604777093925092
7017,-0.00453811125463619
7018,-0.00335346771313878
7019,-0.0022217415800617
7020,-0.00099232651749109
7021,-6.33582271568429E-06
7022,0.000161673016616504
7023,-0.000221625506999377
7024,0.00039442157350784
7025,0.00342859612862511
7026,0.00821537378498041
7027,0.012136099892868
7028,0.0131000641772731
7029,0.0115445400332375
7030,0.00964298679760719
7031,0.00887106831692517
7032,0.00881659542640703
7033,0.00816950305248594
7034,0.00626673966268121
7035,0.00353314985184657
7036,0.000862345176657721
7037,-0.00114479095020334
7038,-0.00253637040896721
7039,-0.00380079450138981
7040,-0.00518666808777244
7041,-0.00624155342273979
7042,-0.00640602124447921
7043,-0.00622266246751251
7044,-0.00741797037672029
7045,-0.0111416573565087
7046,-0.0162457243342071
7047,-0.0199764993772175
7048,-0.0205984629157338
7049,-0.018906996318025
7050,-0.0169519812927106
7051,-0.0157593706568447
7052,-0.0147516032840801
7053,-0.0130371650675233
7054,-0.0105757715227409
7055,-0.00800923201856126
7056,-0.00589408858784037
7057,-0.00435711565250492
7058,-0.00318782426876317
7059,-0.00204820529367899
7060,-0.000826610705695659
7061,6.92423097846389E-05
7062,0.000130838963676004
7063,-0.000233731200918629
7064,0.000515760696223127
7065,0.00359853506228064
7066,0.00821873024639886
7067,0.0119002771918052
7068,0.0128147062800683
7069,0.0114642720313041
7070,0.00982510473118221
7071,0.00916065922455047
7072,0.00904950087911533
7073,0.0083159927392153
7074,0.00638302506570616
7075,0.00365331825351331
7076,0.000984588810516709
7077,-0.00100820033416991
7078,-0.00235966919124909
7079,-0.00359972154902463
7080,-0.00503018594971012
7081,-0.0061813762358863
7082,-0.00641336148802642
7083,-0.00622481514038122
7084,-0.00739441218038715
7085,-0.0111503728301158
7086,-0.0163380353096515
7087,-0.0201169485682169
7088,-0.0207106485948047
7089,-0.0189859761918571
7090,-0.0170703670286804
7091,-0.0159387195269028
7092,-0.0148915999719788
7093,-0.0130416258147629
7094,-0.0105196361562271
7095,-0.00808842575210491
7096,-0.00619026279334078
7097,-0.00473216170006907
7098,-0.00345558309527639
7099,-0.00217367456917145
7100,-0.000878421959755838
7101,9.41784800279566E-05
7102,0.000297276161789901
7103,1.33986150657395E-05
7104,0.00062896083308117
7105,0.00345606390464134
7106,0.00797863695237514
7107,0.0118293925000821
7108,0.0129687750594527
7109,0.0116472058850564
7110,0.00985538996750784
7111,0.00906379685323903
7112,0.00895971109725882
7113,0.00829514822523558
7114,0.00640330117963953
7115,0.00367900985395291
7116,0.000984216070363684
7117,-0.00107988239561814
7118,-0.0024929513285685
7119,-0.00366900679251436
7120,-0.00490757942778395
7121,-0.00591893878314891
7122,-0.00620601708274317
7123,-0.00615278800948653
7124,-0.00730001772405495
7125,-0.0108476455154784
7126,-0.0158736129308657
7127,-0.0197187999432906
7128,-0.0205098093944725
7129,-0.0189057388105587
7130,-0.0170018916680724
7131,-0.0159073495493812
7132,-0.0149744064523269
7133,-0.0131947954763504
7134,-0.010596180536637
7135,-0.00802054228499181
7136,-0.0060674737913787
7137,-0.00467072489315767
7138,-0.00345449079758079
7139,-0.00215301229140389
7140,-0.000823967602180087
7141,9.57994618757491E-05
7142,0.000180244403102524
7143,-0.000162565970204405
7144,0.000523942351881658
7145,0.00348402595601754
7146,0.00809047360201248
7147,0.0119481907700262
7148,0.0130643004656976
7149,0.0117087060438624
7150,0.00984065287878737
7151,0.00892995151674185
7152,0.00873329412602475
7153,0.0080624638318158
7154,0.00622866686405454
7155,0.00357429382488866
7156,0.000958039828615417
7157,-0.00101023075754633
7158,-0.00237326221556403
7159,-0.00362698688272652
7160,-0.00502053952366184
7161,-0.00608027956340453
7162,-0.00620849358519176
7163,-0.00592668046544299
7164,-0.0070087263363529
7165,-0.0107154051059301
7166,-0.0159668796073832
7167,-0.019932420908091
7168,-0.0207142079478347
7169,-0.019041311026698
7170,-0.0170599271748845
7171,-0.0159053718497149
7172,-0.0149665037288863
7173,-0.0132357394916273
7174,-0.0106581245529047
7175,-0.00799474141007214
7176,-0.00589771560781915
7177,-0.00445471670251913
7178,-0.00335791601420287
7179,-0.00223054138071976
7180,-0.000975773592147008
7181,-1.15375581187181E-05
7182,0.000129514290319335
7183,-0.000216661009578908
7184,0.000449177622349009
7185,0.00344185317735063
7186,0.00812436427031476
7187,0.0120292316766853
7188,0.0131306509800976
7189,0.0117505853538601
7190,0.00992499354904659
7191,0.00913978608727764
7192,0.00908964266704328
7193,0.00850477869965406
7194,0.00666306301145051
7195,0.00393661736698588
7196,0.00123817956620703
7197,-0.000787712184616254
7198,-0.00218194256913938
7199,-0.00346626494075935
7200,-0.00493387086805196
7201,-0.00614317385382991
7202,-0.00646091350159152
7203,-0.00629193061284179
7204,-0.00730405491851819
7205,-0.0107886886585275
7206,-0.0158308987045053
7207,-0.0197378027798949
7208,-0.0205871333716598
7209,-0.0189811558110041
7210,-0.017002640908318
7211,-0.0158376720237043
7212,-0.01493485537749
7213,-0.0132760360999153
7214,-0.0107729863755555
7215,-0.00819097359009635
7216,-0.00618242718563896
7217,-0.0047765457132875
7218,-0.00360212533842361
7219,-0.00230883142454235
7220,-0.000897020888492508
7221,0.000147293962874897
7222,0.000272483187264636
7223,-0.000214789084329707
7224,0.000168846426294838
7225,0.00284869943337385
7226,0.00740837202084854
7227,0.0114884306575241
7228,0.0129018361708942
7229,0.0117034369295483
7230,0.00985856421546002
7231,0.00902121274281088
7232,0.00903102915032645
7233,0.00854892527862904
7234,0.00669859008115054
7235,0.00384800940718466
7236,0.00106186474865691
7237,-0.000912586858989943
7238,-0.00218368369672116
7239,-0.00340743520511405
7240,-0.0049151752685267
7241,-0.00618485139227767
7242,-0.0064970289360122
7243,-0.00626480707230933
7244,-0.00724540732044463
7245,-0.0107967947061174
7246,-0.0159611274564908
7247,-0.019924294942871
7248,-0.020699921400824
7249,-0.0189724387898134
7250,-0.0169717898631229
7251,-0.0159240984898541
7252,-0.0151625782345912
7253,-0.0135349029941563
7254,-0.0109414435483783
7255,-0.00823191196645237
7256,-0.00611337815354522
7257,-0.00460625862259988
7258,-0.00334948992335033
7259,-0.002058545022863
7260,-0.000767297337485757
7261,0.000120944656451855
7262,0.000191631514620102
7263,-0.000205714815138516
7264,0.00030846066157488
7265,0.00301821296966737
7266,0.00747251055480339
7267,0.0114079934279249
7268,0.0127554043863645
7269,0.0115864864888513
7270,0.00976977168194431
7271,0.00885814608517064
7272,0.00871058498447016
7273,0.00812820010378021
7274,0.00634815118229608
7275,0.00368222027698509
7276,0.0010110641743791
7277,-0.00102318223884068
7278,-0.00242492158334973
7279,-0.00366010931042459
7280,-0.00502335073651639
7281,-0.00615387820359425
7282,-0.00646916366614196
7283,-0.00629793655081127
7284,-0.00720438185406284
7285,-0.0105360467055639
7286,-0.0155738538179354
7287,-0.019703835313056
7288,-0.0208170713967171
7289,-0.0192621660318881
7290,-0.0171101178391701
7291,-0.0157877510612803
7292,-0.0149358085956768
7293,-0.0134611592300873
7294,-0.0110561628439446
7295,-0.00839017011924429
7296,-0.0062123368832282
7297,-0.00468315282857967
7298,-0.00346774060415757
7299,-0.00219450689666447
7300,-0.000855040502694171
7301,9.61917917273746E-05
7302,0.000209447017767348
7303,-0.000129121743388524
7304,0.000471435434866423
7305,0.00321203985276193
7306,0.00757334637859096
7307,0.0113721476388882
7308,0.0126943117603679
7309,0.01163974593225
7310,0.00994172837400321
7311,0.00904990534512597
7312,0.0088923008203219
7313,0.0083869608450416
7314,0.00673579279073356
7315,0.00409540272640824
7316,0.00129636458520519
7317,-0.000882029918216363
7318,-0.00230771169590212
7319,-0.00349670204595278
7320,-0.00489225548219464
7321,-0.00615124857932596
7322,-0.00654444787588604
7323,-0.00630108806180795
7324,-0.00707892726022553
7325,-0.0103799195120429
7326,-0.0154843680240316
7327,-0.0196405104383926
7328,-0.0206883643808203
7329,-0.0191047560636533
7330,-0.0170794540891297
7331,-0.0159480364924295
7332,-0.0151431443982205
7333,-0.0135171683248602
7334,-0.0109323379799261
7335,-0.0082311601537809
7336,-0.00614750693913573
7337,-0.00472564877977123
7338,-0.00359740032383544
7339,-0.00242353116548588
7340,-0.00114675930118865
7341,-0.000117568540939252
7342,0.000173582333853498
7343,-9.98369185718955E-05
7344,0.000340471610712423
7345,0.00288760268839579
7346,0.0073155182917395
7347,0.011455982828812
7348,0.0130900506227123
7349,0.0120497227088862
7350,0.0101208317354341
7351,0.00900066012481341
7352,0.00875608964547566
7353,0.00825041965003296
7354,0.00659361580851195
7355,0.00393146791414302
7356,0.00112180941279148
7357,-0.00105518174699165
7358,-0.00247285239692959
7359,-0.00363034426612316
7360,-0.00496879980079213
7361,-0.00618908184979364
7362,-0.00660343272439566
7363,-0.00641414084489548
7364,-0.007203267208227
7365,-0.0104361071353816
7366,-0.0154444171625664
7367,-0.0195705452267655
7368,-0.0206976839743917
7369,-0.0192397895603675
7370,-0.0172598603797033
7371,-0.0160241884588406
7372,-0.0150425430618297
7373,-0.0133327511195943
7374,-0.0108397204363373
7375,-0.00831273642802485
7376,-0.00632123172011063
7377,-0.00485091834301989
7378,-0.00361448550691453
7379,-0.00236544887759859
7380,-0.00105430715360086
7381,-3.01895339560511E-06
7382,0.000282073871703438
7383,-5.6082504063582E-05
7384,0.00030016984677072
7385,0.00283479454919135
7386,0.00734536792608022
7387,0.0115749383154921
7388,0.0132153915555015
7389,0.0121312802038309
7390,0.0102170270184356
7391,0.00919675320672441
7392,0.00903130244599537
7393,0.00848036617851361
7394,0.00669517197267195
7395,0.0039650491827058
7396,0.00122422851333401
7397,-0.00081368749866626
7398,-0.00213781067672799
7399,-0.00329843719886856
7400,-0.00472058471911805
7401,-0.00606691903632497
7402,-0.00658023178626536
7403,-0.00636108595660748
7404,-0.00696658533866916
7405,-0.0100204503586483
7406,-0.0150788292138287
7407,-0.0194921765305662
7408,-0.0208609369998522
7409,-0.019337221162904
7410,-0.0170845020801453
7411,-0.0157326700333222
7412,-0.0149671029926674
7413,-0.0135678078956018
7414,-0.0111240405979377
7415,-0.00833505374610384
7416,-0.00604516559130433
7417,-0.00448568662056091
7418,-0.00334564073478356
7419,-0.00220903252936208
7420,-0.000945317633618205
7421,8.22714737464856E-05
7422,0.000325738830655686
7423,-5.93946751958786E-05
7424,0.0002584473371094
7425,0.00275360980710638
7426,0.00722999877387047
7427,0.0114580390003776
7428,0.0131212351018954
7429,0.0120256401307031
7430,0.0100344898102529
7431,0.00893267902539707
7432,0.00878173974204032
7433,0.00837142611617972
7434,0.00677565017817897
7435,0.0041705806470992
7436,0.00143415986229557
7437,-0.00068708426660191
7438,-0.00209562862840795
7439,-0.00327035110416373
7440,-0.00463720568572026
7441,-0.00593083942471194
7442,-0.00646705601659305
7443,-0.00634029374917675
7444,-0.00701790259199987
7445,-0.0100389523393234
7446,-0.0149788528817358
7447,-0.0193112575755427
7448,-0.0207462466207031
7449,-0.0194065631187093
7450,-0.0172993342911429
7451,-0.0159382818052662
7452,-0.0150767547769315
7453,-0.0136743342526411
7454,-0.0113802503779997
7455,-0.00873598288132382
7456,-0.00639865108376388
7457,-0.00463200745789447
7458,-0.00334928756678113
7459,-0.00226686641219168
7460,-0.00112891188971487
7461,-8.69095576323062E-05
7462,0.000337025310882385
7463,0.000117745534977245
7464,0.000429953503062499
7465,0.00278325967836365
7466,0.00713517966815762
7467,0.0113514439470823
7468,0.013082614476632
7469,0.0120415588105963
7470,0.0100398464488606
7471,0.00889767244222598
7472,0.00876097194466341
7473,0.00845546942702826
7474,0.00698501924422252
7475,0.00441853398398972
7476,0.00162057337164607
7477,-0.000567861513764161
7478,-0.00198272127652496
7479,-0.00315293151205504
7480,-0.00457141598324568
7481,-0.00592078683735449
7482,-0.00640201440479476
7483,-0.00611296456560604
7484,-0.00666711068609687
7485,-0.00970464277362143
7486,-0.0147343298571728
7487,-0.0191224966688232
7488,-0.0206059866478649
7489,-0.0194105012425946
7490,-0.0175141258183903
7491,-0.0162412111758776
7492,-0.0152248376284034
7493,-0.0135541633752799
7494,-0.011134924393146
7495,-0.00861606647967011
7496,-0.00652367797141141
7497,-0.00492347370660209
7498,-0.00365736507517223
7499,-0.00250679603477807
7500,-0.00130184767333812
7501,-0.000231075037577815
7502,0.000178469042895024
7503,-8.9853744779657E-05
7504,0.000173142231483084
7505,0.0025295720873941
7506,0.00695939219749381
7507,0.0112980862374947
7508,0.0131557261051352
7509,0.0122345781194095
7510,0.0103358479073181
7511,0.00922761568672313
7512,0.00900543485173107
7513,0.00853690719387623
7514,0.00694534681417955
7515,0.00435935962423811
7516,0.00156597354494841
7517,-0.000693169922349243
7518,-0.00221660782619355
7519,-0.00339655914199513
7520,-0.004687507647423
7521,-0.00590174891764518
7522,-0.00636401119436447
7523,-0.00612492311790071
7524,-0.00667790815266703
7525,-0.00968394633795988
7526,-0.0147924441967572
7527,-0.0193714422106426
7528,-0.0209235748253621
7529,-0.0194848170801566
7530,-0.0171963700403424
7531,-0.0157720006715008
7532,-0.0150052123435601
7533,-0.0137193593016162
7534,-0.0114527885156311
7535,-0.00880166172750518
7536,-0.0065338461276488
7537,-0.00489060391193586
7538,-0.00365104537398228
7539,-0.00249237000111992
7540,-0.00129264145458779
7541,-0.000328487471597288
7542,-5.99002043684944E-05
7543,-0.000352397415835862
7544,5.09707326247721E-06
7545,0.00241385024411951
7546,0.00677225017090457
7547,0.0110345485881339
7548,0.0129422577600224
7549,0.0121455660615583
7550,0.0103043390855127
7551,0.0091745925474892
7552,0.00896349640064682
7553,0.00857254002172131
7554,0.00702421196171791
7555,0.00438751500821898
7556,0.00154857465102589
7557,-0.000630522945760686
7558,-0.00198669063661538
7559,-0.00306369290066967
7560,-0.00438966292663547
7561,-0.00571232753543698
7562,-0.00626852367184628
7563,-0.00608294808980885
7564,-0.00664304599170479
7565,-0.0095865006558383
7566,-0.014585699243609
7567,-0.0191252438348362
7568,-0.0208174659514973
7569,-0.0196494912583295
7570,-0.0175628751643291
7571,-0.0161141407138784
7572,-0.0151452420067002
7573,-0.0136737716133883
7574,-0.0113652703774852
7575,-0.00876128053266748
7576,-0.00650233084700885
7577,-0.00481040775417097
7578,-0.00356357611596866
7579,-0.00248545845895095
7580,-0.0013431737897531
7581,-0.000276929218092823
7582,0.000211278442430696
7583,4.85703188149033E-05
7584,0.000307646558045428
7585,0.0024761730272057
7586,0.00665183851946622
7587,0.0108899115809575
7588,0.012882998334255
7589,0.0121855294779724
7590,0.0103930007992444
7591,0.00922687882274204
7592,0.00890710717249877
7593,0.00843017555817729
7594,0.00693076792322775
7595,0.00446116007741522
7596,0.00173953203406021
7597,-0.000510846080991732
7598,-0.00207250875928112
7599,-0.00331425448113088
7600,-0.00466864502859689
7601,-0.00592530429182679
7602,-0.00638335252123184
7603,-0.0060750573100132
7604,-0.00650470607593792
7605,-0.00938367933684209
7606,-0.0144270809309956
7607,-0.0190454450795791
7608,-0.0207425025116431
7609,-0.0195162526745918
7610,-0.017431245786281
7611,-0.0161012227920476
7612,-0.0152616048171614
7613,-0.0137903515630353
7614,-0.0113679413851339
7615,-0.00869314870267329
7616,-0.00650440998552413
7617,-0.00493188174132323
7618,-0.00367916032465387
7619,-0.00241977962328174
7620,-0.00105559154325781
7621,9.26851138380318E-05
7622,0.000459389680367315
7623,5.15646935330375E-05
7624,8.02842950995733E-05
7625,0.00214538763397856
7626,0.00638205674778269
7627,0.0107794374800058
7628,0.0128864286007322
7629,0.0121601403590319
7630,0.0102617929481989
7631,0.00908058539890948
7632,0.00889221555055466
7633,0.00854401732654028
7634,0.00700112493272732
7635,0.00436222415563878
7636,0.00156001141637658
7637,-0.000583195405276989
7638,-0.00199388105655417
7639,-0.00322592441228196
7640,-0.00470525225015153
7641,-0.00608010222603777
7642,-0.00659158198206483
7643,-0.00632969489223801
7644,-0.00680609167870496
7645,-0.00964151396893851
7646,-0.0145369439561561
7647,-0.0190616410282293
7648,-0.0208578298262827
7649,-0.019821770740472
7650,-0.0177858035105608
7651,-0.0163213858459601
7652,-0.0153812526815418
7653,-0.0140196050884885
7654,-0.0117963680227085
7655,-0.00914596482237683
7656,-0.00675136802890142
7657,-0.0049702652651301
7658,-0.0037242351368221
7659,-0.00263443991376023
7660,-0.00137034665926913
7661,-0.000126679109963585
7662,0.000437618250292214
7663,0.000167757882542758
7664,0.000219602438549125
7665,0.00224099589721228
7666,0.00641289423172802
7667,0.0107375026847015
7668,0.0127960761093243
7669,0.0120975732755013
7670,0.010295631842616
7671,0.00918632942582239
7672,0.00897381395218666
7673,0.00855707708900535
7674,0.00701107079898067
7675,0.00444483825541153
7676,0.00168587668659835
7677,-0.000500532738875104
7678,-0.00194845819062076
7679,-0.00310105610261153
7680,-0.00443563677281012
7681,-0.00576397732080972
7682,-0.00637734544887367
7683,-0.00623049539957123
7684,-0.00670312622049304
7685,-0.00945612863629357
7686,-0.0143114516746933
7687,-0.0188544773764166
7688,-0.0206543042569821
7689,-0.0196134326235248
7690,-0.0176659317552517
7691,-0.016392308574409
7692,-0.0155793280838169
7693,-0.014141005821655
7694,-0.01173740619295
7695,-0.00903723494871165
7696,-0.00678483605121188
7697,-0.00514445997567255
7698,-0.00385372836444483
7699,-0.00260533070956264
7700,-0.00129052968635144
7701,-0.00017590714177467
7702,0.000242385591119115
7703,-2.06839497617778E-05
7704,0.000151708553585879
7705,0.00223892844688987
7706,0.00636564665592462
7707,0.0106551816684319
7708,0.0127955840466059
7709,0.0122183015885194
7710,0.0104084770818779
7711,0.00913892825410119
7712,0.00878971495068967
7713,0.00842312841890141
7714,0.00705894630105946
7715,0.00460039736932572
7716,0.00176783390421085
7717,-0.000571492513133134
7718,-0.00209258390370328
7719,-0.00322031067492239
7720,-0.00454436871905978
7721,-0.00594018577527378
7722,-0.00661606266077484
7723,-0.00640758888019969
7724,-0.00670983586537102
7725,-0.00934426010248735
7726,-0.0142663069276807
7727,-0.0190092236942706
7728,-0.02094684020049
7729,-0.0198480429255656
7730,-0.0177138246525194
7731,-0.0163084451186731
7732,-0.0155157974742515
7733,-0.014177032910948
7734,-0.0118238805891716
7735,-0.00908884165264776
7736,-0.00677798615226899
7737,-0.00511506453078508
7738,-0.00383961092866954
7739,-0.00261713387286415
7740,-0.00131473842700514
7741,-0.000182716709817106
7742,0.000271921157450102
7743,1.15067624928301E-05
7744,0.000116750020705468
7745,0.00212846768289221
7746,0.00628764015509134
7747,0.0107293690905485
7748,0.0129975148102919
7749,0.0123940458044545
7750,0.0104604922879754
7751,0.00912889712941833
7752,0.00882065244459117
7753,0.00849081032358897
7754,0.00709537894528207
7755,0.00461965839967569
7756,0.00186957979910413
7757,-0.000343937508801283
7758,-0.00180699303141505
7759,-0.00294473598988361
7760,-0.00426443843673907
7761,-0.00563252204696243
7762,-0.00632883765109272
7763,-0.00618846186659226
7764,-0.00649737810043509
7765,-0.00902628932259569
7766,-0.0138455261716568
7767,-0.0186288021672132
7768,-0.0207255652345735
7769,-0.0197495188063463
7770,-0.0176111601292997
7771,-0.0161324157523964
7772,-0.0153024218623596
7773,-0.0140051564943484
7774,-0.0117494898620369
7775,-0.00912075251778853
7776,-0.00687694085610945
7777,-0.00522333087374675
7778,-0.00393750650059795
7779,-0.0027346772104961
7780,-0.0014602378688293
7781,-0.00028667329711831
7782,0.000290435965398368
7783,0.000131317365751138
7784,0.00022447628357355
7785,0.00215207201205825
7786,0.00626680334443722
7787,0.0107348368435455
7788,0.0130388761248016
7789,0.0124520334260721
7790,0.0105614662441876
7791,0.0093164830206493
7792,0.00906709456925559
7793,0.00870747472277021
7794,0.00724331278911153
7795,0.0047508572387115
7796,0.00202790649707379
7797,-0.000213929027149285
7798,-0.00180233205688491
7799,-0.00307464593110976
7800,-0.0044267097407635
7801,-0.0057220020400347
7802,-0.00633321907794212
7803,-0.00616536361848509
7804,-0.00648256686443626
7805,-0.00898702543210059
7806,-0.0137194636086932
7807,-0.0183986768976425
7808,-0.0204557811246147
7809,-0.0195458540411643
7810,-0.0175297629343414
7811,-0.0161231412701403
7812,-0.0152545252285602
7813,-0.0138591934147805
7814,-0.0115518863537258
7815,-0.00895133073438437
7816,-0.0067350048156313
7817,-0.00501913850801034
7818,-0.00361009157247409
7819,-0.00234647722183362
7820,-0.00113766761187338
7821,-7.80063411012839E-05
7822,0.000442396744949816
7823,0.000251395102831568
7824,0.000200405339723519
7825,0.00185508570313735
7826,0.00578147796390044
7827,0.0103748691754282
7828,0.0130584684887643
7829,0.0127767160491421
7830,0.010885485527179
7831,0.00945973091573071
7832,0.00914515051652264
7833,0.00891885545777545
7834,0.00758398883811816
7835,0.00503178537296154
7836,0.00213197537935339
7837,-0.000204793835056766
7838,-0.0017478193220387
7839,-0.00294463358796711
7840,-0.00427662205033253
7841,-0.00557296780328856
7842,-0.00616073086807629
7843,-0.00598073291811267
7844,-0.00634417189149738
7845,-0.00891975917156349
7846,-0.0136812539435866
7847,-0.018345795330221
7848,-0.0203965388278288
7849,-0.0195108781284562
7850,-0.0175331090254899
7851,-0.0161766663424391
7852,-0.0153714398289124
7853,-0.0139989968096635
7854,-0.0116028612441016
7855,-0.00883381396065546
7856,-0.00650677647347301
7857,-0.00481153347190811
7858,-0.00346358710567274
7859,-0.00218960637427992
7860,-0.000946173371192045
7861,4.72565007499098E-05
7862,0.00043859285148809
7863,0.000261268667901
7864,0.000434098608348501
7865,0.0022695344297649
7866,0.0060307656725167
7867,0.0101746926225737
7868,0.0125341898977337
7869,0.0123387049429018
7870,0.0107726472423546
7871,0.00951543794515354
7872,0.00907229405601197
7873,0.0086507144282705
7874,0.00731331821412616
7875,0.0049305110881633
7876,0.00216433550431571
7877,-0.000172632537585588
7878,-0.00175961227795041
7879,-0.00295259430822286
7880,-0.00427626790710395
7881,-0.00563586349753287
7882,-0.00631323348147659
7883,-0.00612458056716169
7884,-0.00635918765918831
7885,-0.00882764114967117
7886,-0.0136549701012917
7887,-0.0185419826940481
7888,-0.0208015598063015
7889,-0.0199622071549764
7890,-0.0178724616783604
7891,-0.0163726287757917
7892,-0.0155171954437878
7893,-0.0142232803887078
7894,-0.0119806425016514
7895,-0.00935278403918486
7896,-0.00709838855858385
7897,-0.00541387721366428
7898,-0.00405691508409733
7899,-0.00276822541514127
7900,-0.00147488105465878
7901,-0.000389251364060836
7902,6.58142792587245E-05
7903,-0.000156857372410168
7904,-9.83832948778623E-05
7905,0.00171334061610323
7906,0.0056371700357034
7907,0.0100149894872762
7908,0.0124614510156874
7909,0.0121410950562254
7910,0.0104104356606692
7911,0.00915818732301191
7912,0.00890741436260924
7913,0.00870463235639723
7914,0.00746979805678117
7915,0.00506787681113181
7916,0.00223455288400028
7917,-0.000161943610457997
7918,-0.00177832304441178
7919,-0.00296117122905128
7920,-0.00425442816722974
7921,-0.0056161777425586
7922,-0.00635262132556295
7923,-0.00621780989897713
7924,-0.00640635495447364
7925,-0.0087237960059535
7926,-0.0134099283779009
7927,-0.0182835224580991
7928,-0.020652229551671
7929,-0.019931329024538
7930,-0.0178804361074623
7931,-0.0163606151810435
7932,-0.0155011652393718
7933,-0.0142309922881909
7934,-0.0119629898803153
7935,-0.0092011835450374
7936,-0.00676934985661835
7937,-0.00501321179931473
7938,-0.00376008411492726
7939,-0.00264753931608048
7940,-0.00143226575891095
7941,-0.000279605472041845
7942,0.000269037509852715
7943,4.13148957106524E-05
7944,2.38502191519258E-05
7945,0.00183022035381288
7946,0.00589532237725087
7947,0.0104796348945025
7948,0.0130520102256535
7949,0.0127102136380991
7950,0.0108513184320795
7951,0.00943780155967397
7952,0.00904611160337361
7953,0.00876402600812504
7954,0.00753604826975337
7955,0.00519507388299399
7956,0.00239181250068237
7957,-5.36586206828802E-05
7958,-0.00174161028883855
7959,-0.00292696992018605
7960,-0.0041563019181195
7961,-0.0054852251711342
7962,-0.00626234003855174
7963,-0.00614517345551406
7964,-0.00622126596878224
7965,-0.00835254720957447
7966,-0.0129552543611544
7967,-0.0179180220583984
7968,-0.0204145674871444
7969,-0.0197003215927871
7970,-0.0175587668576473
7971,-0.0160118371035332
7972,-0.0152623642447543
7973,-0.0141435327037524
7974,-0.0119573511047763
7975,-0.00922837382544615
7976,-0.00686629644666331
7977,-0.00521414902725112
7978,-0.00400337675361152
7979,-0.0028216271732086
7980,-0.0014920633370841
7981,-0.000269799056029617
7982,0.000299345210167833
7983,9.84211181109243E-05
7984,0.000125603387741986
7985,0.00193893804921815
7986,0.0059339619038276
7987,0.0104141726691525
7988,0.0129328715437441
7989,0.0126223546098078
7990,0.0108343593653528
7991,0.0094597724568764
7992,0.00904313981390467
7993,0.00869550433683602
7994,0.00741296006694308
7995,0.00507277149489901
7996,0.00233579399981988
7997,-1.3873792499461E-05
7998,-0.00163437129728912
7999,-0.00280880000871635
8000,-0.0040605967905357
8001,-0.00541617866285622
8002,-0.00624287502924527
8003,-0.00623461610612405
8004,-0.00644605911731031
8005,-0.00863527752110767
8006,-0.0131729131776943
8007,-0.0180546331046535
8008,-0.0206047495950643
8009,-0.0200674145468517
8010,-0.0180328852549732
8011,-0.0163776501304538
8012,-0.0154010248797637
8013,-0.0141687882149278
8014,-0.0120723665904459
8015,-0.00948999106312807
8016,-0.00715090235268605
8017,-0.00539983128271448
8018,-0.00411155780743171
8019,-0.00295254690253114
8020,-0.00167962297349274
8021,-0.000466598555432846
8022,0.000106161597669907
8023,-0.000174035893317692
8024,-0.000310618987104643
8025,0.0013846582896206
8026,0.00543657959160406
8027,0.0101368623670858
8028,0.0128974390696431
8029,0.012716529446741
8030,0.0109255093457524
8031,0.00949583681011603
8032,0.00906762983915636
8033,0.0087948682794573
8034,0.00764828951263993
8035,0.00543242435392981
8036,0.00273297931836946
8037,0.000313708474290533
8038,-0.00142823031246686
8039,-0.00269902097559327
8040,-0.00400019355576945
8041,-0.00539037722979032
8042,-0.00624263984897237
8043,-0.00620123712415441
8044,-0.0063041760488346
8045,-0.00840095485742425
8046,-0.0129710529376145
8047,-0.017973206140589
8048,-0.020565907152806
8049,-0.019921566551692
8050,-0.0177787170205807
8051,-0.0161970422583358
8052,-0.0154296366978077
8053,-0.0143058134802327
8054,-0.0121021969568901
8055,-0.00935427750213229
8056,-0.00699422587687881
8057,-0.00534247052393832
8058,-0.00408565732732303
8059,-0.00281716661332587
8060,-0.00141137709927486
8061,-0.000146810924438928
8062,0.000436964405017882
8063,0.000181940911468593
8064,1.36435225866909E-05
8065,0.00153667460049525
8066,0.00536773083825615
8067,0.00999661690953994
8068,0.0128789145171125
8069,0.0128346117381142
8070,0.011031698781206
8071,0.00949385557984149
8072,0.00902238175867345
8073,0.00881252174870189
8074,0.00773226901676964
8075,0.00550870759089552
8076,0.0027612474062535
8077,0.000309238767818184
8078,-0.00145010396507797
8079,-0.00272897855203181
8080,-0.00399042542207487
8081,-0.00527364812794036
8082,-0.0060233501211151
8083,-0.00597918376135424
8084,-0.00616684751048893
8085,-0.0083152932758089
8086,-0.0128244764244686
8087,-0.0177198663327383
8088,-0.0202960073644749
8089,-0.0197675984440832
8090,-0.0177690516597066
8091,-0.016227211185543
8092,-0.0153845657592494
8093,-0.0141951305577693
8094,-0.0120466832096894
8095,-0.00942936374815968
8096,-0.00711648003551343
8097,-0.0053533643284799
8098,-0.00394663430971417
8099,-0.00266831570898922
8100,-0.00140078730661212
8101,-0.000237310585213895
8102,0.000434727759454892
8103,0.000385718912766186
8104,0.00032951144601676
8105,0.00175877031540226
8106,0.00537793840541581
8107,0.00984352564051599
8108,0.0127016483529808
8109,0.0127547890789613
8110,0.0110931597825891
8111,0.00964344694208396
8112,0.00913759147342884
8113,0.00879735918371326
8114,0.00761716151893098
8115,0.00543068208338864
8116,0.0028236227032119
8117,0.000483414987192393
8118,-0.00126190999815701
8119,-0.00256902567414563
8120,-0.00383292964606694
8121,-0.0051193760688291
8122,-0.00593127573401097
8123,-0.00596969638776881
8124,-0.00614636399028786
8125,-0.00816727993807643
8126,-0.0125735165977246
8127,-0.0175434725630488
8128,-0.0203355557491134
8129,-0.0199546904692634
8130,-0.0178845098280191
8131,-0.0161363087212781
8132,-0.0151788134241468
8133,-0.0140760082199938
8134,-0.0120877258355059
8135,-0.0094927689684912
8136,-0.0070182989594739
8137,-0.00507959695037118
8138,-0.00367004701175977
8139,-0.00255895417002724
8140,-0.00146298231792551
8141,-0.000351463407657949
8142,0.000347966648232859
8143,0.000293094654928936
8144,0.000173206952677492
8145,0.00156511286519753
8146,0.00524538678340353
8147,0.00983786866183919
8148,0.0127922405385138
8149,0.012857125317281
8150,0.01115910702254
8151,0.0097013387866744
8152,0.00924560858109198
8153,0.00896173200878983
8154,0.00776493809123762
8155,0.00547507509078968
8156,0.00274798679709704
8157,0.000341187246703378
8158,-0.00142527437149101
8159,-0.00275296546201218
8160,-0.00402681075784438
8161,-0.00526130793954378
8162,-0.00597642673715315
8163,-0.0059756092304336
8164,-0.00622373406772912
8165,-0.0083411258636051
8166,-0.012755183540237
8167,-0.0176590673046822
8168,-0.020420743801269
8169,-0.0200864602325416
8170,-0.018080653287528
8171,-0.0163808902298631
8172,-0.0154937352030657
8173,-0.0144783533126982
8174,-0.0124977506616771
8175,-0.00979015629909086
8176,-0.00720912612390886
8177,-0.00531397476163043
8178,-0.00404616553730145
8179,-0.00298866658233258
8180,-0.00179749980851637
8181,-0.00057350854764032
8182,0.000147858941044123
8183,8.36974820877239E-05
8184,4.98193688493856E-06
8185,0.00142812252175951
8186,0.00503327809465109
8187,0.00951038954951895
8188,0.0124759401068497
8189,0.012691089454203
8190,0.0110954329776439
8191,0.00956453383297718
8192,0.00897780332762667
8193,0.00870615519241572
8194,0.00767706646261241
8195,0.0055338737531724
8196,0.00281545752595604
8197,0.000355788388128713
8198,-0.00139913147815548
8199,-0.00266982167939935
8200,-0.0039771709542865
8201,-0.00538515460297556
8202,-0.00627141188290632
8203,-0.0062426029570195
8204,-0.00623652440852982
8205,-0.00806555754874917
8206,-0.012377935347605
8207,-0.0174007468430068
8208,-0.0203496978250891
8209,-0.0201263386234619
8210,-0.0181495152971729
8211,-0.016456706009467
8212,-0.0155526456861223
8213,-0.014456590236144
8214,-0.0123703083242068
8215,-0.00963974996176589
8216,-0.00714273307622628
8217,-0.00531779591778601
8218,-0.00399081717389166
8219,-0.00279545435631974
8220,-0.00154773100802152
8221,-0.000421070333099507
8222,0.000134951206374638
8223,-4.0534776431719E-05
8224,-0.000145647693658207
8225,0.00129029285957803
8226,0.00491391102492916
8227,0.00942694453212397
8228,0.0124676792288756
8229,0.0127896900550956
8230,0.0112853945620912
8231,0.00976908153485183
8232,0.00910488695598208
8233,0.0087328256632229
8234,0.00766978464815452
8235,0.00554958121046876
8236,0.0028009454971392
8237,0.000210403069045004
8238,-0.00165107547761825
8239,-0.00284408922487962
8240,-0.00392927723451149
8241,-0.0052068129514921
8242,-0.00621216159078371
8243,-0.00643517569891525
8244,-0.00656370895151739
8245,-0.00831713225924556
8246,-0.0124836127895153
8247,-0.0174673992443372
8248,-0.0205051615418166
8249,-0.0203830305693019
8250,-0.0184229364148001
8251,-0.0166793649408194
8252,-0.0157500206059959
8253,-0.0147148116701478
8254,-0.0127297271561728
8255,-0.0100230851757841
8256,-0.00741076459327778
8257,-0.00541398471802118
8258,-0.004007879118602
8259,-0.00286388516349642
8260,-0.00166957506720685
8261,-0.000466286501955198
8262,0.000250063335641622
8263,0.000135723856475167
8264,-9.9294198946859E-05
8265,0.001142007483456
8266,0.00470946048030408
8267,0.00934295651612228
8268,0.0125065253660202
8269,0.0127785018586811
8270,0.0110963316576582
8271,0.00949327507430207
8272,0.00895346329961716
8273,0.00877376993908199
8274,0.00773770722227451
8275,0.00546187664207928
8276,0.00260516054869815
8277,0.000124501906453032
8278,-0.00153293788042772
8279,-0.00268067933072723
8280,-0.0039216341771336
8281,-0.00534354963548521
8282,-0.00630689097016376
8283,-0.00636550638545974
8284,-0.00637101202132886
8285,-0.00808633487660004
8286,-0.0122394415463124
8287,-0.0172252243114356
8288,-0.0203254353579757
8289,-0.0202964843688338
8290,-0.0183499539340282
8291,-0.0164987227015673
8292,-0.0154304749791527
8293,-0.0143284363664975
8294,-0.0123624734277009
8295,-0.00973626786300141
8296,-0.00726907443453221
8297,-0.00546039933160858
8298,-0.00418263027483147
8299,-0.00301419811463803
8300,-0.00168615949618515
8301,-0.000381028100089262
8302,0.00033041895431485
8303,0.000163403496970198
8304,-7.74789516348255E-05
8305,0.00122363115976148
8306,0.00485906616073205
8307,0.00950632935540423
8308,0.0126243420586102
8309,0.0128583094953868
8310,0.0112272326812189
8311,0.00975858690075709
8312,0.00932230477222672
8313,0.00912991704728373
8314,0.00803969956421889
8315,0.00581065337830522
8316,0.00308735454558728
8317,0.000639015057266033
8318,-0.00119082146298609
8319,-0.00256529890210739
8320,-0.0038672573881593
8321,-0.00517812917740617
8322,-0.00604619898449906
8323,-0.00613803604446081
8324,-0.00622247123893091
8325,-0.00794385924723548
8326,-0.0120389038038885
8327,-0.0169915704255251
8328,-0.0201309280396088
8329,-0.0202030143199004
8330,-0.0183907763862338
8331,-0.016654232143755
8332,-0.0156106607016734
8333,-0.0144352207673326
8334,-0.0123873168220521
8335,-0.00975088992633921
8336,-0.00731099659375388
8337,-0.00548903390226317
8338,-0.00417460471400915
8339,-0.0030296031826959
8340,-0.00177855848387619
8341,-0.000492165640925701
8342,0.000300899518084231
8343,0.000196554244250383
8344,-0.000127415861648379
8345,0.000990035555805338
8346,0.00450199539469033
8347,0.00916159590977948
8348,0.0123572372400554
8349,0.0126461572133863
8350,0.0110445960914658
8351,0.00961454704693193
8352,0.00921767349826638
8353,0.00903082456787119
8354,0.00791443771317465
8355,0.00566720811783411
8356,0.0029595256275642
8357,0.000550295268340888
8358,-0.001243126653564
8359,-0.00261075267074262
8360,-0.00395775937788872
8361,-0.00535866224771587
8362,-0.00630208883263826
8363,-0.00638018285322644
8364,-0.00635988038713455
8365,-0.00798407782083068
8366,-0.0120922330525681
8367,-0.0171517657935063
8368,-0.0203630213854497
8369,-0.0203820460180522
8370,-0.01845786509946
8371,-0.0167027604479336
8372,-0.0157920381270913
8373,-0.0147941510378444
8374,-0.0128171147539952
8375,-0.0101026343981227
8376,-0.00751375916435011
8377,-0.00556445043646806
8378,-0.00418151165161037
8379,-0.00302633498893809
8380,-0.001810736785967
8381,-0.000571858846026526
8382,0.000207992175640161
8383,0.000139308759588706
8384,-0.000130396360372068
8385,0.00103338366475909
8386,0.00458950907254743
8387,0.00928680115343434
8388,0.0124707892138282
8389,0.0126793882053772
8390,0.0109956332292732
8391,0.00957118315889443
8392,0.00926055602289846
8393,0.00914369710644301
8394,0.00802651199685378
8395,0.00575049895171904
8396,0.00302263023818666
8397,0.000554406974438827
8398,-0.00137412157362949
8399,-0.0028659623820187
8400,-0.00419564714042461
8401,-0.00544934087059402
8402,-0.00627672908728986
8403,-0.00637714545999681
8404,-0.00644668151535396
8405,-0.00810677892531009
8406,-0.0121984844117946
8407,-0.0172771208352957
8408,-0.0205540504239545
8409,-0.0205984193266973
8410,-0.0186163471028403
8411,-0.0167885233583792
8412,-0.0158629849038772
8413,-0.014891823364418
8414,-0.0129441832444578
8415,-0.0102887780408284
8416,-0.00781696388348566
8417,-0.0059629282540975
8418,-0.00453304532151806
8419,-0.00321057813532241
8420,-0.00187902005961992
8421,-0.000670229059263141
8422,5.22572328455343E-05
8423,4.67333404373287E-05
8424,-0.000111925405748692
8425,0.00100216844662579
8426,0.00434123972884623
8427,0.00893649233223174
8428,0.0123498647235489
8429,0.012937257834376
8430,0.0113863255521172
8431,0.00973179790037735
8432,0.00912545924414706
8433,0.00895686099402781
8434,0.00797535754048105
8435,0.00575069614986817
8436,0.00292129287788101
8437,0.000402858811128029
8438,-0.00139064984096255
8439,-0.0027138298033851
8440,-0.00405188521529043
8441,-0.00545257576783382
8442,-0.00634065045896905
8443,-0.0063137116881482
8444,-0.00618542877678751
8445,-0.00770861984307187
8446,-0.0117183636860997
8447,-0.0167284728730144
8448,-0.0199973252932955
8449,-0.0201520442641809
8450,-0.018339107358169
8451,-0.0166213333331681
8452,-0.0157273119473051
8453,-0.0147816948454207
8454,-0.0128629666325754
8455,-0.0101550460347742
8456,-0.00753383865542282
8457,-0.00558164439337979
8458,-0.00425844747845095
8459,-0.00319799843505552
8460,-0.00206767777275579
8461,-0.000859200086950061
8462,-7.23013388809719E-06
8463,8.21455565458637E-05
8464,-8.71886145997749E-05
8465,0.000962673104256816
8466,0.0042514227025894
8467,0.00882323681174248
8468,0.0122302187045095
8469,0.0128369430500848
8470,0.011334318285517
8471,0.00971905401661475
8472,0.00909467614100297
8473,0.00885890034348995
8474,0.00783118097601023
8475,0.00563276492521902
8476,0.00286778199747451
8477,0.000370196962434861
8478,-0.0014727071561104
8479,-0.0028479460821028
8480,-0.00415942588288977
8481,-0.00546704518978341
8482,-0.00630438356583909
8483,-0.00636016248581599
8484,-0.00641337182500756
8485,-0.00807974610513451
8486,-0.0120952937353279
8487,-0.0170192853945393
8488,-0.0202422159247078
8489,-0.0204416545182212
8490,-0.0186592005800975
8491,-0.016827937031509
8492,-0.015705893443502
8493,-0.0145970797233736
8494,-0.012697826254449
8495,-0.0101026982157543
8496,-0.00750660345941529
8497,-0.00544267024500248
8498,-0.00398935021739
8499,-0.00288940526214941
8500,-0.00178453950054321
8501,-0.000592594565245248
8502,0.000236217256365062
8503,0.000222942758585942
8504,-0.000113573673347492
8505,0.000831623241415223
8506,0.00416905309201768
8507,0.00887974543855468
8508,0.012371041716109
8509,0.0129438640224437
8510,0.0113583047830992
8511,0.00971659848747607
8512,0.00915797774456428
8513,0.00904125397099055
8514,0.00813207036524582
8515,0.00602490811248482
8516,0.00332492017389072
8517,0.000883586898916967
8518,-0.000898063618125597
8519,-0.00223432092244603
8520,-0.00360559375988718
8521,-0.00511973399077513
8522,-0.00621919709550509
8523,-0.00638268671768114
8524,-0.00626576066314942
8525,-0.00762826360627098
8526,-0.0115125312547215
8527,-0.0166192282826305
8528,-0.020155206080974
8529,-0.0205167059036632
8530,-0.0186969505462846
8531,-0.0168192246823592
8532,-0.0157718400529602
8533,-0.0147661421172844
8534,-0.0128685960493444
8535,-0.0102282619971696
8536,-0.00768826312374601
8537,-0.00577193590302292
8538,-0.00438202978999767
8539,-0.00317514916993421
8540,-0.00192582054204563
8541,-0.000718835679761561
8542,6.73589394185072E-06
8543,-9.83904993253396E-05
8544,-0.00046119344721742
8545,0.000482372767631857
8546,0.00384358309587299
8547,0.00866599044777922
8548,0.0123415340739292
8549,0.0130363466074828
8550,0.0114228518879843
8551,0.0096921074440023
8552,0.00912298668783279
8553,0.00905787221764387
8554,0.00811537975467912
8555,0.0058376944555708
8556,0.00296633615678314
8557,0.000499846307320575
8558,-0.0011908215161744
8559,-0.00245711289209732
8560,-0.00381130400014882
8561,-0.00525156434453747
8562,-0.0061646347893464
8563,-0.00616221571427686
8564,-0.00608151101962003
8565,-0.0076734245842128
8566,-0.0117702201882154
8567,-0.0169006495779449
8568,-0.020312513303005
8569,-0.0205544905238225
8570,-0.0186818208861015
8571,-0.0167718969428595
8572,-0.0157048603907085
8573,-0.0147585718196466
8574,-0.0129958601470954
8575,-0.0104208457296212
8576,-0.00776515584744755
8577,-0.00566476840437048
8578,-0.00424828053791124
8579,-0.00320588720434527
8580,-0.0020813328422451
8581,-0.000756094745151363
8582,0.000237064867978554
8583,0.000277726524273095
8584,-0.000176701110893937
8585,0.000574217139193588
8586,0.00380445751845223
8587,0.00855577858040099
8588,0.0121394469350918
8589,0.0127279362802609
8590,0.0110630201765421
8591,0.00933424543764243
8592,0.00876309288354044
8593,0.00872294410892773
8594,0.00794577430913419
8595,0.00596221361883176
8596,0.00328742976575863
8597,0.000722506768489465
8598,-0.00124595078047059
8599,-0.00264216149585941
8600,-0.00384931491294528
8601,-0.00510466452730196
8602,-0.00607415712217111
8603,-0.00629835831536404
8604,-0.00628533382594496
8605,-0.00765502399576726
8606,-0.0114947428674761
8607,-0.0166362827579352
8608,-0.0202913401858127
8609,-0.0207204202258694
8610,-0.0188358711934551
8611,-0.0168521179169962
8612,-0.0157963956417441
8613,-0.0148812983003252
8614,-0.0130439394011939
8615,-0.0103515219627197
8616,-0.0077181955091034
8617,-0.00579612556580554
8618,-0.00451506677439889
8619,-0.00342680868210925
8620,-0.00218206034814874
8621,-0.00083346898325061
8622,0.000107140910497892
8623,0.000168579143800604
8624,-0.000181113410052402
8625,0.000601118239461754
8626,0.00373330264386405
8627,0.00844008547624338
8628,0.0122093467162487
8629,0.0131035211957246
8630,0.0115866391102511
8631,0.00976959079350878
8632,0.00907705735350824
8633,0.00905067441353627
8634,0.00831626997649798
8635,0.00621291696607822
8636,0.003299278634046
8637,0.000616864467086594
8638,-0.00124507953863128
8639,-0.00248599542438075
8640,-0.00369774462326771
8641,-0.00510018080721929
8642,-0.00618346023848505
8643,-0.00639202136466007
8644,-0.00628089406568605
8645,-0.00753344558066859
8646,-0.0112520892176676
8647,-0.0163010846384875
8648,-0.0199601238929688
8649,-0.0204964607989266
8650,-0.0187247241586034
8651,-0.01677018670968
8652,-0.0156921123321156
8653,-0.014799733155545
8654,-0.0130502586423057
8655,-0.0104294200038964
8656,-0.00777789488998685
8657,-0.00576552140204733
8658,-0.00439509402577868
8659,-0.00326693028529504
8660,-0.00202798392330975
8661,-0.000702131076905
8662,0.000220650389439074
8663,0.000273885861618799
8664,-7.82288324552171E-05
8665,0.000703875333110707
8666,0.00382820764153666
8667,0.00849825718410927
8668,0.0121986750288334
8669,0.0130416526472593
8670,0.0115558853200517
8671,0.00983044144325469
8672,0.00916753604573914
8673,0.00903459847417066
8674,0.00816301970225442
8675,0.0060734019851609
8676,0.00334173379995505
8677,0.000824832851855306
8678,-0.00103806375184039
8679,-0.00237683976446177
8680,-0.0036242684899278
8681,-0.00498787258769591
8682,-0.00607858606213121
8683,-0.00637353675640194
8684,-0.00630476654464973
8685,-0.00747162978541103
8686,-0.0110814454277922
8687,-0.016165858177286
8688,-0.0200191183048029
8689,-0.0207642045799408
8690,-0.0190903655922556
8691,-0.0171214079437608
8692,-0.0159806933537978
8693,-0.0150244676604887
8694,-0.0132303552033197
8695,-0.0105906957570537
8696,-0.00793291594724729
8697,-0.00591044627274251
8698,-0.00454084568784547
8699,-0.00344668802599228
8700,-0.00223588441133735
8701,-0.000846105844980978
8702,0.000242006201116416
8703,0.000432787545536936
8704,4.57016670079484E-05
8705,0.000632468124890543
8706,0.00356959825931875
8707,0.00821378245931614
8708,0.0120533756502345
8709,0.0130844646749598
8710,0.0117147493154311
8711,0.00998785699722388
8712,0.00925101837055386
8713,0.00906642388563132
8714,0.00822468203777579
8715,0.00620493690492898
8716,0.00348584650739079
8717,0.000891529300684388
8718,-0.00106445177039234
8719,-0.00243193999704158
8720,-0.00366000317649164
8721,-0.00502956018235117
8722,-0.00616986200202049
8723,-0.00650157699267182
8724,-0.00640809903056523
8725,-0.00749761178230783
8726,-0.011008441286742
8727,-0.0159937363978242
8728,-0.0197814931118871
8729,-0.0205451163924036
8730,-0.0189819774814154
8731,-0.0171435837816501
8732,-0.0160614654956944
8733,-0.0150773825637145
8734,-0.0132427962562536
8735,-0.0106252790467235
8736,-0.00804452559803601
8737,-0.00606574887237533
8738,-0.00462492259756353
8739,-0.0033714269479809
8740,-0.00206068562319145
8741,-0.000771658528698753
8742,4.33834832830922E-05
8743,-9.11644718998837E-06
8744,-0.000429478065268816
8745,0.000313532873902311
8746,0.00342878022484918
8747,0.00815628861512319
8748,0.0119980290601392
8749,0.0129956952038474
8750,0.011557521591456
8751,0.00974148570736799
8752,0.00897645329194014
8753,0.00889104190691853
8754,0.00822350133317377
8755,0.00633101172728438
8756,0.00364078769182622
8757,0.00102968166977568
8758,-0.000931184661110295
8759,-0.00229508573045329
8760,-0.00353359382404257
8761,-0.00492042879989403
8762,-0.00607067335041937
8763,-0.00641677294263994
8764,-0.00636093160893583
8765,-0.00751026081638559
8766,-0.0110935201355115
8767,-0.0161533231067182
8768,-0.0199832352737545
8769,-0.0207089308511205
8770,-0.0190389151548195
8771,-0.0171213560956356
8772,-0.0160708588382561
8773,-0.0151837322254454
8774,-0.0133758508235097
8775,-0.0106514051765013
8776,-0.0079217436841862
8777,-0.0059023437862697
8778,-0.00458149818699216
8779,-0.00350810251695034
8780,-0.00226611101907341
8781,-0.000837287841093898
8782,0.000245103992757101
8783,0.00036729736549844
8784,-0.000136369283303993
8785,0.000333209443927838
8786,0.00322492021967663
8787,0.0079261725884991
8788,0.0118426774512637
8789,0.0128383382265074
8790,0.0113179238475184
8791,0.00950609267302211
8792,0.00891615312127976
8793,0.00904148655411463
8794,0.00843151427346969
8795,0.00642843343389762
8796,0.00360151268380643
8797,0.000927038256930382
8798,-0.00105647082330793
8799,-0.00246013823548622
8800,-0.00373264152794983
8801,-0.00508813197535989
8802,-0.0061379053382348
8803,-0.00636085213009431
8804,-0.00618933043794505
8805,-0.00723999602399439
8806,-0.0107760364642637
8807,-0.0158825157927876
8808,-0.0198226188163787
8809,-0.0206106503275108
8810,-0.0188797431509813
8811,-0.0168395888657805
8812,-0.0157417315122203
8813,-0.0149411675673254
8814,-0.0132811817116941
8815,-0.0106608586526135
8816,-0.00795892959376041
8817,-0.00591926433131474
8818,-0.00455303677342819
8819,-0.00341943914286861
8820,-0.00213589162466294
8821,-0.000719841345488473
8822,0.000324430705993928
8823,0.000465997126887254
8824,6.1515294178852E-05
8825,0.000610170669444413
8826,0.00345101314647969
8827,0.00801337092723069
8828,0.0118807053364431
8829,0.0130265525056196
8830,0.0117531561016775
8831,0.0100714852929761
8832,0.00939665170548034
8833,0.00932238499212003
8834,0.00856277102770706
8835,0.00652268112408016
8836,0.00372077007241508
8837,0.00107916634521164
8838,-0.00085311188296897
8839,-0.00215959825237073
8840,-0.0033217409357894
8841,-0.00463930563288408
8842,-0.00576916453843042
8843,-0.00612326178237681
8844,-0.00599772972575994
8845,-0.00693861489974705
8846,-0.0102968663079678
8847,-0.0153376185075267
8848,-0.0194150590946812
8849,-0.0204387906068216
8850,-0.0188445863999437
8851,-0.0167646652400318
8852,-0.0155705139969908
8853,-0.0147810076790019
8854,-0.0132512259256596
8855,-0.0107400988391468
8856,-0.00801810004231655
8857,-0.00587857652253794
8858,-0.0044608753333438
8859,-0.00337114196542967
8860,-0.0021565768885574
8861,-0.000753347646070001
8862,0.000331848627657818
8863,0.000499754651799426
8864,5.52938721279504E-05
8865,0.000517445833996565
8866,0.0033073950314457
8867,0.00793224187888254
8868,0.0119599184891445
8869,0.0132309398026065
8870,0.0119085622899545
8871,0.010019779054965
8872,0.0091597316030287
8873,0.00907598156568969
8874,0.00843984971543141
8875,0.00648724073498354
8876,0.0036575722315735
8877,0.000956252905322918
8878,-0.000972196508948075
8879,-0.00224237056802461
8880,-0.00343087140551484
8881,-0.00484964898886474
8882,-0.00606758143369813
8883,-0.00642074554393637
8884,-0.00621223195215325
8885,-0.00704383503486307
8886,-0.0103227415415272
8887,-0.0153593204276926
8888,-0.0195187852782115
8889,-0.0206514580842972
8890,-0.0190972265243748
8891,-0.0169614964167286
8892,-0.0156993194244145
8893,-0.0149255063035831
8894,-0.0134893696416502
8895,-0.011063334367726
8896,-0.00836330974264952
8897,-0.00620523116082807
8898,-0.00477138880709635
8899,-0.00368018729538572
8900,-0.00247389651924362
8901,-0.0010858669468646
8902,-8.45144815326352E-06
8903,0.000182308442212258
8904,-0.000217805544170523
8905,0.000258760240880037
8906,0.00300733694968065
8907,0.00759652710822835
8908,0.0116928287326689
8909,0.0131479692372563
8910,0.0120035503987001
8911,0.0101399469630719
8912,0.00914118173134453
8913,0.00891658437511716
8914,0.00832758871160568
8915,0.00662707544934346
8916,0.00405452570677915
8917,0.00138766157286638
8918,-0.000743164163392831
8919,-0.00223644388569111
8920,-0.00346318964311009
8921,-0.00475624732051735
8922,-0.00586759803056338
8923,-0.00623940299902809
8924,-0.00610683552929299
8925,-0.00696928784015855
8926,-0.0102413734794929
8927,-0.0153040567414696
8928,-0.0195257750976947
8929,-0.0206890979184925
8930,-0.0191057082488703
8931,-0.0169346256656128
8932,-0.0156844386648929
8933,-0.014949496320175
8934,-0.0135117904374403
8935,-0.0109972914797438
8936,-0.00812766908844587
8937,-0.00578234915699331
8938,-0.00425340890919054
8939,-0.0032417877234251
8940,-0.00223718055809694
8941,-0.000992658708019215
8942,0.000121421750251592
8943,0.000427137153455889
8944,-9.16754641642201E-06
8945,0.000205243553913821
8946,0.00266369726148383
8947,0.0071909137517012
8948,0.011475623992227
8949,0.0131440995839346
8950,0.012027723843272
8951,0.0100216760409291
8952,0.00888116178714153
8953,0.00862849466550993
8954,0.00808640249446332
8955,0.0064137731644321
8956,0.00382325053610308
8957,0.00113414303683637
8958,-0.000994058764257967
8959,-0.00247676483562488
8960,-0.0037018146098048
8961,-0.00498118464398077
8962,-0.0060443724809165
8963,-0.00635951830642209
8964,-0.00620942371312814
8965,-0.0070869474569851
8966,-0.0103421291743853
8967,-0.0153279917230647
8968,-0.0194816927856821
8969,-0.02067260828048
8970,-0.0191975052197593
8971,-0.0171102904361241
8972,-0.0158580368064589
8973,-0.0150873527295032
8974,-0.0136652565878561
8975,-0.0112320726289087
8976,-0.00846120558990118
8977,-0.0061854966745268
8978,-0.00466151676339536
8979,-0.0035553398269083
8980,-0.00237560292739076
8981,-0.000989727832494973
8982,0.000126951152629773
8983,0.000356486354312562
8984,-5.84147962617022E-05
8985,0.000316285224755512
8986,0.00287651354247965
8987,0.00725818103229592
8988,0.0112601904112289
8989,0.0128259749420046
8990,0.0119276832836616
8991,0.0102583763390474
8992,0.00929083721296732
8993,0.00900236424327987
8994,0.00837732579041275
8995,0.0066809467059899
8996,0.004080162961567
8997,0.00134675195108098
8998,-0.000799478823419944
8999,-0.00220751626661076
9000,-0.00332622418176293
9001,-0.00460488564222489
9002,-0.00581585451569621
9003,-0.00631327594410838
9004,-0.00622852500240638
9005,-0.00702403464594823
9006,-0.0101709422794682
9007,-0.0151713724456751
9008,-0.0194831914820545
9009,-0.0208375039859473
9010,-0.0193761601243608
9011,-0.0171520326749928
9012,-0.0157604622107194
9013,-0.0149637696224536
9014,-0.0135801994488702
9015,-0.0111228334719158
9016,-0.00823934821852497
9017,-0.00587291192692325
9018,-0.0043865916683227
9019,-0.00342893266535522
9020,-0.0023972036680541
9021,-0.00106475206554052
9022,0.000101903482183658
9023,0.000420307015660708
9024,6.27049368689533E-05
9025,0.000462556362475432
9026,0.00308599590951545
9027,0.0075974909630918
9028,0.0116870428232101
9029,0.0131503770237609
9030,0.0119890065019988
9031,0.0101276788837631
9032,0.00920965264724557
9033,0.00910233106292321
9034,0.0085451345394111
9035,0.00674252002711976
9036,0.00403561680520201
9037,0.00133790891314384
9038,-0.000703357997487609
9039,-0.00208555214487851
9040,-0.00327441796573684
9041,-0.00462523314600835
9042,-0.00585545587193479
9043,-0.00632823543448407
9044,-0.00616949995560327
9045,-0.00683292448086403
9046,-0.00985566101750112
9047,-0.0148422408853732
9048,-0.0192560168331148
9049,-0.0207279582855316
9050,-0.0193326188706492
9051,-0.0171464202908582
9052,-0.0157764639768383
9053,-0.0149335086516115
9054,-0.0134363488421186
9055,-0.0109189907113285
9056,-0.00812163318416469
9057,-0.00589704763930426
9058,-0.00444553796127324
9059,-0.00341164419689163
9060,-0.00234163817533084
9061,-0.00107548593291834
9062,2.80760805067555E-05
9063,0.000378641674564945
9064,6.61613092933466E-05
9065,0.000396748415650995
9066,0.00287514373222729
9067,0.00733307296460694
9068,0.0115291774540595
9069,0.0131438425100197
9070,0.0120371149638456
9071,0.0101283967716723
9072,0.00916157983621671
9073,0.00907423323603813
9074,0.00858119753534041
9075,0.00681322238772734
9076,0.00405927545397767
9077,0.0012405795428586
9078,-0.000936303807128183
9079,-0.00240648884662592
9080,-0.0036206784917595
9081,-0.00496183727777049
9082,-0.00616640859972051
9083,-0.00658476401236054
9084,-0.00633210472076308
9085,-0.00688397767592788
9086,-0.00981352588085298
9087,-0.0147486668692322
9088,-0.0191708968625084
9089,-0.0207290394490463
9090,-0.0194845117001879
9091,-0.0174531557368081
9092,-0.016183761775584
9093,-0.0153893111787035
9094,-0.0139251531574191
9095,-0.0114210363619457
9096,-0.00856824829607438
9097,-0.00620912056286239
9098,-0.00461596900941395
9099,-0.00351709617443068
9100,-0.00245777996177489
9101,-0.00119916815767343
9102,-3.88904014346717E-05
9103,0.000410054095530136
9104,0.000161322742757632
9105,0.000467918700489022
9106,0.00285256377478754
9107,0.00722368241030785
9108,0.0114182761708575
9109,0.0131327376249137
9110,0.0121603194503153
9111,0.0103193512248812
9112,0.009305321033458
9113,0.00910966685968724
9114,0.00856271945896396
9115,0.00686684689394985
9116,0.0042681714131507
9117,0.00157075064212184
9118,-0.000589356375500618
9119,-0.00209866849084172
9120,-0.00330518271514383
9121,-0.00456362420343011
9122,-0.00569171126451949
9123,-0.00613043956202021
9124,-0.00599414444063971
9125,-0.00668645250933609
9126,-0.00972725606967845
9127,-0.014739217954468
9128,-0.0192028781690591
9129,-0.0207527062818426
9130,-0.0194568706953546
9131,-0.0173674986395915
9132,-0.0160540980883672
9133,-0.0152189395965914
9134,-0.0137256073518254
9135,-0.0112514038179357
9136,-0.00850069228941105
9137,-0.00623659722911029
9138,-0.00464038242228917
9139,-0.00346421585308377
9140,-0.00236948082751952
9141,-0.00116931020950993
9142,-9.24043373862814E-05
9143,0.000307870979919634
9144,-9.08641625554627E-06
9145,0.000147038742065045
9146,0.00238594925830978
9147,0.00678863015118901
9148,0.0112125803577613
9149,0.013150623590073
9150,0.0121929926148942
9151,0.0101855753930175
9152,0.00901575222608483
9153,0.00878487192769876
9154,0.00827135898139741
9155,0.00661557863623693
9156,0.00409783219593874
9157,0.00155033038778541
9158,-0.000486097926528756
9159,-0.00202296912987357
9160,-0.00338006355571675
9161,-0.00474667308727607
9162,-0.00584975162679336
9163,-0.00621816353835016
9164,-0.00608179774764282
9165,-0.00681726912753215
9166,-0.00983652583759472
9167,-0.0147556520840271
9168,-0.0191628996290904
9169,-0.02074466691259
9170,-0.0194883034824759
9171,-0.0173690594089701
9172,-0.0160125166682055
9173,-0.015221688416428
9174,-0.0138372086218243
9175,-0.0114079394641026
9176,-0.00858747406568394
9177,-0.00623568419803649
9178,-0.00463026611524342
9179,-0.00348207509115408
9180,-0.00235370262499796
9181,-0.0010702357100419
9182,2.57847930159355E-05
9183,0.000342553057893097
9184,-4.91634518912127E-05
9185,0.000145311912659603
9186,0.0024627469446137
9187,0.00681000526277548
9188,0.0110135228519645
9189,0.0127620744335607
9190,0.0118605899780564
9191,0.0101403058659976
9192,0.00926698105528112
9193,0.00916277314908311
9194,0.00862161649228948
9195,0.00689199903445335
9196,0.00429244576853104
9197,0.00163362670559293
9198,-0.000509086236813366
9199,-0.00205911192114581
9200,-0.00332465966518905
9201,-0.00459695824860282
9202,-0.0056814347482112
9203,-0.00605450811830035
9204,-0.00585439804754872
9205,-0.00647491925671716
9206,-0.00943228600205144
9207,-0.0143850991012402
9208,-0.0188587291689888
9209,-0.0204810479094805
9210,-0.0192589742996467
9211,-0.0172023957054345
9212,-0.0159183047426528
9213,-0.0151777970275316
9214,-0.0138317245386367
9215,-0.0114446332147072
9216,-0.00864321835323263
9217,-0.00627161939714991
9218,-0.00467202342812299
9219,-0.00363030987074238
9220,-0.00265351717890583
9221,-0.00139881215172139
9222,-0.000133156588091108
9223,0.000408042647108382
9224,7.6827879082661E-05
9225,0.000125650699201533
9226,0.00227394768175271
9227,0.00662409707897254
9228,0.0109953272120258
9229,0.0128918341170195
9230,0.0119748401956221
9231,0.0101234393429416
9232,0.00916043668529371
9233,0.00907478303028101
9234,0.00857382133654599
9235,0.0068068105036721
9236,0.00412485854972919
9237,0.00145022177521859
9238,-0.000613255159937545
9239,-0.00207702787350184
9240,-0.0033265340843616
9241,-0.00464016772289661
9242,-0.00578987043223731
9243,-0.0062576555950783
9244,-0.00615897568129905
9245,-0.00679272142585736
9246,-0.00963020417048536
9247,-0.0144526134781713
9248,-0.018950750967276
9249,-0.0207268835375552
9250,-0.019586539514661
9251,-0.0174363388823534
9252,-0.0160154881729451
9253,-0.0152643578723187
9254,-0.0140140348957619
9255,-0.0116887278572699
9256,-0.00886409279880018
9257,-0.00643680047703506
9258,-0.00476365728395471
9259,-0.00359999706859662
9260,-0.00250947908259101
9261,-0.00127599100823442
9262,-0.000164145898204662
9263,0.000272767879392986
9264,1.11273752876946E-05
9265,0.000183888969119762
9266,0.00231563524672766
9267,0.00652873256535208
9268,0.0108578817269945
9269,0.0129165894022394
9270,0.0122184488887992
9271,0.0104304435263811
9272,0.00934957657325271
9273,0.00912325098393918
9274,0.00860605962738196
9275,0.00694837587432855
9276,0.00438542179226574
9277,0.00172010835415919
9278,-0.000469471717439464
9279,-0.00210588721149805
9280,-0.0034532398109483
9281,-0.0047513552539432
9282,-0.00583207513488826
9283,-0.00623593446747384
9284,-0.00607071780318399
9285,-0.00662441491780201
9286,-0.00942525090467331
9287,-0.0143195638939753
9288,-0.0189636963750039
9289,-0.0208459302570671
9290,-0.0197063236452306
9291,-0.0174880555798839
9292,-0.0159967201190574
9293,-0.0152019428688791
9294,-0.0139415966738306
9295,-0.0116421640789934
9296,-0.00885626215172376
9297,-0.0064460942389995
9298,-0.00478273856905487
9299,-0.00367718737656147
9300,-0.00268735589029171
9301,-0.00150158084677678
9302,-0.000331522979339803
9303,0.000177202246929185
9304,-0.000120002905396852
9305,-5.49414532328848E-05
9306,0.00204913024322978
9307,0.00635945265595205
9308,0.0107773621338417
9309,0.0127991344657749
9310,0.0120016418740078
9311,0.0101890887807032
9312,0.0091708583460337
9313,0.00899184682687779
9314,0.00846441007020038
9315,0.00680965550421008
9316,0.00431170362024836
9317,0.00171025202367748
9318,-0.000492995206415131
9319,-0.0021853127491714
9320,-0.0035282404190593
9321,-0.00474249959271542
9322,-0.00576296474479035
9323,-0.00622435475762816
9324,-0.00619127923682782
9325,-0.00680998832421643
9326,-0.00953099863960957
9327,-0.0142790718443042
9328,-0.0188538901151982
9329,-0.0207854239633157
9330,-0.0197177900684241
9331,-0.0174971090008743
9332,-0.0159534535588696
9333,-0.0151488252411624
9334,-0.0139437238418474
9335,-0.0117034058124357
9336,-0.00894749653662343
9337,-0.00657082665435984
9338,-0.00494319382676727
9339,-0.00379110077390715
9340,-0.0026270978519085
9341,-0.00124467688346598
9342,-1.11212454457108E-05
9343,0.000409539012341172
9344,-8.61364153544927E-06
9345,-1.43507117214717E-05
9346,0.00205021864595735
9347,0.00635119911337879
9348,0.0108631424117219
9349,0.0130855346148746
9350,0.0124286729029312
9351,0.0105356547691224
9352,0.00930098640881684
9353,0.00902861217344459
9354,0.00863310514971806
9355,0.00714791434521366
9356,0.00464104304568498
9357,0.00189618631611299
9358,-0.000367876476062825
9359,-0.00196998258044538
9360,-0.00324309460780849
9361,-0.00456000872458967
9362,-0.00576390810092142
9363,-0.00628253192092211
9364,-0.00614423541288209
9365,-0.00666451868466269
9366,-0.00941861227088467
9367,-0.0142479638055748
9368,-0.0188107232516742
9369,-0.0206606819787223
9370,-0.0195927280284616
9371,-0.0175000824105556
9372,-0.0160904063535527
9373,-0.015322686316348
9374,-0.0141095740234694
9375,-0.0118931699632814
9376,-0.00913154455258848
9377,-0.00662307924225532
9378,-0.00482748774995421
9379,-0.00369412466896118
9380,-0.00277532059904692
9381,-0.00160872259229302
9382,-0.000316804263793379
9383,0.000350030782937191
9384,6.92884208811494E-05
9385,-2.94594482649994E-05
9386,0.00186997021336699
9387,0.00609381595943092
9388,0.0105713835808506
9389,0.0127067272244395
9390,0.011986497683473
9391,0.0102109273219674
9392,0.00924233211780922
9393,0.00914388762173467
9394,0.0086700740568201
9395,0.00697405088523509
9396,0.00436602725589949
9397,0.00170558678147597
9398,-0.000429733590378085
9399,-0.00201376177797562
9400,-0.00338189026431149
9401,-0.00480681319079447
9402,-0.0060670944542469
9403,-0.00659505288849467
9404,-0.00642712982858774
9405,-0.00686613041087085
9406,-0.00951107263513726
9407,-0.0142881516135858
9408,-0.0189173581489295
9409,-0.0209031304997575
9410,-0.0199261103675975
9411,-0.0178328129607061
9412,-0.0163848167117265
9413,-0.0155891654839543
9414,-0.0143321732363425
9415,-0.0120381773366815
9416,-0.00924003322090862
9417,-0.00681016699733156
9418,-0.00513274177654687
9419,-0.00399071622326004
9420,-0.00290628853459659
9421,-0.00158275434901372
9422,-0.000279769203683136
9423,0.000326431165038223
9424,5.82292209545315E-05
9425,1.81590259417705E-05
9426,0.0018734000099597
9427,0.00595381153863701
9428,0.0103964871231446
9429,0.0127241340804557
9430,0.0122421715674978
9431,0.0104765823050196
9432,0.00927622035817766
9433,0.00896772627248304
9434,0.00851789680174774
9435,0.00701052606792454
9436,0.0045266642236721
9437,0.00180329118790116
9438,-0.000500159620076425
9439,-0.00218062621501326
9440,-0.00346643748649694
9441,-0.00468275976876466
9442,-0.00577732509230497
9443,-0.00630329025179746
9444,-0.00622879362061705
9445,-0.00667222265233204
9446,-0.0091738715485969
9447,-0.0138285644843421
9448,-0.018547077771696
9449,-0.0207887242857675
9450,-0.0199966485253863
9451,-0.0178755554927114
9452,-0.0162865050918837
9453,-0.0154163897096612
9454,-0.0141997978691956
9455,-0.0119791169955284
9456,-0.00921390533520017
9457,-0.00677233112813646
9458,-0.00506398787993543
9459,-0.00390395599752522
9460,-0.00285504945980763
9461,-0.00162524194697497
9462,-0.000403752992051594
9463,0.000208112431019913
9464,1.67373420925485E-06
9465,-2.51427494104887E-05
9466,0.00177393138088634
9467,0.00583675552831154
9468,0.0103796707548121
9469,0.0128426149458767
9470,0.0123859606244505
9471,0.0105195932274175
9472,0.00921233468515681
9473,0.00887883788907396
9474,0.00845667212385996
9475,0.00697768511545012
9476,0.00453709030290009
9477,0.00189535788075879
9478,-0.000334762275753627
9479,-0.00201849812439505
9480,-0.00337481970445663
9481,-0.00466081517341838
9482,-0.00580182873370506
9483,-0.00638929767560685
9484,-0.00639211849196733
9485,-0.00685131686753426
9486,-0.00925432703176744
9487,-0.0137667771694755
9488,-0.0184301541795164
9489,-0.0207397970013944
9490,-0.0200390176596241
9491,-0.0179227070530062
9492,-0.016263891834505
9493,-0.0153594985821367
9494,-0.0142105899198144
9495,-0.0120997735235264
9496,-0.0093724708434361
9497,-0.00686233472315908
9498,-0.00505777109800068
9499,-0.00386822638089912
9500,-0.00286808734700664
9501,-0.00171086576305099
9502,-0.000545904917981664
9503,3.04543769725093E-05
9504,-0.000175843917368367
9505,-0.000143360515083707
9506,0.00174269494577525
9507,0.00583009162958878
9508,0.0102951381272782
9509,0.0126610415915693
9510,0.0121997829524996
9511,0.0104180637589383
9512,0.00918590995501314
9513,0.00887554950627349
9514,0.00848434028646743
9515,0.00707839029827086
9516,0.0046797692566533
9517,0.00198039012446593
9518,-0.000340539870522361
9519,-0.00202291814376876
9520,-0.0032855329216576
9521,-0.00451709428631244
9522,-0.00571346053449488
9523,-0.00636891687861515
9524,-0.00632760383463848
9525,-0.00665886915705219
9526,-0.0089948606450638
9527,-0.0135742899258098
9528,-0.0183685618572777
9529,-0.0207780417812896
9530,-0.0201413502110394
9531,-0.0180955598092994
9532,-0.0164974607936084
9533,-0.0155792826672887
9534,-0.0143414701694921
9535,-0.0121667438912057
9536,-0.00948662173106508
9537,-0.00708771715822867
9538,-0.00532804294853519
9539,-0.00406626318892514
9540,-0.00295731252527666
9541,-0.00173649605337916
9542,-0.000526326646285205
9543,0.000121532381061452
9544,-6.9037535465511E-05
9545,-0.000206616704480564
9546,0.00139073329850342
9547,0.0053644703969694
9548,0.0100843572720444
9549,0.0128864291460847
9550,0.0126611131068036
9551,0.0107894897284991
9552,0.00939025960631601
9553,0.00909102498240374
9554,0.00881593708424061
9555,0.00737781357296487
9556,0.00475079261045404
9557,0.00185431029133018
9558,-0.000441456830796058
9559,-0.00195461513616848
9560,-0.00311400193398934
9561,-0.00438601839489542
9562,-0.00567432795054266
9563,-0.00637457267824893
9564,-0.00632169120353932
9565,-0.00661096019799646
9566,-0.00888457558572842
9567,-0.0134085933263842
9568,-0.0182135394507337
9569,-0.0207190785852777
9570,-0.0201908090038173
9571,-0.0181694798351974
9572,-0.016501067770594
9573,-0.0154903527199447
9574,-0.014191164645017
9575,-0.0119686505827565
9576,-0.00922672283846731
9577,-0.00677943449717206
9578,-0.00503256975875203
9579,-0.00384043416108848
9580,-0.00280690827469037
9581,-0.00163298397271932
9582,-0.000433395041303314
9583,0.000267933505129184
9584,0.000223108266692305
9585,0.000251269919983014
9586,0.00185776234777994
9587,0.00559221187012762
9588,0.00998658142858453
9589,0.012665050901694
9590,0.0126032254083445
9591,0.0109480908074292
9592,0.00954430997206565
9593,0.00904184400239869
9594,0.00864898142945235
9595,0.00736908894140996
9596,0.00505194050318232
9597,0.00233981153256204
9598,-2.09498406708406E-05
9599,-0.00173588605823054
9600,-0.00305808304390312
9601,-0.00438903887271653
9602,-0.00567797723043286
9603,-0.00637530225586957
9604,-0.0063256758692846
9605,-0.00661270662955227
9606,-0.00887929076914886
9607,-0.0134030104629426
9608,-0.0182169769405185
9609,-0.0207291056612282
9610,-0.0201930182456438
9611,-0.0181546208744322
9612,-0.0164845109649088
9613,-0.0155108799758877
9614,-0.0142781705420224
9615,-0.0121016484745045
9616,-0.00933776782700124
9617,-0.00681390627795043
9618,-0.00500521819313926
9619,-0.00380220332365846
9620,-0.00274755774070749
9621,-0.00146721656763102
9622,-0.000142464041851634
9623,0.000505116223699798
9624,0.000144642406708639
9625,-0.000187992783712048
9626,0.00134062587527915
9627,0.00532494685816551
9628,0.0099750258337338
9629,0.0126157756443367
9630,0.0123182395412696
9631,0.0105751179957851
9632,0.00936373083968871
9633,0.00910740376468976
9634,0.00876520639079598
9635,0.00737924309130571
9636,0.0049986721771885
9637,0.00232104735090923
9638,-1.04772470123747E-05
9639,-0.00173027907930481
9640,-0.00298911927792511
9641,-0.00415997832407627
9642,-0.00533768154724362
9643,-0.00609250777370819
9644,-0.00616856436516527
9645,-0.00645302840813602
9646,-0.00856150149951022
9647,-0.0129346746098772
9648,-0.0177327859334119
9649,-0.0203255262001222
9650,-0.0198753834737502
9651,-0.017910821425002
9652,-0.0163174746484905
9653,-0.015396533766369
9654,-0.014177062851937
9655,-0.0120376807562535
9656,-0.00938633927380862
9657,-0.00696554408216733
9658,-0.005117253476905
9659,-0.0037729105395886
9660,-0.0026894242693887
9661,-0.00158483685863237
9662,-0.000428686426211261
9663,0.000324728955870465
9664,0.000286366364277827
9665,0.000143981740730464
9666,0.00154407102001268
9667,0.00531445086275191
9668,0.0100115984573582
9669,0.0129528737162089
9670,0.0128631906590275
9671,0.0110187402165996
9672,0.00958042463760262
9673,0.00926743224094927
9674,0.00903431116649565
9675,0.0076600260326919
9676,0.00507800282246683
9677,0.00218351424965938
9678,-0.000167347806801346
9679,-0.00178789209675225
9680,-0.00306621990422482
9681,-0.00440858369407258
9682,-0.00568176818267346
9683,-0.00628938025035809
9684,-0.00610584667001699
9685,-0.00627868708973936
9686,-0.00850420206130957
9687,-0.0130802233698981
9688,-0.0180103409289567
9689,-0.0206280702623681
9690,-0.0201209312098554
9691,-0.0180432750052851
9692,-0.0163512471016929
9693,-0.0154562350741442
9694,-0.0143966259827777
9695,-0.0123855413969879
9696,-0.0096659262732593
9697,-0.00704400455004074
9698,-0.00509738279679201
9699,-0.00386233707668404
9700,-0.00293097497054725
9701,-0.00180991887326442
9702,-0.00048849158942076
9703,0.000374243467713393
9704,0.00028466286668506
9705,4.48627698497475E-05
9706,0.00144356014764826
9707,0.0052744637184269
9708,0.00995027491488321
9709,0.012755444496538
9710,0.0125450732849688
9711,0.0107109449603474
9712,0.0093666059360845
9713,0.00910684657521325
9714,0.00886694069473447
9715,0.00752965459676159
9716,0.0050875914351057
9717,0.00234495703463226
9718,3.11020058936163E-05
9719,-0.00165087043956301
9720,-0.00294670310612585
9721,-0.00419329877576953
9722,-0.00536427351138892
9723,-0.00599958120134412
9724,-0.00594379118385412
9725,-0.00618193910916634
9726,-0.00833448929690715
9727,-0.0128101462472066
9728,-0.0177591634094553
9729,-0.0205163977258775
9730,-0.0201540196191896
9731,-0.0181525407674561
9732,-0.0164834530302275
9733,-0.0155723885367208
9734,-0.0144359726685763
9735,-0.0123141207203905
9736,-0.00955487426661262
9737,-0.00701826987403943
9738,-0.00517782371066203
9739,-0.0039252502117531
9740,-0.0028744207065386
9741,-0.00171018163942725
9742,-0.000514346979833372
9743,0.000182207991192524
9744,6.06157358967133E-05
9745,-9.3947185667197E-05
9746,0.00134001900149456
9747,0.00509370421642204
9748,0.0097148169339806
9749,0.0126180574562895
9750,0.0125894574045971
9751,0.0108452041672149
9752,0.00945388503006012
9753,0.00913516690198603
9754,0.00892761834191168
9755,0.00766087327488504
9756,0.00521412805314334
9757,0.00237252129398595
9758,-6.2044178250239E-05
9759,-0.00183512019544165
9760,-0.00319829542192762
9761,-0.0044954759615561
9762,-0.00568914661475574
9763,-0.00633056210030918
9764,-0.0062868772553434
9765,-0.00650464512424247
9766,-0.00851948319044728
9767,-0.0127499627778757
9768,-0.01751440392915
9769,-0.0203057164261731
9770,-0.0201336318998872
9771,-0.0182538981869245
9772,-0.0165382530786856
9773,-0.0155686616000057
9774,-0.0145509628693422
9775,-0.0126680267047818
9776,-0.0100194751004508
9777,-0.00734284649084547
9778,-0.00526151446981849
9779,-0.00388314210405675
9780,-0.00285094618671963
9781,-0.0017246375988107
9782,-0.000525783265309009
9783,0.000141794080001695
9784,-9.57753017436757E-05
9785,-0.000378752877239812
9786,0.00102212877518751
9787,0.00484013454632113
9788,0.00954662407003956
9789,0.012527456831719
9790,0.0126011519897676
9791,0.0109688296554483
9792,0.00960147464183583
9793,0.00916087177717094
9794,0.00877465523220316
9795,0.00743651835833129
9796,0.00509665523758007
9797,0.00246329924169819
9798,0.000211057318780503
9799,-0.00147882244935766
9800,-0.00286811699577174
9801,-0.00427383386993462
9802,-0.00559122794583619
9803,-0.00627923242665615
9804,-0.00616998610330753
9805,-0.0062940974859989
9806,-0.00831667263107121
9807,-0.0126839095598007
9808,-0.0176097066330463
9809,-0.0204809294281781
9810,-0.0203097308413801
9811,-0.0184057890932051
9812,-0.0166346038601037
9813,-0.0155352624998858
9814,-0.0143546054395069
9815,-0.0124010199913966
9816,-0.00982858851413262
9817,-0.00727452925043234
9818,-0.00523960152598364
9819,-0.00384521443025119
9820,-0.0028247633180726
9821,-0.00172454517868676
9822,-0.0004490280738365
9823,0.000415055007554007
9824,0.000325363585827944
9825,-1.55354746105826E-05
9826,0.00118580065347483
9827,0.00485971605092124
9828,0.00954794157708536
9829,0.0125249556222893
9830,0.0125236729255432
9831,0.0108275735905402
9832,0.00953140111233199
9833,0.00927579378102639
9834,0.00905095628752699
9835,0.00776840260232273
9836,0.00540849178887717
9837,0.0027251312405283
9838,0.000395823759042605
9839,-0.00138053579427668
9840,-0.00280052248468458
9841,-0.00414750506966042
9842,-0.00537977343218682
9843,-0.006044408088734
9844,-0.00597580180413823
9845,-0.00613529737385706
9846,-0.00815953626902908
9847,-0.0125418637540272
9848,-0.0175271304625248
9849,-0.0204503114466813
9850,-0.0202580940389024
9851,-0.0182872017110371
9852,-0.0165016711118867
9853,-0.015481148205278
9854,-0.0143981098540914
9855,-0.0124722873376484
9856,-0.00987455038925428
9857,-0.00733365749942513
9858,-0.00537725094297199
9859,-0.00404308315815461
9860,-0.00298759148190822
9861,-0.00179678062086617
9862,-0.000472888699593953
9863,0.000376788357754513
9864,0.000271304402733057
9865,-6.58000192860872E-05
9866,0.00110052968804585
9867,0.00468004585983776
9868,0.00930458498040425
9869,0.0123270688414391
9870,0.0124052279848187
9871,0.0106726589838396
9872,0.00921004579180347
9873,0.00881018258148878
9874,0.00857967050938451
9875,0.00737344401047828
9876,0.00506079651336036
9877,0.00240160320356903
9878,0.000162514739966085
9879,-0.00144923787031967
9880,-0.00273387000633863
9881,-0.00406078896479352
9882,-0.00537194978209148
9883,-0.00614473373048895
9884,-0.00615095999485894
9885,-0.00629797478155955
9886,-0.00820178773007307
9887,-0.0124328198167979
9888,-0.0173803560382598
9889,-0.0204314404898192
9890,-0.0204094551125048
9891,-0.0184933343067978
9892,-0.0166449934665433
9893,-0.0155721851511528
9894,-0.0145089846047276
9895,-0.0125882640042571
9896,-0.00988254608756775
9897,-0.00716018030131734
9898,-0.00509568681942264
9899,-0.00383208581738169
9900,-0.0029936722281935
9901,-0.0020168635823102
9902,-0.000739907848893427
9903,0.000271469139885953
9904,0.000384747710088875
9905,9.50507346086017E-05
9906,0.00108068804359922
9907,0.00446774398745717
9908,0.00915488070265911
9909,0.0124923520818252
9910,0.0128431258518716
9911,0.0110806113483104
9912,0.00934737311436971
9913,0.008732010952792
9914,0.00853139791410256
9915,0.00750011607715681
9916,0.00527023973269201
9917,0.00250557593854687
9918,9.85219013472602E-05
9919,-0.00156784708625976
9920,-0.00276474758924237
9921,-0.00397851393392532
9922,-0.00525122291590038
9923,-0.00603917986120654
9924,-0.00604236500970771
9925,-0.00616028004424702
9926,-0.00805224125679867
9927,-0.0122848578012881
9928,-0.0171945575516344
9929,-0.0201793438359422
9930,-0.0201666194645258
9931,-0.0183874471941155
9932,-0.0166871538689792
9933,-0.0156095824759551
9934,-0.0144023321167027
9935,-0.0123938597333338
9936,-0.00978870238097403
9937,-0.0072562944486479
9938,-0.00527599519354514
9939,-0.00394041869391992
9940,-0.00299391823373604
9941,-0.00198121892986247
9942,-0.000725975609332592
9943,0.000262962160804462
9944,0.000354374787580258
9945,2.96970411287734E-05
9946,0.00101433027204123
9947,0.00449190751448247
9948,0.00931796028464117
9949,0.0127204975506968
9950,0.0130179003983441
9951,0.0111843254377216
9952,0.00947416213028831
9953,0.00894805309336489
9954,0.00879343931724465
9955,0.00775548593760234
9956,0.00557629143864688
9957,0.00295432489349143
9958,0.000631312646958732
9959,-0.00116488536050117
9960,-0.00262685768986353
9961,-0.00400317817663003
9962,-0.00525467507993829
9963,-0.0060130112681302
9964,-0.0061261684555865
9965,-0.00636574072621406
9966,-0.00817204622352748
9967,-0.0121627487924642
9968,-0.0169684404359576
9969,-0.0201068560670258
9970,-0.020257884131771
9971,-0.0183847758493474
9972,-0.0164402927450313
9973,-0.015307052184379
9974,-0.0143235639300512
9975,-0.0125412079508756
9976,-0.00991329040952119
9977,-0.00720025362699312
9978,-0.00512339904099956
9979,-0.00380656389686802
9980,-0.00282255274702021
9981,-0.0016542864423422
9982,-0.000289355190195999
9983,0.000603624966022007
9984,0.000444526649100052
9985,-0.00011581975911673
9986,0.000735349738218158
9987,0.00416578716352783
9988,0.00901937174930033
9989,0.0125329262603866
9990,0.0129789178713187
9991,0.011243156304037
9992,0.00956228448758817
9993,0.00907919388176638
9994,0.00903474354205547
9995,0.00809337542862768
9996,0.00586796440420747
9997,0.00305829422923222
9998,0.000566096332171992
9999,-0.00123576605454977
