T,AI2_filter1
0,2.77486055413491E-22
1,1.95703573063868E-07
2,8.93763747805508E-08
3,-3.58107600893199E-07
4,-3.16926160778371E-07
5,3.51205466591949E-07
6,5.14748943327618E-07
7,-1.29076684953903E-06
8,-3.13291806656654E-06
9,-5.89569212509652E-07
10,3.66980909976314E-06
11,1.20061243013411E-06
12,-6.0731122154893E-06
13,-5.1388169620882E-06
14,5.90772694090892E-06
15,9.0895467500958E-06
16,-4.89378995679745E-06
17,-1.44895228200067E-05
18,1.17694910714097E-06
19,2.03784698668157E-05
20,6.5963702745625E-06
21,-2.39593320132035E-05
22,-1.69503173512567E-05
23,2.55641553507925E-05
24,3.20329910594227E-05
25,-2.05450317585493E-05
26,-4.77771931121847E-05
27,1.09516982022315E-05
28,6.77572082823553E-05
29,1.22091591970273E-05
30,-8.15620779594508E-05
31,-4.30073878021971E-05
32,9.28456170579081E-05
33,9.09164703942726E-05
34,-9.07743532076218E-05
35,-0.000154706291238013
36,7.51656409038356E-05
37,0.000257090998379563
38,-3.64017389126764E-05
39,-0.000579875256622162
40,-0.000674702922223728
41,-0.000184826735588788
42,0.000157888499241934
43,-6.52745623935355E-05
44,0.000131585460229281
45,0.00227894479804906
46,0.00640173315345731
47,0.0104726153118774
48,0.0123166681721921
49,0.0117158498711965
50,0.0102323833027156
51,0.0092506754526895
52,0.00874030171203766
53,0.00784996712682003
54,0.00608870137136861
55,0.00368307689531774
56,0.00118919121301441
57,-0.000910748735765891
58,-0.00244805114009323
59,-0.00366915018785252
60,-0.00491257432982212
61,-0.00599373194343722
62,-0.00627981996444272
63,-0.00583770348403267
64,-0.0061937465212902
65,-0.0090918622096972
66,-0.0142366241150799
67,-0.0189456591624161
68,-0.0206312259583669
69,-0.0193236259534017
70,-0.0172097171596674
71,-0.0159417376563304
72,-0.0151402093278984
73,-0.0135766401996317
74,-0.0110080373824484
75,-0.00831554728132347
76,-0.00628346462418357
77,-0.00488512552199288
78,-0.00367716618286828
79,-0.00238765857710143
80,-0.00107570710415386
81,-8.36962245357251E-05
82,0.000174010736379081
83,-0.00017333929953881
84,2.21026370625237E-05
85,0.00219338067737938
86,0.006395406775674
87,0.0106920790546765
88,0.0127665412963115
89,0.0121280856015642
90,0.0103421482958804
91,0.00912341562037566
92,0.00866718136441187
93,0.00796022670276342
94,0.00623356447908974
95,0.00371360821810887
96,0.00118058734721792
97,-0.000802897811774556
98,-0.0022433633369443
99,-0.00354186519532797
100,-0.0049526660182525
101,-0.00611747830038535
102,-0.0063973784106701
103,-0.00599206566904748
104,-0.00645372277069288
105,-0.00937476265214662
106,-0.0143498037951969
107,-0.0188162067261825
108,-0.0204128940680756
109,-0.0192263588119515
110,-0.0172717329546859
111,-0.0160325445162343
112,-0.0151654833922025
113,-0.0135941095546393
114,-0.0111119787698693
115,-0.0084729339193784
116,-0.00636028167968399
117,-0.00482428772890412
118,-0.003573297131109
119,-0.00235637733853656
120,-0.00110085627217517
121,-4.66942710175824E-05
122,0.000336674242396601
123,4.98077678451771E-05
124,0.000199353469316599
125,0.00229350515204453
126,0.00647160806204496
127,0.0108104395115689
128,0.0129557137704396
129,0.0123816908702118
130,0.0106331991766682
131,0.009410882425664
132,0.0089133422071607
133,0.00815164629776943
134,0.00637269107056327
135,0.00379072484890215
136,0.00118354408898392
137,-0.000831568276359208
138,-0.00218872275267084
139,-0.00330619802712854
140,-0.00457506118466154
141,-0.00576293618049259
142,-0.00618792700722326
143,-0.00586552554495856
144,-0.00623686213411282
145,-0.00900443616002142
146,-0.013977225355323
147,-0.0186572761464431
148,-0.0205188738183183
149,-0.0194436816290779
150,-0.0174161860360821
151,-0.0160490604348802
152,-0.0151003055063197
153,-0.0134694388931079
154,-0.0108932677301107
155,-0.00815212150406684
156,-0.00601270969611379
157,-0.00455235351104586
158,-0.00341987524363433
159,-0.0022975401948066
160,-0.0011068825264924
161,-0.000118143071905237
162,0.000193648540441132
163,-0.000141451747228095
164,9.02776347555032E-06
165,0.00214433652555257
166,0.00636476156378556
167,0.0107026386671145
168,0.0127835960332595
169,0.0121071514970973
170,0.0102797427246148
171,0.00905669466907843
172,0.00864469979763219
173,0.00801991296101601
174,0.00638589161344505
175,0.00392452603116368
176,0.00138440189028465
177,-0.000644552342407104
178,-0.00209528288738305
179,-0.0033364375466699
180,-0.0046875125936511
181,-0.00588245271314667
182,-0.0062774083949695
183,-0.0059658769988446
184,-0.00643081247353358
185,-0.00932703111266791
186,-0.0143544524826257
187,-0.0189470830636674
188,-0.020635812878261
189,-0.0194473947422079
190,-0.0174579985845715
191,-0.0162180853716228
192,-0.0153363068550793
193,-0.0136448613999232
194,-0.0109692391643061
195,-0.00822383448762211
196,-0.00619454354307575
197,-0.0048463612731659
198,-0.00371771014335431
199,-0.00249585160225273
200,-0.00119056209791316
201,-0.00013189198156907
202,0.000221396813307481
203,-6.31250580841083E-05
204,0.000139310330566546
205,0.00228346392761389
206,0.00645225829658963
207,0.0107244238844248
208,0.0127961435110959
209,0.0121868196741903
210,0.0104436221552458
211,0.00923758930245563
212,0.00874913943390447
213,0.00800642555219626
214,0.00628215443024736
215,0.0037783235802393
216,0.00121888172293163
217,-0.000822708997640407
218,-0.0022668073592022
219,-0.00347167724351178
220,-0.00477274415325037
221,-0.0059214300124547
222,-0.00626214678295402
223,-0.00586371066610691
224,-0.00621455764835866
225,-0.00901248160726083
226,-0.0139975248176135
227,-0.0186036979519409
228,-0.0203277442547539
229,-0.0191643739861331
230,-0.0171910736077218
231,-0.0159949838373034
232,-0.015219036214517
233,-0.0136737848016906
234,-0.0111001791829319
235,-0.00834227757035402
236,-0.00621764115272475
237,-0.00480255105726914
238,-0.00369716530900914
239,-0.00252732922965043
240,-0.00121159476841209
241,-9.79301658955197E-05
242,0.00024638951722962
243,-0.000148926188241191
244,-5.46654885883864E-05
245,0.00209488845258126
246,0.00634503452136458
247,0.0106446769177486
248,0.0126632496422798
249,0.012044869842066
250,0.0104314996320103
251,0.0094031505817555
252,0.00896023883216262
253,0.00808752267394609
254,0.00620240209575485
255,0.00365849101278742
256,0.00117654613645929
257,-0.000775792681015345
258,-0.00217257556645977
259,-0.00334004071163057
260,-0.00459611621003863
261,-0.00574284177723275
262,-0.00616420030285428
263,-0.00587451181194713
264,-0.0062633067987948
265,-0.00900905449890567
266,-0.0139429067357376
267,-0.0185947179402251
268,-0.0204499181202723
269,-0.0193971777662428
270,-0.0174260115777117
271,-0.0161380729683153
272,-0.0152683654270642
273,-0.0136978769443371
274,-0.0111450074836678
275,-0.00836722735319588
276,-0.00613797169828498
277,-0.00460371596829069
278,-0.003491191438475
279,-0.00246323710226365
280,-0.00132300976531155
281,-0.000266734482282409
282,0.00015670645281282
283,-0.000145788577335687
284,-4.05793076745271E-05
285,0.00208963535639351
286,0.00639609021871794
287,0.0108162735672489
288,0.0128887017929234
289,0.0121816820384604
290,0.0104215635611576
291,0.00932495676666078
292,0.00892056726011221
293,0.0081140099185572
294,0.00626503165616489
295,0.00374535555777647
296,0.00129596361671318
297,-0.000647302904367049
298,-0.00208793545586292
299,-0.00331981033076109
300,-0.00460771048052702
301,-0.00575239001929958
302,-0.0061726294376263
303,-0.00588358991991559
304,-0.00624154313809847
305,-0.00892632029805231
306,-0.0138199052069865
307,-0.0184795329612099
308,-0.0203513520652251
309,-0.0192776296508826
310,-0.0172634523890145
311,-0.0159579697303049
312,-0.0151009402408273
313,-0.0135402711080847
314,-0.0109947363411406
315,-0.00826438031934858
316,-0.00612702997493335
317,-0.00465521650878461
318,-0.00350353142783809
319,-0.00236400857109343
320,-0.00114432339803835
321,-0.000101971901050172
322,0.000247852343292825
323,-0.000134374074973152
324,-0.000123009574756392
325,0.0018598903431841
326,0.00598810935758555
327,0.0102957151715672
328,0.0123891235722053
329,0.0117879462743195
330,0.0101052649206756
331,0.0090202509328303
332,0.00864947287177369
333,0.00799400918847005
334,0.00636927680883956
335,0.00398387915581888
336,0.00147794293897113
337,-0.000630438349863171
338,-0.00217262422943526
339,-0.00336984936637737
340,-0.00456709085489764
341,-0.00567312547998007
342,-0.00612279252573351
343,-0.00587969896651024
344,-0.00627406015327892
345,-0.00900455909704456
346,-0.0139596259132288
347,-0.0186616025406375
348,-0.0205188594045838
349,-0.0193764598984915
350,-0.0172769325559064
351,-0.0159057797187811
352,-0.0150132232274075
353,-0.013434646406925
354,-0.0108790530163401
355,-0.0081591445932571
356,-0.00606562784807582
357,-0.00464065256803985
358,-0.00348253061738496
359,-0.00228531591434324
360,-0.00104096376890487
361,-5.16276033344699E-05
362,0.000272993780787535
363,3.80715270284139E-05
364,0.000319152043018003
365,0.0024411945491071
366,0.0064210493149278
367,0.0104574279027869
368,0.0124609351971459
369,0.0120261568157713
370,0.0105410868482502
371,0.00945227665138097
372,0.00888324555081986
373,0.00800405396361678
374,0.00625032137672298
375,0.00383828350195841
376,0.00137059127180103
377,-0.000683495969574273
378,-0.00221738044658843
379,-0.00347951488983931
380,-0.00476025857357557
381,-0.00588662124654466
382,-0.00627562248363381
383,-0.00593112985308869
384,-0.00621569800764537
385,-0.00885644703635764
386,-0.0138047494770984
387,-0.0186190112437648
388,-0.0206197298740276
389,-0.0195089742865452
390,-0.0173291354087084
391,-0.0159351343931213
392,-0.0151849117114806
393,-0.0137889057827893
394,-0.0112516081973276
395,-0.0083692676593236
396,-0.00610934273404048
397,-0.00464091463618302
398,-0.00350520760390427
399,-0.00228646185731763
400,-0.00098129765474374
401,9.55261421224387E-06
402,0.000223946106192926
403,-0.000170797393612414
404,2.81611654025406E-05
405,0.00224093002356041
406,0.00646203782613182
407,0.0107338470892158
408,0.0127900974658001
409,0.0122051741788027
410,0.010541395449222
411,0.00942700361724304
412,0.00896923572176957
413,0.00816134055688447
414,0.00633479435461727
415,0.00380267300428265
416,0.00132852301192824
417,-0.000605970367639229
418,-0.00204432010825433
419,-0.00335074251546416
420,-0.00474490199860589
421,-0.00588838569192678
422,-0.00616377507566549
423,-0.00573576110003804
424,-0.00611972061999963
425,-0.00897055684509293
426,-0.0140189386343033
427,-0.018746354661875
428,-0.0206441665422937
429,-0.0195813912606569
430,-0.0175071279143989
431,-0.0160528130437157
432,-0.0150681402730287
433,-0.0135194248133665
434,-0.0110877236690771
435,-0.00842255000266097
436,-0.006233210656636
437,-0.00467616644391875
438,-0.00351294403525747
439,-0.00243988182694899
440,-0.00129579455322921
441,-0.000281477571525922
442,0.000115061436925098
443,-0.000140198915210802
444,2.86978743440511E-05
445,0.00209873385081193
446,0.00619978298659623
447,0.010459714508907
448,0.012610181512194
449,0.0121477506293796
450,0.0105241770130787
451,0.00932581148787018
452,0.00876286147839396
453,0.00798483747226505
454,0.00633445155318878
455,0.0039480384618707
456,0.0014321782680115
457,-0.000669531264519112
458,-0.00220346034690884
459,-0.00345869706500159
460,-0.00478511917500413
461,-0.00598827982992755
462,-0.00641523799199071
463,-0.00606981066585967
464,-0.00638172788214591
465,-0.00907266757502877
466,-0.0139860092257773
467,-0.018650502913887
468,-0.0205492157828312
469,-0.0195432960478866
470,-0.0175698183452153
471,-0.0162108798007653
472,-0.0152569450744124
473,-0.0136699534532746
474,-0.0111863119485501
475,-0.00850364719931524
476,-0.00632768600029157
477,-0.00479095835002548
478,-0.00365158642040808
479,-0.00260528970296118
480,-0.00145991703327973
481,-0.000385226929299141
482,0.000104590147862868
483,-8.88944903209772E-05
484,9.78764904214323E-05
485,0.00220495906781719
486,0.00639901293644005
487,0.010734659973605
488,0.012844314646687
489,0.0122507821596636
490,0.0105456123729152
491,0.00938216153798497
492,0.00886907734877382
493,0.00803465198676731
494,0.00626221522038633
495,0.00382854955740843
496,0.00136885014665644
497,-0.000685959473641806
498,-0.00223720677714066
499,-0.00347235619451535
500,-0.00466182569864661
501,-0.00572628225775403
502,-0.00618246098644283
503,-0.00599668795280682
504,-0.00638707848318685
505,-0.00899372579228759
506,-0.0138232756894903
507,-0.0185541888692031
508,-0.0205726826859383
509,-0.0195528968288036
510,-0.0174553493701323
511,-0.0160672345695237
512,-0.0152515275005665
513,-0.0138011841067226
514,-0.0113015376502631
515,-0.00853549347883493
516,-0.00637551162696697
517,-0.00492922523985946
518,-0.00377515752651952
519,-0.00255982761874904
520,-0.00126595687679484
521,-0.000226657492009095
522,0.000105272111729545
523,-0.000184801468925123
524,2.86298175471848E-05
525,0.00218476807222971
526,0.00636331838417532
527,0.010657437182177
528,0.0127708431897032
529,0.0122114183711943
530,0.0105086634305805
531,0.00932571677034967
532,0.00885059950655403
533,0.00812984168202699
534,0.00644469687351843
535,0.00397261411044893
536,0.00139664101180718
537,-0.000705892429792331
538,-0.00218755564437198
539,-0.00336117621537372
540,-0.00463107043981103
541,-0.0058690462972392
542,-0.00641180957702255
543,-0.00614422910838489
544,-0.00639330620169946
545,-0.00893233948806614
546,-0.0137519050150169
547,-0.0184334440702265
548,-0.0203724018846326
549,-0.0193613965756783
550,-0.0173912684482106
551,-0.0161013988582757
552,-0.0152062348419329
553,-0.0135530490234992
554,-0.0109222111184851
555,-0.00819451694227913
556,-0.00616140026693517
557,-0.00482677519530747
558,-0.00377183899890812
559,-0.00267132684486671
560,-0.00144348388297082
561,-0.000337281207907426
562,0.000135758266505459
563,-0.000112538378189101
564,-2.28577827253388E-05
565,0.00198759809778675
566,0.00617109492449151
567,0.0106043853511938
568,0.0128324733872929
569,0.012287774202239
570,0.0105794472116893
571,0.0094390995045461
572,0.00898369425651212
573,0.00816305517659962
574,0.00631525023955663
575,0.00378498098223675
576,0.00131064982914434
577,-0.000673068704590511
578,-0.00217409849438351
579,-0.0034596092784937
580,-0.00473444877658047
581,-0.00577144697680163
582,-0.00605025021806858
583,-0.00569890120438406
584,-0.00613718885261159
585,-0.00900420338472554
586,-0.0140789779424368
587,-0.0188330162274226
588,-0.0206876238524962
589,-0.0195207041923919
590,-0.0174108929418843
591,-0.016077874088467
592,-0.0152766324160865
593,-0.0137985065494668
594,-0.0112895783562242
595,-0.00853847537510269
596,-0.00637587758152609
597,-0.0049146314294753
598,-0.00378687420135119
599,-0.00264317354633516
600,-0.00139665346391932
601,-0.000342214709416831
602,5.57086277625494E-06
603,-0.000343260444851249
604,-0.000235690695528453
605,0.00186649411894051
606,0.00608068595503501
607,0.010438179419584
608,0.012582276991926
609,0.0120397700227006
610,0.0103811029053968
611,0.00924581376477225
612,0.00876318763669475
613,0.00798492409740929
614,0.00626627933860938
615,0.00381679801035451
616,0.00125020671252039
617,-0.000930103351726948
618,-0.00252971973697096
619,-0.00372712676233292
620,-0.0048711230014617
621,-0.0059350715633182
622,-0.00639265825772056
623,-0.0061386787303485
624,-0.00639512281139547
625,-0.00887725578418472
626,-0.0136473139330783
627,-0.0183773890131456
628,-0.0204288313394422
629,-0.0194683137463035
630,-0.0174405227430856
631,-0.0160916352089948
632,-0.0152639791878478
633,-0.0137869239629691
634,-0.0112917301316199
635,-0.0085482966189354
636,-0.00638230341638801
637,-0.00490879756667098
638,-0.00377270975303591
639,-0.00264143241587564
640,-0.00141792392262256
641,-0.00035761012892388
642,3.38119328843743E-05
643,-0.000298200587974327
644,-0.000272052250536274
645,0.00168299696814135
646,0.0058110042059831
647,0.010215572431898
648,0.0124648251028786
649,0.0119650226892064
650,0.0102875072835362
651,0.00918748436231002
652,0.00884331587079545
653,0.00819404744184025
654,0.00646759815820689
655,0.00392598481859991
656,0.00136447786557283
657,-0.00066259716401631
658,-0.00214659451100725
659,-0.00345461734831777
660,-0.00484599098387889
661,-0.00600568565134345
662,-0.00629325916712075
663,-0.00583305738480553
664,-0.00613318507802907
665,-0.00888328148681168
666,-0.0138558445104021
667,-0.0185544576043393
668,-0.0204777030108984
669,-0.0194924540087638
670,-0.0175230420650368
671,-0.0161532905061534
672,-0.0151976463054711
673,-0.0136325354781173
674,-0.0111812052056524
675,-0.00852880398675
676,-0.00639640405885202
677,-0.00493065612849407
678,-0.00385188440952337
679,-0.00278499323184127
680,-0.0015292662353113
681,-0.000360495730632075
682,7.5121993832998E-05
683,-0.000326731384682579
684,-0.000353245614068727
685,0.00169238165161277
686,0.00598366707035762
687,0.0104490343001731
688,0.0126182201201036
689,0.0120318354797585
690,0.010353615188514
691,0.00925200220196621
692,0.00879006318188578
693,0.00797589564031267
694,0.00623343176470434
695,0.0038743543869677
696,0.00149620307829688
697,-0.000547219272982744
698,-0.00218145582786954
699,-0.0035327794830638
700,-0.00478940054223338
701,-0.00584673219394433
702,-0.00625692863621691
703,-0.00602574788585905
704,-0.00638123521080074
705,-0.00896793545023149
706,-0.0138168959285939
707,-0.0186232186199105
708,-0.0207378234784577
709,-0.0197695945705805
710,-0.0176623578453165
711,-0.0162605310098828
712,-0.0154765738320229
713,-0.0140612185731133
714,-0.0115128806826332
715,-0.00861565472979136
716,-0.00636563479817604
717,-0.00498328335741949
718,-0.00400593183031253
719,-0.00291269504905795
720,-0.00156189408907913
721,-0.000326210092816466
722,0.000178257928494053
723,-0.000110423050817472
724,-8.25513265617951E-05
725,0.00182990822917429
726,0.00587855519341242
727,0.0102205220976824
728,0.0124558764764008
729,0.0119394950285184
730,0.0101770352084827
731,0.00895327971803092
732,0.00854676819013333
733,0.00793383166683376
734,0.00626499186194006
735,0.0037137891765013
736,0.00109153912926167
737,-0.000943216440084726
738,-0.00231009147572087
739,-0.00343010811187228
740,-0.00471818903560695
741,-0.00598186078362641
742,-0.00653004301463586
743,-0.00627353388987383
744,-0.00654610839748057
745,-0.00909574522119138
746,-0.0139210925294023
747,-0.0186528715001862
748,-0.0206880096360099
749,-0.019733977826557
750,-0.0177115014679931
751,-0.0163114568573055
752,-0.0153702960528594
753,-0.0137798700380912
754,-0.0112409767079618
755,-0.00853415865703436
756,-0.00643359451825709
757,-0.00499774907010355
758,-0.00386524342135943
759,-0.0027426523065831
760,-0.00156096146397456
761,-0.00055189921524651
762,-0.000171282826063637
763,-0.00045723559772423
764,-0.000366467077147447
765,0.001617501476488
766,0.00572029395566635
767,0.0100773882868984
768,0.0123090126944279
769,0.0118431252895126
770,0.0102086770333026
771,0.0090791551222136
772,0.00859774834264623
773,0.00777678787162621
774,0.00596847791168036
775,0.00347437493146528
776,0.00100068625319605
777,-0.000996249491748206
778,-0.00249107469191755
779,-0.00377364684503091
780,-0.0051172314470475
781,-0.00631243412100204
782,-0.00673551369454243
783,-0.00635393211308194
784,-0.0065355986788545
785,-0.0090726919808071
786,-0.013994407250803
787,-0.0188852727866676
788,-0.0210237919519138
789,-0.0200328465274384
790,-0.0178866238982588
791,-0.0164395143170281
792,-0.0156379783424775
793,-0.0142902896405122
794,-0.011877638969027
795,-0.00905229056637384
796,-0.00670129272406868
797,-0.00511836913444901
798,-0.00403971570593378
799,-0.0030448128727742
800,-0.00189755671445097
801,-0.000830743324507344
802,-0.000438267928739468
803,-0.000824539877381179
804,-0.000840788400345668
805,0.00117415899653616
806,0.00544388401872258
807,0.00994693377984044
808,0.0121611308663928
809,0.0115316415032537
810,0.00973059317672434
811,0.00855027760969492
812,0.00813727692407802
813,0.0074381995955371
814,0.00575209827775301
815,0.00334520129843888
816,0.000872178730330001
817,-0.00123509037074584
818,-0.00286276128790047
819,-0.00414276715197563
820,-0.00531311369991453
821,-0.00634420153347666
822,-0.00681797533988899
823,-0.00667121805222763
824,-0.00702910786904368
825,-0.00952853367659079
826,-0.0143067097641116
827,-0.0191474426211418
828,-0.0213634878303326
829,-0.0204544799160973
830,-0.0183201896264039
831,-0.0168676961277285
832,-0.0160983301294061
833,-0.0147879220753388
834,-0.0123764217136831
835,-0.00954865397502754
836,-0.00723715657966502
837,-0.00570319974361547
838,-0.0046111749421286
839,-0.00352791918703281
840,-0.00225855150308381
841,-0.00105012436214132
842,-0.000484726647729037
843,-0.000712214856284948
844,-0.000683651046450074
845,0.0012362749190699
846,0.00538622849058441
847,0.00987818338586553
848,0.0121808931417379
849,0.0116131167436238
850,0.00978260504834405
851,0.00856054794420815
852,0.008184496269556
853,0.00755141145978749
854,0.00582759080809478
855,0.00326464986842703
856,0.000679265196542295
857,-0.00135740627855849
858,-0.00282008824477186
859,-0.00407153319152174
860,-0.00542374950495919
861,-0.00664339914832072
862,-0.00707234246118306
863,-0.00667517376578232
864,-0.00684006390954854
865,-0.00937819073745707
866,-0.0143278764646645
867,-0.0192756860665807
868,-0.0214975906352685
869,-0.0206024496914171
870,-0.01852487965897
871,-0.0170612009010239
872,-0.0161363276923952
873,-0.0146309415422471
874,-0.0121540140429722
875,-0.00940338849294025
876,-0.00715595664759261
877,-0.00555894445519064
878,-0.00435074162480844
879,-0.00325566917263606
880,-0.00211351139511501
881,-0.0010433241195496
882,-0.000502117143825309
883,-0.000669211231261296
884,-0.000630716295528443
885,0.00118970295632761
886,0.00523284962909061
887,0.00975971044752387
888,0.0122636106447965
889,0.0119385334182267
890,0.0102526320728405
891,0.00904399446990803
892,0.00861093738566451
893,0.00792067238116476
894,0.00617802893057414
895,0.00364845976202803
896,0.00113469107481148
897,-0.000835550441365834
898,-0.00226447727749091
899,-0.00348101342090514
900,-0.00475000682088197
901,-0.00587483344741055
902,-0.00630196846527981
903,-0.00601876765212151
904,-0.00627956155255436
905,-0.0087489726205944
906,-0.0134933897330219
907,-0.0182635741338332
908,-0.0204165207261694
909,-0.0194776334675315
910,-0.0173013396041661
911,-0.0157518672418787
912,-0.0148586660502451
913,-0.0134565569529189
914,-0.0110104492091433
915,-0.00820121024343321
916,-0.0059523923762485
917,-0.00448988157446478
918,-0.00342164581635051
919,-0.00232330998545696
920,-0.00111109177116024
921,-0.000111541855791354
922,0.000191377221795207
923,-0.000169966353693033
924,-0.00012792011206742
925,0.00177568402995539
926,0.00577803596316643
927,0.0101517824394497
928,0.0125834051397727
929,0.0123389877018281
930,0.0107306418251534
931,0.00945027683036929
932,0.00887353756294107
933,0.00814871073061593
934,0.00650925862197554
935,0.00407612449357968
936,0.00154089708033679
937,-0.000531983014091232
938,-0.00206421000105584
939,-0.00337587659613352
940,-0.0047540267899249
941,-0.00597294040289693
942,-0.00643386424298424
943,-0.00614855693487899
944,-0.00644102595547548
945,-0.0089857046548562
946,-0.0137860145428846
947,-0.0185643286353646
948,-0.0207415538086459
949,-0.0199056193827345
950,-0.017863604263256
951,-0.0163705360435432
952,-0.0154312959779538
953,-0.0139773211741479
954,-0.0115628075399937
955,-0.0088374293222907
956,-0.00662546407079787
957,-0.00511048457138714
958,-0.00393440546741366
959,-0.0027022273396715
960,-0.0013315754148312
961,-0.000191163595668814
962,0.000144907621399307
963,-0.000308094090606626
964,-0.000354764587410006
965,0.00159971693385261
966,0.00574802839354733
967,0.0101767011779318
968,0.0124897855693446
969,0.0120892093023433
970,0.01046089867136
971,0.00929127914635853
972,0.00881519740866724
973,0.00811125695861243
974,0.00646749383860345
975,0.00404403650933274
976,0.00148782490119853
977,-0.000650890796089133
978,-0.00219599826924834
979,-0.00337795038341683
980,-0.0045489366480815
981,-0.00563522718484769
982,-0.00608251192574697
983,-0.00580466037378862
984,-0.00605141368659652
985,-0.0085561152528485
986,-0.0134132955894091
987,-0.0183224392674051
988,-0.0205910853701042
989,-0.0197519618352933
990,-0.0176782199443581
991,-0.016218695943116
992,-0.0153823503181479
993,-0.0140104803873017
994,-0.0115712849681235
995,-0.00872439073799594
996,-0.00639648641354324
997,-0.00486996493806883
998,-0.00378575725474812
999,-0.00265700349506992
1000,-0.00132675215355711
1001,-0.000181707876301745
1002,0.000143727338832076
1003,-0.000336421044902021
1004,-0.000363001867344692
1005,0.00169331680425045
1006,0.00597590616396053
1007,0.0104970403058272
1008,0.0128408033277317
1009,0.0124343419779725
1010,0.0107714589197355
1011,0.00951992353547523
1012,0.00892125923314898
1013,0.00810889524068093
1014,0.00642496174099353
1015,0.00402789799092786
1016,0.0015139313847576
1017,-0.000616381577964598
1018,-0.0022055993086429
1019,-0.00347776189061143
1020,-0.00476326901308876
1021,-0.00595061136385538
1022,-0.00644422237752025
1023,-0.00614868711189144
1024,-0.0063532709871718
1025,-0.00883750349857861
1026,-0.0136865873569273
1027,-0.0185439935176739
1028,-0.0207034608730216
1029,-0.019774073034415
1030,-0.0177094006974971
1031,-0.0163256883146877
1032,-0.0155192393013108
1033,-0.0140989029416019
1034,-0.0116327438667156
1035,-0.00885847268124075
1036,-0.00662602396824246
1037,-0.00509942003253197
1038,-0.00396334463366014
1039,-0.0028946562227555
1040,-0.00175777544116751
1041,-0.000736733964119131
1042,-0.000306650809990081
1043,-0.000584797683282269
1044,-0.000578776413437523
1045,0.00129534726345101
1046,0.0054072332816802
1047,0.00995066692229868
1048,0.0124293485242262
1049,0.0120988582514226
1050,0.0104495062774582
1051,0.0092703063675719
1052,0.00881042695590402
1053,0.00805830135450387
1054,0.00627500983123711
1055,0.00373152670576749
1056,0.00118155259878937
1057,-0.000866888511554505
1058,-0.0023677978645037
1059,-0.00360272818487944
1060,-0.00485605253285891
1061,-0.00597904668373971
1062,-0.00641923438881385
1063,-0.00612835273032961
1064,-0.00635671355189137
1065,-0.00880288898520627
1066,-0.0135453090748408
1067,-0.0183110987119569
1068,-0.020453712322418
1069,-0.0195292882533401
1070,-0.0173941567330814
1071,-0.0158656722520887
1072,-0.0149569545177568
1073,-0.0135559184692119
1074,-0.0111482299807858
1075,-0.00832241228226901
1076,-0.00591840796291568
1077,-0.00425642035484353
1078,-0.00312729567712944
1079,-0.00209702621461085
1080,-0.000837184610525559
1081,0.000469670459346868
1082,0.00112944080005347
1083,0.000858138014658539
1084,0.000745306167458397
1085,0.00260627400886403
1086,0.00688922347577903
1087,0.0116421234425072
1088,0.0141991784229386
1089,0.0138041865425286
1090,0.0120535449936992
1091,0.0108155966823551
1092,0.0103446645554967
1093,0.0096166168040713
1094,0.00789350963272921
1095,0.00542915692144715
1096,0.00292635194714352
1097,0.000851779148211528
1098,-0.000733376516369098
1099,-0.00205268693289978
1100,-0.00334986361879667
1101,-0.00449275921252195
1102,-0.00497707759534304
1103,-0.00477082551744649
1104,-0.00508782940937905
1105,-0.00760024041073958
1106,-0.0124398205333517
1107,-0.0174192968540628
1108,-0.0198669178031699
1109,-0.0191626691670493
1110,-0.0170123915056871
1111,-0.015313007605207
1112,-0.0143316006557343
1113,-0.0130989127882551
1114,-0.010970767907539
1115,-0.00830322174098373
1116,-0.00586896516072137
1117,-0.00411168398622581
1118,-0.00294219573657921
1119,-0.00193144480797902
1120,-0.000722200820001459
1121,0.000492022401684791
1122,0.0010309403130891
1123,0.000696594689845345
1124,0.000624848244777944
1125,0.00252665473213544
1126,0.00670340916397029
1127,0.0112242260343203
1128,0.0136051585862006
1129,0.0131890451631163
1130,0.011452965223969
1131,0.0101088100246264
1132,0.00945931207551734
1133,0.00868240212977018
1134,0.00711675905301392
1135,0.0048485271874969
1136,0.00237387000148962
1137,0.000164458127244493
1138,-0.0015292356125552
1139,-0.00280462586148429
1140,-0.00398209557618362
1141,-0.00508446906731798
1142,-0.00564063213746142
1143,-0.0055081013318918
1144,-0.00580137894601156
1145,-0.00821567093025434
1146,-0.0129618349924515
1147,-0.0178650793296396
1148,-0.020204837076085
1149,-0.0193649141123803
1150,-0.017138009541485
1151,-0.015470510455156
1152,-0.0145470866724324
1153,-0.0132750455014432
1154,-0.0110061891057173
1155,-0.00821158219571881
1156,-0.00574372125478444
1157,-0.00401490883661819
1158,-0.00288482662792451
1159,-0.0019308628112145
1160,-0.000796708301995878
1161,0.000385720336050031
1162,0.000965220986453173
1163,0.000646221222923934
1164,0.000460515990441423
1165,0.00219700150889904
1166,0.00634261236509822
1167,0.0109741050673074
1168,0.0133842432514382
1169,0.0127846844935684
1170,0.0108543075314193
1171,0.00959431068986136
1172,0.00927269107772213
1173,0.00873989359039491
1174,0.00716077137263801
1175,0.00481158447986858
1176,0.00241899771588706
1177,0.000373305957241111
1178,-0.0013217035207721
1179,-0.00277785000889314
1180,-0.00406747959412327
1181,-0.0050750132232101
1182,-0.00549778578720841
1183,-0.0054045132211146
1184,-0.00585405706436533
1185,-0.00831900465514986
1186,-0.0129515697279663
1187,-0.01774783904682
1188,-0.0201260250307633
1189,-0.0193956017366592
1190,-0.0171986071131464
1191,-0.0154671740375977
1192,-0.0144963460486185
1193,-0.0132577513086016
1194,-0.0110548413539393
1195,-0.00829049362431615
1196,-0.00580861138920461
1197,-0.00404355808480594
1198,-0.00286254436902046
1199,-0.0018567517127345
1200,-0.000711307993209659
1201,0.000420630367703956
1202,0.000937284332509723
1203,0.000614405820196345
1204,0.000478113457336718
1205,0.00223456821153273
1206,0.00633076877694267
1207,0.0109201072019787
1208,0.013390158946271
1209,0.0129149806801397
1210,0.0110191337165118
1211,0.00961571209950037
1212,0.00905428142827952
1213,0.00831619606057075
1214,0.00658417958518603
1215,0.00408308554191143
1216,0.00159208636462833
1217,-0.000349503441112221
1218,-0.00172876665248916
1219,-0.00290134782258469
1220,-0.00418465372158215
1221,-0.00538712978810032
1222,-0.00588525509623086
1223,-0.00559798180143402
1224,-0.00580240501971834
1225,-0.00825844985304819
1226,-0.0130982465500725
1227,-0.0180521902134806
1228,-0.0204019596072313
1229,-0.0195899054945271
1230,-0.0174101196431976
1231,-0.0157464525241394
1232,-0.0147686464665624
1233,-0.0134642684335614
1234,-0.0112466055670621
1235,-0.00851868007836235
1236,-0.00601747800575625
1237,-0.00417006242151436
1238,-0.00298501224306883
1239,-0.00212330829193142
1240,-0.00112617577279611
1241,2.30587710618596E-05
1242,0.000662743911878476
1243,0.00034994564444462
1244,4.50816249773171E-05
1245,0.00164870442823149
1246,0.00581231922859159
1247,0.0106451021595353
1248,0.0133115707946168
1249,0.0128577172471844
1250,0.010892691677457
1251,0.00948288759260831
1252,0.00901599069087202
1253,0.00837787592567692
1254,0.00663832808922433
1255,0.00399717098805428
1256,0.00131083914511221
1257,-0.000768254806737893
1258,-0.00217473764065256
1259,-0.00331930483183174
1260,-0.00461872003678055
1261,-0.00590276015638286
1262,-0.00645218788514818
1263,-0.00608454180546629
1264,-0.00610622213484803
1265,-0.00842172859385444
1266,-0.0132621774955925
1267,-0.0183057934003516
1268,-0.0207177886008452
1269,-0.0199199448026293
1270,-0.0177888774838522
1271,-0.0162269818717886
1272,-0.0152619748969257
1273,-0.0137382988096625
1274,-0.0111692734724895
1275,-0.00827526238516573
1276,-0.00598518098867168
1277,-0.00453489337157632
1278,-0.00354741418538328
1279,-0.0025438457421322
1280,-0.001310559211819
1281,-0.000120184363254517
1282,0.000399840274472765
1283,7.44959724283613E-05
1284,-3.34074407496578E-05
1285,0.00176873346746542
1286,0.00591175597938694
1287,0.0105757984558167
1288,0.0131768120214113
1289,0.0128452335593032
1290,0.0110137043790269
1291,0.009572686925769
1292,0.00896332466893279
1293,0.00825473720551309
1294,0.00658160165603053
1295,0.00403886639478735
1296,0.00137574593242363
1297,-0.000738303562424537
1298,-0.00215330952056248
1299,-0.00324427022339108
1300,-0.0044651841434773
1301,-0.00570560897751355
1302,-0.00629247536763012
1303,-0.00605659624462681
1304,-0.00625496844489431
1305,-0.00868438379925883
1306,-0.0134955660686027
1307,-0.0184047521970837
1308,-0.0207032251888702
1309,-0.0198908805193168
1310,-0.0177985253547476
1311,-0.0162410782135683
1312,-0.0152432833629426
1313,-0.0137299993694406
1314,-0.0112519205622576
1315,-0.00844557198648687
1316,-0.00611482217619986
1317,-0.00447557197058122
1318,-0.00327123145629395
1319,-0.00216566440451005
1320,-0.00097979351258824
1321,8.8563139802176E-05
1322,0.000493785162273402
1323,8.68412185993015E-05
1324,-6.64787934244886E-05
1325,0.00174144439416446
1326,0.00593033922670502
1327,0.0106139065307442
1328,0.0131663787788897
1329,0.0127958530342747
1330,0.0110549385303538
1331,0.00980077725418932
1332,0.00927247253128449
1333,0.00842853323751834
1334,0.00657962878795215
1335,0.00408193784810868
1336,0.00166129203162778
1337,-0.000326713118147195
1338,-0.00192469462480688
1339,-0.00331377467667729
1340,-0.0046313041150021
1341,-0.00574367610771245
1342,-0.00622843814241483
1343,-0.00605322423604564
1344,-0.00633181449159322
1345,-0.0087038085298044
1346,-0.0133993082548879
1347,-0.0183093052923971
1348,-0.0207179467979847
1349,-0.0199605974684211
1350,-0.0178060885928107
1351,-0.0161861433851893
1352,-0.0152217718616614
1353,-0.0137735982989555
1354,-0.0112926602481292
1355,-0.00844741377283442
1356,-0.00615466348114944
1357,-0.00465064472283681
1358,-0.00357528036084154
1359,-0.00250441057439433
1360,-0.00128578330652353
1361,-0.000200453788138679
1362,0.000176109870244116
1363,-0.000265056021631609
1364,-0.000420512501572681
1365,0.00140043528912529
1366,0.00557426331969725
1367,0.0102049035703431
1368,0.0126973375706289
1369,0.0122804573166844
1370,0.0104944977627893
1371,0.00920207799435552
1372,0.00870512278708627
1373,0.00801267653312934
1374,0.00636902142892507
1375,0.00398538602254628
1376,0.00153383415420103
1377,-0.000527478505059854
1378,-0.00213506687535902
1379,-0.00350740390603785
1380,-0.00486754098621394
1381,-0.00602867381867708
1382,-0.00642277941961197
1383,-0.0060266442638103
1384,-0.00617734085463472
1385,-0.00867809203473345
1386,-0.0136271536498461
1387,-0.0186443760350331
1388,-0.0209464337263307
1389,-0.0200609485291544
1390,-0.0179257747501608
1391,-0.0164148512089854
1392,-0.0154970821126764
1393,-0.0140134569287903
1394,-0.0115172358928271
1395,-0.00871661657614035
1396,-0.00644843760987245
1397,-0.00488719176827546
1398,-0.00372644733442651
1399,-0.00262053541477306
1400,-0.00139609104426071
1401,-0.000254180533875484
1402,0.000222503195185254
1403,-0.000189379316485491
1404,-0.000449271878858983
1405,0.00124092600831523
1406,0.00542645245708143
1407,0.0102304319829228
1408,0.0129022342465396
1409,0.0125465422213402
1410,0.0107646581373487
1411,0.00954516376781348
1412,0.00915597893895618
1413,0.00842065304574499
1414,0.00650236235312149
1415,0.00378339578311099
1416,0.00118239702363458
1417,-0.000790090129235665
1418,-0.00222661597173675
1419,-0.00349345021421531
1420,-0.00482629682836712
1421,-0.00600130792119789
1422,-0.00645502101047033
1423,-0.00614942967492421
1424,-0.00631912184189046
1425,-0.00868065413904976
1426,-0.0134169359004199
1427,-0.0183534300535402
1428,-0.0207932504512868
1429,-0.0201083920237387
1430,-0.018010911921124
1431,-0.0163410951116941
1432,-0.0152596944782896
1433,-0.0137975150667183
1434,-0.0114849657459678
1435,-0.00883601065009071
1436,-0.00654783800383007
1437,-0.00485344828438285
1438,-0.00361665954467116
1439,-0.00257384730733008
1440,-0.00146408587894963
1441,-0.000342893450527173
1442,0.000255858451655274
1443,3.3039173162592E-05
1444,-7.47620174442574E-05
1445,0.00168451749941662
1446,0.00586893465091013
1447,0.0106344956401457
1448,0.0132591446912047
1449,0.0128553804763872
1450,0.0109995541020008
1451,0.00965460328757481
1452,0.00912886156870088
1453,0.008356378667904
1454,0.00656946917341034
1455,0.00407080711341432
1456,0.00160576400364504
1457,-0.000401675564709898
1458,-0.00195495397362698
1459,-0.0032723984818733
1460,-0.00455287380375581
1461,-0.00565878885560676
1462,-0.00610107204385993
1463,-0.00582336126760005
1464,-0.00601975757520235
1465,-0.00843317198069113
1466,-0.0132937882171558
1467,-0.0183794260153225
1468,-0.0208599179687285
1469,-0.0200510374567605
1470,-0.0177899970097227
1471,-0.016100367520878
1472,-0.0151655139548194
1473,-0.0138475097078034
1474,-0.0115254282266411
1475,-0.00875727622281819
1476,-0.00639508187235895
1477,-0.00472129579051222
1478,-0.00349832571426624
1479,-0.00238702677518352
1480,-0.00120563435877734
1481,-0.000134615861896641
1482,0.000306994074387556
1483,-3.10795558595709E-05
1484,-0.000118924441407468
1485,0.00172040982883392
1486,0.00590624925138556
1487,0.0105631317500588
1488,0.0130689591360457
1489,0.0126420623579486
1490,0.0108611190404829
1491,0.0096057137020159
1492,0.00911584841468411
1493,0.00833903070151108
1494,0.00657316664905646
1495,0.00415164069447036
1496,0.00177219300467255
1497,-0.000211840639973443
1498,-0.00181212212024885
1499,-0.00319247710201312
1500,-0.00451861158487486
1501,-0.00567965643976946
1502,-0.00620333140585719
1503,-0.00597652160922537
1504,-0.00612691182481897
1505,-0.0084317377285607
1506,-0.0132379587550739
1507,-0.0183836300065645
1508,-0.0209780406558497
1509,-0.0202505288258097
1510,-0.0180249164574262
1511,-0.0163477882986437
1512,-0.015384539266213
1513,-0.0139728589532853
1514,-0.0115425267040075
1515,-0.00873875517156201
1516,-0.00641544091538344
1517,-0.00477326292930144
1518,-0.00355360313973125
1519,-0.00249844200306316
1520,-0.00144499913917428
1521,-0.000420564192262884
1522,0.000196187643023937
1523,0.000123735949124245
1524,7.9982175241605E-05
1525,0.00165092665432094
1526,0.00555845042108054
1527,0.0102704713428202
1528,0.0131021818050127
1529,0.0128698727799813
1530,0.010926131156456
1531,0.00938046903603154
1532,0.00883743978293823
1533,0.00826718753384955
1534,0.00664732329625991
1535,0.00408648083449055
1536,0.00142226808436372
1537,-0.000708831133647355
1538,-0.00224774158848509
1539,-0.00351893094678689
1540,-0.00481449998540531
1541,-0.00597935500286674
1542,-0.00646197729734347
1543,-0.0061752797072712
1544,-0.00631391767392154
1545,-0.0086441614331837
1546,-0.0134598411819818
1547,-0.0186105204859401
1548,-0.0212487885803503
1549,-0.0205551968796261
1550,-0.0182405578472835
1551,-0.0163610857652087
1552,-0.0152680404966824
1553,-0.0139452026451871
1554,-0.0117266108249545
1555,-0.00903891756431083
1556,-0.00668204780816545
1557,-0.0050072213199178
1558,-0.00384891889963683
1559,-0.0028296027802332
1560,-0.00165669810565822
1561,-0.000469663381594029
1562,0.000114529945055652
1563,-0.000195751867187887
1564,-0.000397954278350387
1565,0.00130865605486365
1566,0.00548708453767359
1567,0.0102696803917713
1568,0.0129007728187345
1569,0.0124743363488577
1570,0.0105847955891944
1571,0.00923720664060241
1572,0.00876210574151311
1573,0.00806942707258514
1574,0.00634565386773001
1575,0.00386406203154154
1576,0.00136869270704155
1577,-0.000700190536069649
1578,-0.00232867779874155
1579,-0.00373211965339763
1580,-0.00512149926479548
1581,-0.00635417023791877
1582,-0.00689083527499448
1583,-0.00661285817303815
1584,-0.00671088474366105
1585,-0.00899290747501088
1586,-0.013751898664374
1587,-0.0187758553149915
1588,-0.0212217132219898
1589,-0.0204037637425243
1590,-0.0181459834128062
1591,-0.0164395748410127
1592,-0.0154772307252257
1593,-0.0141927098173214
1594,-0.0119904872202913
1595,-0.00932354846722033
1596,-0.00692635489129301
1597,-0.005127068979388
1598,-0.00383524178488251
1599,-0.00272216707573936
1600,-0.00145923550058643
1601,-0.000196644094362871
1602,0.000333736105991685
1603,-0.000178853209973462
1604,-0.000506956796070467
1605,0.00138098645300714
1606,0.00593223059282905
1607,0.0108959414303487
1608,0.0133289250670007
1609,0.0125508028349295
1610,0.0104966799311189
1611,0.00926022363908618
1612,0.0090193420821382
1613,0.00851242620540077
1614,0.0068141595674413
1615,0.00413714552143008
1616,0.00131518349953017
1617,-0.000928855002624503
1618,-0.00236478866419198
1619,-0.00335786112040201
1620,-0.00449576048453561
1621,-0.00578214928595037
1622,-0.00645667911716921
1623,-0.00618374555650914
1624,-0.0062451109669697
1625,-0.00864559685457805
1626,-0.013635555922451
1627,-0.0187816939665196
1628,-0.0211767566205561
1629,-0.0202935486277893
1630,-0.0180610441285611
1631,-0.0163634708309697
1632,-0.015263388165519
1633,-0.0137566803170052
1634,-0.0114260806591117
1635,-0.00879401600179124
1636,-0.00649989220516267
1637,-0.00476036607669846
1638,-0.00348989677708568
1639,-0.00244867163742257
1640,-0.00133770149336951
1641,-0.000192888893229085
1642,0.000411287862944718
1643,0.000148949478380582
1644,3.08800548122342E-06
1645,0.00178685685337025
1646,0.00605092893706056
1647,0.0108862634323456
1648,0.0135176856711947
1649,0.0130528367841424
1650,0.0111069409821428
1651,0.00971109756462906
1652,0.00922451050306274
1653,0.00853963351171196
1654,0.00676211790362525
1655,0.00411994605191211
1656,0.00145362969269745
1657,-0.000634365228152748
1658,-0.0021049750023152
1659,-0.00333572518878017
1660,-0.0046920986908509
1661,-0.00599286116917371
1662,-0.00654167556439359
1663,-0.00616496435306322
1664,-0.00616835671486181
1665,-0.00849101938910408
1666,-0.0134163606851061
1667,-0.0186099560850719
1668,-0.0211461290242975
1669,-0.020379658737878
1670,-0.0182146622748535
1671,-0.0166107842082154
1672,-0.0155993463943116
1673,-0.0140132529844135
1674,-0.0114089181614794
1675,-0.00854863092578848
1676,-0.00629914995393111
1677,-0.00479338241296184
1678,-0.00368492677424336
1679,-0.00265019553671505
1680,-0.00152306003528489
1681,-0.000410750699635646
1682,0.000207370966109772
1683,4.36479526950682E-05
1684,-7.62205533361594E-05
1685,0.00152225756269544
1686,0.00550824088273079
1687,0.0102254653104933
1688,0.0129757648706374
1689,0.0127118547860437
1690,0.0108928720887694
1691,0.00954404761198384
1692,0.00907704803934281
1693,0.00838476533295293
1694,0.00656666967107657
1695,0.00390751696825647
1696,0.00129993051065112
1697,-0.000698339035424042
1698,-0.00213332376454534
1699,-0.00338171038765947
1700,-0.00473484342322494
1701,-0.00600189387209048
1702,-0.00657214911974069
1703,-0.00630794719449344
1704,-0.00640375785204709
1705,-0.00867230903720013
1706,-0.0134484222867295
1707,-0.018585033504382
1708,-0.0212271506325059
1709,-0.0205704278567316
1710,-0.0183429344774049
1711,-0.0165694762963568
1712,-0.0155183973908522
1713,-0.0141108773695178
1714,-0.011716653910445
1715,-0.00888396138078764
1716,-0.00650355399514012
1717,-0.00488489644292227
1718,-0.00373499912289169
1719,-0.00262663959325851
1720,-0.00137158210149153
1721,-0.00023681631399454
1722,0.000188077738208225
1723,-0.000232130148321436
1724,-0.000411229086529824
1725,0.00137330281210311
1726,0.00559258142582248
1727,0.0104189627387644
1728,0.0131777304628387
1729,0.0129099722764182
1730,0.0110708425944241
1731,0.00965033542760328
1732,0.00911465072311696
1733,0.0084397686944095
1734,0.00669698234335382
1735,0.00406635789967958
1736,0.00142156348204309
1737,-0.000597920115707993
1738,-0.00201438304873224
1739,-0.00329574607094174
1740,-0.00478156617579002
1741,-0.00616925296243132
1742,-0.00671445686100563
1743,-0.0063212288468725
1744,-0.0063463751740807
1745,-0.00864827270077134
1746,-0.0134313613667783
1747,-0.0184573540829008
1748,-0.0209821311444725
1749,-0.0203671378081789
1750,-0.0183101777115341
1751,-0.0166319876410703
1752,-0.0154998962135785
1753,-0.0139717728855708
1754,-0.0115841042177211
1755,-0.00883465996953869
1756,-0.00642743690421471
1757,-0.00464042125922232
1758,-0.00336742414640178
1759,-0.00231395856936845
1760,-0.00116691915929424
1761,7.20435793631548E-06
1762,0.000589644503255199
1763,0.000222336246520791
1764,-9.2816633924577E-05
1765,0.00154810561487815
1766,0.00578740909123399
1767,0.0106987763056442
1768,0.013392732723009
1769,0.0129093850115177
1770,0.0109198847676945
1771,0.00953364411320029
1772,0.0090966700507802
1773,0.00844816953420748
1774,0.00670901792211721
1775,0.00415731447819987
1776,0.0015919888768858
1777,-0.000503045600814654
1778,-0.00211205620987499
1779,-0.00347289671275317
1780,-0.00481622133090928
1781,-0.00600748308708867
1782,-0.00650301278358418
1783,-0.00616746959074623
1784,-0.00618590494897324
1785,-0.00841532499354378
1786,-0.0132425388073112
1787,-0.0184916831325205
1788,-0.0212109522713333
1789,-0.0205348356550829
1790,-0.0182185507558315
1791,-0.0163533171796553
1792,-0.0152573544413348
1793,-0.013882782559726
1794,-0.0116037097094983
1795,-0.00890576541890974
1796,-0.00656925892730947
1797,-0.00486476815261019
1798,-0.00360430637160498
1799,-0.00249092712248786
1800,-0.0013099065978953
1801,-0.000166008868797431
1802,0.000417319957305667
1803,0.000149153139000428
1804,-7.64043525703855E-05
1805,0.00150123298431395
1806,0.0055979183143068
1807,0.0105321674718583
1808,0.0134859958942665
1809,0.0132437960363934
1810,0.0112045846765974
1811,0.00955798526807545
1812,0.00897177847050476
1813,0.00840017095699768
1814,0.00673870566118389
1815,0.00407399330714054
1816,0.00135651107096595
1817,-0.000669432489707598
1818,-0.00203931320293213
1819,-0.00330800280548778
1820,-0.00483371674636951
1821,-0.00624159243344428
1822,-0.00673982422664893
1823,-0.00627958485583761
1824,-0.00628524065353947
1825,-0.00861245437239075
1826,-0.0134198717332949
1827,-0.018459782359338
1828,-0.0210074995650634
1829,-0.0204026015835959
1830,-0.0182887803200189
1831,-0.0164967333564176
1832,-0.0152966348613953
1833,-0.0138306525810546
1834,-0.011588575726776
1835,-0.00892790074290132
1836,-0.00646001964454059
1837,-0.00450247048781798
1838,-0.00308045061419192
1839,-0.00201619230607348
1840,-0.00100879228256726
1841,-1.80033326562628E-05
1842,0.000472873705605567
1843,0.000136061845953251
1844,-0.000129632420630445
1845,0.00148014793176793
1846,0.00564969286164005
1847,0.0105767025070439
1848,0.0133922552972246
1849,0.013012107927873
1850,0.0110086283825628
1851,0.00954830933021505
1852,0.00908500201259993
1853,0.00844394429892483
1854,0.00664218893093567
1855,0.00394882025092874
1856,0.00128902970031871
1857,-0.000769371863258519
1858,-0.00229350581625514
1859,-0.00364973184755424
1860,-0.0050576918546809
1861,-0.0062609492024626
1862,-0.0066771003528924
1863,-0.00628021878064423
1864,-0.00635183064331703
1865,-0.00868109776495965
1866,-0.0134995470917248
1867,-0.0185889625504105
1868,-0.0211258198023962
1869,-0.0203948302221825
1870,-0.0181681573235675
1871,-0.016436032057532
1872,-0.0154258239437746
1873,-0.0140714929665945
1874,-0.0117525510564466
1875,-0.0089415373718391
1876,-0.0064344735497256
1877,-0.00459751051165851
1878,-0.00335149416880506
1879,-0.00238869069131028
1880,-0.00134992331039839
1881,-0.000216174571064628
1882,0.000457661077920587
1883,0.000259059606461159
1884,3.4070508652648E-05
1885,0.00159221729811735
1886,0.00566682026341608
1887,0.0105199501069292
1888,0.0133400601125683
1889,0.0130603908470128
1890,0.0111990967347983
1891,0.00982555333276413
1892,0.00934753876713403
1893,0.00864175150390779
1894,0.00679748649145743
1895,0.0040794615796231
1896,0.00136442527174482
1897,-0.000754768236752163
1898,-0.00224245768304594
1899,-0.00343647903312067
1900,-0.0046975081968822
1901,-0.00594549198400826
1902,-0.0065878108913265
1903,-0.00638174330305223
1904,-0.00641513075142706
1905,-0.00851809029122766
1906,-0.0131505486077156
1907,-0.0182770570013948
1908,-0.021053106574213
1909,-0.0205897615830473
1910,-0.0184916298167108
1911,-0.0166960660195726
1912,-0.0154971816533729
1913,-0.0139579883342536
1914,-0.0115709220891422
1915,-0.00883411656731465
1916,-0.00646326501772933
1917,-0.00470295389115279
1918,-0.00341530972429107
1919,-0.00234566433576027
1920,-0.00124323754178559
1921,-0.000149105369459119
1922,0.000419719994804683
1923,0.000138436200938096
1924,-9.83567500322837E-05
1925,0.00149338385660225
1926,0.0055957909708572
1927,0.0104575704802815
1928,0.0132894135975981
1929,0.0130261036735969
1930,0.0111487122620379
1931,0.00970949454199822
1932,0.00916762318699521
1933,0.00847331657244421
1934,0.00672659358552948
1935,0.00413785245267711
1936,0.0015375065469029
1937,-0.000498354256272003
1938,-0.00197532485424203
1939,-0.00328990323458602
1940,-0.00476057759992864
1941,-0.00612156968907318
1942,-0.0066362972335829
1943,-0.00617831918166547
1944,-0.00612891056514468
1945,-0.00844120845756713
1946,-0.0133552745656994
1947,-0.0185279775057581
1948,-0.0210890540714048
1949,-0.0204179366042454
1950,-0.0183427847575985
1951,-0.0167346617555663
1952,-0.0156551180393011
1953,-0.0140484609776234
1954,-0.0114996615238819
1955,-0.00867799567241193
1956,-0.0063850961049212
1957,-0.00481455563772761
1958,-0.00369325170192643
1959,-0.0026491587892985
1960,-0.00142578604226441
1961,-0.000174961338660326
1962,0.000467093620176348
1963,0.000162544687938018
1964,-0.000113666338745507
1965,0.0014796811237399
1966,0.00559303279893597
1967,0.0104133822217252
1968,0.0131487251299248
1969,0.0127982026504699
1970,0.0109101323393575
1971,0.00955032046408856
1972,0.00913354998367003
1973,0.00854044717689683
1974,0.00681955780051896
1975,0.0041774238909835
1976,0.00148361358032572
1977,-0.000629601914208756
1978,-0.00211724674656525
1979,-0.00335221658973776
1980,-0.00469076683855654
1981,-0.00596945333203696
1982,-0.00653193827739297
1983,-0.00619931737477415
1984,-0.00619556369080418
1985,-0.00839561307631561
1986,-0.0131583211458938
1987,-0.018324753710664
1988,-0.0210406734853764
1989,-0.0205097499562585
1990,-0.0184150541880501
1991,-0.01668749895434
1992,-0.0155616111330793
1993,-0.0140559664073638
1994,-0.0116664388634055
1995,-0.00892594395931544
1996,-0.00657601316997701
1997,-0.00485133788382248
1998,-0.00358160688680314
1999,-0.00249290016816975
2000,-0.00134052990835817
2001,-0.000179807400676901
2002,0.00045238051142498
2003,0.000189754738132231
2004,-0.000110698924957771
2005,0.00137119676825293
2006,0.00542935289252995
2007,0.0103739570482829
2008,0.0133209292422377
2009,0.0130500835569864
2010,0.0110384544517745
2011,0.0095173234502418
2012,0.00908267736182681
2013,0.0085860407446752
2014,0.00690103170349618
2015,0.00415684283981456
2016,0.00133198248817844
2017,-0.00080552676336326
2018,-0.00221772749979886
2019,-0.00339672198585367
2020,-0.0047721911689639
2021,-0.00613598123775263
2022,-0.00674727777601316
2023,-0.00640567263033426
2024,-0.00637809060554447
2025,-0.00857222013793095
2026,-0.0133289451785452
2027,-0.0184589546730232
2028,-0.0211162389774372
2029,-0.020538729182216
2030,-0.0184178722791695
2031,-0.0166570366301161
2032,-0.0154767065381242
2033,-0.0139287766937649
2034,-0.0115534801926103
2035,-0.00888351325225939
2036,-0.00661864083242406
2037,-0.00495665262849274
2038,-0.00371168933745999
2039,-0.00259752008532996
2040,-0.00137035198873718
2041,-0.000135681773245518
2042,0.000493707223702851
2043,0.000145879569376914
2044,-0.000220155090211712
2045,0.00131319278734442
2046,0.00549617667279523
2047,0.0104911895695668
2048,0.0133452840128684
2049,0.0129347520362495
2050,0.0108665553206157
2051,0.00936977763582454
2052,0.00893617304604313
2053,0.00838148806732442
2054,0.00666985646478473
2055,0.00401324194986013
2056,0.00134249702976385
2057,-0.000686738413080073
2058,-0.00206609818693155
2059,-0.00322158510786809
2060,-0.00454779982630157
2061,-0.00589629625333275
2062,-0.00658538600888226
2063,-0.00636743410607678
2064,-0.00640095595723515
2065,-0.00855553872718893
2066,-0.0132380592574422
2067,-0.0183325673716957
2068,-0.0209963484974192
2069,-0.0204397739316388
2070,-0.018363724589634
2071,-0.0167004897911476
2072,-0.0156523186017622
2073,-0.014204648744712
2074,-0.0118533894503413
2075,-0.00914597900199033
2076,-0.00681646049070329
2077,-0.00507776207372178
2078,-0.0037615637277099
2079,-0.00262411029718562
2080,-0.00144496599646482
2081,-0.000276617098354955
2082,0.000363791182927298
2083,0.000133299693867741
2084,-9.57172936735048E-05
2085,0.00147839438236455
2086,0.00558792447541135
2087,0.010496313272917
2088,0.0133634299944415
2089,0.0130722316619877
2090,0.011122426921689
2091,0.00962435259206729
2092,0.00905260190074287
2093,0.00832780937872423
2094,0.00655026308281131
2095,0.00397744274452596
2096,0.0014527831066291
2097,-0.000506908880615274
2098,-0.00195164711062767
2099,-0.00323230651840293
2100,-0.00461357597970537
2101,-0.00589364588830999
2102,-0.00646337018992155
2103,-0.00619663275299132
2104,-0.00630884908105877
2105,-0.00862808178724696
2106,-0.0134769819340243
2107,-0.0186774749028513
2108,-0.0213641874742711
2109,-0.0207550112825547
2110,-0.0185814434137105
2111,-0.0168112782756617
2112,-0.015656643620301
2113,-0.0140922124302595
2114,-0.011631753835241
2115,-0.00888133403287299
2116,-0.00659666829442414
2117,-0.00491395211644336
2118,-0.00357212109836199
2119,-0.00235728482499715
2120,-0.00117562389899257
2121,-0.000115674687777353
2122,0.000426272503713748
2123,0.000195813936012035
2124,-4.43418958593966E-05
2125,0.0013535774852783
2126,0.00520700284481073
2127,0.0100650517733102
2128,0.0132034514143169
2129,0.013263977385477
2130,0.0114363652869332
2131,0.0098283774405261
2132,0.00916582198717086
2133,0.00849937673860241
2134,0.00678809594686225
2135,0.0041236018101306
2136,0.00139837238119715
2137,-0.000703680633463981
2138,-0.00217978945306533
2139,-0.00346188538409598
2140,-0.0048682915021019
2141,-0.00615969426497991
2142,-0.00668961411279209
2143,-0.0063484239773177
2144,-0.00636475660901501
2145,-0.00854895537535218
2146,-0.0132428668172647
2147,-0.0183533806728371
2148,-0.021073143370112
2149,-0.0205696007968133
2150,-0.0184785249459466
2151,-0.0167428297104451
2152,-0.015619617476834
2153,-0.0140999573193015
2154,-0.0116562441513924
2155,-0.00887810546157088
2156,-0.00658166340829691
2157,-0.00496665764455521
2158,-0.003739358396374
2159,-0.00257910729167554
2160,-0.00133661876995392
2161,-0.000164210045958637
2162,0.000436180262387501
2163,0.000187706581264289
2164,-6.99001132260074E-05
2165,0.00137602772759202
2166,0.00530020127210874
2167,0.0101479720516088
2168,0.013161639661713
2169,0.0130672884567455
2170,0.0111654269815067
2171,0.00959648896322177
2172,0.0090450414780389
2173,0.00851138130457273
2174,0.00691223753486128
2175,0.00428592449947591
2176,0.00149580596756051
2177,-0.000715389060050833
2178,-0.00223082428618797
2179,-0.0034419718190304
2180,-0.00475297829845224
2181,-0.00602609777452698
2182,-0.00660968711230044
2183,-0.00631795933688848
2184,-0.00635456080772504
2185,-0.00857585810614144
2186,-0.0133483885811007
2187,-0.0185402249987035
2188,-0.0213038749631951
2189,-0.0208115583654378
2190,-0.0187122428834681
2191,-0.0169431405290848
2192,-0.0157762877157336
2193,-0.014252490845521
2194,-0.0118585155230093
2195,-0.00911920590687747
2196,-0.00678444183657643
2197,-0.00507480305639983
2198,-0.00376560957124201
2199,-0.00256025346481125
2200,-0.001296612704654
2201,-0.000141514118008511
2202,0.000396086595420196
2203,0.000119246528379501
2204,-4.15365975213793E-05
2205,0.00155087270746532
2206,0.00546164509028428
2207,0.0100821957104054
2208,0.0129002711154889
2209,0.0129064878806219
2210,0.011321526348061
2211,0.00993728482227648
2212,0.00925627687673061
2213,0.00846688389334223
2214,0.0067641530814889
2215,0.00421741514194617
2216,0.00152275005722375
2217,-0.000661759626699416
2218,-0.00214666549412072
2219,-0.00327163086829178
2220,-0.00450818480292979
2221,-0.00578205955604582
2222,-0.00638921405357883
2223,-0.00606095278210382
2224,-0.00601998480847128
2225,-0.00820911362276111
2226,-0.0130153105962669
2227,-0.0182438119728208
2228,-0.0210127187878456
2229,-0.0205390171232525
2230,-0.0185088623783516
2231,-0.0168159927652774
2232,-0.0156737294464459
2233,-0.014144840338577
2234,-0.0117806694974585
2235,-0.0090966372000588
2236,-0.00676775519347956
2237,-0.00502129827903646
2238,-0.00375905476530183
2239,-0.00273741337085471
2240,-0.00161461913567508
2241,-0.000329297762487356
2242,0.000537004786782195
2243,0.000419911879906621
2244,4.65158315958995E-05
2245,0.00133601302193041
2246,0.00529755417112831
2247,0.0103282200652082
2248,0.0134282124196822
2249,0.0132224738065162
2250,0.0111666357894734
2251,0.00958719224195569
2252,0.0091540398405649
2253,0.00870289544367236
2254,0.00705715112995112
2255,0.00433202159726796
2256,0.00152735920647762
2257,-0.000575744393600092
2258,-0.00195489654809228
2259,-0.00312815026169863
2260,-0.00453199830725448
2261,-0.00593071243204152
2262,-0.00653676535433593
2263,-0.00612990708566969
2264,-0.00602095060805444
2265,-0.00819749678398788
2266,-0.0130297672016274
2267,-0.0182586329119073
2268,-0.0209375112409943
2269,-0.0203000764748942
2270,-0.0181575705524065
2271,-0.0165267100369067
2272,-0.015586846323006
2273,-0.0142141808844008
2274,-0.0118200404578913
2275,-0.00898662646015071
2276,-0.00656938149208424
2277,-0.004851865218127
2278,-0.00360645874002122
2279,-0.00248260342589193
2280,-0.00124448848121487
2281,-3.3620211834203E-05
2282,0.000558030210322114
2283,0.000207287577309954
2284,-0.000145958742059226
2285,0.00134508202745174
2286,0.00544494990587325
2287,0.010456345482143
2288,0.0135222666274598
2289,0.0133955176499344
2290,0.0114326572485677
2291,0.00977434496152681
2292,0.00910938553384896
2293,0.00851715958053819
2294,0.00699030727606677
2295,0.00451498975775228
2296,0.00181159093937178
2297,-0.000438491272138801
2298,-0.00203133676287628
2299,-0.00325666627937008
2300,-0.00454521841618402
2301,-0.00586559983755666
2302,-0.00658627952290042
2303,-0.00640489084333689
2304,-0.00640462432112521
2305,-0.00845896282302198
2306,-0.0130686261522196
2307,-0.0182087113518494
2308,-0.0210156364877711
2309,-0.020566245251113
2310,-0.0184483812282874
2311,-0.0166301045108145
2312,-0.0154610616290659
2313,-0.0140151154956945
2314,-0.0117230602806186
2315,-0.00901484142987534
2316,-0.006612264654932
2317,-0.00482651906437662
2318,-0.0035566832578657
2319,-0.00250784395833855
2320,-0.0013651515521771
2321,-0.000167333465085018
2322,0.000487812815796272
2323,0.000178447206701547
2324,-0.00021311215366085
2325,0.00121720678356484
2326,0.0053255045996856
2327,0.0104187024181892
2328,0.0135572639275559
2329,0.013442309487691
2330,0.0114771219021746
2331,0.00986822576830849
2332,0.00927406956645653
2333,0.00866549985483903
2334,0.0069915215820963
2335,0.00434185664196963
2336,0.00158748933101367
2337,-0.000560946666846715
2338,-0.00202237974768825
2339,-0.00321578022873874
2340,-0.00455931288063278
2341,-0.00589223837808828
2342,-0.00650384423917263
2343,-0.00617137476995815
2344,-0.00613260580676207
2345,-0.00830357245750576
2346,-0.0130481426133277
2347,-0.0181765252174015
2348,-0.0208378763125736
2349,-0.0202994652404394
2350,-0.0182858006845154
2351,-0.0166685686438134
2352,-0.0155892215902092
2353,-0.0140788851738045
2354,-0.0117464904197484
2355,-0.00916120755235892
2356,-0.00692806693173442
2357,-0.00513143575694833
2358,-0.00365360959598057
2359,-0.00243361132884642
2360,-0.00133558788039341
2361,-0.000295038353907995
2362,0.000314340510431992
2363,0.000108838511389993
2364,-0.000202659595442563
2365,0.00115444248168919
2366,0.00510502721518884
2367,0.0100903032020549
2368,0.0131903934181698
2369,0.0130395954570396
2370,0.0110319289928737
2371,0.00944214852433207
2372,0.00896432715647701
2373,0.00852106023908217
2374,0.00699576418090243
2375,0.00445000668506823
2376,0.00173891105758503
2377,-0.000446654140537397
2378,-0.00200444910402588
2379,-0.00327980059393101
2380,-0.0046431381162836
2381,-0.00596648703146841
2382,-0.00658361575093001
2383,-0.00624407635350557
2384,-0.00614123886525275
2385,-0.00824846723739651
2386,-0.0130520419587073
2387,-0.0183632274879126
2388,-0.0211511961320354
2389,-0.0205271546217515
2390,-0.0182964071163733
2391,-0.0165573608401239
2392,-0.0155321218280068
2393,-0.0140925848723337
2394,-0.0116792938359437
2395,-0.00891335470816829
2396,-0.00658832289550235
2397,-0.004857700036879
2398,-0.00349013468525158
2399,-0.00231659320865526
2400,-0.00123713652938739
2401,-0.000265598475136826
2402,0.000261942719729209
2403,7.76825242997459E-05
2404,-9.01931088650721E-05
2405,0.00140480956895526
2406,0.00535635756537703
2407,0.0102125096974638
2408,0.0131717008847647
2409,0.0129729175558657
2410,0.0110294450214808
2411,0.00955750503884981
2412,0.00914756062298733
2413,0.00863073708445307
2414,0.0069025225529884
2415,0.00417449230669529
2416,0.00146514882225458
2417,-0.00054449090014361
2418,-0.00194659264980148
2419,-0.00324724455349564
2420,-0.00475518258982436
2421,-0.00614768045507412
2422,-0.00668157539368208
2423,-0.00622584141485066
2424,-0.00610643847897601
2425,-0.00826842057869093
2426,-0.0130810068983416
2427,-0.018337915186347
2428,-0.0211096647026985
2429,-0.0205619664437573
2430,-0.018415960396808
2431,-0.0166647898096388
2432,-0.0155507872302028
2433,-0.014057337086845
2434,-0.0116796757372065
2435,-0.00898916543260466
2436,-0.00671678335422438
2437,-0.005011689410032
2438,-0.00365813691985676
2439,-0.00247014831684908
2440,-0.00132793979539025
2441,-0.000274759692019808
2442,0.000294016645663295
2443,8.33548461582593E-05
2444,-0.000159199428405862
2445,0.00124843921923248
2446,0.00514288690166397
2447,0.0100274311540597
2448,0.0131204705725753
2449,0.0130809445477105
2450,0.0111807065924887
2451,0.00958507987083142
2452,0.00900955135248953
2453,0.00846441653378694
2454,0.00687019005386569
2455,0.00427059904118456
2456,0.00151502199423861
2457,-0.00068812957363161
2458,-0.00223434035531478
2459,-0.00347661852334567
2460,-0.00477049497754777
2461,-0.00598285402463193
2462,-0.00651568294705767
2463,-0.00621596476321765
2464,-0.00625969319758442
2465,-0.00845341293074305
2466,-0.0131496711094466
2467,-0.0182470592420165
2468,-0.0209432742875593
2469,-0.0204441681298293
2470,-0.0184030465698348
2471,-0.0167229313419663
2472,-0.0156296992855732
2473,-0.0141560596406405
2474,-0.0118144264068776
2475,-0.0091167920861537
2476,-0.0067480418472838
2477,-0.0049261299614578
2478,-0.00356042259149614
2479,-0.00247083784443905
2480,-0.00138026865319077
2481,-0.000204573026709071
2482,0.000564122187153468
2483,0.000400444570709811
2484,-1.95546238544859E-05
2485,0.00118409161217535
2486,0.00507964458039298
2487,0.0101526129364191
2488,0.0133913849087244
2489,0.0133034427471211
2490,0.0112444882593292
2491,0.00954958656359971
2492,0.00898289121173681
2493,0.00848841010347576
2494,0.00694542494849307
2495,0.00441209329028327
2496,0.00171502065283901
2497,-0.000509933250589592
2498,-0.00216467270739708
2499,-0.00349805933789437
2500,-0.00478471937325432
2501,-0.00595264863128356
2502,-0.00650792041862544
2503,-0.00626581123114754
2504,-0.00627018964090832
2505,-0.00832253224531372
2506,-0.0129659354267887
2507,-0.0182391126660927
2508,-0.0211954414089141
2509,-0.0207557258191158
2510,-0.0185153001799851
2511,-0.0166353872926073
2512,-0.015582365400071
2513,-0.0143004895139033
2514,-0.0120205977824183
2515,-0.0091683494663994
2516,-0.00663904226236501
2517,-0.00484908156609262
2518,-0.0036269042368766
2519,-0.0025772771924045
2520,-0.00139535403243195
2521,-0.000176450752348687
2522,0.000500550769969042
2523,0.000274064221387736
2524,9.20940127407704E-07
2525,0.00147085576105848
2526,0.00547930635611179
2527,0.0104128067441833
2528,0.0134616984514477
2529,0.0133658874693626
2530,0.0114583452699142
2531,0.0098657302175998
2532,0.00923536410916433
2533,0.00858106193376544
2534,0.00689385425713664
2535,0.00427421306027428
2536,0.00156923259739019
2537,-0.000556658367347056
2538,-0.00205294116501512
2539,-0.00330802300825738
2540,-0.00466093470967528
2541,-0.0059085582787626
2542,-0.00639516646770565
2543,-0.00599343290166727
2544,-0.00596636379100645
2545,-0.00817347926318469
2546,-0.0129424316152646
2547,-0.0181211709092274
2548,-0.0208867013629333
2549,-0.0204401658623086
2550,-0.0184157714302885
2551,-0.0167034688766196
2552,-0.0155539057977675
2553,-0.014041122871913
2554,-0.0116909976243411
2555,-0.00899954822063682
2556,-0.00663293323949266
2557,-0.00479357211346741
2558,-0.00338360155779757
2559,-0.00225759955826501
2560,-0.00121031941114485
2561,-0.000164742455237327
2562,0.000518997958931738
2563,0.000463045652985259
2564,0.000285723986955243
2565,0.00160687934516265
2566,0.00533056749639409
2567,0.0100996644294904
2568,0.013210121216859
2569,0.0132686465442878
2570,0.0114470200801387
2571,0.00988269131279543
2572,0.00933184715932466
2573,0.00881298384512223
2574,0.00720191798585581
2575,0.00454876124643801
2576,0.0018041359497749
2577,-0.000258452134887358
2578,-0.00164176245816209
2579,-0.00289310940949315
2580,-0.00441813645223317
2581,-0.00591557854782858
2582,-0.006584483823712
2583,-0.00623660874920683
2584,-0.00616400312836784
2585,-0.00828076233996406
2586,-0.0129616093836493
2587,-0.0180921748587157
2588,-0.0208624327795828
2589,-0.0204471900783401
2590,-0.0184385311076528
2591,-0.0167102645189706
2592,-0.0155343541030714
2593,-0.0140188899056074
2594,-0.0117071615582575
2595,-0.00908321546651007
2596,-0.00677954114821377
2597,-0.00496987670172363
2598,-0.00355714163780025
2599,-0.00241701720118537
2600,-0.00135092676163845
2601,-0.000271983052279967
2602,0.000444182168753475
2603,0.000366755330363663
2604,9.33834335751168E-05
2605,0.00132204630008291
2606,0.00507594587879677
2607,0.0100183678428518
2608,0.0133220048137564
2609,0.0134473775711062
2610,0.0115389385534699
2611,0.00982551460694726
2612,0.00916221600665512
2613,0.00859526593346012
2614,0.00696878541674575
2615,0.00428743646397705
2616,0.00148050368743127
2617,-0.000650884185034125
2618,-0.00204777911625694
2619,-0.00323491126580963
2620,-0.00468323673689588
2621,-0.00617227844026915
2622,-0.00687865219752852
2623,-0.00650868991192546
2624,-0.00632950481294977
2625,-0.00837592769623945
2626,-0.0131262412322691
2627,-0.0183853960551292
2628,-0.0211762050429703
2629,-0.0206617733371493
2630,-0.0185999388880747
2631,-0.0169573809468403
2632,-0.0158724781308337
2633,-0.0142792982737828
2634,-0.0117698431687471
2635,-0.00905160583741998
2636,-0.00685703141526113
2637,-0.00520711987142042
2638,-0.00380953247088547
2639,-0.00255091513762334
2640,-0.00141221757640568
2641,-0.000410716634474089
2642,0.000173509885230388
2643,7.89144083326299E-05
2644,-5.35160262939791E-05
2645,0.00134267787588609
2646,0.00511776976107814
2647,0.00989070701957244
2648,0.0129652954136902
2649,0.0129899319066988
2650,0.0111830908609223
2651,0.00968290601687832
2652,0.00920267265803117
2653,0.00873759035589779
2654,0.00718110129623397
2655,0.00458060155876608
2656,0.00183489843520452
2657,-0.000301893541394589
2658,-0.00174663252049121
2659,-0.00293859746096191
2660,-0.00430224777836145
2661,-0.0056742127330485
2662,-0.00633706307912651
2663,-0.00603601155067771
2664,-0.00596550348829658
2665,-0.0080605642451293
2666,-0.0127889033698415
2667,-0.0180374886689338
2668,-0.0208858058580542
2669,-0.0204475697462389
2670,-0.0183983179820433
2671,-0.0167181892277067
2672,-0.0156479986920801
2673,-0.014168799688094
2674,-0.0117857457056695
2675,-0.00909251366148822
2676,-0.00682829615803294
2677,-0.00512608927149559
2678,-0.00376133564617278
2679,-0.00256663717487418
2680,-0.00143028088071161
2681,-0.000352800819380155
2682,0.000317846237316355
2683,0.000246395975471211
2684,5.93533557571344E-05
2685,0.0013736150434
2686,0.0051155493440579
2687,0.00994275940807962
2688,0.0131129426910036
2689,0.0131733481842418
2690,0.0112851796259572
2691,0.00963244811957703
2692,0.00902146638593647
2693,0.00849085723351867
2694,0.00691493189064682
2695,0.00432096935495178
2696,0.00160884913301021
2697,-0.000487323943750668
2698,-0.00193205244892341
2699,-0.00317197863495866
2700,-0.00456368968807873
2701,-0.0058785766315842
2702,-0.00642731741226135
2703,-0.00604267289608374
2704,-0.00595319912984009
2705,-0.00805006005322633
2706,-0.0127721597590633
2707,-0.0180452065982652
2708,-0.020975341846212
2709,-0.0206076729936089
2710,-0.0185187479396572
2711,-0.0167013926768934
2712,-0.0155336746367686
2713,-0.0140991963616581
2714,-0.0118399075377404
2715,-0.00919323483320553
2716,-0.00683604581441169
2717,-0.00499811597278616
2718,-0.00357910062642377
2719,-0.00241446300567053
2720,-0.00129906424811647
2721,-0.000195160288525295
2722,0.000476171387865496
2723,0.000317017038628794
2724,2.4400891902155E-05
2725,0.00134879164978429
2726,0.00522945065205738
2727,0.0101824609218092
2728,0.0133528691798191
2729,0.0133531554178665
2730,0.0114862301827881
2731,0.00994665681470418
2732,0.00940621261542372
2733,0.0088157723739477
2734,0.0071146702861963
2735,0.00442729554168309
2736,0.00164723743693129
2737,-0.00054050783671277
2738,-0.00206398336085726
2739,-0.00328986577010321
2740,-0.0046025003426551
2741,-0.0059028383294334
2742,-0.00654929435634136
2743,-0.00626012879000009
2744,-0.00614427212286243
2745,-0.00812698591028408
2746,-0.0127613251249321
2747,-0.0179955079671725
2748,-0.0208683471586173
2749,-0.020415805737914
2750,-0.0182980697925155
2751,-0.0165458268941044
2752,-0.0154447468899708
2753,-0.0139696573017483
2754,-0.0115845946645816
2755,-0.00885374168647827
2756,-0.00653755952600507
2757,-0.00483499556891851
2758,-0.00356115900675291
2759,-0.00248826198218266
2760,-0.00138352278687174
2761,-0.000210821477525339
2762,0.000565577181071258
2763,0.000470648185097807
2764,0.000147334129137991
2765,0.00137204589995128
2766,0.00517547214521126
2767,0.0101426589189609
2768,0.0133874629117313
2769,0.0134155873536721
2770,0.0114679931720039
2771,0.00980850411938501
2772,0.00924181098284254
2773,0.00875670314453183
2774,0.00719140426972293
2775,0.00456950170924434
2776,0.00181531896174427
2777,-0.000297177805503334
2778,-0.00171672775041777
2779,-0.00293706132780547
2780,-0.00438761209189512
2781,-0.00584306907819647
2782,-0.00652390947078493
2783,-0.00617850812679654
2784,-0.00604914554610408
2785,-0.00809374396020033
2786,-0.0127631128322566
2787,-0.017939923481412
2788,-0.0207372157023141
2789,-0.0202905948289568
2790,-0.0182428658593595
2791,-0.0165317347217084
2792,-0.0154172778317423
2793,-0.0139398642092231
2794,-0.0116075903132764
2795,-0.00893695192598715
2796,-0.00661166848265257
2797,-0.00482051045240004
2798,-0.00344472659552391
2799,-0.0023315800215011
2800,-0.00126596224025065
2801,-0.000161114386603482
2802,0.000584717403456235
2803,0.000499648871317417
2804,0.000152417900220749
2805,0.00126427589576707
2806,0.00493385397913244
2807,0.00988787712871989
2808,0.0132740637893902
2809,0.0134450913402478
2810,0.0114660561587009
2811,0.00962300566601602
2812,0.00892673559396895
2813,0.00851096082573673
2814,0.00713104913069021
2815,0.00461423573672706
2816,0.00180175963930576
2817,-0.000444043565926957
2818,-0.00194945541731185
2819,-0.00316856767279628
2820,-0.00455102702918029
2821,-0.00589116072807387
2822,-0.0064418525340589
2823,-0.00602293721518965
2824,-0.00592937839063916
2825,-0.00807664549799804
2826,-0.0128185727535972
2827,-0.018011954469081
2828,-0.0208421400933026
2829,-0.0204897366089052
2830,-0.018521324856668
2831,-0.0167678311803632
2832,-0.0155067349590091
2833,-0.0139118131981847
2834,-0.0115764808487785
2835,-0.00896944842182238
2836,-0.00669254250255759
2837,-0.00492709348693423
2838,-0.00357893779811179
2839,-0.00246728010791684
2840,-0.00134734120046255
2841,-0.000204038645394616
2842,0.000459465228144255
2843,0.000227075603524752
2844,-0.000113508135867047
2845,0.0012582893097907
2846,0.00522061493484148
2847,0.0101828627258705
2848,0.0132872880869969
2849,0.0132326246929482
2850,0.011360056916403
2851,0.00982392356614065
2852,0.00928319558425448
2853,0.00874292899435648
2854,0.00716252001688797
2855,0.00458932824073754
2856,0.0018408618474036
2857,-0.00037074841230693
2858,-0.00190425927436546
2859,-0.00313643182526835
2860,-0.00451327917913483
2861,-0.00591259139325086
2862,-0.00657595665910658
2863,-0.00617184475926387
2864,-0.00592306907183254
2865,-0.00790856656814769
2866,-0.0126934606635616
2867,-0.0180961965521583
2868,-0.0210459573136873
2869,-0.0205947849250264
2870,-0.0184870774104714
2871,-0.016792575718371
2872,-0.0157587881668317
2873,-0.0142984727897066
2874,-0.0118536583352748
2875,-0.00902733813559856
2876,-0.00664180716447053
2877,-0.00491505998157635
2878,-0.00361651948387927
2879,-0.00247780367677498
2880,-0.00131465741173796
2881,-0.000190701807371465
2882,0.000426266694983293
2883,0.000207781825766963
2884,-6.96314755471222E-05
2885,0.00129532333982353
2886,0.00510865190501677
2887,0.00986794053864485
2888,0.0128811176941189
2889,0.0129053677038282
2890,0.0111659984128775
2891,0.00965809248355283
2892,0.00901664139521073
2893,0.00837680969725794
2894,0.00681656597542715
2895,0.00433892786275053
2896,0.0016077059297995
2897,-0.000723409186751283
2898,-0.00238231904491819
2899,-0.00357782140786255
2900,-0.00476786662763534
2901,-0.00601715009364741
2902,-0.00669784564315485
2903,-0.00639674929366643
2904,-0.00616474249730492
2905,-0.00804459595024305
2906,-0.0127252740457042
2907,-0.0181246085450683
2908,-0.0211311935517218
2909,-0.0207109942959865
2910,-0.0186015386322405
2911,-0.0169089716458405
2912,-0.0158634950313446
2913,-0.0143421490497616
2914,-0.0118416518449372
2915,-0.00907139377938177
2916,-0.0068409921644902
2917,-0.00520640888006087
2918,-0.00382867672141981
2919,-0.00253954646511848
2920,-0.00132884247890105
2921,-0.000273721854825528
2922,0.00029500936616953
2923,0.00011678454321424
2924,-0.000106940202516173
2925,0.0012819741896481
2926,0.00518916248129719
2927,0.0101892044887616
2928,0.0134572731566024
2929,0.0135270283464081
2930,0.0115954256908293
2931,0.0098639807861621
2932,0.00914405257493187
2933,0.00853270526220426
2934,0.0069840926365381
2935,0.00449006567291977
2936,0.00178396814451702
2937,-0.000489924239837453
2938,-0.00214448589997837
2939,-0.00339934101757392
2940,-0.00462384781693815
2941,-0.00584673769042356
2942,-0.00652728514277221
2943,-0.00631833424288334
2944,-0.00618763835319421
2945,-0.00805334380005818
2946,-0.0126278152451809
2947,-0.017974811775547
2948,-0.0210420287676232
2949,-0.0206896093117316
2950,-0.0185489325982255
2951,-0.0167770294067606
2952,-0.0157323034520583
2953,-0.0143097286440719
2954,-0.0118924632088836
2955,-0.00910638019878712
2956,-0.00681284530018996
2957,-0.00516862293119063
2958,-0.00384427924744053
2959,-0.00258596486073472
2960,-0.00132123746242287
2961,-0.000166716751704317
2962,0.000452863259359479
2963,0.000227416423852941
2964,-0.000108091433508321
2965,0.00117703814004432
2966,0.005032795651561
2967,0.0100237570783056
2968,0.0132903531196989
2969,0.0133563513489304
2970,0.0114458885927492
2971,0.00977881050673568
2972,0.00912613933663553
2973,0.00850840546270709
2974,0.00685766862672636
2975,0.00424687529872981
2976,0.00151831865480005
2977,-0.000672100070245211
2978,-0.00223817922124479
2979,-0.00348824723659193
2980,-0.0047654243022978
2981,-0.0060140852533317
2982,-0.00668032372939326
2983,-0.00648442041763307
2984,-0.00641906558242605
2985,-0.00832239169462282
2986,-0.0128235837926711
2987,-0.0180179821348721
2988,-0.0209581955267702
2989,-0.0205480351836803
2990,-0.0183760953824113
2991,-0.0165694054110455
2992,-0.0155147012217302
2993,-0.0141163865232008
2994,-0.0117000577323718
2995,-0.00885187972672379
2996,-0.00649241965375724
2997,-0.00486089631037747
2998,-0.00360761138063845
2999,-0.00238490847035307
3000,-0.00110028542959631
3001,4.60036510369286E-05
3002,0.000577074307946195
3003,0.000241726930914362
3004,-0.00015465835907611
3005,0.00109800808580044
3006,0.00490664534663263
3007,0.00987641498919507
3008,0.0132071870638709
3009,0.013360643848615
3010,0.0114282000731565
3011,0.00963914833578966
3012,0.00895545493759348
3013,0.00852544375249378
3014,0.00715204326257924
3015,0.00467668979943397
3016,0.00189865181224845
3017,-0.000368111277189954
3018,-0.00194155548157218
3019,-0.00322422369465276
3020,-0.00465256368236613
3021,-0.00606750940778763
3022,-0.00673176163337152
3023,-0.00636690316552822
3024,-0.00617005208116096
3025,-0.00812838806213205
3026,-0.0127938946084345
3027,-0.0180923745151272
3028,-0.0210327322777225
3029,-0.0206066201284564
3030,-0.0184622213200909
3031,-0.0167011048363949
3032,-0.0156996616561417
3033,-0.0144133027304904
3034,-0.0121666319786438
3035,-0.00941162390561887
3036,-0.00693810979916371
3037,-0.00506085330250202
3038,-0.00367443800059194
3039,-0.00256295237008205
3040,-0.00148048953598562
3041,-0.000362610548203602
3042,0.000384845001773246
3043,0.000329844570131987
3044,7.03673248834655E-05
3045,0.00128090920573714
3046,0.00496744382882266
3047,0.00982496414574099
3048,0.0130857817332907
3049,0.0132234622253312
3050,0.0113269028023888
3051,0.00959288045381385
3052,0.00895568953175435
3053,0.00857645843220005
3054,0.00726219331301615
3055,0.00479019485801858
3056,0.00190393181845881
3057,-0.000498738918549333
3058,-0.00206021445508505
3059,-0.00314354389051955
3060,-0.00436922970258326
3061,-0.00576603772040549
3062,-0.00654997949604389
3063,-0.00624881812883211
3064,-0.00600377090862593
3065,-0.00794463593531282
3066,-0.0127245690075382
3067,-0.0181657088544716
3068,-0.0211264713945486
3069,-0.0206253758853627
3070,-0.0184615477789391
3071,-0.0167683531115917
3072,-0.0157750189966032
3073,-0.0143245798152238
3074,-0.0118434354140185
3075,-0.00899546171954696
3076,-0.00664343153899135
3077,-0.00495588436182753
3078,-0.00363274988523077
3079,-0.00242295131053949
3080,-0.00122305201503403
3081,-0.000112927440903086
3082,0.000523899416471542
3083,0.00041989585742184
3084,0.000285868743446186
3085,0.00170747247260614
3086,0.00547504560061445
3087,0.0101756309822273
3088,0.0131790172679076
3089,0.0132181190429978
3090,0.0114948762333664
3091,0.0100400748625355
3092,0.00949839271920519
3093,0.00891679076587339
3094,0.00729118942463599
3095,0.00469154686517915
3096,0.00193370563052862
3097,-0.000303574219382611
3098,-0.00189662808123275
3099,-0.00317158873049838
3100,-0.00451586179503378
3101,-0.00585621492007744
3102,-0.00656056297473627
3103,-0.00631384146348673
3104,-0.00617197349128122
3105,-0.00806311403760065
3106,-0.0126384278333244
3107,-0.0179531174274988
3108,-0.0210235645553817
3109,-0.0207342246778201
3110,-0.0186339689818826
3111,-0.0168093507404067
3112,-0.0156876922191829
3113,-0.0142957386249783
3114,-0.012017349231344
3115,-0.00931674215707495
3116,-0.00692883156377263
3117,-0.00509148408286478
3118,-0.00368234907765647
3119,-0.00254173288803478
3120,-0.00147171597708095
3121,-0.000383942458098344
3122,0.000368187720886471
3123,0.00035683241668846
3124,0.000145175638354563
3125,0.00140065217306646
3126,0.00515284425392156
3127,0.0100885024128505
3128,0.0133947971815365
3129,0.0135373858860225
3130,0.0116516831589514
3131,0.00993777619269205
3132,0.00923908813116275
3133,0.00865787238090499
3134,0.00711558823559989
3135,0.00458789302417833
3136,0.00185301627626934
3137,-0.000381169106057349
3138,-0.00193651296236424
3139,-0.00312939280300858
3140,-0.00440560072417336
3141,-0.005744572912785
3142,-0.00647855662486888
3143,-0.0062136863639839
3144,-0.0060088228105295
3145,-0.00788272875634378
3146,-0.0125202174962996
3147,-0.0178811686537332
3148,-0.020895068378536
3149,-0.0205134173021845
3150,-0.018418593877517
3151,-0.0166908438916489
3152,-0.015606453649636
3153,-0.0141184002466279
3154,-0.0117368759280298
3155,-0.00908768647109389
3156,-0.00688406729989002
3157,-0.00519144794452613
3158,-0.00378293026156942
3159,-0.00256133448956464
3160,-0.0014408262350328
3161,-0.000360588761563944
3162,0.000365195387451887
3163,0.000326147464190254
3164,7.08501892914665E-05
3165,0.00127899988073733
3166,0.00503175211574429
3167,0.0100408920742906
3168,0.0134391825493457
3169,0.0136000995618252
3170,0.0116301882449284
3171,0.00980772508451992
3172,0.00908447590912765
3173,0.00858012260514421
3174,0.00712414052597097
3175,0.00460650801754469
3176,0.00183058740716324
3177,-0.000406197409277705
3178,-0.00189996405438602
3179,-0.00303069686333752
3180,-0.00429642180608054
3181,-0.00565596938267485
3182,-0.00641245737366646
3183,-0.00619663016911799
3184,-0.00609120113410665
3185,-0.0080660907550564
3186,-0.0127362857180353
3187,-0.0180723065941774
3188,-0.0210733592068549
3189,-0.0207069826521362
3190,-0.0186010236960254
3191,-0.0168116294890164
3192,-0.0156568616345103
3193,-0.0141068245004936
3194,-0.0116255339754925
3195,-0.00883697710218118
3196,-0.00656056496911401
3197,-0.00493853403861648
3198,-0.00364403651328276
3199,-0.00241305438137054
3200,-0.00117002656502475
3201,-4.659220111696E-05
3202,0.000542360470455741
3203,0.000331282162558475
3204,5.17277697358056E-05
3205,0.00133536675942971
3206,0.00505610704506029
3207,0.00987228852111689
3208,0.013114987768246
3209,0.0133486010266688
3210,0.0116099708162191
3211,0.00994001471560073
3212,0.009177931264206
3213,0.00855911739036124
3214,0.00707590500034399
3215,0.00463444028169473
3216,0.00193021437074868
3217,-0.000318103220781625
3218,-0.00189122875573756
3219,-0.00312550304143642
3220,-0.00450648045421381
3221,-0.00598232507948944
3222,-0.00680412648827544
3223,-0.00654233747490189
3224,-0.0062822679294084
3225,-0.00807051348625232
3226,-0.0126125078422574
3227,-0.0179269049807105
3228,-0.0210074131834377
3229,-0.0207676733184498
3230,-0.0187476357054731
3231,-0.0169394617138317
3232,-0.0156966427650189
3233,-0.0141113371800912
3234,-0.0117224336786048
3235,-0.0090727013229463
3236,-0.00681947849863098
3237,-0.00505660653580684
3238,-0.00359887311237545
3239,-0.00236884668684596
3240,-0.00132261374394432
3241,-0.000437690698852499
3242,5.68656653738564E-05
3243,-5.06358416202075E-05
3244,-0.000134923458800023
3245,0.00127206006101952
3246,0.00495476006075269
3247,0.00961827159006859
3248,0.0127284935397359
3249,0.0129521191126975
3250,0.011311109758377
3251,0.00974729948862062
3252,0.00903191138014426
3253,0.00843153546216859
3254,0.00700988719705438
3255,0.0046706695371916
3256,0.00201191566747908
3257,-0.000322630197380645
3258,-0.00204217739654051
3259,-0.00330728644202942
3260,-0.0045154328888904
3261,-0.00573269091401553
3262,-0.00641610207780054
3263,-0.00620856302790628
3264,-0.00608580130014782
3265,-0.00797089045214184
3266,-0.0125644175877746
3267,-0.017923056970268
3268,-0.021002776905524
3269,-0.0206668881249839
3270,-0.0185358582103959
3271,-0.0167595288664046
3272,-0.0157005134541652
3273,-0.0142567665138017
3274,-0.0118141837994077
3275,-0.00901562326140286
3276,-0.00673288780909569
3277,-0.00508832149518316
3278,-0.00370462612084884
3279,-0.00235801242194752
3280,-0.00108732117711919
3281,-5.57246544352279E-05
3282,0.000435989444902754
3283,0.000242515042017383
3284,7.20296065871972E-05
3285,0.00143028644102369
3286,0.00511614584466011
3287,0.00981931428024003
3288,0.0129393028323933
3289,0.0130928266671356
3290,0.0113603518117898
3291,0.0097955091290379
3292,0.00916173912502734
3293,0.00856860640950556
3294,0.0069822300216563
3295,0.00443928310036514
3296,0.00176450519430317
3297,-0.00036849718063263
3298,-0.001888071869903
3299,-0.00315664331993766
3300,-0.00452598250017567
3301,-0.0058658746087697
3302,-0.00654717811555823
3303,-0.00630149574506048
3304,-0.00618977030635195
3305,-0.00808784899335483
3306,-0.0126159026302454
3307,-0.0178636148514251
3308,-0.0208901844931342
3309,-0.0205732264599128
3310,-0.0184437752055856
3311,-0.016618017019974
3312,-0.0155586945506987
3313,-0.0142502296010819
3314,-0.0119867926944722
3315,-0.00922426942561624
3316,-0.00679660497308337
3317,-0.00500653910609169
3318,-0.0036578756917698
3319,-0.00248751234097619
3320,-0.0013334170370614
3321,-0.000243549159869797
3322,0.000394538120948378
3323,0.000276455812988655
3324,6.00939887681135E-05
3325,0.00133783627928263
3326,0.00502477014866605
3327,0.00985108199600943
3328,0.0131464192877636
3329,0.0133838634307354
3330,0.011537719681097
3331,0.00972061823663998
3332,0.00891269165524348
3333,0.00838866711430878
3334,0.0070186067111958
3335,0.00456354332555144
3336,0.00172483420884377
3337,-0.000619716316287223
3338,-0.00210907064919896
3339,-0.00310343342241692
3340,-0.00424761158496718
3341,-0.0056219928123404
3342,-0.00646708747823796
3343,-0.00624627398583103
3344,-0.0059840886601547
3345,-0.00777895948892504
3346,-0.01240876157312
3347,-0.0178531807922775
3348,-0.0209725554577363
3349,-0.0206244685540953
3350,-0.0184776266514296
3351,-0.0167098194542884
3352,-0.0156846761465283
3353,-0.0142883050840068
3354,-0.0118638924365461
3355,-0.00900015727696373
3356,-0.00659722641291873
3357,-0.00491948839798701
3358,-0.00369657801803334
3359,-0.00260687333727885
3360,-0.00145753079912749
3361,-0.000314719621968511
3362,0.00036231996738846
3363,0.000212623859633369
3364,-6.94266335288681E-05
3365,0.00119940261349943
3366,0.0049527610923638
3367,0.00983043297488682
3368,0.0130848306858069
3369,0.0132429171973612
3370,0.0114045297034579
3371,0.00971129497597689
3372,0.00902408521338318
3373,0.00848991021465348
3374,0.007000468885177
3375,0.00446124601481724
3376,0.00166012652997948
3377,-0.000607436594727316
3378,-0.00212878121265116
3379,-0.00328550079748251
3380,-0.00457983123035326
3381,-0.00595810302077862
3382,-0.00669854467499762
3383,-0.00641477664535796
3384,-0.00619340553904639
3385,-0.00803703969624655
3386,-0.0126183020927967
3387,-0.017954610012134
3388,-0.0210332547529347
3389,-0.0207540265393681
3390,-0.018692162282996
3391,-0.0169239269658075
3392,-0.0158266194416956
3393,-0.014384481166749
3394,-0.012001690358532
3395,-0.00922948778247855
3396,-0.0068800214615572
3397,-0.00516737963905613
3398,-0.00385210127265546
3399,-0.00268674625866692
3400,-0.00151034278146328
3401,-0.000341504369293642
3402,0.000413766970537162
3403,0.00035188503549597
3404,5.33804289441362E-05
3405,0.00116981573874026
3406,0.00476400466864224
3407,0.0096329399531946
3408,0.0130228341218198
3409,0.0132970271733837
3410,0.0114367750693888
3411,0.00964253404208234
3412,0.00891071173339983
3413,0.00842234420993736
3414,0.0069846099630661
3415,0.00444290273769598
3416,0.00163660724138455
3417,-0.0005605750070116
3418,-0.00195707237096988
3419,-0.00303992429747419
3420,-0.00436298850450927
3421,-0.00580193923962091
3422,-0.00654343330238555
3423,-0.00622198916022151
3424,-0.0060268854188307
3425,-0.00798025997016907
3426,-0.0126335921375162
3427,-0.0179007166057551
3428,-0.0208446633304866
3429,-0.0205357999355886
3430,-0.0185795797555799
3431,-0.0168905308025397
3432,-0.0157130236591243
3433,-0.0141147016597357
3434,-0.0116937355636444
3435,-0.00906237407917883
3436,-0.00690621999442353
3437,-0.00529115314027198
3438,-0.00394302436023398
3439,-0.0026673544474047
3440,-0.00137407050665601
3441,-0.000151599023494978
3442,0.000560255719315111
3443,0.00042620676741924
3444,0.00015699802595953
3445,0.0014226725324338
3446,0.00511731975680712
3447,0.00987132081630609
3448,0.013000271570721
3449,0.0131108709241165
3450,0.0112975565407428
3451,0.0096087224753891
3452,0.00884621481416883
3453,0.00822283430102731
3454,0.00675607061455025
3455,0.00439487673377554
3456,0.00183790631973305
3457,-0.00025853342460408
3458,-0.00176275274479603
3459,-0.00304160358420838
3460,-0.00450914086689258
3461,-0.00599782479612065
3462,-0.00671624407740357
3463,-0.00631790872541976
3464,-0.00602062943625901
3465,-0.00792180206800272
3466,-0.0126361686972582
3467,-0.0180166700251539
3468,-0.0209623676506021
3469,-0.0204758640037386
3470,-0.0183280708381906
3471,-0.0166740573825561
3472,-0.0157681660435306
3473,-0.0144059907977449
3474,-0.0119423322086375
3475,-0.00906355046156782
3476,-0.00673696999465925
3477,-0.00516405500785772
3478,-0.00393681320744782
3479,-0.00269394118349863
3480,-0.00137621958387202
3481,-0.000213865996380445
3482,0.000338054947163906
3483,8.84490020792128E-05
3484,-0.000144999922065578
3485,0.00124628125149967
3486,0.00502661102681739
3487,0.00979641561345078
3488,0.0129532475538903
3489,0.0131655399280655
3490,0.0114809964402261
3491,0.00985280377215682
3492,0.00905858496599043
3493,0.00838320663540072
3494,0.00690721223399866
3495,0.0045336646421005
3496,0.00186411467491422
3497,-0.000426773726502377
3498,-0.00203113875095548
3499,-0.00317685337295933
3500,-0.0043854119257573
3501,-0.0057613084348196
3502,-0.00663217767252437
3503,-0.00646402141555598
3504,-0.00620298985981422
3505,-0.00790841054776442
3506,-0.0124071467372058
3507,-0.0177467721467252
3508,-0.0208149526683022
3509,-0.0204779258658479
3510,-0.0184149297164097
3511,-0.0167774320259152
3512,-0.0158508096942017
3513,-0.0144683025286227
3514,-0.0120170307211912
3515,-0.00916703161096775
3516,-0.00681931333187463
3517,-0.00516353336334598
3518,-0.00390519841925559
3519,-0.0027936909643327
3520,-0.00168121624741773
3521,-0.000558464179025334
3522,0.000206712525712244
3523,0.000198423350828598
3524,-5.06465763775102E-05
3525,0.00108926198192489
3526,0.0046956828315161
3527,0.00958076291018246
3528,0.0129969171264089
3529,0.0133175907225751
3530,0.0115112795488085
3531,0.00971060102150301
3532,0.00885585967184969
3533,0.00820398438473988
3534,0.00674384932091796
3535,0.00438842486094819
3536,0.0017894538109054
3537,-0.000432936944012119
3538,-0.00207872632191436
3539,-0.00334863503928062
3540,-0.00459483104018979
3541,-0.00583819320808461
3542,-0.00654092210946873
3543,-0.00634535172618301
3544,-0.0061827885858648
3545,-0.00796069082358998
3546,-0.0124645523845775
3547,-0.0178605940778183
3548,-0.0210880834686112
3549,-0.0208589729076848
3550,-0.0186865028137366
3551,-0.0167999615136753
3552,-0.0157335477774967
3553,-0.0144233341205331
3554,-0.0120950022240903
3555,-0.00922391626070623
3556,-0.0067233036175722
3557,-0.00493674134543373
3558,-0.00364541386782721
3559,-0.0025517014637233
3560,-0.00147828149129834
3561,-0.000458382591490941
3562,0.000141716334045863
3563,1.87558914870476E-05
3564,-0.000194294182976951
3565,0.00108198092872254
3566,0.00478209074801026
3567,0.00965451655693365
3568,0.0130126173547696
3569,0.0133032544202113
3570,0.0114998469476747
3571,0.00971781728449217
3572,0.00890703206610303
3573,0.00831618532217338
3574,0.0068732366962812
3575,0.00445963529665781
3576,0.00181254348365982
3577,-0.000326358954478851
3578,-0.00177880517753561
3579,-0.00292641494177479
3580,-0.00424849934530034
3581,-0.00567146511965225
3582,-0.00646178521082217
3583,-0.00622342210374199
3584,-0.00604503758102201
3585,-0.00794828407646805
3586,-0.0126114480599634
3587,-0.0180146202574987
3588,-0.0210981593478315
3589,-0.0207717451398652
3590,-0.0186764575691415
3591,-0.0169352195550481
3592,-0.0159082864427521
3593,-0.0145414400682966
3594,-0.0122257744696707
3595,-0.00950268751041823
3596,-0.00714640867066492
3597,-0.0053435904668248
3598,-0.00389640275412287
3599,-0.00264447121235734
3600,-0.00147695346259012
3601,-0.000396766025718489
3602,0.000233112995825947
3603,6.04846464127662E-05
3604,-0.00026573195444214
3605,0.000943154897425648
3606,0.00467300839521609
3607,0.00957018427207853
3608,0.012839682487998
3609,0.0129992068194901
3610,0.0111945815438128
3611,0.00956404376297479
3612,0.00888531466393455
3613,0.00828316434564464
3614,0.00678127632387482
3615,0.00441428835337915
3616,0.00188007670411075
3617,-0.000260236533785744
3618,-0.00186562420679601
3619,-0.00312709240150336
3620,-0.00436900505302618
3621,-0.00563086646365769
3622,-0.00641038279272234
3623,-0.00632921046407804
3624,-0.00624150522305637
3625,-0.0080016311631874
3626,-0.0124223616286465
3627,-0.0177451757667431
3628,-0.0209610264654227
3629,-0.020777089600354
3630,-0.0186634760284106
3631,-0.01680149837134
3632,-0.0157035011635904
3633,-0.0143366650941644
3634,-0.0120041906202639
3635,-0.00924127701027548
3636,-0.00692430782974415
3637,-0.00526467145805004
3638,-0.0039279796484304
3639,-0.00263724326727019
3640,-0.00136420101194011
3641,-0.000279475654671688
3642,0.000248423634667487
3643,2.32161729178042E-05
3644,-0.000240736698472682
3645,0.00101328444023952
3646,0.00465943225728276
3647,0.00946034141130639
3648,0.0128167735494411
3649,0.0132142953885524
3650,0.0115370134868846
3651,0.00977134554837263
3652,0.00886106147893351
3653,0.00819549215459534
3654,0.00682003560450393
3655,0.00454744667420164
3656,0.00192350446819685
3657,-0.000387115579286416
3658,-0.00204957206899446
3659,-0.00322126819182404
3660,-0.00435738876129358
3661,-0.00559852092275167
3662,-0.0064109496276928
3663,-0.00634540274755764
3664,-0.00625609017538335
3665,-0.0080409933560134
3666,-0.0125058666231514
3667,-0.0178239524222945
3668,-0.0209390473947552
3669,-0.0205937641778483
3670,-0.0183487524104481
3671,-0.0164569241177292
3672,-0.0154321609793729
3673,-0.0141757668499778
3674,-0.0119104751327295
3675,-0.00914409624655757
3676,-0.0067989450516657
3677,-0.00514550545576289
3678,-0.00384492549216733
3679,-0.00255870037406338
3680,-0.00122764591234907
3681,-7.1377443477482E-05
3682,0.000475864988431895
3683,0.000225312634122255
3684,-4.0218553568502E-05
3685,0.00126422594149844
3686,0.00495202334003835
3687,0.00970975097408291
3688,0.0129505455512813
3689,0.0132607214885333
3690,0.011609982606362
3691,0.00996518890737112
3692,0.00916393047281712
3693,0.00850649529006885
3694,0.00705001997384704
3695,0.00469992758873879
3696,0.0020724475201099
3697,-0.000198907712055128
3698,-0.00187451635573756
3699,-0.00315678480281786
3700,-0.00443798606154628
3701,-0.00575427729951864
3702,-0.00653375582249372
3703,-0.00637662651148645
3704,-0.0062035517471374
3705,-0.00793701663456267
3706,-0.0123810202614702
3707,-0.0177203044833553
3708,-0.0209143743669587
3709,-0.0206830713411335
3710,-0.0185240190431066
3711,-0.01664587640348
3712,-0.0155878974992392
3713,-0.0143146639439809
3714,-0.0120622729010882
3715,-0.00927484767948919
3716,-0.0068257683649613
3717,-0.00505846015251983
3718,-0.00378384321752708
3719,-0.00270391887415591
3720,-0.00159275777228631
3721,-0.000455179052066284
3722,0.000283982696963016
3723,0.000220524083249184
3724,-3.89700318592137E-05
3725,0.00116638596645355
3726,0.00485759208535802
3727,0.00977118913571007
3728,0.0131452860394644
3729,0.0134038876521805
3730,0.0115777576066412
3731,0.00982641073726218
3732,0.00906151964869862
3733,0.00846736457586794
3734,0.00696999116785414
3735,0.00449460671396909
3736,0.00177979653006164
3737,-0.000477589864227435
3738,-0.00208562007933003
3739,-0.00330701603906902
3740,-0.00452296020987287
3741,-0.00573485127016268
3742,-0.00640317158630517
3743,-0.00621176217403218
3744,-0.0061026532312787
3745,-0.00791014295851421
3746,-0.0123422934313204
3747,-0.0176046676926549
3748,-0.020771324638704
3749,-0.0206227336974148
3750,-0.0185809704606251
3751,-0.0167288913339453
3752,-0.0155697517059147
3753,-0.014152154003582
3754,-0.0118283432580258
3755,-0.00909340676693857
3756,-0.00677342729383348
3757,-0.00509455898504617
3758,-0.0037626214266355
3759,-0.00249165968194301
3760,-0.00121047641797679
3761,-8.73306766235137E-05
3762,0.000464086458195706
3763,0.000230942266155525
3764,-2.21839049982943E-05
3765,0.00131050816859656
3766,0.00507201626668607
3767,0.00993959557438974
3768,0.0132764517241291
3769,0.0136182107551733
3770,0.0119145544713883
3771,0.0101488758768165
3772,0.00920986063318846
3773,0.00846837996353153
3774,0.00702344202891733
3775,0.00474835122659437
3776,0.00217829791074452
3777,-9.68191605103519E-05
3778,-0.00180258443336359
3779,-0.00308835058116495
3780,-0.00435081446142875
3781,-0.00567517545281325
3782,-0.00651153004181452
3783,-0.0064343507194884
3784,-0.00633462115970292
3785,-0.00812089196454758
3786,-0.0125706791108176
3787,-0.0178357099282675
3788,-0.0209005787985413
3789,-0.02058506133698
3790,-0.018460095359368
3791,-0.0166771331325749
3792,-0.0156357687512849
3793,-0.0142373908439344
3794,-0.0118063930304633
3795,-0.00893031046295551
3796,-0.00653789683022856
3797,-0.00490200866645497
3798,-0.0037132293689764
3799,-0.00260363820488306
3800,-0.0013826443818803
3801,-0.000174611966159955
3802,0.000495628788795192
3803,0.00025585719584519
3804,-0.00013752889077285
3805,0.00107949752370828
3806,0.00485309727504913
3807,0.00975336254671136
3808,0.0129760486186996
3809,0.0130906104707532
3810,0.011279240428166
3811,0.00966993205865053
3812,0.00901231813314666
3813,0.00840897694395968
3814,0.00686799281615041
3815,0.00443144847939242
3816,0.00184871196808409
3817,-0.00026339436322488
3818,-0.0017876287076099
3819,-0.00302454843408328
3820,-0.00437204369990945
3821,-0.00579735412572868
3822,-0.00664255409429986
3823,-0.00646620039847007
3824,-0.00621866185380929
3825,-0.00788491428120948
3826,-0.0122974935800906
3827,-0.0176234966690863
3828,-0.0208090134921873
3829,-0.0205933163418745
3830,-0.0184861843537477
3831,-0.016662511293362
3832,-0.0156147871718031
3833,-0.0143098935844585
3834,-0.0120375889700303
3835,-0.00928397614628257
3836,-0.00690061114114504
3837,-0.00515352589735761
3838,-0.00378261323126657
3839,-0.00250135441036299
3840,-0.0012077382416878
3841,-6.02733852873266E-05
3842,0.000490395765810255
3843,0.000199602856347892
3844,-0.000139484329592631
3845,0.00113422018147201
3846,0.00486647638131336
3847,0.00968535162914473
3848,0.0129388968809134
3849,0.0132248651152297
3850,0.011565757230466
3851,0.00994355105920448
3852,0.00916987482244048
3853,0.00852817929422918
3854,0.00707897494658348
3855,0.00473019570924401
3856,0.00211044482845349
3857,-0.000109313239420836
3858,-0.00167940700765538
3859,-0.00287968646838241
3860,-0.0042023719687507
3861,-0.00565802890292235
3862,-0.00651253852459952
3863,-0.00626094365731662
3864,-0.00592863253353231
3865,-0.00763243193305373
3866,-0.0122104816316433
3867,-0.0176855219045628
3868,-0.0208888525677506
3869,-0.0206180067015243
3870,-0.0185264099051364
3871,-0.0168153923978208
3872,-0.0158441801274624
3873,-0.0144644546337358
3874,-0.0120282345447047
3875,-0.00918595455861244
3876,-0.00685161612180079
3877,-0.00519889393951869
3878,-0.00387419875951697
3879,-0.00261626235559032
3880,-0.00138003102543458
3881,-0.000279326700853291
3882,0.000326075223548361
3883,0.000162575278328322
3884,-0.000116041983511062
3885,0.00110635184436707
3886,0.00480863072231539
3887,0.00972864635622461
3888,0.0131039388488522
3889,0.0133345550215869
3890,0.0114533818689337
3891,0.00967617633424072
3892,0.00896395531944243
3893,0.00847576551343305
3894,0.00706569863002721
3895,0.00462240238480783
3896,0.00190440081110092
3897,-0.000364878155768615
3898,-0.00198944513151119
3899,-0.00323187946820017
3900,-0.00446990079924469
3901,-0.00571702934770673
3902,-0.00644884676871837
3903,-0.00632330318606033
3904,-0.00622683962071156
3905,-0.00798440028010904
3906,-0.0123639961792626
3907,-0.0176150212347609
3908,-0.0207745733242599
3909,-0.0205785575708109
3910,-0.0184952397884496
3911,-0.0166888016914488
3912,-0.0156324049273766
3913,-0.0142366113297817
3914,-0.0117904475188382
3915,-0.00890484172241117
3916,-0.00656497012061836
3917,-0.00501368820620689
3918,-0.00384336885675274
3919,-0.00267231879965656
3920,-0.00140643190670462
3921,-0.000207352786192134
3922,0.00049847602954395
3923,0.000395062315819879
3924,0.000102656792148443
3925,0.00122502835697235
3926,0.00479071564373414
3927,0.0096297417673441
3928,0.0130288987604186
3929,0.0133519337667265
3930,0.0115621164424378
3931,0.00983762728900473
3932,0.0091368603273236
3933,0.00862927327927756
3934,0.00719888511163931
3935,0.00478421781056346
3936,0.00216476450416098
3937,1.01332115621997E-05
3938,-0.0015707851190755
3939,-0.00286323730845765
3940,-0.00417372827451833
3941,-0.00543464638911708
3942,-0.00612376520176616
3943,-0.00596939926158456
3944,-0.00589811269716883
3945,-0.00769378793058257
3946,-0.0120641179375989
3947,-0.0172682143696859
3948,-0.0204158744889822
3949,-0.0202803097056285
3950,-0.0182788094501339
3951,-0.0165091965211333
3952,-0.0154628712039378
3953,-0.0141299183228295
3954,-0.0118161146833045
3955,-0.00903983714875182
3956,-0.00669046879124072
3957,-0.00502368674086326
3958,-0.0037230073946559
3959,-0.00247444595343431
3960,-0.00120498941772216
3961,-9.00713169461022E-05
3962,0.0004603329740647
3963,0.000233482590352915
3964,-2.78983924393731E-05
3965,0.00125707151395333
3966,0.00493710164320942
3967,0.00972476484385614
3968,0.0130132690556199
3969,0.0133454954944097
3970,0.0116720832803506
3971,0.00998180032066659
3972,0.0091484382699576
3973,0.00849159907149388
3974,0.00706657981661665
3975,0.00476887297400549
3976,0.00219951240228708
3977,-3.56844850265899E-05
3978,-0.00172702748431142
3979,-0.00307268134140897
3980,-0.00441107869612701
3981,-0.0057253716697319
3982,-0.00646304987106091
3983,-0.00630505971129191
3984,-0.00620705460693874
3985,-0.00801104040660649
3986,-0.0124081997309349
3987,-0.017586113481579
3988,-0.020638382989376
3989,-0.0204018770844287
3990,-0.0183506971330839
3991,-0.0165815934196412
3992,-0.0155682245329114
3993,-0.0142914394358237
3994,-0.0120143126934263
3995,-0.00918066326886177
3996,-0.00667805163825832
3997,-0.00489426940751844
3998,-0.00365106821413003
3999,-0.00258813410331062
4000,-0.00142193021984024
4001,-0.000204839729347728
4002,0.000519301101120792
4003,0.000302476629939126
4004,-0.000147478272708246
4005,0.000968268890706019
4006,0.00468985080857013
4007,0.00964661855935072
4008,0.0129913891139212
4009,0.01319785899002
4010,0.011412886408864
4011,0.00981719781607755
4012,0.00920888613901135
4013,0.00866511044843895
4014,0.00714479138968152
4015,0.00468729033762375
4016,0.00205659126373419
4017,-0.000153606032503943
4018,-0.00183411167705872
4019,-0.00319176121311542
4020,-0.00449746165163304
4021,-0.0057391267541086
4022,-0.00644843760166581
4023,-0.00631999472828208
4024,-0.00621158333433008
4025,-0.00791592306102998
4026,-0.0122329945513468
4027,-0.0174831363004645
4028,-0.0207266582616805
4029,-0.0206387565617747
4030,-0.0186095583656389
4031,-0.0168027332100332
4032,-0.015772188455002
4033,-0.0144814387285355
4034,-0.0121523957183856
4035,-0.00926865411260044
4036,-0.00678523348722154
4037,-0.00506393243414424
4038,-0.00382937062243647
4039,-0.00269908428637912
4040,-0.00148251687572148
4041,-0.000299342738151425
4042,0.000380159027565917
4043,0.0002270258751307
4044,-7.1096656931384E-05
4045,0.00111858887991493
4046,0.00472743351159751
4047,0.00948345340323628
4048,0.0127340718741238
4049,0.0130061438802097
4050,0.0113022916520149
4051,0.00966205308575766
4052,0.00893903820944576
4053,0.00839253659404005
4054,0.00704930712505552
4055,0.00480593460760855
4056,0.00224356621587974
4057,-5.74474102171948E-05
4058,-0.00184625083925934
4059,-0.00322321222206666
4060,-0.00449162600915192
4061,-0.00572053161327519
4062,-0.0064515296810234
4063,-0.00633270371466266
4064,-0.00620893066207801
4065,-0.00790614713361187
4066,-0.0122369629286087
4067,-0.0174926923695446
4068,-0.0207200378701445
4069,-0.020625464682561
4070,-0.0186198215053614
4071,-0.0168287490011253
4072,-0.0157573330703382
4073,-0.0143873167929192
4074,-0.0120134518380148
4075,-0.00915934116068064
4076,-0.00675077979421744
4077,-0.00510464708290624
4078,-0.003930151256632
4079,-0.00283241250902595
4080,-0.00158863796756335
4081,-0.000318846524012681
4082,0.00042204560263043
4083,0.000204816901429147
4084,-0.000263954052154618
4085,0.000797342073231606
4086,0.00443828224415824
4087,0.00933807958506731
4088,0.0127012872056921
4089,0.0130041770989
4090,0.0113381268555304
4091,0.00981688394466542
4092,0.00921775868752887
4093,0.00864993082554885
4094,0.0071056848629905
4095,0.00462122650194499
4096,0.00195290525684608
4097,-0.00026607910222405
4098,-0.00186684209602188
4099,-0.0030714019145542
4100,-0.00426653750791167
4101,-0.00554216728765
4102,-0.00638992942596522
4103,-0.00635796141271193
4104,-0.00622537300274079
4105,-0.00786828797928985
4106,-0.0122178295979402
4107,-0.0175943283890807
4108,-0.020914979349273
4109,-0.0207407255370007
4110,-0.018513496787613
4111,-0.0165529325738831
4112,-0.0155038351261867
4113,-0.0142866031409155
4114,-0.0120332988694973
4115,-0.00919575169596279
4116,-0.00675403343920744
4117,-0.00508064022324984
4118,-0.00386678215951111
4119,-0.00269389141336505
4120,-0.00137992911134257
4121,-9.50859749478684E-05
4122,0.000636820840979098
4123,0.000467838955034448
4124,0.000116764000527414
4125,0.00128103424588546
4126,0.00494422385818967
4127,0.00983027365599242
4128,0.0132260862495757
4129,0.0135867120841193
4130,0.0118766850073355
4131,0.0101439485321017
4132,0.00928575075796624
4133,0.00861634058593881
4134,0.00719045132351478
4135,0.0048825488327075
4136,0.00224274420637456
4137,-0.000114399538855046
4138,-0.00184727848212644
4139,-0.00303603974289123
4140,-0.00411909822341119
4141,-0.00533623501246953
4142,-0.00622240901558091
4143,-0.00623024671937847
4144,-0.00606784475951558
4145,-0.00767030847341128
4146,-0.0120582784075309
4147,-0.0175319764749329
4148,-0.0209126589552888
4149,-0.0207349359275803
4150,-0.0185151878751869
4151,-0.01662655716922
4152,-0.0156660013526772
4153,-0.0144771866288734
4154,-0.0121841533939706
4155,-0.00928237704973511
4156,-0.00677653924227504
4157,-0.00504689705095318
4158,-0.00381978370694579
4159,-0.00271298853511156
4160,-0.00151094395102868
4161,-0.000298263846534932
4162,0.00043028698049093
4163,0.000260326855663991
4164,-0.000151389206103506
4165,0.000930298254009865
4166,0.00457284939561205
4167,0.0095022059925221
4168,0.0129121236211308
4169,0.013195128373179
4170,0.0113810397488828
4171,0.00964526503556435
4172,0.0089212697264034
4173,0.00841636835077903
4174,0.0070556716699467
4175,0.00471736297257428
4176,0.0020784347279827
4177,-0.000174179686265042
4178,-0.00179679907343953
4179,-0.00301635058329425
4180,-0.00425572950638306
4181,-0.00558240813439102
4182,-0.006438066466005
4183,-0.00638437154758963
4184,-0.00625114707177333
4185,-0.0078873396979102
4186,-0.0121331837701676
4187,-0.0173234120792717
4188,-0.0205509163398352
4189,-0.0205093353752096
4190,-0.0185286630950319
4191,-0.0166885360690357
4192,-0.0155661876009979
4193,-0.014248845568086
4194,-0.0120078019817721
4195,-0.0092115095180296
4196,-0.00669150434522146
4197,-0.00486728348129602
4198,-0.00362984380192704
4199,-0.00261839217462436
4200,-0.00145685096200396
4201,-0.000123244693723696
4202,0.000779578424537834
4203,0.000651405535717329
4204,0.000125092382926742
4205,0.00109933038373471
4206,0.00478234541684774
4207,0.00984939563308266
4208,0.0133336035816734
4209,0.0135709954746769
4210,0.0116989859790696
4211,0.0099939206059452
4212,0.00932771470343985
4213,0.00877549409421567
4214,0.00727403627978839
4215,0.00486491744792996
4216,0.00230531009447309
4217,0.000141659288264932
4218,-0.00155931954597426
4219,-0.00298406887529144
4220,-0.00434265514806947
4221,-0.00559214525093884
4222,-0.00627593835627464
4223,-0.00609651069821374
4224,-0.00590868066779287
4225,-0.00754354212828393
4226,-0.0118827892501267
4227,-0.0172713451789141
4228,-0.0206620361506732
4229,-0.0205808617699516
4230,-0.0184018546041892
4231,-0.0164394637241291
4232,-0.0153949224015561
4233,-0.0142065750576263
4234,-0.011942156873186
4235,-0.00899702420580059
4236,-0.00640313207102767
4237,-0.00465237943818563
4238,-0.00348306070189307
4239,-0.00239762625926303
4240,-0.00111604705282285
4241,0.000179966161684578
4242,0.000868873962474088
4243,0.000565498214247178
4244,8.32622250475082E-05
4245,0.00123715547739465
4246,0.00499355137476634
4247,0.00992519814791851
4248,0.0132120184635251
4249,0.0133902082860831
4250,0.0116234116355356
4251,0.0100599991722409
4252,0.00948019711721734
4253,0.00898144462046942
4254,0.00752475912601047
4255,0.00509616826941487
4256,0.00241314494446726
4257,0.000112831046301719
4258,-0.00159856743084854
4259,-0.00290299814932833
4260,-0.00415244917480182
4261,-0.0054043596698297
4262,-0.00615071143186145
4263,-0.00600876428097518
4264,-0.00585406508692715
4265,-0.00757818558925829
4266,-0.0120177804962493
4267,-0.0174081104913355
4268,-0.0207085714480776
4269,-0.0205883182839569
4270,-0.0185014892362418
4271,-0.0166607400093432
4272,-0.0156355608739418
4273,-0.0143900596080691
4274,-0.0121061011070266
4275,-0.00917898450983618
4276,-0.00652974461156159
4277,-0.00464233884426496
4278,-0.00342100625455665
4279,-0.00248972273081754
4280,-0.00144633380431374
4281,-0.000230770633829464
4282,0.000607095816830735
4283,0.000516563627109817
4284,0.000127495057455223
4285,0.00124704892476212
4286,0.00495874903376668
4287,0.00991422923756482
4288,0.0132823411907478
4289,0.0135619304761134
4290,0.0118906145540623
4291,0.0103761239460016
4292,0.0097451644611161
4293,0.00908815814556508
4294,0.00744062912876936
4295,0.00489030691665211
4296,0.00220062964848945
4297,-2.2447251534662E-05
4298,-0.00163305307345941
4299,-0.00285921801847015
4300,-0.00408668245258627
4301,-0.00540145076575736
4302,-0.00628562448401478
4303,-0.00627470875647135
4304,-0.0061369137776554
4305,-0.00774215473468305
4306,-0.0120300024323238
4307,-0.0173527592414077
4308,-0.0206664911662959
4309,-0.0205427453030826
4310,-0.0183997811009338
4311,-0.0165357694670366
4312,-0.0155939739271147
4313,-0.0144752425483938
4314,-0.0122476790587613
4315,-0.00931807252687894
4316,-0.00672702025524357
4317,-0.00497662214202551
4318,-0.00380852725468658
4319,-0.00271520145555518
4320,-0.00141986898245371
4321,-0.000141756034237225
4322,0.00047125379820895
4323,8.59562819139634E-05
4324,-0.000382483726943072
4325,0.00090932826414036
4326,0.00482765437616371
4327,0.00982774093765374
4328,0.013095498516792
4329,0.0132712303246557
4330,0.0115609364312802
4331,0.0100267991234525
4332,0.00935805038306416
4333,0.00869475472909965
4334,0.00712888995456918
4335,0.00469907378736691
4336,0.00203991881440692
4337,-0.000301362752846778
4338,-0.0020789910843609
4339,-0.0033482140757601
4340,-0.00441600984396587
4341,-0.00545237127615008
4342,-0.00610058096318624
4343,-0.00599827605475756
4344,-0.00590037649801805
4345,-0.00759757580386912
4346,-0.0119690352976901
4347,-0.0173640943054502
4348,-0.0207615466811375
4349,-0.0207220314419849
4350,-0.0186037255152745
4351,-0.0166519785068517
4352,-0.0155394058372502
4353,-0.0142778328392974
4354,-0.012030700511704
4355,-0.00918593322120137
4356,-0.00666707035552065
4357,-0.00489330265460805
4358,-0.00365948984279968
4359,-0.00258411815127388
4360,-0.00141361610525322
4361,-0.000218626744608836
4362,0.000508271394474869
4363,0.000372069761105661
4364,3.08520619453705E-05
4365,0.00117045241072595
4366,0.00481339738102796
4367,0.00971521325047179
4368,0.0131415457505486
4369,0.013507251929589
4370,0.0117968100900717
4371,0.0101335470757428
4372,0.00942828175999305
4373,0.00887944446454467
4374,0.00741897985955006
4375,0.00496444753742567
4376,0.00223197262864581
4377,-0.000105590937549798
4378,-0.00183425181630591
4379,-0.00313117919372737
4380,-0.00431283210352543
4381,-0.00544002302634017
4382,-0.00610875543983058
4383,-0.00602917812617589
4384,-0.00599670057004736
4385,-0.00771707396794299
4386,-0.011992496028755
4387,-0.017250255091587
4388,-0.0206166201072943
4389,-0.0206715009478849
4390,-0.0186500932511993
4391,-0.0167111271844459
4392,-0.0155728606381037
4393,-0.0143188643433637
4394,-0.0120974836618039
4395,-0.00924780725156342
4396,-0.0067161035098612
4397,-0.00498293191193429
4398,-0.00382760057462234
4399,-0.00277779574946241
4400,-0.00154570594391969
4401,-0.000287039237821331
4402,0.000409996388819109
4403,0.000171100179378968
4404,-0.000236070676425531
4405,0.00094286861271124
4406,0.00469994788558854
4407,0.00971759323038368
4408,0.0132101841674033
4409,0.0135696375691359
4410,0.0117834983240484
4411,0.0100218609552397
4412,0.00926589733518432
4413,0.0087371274501665
4414,0.00731572017299724
4415,0.00487378127318449
4416,0.00216749013091772
4417,-6.33415212617914E-05
4418,-0.0016456217050949
4419,-0.00290470686514768
4420,-0.00423318764966185
4421,-0.0055678411544035
4422,-0.0063003670970528
4423,-0.00609481511839429
4424,-0.00591145818170692
4425,-0.00762794594667898
4426,-0.0120253944669294
4427,-0.0173664770697563
4428,-0.020683599101534
4429,-0.0206349024159605
4430,-0.0185869910918104
4431,-0.0167181114955535
4432,-0.0156490747624536
4433,-0.014384933921001
4434,-0.0121047294069489
4435,-0.00923000544789569
4436,-0.00672753394918797
4437,-0.0050139703960593
4438,-0.00380263138047041
4439,-0.00262905958792548
4440,-0.00127358739926452
4441,4.91062263903612E-05
4442,0.000743287700419157
4443,0.00046807008038078
4444,2.90975316095215E-05
4445,0.00118906613959654
4446,0.00490422759049133
4447,0.00980748330370628
4448,0.0131170763186893
4449,0.0133120642145405
4450,0.0114798813639801
4451,0.00979834812533776
4452,0.00916213442453919
4453,0.00871889031002495
4454,0.00735490684204334
4455,0.0049638108872866
4456,0.00226315239225623
4457,-5.42480120991849E-05
4458,-0.00176368520555988
4459,-0.00306809878417727
4460,-0.00431999116906755
4461,-0.00555699412209091
4462,-0.00627898600092464
4463,-0.00612950458595268
4464,-0.0059729183431672
4465,-0.00766163460406899
4466,-0.0120353058537252
4467,-0.0173776961325596
4468,-0.0206629003462175
4469,-0.0205212399813409
4470,-0.0183996676182691
4471,-0.0165664854994982
4472,-0.0156029967551919
4473,-0.0143797011020156
4474,-0.0120203970490562
4475,-0.00904819026272959
4476,-0.00656777216043408
4477,-0.00501242763440238
4478,-0.00398576516566762
4479,-0.00291207892194422
4480,-0.00154955470412718
4481,-0.000157792395441113
4482,0.000621165334200046
4483,0.000416905936179317
4484,4.87901311099993E-06
4485,0.00112631026569889
4486,0.00476746898123811
4487,0.00965240686225269
4488,0.0130821498750827
4489,0.013515503592007
4490,0.0119062238388995
4491,0.010290771627229
4492,0.00953637188454107
4493,0.00888946137385125
4494,0.00735951307686705
4495,0.00489325359276219
4496,0.00219096984337932
4497,-8.7931981121134E-05
4498,-0.00174882647843945
4499,-0.00303525674924144
4500,-0.00433102191533761
4501,-0.0056433433897848
4502,-0.00638489719415583
4503,-0.00614861670964782
4504,-0.0058595274179326
4505,-0.00748845877975228
4506,-0.0119247317309674
4507,-0.0173911375817121
4508,-0.0207729060639615
4509,-0.0206648686978259
4510,-0.0185149607592066
4511,-0.0165879002910621
4512,-0.0154910464912562
4513,-0.0141918508308967
4514,-0.0119025214493973
4515,-0.0090854245708053
4516,-0.00665144829238205
4517,-0.00492596538713831
4518,-0.00365198157421302
4519,-0.00250855519686415
4520,-0.00133806126406651
4521,-0.000228162591657974
4522,0.000398138604670954
4523,0.000217359683847358
4524,-9.7550917997117E-05
4525,0.00110865576757365
4526,0.00481010888880576
4527,0.0097154150438391
4528,0.0130770675997821
4529,0.0133556795563919
4530,0.0116042100916527
4531,0.00996215647866035
4532,0.00928851246899725
4533,0.00873339066527249
4534,0.00724198739375497
4535,0.00477923493155758
4536,0.00208510378314728
4537,-0.000174005364295162
4538,-0.0018027912497501
4539,-0.00302189482443851
4540,-0.00421596094316227
4541,-0.00546864846752828
4542,-0.00628636750594021
4543,-0.00624406360428244
4544,-0.00610797457850717
4545,-0.00769570438156722
4546,-0.0119199239660316
4547,-0.0171903196861739
4548,-0.0205455074696692
4549,-0.0205447633946251
4550,-0.0184799655152221
4551,-0.0165387732168317
4552,-0.0154060990616478
4553,-0.0141474075428124
4554,-0.0119422160875367
4555,-0.0091340982927398
4556,-0.00660623988097389
4557,-0.00480032414620967
4558,-0.00356141867032755
4559,-0.00250140411654881
4560,-0.00129953366144006
4561,-5.70373105922012E-07
4562,0.000821368907075955
4563,0.000666809419674348
4564,0.000207554463007576
4565,0.00125692134003495
4566,0.00491271329157859
4567,0.00984638422349124
4568,0.0131913760973664
4569,0.0133729026546467
4570,0.0115341433098681
4571,0.00990460368013387
4572,0.00930726812314012
4573,0.00877505065527436
4574,0.00722328464883169
4575,0.00473625139157539
4576,0.00216257520922257
4577,7.86259456799268E-05
4578,-0.00154312788364068
4579,-0.0029942303135565
4580,-0.00444616653736599
4581,-0.00572345790138302
4582,-0.00635220126707925
4583,-0.00617816834742955
4584,-0.00613551416991628
4585,-0.00790384508149374
4586,-0.0121658735148754
4587,-0.0173225710711275
4588,-0.0206022032996224
4589,-0.0206613989889209
4590,-0.0186755406264992
4591,-0.0167023938065843
4592,-0.0154816759131633
4593,-0.0142273504915584
4594,-0.0121422367712151
4595,-0.0094455647364759
4596,-0.00692747133358197
4597,-0.00506831533216177
4598,-0.0037852497321466
4599,-0.00268728260889295
4600,-0.00142816919667592
4601,-0.00010637653400924
4602,0.000617103620296638
4603,0.000274711388610934
4604,-0.000289922743081172
4605,0.000866559853755585
4606,0.00476650012965965
4607,0.00987953631947994
4608,0.0132415790115515
4609,0.0133694910981371
4610,0.0115308218293012
4611,0.0099499887060536
4612,0.00936725926756085
4613,0.00880869606065957
4614,0.0072554247375165
4615,0.00478709431684709
4616,0.00215919589000924
4617,-5.90180187262189E-05
4618,-0.00173809015897677
4619,-0.00305210078591166
4620,-0.00430739037076697
4621,-0.005573993779698
4622,-0.0063876111733901
4623,-0.00632548747011714
4624,-0.00614242659893382
4625,-0.00769288198693805
4626,-0.0119540303937986
4627,-0.0173301309586252
4628,-0.0207644010564953
4629,-0.0207434978786773
4630,-0.0186046330968485
4631,-0.0166351011169672
4632,-0.0155369263497599
4633,-0.0142957705244832
4634,-0.0120379328189826
4635,-0.00915673887310058
4636,-0.00660957056568809
4637,-0.00483002580750251
4638,-0.003600494165484
4639,-0.00252912551452626
4640,-0.00136580576797328
4641,-0.000185504272841961
4642,0.000520303997427248
4643,0.00035982078754658
4644,3.92375834795267E-06
4645,0.00116156726501719
4646,0.00485665374072367
4647,0.00979655201430213
4648,0.0131903678372954
4649,0.0134680372312611
4650,0.0117030326287313
4651,0.0100778545829219
4652,0.00945371633821655
4653,0.00893507229541928
4654,0.00744569012352146
4655,0.00499891301841802
4656,0.00238064785374313
4657,0.00019526830363637
4658,-0.00149958083016537
4659,-0.00296308429870969
4660,-0.0044220263015854
4661,-0.00574536568042871
4662,-0.00640504577865315
4663,-0.00616733746125065
4664,-0.00600530430667811
4665,-0.00773877855607083
4666,-0.0120996792775257
4667,-0.0173540982738041
4668,-0.0205906209764588
4669,-0.0205409698044588
4670,-0.0185933747310555
4671,-0.0168528813452511
4672,-0.0158363263564908
4673,-0.0145332583926845
4674,-0.012206786774671
4675,-0.00933368070627971
4676,-0.00682768216114675
4677,-0.0050441159373751
4678,-0.00375496072913739
4679,-0.00261075290324201
4680,-0.00138147404797495
4681,-0.000127874668293157
4682,0.000648955143587462
4683,0.000500014335559874
4684,5.01772587910379E-05
4685,0.00103912420005861
4686,0.00458367942383235
4687,0.00947376793232485
4688,0.0129381817796786
4689,0.0133598857352419
4690,0.0117247423685148
4691,0.0101373042938152
4692,0.00945541371404203
4693,0.00886747331600289
4694,0.00737839990468767
4695,0.00497573117796368
4696,0.00234966991722426
4697,9.50350837460731E-05
4698,-0.00160284120933501
4699,-0.00290359253429345
4700,-0.00413463075079104
4701,-0.00537837103819369
4702,-0.00617198188707361
4703,-0.00611565038856169
4704,-0.00599870583575576
4705,-0.00765765047240022
4706,-0.0119788386066558
4707,-0.0172998883127661
4708,-0.020633904655768
4709,-0.020626815056091
4710,-0.0186703901068456
4711,-0.0169059774007115
4712,-0.0158529759160559
4713,-0.0145106224727773
4714,-0.0121967198606728
4715,-0.00941469159249216
4716,-0.00700592066265362
4717,-0.00523100414058621
4718,-0.00387506495484246
4719,-0.00269199583928723
4720,-0.00150278198186492
4721,-0.000316450390845584
4722,0.000424063001669823
4723,0.000271515074871243
4724,-0.000141063946544464
4725,0.000973482899571326
4726,0.00471513802925008
4727,0.00972528149610027
4728,0.013099878038766
4729,0.0133000557108586
4730,0.0115376741031745
4731,0.0100151581207146
4732,0.00944974070281586
4733,0.00886257754456728
4734,0.00728499374901464
4735,0.00484127050704638
4736,0.00223663909713067
4737,-5.15686536764595E-05
4738,-0.00187119801864907
4739,-0.00324463243116635
4740,-0.00438604875336789
4741,-0.00546807654664166
4742,-0.00620055958296664
4743,-0.00619158991958967
4744,-0.00607424277118384
4745,-0.00761617363989825
4746,-0.0118446571975146
4747,-0.0172432159191452
4748,-0.0207358917260487
4749,-0.0207309558586097
4750,-0.0185492984848089
4751,-0.0165404471848879
4752,-0.0154582138729649
4753,-0.0142782199942062
4754,-0.0120926295694708
4755,-0.0092781058976857
4756,-0.0067855639308274
4757,-0.00504157560636528
4758,-0.00383460739562964
4759,-0.00278732354148235
4760,-0.00163831285089767
4761,-0.000423097074802109
4762,0.000376120985837509
4763,0.000303422835529686
4764,-6.06061921422809E-05
4765,0.000970693183722274
4766,0.00449741066661745
4767,0.0093358009652284
4768,0.0127456405384502
4769,0.0131184437925886
4770,0.0114456415387308
4771,0.00985802253467576
4772,0.0092290424995171
4773,0.00870278094625439
4774,0.00720945256684928
4775,0.00473216062862057
4776,0.00205331520760125
4777,-0.000162606288636683
4778,-0.00179242947588648
4779,-0.00310815954425179
4780,-0.00442355682188834
4781,-0.00568267383954539
4782,-0.00636587255919535
4783,-0.00620365886569676
4784,-0.00612084639689397
4785,-0.00788182780423729
4786,-0.0121860387872482
4787,-0.0173493495722905
4788,-0.0205706267943467
4789,-0.0206177450418647
4790,-0.0187640521278976
4791,-0.0169812069046796
4792,-0.0158254044924088
4793,-0.0144627634820621
4794,-0.0122262119833275
4795,-0.00945202665552101
4796,-0.00690974178962046
4797,-0.00502819563737667
4798,-0.00376832246004476
4799,-0.00279997089936759
4800,-0.00170325579661516
4801,-0.000411383160728174
4802,0.000462536873466382
4803,0.000299032484243637
4804,-0.000244898976111056
4805,0.00075329168358229
4806,0.00446259023301364
4807,0.00950367961465463
4808,0.0129404359669979
4809,0.0132078289650177
4810,0.0114773910022456
4811,0.00993755765403137
4812,0.00935415963574552
4813,0.00878833297426129
4814,0.00722731761266698
4815,0.00474643693819
4816,0.00211991843385641
4817,-6.72853570840001E-05
4818,-0.00172767944015024
4819,-0.00310566698161596
4820,-0.00449351468953759
4821,-0.00583523280575552
4822,-0.00657551807316149
4823,-0.00637782108782363
4824,-0.00617353882551919
4825,-0.00785521967602762
4826,-0.0122438354851163
4827,-0.0176030325593449
4828,-0.0209356368995128
4829,-0.0208898427779927
4830,-0.0188358123765668
4831,-0.0169355998422968
4832,-0.0158042549226095
4833,-0.0144972970918606
4834,-0.0122445292412819
4835,-0.00941965660667973
4836,-0.0068851095329229
4837,-0.00506204526301345
4838,-0.00381129730298581
4839,-0.00276278195997348
4840,-0.00158129697832701
4841,-0.000291576615941971
4842,0.000520193448142659
4843,0.000337370532903393
4844,-0.000143750035554379
4845,0.000928249610476381
4846,0.00462840946077636
4847,0.00955599822667316
4848,0.012833935869126
4849,0.0129850222008283
4850,0.0112428354439962
4851,0.00979450435801395
4852,0.00933777178359141
4853,0.00884990538957747
4854,0.00728937871483618
4855,0.00476968003820804
4856,0.00211629178144847
4857,-6.3189765627529E-05
4858,-0.00167657016513009
4859,-0.00297327937078571
4860,-0.00428499039747194
4861,-0.00562017408400779
4862,-0.00643553185737526
4863,-0.00631046700168798
4864,-0.00608199554675579
4865,-0.00766049860584173
4866,-0.0119793950465326
4867,-0.0173645306143382
4868,-0.0207626167743081
4869,-0.0207518146933134
4870,-0.0187287643756123
4871,-0.016922912194914
4872,-0.0159227485567989
4873,-0.0146677483155459
4874,-0.0123372346437797
4875,-0.00940371844405855
4876,-0.00686175290225637
4877,-0.00513608200223655
4878,-0.00397063542417308
4879,-0.00291061442496882
4880,-0.00165335430457785
4881,-0.000298684412143425
4882,0.000548780726870323
4883,0.000394184284496283
4884,-7.87260442090665E-05
4885,0.000946543040242409
4886,0.00457370697281289
4887,0.00949954041986978
4888,0.0128911956466088
4889,0.0131771710658652
4890,0.011454205446617
4891,0.00989890723125895
4892,0.00933600974018017
4893,0.00883706239801757
4894,0.00729861253894788
4895,0.00470812904913483
4896,0.00187774998741337
4897,-0.000463807301057952
4898,-0.00211775290615932
4899,-0.00334828369775964
4900,-0.00456512684692555
4901,-0.00581536511578617
4902,-0.00655836270662003
4903,-0.00640354006138371
4904,-0.00622985973919582
4905,-0.00791966296342671
4906,-0.012307309745525
4907,-0.0176609950099674
4908,-0.0209793619538078
4909,-0.0209156262092723
4910,-0.0188486633272818
4911,-0.0169351090003375
4912,-0.0157836590336873
4913,-0.0144721906980303
4914,-0.0122653277481279
4915,-0.0095222984814496
4916,-0.00702933795666097
4917,-0.00515485908132125
4918,-0.00381322885711361
4919,-0.00274630377726347
4920,-0.00164933559444737
4921,-0.000446020318673686
4922,0.000388685536608007
4923,0.000316450662474622
4924,-9.1727114973792E-05
4925,0.000960859997229019
4926,0.00465202177676356
4927,0.00970890990170796
4928,0.013218187926166
4929,0.0135128131835316
4930,0.0116963325349458
4931,0.0100309897765158
4932,0.00939119288947671
4933,0.00883263085230891
4934,0.00725827729250359
4935,0.00472215166965707
4936,0.002059449948504
4937,-0.000114141208980058
4938,-0.00174799025173304
4939,-0.00309858951357016
4940,-0.00440593317361557
4941,-0.00560195498854877
4942,-0.00622939778889732
4943,-0.00604748368685309
4944,-0.00594127255158415
4945,-0.00767422590992186
4946,-0.0120336486282577
4947,-0.0173715614774827
4948,-0.020744926415818
4949,-0.0207409416136979
4950,-0.0186723459456857
4951,-0.0167631065804767
4952,-0.0157223712203491
4953,-0.0145747534035849
4954,-0.0124141377005603
4955,-0.00954406533960551
4956,-0.00689901559986644
4957,-0.00501065992843315
4958,-0.00377586756690186
4959,-0.00279401061116887
4960,-0.00168707793520462
4961,-0.000433405702348952
4962,0.00041960603352065
4963,0.000329272139267417
4964,-0.00010384659521806
4965,0.000924545781175484
4966,0.00458605410915006
4967,0.00961379945114531
4968,0.0130997752832503
4969,0.0133655837713966
4970,0.0115109827160424
4971,0.00982887892361147
4972,0.00923474627361682
4973,0.00878487039848713
4974,0.00732961571194368
4975,0.00485932548891748
4976,0.00218285779829576
4977,-6.23014002982963E-05
4978,-0.00178598529246399
4979,-0.00322352780487755
4980,-0.00461545215034264
4981,-0.00588286498457271
4982,-0.00652898423528517
4983,-0.00628204640555841
4984,-0.00605417449842883
4985,-0.00767787701826463
4986,-0.0119810209306568
4987,-0.0173005998120296
4988,-0.0206738802219342
4989,-0.020702655839412
4990,-0.0187055502448669
4991,-0.0168532323374964
4992,-0.0157933639323483
4993,-0.0145778380878388
4994,-0.0124034676571141
4995,-0.00961609932245288
4996,-0.00705738739173468
4997,-0.00514150966210074
4998,-0.00378445749537168
4999,-0.00272824011820529
5000,-0.00167323195359983
5001,-0.000498088221245539
5002,0.000400027587995831
5003,0.000461031266477459
5004,8.68432796985764E-05
5005,0.000944297887932963
5006,0.00433463052413629
5007,0.0092745665044302
5008,0.0129688420257389
5009,0.0135413128570311
5010,0.0118120268723128
5011,0.0100254931566516
5012,0.00928994522557376
5013,0.00882065421347985
5014,0.00741948979828223
5015,0.00495663074013117
5016,0.00225539777416098
5017,6.97755306899225E-05
5018,-0.00148935752452891
5019,-0.00278227865180504
5020,-0.00415605075179807
5021,-0.00550018626085547
5022,-0.00623583609226328
5023,-0.00608755973551659
5024,-0.00600961677834017
5025,-0.00780770468121274
5026,-0.012220901795545
5027,-0.0175512216694002
5028,-0.0208892859059793
5029,-0.0208867095683285
5030,-0.018850397497114
5031,-0.0169353540331793
5032,-0.0158168404882926
5033,-0.0145611265934822
5034,-0.0123183991015406
5035,-0.00940879493027155
5036,-0.00676313597986403
5037,-0.00491768427208356
5038,-0.00376009701195334
5039,-0.00284556590607904
5040,-0.00175401762384226
5041,-0.000469932514920512
5042,0.0004208074903588
5043,0.000349539907415542
5044,-9.56659654387733E-05
5045,0.000870905771429392
5046,0.00442509533441762
5047,0.00936725867429973
5048,0.0128734199723309
5049,0.0132629591831408
5050,0.01153650763498
5051,0.00990432957059072
5052,0.0092940215234195
5053,0.00880770058542856
5054,0.00729634579485902
5055,0.00474609200524829
5056,0.00202914604900942
5057,-0.000143428808108767
5058,-0.00171789876360195
5059,-0.0030524823232392
5060,-0.00443825082744958
5061,-0.00572401780894257
5062,-0.00635546790725862
5063,-0.00611561903551758
5064,-0.00597520410947308
5065,-0.00769926067910357
5066,-0.0120048072324159
5067,-0.017249277330094
5068,-0.0205976798032135
5069,-0.0206889434735729
5070,-0.0187331908521305
5071,-0.0168263591284342
5072,-0.0156957368760904
5073,-0.014491277304386
5074,-0.012362124201622
5075,-0.00954745904322707
5076,-0.00691897191041884
5077,-0.00502512190348605
5078,-0.00378953698750474
5079,-0.00278037809544536
5080,-0.00158726844178388
5081,-0.000230864710836456
5082,0.000667147911073171
5083,0.000548755795469032
5084,5.26560560919906E-05
5085,0.00100165460066927
5086,0.0045620446012092
5087,0.00950103675814767
5088,0.0129822800735949
5089,0.0133460196682685
5090,0.0116124293565141
5091,0.00997242290844668
5092,0.00931334621001522
5093,0.00874140496241902
5094,0.00718097205662064
5095,0.00468994813251792
5096,0.00212190513418632
5097,9.25742718097618E-05
5098,-0.00141785110388229
5099,-0.00276917026964305
5100,-0.00422277347325489
5101,-0.00559722319880874
5102,-0.0062847358432584
5103,-0.00601356918881527
5104,-0.00579630819793827
5105,-0.00754452781653298
5106,-0.0120470536296061
5107,-0.0175094070183482
5108,-0.0208674636315382
5109,-0.0207526740235629
5110,-0.0186225576831178
5111,-0.0167657463958226
5112,-0.0158169896670206
5113,-0.0147082495712005
5114,-0.0125361665036761
5115,-0.00965590304629524
5116,-0.00699498426666798
5117,-0.0050335498393469
5118,-0.00368160165751526
5119,-0.002632371638327
5120,-0.00155896318180733
5121,-0.000366325143250429
5122,0.000499696381544156
5123,0.000477195203293554
5124,4.05091891546458E-05
5125,0.000932652794710939
5126,0.00443213083343989
5127,0.00944014818550007
5128,0.0130917491106224
5129,0.0135878343262273
5130,0.0118850670190239
5131,0.0102498670007293
5132,0.0096674914009304
5133,0.00923560108253038
5134,0.00776350960072733
5135,0.00519655083969514
5136,0.00238840707020697
5137,8.54008897827852E-05
5138,-0.00157027091853554
5139,-0.00288844610407427
5140,-0.00424337441109566
5141,-0.005621640288503
5142,-0.00646849464077727
5143,-0.00639116608389291
5144,-0.00621834168415702
5145,-0.00778687603391011
5146,-0.0119928238355023
5147,-0.0172441445329339
5148,-0.0206044812377723
5149,-0.0206519782502065
5150,-0.0186655855296521
5151,-0.0168006529868576
5152,-0.0157183041121166
5153,-0.0144808842944947
5154,-0.012272100395096
5155,-0.0094283131665278
5156,-0.00682057455272529
5157,-0.00490740232474063
5158,-0.00359175178932118
5159,-0.00253311339974446
5160,-0.00138370997190046
5161,-0.000106210188836788
5162,0.000760204123605635
5163,0.000655366478145923
5164,0.000181938725354439
5165,0.00118470660530458
5166,0.00485589588655098
5167,0.00988241749106788
5168,0.0133006921405179
5169,0.0134653747997613
5170,0.0115853679399818
5171,0.0100004194913686
5172,0.00952141194394625
5173,0.00905023011279052
5174,0.00742384844052539
5175,0.00479692623237407
5176,0.00213664720415335
5177,5.2909673119301E-05
5178,-0.0015243414716428
5179,-0.00291675305287498
5180,-0.00430173898462928
5181,-0.00553375444975106
5182,-0.00617480918361183
5183,-0.00604321714882422
5184,-0.00600001401725498
5185,-0.00771655162155048
5186,-0.0119612313569442
5187,-0.0171917955533087
5188,-0.0205661465888642
5189,-0.0206318985851329
5190,-0.0185727044008132
5191,-0.0165641221763657
5192,-0.0154116117269751
5193,-0.0142636530047572
5194,-0.0122271522239405
5195,-0.00950850246361225
5196,-0.00694013100553065
5197,-0.00502050435807663
5198,-0.00367544203562491
5199,-0.00256238720194058
5200,-0.00136417613777714
5201,-8.851804537478E-05
5202,0.00074492894958639
5203,0.000645042726005908
5204,0.000213708819404893
5205,0.00119119610870887
5206,0.00470605868243025
5207,0.00955533668939172
5208,0.0129634061602495
5209,0.0133191727428361
5210,0.0116477933078361
5211,0.0100904096522394
5212,0.00946468269896152
5213,0.00885343694517353
5214,0.00722830624429572
5215,0.00470849771369414
5216,0.0021567650790478
5217,0.000155035267630483
5218,-0.00133242112063204
5219,-0.00264768668565783
5220,-0.00405220644600958
5221,-0.00541424568411482
5222,-0.00617233775777748
5223,-0.0060212020942788
5224,-0.00586948210572836
5225,-0.00755748994340299
5226,-0.0119157217011653
5227,-0.0172661955216548
5228,-0.0206215883327196
5229,-0.0205884827214964
5230,-0.0185460468444109
5231,-0.0167352082736139
5232,-0.0157931741847377
5233,-0.0146662859745039
5234,-0.0124584287740205
5235,-0.00954884383994492
5236,-0.00690819928177301
5237,-0.00502744641350161
5238,-0.00375744088804222
5239,-0.00271256655812357
5240,-0.00155500589180396
5241,-0.000258971996283333
5242,0.000663214372820513
5243,0.000656082257994407
5244,0.000243818302048687
5245,0.00117795670464777
5246,0.00467600477896975
5247,0.00957266883858391
5248,0.0130131285961614
5249,0.0132934826435604
5250,0.0114739529623551
5251,0.00984506698381258
5252,0.00932787186252399
5253,0.00894517260029581
5254,0.00749522255275344
5255,0.00495906472034628
5256,0.00219419508281933
5257,-0.000102312864834845
5258,-0.00181565156617304
5259,-0.0031945698144978
5260,-0.00451554494447328
5261,-0.00574715356795388
5262,-0.00642540763246302
5263,-0.00625880589610887
5264,-0.00609082305906486
5265,-0.00770394714145829
5266,-0.0119555045754485
5267,-0.0172618176757447
5268,-0.0206976904768446
5269,-0.0208140799374699
5270,-0.0188393310839071
5271,-0.0168970225804653
5272,-0.0156664110791299
5273,-0.0142848663106388
5274,-0.0120344286919997
5275,-0.00929292402467976
5276,-0.00685519834695375
5277,-0.0050429126274616
5278,-0.00370873588017697
5279,-0.00260664146664507
5280,-0.00149674243827394
5281,-0.000305956613071608
5282,0.000556188231896032
5283,0.000542562642024844
5284,8.89995273238115E-05
5285,0.000910107863848188
5286,0.00432743441920969
5287,0.00931098542955036
5288,0.0129918487913066
5289,0.0134907019822671
5290,0.0117158682255545
5291,0.00998281402345909
5292,0.00935062055985866
5293,0.00891618375265702
5294,0.00743834115979695
5295,0.00486478835927761
5296,0.00211207948067777
5297,-5.87141300442609E-05
5298,-0.00159084088667281
5299,-0.00287434754873513
5300,-0.00424053800180045
5301,-0.00555959707694027
5302,-0.00624898480709918
5303,-0.00602888162147663
5304,-0.00585269150986529
5305,-0.00755443637991434
5306,-0.0119185804372305
5307,-0.017259241751807
5308,-0.0206327850173262
5309,-0.0206563021660681
5310,-0.0186342422337307
5311,-0.0167276027045719
5312,-0.0156058470136656
5313,-0.0143472848776347
5314,-0.0121475644468283
5315,-0.00934448778754469
5316,-0.00679719436006104
5317,-0.00493920129642553
5318,-0.0036529962886673
5319,-0.00261045219556511
5320,-0.00149914936169296
5321,-0.000285123954165862
5322,0.000549980318022084
5323,0.000501690786738997
5324,0.000136093444184576
5325,0.00118438647203254
5326,0.00478423037357599
5327,0.00971639139286598
5328,0.0131616283481956
5329,0.0134823198754972
5330,0.0117248568141049
5331,0.0100846557303897
5332,0.00943109243777424
5333,0.00886447834937065
5334,0.00731569802449028
5335,0.00481191791005247
5336,0.00213510444812375
5337,-0.000116135073513442
5338,-0.0018452038298521
5339,-0.00323888146682622
5340,-0.00451104303593271
5341,-0.00563319052462864
5342,-0.0062061592721342
5343,-0.00600511985993198
5344,-0.00588305019041661
5345,-0.00757457544524914
5346,-0.0118890357833271
5347,-0.017237906806376
5348,-0.0207091284169233
5349,-0.0208401731739289
5350,-0.018839176761131
5351,-0.0168618346250947
5352,-0.015657532057528
5353,-0.0143752817456038
5354,-0.0122144003526739
5355,-0.00947554860311595
5356,-0.00698138261823579
5357,-0.00512838778436224
5358,-0.00376567401335767
5359,-0.0025835384866141
5360,-0.00136182212071928
5361,-0.000147462294990023
5362,0.000611563126183594
5363,0.000517141174993058
5364,0.000160029060923637
5365,0.00117967969839302
5366,0.00467103357673666
5367,0.00954284312974158
5368,0.0131273877046695
5369,0.0137228915423467
5370,0.0121294130782555
5371,0.0104183148413807
5372,0.00961407026072162
5373,0.0090291254056207
5374,0.00757961333851783
5375,0.00511477774001056
5376,0.00237315569302624
5377,0.00011407833501629
5378,-0.00146625861075924
5379,-0.00270216896727569
5380,-0.00401063849102132
5381,-0.00532996069991622
5382,-0.00603616306391693
5383,-0.00580448296548249
5384,-0.00563754172464259
5385,-0.00743043234105334
5386,-0.0119206014689375
5387,-0.0173122395821197
5388,-0.0206303825444635
5389,-0.0205650041712636
5390,-0.0184935232992211
5391,-0.0165881665640432
5392,-0.0155097320256768
5393,-0.0143338640286098
5394,-0.0122157750580256
5395,-0.00941232889737358
5396,-0.00675722419322422
5397,-0.00477235637038833
5398,-0.00344814891302767
5399,-0.00245077145426948
5400,-0.001368953572096
5401,-0.000120749624584905
5402,0.000747557341241791
5403,0.00064875504996125
5404,0.000150973949240742
5405,0.00105449924901112
5406,0.0045550197324742
5407,0.00945616344758584
5408,0.0129458423519723
5409,0.0133727943813104
5410,0.0117358145470231
5411,0.0101821510528709
5412,0.00957724969186448
5413,0.00904223363712461
5414,0.00750099251243567
5415,0.00496298303228202
5416,0.00225007782834636
5417,4.21635758347532E-05
5418,-0.00156476933074112
5419,-0.00289110563815754
5420,-0.00427467828939642
5421,-0.00562885583609078
5422,-0.00636204147303176
5423,-0.00615345179124278
5424,-0.00596270957866577
5425,-0.00766367467094806
5426,-0.0120275840249553
5427,-0.0172997105784047
5428,-0.0205209044829215
5429,-0.0204047458147995
5430,-0.0183723075089074
5431,-0.0165941886838775
5432,-0.0156402715066717
5433,-0.0144858144433239
5434,-0.0122928891620175
5435,-0.0094183216200971
5436,-0.00675495117911109
5437,-0.00477852641794246
5438,-0.00341991036041886
5439,-0.00237568536900549
5440,-0.00131380827674018
5441,-0.000155702394269313
5442,0.000649234476429788
5443,0.000599231975108058
5444,0.000232601885830691
5445,0.00123395916906135
5446,0.00471716131294952
5447,0.00951473876160583
5448,0.0129184028986282
5449,0.013350411729184
5450,0.0117837011824128
5451,0.0102786023598216
5452,0.00965749822961691
5453,0.00908921053262323
5454,0.00756316145160575
5455,0.00507706820212647
5456,0.00238417568434024
5457,0.000145280097571142
5458,-0.001483794052191
5459,-0.00278164633105242
5460,-0.00413345431608522
5461,-0.0055158606689467
5462,-0.00631171036564134
5463,-0.00611710280213668
5464,-0.005874512747198
5465,-0.00753275056092542
5466,-0.0119254889148837
5467,-0.0172799955632739
5468,-0.0205937507938385
5469,-0.0205682461240481
5470,-0.018600162728479
5471,-0.0167855063627889
5472,-0.0156594546333312
5473,-0.0143086842440041
5474,-0.0120765157153594
5475,-0.009362411048939
5476,-0.006900160494504
5477,-0.00499092603570702
5478,-0.00357177455075585
5479,-0.00247946721338175
5480,-0.00145429819470163
5481,-0.000350291604346499
5482,0.000459616581189078
5483,0.00044203839924332
5484,6.50680662488262E-05
5485,0.00103890667456113
5486,0.00458040543751129
5487,0.0095434057469266
5488,0.0130880383747501
5489,0.0134918187582697
5490,0.0117541800158974
5491,0.0101204152873387
5492,0.00955144105259226
5493,0.00915676495080041
5494,0.00774638868715776
5495,0.00521721031284134
5496,0.00238215184161057
5497,2.26639645904576E-05
5498,-0.00165235503927908
5499,-0.0029475669949273
5500,-0.00427938668155436
5501,-0.00561827370662561
5502,-0.006329865650869
5503,-0.00602387039069616
5504,-0.00569272245208541
5505,-0.00733731418081166
5506,-0.0117945680145804
5507,-0.0172191208671618
5508,-0.0205092929042134
5509,-0.0203511392963144
5510,-0.0182587859568266
5511,-0.0164693031923048
5512,-0.0155126289177768
5513,-0.0143103695110085
5514,-0.0120680394643673
5515,-0.00923917346652218
5516,-0.00673359994679039
5517,-0.00493679295337053
5518,-0.00368735681913437
5519,-0.00266581726246489
5520,-0.00155936398935965
5521,-0.000292923217137464
5522,0.000654559132192877
5523,0.00068335599403476
5524,0.000257841179002885
5525,0.001147704388581
5526,0.0046553070924855
5527,0.00966086618611336
5528,0.0132455933448699
5529,0.0135830695221943
5530,0.0116749043972332
5531,0.00988502632228052
5532,0.00927653280934852
5533,0.00894426147783528
5534,0.00762014432100953
5535,0.00516706539686811
5536,0.00241819685843473
5537,0.000161557114213935
5538,-0.00141952620370213
5539,-0.00264493681073436
5540,-0.00392944046533667
5541,-0.00526915215964364
5542,-0.00607603301553496
5543,-0.00594381249358122
5544,-0.00575635262887693
5545,-0.00741860598962575
5546,-0.0118040699288205
5547,-0.0172027192447986
5548,-0.0205882103639235
5549,-0.0205727064967217
5550,-0.0185288526838785
5551,-0.0166328151011801
5552,-0.0154881064997163
5553,-0.0141480766978217
5554,-0.0118914830080888
5555,-0.00913419766645465
5556,-0.00668500235444054
5557,-0.00486418518979401
5558,-0.00354007683040863
5559,-0.00247943099375847
5560,-0.00142114795531049
5561,-0.000258687781861105
5562,0.000608903650327433
5563,0.000636759898943024
5564,0.000272302614291656
5565,0.00120553113582062
5566,0.00466378836157691
5567,0.00954398585927572
5568,0.0130508744079609
5569,0.0134755989867138
5570,0.0117857056611945
5571,0.0101642824444131
5572,0.00952956433273074
5573,0.00902172936845026
5574,0.00754529834245337
5575,0.00506829199731143
5576,0.00237184248815456
5577,0.000127474033907764
5578,-0.00153504285742261
5579,-0.00289712143231925
5580,-0.00429158996346636
5581,-0.00564601901026362
5582,-0.00636654416279136
5583,-0.00612128021786977
5584,-0.00588275851648863
5585,-0.00755226550576287
5586,-0.0119064257023786
5587,-0.0171853709638531
5588,-0.0204569456617528
5589,-0.0204653183889344
5590,-0.0185741496714301
5591,-0.0168130016251776
5592,-0.015687010132708
5593,-0.014305170467682
5594,-0.0120486771722608
5595,-0.0093404206834393
5596,-0.00692388557540084
5597,-0.00509580005481263
5598,-0.00375688549991793
5599,-0.00267799107492568
5600,-0.00155433374626537
5601,-0.000275560190069607
5602,0.000675262864844776
5603,0.000665500617695053
5604,0.00016044784312972
5605,0.000964182518536388
5606,0.0043990976728883
5607,0.00935167962357615
5608,0.0129345824329502
5609,0.0133582881824357
5610,0.0115912742561586
5611,0.00988856434190621
5612,0.00923724745595908
5613,0.00878052594323795
5614,0.00736812876380376
5615,0.00491109266765167
5616,0.0021690094202995
5617,-0.000169580084695366
5618,-0.00191680964764677
5619,-0.00326756168133445
5620,-0.00451438406699024
5621,-0.00567757367514844
5622,-0.006337309978845
5623,-0.00622010311378324
5624,-0.00614034251246906
5625,-0.00780317511274431
5626,-0.0120086586564418
5627,-0.0172122932830743
5628,-0.0205856913660009
5629,-0.0207114892797975
5630,-0.0187575470552168
5631,-0.0168118113648835
5632,-0.0156121033112785
5633,-0.0143390426472665
5634,-0.0121838115428953
5635,-0.00938866325996107
5636,-0.0067647003672238
5637,-0.00481090032467666
5638,-0.00350804276225479
5639,-0.00255197719977514
5640,-0.00156457491876149
5641,-0.000412785404867384
5642,0.000483211166895203
5643,0.000578731954686619
5644,0.000291535509983056
5645,0.00121828329065226
5646,0.00454867857679515
5647,0.00929908210320214
5648,0.0128227791896231
5649,0.0133815872679164
5650,0.0117707683735145
5651,0.0101012932709198
5652,0.00940554378563957
5653,0.00892862070978558
5654,0.00750715741473286
5655,0.00498981680573012
5656,0.00219267618596289
5657,-5.7332645060436E-05
5658,-0.00157348695077631
5659,-0.00275993716114309
5660,-0.00409615162172482
5661,-0.00552129795887387
5662,-0.00634019173417196
5663,-0.00612835035903556
5664,-0.00584595646815517
5665,-0.00746030491992094
5666,-0.0118460693881286
5667,-0.0172821340125666
5668,-0.0207390824304594
5669,-0.0207947563271161
5670,-0.0187701743374608
5671,-0.0168564137819301
5672,-0.0157490777001928
5673,-0.0145504352115945
5674,-0.0124604307460312
5675,-0.00977376963515085
5676,-0.00726942059209056
5677,-0.00532411951148237
5678,-0.00385222276788819
5679,-0.00264209009377828
5680,-0.00149074259289372
5681,-0.000361349426180811
5682,0.000375949077387556
5683,0.000306717231832032
5684,-4.13005083808554E-05
5685,0.000961508930333679
5686,0.00445020196543595
5687,0.00933212790774988
5688,0.0128762372419934
5689,0.0133563880084475
5690,0.0116590689565614
5691,0.00996816803286939
5692,0.0093105982375414
5693,0.00889072722169963
5694,0.00753355581621641
5695,0.00509061459088777
5696,0.00234245111297361
5697,5.9127637844728E-05
5698,-0.00157202112794221
5699,-0.0028759527781235
5700,-0.00425186621797741
5701,-0.0056275935254164
5702,-0.00634736912836669
5703,-0.00603068862435411
5704,-0.00568364213251976
5705,-0.00731762537036119
5706,-0.0117929341647978
5707,-0.0172881270263133
5708,-0.0206862333836821
5709,-0.0206152199045634
5710,-0.018537318810447
5711,-0.0166872971908598
5712,-0.015638172296951
5713,-0.0143682464187015
5714,-0.0121208752876472
5715,-0.00933267837660696
5716,-0.00683570750104917
5717,-0.00494671122073617
5718,-0.00354359226732775
5719,-0.00244297953007905
5720,-0.00141379517734105
5721,-0.000296026807378115
5722,0.000590291999424829
5723,0.000681471844524958
5724,0.000315300103049727
5725,0.00114670931151007
5726,0.00453200283917343
5727,0.00950714879478742
5728,0.0132160423235389
5729,0.0137302618488448
5730,0.0119062586380872
5731,0.0100655509566356
5732,0.00934172885848996
5733,0.00891536431662946
5734,0.00754175355697741
5735,0.00505002486322106
5736,0.0022366430511484
5737,-0.000104876377165465
5738,-0.00174284424512245
5739,-0.00295471046941729
5740,-0.00417267261617954
5741,-0.00546314382375665
5742,-0.00627921465784612
5743,-0.0061630518454321
5744,-0.00591035783085421
5745,-0.00742931936648988
5746,-0.0117160746014551
5747,-0.0171614203272087
5748,-0.0206739796337622
5749,-0.0206965457535788
5750,-0.0185437683767733
5751,-0.016531092588438
5752,-0.0154215409782838
5753,-0.0142337563207256
5754,-0.0120611799177973
5755,-0.00923058418570354
5756,-0.006668656536628
5757,-0.00484990687697212
5758,-0.003628588768594
5759,-0.0026293153200505
5760,-0.00152295405372209
5761,-0.000284878223050761
5762,0.000579690996673837
5763,0.000519582994567701
5764,5.32437165381247E-05
5765,0.00093742449276972
5766,0.00443406053890482
5767,0.0094365296396064
5768,0.0130793031235422
5769,0.0135409804918454
5770,0.0117548068430057
5771,0.0100199252976604
5772,0.00940331640489042
5773,0.0090405469022643
5774,0.00767663020205162
5775,0.00516234840294119
5776,0.00234102754259378
5777,3.52833572113281E-05
5778,-0.00156044804279507
5779,-0.00279538569402107
5780,-0.00411125267979139
5781,-0.0054925527537015
5782,-0.00631856344875686
5783,-0.00615973673903677
5784,-0.00588934472601069
5785,-0.00741911903904766
5786,-0.0116730734578588
5787,-0.0170266891481119
5788,-0.0204923800971338
5789,-0.0206078073883018
5790,-0.0186227254771459
5791,-0.0166852316468507
5792,-0.0155001817169096
5793,-0.0142148148902346
5794,-0.0120620733057159
5795,-0.0093236509523724
5796,-0.00675884151945853
5797,-0.00479305362108172
5798,-0.00343668084422401
5799,-0.00248050183812019
5800,-0.00155338927782158
5801,-0.000429397513089314
5802,0.000503451577787865
5803,0.000606694634132714
5804,0.000238862121220819
5805,0.0011036646038212
5806,0.00452503669115666
5807,0.00945598824609636
5808,0.0130360113797544
5809,0.0134450740169108
5810,0.0116423750801845
5811,0.00992548465742137
5812,0.00929895969832026
5813,0.00884450020907409
5814,0.00735275611126862
5815,0.00479345722507882
5816,0.00206612377207512
5817,-9.58847676617825E-05
5818,-0.00164751544113564
5819,-0.00297796399889787
5820,-0.00440216846145371
5821,-0.0057495259986901
5822,-0.00640101233638158
5823,-0.00609687582434149
5824,-0.00585793120517632
5825,-0.00755171921823128
5826,-0.0119238603103513
5827,-0.0172468110402818
5828,-0.0206050025133613
5829,-0.0206715963894806
5830,-0.0187443005754189
5831,-0.0169201481746201
5832,-0.0158356098517869
5833,-0.0145908651811813
5834,-0.0123881997694801
5835,-0.00953222170174755
5836,-0.00688596311000976
5837,-0.00496445508508544
5838,-0.00371223945289119
5839,-0.00274159879326332
5840,-0.00162421069618446
5841,-0.000311342611147682
5842,0.000604004580610872
5843,0.000523188258626779
5844,4.55944169584391E-05
5845,0.00100634598622229
5846,0.00459788433606251
5847,0.00957732391561126
5848,0.0130726174566059
5849,0.0134040656125206
5850,0.0116106311730175
5851,0.00994404861967881
5852,0.00936787493031448
5853,0.0089977585292251
5854,0.00762673917110919
5855,0.00511575753722603
5856,0.00226737929993567
5857,-0.000101277655603436
5858,-0.0017326717487703
5859,-0.0029187307663281
5860,-0.00411837814772802
5861,-0.00538274161657589
5862,-0.00614121298292921
5863,-0.00597661434309705
5864,-0.00575223571774276
5865,-0.0073507114596445
5866,-0.0116463273069911
5867,-0.016974611212249
5868,-0.0203609940364042
5869,-0.0204087002039811
5870,-0.0184323021961514
5871,-0.0165894336808073
5872,-0.0155318472552968
5873,-0.0143327766712238
5874,-0.012187189762505
5875,-0.00940414689730281
5876,-0.00680471532886447
5877,-0.00484144275687913
5878,-0.0034860835268793
5879,-0.00247751056396424
5880,-0.00145709870492902
5881,-0.000274271354733678
5882,0.000632181838640242
5883,0.000662293501855005
5884,0.0002603066906969
5885,0.00116759929634102
5886,0.0046653339942801
5887,0.00964232341440666
5888,0.0132191702624582
5889,0.0136007237174015
5890,0.0117695152973751
5891,0.0100277449614093
5892,0.0093906956196351
5893,0.0089629031177765
5894,0.0075268132553799
5895,0.00498469730324476
5896,0.00217353846244927
5897,-0.000125720497452534
5898,-0.00171780071125945
5899,-0.00290321080113907
5900,-0.00410833425819123
5901,-0.00537922388263796
5902,-0.00616943477388224
5903,-0.00605629179995188
5904,-0.0058630317989227
5905,-0.0074617725662493
5906,-0.0117675727670381
5907,-0.0171475644166459
5908,-0.0206039410456618
5909,-0.020698839131566
5910,-0.0187334731761168
5911,-0.0168609215294972
5912,-0.015711649897762
5913,-0.0143664804597669
5914,-0.0121043410606102
5915,-0.00932938810849595
5916,-0.00684168603839767
5917,-0.00495425360748418
5918,-0.00354362842544617
5919,-0.00242639848825031
5920,-0.00140596998528484
5921,-0.000372805743757026
5922,0.000372343003485284
5923,0.000381179626095102
5924,8.54916791820813E-05
5925,0.00108256228136917
5926,0.00456709745509917
5927,0.0094981573200033
5928,0.0131107356904343
5929,0.0136023743191974
5930,0.0118282527937947
5931,0.010007695947691
5932,0.0092283864987537
5933,0.00873578702592572
5934,0.00735311948007659
5935,0.00488894338681737
5936,0.00208541114326264
5937,-0.000255480611386254
5938,-0.00184790097653043
5939,-0.00296828241727113
5940,-0.00412502492687481
5941,-0.00544822358043033
5942,-0.006365805801934
5943,-0.00633817482387832
5944,-0.00610471717892807
5945,-0.00757528151505349
5946,-0.0117840827319925
5947,-0.0171752035938393
5948,-0.0207098537697718
5949,-0.0208427379210511
5950,-0.0188241876070572
5951,-0.0168670351748828
5952,-0.0156907947700091
5953,-0.0143755476740107
5954,-0.0121112378273423
5955,-0.00925370476206694
5956,-0.00668065946549137
5957,-0.00481994649828085
5958,-0.00353956774529783
5959,-0.00250938768463144
5960,-0.00141931541787254
5961,-0.000224919577938131
5962,0.00060202716484435
5963,0.000540537022709621
5964,0.000125106509495251
5965,0.00109190038294164
5966,0.00464443469692588
5967,0.00963600567923573
5968,0.0132356974092934
5969,0.0136891597869508
5970,0.0119212167704781
5971,0.0101340608765001
5972,0.00934751139338948
5973,0.00881119579055394
5974,0.00744734381282806
5975,0.00513128861516019
5976,0.00252753557202213
5977,0.000271327355815141
5978,-0.00143987173693414
5979,-0.00280231451240205
5980,-0.00415118787864824
5981,-0.00550060608031098
5982,-0.00630272913228372
5983,-0.00614439222736973
5984,-0.00588267896053878
5985,-0.00743996539872182
5986,-0.0117525585634479
5987,-0.0171570620596153
5988,-0.0206153317462944
5989,-0.0206926663886312
5990,-0.0187252237360935
5991,-0.0168714094675471
5992,-0.0157168259340962
5993,-0.0143038527697304
5994,-0.0119424010160549
5995,-0.00911810482667733
5996,-0.00667813697925052
5997,-0.0048953616928097
5998,-0.00355782235377387
5999,-0.00242856175629236
6000,-0.00133225655718561
6001,-0.000221567285279878
6002,0.000558499861306151
6003,0.000558953879557018
6004,0.00023660191910566
6005,0.00121017139019786
6006,0.00467987551839657
6007,0.00960046620440567
6008,0.0132050266190175
6009,0.0136989778160753
6010,0.0119512406992508
6011,0.0101862648471699
6012,0.0094740296341549
6013,0.00902702760462
6014,0.00765411991130955
6015,0.0051902176117858
6016,0.00241262559756715
6017,0.000103701676416336
6018,-0.0015280615586072
6019,-0.00279903863566771
6020,-0.00413199142195356
6021,-0.00550653495265436
6022,-0.00630836062718135
6023,-0.00613264326916539
6024,-0.00588064489215925
6025,-0.00745982822259713
6026,-0.011757453068791
6027,-0.0171272512777977
6028,-0.0206000131681215
6029,-0.0207343450974294
6030,-0.0187650466590238
6031,-0.0168129778864905
6032,-0.0155868913536008
6033,-0.0142651495132022
6034,-0.0121080655039423
6035,-0.00941714550304031
6036,-0.00695534408603545
6037,-0.00508738449052009
6038,-0.00369750995903078
6039,-0.002518148029987
6040,-0.00131850193402237
6041,-0.000106124096680418
6042,0.000681960177342307
6043,0.000624660865503601
6044,0.000291081956667437
6045,0.00131283906700346
6046,0.00477073672613016
6047,0.00954850700686997
6048,0.012971155041371
6049,0.0133753025007114
6050,0.0116388351119819
6051,0.00991161801116771
6052,0.00924953198149006
6053,0.00891688169191322
6054,0.00771488077503386
6055,0.00537881785781463
6056,0.00261740585941174
6057,0.000262416298968966
6058,-0.00139043438068484
6059,-0.00265410704132743
6060,-0.00401736575713044
6061,-0.00547891343467515
6062,-0.00635427622962804
6063,-0.00617006958391198
6064,-0.00585616122292515
6065,-0.00741355280432239
6066,-0.0117646155200381
6067,-0.0171854456822864
6068,-0.0206114169657014
6069,-0.0206200625481608
6070,-0.0185695193217124
6071,-0.0166533312584159
6072,-0.0155018485169511
6073,-0.0141625469666722
6074,-0.0118836547319962
6075,-0.0090849282488815
6076,-0.00662493668281621
6077,-0.00484498908066248
6078,-0.00355793059022747
6079,-0.00246879117940539
6080,-0.00133828354061809
6081,-0.000133291295988071
6082,0.000726768882441333
6083,0.000742472328280738
6084,0.000383047735057863
6085,0.00130847253756848
6086,0.00474532368497893
6087,0.00965232039552852
6088,0.0132556568776267
6089,0.0137505752182668
6090,0.0120016026258277
6091,0.0102413777706099
6092,0.00954142996740324
6093,0.00908276985418703
6094,0.00763026157481565
6095,0.00503402822351499
6096,0.00217131171628181
6097,-8.20145439477953E-05
6098,-0.00155279076882095
6099,-0.00270518162918928
6100,-0.00405728781099639
6101,-0.00551585769994369
6102,-0.0063204004955326
6103,-0.00604072934186234
6104,-0.00571233024043871
6105,-0.00736118675178787
6106,-0.0118155852443899
6107,-0.0172603853041035
6108,-0.0206557731163826
6109,-0.0206652567473935
6110,-0.0186595474937485
6111,-0.0167635929579196
6112,-0.0155877391969413
6113,-0.0142624456534192
6114,-0.0120981978919987
6115,-0.00943230004400569
6116,-0.00696899718329973
6117,-0.00501391207578287
6118,-0.00352159577497916
6119,-0.00236660111291818
6120,-0.0013346857411815
6121,-0.000269742058774983
6122,0.000536104323510467
6123,0.000593530545197085
6124,0.000283059964706545
6125,0.0011971279260767
6126,0.00459960257050046
6127,0.00953976009123504
6128,0.0132578048230897
6129,0.0138417640483407
6130,0.0120426251826424
6131,0.0101178252386286
6132,0.00929183324821013
6133,0.00886440090915154
6134,0.0075627960412009
6135,0.00509399503332308
6136,0.00223749234437393
6137,-9.60757841897599E-05
6138,-0.00161226951089891
6139,-0.00269071299189762
6140,-0.00389153067454116
6141,-0.00525812027293363
6142,-0.00611804430736812
6143,-0.00597189149833443
6144,-0.00569936746990322
6145,-0.00727098122567605
6146,-0.0116241985674586
6147,-0.0170655669919431
6148,-0.0205301167369293
6149,-0.0205699770535551
6150,-0.0185406557155726
6151,-0.0166707820056351
6152,-0.015617680848529
6153,-0.0144031828337812
6154,-0.0122154901414605
6155,-0.00943697894135281
6156,-0.00693523195397688
6157,-0.00507717618450517
6158,-0.00369115762866919
6159,-0.00250553568030493
6160,-0.00133644564563586
6161,-0.000203176296714149
6162,0.000500267733468904
6163,0.000387728058435164
6164,2.92456830007105E-05
6165,0.00106521462046976
6166,0.00460548448013155
6167,0.00953292902338803
6168,0.0131201255967261
6169,0.0136512778276941
6170,0.0119924913905796
6171,0.0102922522848012
6172,0.00958417251209098
6173,0.00912752077943418
6174,0.00777345908244185
6175,0.00532087965284456
6176,0.00249221105130498
6177,0.000104523226886099
6178,-0.00152728508148937
6179,-0.00268197225866927
6180,-0.00388807733773046
6181,-0.00525734173464544
6182,-0.00616202320543229
6183,-0.00604709649365908
6184,-0.00572788414368897
6185,-0.00721985415442401
6186,-0.0115713307200659
6187,-0.017109233883291
6188,-0.0206513365060899
6189,-0.0206388506849997
6190,-0.0184726822217235
6191,-0.0165309035715581
6192,-0.0155324081067853
6193,-0.0143968259505008
6194,-0.0121922797738967
6195,-0.00932444250975588
6196,-0.0067780835322346
6197,-0.0049544134310759
6198,-0.00359683426895126
6199,-0.0023817225857199
6200,-0.00119668397172307
6201,-0.000132160357473811
6202,0.000484879256533826
6203,0.000388253980405503
6204,0.000131768140211637
6205,0.00121405581632692
6206,0.00468650649925747
6207,0.00953829357275779
6208,0.013133501069086
6209,0.0136741153515591
6210,0.0118909530396899
6211,0.00996734148985587
6212,0.00912573577209711
6213,0.00873383882179627
6214,0.00755565052534968
6215,0.00524394934158683
6216,0.00247019272341167
6217,7.04187222350104E-05
6218,-0.00163371696857671
6219,-0.00289483248234029
6220,-0.00414025689354861
6221,-0.00539886733856766
6222,-0.00612745290156993
6223,-0.00597162691656724
6224,-0.00581716242352682
6225,-0.00750192875880415
6226,-0.0118505070809202
6227,-0.017199059389861
6228,-0.0205989053967059
6229,-0.0206575755672752
6230,-0.0186730576187
6231,-0.0167899692165544
6232,-0.0156529225419514
6233,-0.0143438851021535
6234,-0.0121187976883456
6235,-0.00938328523042716
6236,-0.0069730232213183
6237,-0.0051899135830401
6238,-0.0038160231075192
6239,-0.00260067071595524
6240,-0.00142639062352391
6241,-0.000331149767787053
6242,0.000366274942417251
6243,0.000358651787778285
6244,0.000168324058046544
6245,0.00127470159540653
6246,0.00468379482250913
6247,0.00935482664362792
6248,0.0127379472803387
6249,0.0132147539947733
6250,0.0116006749893872
6251,0.00994403461063641
6252,0.00924528953958933
6253,0.0088020305650356
6254,0.00750314868979723
6255,0.00514243298955342
6256,0.00241133959175139
6257,9.43939556781756E-05
6258,-0.00152218424394794
6259,-0.00273141809661583
6260,-0.00403283509747745
6261,-0.005465945593304
6262,-0.00635164689177253
6263,-0.00617284255945322
6264,-0.00584185444538823
6265,-0.00741013508588229
6266,-0.011841064660625
6267,-0.017357835532481
6268,-0.0208014567148511
6269,-0.0207443892559876
6270,-0.018651736621757
6271,-0.0168123911206743
6272,-0.0158375473586419
6273,-0.0146783834855213
6274,-0.0125089324257176
6275,-0.00972696252916979
6276,-0.00718889982964028
6277,-0.00525100748958419
6278,-0.00379117534106155
6279,-0.00261445423289104
6280,-0.00153065671305228
6281,-0.000444921217772244
6282,0.000342105790301198
6283,0.000389281797424515
6284,0.000115994432416347
6285,0.00109586175952551
6286,0.00453152751609086
6287,0.00942602060689817
6288,0.0130358940068414
6289,0.0135217581623566
6290,0.0117030568736881
6291,0.00984492332986669
6292,0.00912626934566064
6293,0.00880241862657092
6294,0.00758682830122874
6295,0.00518219049181984
6296,0.00234883701898111
6297,-2.34052537372992E-05
6298,-0.00163906708040576
6299,-0.00285730588382377
6300,-0.00420999787572599
6301,-0.00569588158873782
6302,-0.00658120799024
6303,-0.00633808756520315
6304,-0.00590791032316323
6305,-0.00738205633002745
6306,-0.0117603192788197
6307,-0.0172844014609478
6308,-0.0207788104624414
6309,-0.0207739160791349
6310,-0.0187025789393747
6311,-0.0168447360109523
6312,-0.0158065100537782
6313,-0.0145412884917526
6314,-0.012267622304671
6315,-0.00946130107549801
6316,-0.00701048708127151
6317,-0.00520933743437022
6318,-0.00385276116706321
6319,-0.00274119232605106
6320,-0.00173412345168037
6321,-0.000730592757207798
6322,4.51530882435157E-05
6323,0.000180099428025455
6324,4.42130411296718E-06
6325,0.00098906800351158
6326,0.00435987214714847
6327,0.00924404856494147
6328,0.0129664484244434
6329,0.0136187555620976
6330,0.0118971825307581
6331,0.0100118606248853
6332,0.00917881951800171
6333,0.00872033921250343
6334,0.00739238514977968
6335,0.00491271279296218
6336,0.00205164860286936
6337,-0.000287583997995879
6338,-0.00181148324231212
6339,-0.00292157970630366
6340,-0.00421684713524079
6341,-0.00572368537424649
6342,-0.00665821630403911
6343,-0.00642316824596017
6344,-0.00596506029326675
6345,-0.00744534307593112
6346,-0.0118798129022618
6347,-0.01741887192966
6348,-0.020806298884207
6349,-0.0206430983557855
6350,-0.018530226710004
6351,-0.0168029802419786
6352,-0.0159196986207438
6353,-0.014647790856056
6354,-0.0122043578890955
6355,-0.00924714464310326
6356,-0.00680695814636156
6357,-0.00511591446067783
6358,-0.00378836330351703
6359,-0.00254822835137876
6360,-0.00137426618085371
6361,-0.00034350501534578
6362,0.000282201550705358
6363,0.000227493846166358
6364,-2.37382071367203E-05
6365,0.00100212488098642
6366,0.00439333978950112
6367,0.00916899019000384
6368,0.0127081711949121
6369,0.0132652407376587
6370,0.0116288554003655
6371,0.00992942477686294
6372,0.00922039562875435
6373,0.00875310760537971
6374,0.00736367483932111
6375,0.00488081200661078
6376,0.00207412238087296
6377,-0.000247579837817939
6378,-0.00182835814094435
6379,-0.00298043038136537
6380,-0.00420805144758496
6381,-0.00558827913611863
6382,-0.00649002547310977
6383,-0.00637055951812346
6384,-0.00604588030533971
6385,-0.00752171523171677
6386,-0.011834798702392
6387,-0.0173055070417498
6388,-0.0207748706318519
6389,-0.0207427794733245
6390,-0.0186395597898327
6391,-0.0167748534325905
6392,-0.015766092681242
6393,-0.0145525182435691
6394,-0.0123472261380142
6395,-0.00962085369803783
6396,-0.0072108489692906
6397,-0.00533286241615021
6398,-0.00376398523892852
6399,-0.00238859192036133
6400,-0.00118505137463619
6401,-0.000127120530250404
6402,0.000537606380644969
6403,0.000414571556428294
6404,-7.11042099905367E-05
6405,0.000718699444240456
6406,0.00411733001655116
6407,0.00916500112421116
6408,0.0129785702498065
6409,0.01355991752518
6410,0.0117340227083584
6411,0.00987563680761971
6412,0.00918506697783572
6413,0.00883692718577597
6414,0.00753183228010231
6415,0.00508020148217613
6416,0.00230282599856324
6417,-1.45622251144985E-05
6418,-0.00170038736337141
6419,-0.00305417454043398
6420,-0.00441998951199089
6421,-0.00574070318322165
6422,-0.00646215904009203
6423,-0.00626185995493737
6424,-0.00605409514289228
6425,-0.00769390709358676
6426,-0.0120109221242317
6427,-0.017334594817614
6428,-0.0207182078326095
6429,-0.0207894963152186
6430,-0.018847750047984
6431,-0.016985662933297
6432,-0.0157879957518916
6433,-0.0143474966390197
6434,-0.0120014662324853
6435,-0.00922536482698332
6436,-0.00686033613220028
6437,-0.00517148638633843
6438,-0.00388661952941166
6439,-0.00268476630121553
6440,-0.0014096435303376
6441,-0.000178186057338412
6442,0.000519705355458842
6443,0.000302849276852806
6444,-0.000148597986369255
6445,0.00089149672807706
6446,0.00448005082238095
6447,0.00937055141770697
6448,0.0128049951725948
6449,0.013189288334642
6450,0.0115119749390313
6451,0.00988607603673487
6452,0.00920503710777918
6453,0.0086810339533105
6454,0.0072869293310288
6455,0.00495370851220488
6456,0.0023562088200884
6457,0.000114245975564715
6458,-0.00157871587510176
6459,-0.00290309090415187
6460,-0.00418423251876279
6461,-0.00546367987591003
6462,-0.00625183843496733
6463,-0.00616396434520011
6464,-0.00600282604618705
6465,-0.00759438917970559
6466,-0.0118425270191374
6467,-0.0171478020047601
6468,-0.0205374272179193
6469,-0.020561075330707
6470,-0.0185241660684369
6471,-0.0166497465139203
6472,-0.0156344585227572
6473,-0.0144998957175819
6474,-0.0123622359799902
6475,-0.0095422269569408
6476,-0.00694281530745444
6477,-0.00503215637368714
6478,-0.00369174065441434
6479,-0.00260117119086953
6480,-0.00148513985733758
6481,-0.000318507335077551
6482,0.000474010900165759
6483,0.000435452698103238
6484,7.88077222343586E-05
6485,0.00104069896973188
6486,0.00448000513162036
6487,0.00932846051273971
6488,0.0128515207477749
6489,0.0132910323756604
6490,0.0115197496588689
6491,0.00976807227467922
6492,0.00913312919745364
6493,0.00881874835731993
6494,0.00754681252920118
6495,0.00506301843769759
6496,0.00217436955717682
6497,-0.000193508714256409
6498,-0.00173279922479399
6499,-0.00282952378226042
6500,-0.00407390883565793
6501,-0.0055169181880967
6502,-0.0064383818117234
6503,-0.00628518211362915
6504,-0.00594883098316456
6505,-0.0074581283196422
6506,-0.0117686384222459
6507,-0.0171466357472412
6508,-0.0205134707656033
6509,-0.0204839139351012
6510,-0.0184774084472323
6511,-0.0166958645305916
6512,-0.0157149081726264
6513,-0.0145263647818031
6514,-0.0123553900367398
6515,-0.00960054505625414
6516,-0.00709012640826765
6517,-0.00517776595893368
6518,-0.00375897700352314
6519,-0.00262426681476866
6520,-0.00153687124809834
6521,-0.000395977616638224
6522,0.000427710848011102
6523,0.000425069659949048
6524,4.59907982341284E-05
6525,0.000967275261152452
6526,0.0044425391648629
6527,0.00941850418587304
6528,0.013071689883796
6529,0.0135528779109469
6530,0.0117212221140689
6531,0.00985309116561272
6532,0.00910373132694939
6533,0.00872375514316849
6534,0.00744447625517318
6535,0.00496255004452217
6536,0.00202316128546672
6537,-0.000429469878283903
6538,-0.00198379255220855
6539,-0.0029655482563723
6540,-0.00405052803444027
6541,-0.00543864735997062
6542,-0.00644618210314676
6543,-0.00640951864532349
6544,-0.0061115968403354
6545,-0.00759817008942632
6546,-0.0119101921069772
6547,-0.0173405389454751
6548,-0.0207632876552239
6549,-0.0207570198761215
6550,-0.0187469590654958
6551,-0.0169289173888713
6552,-0.0158436074823955
6553,-0.014491814201057
6554,-0.0121917446794675
6555,-0.00943339072781232
6556,-0.00702365305351474
6557,-0.00520315925140075
6558,-0.00379450990514374
6559,-0.0026241732136184
6560,-0.00153088546102566
6561,-0.000431588568986356
6562,0.000345847008784334
6563,0.000327275883211107
6564,-4.70412988826969E-05
6565,0.000871147716429167
6566,0.00432628558922244
6567,0.00928591612755798
6568,0.0129635336004021
6569,0.0135333096379049
6570,0.0118276846514217
6571,0.0100428574343651
6572,0.00926646082849236
6573,0.00878174794547376
6574,0.00745159831072994
6575,0.00507374385648133
6576,0.00233317144811611
6577,-1.59996060213066E-05
6578,-0.00168920168969507
6579,-0.00293070730162942
6580,-0.00420590694821492
6581,-0.00559478361232558
6582,-0.0064858344240808
6583,-0.00635811831960775
6584,-0.006044974963159
6585,-0.00755142862737694
6586,-0.011893626795208
6587,-0.01737005665446
6588,-0.0208143538756198
6589,-0.0207391720504222
6590,-0.0186172002416325
6591,-0.0168134631417239
6592,-0.0159363759700797
6593,-0.0147978932776127
6594,-0.012472322942668
6595,-0.00947705286406089
6596,-0.00689046409496427
6597,-0.00509564762508957
6598,-0.00374718808864822
6599,-0.00247403423254393
6600,-0.00120098682568777
6601,-8.07879606839572E-05
6602,0.000542061800586252
6603,0.000426876021741574
6604,0.000147167110653065
6605,0.00119258856056796
6606,0.00460202967563242
6607,0.00938397627704064
6608,0.0129566803007282
6609,0.0135706105219242
6610,0.0119430577533086
6611,0.0101665957844781
6612,0.00936148518755814
6613,0.00887861555621248
6614,0.00757034928228711
6615,0.00518953388230139
6616,0.00242140560992997
6617,4.25753648343579E-05
6618,-0.0016681155748213
6619,-0.00295366285152971
6620,-0.00422621252510247
6621,-0.00552364516332332
6622,-0.00629600455300803
6623,-0.00614462462344328
6624,-0.00593475716896466
6625,-0.00756258775112447
6626,-0.011926736794055
6627,-0.0173409258338855
6628,-0.0207486232231989
6629,-0.020706496921849
6630,-0.0186008853859945
6631,-0.0167026613626287
6632,-0.0156648062453585
6633,-0.0144535743145515
6634,-0.0122260610296423
6635,-0.009406646529877
6636,-0.00691473376216815
6637,-0.00509460128583944
6638,-0.00371093150777315
6639,-0.00250142067870431
6640,-0.00136889221227818
6641,-0.000348957526702321
6642,0.0003032187039135
6643,0.000340021612372132
6644,0.00024403139177836
6645,0.00137919920067677
6646,0.00470295923838703
6647,0.0092716217010992
6648,0.0126687212590756
6649,0.0132770487043854
6650,0.0117779082336916
6651,0.0101156747713602
6652,0.00933021164290518
6653,0.00882638890259657
6654,0.00753401998454767
6655,0.00520341495426113
6656,0.00247320894668505
6657,0.000104630350028674
6658,-0.00161391288922702
6659,-0.00292623352229357
6660,-0.00423264253828449
6661,-0.00552678453019478
6662,-0.00624412202322479
6663,-0.00604935172535278
6664,-0.00586766287821064
6665,-0.00754719602601152
6666,-0.011894710813717
6667,-0.0172511477418324
6668,-0.0206997731543173
6669,-0.0208421804095555
6670,-0.0189109338712151
6671,-0.0170019341885205
6672,-0.0157916384978383
6673,-0.0144215307841207
6674,-0.0121493693011317
6675,-0.00934782563875252
6676,-0.00686917047673885
6677,-0.00507127603352879
6678,-0.00372826241467522
6679,-0.00250134952375898
6680,-0.00122999157495227
6681,-3.99400080841951E-05
6682,0.000631316489789969
6683,0.000481088962678772
6684,0.000151580636706027
6685,0.00120767638951755
6686,0.00462813194921442
6687,0.00930838371658212
6688,0.0126861440012751
6689,0.0131625675287133
6690,0.0115493403683869
6691,0.00988046286948388
6692,0.00917605931384894
6693,0.00876809854300019
6694,0.00753599822318752
6695,0.00521933212038026
6696,0.00247123378416033
6697,8.68643150570328E-05
6698,-0.001615171544933
6699,-0.00289765237310522
6700,-0.00422662749186801
6701,-0.00561728313742199
6702,-0.00641552170491381
6703,-0.00617532800715503
6704,-0.00585243052648465
6705,-0.00746334906896177
6706,-0.0119105730090534
6707,-0.0174128001197606
6708,-0.0208531824814029
6709,-0.0208090692410178
6710,-0.018691294813402
6711,-0.0167532994853656
6712,-0.0156489049215083
6713,-0.0144035265397762
6714,-0.012217654488187
6715,-0.00946631797028629
6716,-0.00698700750607621
6717,-0.0051299277679871
6718,-0.00374202197114345
6719,-0.00258026492544369
6720,-0.00145906272975384
6721,-0.00036239535239218
6722,0.000351005380934035
6723,0.000299546611135318
6724,2.4922120350205E-05
6725,0.00112342884712777
6726,0.00466995267974962
6727,0.00954690378861624
6728,0.0130689027235479
6729,0.0135694566055588
6730,0.0119137655219417
6731,0.0101932502345861
6732,0.00940754136633231
6733,0.00887596306892475
6734,0.0075489057766731
6735,0.0052247113914488
6736,0.00249303568126925
6737,5.54017136385058E-05
6738,-0.00172274929863134
6739,-0.00296653681913991
6740,-0.00414061969249434
6741,-0.00543860537584155
6742,-0.00631797249497003
6743,-0.00620475183900587
6744,-0.005869559129883
6745,-0.00735812228585734
6746,-0.0117573097282385
6747,-0.0173277487593243
6748,-0.0207915303635996
6749,-0.0206437389260324
6750,-0.0184643255046426
6751,-0.0166862815986074
6752,-0.0158462395488695
6753,-0.0146672280033076
6754,-0.0122639908252628
6755,-0.00926401918369993
6756,-0.00676418873501187
6757,-0.0050649453959677
6758,-0.00376848870940545
6759,-0.00252919043553625
6760,-0.00128950301965086
6761,-0.000174361568920289
6762,0.000472263417965961
6763,0.000357109129904531
6764,4.30350251282656E-05
6765,0.00109687299610298
6766,0.00460694785131036
6767,0.00949757648120895
6768,0.013059830045022
6769,0.0135429517861103
6770,0.0117855941309778
6771,0.00996165820610041
6772,0.00915573571653388
6773,0.00865939783091948
6774,0.00733270732745104
6775,0.0049671642623225
6776,0.00225187934293019
6777,-5.39064022411489E-05
6778,-0.00168144003971492
6779,-0.00290321043098276
6780,-0.00419279958720572
6781,-0.0056071164732431
6782,-0.00651449722325851
6783,-0.0064110557730937
6784,-0.00615934591491437
6785,-0.00774615069519332
6786,-0.0121254504602164
6787,-0.0175735135282056
6788,-0.0209809849330037
6789,-0.020904375174479
6790,-0.0187481520232665
6791,-0.0167791365470843
6792,-0.0156642018214075
6793,-0.0144247927383103
6794,-0.0122359833375023
6795,-0.00944336733780778
6796,-0.00689184248445691
6797,-0.00499051481449204
6798,-0.00363777978139277
6799,-0.00256076245654906
6800,-0.00148950109179132
6801,-0.000384086667913307
6802,0.000319113937755592
6803,0.000173032236292603
6804,-0.000219796637609045
6805,0.000859311457923961
6806,0.00449947456901322
6807,0.00945820684486529
6808,0.0129491707072557
6809,0.0133618537207518
6810,0.011692093551117
6811,0.0100551272930266
6812,0.00933292658593749
6813,0.00873262741235932
6814,0.00722809795068624
6815,0.00473858037790551
6816,0.00193804666204779
6817,-0.000487225164703609
6818,-0.00223052654773831
6819,-0.00343775489769945
6820,-0.00455173086113848
6821,-0.00576732749713489
6822,-0.00659882774082507
6823,-0.00651571075118656
6824,-0.00622629339121274
6825,-0.00764623130541851
6826,-0.0118378367197504
6827,-0.0172315508616267
6828,-0.0207422183937955
6829,-0.0208175735057432
6830,-0.0187567848811086
6831,-0.0168091932672259
6832,-0.0156749079125976
6833,-0.0144052787928692
6834,-0.0122058527665642
6835,-0.00945621455621233
6836,-0.00699148795397928
6837,-0.00514514294126675
6838,-0.00374859680072795
6839,-0.00255675068289794
6840,-0.00138956791846927
6841,-0.000243859969361492
6842,0.00049347607649973
6843,0.000417517925799771
6844,9.54681821811222E-05
6845,0.00119256736355433
6846,0.00481481609267093
6847,0.00977814160271711
6848,0.0132946557005723
6849,0.0136839593243051
6850,0.0119102655193096
6851,0.0101591448134461
6852,0.00940844316888517
6853,0.00888092635381404
6854,0.00749483927214808
6855,0.00512711438747639
6856,0.00244255292283671
6857,9.35367889799399E-05
6858,-0.00168154506397572
6859,-0.00304228734703783
6860,-0.0043353679312008
6861,-0.00563741999543871
6862,-0.00645677345876779
6863,-0.00636675060066002
6864,-0.00614690835808193
6865,-0.00766016763168081
6866,-0.011871174985396
6867,-0.0171992556119455
6868,-0.0206416872859158
6869,-0.020715483347144
6870,-0.0187104247477857
6871,-0.0168250580050078
6872,-0.0157187247419817
6873,-0.0144157789207501
6874,-0.0121176498370153
6875,-0.00926384410548294
6876,-0.00679657233056838
6877,-0.00508459194232677
6878,-0.00384409777101425
6879,-0.0026744020147639
6880,-0.00138618352682351
6881,-0.000121053487979817
6882,0.000626929131433772
6883,0.000499806272237055
6884,0.00014683732929059
6885,0.00120081999283608
6886,0.00468737130613461
6887,0.0094676937784738
6888,0.0129063405256447
6889,0.0133725381308323
6890,0.0117002587103909
6891,0.00995625897502662
6892,0.00918448773782684
6893,0.00874087778562513
6894,0.00751242590408835
6895,0.00520176454912937
6896,0.00241411684786496
6897,-3.62093956958008E-05
6898,-0.00174085872250624
6899,-0.00291061686725988
6900,-0.00408223864106077
6901,-0.00540213378706423
6902,-0.00626699624798375
6903,-0.00615506750396295
6904,-0.00591026622046586
6905,-0.00750740658277268
6906,-0.0118908296451299
6907,-0.0173451125919007
6908,-0.0207891746404026
6909,-0.0207914831165199
6910,-0.0187252091320258
6911,-0.0168091811671515
6912,-0.0156924890845681
6913,-0.0144206270379997
6914,-0.0122092791301366
6915,-0.00942959627353787
6916,-0.00691443390439934
6917,-0.00502444384554046
6918,-0.00361984415913584
6919,-0.00245741607144524
6920,-0.00134710231724048
6921,-0.000277802334245144
6922,0.000386951131761612
6923,0.000275553235340059
6924,-5.59361792999197E-05
6925,0.00098919092838363
6926,0.00447905992648328
6927,0.0093001985842398
6928,0.0127764636210385
6929,0.0132414097125461
6930,0.0115632221724337
6931,0.00985458875241567
6932,0.00912337985216886
6933,0.0086430018132461
6934,0.00730164087760871
6935,0.00490861299710659
6936,0.00214150043668112
6937,-0.000248730011297473
6938,-0.00195389799951731
6939,-0.00316415666954368
6940,-0.0043018449553453
6941,-0.00548608149132613
6942,-0.00623895421106917
6943,-0.00616262780659086
6944,-0.00606543154393938
6945,-0.00777557340849414
6946,-0.012146954462066
6947,-0.0174949102503377
6948,-0.0208214880487106
6949,-0.0207630904468246
6950,-0.0187294180769195
6951,-0.0169160659983962
6952,-0.0158656930802098
6953,-0.0145164931652817
6954,-0.0121208226964412
6955,-0.00923136679514271
6956,-0.0068053749645136
6957,-0.00511223431925612
6958,-0.00381833923448202
6959,-0.00262716997384135
6960,-0.00147593399300535
6961,-0.00045569959203825
6962,0.000137917766673755
6963,5.20090203225985E-05
6964,-0.000176822845003643
6965,0.000919592133484948
6966,0.00437110298072572
6967,0.0091828377923786
6968,0.0127833804801314
6969,0.0134349729169294
6970,0.0118392782609008
6971,0.0100569263403278
6972,0.00921038248892272
6973,0.00869469536641845
6974,0.00739072947860785
6975,0.00503204809100391
6976,0.00228335763339985
6977,-5.70975131579295E-05
6978,-0.00169188720567455
6979,-0.00291046412194629
6980,-0.00419941888473096
6981,-0.00560159894685036
6982,-0.00648989769638794
6983,-0.00639965924021413
6984,-0.00620485548738807
6985,-0.0078410696378791
6986,-0.0122112311325487
6987,-0.0176081959550672
6988,-0.0209785347099811
6989,-0.0209048566358393
6990,-0.0187784095475021
6991,-0.0168412186162113
6992,-0.0157225888712163
6993,-0.014404766352559
6994,-0.0120932355546383
6995,-0.00925899002433265
6996,-0.00683313120092795
6997,-0.00511871335144567
6998,-0.00379973032308974
6999,-0.00254677914223313
7000,-0.00127488229572162
7001,-0.000126277911975954
7002,0.000517338560545496
7003,0.000385178789175475
7004,9.697343338534E-05
7005,0.00121079003159944
7006,0.00473540295973157
7007,0.00955337868835742
7008,0.0130170644118545
7009,0.0134747120690096
7010,0.0117973490581677
7011,0.0100979105028946
7012,0.00936495486414804
7013,0.00884392595369517
7014,0.007442703658259
7015,0.00504593917798117
7016,0.00236691203281072
7017,7.82875092832844E-05
7018,-0.00162588153673634
7019,-0.00294614012848773
7020,-0.00421238409321507
7021,-0.00548611827399226
7022,-0.00632138390856749
7023,-0.00632812363727074
7024,-0.00622306163922926
7025,-0.00777458523679268
7026,-0.011965105170567
7027,-0.0173227845172447
7028,-0.0208623452484267
7029,-0.020966497609516
7030,-0.0188229390648583
7031,-0.016729140319618
7032,-0.0155365126880258
7033,-0.0143112226100586
7034,-0.0121065082561945
7035,-0.00923089760836571
7036,-0.00667234699786665
7037,-0.00493548861416104
7038,-0.00378148791443
7039,-0.00273193822942018
7040,-0.00152204382629381
7041,-0.000309786112060053
7042,0.000355814614611439
7043,0.000128534816059298
7044,-0.000255006374778728
7045,0.000893224370734277
7046,0.00452995029041243
7047,0.00937997066485293
7048,0.0127652540439892
7049,0.0131685247149516
7050,0.0115474514885002
7051,0.00992245761271079
7052,0.00916703595949601
7053,0.00858254447688973
7054,0.00721843698429776
7055,0.00495152566230613
7056,0.00233061024570479
7057,-5.05238102296589E-05
7058,-0.00187983232236163
7059,-0.00322820245292829
7060,-0.00445721234651201
7061,-0.00571110965432187
7062,-0.00650192653918596
7063,-0.00635874577581618
7064,-0.00608532867114825
7065,-0.00764023192325889
7066,-0.0120042013643351
7067,-0.017460241267762
7068,-0.0208697212429754
7069,-0.0207981936479808
7070,-0.0187127258643744
7071,-0.0168860401913793
7072,-0.0158624651982655
7073,-0.0145362442685012
7074,-0.0121387232662453
7075,-0.00923040574007741
7076,-0.00677539211136392
7077,-0.00504361416774028
7078,-0.00370217088836009
7079,-0.00244804428534411
7080,-0.00121353785292265
7081,-0.000121662585241035
7082,0.000466569737664626
7083,0.000277195378038538
7084,-7.39572253033482E-05
7085,0.00098745758126291
7086,0.00448881760275547
7087,0.0093076799008937
7088,0.0127671242603154
7089,0.013181648948422
7090,0.0114165595535014
7091,0.00963981996435967
7092,0.00893665920805839
7093,0.00858897045814494
7094,0.00739607568982539
7095,0.00506403114460504
7096,0.00225093728866772
7097,-0.000226862449342953
7098,-0.00199620618026432
7099,-0.00324381274760546
7100,-0.00442665479454167
7101,-0.00567719442233634
7102,-0.00648636184955129
7103,-0.00640355048151633
7104,-0.00620552915162237
7105,-0.00775050462190271
7106,-0.0119918507492083
7107,-0.0173499985683579
7108,-0.0208258326912826
7109,-0.0209136884145982
7110,-0.0188716380203784
7111,-0.016917088471416
7112,-0.0157888465693765
7113,-0.01456880245459
7114,-0.012407774144746
7115,-0.009614508907235
7116,-0.00705211699072907
7117,-0.00515495342739778
7118,-0.0037923505483706
7119,-0.00265295098355121
7120,-0.00149700283040381
7121,-0.000354820934835803
7122,0.000325943281474943
7123,0.000156614999213452
7124,-0.000224185661364198
7125,0.000870804992120511
7126,0.00449994335226045
7127,0.0094479329103074
7128,0.0129569996249359
7129,0.0133737363199454
7130,0.0116314434559945
7131,0.00987765300270553
7132,0.0091169967477233
7133,0.00863209200752059
7134,0.00734186224397259
7135,0.00505629404050556
7136,0.00239069378807491
7137,1.45083369465576E-05
7138,-0.00179617066483079
7139,-0.00318637651970359
7140,-0.00448189426655496
7141,-0.00570974279033113
7142,-0.00636922230087442
7143,-0.0061371803758434
7144,-0.00593974091180627
7145,-0.00766179674252993
7146,-0.0121108580365513
7147,-0.0175205028113727
7148,-0.0208580689313661
7149,-0.0207719951552838
7150,-0.0186885660307
7151,-0.0168299149657041
7152,-0.0157967929511821
7153,-0.0145620442098794
7154,-0.0123046872593698
7155,-0.00943979625908887
7156,-0.00689235708150599
7157,-0.00507082056574544
7158,-0.00378276497560034
7159,-0.00267913375997069
7160,-0.00151639585579705
7161,-0.000334204581721559
7162,0.000405344006400189
7163,0.000287492210422412
7164,-8.26401886704557E-05
7165,0.000965811365718962
7166,0.00451401678513641
7167,0.00939700081942706
7168,0.0128927994705794
7169,0.0133374487952239
7170,0.0116190029861479
7171,0.00985059426382887
7172,0.0090442533719547
7173,0.00851266140999438
7174,0.00718291733003533
7175,0.00484107350826366
7176,0.00209762895495375
7177,-0.000319181370593306
7178,-0.00205673107449295
7179,-0.00328051258496883
7180,-0.00446389840753698
7181,-0.0057663114417797
7182,-0.00662882311247415
7183,-0.00650982269119395
7184,-0.00620098457582533
7185,-0.00770631834503756
7186,-0.0120711051482378
7187,-0.0176031253199208
7188,-0.0211061926200167
7189,-0.0210398322364866
7190,-0.0188214356634519
7191,-0.0168000636988903
7192,-0.015667365196361
7193,-0.0144054206407921
7194,-0.0122037872297222
7195,-0.00949999652991457
7196,-0.00715765212353364
7197,-0.00543394913427851
7198,-0.00405849348801053
7199,-0.00279912665463205
7200,-0.00160354910241508
7201,-0.000549809858211902
7202,5.23947791633375E-05
7203,-6.21605500526309E-05
7204,-0.000306144401118359
7205,0.000861703640635428
7206,0.00444588755137442
7207,0.00931734965220982
7208,0.0128251419512917
7209,0.013327489557999
7210,0.0116792489103698
7211,0.00994441316373776
7212,0.00910690395026439
7213,0.00849746534330339
7214,0.0071056415183993
7215,0.00477774227261685
7216,0.00212054980176426
7217,-0.000210421745813381
7218,-0.00193562332278368
7219,-0.00321916673737289
7220,-0.0044583503318214
7221,-0.00573527236643516
7222,-0.00649034126830911
7223,-0.00626548622327724
7224,-0.00594313959861542
7225,-0.00753068506998735
7226,-0.0119785841462827
7227,-0.0174997898641843
7228,-0.0209096973548361
7229,-0.0207760174675867
7230,-0.0186054809635426
7231,-0.0167325341567976
7232,-0.0157598668154338
7233,-0.0145904245817313
7234,-0.0123855256988924
7235,-0.00959791832360434
7236,-0.00713863805995595
7237,-0.00532554135086491
7238,-0.00391673278460391
7239,-0.00264943942214724
7240,-0.00142905884488119
7241,-0.000350575416666872
7242,0.000213539911035039
7243,-1.77703688032881E-05
7244,-0.000384474104629676
7245,0.000742623806130188
7246,0.00438035418218041
7247,0.00934180246977208
7248,0.012919524633331
7249,0.0134494962120577
7250,0.011781000413538
7251,0.00998658708762513
7252,0.00909381623366091
7253,0.00849319943112907
7254,0.00718674687585097
7255,0.00495962112249848
7256,0.00234179204776821
7257,-2.87003729607359E-05
7258,-0.00182495674299741
7259,-0.00315842351286257
7260,-0.00441784268509343
7261,-0.00571648360013492
7262,-0.00652294964859651
7263,-0.00636654883934371
7264,-0.00607851553157203
7265,-0.00762726927246561
7266,-0.0119923728954927
7267,-0.0174749094050861
7268,-0.0209508855320091
7269,-0.0209442768263078
7270,-0.0188427504889691
7271,-0.0168977952695194
7272,-0.015738833841302
7273,-0.0143693306072522
7274,-0.0120376249618346
7275,-0.00922450299262535
7276,-0.00682423441722389
7277,-0.0051159682380858
7278,-0.00380543490779912
7279,-0.00258190794660669
7280,-0.00134093106617486
7281,-0.000212467169842707
7282,0.000396104288751497
7283,0.000212269502326439
7284,-8.12364587654158E-05
7285,0.00110629268464566
7286,0.00468653666488313
7287,0.00941060736608278
7288,0.0126586812968459
7289,0.0129566226519543
7290,0.0112723672244841
7291,0.00962535523878092
7292,0.00890120404205704
7293,0.00840895566440485
7294,0.00716128493530243
7295,0.00496397871056804
7296,0.00233618287120726
7297,-7.33102023060763E-05
7298,-0.00187467696021927
7299,-0.00313885785849691
7300,-0.00430968773202703
7301,-0.00559596087503486
7302,-0.00648062224600717
7303,-0.00640611017718931
7304,-0.00612237545935702
7305,-0.00760576403352254
7306,-0.0118963386554231
7307,-0.0173304551825338
7308,-0.0207813991631971
7309,-0.0207675377218488
7310,-0.0186778648619453
7311,-0.0167599759934753
7312,-0.0156417207338874
7313,-0.0143350057241301
7314,-0.0120746013964434
7315,-0.00928239447700081
7316,-0.00680564264734985
7317,-0.00497193354251916
7318,-0.00360265852619303
7319,-0.00243396343610211
7320,-0.00127930761922418
7321,-0.000172589746808399
7322,0.000457471623547374
7323,0.000249025084072197
7324,-0.000110846451734469
7325,0.0010890781357666
7326,0.00482609000978715
7327,0.00974184469607061
7328,0.0130505646135824
7329,0.0132623892315748
7330,0.0114899615667046
7331,0.00985421749104835
7332,0.00916681798142966
7333,0.00860730791966758
7334,0.00720515367649276
7335,0.00492759160566364
7336,0.00239067192220095
7337,0.000140148766653998
7338,-0.00161637241339969
7339,-0.00299062462535187
7340,-0.00428867055719008
7341,-0.00558373447342894
7342,-0.00638398375567746
7343,-0.00626738075019586
7344,-0.00606027067968069
7345,-0.00768453426437539
7346,-0.0120741277677243
7347,-0.0175092589860831
7348,-0.0208794121273976
7349,-0.020763280290406
7350,-0.0186237009195746
7351,-0.0167527328183236
7352,-0.0157448811621438
7353,-0.0145174944086024
7354,-0.0122463633279695
7355,-0.00939556138109065
7356,-0.00689667899323603
7357,-0.00510059481171733
7358,-0.00378565941286412
7359,-0.002653188295653
7360,-0.00150953518362579
7361,-0.00036243241417602
7362,0.000388583027224613
7363,0.000323650318278232
7364,-5.67103478359135E-06
7365,0.00107204774496108
7366,0.00469332815697202
7367,0.00968538714003261
7368,0.0132187445047176
7369,0.0135626804421898
7370,0.0117019103978005
7371,0.00990805304320768
7372,0.00920429273587819
7373,0.00875089838353261
7374,0.00737125981503352
7375,0.0049421462415244
7376,0.00223009181314609
7377,-3.74192184912948E-05
7378,-0.00166674131747018
7379,-0.00292550165859947
7380,-0.00420486107442283
7381,-0.00552861666829926
7382,-0.0063413352590817
7383,-0.00622428860851854
7384,-0.00601719173500188
7385,-0.00761242763435423
7386,-0.0119328991790035
7387,-0.0173280204894528
7388,-0.0207621472730679
7389,-0.0207723862900104
7390,-0.0186886200835325
7391,-0.0167442218494863
7392,-0.0156329029285872
7393,-0.0144080170727497
7394,-0.0122530192378382
7395,-0.0095167215628271
7396,-0.00704046331722233
7397,-0.00519142885434557
7398,-0.0038079963062428
7399,-0.0026250678972073
7400,-0.00147873025259458
7401,-0.000424535672845637
7402,0.000145725374324988
7403,-6.32899007861868E-05
7404,-0.000363254430483349
7405,0.000888109999173904
7406,0.00463799693544577
7407,0.00958486425915047
7408,0.0129804569936991
7409,0.0132606945785897
7410,0.0114449027077129
7411,0.00970035423723304
7412,0.00899130427958097
7413,0.00854603914512911
7414,0.00725188631141664
7415,0.0049222238870943
7416,0.0022108820903939
7417,-0.000160240810056106
7418,-0.00189294760057181
7419,-0.00317787732944272
7420,-0.00442769043078376
7421,-0.00571390289060255
7422,-0.00648092103167373
7423,-0.00629733178239405
7424,-0.00603982131398096
7425,-0.0076576300617191
7426,-0.0120651690407054
7427,-0.0175303434660384
7428,-0.0209559985139567
7429,-0.0209115848692471
7430,-0.0188092653400101
7431,-0.0169088042878662
7432,-0.0158402452530194
7433,-0.014586813267683
7434,-0.0123520869257516
7435,-0.00958055159135632
7436,-0.00716789638868534
7437,-0.00541876226108359
7438,-0.00405281382651964
7439,-0.00275208249786222
7440,-0.00140605463767808
7441,-0.000164020437208397
7442,0.000515055830106464
7443,0.000298631228861962
7444,-0.000138193939490563
7445,0.000891550844300376
7446,0.00445386915430097
7447,0.00936874099530033
7448,0.012906896741965
7449,0.0133987081042068
7450,0.0117204708830051
7451,0.00996163658331642
7452,0.00911012919792755
7453,0.00849204561226748
7454,0.00710716774044419
7455,0.00482624306117957
7456,0.00226070176980207
7457,2.12791733460098E-05
7458,-0.00167923817244499
7459,-0.003025455298816
7460,-0.0043617994415549
7461,-0.00570718929431132
7462,-0.00649957650417817
7463,-0.00631437968689086
7464,-0.00602154103084627
7465,-0.00757348389390943
7466,-0.0119287575501653
7467,-0.0174117528398806
7468,-0.0209239087790696
7469,-0.0209573410114233
7470,-0.0188521116956144
7471,-0.016889462112971
7472,-0.0157832520403171
7473,-0.0145365055028667
7474,-0.0122707841233499
7475,-0.00937823704186177
7476,-0.00685404909245383
7477,-0.00515690444075983
7478,-0.00400231503000832
7479,-0.00289378109000875
7480,-0.00159909047135384
7481,-0.000350918371165469
7482,0.000267062688418292
7483,-1.91038065343612E-05
7484,-0.000374506160331548
7485,0.000867134055538517
7486,0.00453706302571594
7487,0.00931588435537304
7488,0.0126416347052502
7489,0.0131109354573118
7490,0.0116261431135707
7491,0.0100610166091492
7492,0.00924475724483144
7493,0.00855915079374736
7494,0.00711539944682286
7495,0.0047720525156507
7496,0.00207294542686427
7497,-0.000327067704011298
7498,-0.00207309448234436
7499,-0.00328624988737257
7500,-0.00441625073365666
7501,-0.00564739569963873
7502,-0.00648217961779386
7503,-0.00642022779830743
7504,-0.0062096626166528
7505,-0.00774965833649111
7506,-0.0120433386942513
7507,-0.0174872238707212
7508,-0.0209961945211661
7509,-0.021015648593992
7510,-0.0188582404299639
7511,-0.0168457082548009
7512,-0.0157489828394732
7513,-0.0145695224142492
7514,-0.012374960863157
7515,-0.00951880565989338
7516,-0.00699813129724661
7517,-0.00527722602565102
7518,-0.00405672646030394
7519,-0.00283245993839114
7520,-0.00140592897095647
7521,-7.67654251815802E-05
7522,0.000519290491128566
7523,0.000127976690190253
7524,-0.000309851721839019
7525,0.000980374528343564
7526,0.00480134460074727
7527,0.00964791768644978
7528,0.0128085916133628
7529,0.0129728135864431
7530,0.0113019332747243
7531,0.00978520860016397
7532,0.00908854045028583
7533,0.00839285668613148
7534,0.00685943311423421
7535,0.00457143919072778
7536,0.00213615298414252
7537,-3.9820239578578E-06
7538,-0.00172073555013172
7539,-0.00310877570817647
7540,-0.00440802378800841
7541,-0.00567486317226424
7542,-0.00646689785352869
7543,-0.00638932919227627
7544,-0.0062104391199976
7545,-0.00777848121027714
7546,-0.0120597242410148
7547,-0.0174655145775766
7548,-0.0209584982111848
7549,-0.0210242386936242
7550,-0.0189629851860825
7551,-0.017022088702812
7552,-0.0159027685593385
7553,-0.0146262698110565
7554,-0.0123537366658144
7555,-0.00949170502764306
7556,-0.00699494956700987
7557,-0.00527544009675795
7558,-0.00406466975638932
7559,-0.00291909643943257
7560,-0.00160329189295384
7561,-0.000290736655505064
7562,0.000431058483142352
7563,0.00018029555824525
7564,-0.000269540884398493
7565,0.000868873903557766
7566,0.00460338802929685
7567,0.00958645271665968
7568,0.0130109883451584
7569,0.0133171419571607
7570,0.0115635018865727
7571,0.00991329917728065
7572,0.0092625561831101
7573,0.00877210369141052
7574,0.00733691363704895
7575,0.00485835501159637
7576,0.00208976209058125
7577,-0.000218333690491455
7578,-0.00183744059365598
7579,-0.00306588666062135
7580,-0.00435930667499418
7581,-0.00572378944222191
7582,-0.00650870147545644
7583,-0.00627734605459482
7584,-0.00599771707267176
7585,-0.00768048992598123
7586,-0.0121820578658812
7587,-0.0176689350085792
7588,-0.0210343316598111
7589,-0.0209276874531274
7590,-0.0188083483507736
7591,-0.0169033419066685
7592,-0.0158187608700302
7593,-0.0145743041359429
7594,-0.0123863526465413
7595,-0.00962459854247084
7596,-0.00712644949213755
7597,-0.00527808618106923
7598,-0.00393569631819728
7599,-0.00277429661234865
7600,-0.00152791365147432
7601,-0.000257599073976312
7602,0.000489885821045997
7603,0.000284133329755092
7604,-0.000141213231391811
7605,0.00100249485932707
7606,0.00471152894455375
7607,0.00961288880257366
7608,0.0129289964705939
7609,0.0131759374876551
7610,0.0114223290188554
7611,0.00974188587063319
7612,0.0089788899119575
7613,0.00839289587106312
7614,0.00701600141559579
7615,0.00471991265237364
7616,0.00206416916088307
7617,-0.000322689793125086
7618,-0.00210309549062073
7619,-0.00336495381974403
7620,-0.00449971601829936
7621,-0.00565426682022776
7622,-0.00634867034957146
7623,-0.00616933283711396
7624,-0.00596712299279367
7625,-0.00763658384214355
7626,-0.0120258003923839
7627,-0.0173901510294595
7628,-0.0207247209979323
7629,-0.0207173520150333
7630,-0.0187766568831648
7631,-0.0170221971920904
7632,-0.015965625327234
7633,-0.0146120279843946
7634,-0.012255453679159
7635,-0.00937571272551507
7636,-0.00686716376446852
7637,-0.00508866353731011
7638,-0.00383477518241662
7639,-0.00274683125785289
7640,-0.00155276016527014
7641,-0.000298361127798305
7642,0.000485784927610393
7643,0.000334967296862719
7644,-9.81556756701698E-05
7645,0.000940675754727725
7646,0.00452062091879743
7647,0.00937141505920667
7648,0.0127261663457737
7649,0.0130271764273787
7650,0.0113069136461184
7651,0.0096864459940681
7652,0.00903707942787712
7653,0.00854253942272716
7654,0.00714355548872997
7655,0.00474078814362647
7656,0.00201616111866397
7657,-0.000345613728480455
7658,-0.00207631293901972
7659,-0.00334166027751734
7660,-0.00451460228237247
7661,-0.0056795839131237
7662,-0.00634796822932768
7663,-0.00613666145231549
7664,-0.00589918220752817
7665,-0.00752922023869415
7666,-0.0119320385003226
7667,-0.0174139328960597
7668,-0.0208828774091303
7669,-0.0208454710727112
7670,-0.0186699189097552
7671,-0.0166770533616933
7672,-0.0155999187070589
7673,-0.0144208190851358
7674,-0.0122289593697101
7675,-0.00939941190989819
7676,-0.00690076467837443
7677,-0.0051386554137734
7678,-0.00381408660223363
7679,-0.0025259995563084
7680,-0.00118005680254962
7681,-2.92555374111163E-05
7682,0.000470549313331389
7683,0.000157070300748214
7684,-0.000173287010380286
7685,0.00104300259348428
7686,0.00463327454087812
7687,0.00936018057034468
7688,0.012680412084774
7689,0.0131189265106657
7690,0.0115600619226219
7691,0.00997815235716955
7692,0.00927504005634368
7693,0.00873781703408569
7694,0.00731945031421803
7695,0.0048744577031494
7696,0.00210819715943201
7697,-0.000219918148420853
7698,-0.00185302135731634
7699,-0.00307758864699953
7700,-0.00435043396219623
7701,-0.00569628200655107
7702,-0.00650645607606357
7703,-0.00636413747459827
7704,-0.00617913083974229
7705,-0.00786460619630105
7706,-0.0122526256448401
7707,-0.0175929459085356
7708,-0.0208724987530095
7709,-0.0207495748376414
7710,-0.0186292646123726
7711,-0.0166939575787202
7712,-0.0155317976640594
7713,-0.0141632201911924
7714,-0.0118558360930346
7715,-0.00908780815499957
7716,-0.00675657403560251
7717,-0.00514732542364977
7718,-0.00392815348414558
7719,-0.00271410056699222
7720,-0.00137922904243672
7721,-0.000137837722160796
7722,0.000493605845328328
7723,0.000235910937820915
7724,-0.000124681656286539
7725,0.00109293592265097
7726,0.00477699955919661
7727,0.00958153334102896
7728,0.0128332678639738
7729,0.0131011574914145
7730,0.0114313814456606
7731,0.00985590999587829
7732,0.00917648856680944
7733,0.00860251676992685
7734,0.00715492009207978
7735,0.00478403606773898
7736,0.00215528756355011
7737,-0.000105141790838107
7738,-0.00179150852842274
7739,-0.00310586857428701
7740,-0.00440499389310651
7741,-0.00570515395923055
7742,-0.00645383127902986
7743,-0.00627430647836084
7744,-0.00607637920708839
7745,-0.0077575224019825
7746,-0.0121379309052623
7747,-0.0174699706300454
7748,-0.0207666106580943
7749,-0.0207190654824467
7750,-0.018730922445469
7751,-0.0169357552099725
7752,-0.0158652247834473
7753,-0.014510336544934
7754,-0.0121260244243472
7755,-0.00918673049143935
7756,-0.00663527111932489
7757,-0.00487289435610149
7758,-0.00367250326740074
7759,-0.00261897688595477
7760,-0.00142262233809446
7761,-0.000164691272737001
7762,0.000594188527533096
7763,0.000408282170232159
7764,-2.29207539051503E-05
7765,0.00108454903890586
7766,0.00479399165989198
7767,0.00979246218304808
7768,0.0132378611535349
7769,0.0135015400955348
7770,0.0116202338384657
7771,0.00981760428357036
7772,0.00908182441810132
7773,0.00861357284558578
7774,0.00726226448229049
7775,0.00484081372587163
7776,0.00204412659462334
7777,-0.000356060200994491
7778,-0.00203613749537628
7779,-0.00320589420686407
7780,-0.00434768365220011
7781,-0.00562033987837153
7782,-0.00649328324406974
7783,-0.00644475125292035
7784,-0.00621538304692353
7785,-0.00771879855785114
7786,-0.0119768171314836
7787,-0.0173728743926426
7788,-0.020798934371853
7789,-0.0207412936159719
7790,-0.0186115362203535
7791,-0.0167531701805576
7792,-0.0158004822633393
7793,-0.0146009603679541
7794,-0.0122599314132102
7795,-0.00932847377053931
7796,-0.00690160272343065
7797,-0.00532083376811402
7798,-0.00414405468013979
7799,-0.00292013109844956
7800,-0.00158772134930729
7801,-0.000403612321970985
7802,0.000197516323995627
7803,1.22654847400572E-05
7804,-0.00023208302509731
7805,0.0010549196600827
7806,0.00479303449120036
7807,0.00971356572782395
7808,0.0130839608601676
7809,0.0133269563467452
7810,0.0114937854756025
7811,0.0098072167334957
7812,0.00918208883447369
7813,0.0086976152886715
7814,0.00719805973792356
7815,0.00467128787772676
7816,0.0019639692383044
7817,-0.000244821848523112
7818,-0.00187205326946327
7819,-0.00319846949108371
7820,-0.00450577943103552
7821,-0.00574243083941118
7822,-0.00643386895440059
7823,-0.0063078979109547
7824,-0.00623354030827277
7825,-0.00798346423291848
7826,-0.0123548543649411
7827,-0.0176829138945362
7828,-0.0209970705002362
7829,-0.020886502495654
7830,-0.0186998290471121
7831,-0.0166926886874263
7832,-0.0155886866246383
7833,-0.0144376051386324
7834,-0.0123695702720894
7835,-0.00967257348688559
7836,-0.00717307309475353
7837,-0.0052762097299773
7838,-0.00386501180252675
7839,-0.00267522630419629
7840,-0.00150404986193461
7841,-0.000393611622665752
7842,0.000206362330265312
7843,-7.11088565866398E-05
7844,-0.000509998435888382
7845,0.000664791702914932
7846,0.00448535688124562
7847,0.00955879798763523
7848,0.0129639131945366
7849,0.0131025506577697
7850,0.0111476511710838
7851,0.00940167238948899
7852,0.00876268448417343
7853,0.00829326228948378
7854,0.00686106304845404
7855,0.00444630912333661
7856,0.00182870323145961
7857,-0.000359351850574998
7858,-0.00200516767887357
7859,-0.00333625320677111
7860,-0.00462313355846088
7861,-0.00583253695288711
7862,-0.00649982077036165
7863,-0.00636142750965366
7864,-0.00630389505298114
7865,-0.00809284855916433
7866,-0.0124811740124297
7867,-0.0177848828588464
7868,-0.0210887876798551
7869,-0.0210468299840042
7870,-0.0189794741958654
7871,-0.0170381474782122
7872,-0.0158866451130193
7873,-0.0146138304984357
7874,-0.0124170783588073
7875,-0.00961495672893512
7876,-0.00705632121183366
7877,-0.00518739068072935
7878,-0.00388967998071621
7879,-0.00280366451571388
7880,-0.00162017055561814
7881,-0.000393777891873152
7882,0.000307781401103487
7883,4.28493196410888E-05
7884,-0.000431756305818029
7885,0.000716884501822346
7886,0.00449493446337613
7887,0.00946253130417539
7888,0.0127548678368709
7889,0.0129046689892237
7890,0.0111198981144485
7891,0.00957299973313903
7892,0.00901555830873825
7893,0.00852012206973934
7894,0.00708198134745675
7895,0.0047350876709209
7896,0.00216681534082946
7897,-8.9034608603699E-05
7898,-0.00188072484210333
7899,-0.00331498223401983
7900,-0.00461903997524945
7901,-0.00581917267416461
7902,-0.00648809220958563
7903,-0.00631731652965586
7904,-0.00616681767226957
7905,-0.00787772502379829
7906,-0.0122865996588183
7907,-0.0176651039684669
7908,-0.0209763904062337
7909,-0.0208581241309233
7910,-0.0187524996038244
7911,-0.0168860220536482
7912,-0.0158246856218567
7913,-0.0145245825868216
7914,-0.012222120033662
7915,-0.00940441357711303
7916,-0.00697417710130394
7917,-0.00523131405195468
7918,-0.00391928958032792
7919,-0.00275152707699973
7920,-0.0015960267196026
7921,-0.000517518359898124
7922,0.000117074828927485
7923,1.63051963939352E-05
7924,-0.000180114656437173
7925,0.00110194099168586
7926,0.00477676876559817
7927,0.00957599486252912
7928,0.012844448920864
7929,0.0131144929198362
7930,0.011412178266478
7931,0.0097834751333682
7932,0.0090447281940559
7933,0.00841776282622009
7934,0.00695409225056779
7935,0.00462484982427128
7936,0.0020556594298509
7937,-0.000196864270725248
7938,-0.00192581289956893
7939,-0.00324706632565788
7940,-0.00447032398925737
7941,-0.00569089250954916
7942,-0.00645930603652242
7943,-0.00637144665966822
7944,-0.0062138344929918
7945,-0.0078508266186237
7946,-0.0122105323704663
7947,-0.0176175254133839
7948,-0.0209857418642661
7949,-0.0208668789208131
7950,-0.0186998654405761
7951,-0.0168045101831154
7952,-0.0158138659982395
7953,-0.014624736899217
7954,-0.0123524879642282
7955,-0.00945391473827401
7956,-0.00693140704582194
7957,-0.00518824929242325
7958,-0.00394602691713147
7959,-0.00279598711684708
7960,-0.00152574478420573
7961,-0.000258575764794219
7962,0.000484792652874786
7963,0.000302038322107844
7964,-0.000121933770817702
7965,0.000971386792920983
7966,0.0046611434399074
7967,0.00965256009692586
7968,0.0130790694285468
7969,0.0132942449656823
7970,0.011381607939259
7971,0.00961482401958647
7972,0.00893119641582996
7973,0.00842209800944725
7974,0.00694064804056705
7975,0.00446234893211439
7976,0.00180830908508342
7977,-0.000356259616916714
7978,-0.00194974311159707
7979,-0.0032495753161131
7980,-0.00451165652463182
7981,-0.00564347159551552
7982,-0.00618564661054043
7983,-0.00597191951481004
7984,-0.00595763697531225
7985,-0.0078434724004589
7986,-0.0122564018008645
7987,-0.0174862825108552
7988,-0.0207147418716354
7989,-0.020669850385473
7990,-0.0186229180058955
7991,-0.0166438970493336
7992,-0.0154243376531227
7993,-0.0141637405456339
7994,-0.0120908978036877
7995,-0.00941765932122099
7996,-0.00688423607945705
7997,-0.00496532436195066
7998,-0.00365073288866809
7999,-0.00260405824572503
8000,-0.00142401036583237
8001,-0.000106693627002622
8002,0.00069476082957935
8003,0.000403892494119497
8004,-0.000229225112870595
8005,0.000774339091272601
8006,0.0045593195155719
8007,0.00967214917988798
8008,0.013115998553335
8009,0.0133222428840225
8010,0.011511475494703
8011,0.00992471320458339
8012,0.00933097033254533
8013,0.00874707319067248
8014,0.00712987373077772
8015,0.0045847485512091
8016,0.00194501964735064
8017,-0.000187124234483514
8018,-0.00176470664628118
8019,-0.00307617268378293
8020,-0.00441751215095104
8021,-0.00572210222810505
8022,-0.00645434878101586
8023,-0.00631255480961919
8024,-0.00621766993656491
8025,-0.00799155792511947
8026,-0.0123870941442959
8027,-0.0176667188749735
8028,-0.0208869325141972
8029,-0.0207432408818979
8030,-0.0186210225829828
8031,-0.0166908965593613
8032,-0.015579462356652
8033,-0.0143243158713518
8034,-0.0121010494936008
8035,-0.00925734180340974
8036,-0.00671046766147518
8037,-0.00495509431891188
8038,-0.00382648799568428
8039,-0.00283198033189608
8040,-0.0015680982976249
8041,-0.000151584052575897
8042,0.000679399618243927
8043,0.000382418291814115
8044,-0.000216492217470007
8045,0.000866107474037091
8046,0.00471262992786033
8047,0.00983610561734923
8048,0.0132690520583234
8049,0.013460736241294
8050,0.0115883257628333
8051,0.00986244571431747
8052,0.00913191286483415
8053,0.00855558714048944
8054,0.00712623196443907
8055,0.00480149647704591
8056,0.00221956758266106
8057,-5.59042335654762E-05
8058,-0.00182844451560011
8059,-0.00321991292316817
8060,-0.00450761794850829
8061,-0.00573080311185552
8062,-0.00643693544770811
8063,-0.00630959510388775
8064,-0.00622145375395648
8065,-0.00798999933365279
8066,-0.0123885854982188
8067,-0.0176712376373427
8068,-0.0208785043435627
8069,-0.0207384887799371
8070,-0.0186841112452421
8071,-0.0168486507603712
8072,-0.0157464411054737
8073,-0.0143842875604044
8074,-0.0120722991433083
8075,-0.00929967302012814
8076,-0.00691959189038034
8077,-0.00520790366482335
8078,-0.00390976547647833
8079,-0.00270466235625633
8080,-0.0014116201045738
8081,-0.000147158689165293
8082,0.000546034121514871
8083,0.000257137877718157
8084,-0.000248864856305417
8085,0.00088454186743987
8086,0.00469597642931496
8087,0.00972263831181848
8088,0.013019339201768
8089,0.0130799622308714
8090,0.0111836922635257
8091,0.00960875208657771
8092,0.00911075933182536
8093,0.00864505356341938
8094,0.00710257588695422
8095,0.00455770672685392
8096,0.00185734129017572
8097,-0.000343742629703025
8098,-0.00193292235559582
8099,-0.00317460296024682
8100,-0.00441964297345427
8101,-0.00568492225585798
8102,-0.00644894348087389
8103,-0.00633986559751277
8104,-0.0062254837217657
8105,-0.00796590595304002
8106,-0.0123756866924868
8107,-0.0176946831493851
8108,-0.0209042089030295
8109,-0.0207068011266423
8110,-0.0185941985281135
8111,-0.0167831254128746
8112,-0.0157844271012447
8113,-0.0144982847319209
8114,-0.0121443472870298
8115,-0.00924944720977225
8116,-0.00678662324509546
8117,-0.00508765035197056
8118,-0.00384199279795577
8119,-0.00266776416073964
8120,-0.00140204564236109
8121,-0.000186018009697688
8122,0.000505319003055716
8123,0.00034449060320472
8124,2.52045172175329E-05
8125,0.00120147889823058
8126,0.00483116262154848
8127,0.00963523166972259
8128,0.0129099463343308
8129,0.0131455328715617
8130,0.0113888496084713
8131,0.00976462625066774
8132,0.00912416017043578
8133,0.00859417411592958
8134,0.0070854082882432
8135,0.00457297491114124
8136,0.00186511571006329
8137,-0.000337205617219759
8138,-0.00191651502319984
8139,-0.00319654396762214
8140,-0.00452456407767969
8141,-0.005811054467791
8142,-0.00647261343700909
8143,-0.00622817723259708
8144,-0.0060719615146253
8145,-0.00785464806385054
8146,-0.0122848191170047
8147,-0.017586044607018
8148,-0.0208471436985055
8149,-0.0208197117975854
8150,-0.0188667398536296
8151,-0.0170422576311464
8152,-0.0158788760309482
8153,-0.0144692459437356
8154,-0.0121638691198453
8155,-0.00941501838835819
8156,-0.00703444555168101
8157,-0.00530770898278081
8158,-0.00401749567383037
8159,-0.00286528063340096
8160,-0.00166260534651157
8161,-0.000484058925206958
8162,0.000198189354414956
8163,1.319040074447E-05
8164,-0.000337719004727905
8165,0.000870923100335725
8166,0.00463173986560193
8167,0.00960019575060002
8168,0.0129778029750431
8169,0.0132329249984837
8170,0.0114552036541043
8171,0.00979459164644722
8172,0.00909473033063941
8173,0.00850714565799197
8174,0.00701061582755468
8175,0.00460037192513615
8176,0.00200035340779313
8177,-0.000191892196337514
8178,-0.00185984862544544
8179,-0.00323535557610524
8180,-0.00459967882491259
8181,-0.00588195221139484
8182,-0.00654365377889771
8183,-0.00631299822680108
8184,-0.00617612260264035
8185,-0.00799298477567413
8186,-0.0124765459884141
8187,-0.0178176562221856
8188,-0.0210640107603699
8189,-0.0209690468887361
8190,-0.018935411355261
8191,-0.0170495783818569
8192,-0.0158562573335489
8193,-0.0144542429655959
8194,-0.0121827865946887
8195,-0.00944765699350484
8196,-0.00701847283026152
8197,-0.00520646538878911
8198,-0.00386592524328909
8199,-0.00271731826655515
8200,-0.00151121219306417
8201,-0.000281796793467613
8202,0.000441825339835264
8203,0.000215471007724515
8204,-0.000226448551909808
8205,0.00094825392354442
8206,0.00476184389630857
8207,0.00978119810568625
8208,0.013133252480469
8209,0.0133293575572312
8210,0.0115414993921245
8211,0.00991110090887902
8212,0.00920200131322596
8213,0.00854263163020068
8214,0.00698044450030963
8215,0.00456853669106423
8216,0.00200522016543392
8217,-0.000160820626267108
8218,-0.00180325020331593
8219,-0.00311348531328152
8220,-0.00438594302283794
8221,-0.00562118379827453
8222,-0.00632758767965144
8223,-0.00620453651152696
8224,-0.00617037276584257
8225,-0.00803721697068781
8226,-0.0125063689579755
8227,-0.0177845406683848
8228,-0.0209599859872913
8229,-0.0208372293664661
8230,-0.0188407400103277
8231,-0.017024585613285
8232,-0.0158776197477257
8233,-0.0144755955250991
8234,-0.012181063491201
8235,-0.00943161192961806
8236,-0.00700592384648875
8237,-0.00521072170728143
8238,-0.00389828724112733
8239,-0.00277730421167316
8240,-0.00156491027531322
8241,-0.000272961419431552
8242,0.000530734507720732
8243,0.000314873646147872
8244,-0.000230660545919769
8245,0.000790774156995279
8246,0.00452004807354988
8247,0.00957429783346766
8248,0.0130225166126634
8249,0.0132989516550683
8250,0.0115703705893808
8251,0.0100177685015602
8252,0.00940207560629278
8253,0.00880265424703801
8254,0.00725162864897712
8255,0.00484423335964237
8256,0.00229640851727545
8257,9.79368942360287E-05
8258,-0.00167570211133282
8259,-0.00315581483274182
8260,-0.00451739416670505
8261,-0.00573398557353553
8262,-0.00640951695981644
8263,-0.00631670604137622
8264,-0.00631917146703572
8265,-0.00813780532651094
8266,-0.0124919682789506
8267,-0.0176899346321876
8268,-0.0208513075270068
8269,-0.0207061599034334
8270,-0.0186394217260528
8271,-0.0167891142152473
8272,-0.0157328154513995
8273,-0.0144857781527575
8274,-0.0122562955665008
8275,-0.00943104201424851
8276,-0.00689406181353237
8277,-0.00505284480847296
8278,-0.00373070796922759
8279,-0.00256706254085378
8280,-0.00130695771749068
8281,-3.88315628457302E-05
8282,0.000697138339702635
8283,0.000486800191301196
8284,3.6056602274124E-05
8285,0.00109059534557055
8286,0.00467204699921397
8287,0.00949625052488826
8288,0.0128328635377339
8289,0.013154075209294
8290,0.0114762849138446
8291,0.00988674767473921
8292,0.00924730221419065
8293,0.00875230066651301
8294,0.0073489944485833
8295,0.0049432099007515
8296,0.0022322193232884
8297,-9.59212991104417E-05
8298,-0.00180962684973589
8299,-0.00312226594703959
8300,-0.0044021802590295
8301,-0.00567852131407366
8302,-0.00643990998385977
8303,-0.0063555494848107
8304,-0.00631411233304538
8305,-0.00811181871668186
8306,-0.0124812157229994
8307,-0.0176963296971688
8308,-0.0208744680088596
8309,-0.020773953015518
8310,-0.0187653491147302
8311,-0.0169185632603562
8312,-0.0157789120597422
8313,-0.0144322522792195
8314,-0.012193180299057
8315,-0.00946134552861716
8316,-0.00702223860271337
8317,-0.00520115087521063
8318,-0.00385830625386752
8319,-0.00271830518534855
8320,-0.00151574958174412
8321,-0.000239509909348122
8322,0.000595310395179338
8323,0.000459116800431772
8324,-3.33068888844672E-05
8325,0.000960917526789231
8326,0.00463454272736593
8327,0.0096847159440643
8328,0.0131488259337768
8329,0.0133434296099215
8330,0.0114156117125472
8331,0.00970032309081028
8332,0.00911255183052576
8333,0.00868136859889205
8334,0.00723503478847839
8335,0.00476635280091864
8336,0.00211587943609605
8337,-4.73201365808637E-05
8338,-0.00166013312240623
8339,-0.00305251342836701
8340,-0.00452420598408419
8341,-0.00591511844560441
8342,-0.00657653545013108
8343,-0.0062190799107734
8344,-0.00593338987089892
8345,-0.007710035590394
8346,-0.0122839053544336
8347,-0.0177355577188869
8348,-0.0209954583045964
8349,-0.0208225270401484
8350,-0.0187231546802457
8351,-0.0168494847026648
8352,-0.0157113598434447
8353,-0.0143484962354994
8354,-0.0120967908804035
8355,-0.00938279967413163
8356,-0.00695926239216135
8357,-0.00511697465903578
8358,-0.00375931825429558
8359,-0.00268428259783329
8360,-0.00161726176394451
8361,-0.000450236155397419
8362,0.000376134790875626
8363,0.000313564648349912
8364,-9.04509985558304E-05
8365,0.000961852881980759
8366,0.00465759272625599
8367,0.00971549121043594
8368,0.0132134451379014
8369,0.0134918027358606
8370,0.0116499157508968
8371,0.00991914160346215
8372,0.00917058072018263
8373,0.00853215970172723
8374,0.00698997695665735
8375,0.0045785030847294
8376,0.00201426614288244
8377,-0.00016901972629168
8378,-0.00187759068534572
8379,-0.00326665413135729
8380,-0.00453066998353688
8381,-0.00563264840553681
8382,-0.00617572293684938
8383,-0.00597956009906312
8384,-0.00596251004211194
8385,-0.00783657698187199
8386,-0.0122550131139495
8387,-0.0174925651629301
8388,-0.0207147304951355
8389,-0.0207000900875597
8390,-0.0187810022153466
8391,-0.0169641524689737
8392,-0.0157578233665257
8393,-0.0142618891285045
8394,-0.0118516099604523
8395,-0.00901292708003327
8396,-0.00659750145327836
8397,-0.00491346982748875
8398,-0.00371093988938595
8399,-0.0026117948555856
8400,-0.0013741836924783
8401,-0.000105055945994078
8402,0.000641436803892533
8403,0.000450512675629948
8404,4.20487965293853E-05
8405,0.00116848642275137
8406,0.00482778501956518
8407,0.00969838684438865
8408,0.0130439092806468
8409,0.0133708802741467
8410,0.0117136567257167
8411,0.0101131585912957
8412,0.00936641772953325
8413,0.00868595337489862
8414,0.0071374689006183
8415,0.00472781276840074
8416,0.00211707443139079
8417,-0.000145052499672727
8418,-0.00190357775505817
8419,-0.00330072843416636
8420,-0.00458228525976727
8421,-0.00575098462351849
8422,-0.00637445479618665
8423,-0.00618782340580452
8424,-0.00606640573188099
8425,-0.00778282253104873
8426,-0.0121134921060351
8427,-0.0173958227874595
8428,-0.0207220616357783
8429,-0.0207387613488487
8430,-0.0187438163683278
8431,-0.0168564182763316
8432,-0.0157184746018759
8433,-0.0144314781341246
8434,-0.0122354207360463
8435,-0.00947784286111873
8436,-0.00698819568254672
8437,-0.00516934609782048
8438,-0.00388928040264378
8439,-0.0028119953850257
8440,-0.00164031486531723
8441,-0.000405028616032685
8442,0.000342858301433052
8443,0.000130697090277895
8444,-0.000326057012734728
8445,0.000817779927731686
8446,0.00462058259354073
8447,0.00965327450948321
8448,0.0129935737734441
8449,0.0131212784390372
8450,0.0112637873126078
8451,0.00964940912218571
8452,0.00903979118921338
8453,0.00846967619749503
8454,0.00693354387537013
8455,0.00454264488816539
8456,0.00205628610933048
8457,-3.68489632042742E-05
8458,-0.00172934092728331
8459,-0.00321708655269486
8460,-0.00465195973175937
8461,-0.00590669414998793
8462,-0.00651266445085397
8463,-0.00628314563368185
8464,-0.00619485755054288
8465,-0.00803181191952963
8466,-0.0124667678530595
8467,-0.0177239877441885
8468,-0.0209060413683716
8469,-0.0207910633123587
8470,-0.0187806079251287
8471,-0.0169551562963763
8472,-0.0158409571397356
8473,-0.0144948714983277
8474,-0.012216191599314
8475,-0.00941445210481886
8476,-0.00691146286937194
8477,-0.00507558626561962
8478,-0.00377662960509587
8479,-0.00269716530359773
8480,-0.00152138351521554
8481,-0.000240595788318688
8482,0.000581538246519431
8483,0.000390317773172952
8484,-0.000169494606322698
8485,0.000782808158429957
8486,0.00444320027328596
8487,0.00950470300717757
8488,0.0130269508016656
8489,0.0133359036870576
8490,0.011523872345401
8491,0.00985097157443386
8492,0.00923219447103373
8493,0.00876758873161109
8494,0.00731875317131349
8495,0.00482903066938757
8496,0.00210398733477437
8497,-0.000117890587226289
8498,-0.00167493320666533
8499,-0.00291486422742123
8500,-0.0042733349276644
8501,-0.00568939901439529
8502,-0.00647248289502981
8503,-0.00621865178715685
8504,-0.00595387515253197
8505,-0.00767688253211898
8506,-0.0121499259471995
8507,-0.0174822288360291
8508,-0.0206579614475971
8509,-0.0204974208435222
8510,-0.0185120123379005
8511,-0.016780115383529
8512,-0.0157191918142673
8513,-0.0143373726954366
8514,-0.0120192974428148
8515,-0.00927335791813914
8516,-0.00689483028195334
8517,-0.00513395808484251
8518,-0.00380304874974128
8519,-0.00265823807977134
8520,-0.00149437749946152
8521,-0.000311469196078106
8522,0.000439875255180422
8523,0.000315847972028026
8524,-6.08402717884065E-05
8525,0.00104295615401806
8526,0.00469487474706619
8527,0.00960866451950186
8528,0.0129912929036104
8529,0.0132977693792275
8530,0.0116172198548386
8531,0.0100892481722296
8532,0.00950029174711295
8533,0.0089180933018367
8534,0.00729498544483892
8535,0.0047141132049545
8536,0.00203863643898422
8537,-8.37289952843272E-05
8538,-0.00163384389805193
8539,-0.00297774420651503
8540,-0.00441187656113916
8541,-0.00575637530386732
8542,-0.00638850149511571
8543,-0.00608073887347573
8544,-0.00591906666871452
8545,-0.00778195183639737
8546,-0.0123046565398394
8547,-0.0176115492978232
8548,-0.0207655548049405
8549,-0.0205754620506568
8550,-0.0184756140826
8551,-0.0165615778497972
8552,-0.0153904333355814
8553,-0.0140598900311829
8554,-0.0118671354251772
8555,-0.00916561200308074
8556,-0.00672785971129217
8557,-0.0049258849645704
8558,-0.00365554231692755
8559,-0.00259847774972258
8560,-0.00142147479534658
8561,-0.000118844657722193
8562,0.000738001503228493
8563,0.000623183519020733
8564,0.000217642446265984
8565,0.00135504528168959
8566,0.00509015188513958
8567,0.0100157449820716
8568,0.0132660247927145
8569,0.0133639405077429
8570,0.0115212804435887
8571,0.0099286532073821
8572,0.00935106305261397
8573,0.00884241848076097
8574,0.00735219058804321
8575,0.00490246297147711
8576,0.00225409710135908
8577,4.03763634230089E-05
8578,-0.00159188815962542
8579,-0.00288100098555136
8580,-0.0041643511056304
8581,-0.00542887491021174
8582,-0.00613621049252936
8583,-0.00596598139342715
8584,-0.00586721638325899
8585,-0.00769858395377397
8586,-0.0121750112958934
8587,-0.0174732811073361
8588,-0.0206462516876085
8589,-0.020504117336646
8590,-0.0185173122790946
8591,-0.0167700705154531
8592,-0.0157161119340716
8593,-0.0143568636301317
8594,-0.0120283794620763
8595,-0.00923151196770407
8596,-0.00682592338812024
8597,-0.00510643117650053
8598,-0.00381861292563788
8599,-0.00260430105554999
8600,-0.00126299939285617
8601,3.74924849853442E-05
8602,0.00069384849136535
8603,0.000330029839183401
8604,-0.000183309056153834
8605,0.0010434924486296
8606,0.00495832117104175
8607,0.0100115820475622
8608,0.0132883501127029
8609,0.0133546324776769
8610,0.0114699176237708
8611,0.00983685600066815
8612,0.00923605061457931
8613,0.00875782480852358
8614,0.00735222966703931
8615,0.0049700067547906
8616,0.00230044607813319
8617,2.33722129291057E-06
8618,-0.00168504224015888
8619,-0.00297286293836997
8620,-0.00427794448416886
8621,-0.00564550336027199
8622,-0.00645705183724217
8623,-0.00625491109025033
8624,-0.00598017611092603
8625,-0.00764578310034002
8626,-0.0121064167633831
8627,-0.0175097990788578
8628,-0.0207725210107082
8629,-0.0206320543682031
8630,-0.0185987027831753
8631,-0.0168079770229721
8632,-0.0157027639011086
8633,-0.0142639231460323
8634,-0.011863496289931
8635,-0.00905557560490491
8636,-0.00668973021064894
8637,-0.00500144424825346
8638,-0.00372224571356564
8639,-0.00255033902272291
8640,-0.00131968984096526
8641,-0.000134563742036863
8642,0.000502741524403123
8643,0.000230630178624337
8644,-0.000172696115407828
8645,0.00109051555081827
8646,0.00496740288199135
8647,0.00996709882193855
8648,0.0132083130652525
8649,0.0132493775351728
8650,0.0113474131960738
8651,0.00971866138060341
8652,0.00912928481423392
8653,0.00862469023665369
8654,0.00715329227179043
8655,0.00474690527353082
8656,0.00217116355650037
8657,3.88085852810805E-05
8658,-0.00154902708143753
8659,-0.0028712770828725
8660,-0.00426229416791015
8661,-0.00565681886841222
8662,-0.00645661946640346
8663,-0.00631999276434187
8664,-0.00621112425978215
8665,-0.00800030813428351
8666,-0.0123979510927562
8667,-0.0175978407659953
8668,-0.0207107228917747
8669,-0.020586978344152
8670,-0.0186462672667404
8671,-0.0168645670223147
8672,-0.0156602661982595
8673,-0.0141341661678117
8674,-0.0117459110698747
8675,-0.00899583574088535
8676,-0.00663819562840722
8677,-0.00492218737189361
8678,-0.00367626472227014
8679,-0.00260921143431854
8680,-0.00141994459612693
8681,-9.96132708094709E-05
8682,0.000755460156007505
8683,0.000552009469830055
8684,-2.83757971142651E-05
8685,0.000987497623219887
8686,0.00480234840739588
8687,0.00996595148191696
8688,0.0133914190495365
8689,0.0134508284306891
8690,0.0114522661369211
8691,0.00980175467916608
8692,0.00933073447546213
8693,0.00894890155886231
8694,0.00746042567939639
8695,0.00492788468642678
8696,0.00225700296704701
8697,0.000112452213408018
8698,-0.00148605096821105
8699,-0.00287917071563304
8700,-0.00433148106511855
8701,-0.0056724639064713
8702,-0.00632331470746592
8703,-0.00607619097569187
8704,-0.00597668575409896
8705,-0.0078337520829615
8706,-0.0122526716084131
8707,-0.0174121558152599
8708,-0.0204891234681922
8709,-0.0203769165556557
8710,-0.0184818015755963
8711,-0.0167687530729801
8712,-0.0156703863936027
8713,-0.0142689048736332
8714,-0.0119473266405654
8715,-0.00914975627653426
8716,-0.00667126077226645
8717,-0.00485394029716778
8718,-0.0035676037912946
8719,-0.00249686583133109
8720,-0.00132499244738221
8721,-5.80313112221017E-05
8722,0.00072714215143105
8723,0.000507657480856832
8724,-1.25280398053541E-05
8725,0.00104767704476428
8726,0.004792645610184
8727,0.00982675137065377
8728,0.0132341649809912
8729,0.01345002818805
8730,0.0116227537285447
8731,0.00994996307937307
8732,0.00925746982153217
8733,0.0086560576335903
8734,0.00711826043952516
8735,0.00467528918291733
8736,0.00209540535784289
8737,-1.3468863708089E-05
8738,-0.00157952315160666
8739,-0.00290569764122053
8740,-0.00430109893423431
8741,-0.00564756958018668
8742,-0.00634068521662494
8743,-0.0061027343623326
8744,-0.00596470678284238
8745,-0.00779804438025458
8746,-0.0122633679063074
8747,-0.0175110378121585
8748,-0.0206354075540373
8749,-0.0204873128852368
8750,-0.0185085803899029
8751,-0.016721404623545
8752,-0.0155741586771603
8753,-0.0141436079823782
8754,-0.0118439796207237
8755,-0.00916411223508207
8756,-0.00685730904934646
8757,-0.00512272629658716
8758,-0.00373628496388173
8759,-0.00247886794804469
8760,-0.00123043935124191
8761,-5.06615586981974E-05
8762,0.000650044376420375
8763,0.000521259621700975
8764,0.000215907466850162
8765,0.00139983327839597
8766,0.00505498896095115
8767,0.009868729151723
8768,0.013077038046169
8769,0.0131856111241563
8770,0.0113483595672595
8771,0.00977153760167585
8772,0.00925634530932943
8773,0.00879671179243125
8774,0.00723795067893029
8775,0.00463024122437868
8776,0.00191290690799808
8777,-0.000168840124368356
8778,-0.00159187327717226
8779,-0.00282503722761978
8780,-0.00426315328041058
8781,-0.00570584545195058
8782,-0.00640798428305523
8783,-0.00606086363949417
8784,-0.00581164165300428
8785,-0.0076639155741045
8786,-0.0122752057983187
8787,-0.0176626643182156
8788,-0.0208167212415201
8789,-0.0206317297622766
8790,-0.018667887650758
8791,-0.0169744034823449
8792,-0.0158975541899692
8793,-0.0144121829109019
8794,-0.0119447342246619
8795,-0.00907863152125807
8796,-0.00665326381608414
8797,-0.00491556240090911
8798,-0.00365261948224174
8799,-0.0025831974374199
8800,-0.00144847495276802
8801,-0.000213179910999506
8802,0.000630230598842832
8803,0.000536373182090681
8804,8.22766678463164E-05
8805,0.00109025549710729
8806,0.00476220044075218
8807,0.00981829581581522
8808,0.0133088562659679
8809,0.0135366655683346
8810,0.0116189418787823
8811,0.00987647886318569
8812,0.00923643628204324
8813,0.00873869118022928
8814,0.00721169584611807
8815,0.00467702612358491
8816,0.00204281112940073
8817,5.05558521642976E-06
8818,-0.00145580052895719
8819,-0.00278388510032262
8820,-0.00428189608079468
8821,-0.00569473799126095
8822,-0.00634968309345034
8823,-0.00605929870888624
8824,-0.00596363058733019
8825,-0.00790396726567258
8826,-0.0124179940711984
8827,-0.0176086887736455
8828,-0.0206464226049723
8829,-0.0204632354025144
8830,-0.0184936943025996
8831,-0.0167175052385082
8832,-0.0155908858212038
8833,-0.0142212672467618
8834,-0.0119885289113344
8835,-0.0092931675972826
8836,-0.00686521463428941
8837,-0.0050063787060171
8838,-0.00362450569263274
8839,-0.00251695427435586
8840,-0.00144687389368614
8841,-0.000348605560310147
8842,0.000381229659377342
8843,0.000303769917422233
8844,-4.74258666879729E-06
8845,0.00114909761281766
8846,0.00485651083427197
8847,0.00987560155268991
8848,0.0133687436771451
8849,0.0136497477671514
8850,0.0117276782313428
8851,0.00986906096051775
8852,0.00911027508412418
8853,0.00863637976727503
8854,0.00725232006445453
8855,0.00479028159847099
8856,0.00203104867573072
8857,-0.000226899994727194
8858,-0.00178673317466859
8859,-0.00302555916639882
8860,-0.00440474440281675
8861,-0.00584189533749224
8862,-0.00662798705533003
8863,-0.00639130025441357
8864,-0.00619383223638795
8865,-0.00799845816915515
8866,-0.0124761139334201
8867,-0.0176901113275155
8868,-0.0206850975943216
8869,-0.020396572311493
8870,-0.0184037177856254
8871,-0.0167587622694714
8872,-0.0157980682797976
8873,-0.0144655713265507
8874,-0.0121381078778187
8875,-0.00935773015701764
8876,-0.00695220112200426
8877,-0.00517552281756909
8878,-0.00382638674002424
8879,-0.00265899488285942
8880,-0.00148620781950099
8881,-0.000323314543151786
8882,0.000390880686984436
8883,0.000246649441261397
8884,-0.000103120356941119
8885,0.001086913119374
8886,0.00487864055411395
8887,0.00995138923742363
8888,0.0134286480808381
8889,0.0136586839358274
8890,0.0117010976626951
8891,0.00982991451150684
8892,0.00906238137189881
8893,0.00858249830426694
8894,0.0072117615264644
8895,0.00478194488375621
8896,0.00204993611840205
8897,-0.000207264187272396
8898,-0.00179116182451465
8899,-0.0030522781845601
8900,-0.00441179257461499
8901,-0.00576727316805053
8902,-0.00645091371301351
8903,-0.00617844919930258
8904,-0.00605952286865656
8905,-0.0080057355823039
8906,-0.0125983108255951
8907,-0.0178790887195205
8908,-0.0209395207267212
8909,-0.0207248046051967
8910,-0.0187435891459657
8911,-0.0169957731136045
8912,-0.015881162542275
8913,-0.014466718551797
8914,-0.0121680541572008
8915,-0.00944199879881317
8916,-0.0070182415869896
8917,-0.00515340779762967
8918,-0.00373047678379853
8919,-0.00255769641542251
8920,-0.00140880566188162
8921,-0.000221252570781085
8922,0.000574537405084657
8923,0.000472370663124059
8924,1.69252859457282E-05
8925,0.000963404719488023
8926,0.00451441734936089
8927,0.00948698722505877
8928,0.0130149218681323
8929,0.0133621427346647
8930,0.0115326330136582
8931,0.00980413943539114
8932,0.00917049286447363
8933,0.00873327162439066
8934,0.00727655272789058
8935,0.00472695796491816
8936,0.0019764295166492
8937,-0.000190393603549599
8938,-0.00170666459428604
8939,-0.00302548805633502
8940,-0.00451667798685866
8941,-0.00594527834096965
8942,-0.00658805002310863
8943,-0.00622608000944428
8944,-0.00605813746525171
8945,-0.00801250593611698
8946,-0.0126192333415039
8947,-0.0178701264090023
8948,-0.0208563534648266
8949,-0.0205675246977994
8950,-0.0185610071252499
8951,-0.0168466355688541
8952,-0.0157847253173971
8953,-0.0143893487660135
8954,-0.012063062877627
8955,-0.00930571789651178
8956,-0.00690449773368532
8957,-0.00512577655560918
8958,-0.00379476142204231
8959,-0.00264610407152396
8960,-0.00144213721761971
8961,-0.000191465919081906
8962,0.000600333865418102
8963,0.000445847100166044
8964,-1.0273189319698E-05
8965,0.00103765495990765
8966,0.00470794545747053
8967,0.00969280303946348
8968,0.0131282924849836
8969,0.0134151260781
8970,0.0116429537130898
8971,0.0099952654746719
8972,0.00931506462580164
8973,0.00871535402235578
8974,0.00715620690850743
8975,0.00466855101736883
8976,0.00202714666106199
8977,-0.000166867737861737
8978,-0.00184005067567521
8979,-0.00324799965215817
8980,-0.00463362051963334
8981,-0.00587381596788105
8982,-0.00644503985371308
8983,-0.00615949639906608
8984,-0.00606472581496186
8985,-0.00798465897246606
8986,-0.0125329186390867
8987,-0.0178351376475825
8988,-0.0209579484007291
8989,-0.0207282535388333
8990,-0.018621957167414
8991,-0.0167605650941375
8992,-0.0156647392573877
8993,-0.0143605529136009
8994,-0.0121273484010205
8995,-0.00938901295894191
8996,-0.00698910894967144
8997,-0.00526471159668567
8998,-0.00399631736996474
8999,-0.00281806454229608
9000,-0.00149941912956777
9001,-0.000182325256785218
9002,0.00054104174553678
9003,0.000276080986328457
9004,-0.000163631055398674
9005,0.00105230199874223
9006,0.00486810633808538
9007,0.0097913568648693
9008,0.0129682615811158
9009,0.0129904752395402
9010,0.0111220149028233
9011,0.00955528457102258
9012,0.00901499470591323
9013,0.0085076739116334
9014,0.00697911762521868
9015,0.0045111608913924
9016,0.00192645846184909
9017,-0.000168526132755842
9018,-0.00173629181696155
9019,-0.0030799092414201
9020,-0.00446274423338323
9021,-0.0057375908959068
9022,-0.00633867145596101
9023,-0.00606210221410285
9024,-0.00597026918312354
9025,-0.00789121780502301
9026,-0.0124095576412218
9027,-0.0176321586981365
9028,-0.0206695075464566
9029,-0.0204246418756735
9030,-0.0183904697799934
9031,-0.0166195467902885
9032,-0.0155609932552558
9033,-0.0142441462358464
9034,-0.0119849048785003
9035,-0.00918914880208275
9036,-0.00665165774536019
9037,-0.00474993308540719
9038,-0.00341585368590729
9039,-0.00238441058479226
9040,-0.00132609936241641
9041,-0.000170228632182464
9042,0.000578854064843419
9043,0.000402817820967574
9044,-4.1726801848445E-05
9045,0.00108948948706399
9046,0.00489240079482132
9047,0.00995638049096978
9048,0.0133372038454842
9049,0.0134769995909278
9050,0.011587780930235
9051,0.00992227772291021
9052,0.00927991951855768
9053,0.00869259827645518
9054,0.00710011037205283
9055,0.00457933204278767
9056,0.00195169485871903
9057,-0.000175302052196631
9058,-0.00175496767332979
9059,-0.00308473274029113
9060,-0.00444827293460602
9061,-0.00572782413699618
9062,-0.00634962923913293
9063,-0.00607065939590612
9064,-0.00596069578848108
9065,-0.00793038939734984
9066,-0.0126163116441074
9067,-0.0180325473241582
9068,-0.0211243677149242
9069,-0.0207659744671627
9070,-0.0186144599669618
9071,-0.0168690850331293
9072,-0.0159075986762122
9073,-0.0145781486772899
9074,-0.0121847812520659
9075,-0.00932667531091258
9076,-0.0069150604451479
9077,-0.00517410349697357
9078,-0.00380902097073002
9079,-0.00257396320586268
9080,-0.00138807300044589
9081,-0.000328541137443644
9082,0.000234012726006474
9083,-1.60896309998343E-06
9084,-0.000349378344113285
9085,0.000891514587345105
9086,0.00471492576480377
9087,0.00973502360234464
9088,0.0130543436399887
9089,0.0131142790858964
9090,0.0111447646779361
9091,0.00947518069891735
9092,0.00894625645681379
9093,0.00850899934699323
9094,0.00697424966232939
9095,0.00438389316140462
9096,0.00163920104660114
9097,-0.000565169688024295
9098,-0.00216005019914287
9099,-0.00346001621143142
9100,-0.00477246624798404
9101,-0.00602353053430547
9102,-0.00668824961455545
9103,-0.00649947333055446
9104,-0.00640606315998346
9105,-0.00822555275186166
9106,-0.012674455625788
9107,-0.0179693639004565
9108,-0.0211512527558433
9109,-0.0209570417859725
9110,-0.0188352862367378
9111,-0.0169633797194773
9112,-0.0159019914096636
9113,-0.0146402309385521
9114,-0.0123999458795781
9115,-0.00959906357013599
9116,-0.00711454725800169
9117,-0.00531242377511087
9118,-0.00400564088362071
9119,-0.00287920498199766
9120,-0.00171224896623065
9121,-0.000547700313188933
9122,0.000164136879626584
9123,4.96221426243071E-05
9124,-0.000218256820746379
9125,0.00105844371920154
9126,0.00486447665647642
9127,0.00984276232525005
9128,0.01314964296655
9129,0.0132190961556584
9130,0.0112049142521375
9131,0.00941270364961316
9132,0.00878018676073648
9133,0.00835970323162074
9134,0.00692860021014258
9135,0.00441862543837948
9136,0.00171164813005481
9137,-0.000419621125581897
9138,-0.00190068464922989
9139,-0.00316994904257622
9140,-0.00460718592341445
9141,-0.00601230087466576
9142,-0.00668285424883101
9143,-0.00637755782022524
9144,-0.00625298062512781
9145,-0.00822264352751713
9146,-0.0128363184494064
9147,-0.0180992398339243
9148,-0.0210846347807957
9149,-0.0207610679342157
9150,-0.0186956390428746
9151,-0.0169247864685084
9152,-0.015816000938105
9153,-0.0143748245204724
9154,-0.0120137631686779
9155,-0.00925383303986504
9156,-0.00686745887067946
9157,-0.00507531058887926
9158,-0.00370545210556713
9159,-0.00257325029225751
9160,-0.00149400853659336
9161,-0.000389021554965282
9162,0.00039206154562898
9163,0.000387620119631818
9164,8.46638726998478E-05
9165,0.00113948370661258
9166,0.0047146719752033
9167,0.00965780264060279
9168,0.0131415161328317
9169,0.0134416574146298
9170,0.0115657709077274
9171,0.00979938327267135
9172,0.00913380599046125
9173,0.00865909308760408
9174,0.00716632928193315
9175,0.0046038919179941
9176,0.00185542758937286
9177,-0.000342485504458485
9178,-0.00193799419272348
9179,-0.00331084477815669
9180,-0.00474096447208411
9181,-0.00601739612272096
9182,-0.00655519523716666
9183,-0.00622662212264342
9184,-0.00615941279809565
9185,-0.00814866384491391
9186,-0.0127131519360064
9187,-0.0179613458764043
9188,-0.0210442397091727
9189,-0.0208485256654042
9190,-0.0188002266336547
9191,-0.0169346176263138
9192,-0.0157616599864157
9193,-0.0143685132214392
9194,-0.0120803980777075
9195,-0.00931294500382032
9196,-0.00688413343531268
9197,-0.00512363559089525
9198,-0.00382379148069031
9199,-0.00264750913576223
9200,-0.00139585644657447
9201,-0.000189903086889083
9202,0.000483573724916444
9203,0.000321976760542298
9204,6.11923059173258E-05
9205,0.00130824881627254
9206,0.00490104929101293
9207,0.00954800548074579
9208,0.0127177038747154
9209,0.0130586891730163
9210,0.0115342743330428
9211,0.0100287936245829
9212,0.00929839013018248
9213,0.00862165466983922
9214,0.00708133205386592
9215,0.00463497867474198
9216,0.00197271747053108
9217,-0.000225844974143382
9218,-0.00178182133024399
9219,-0.00303213628266901
9220,-0.00440423401449218
9221,-0.0057884200114393
9222,-0.00647263004363254
9223,-0.00615704767079374
9224,-0.00601539529391585
9225,-0.00802536644650676
9226,-0.0127233603399196
9227,-0.0180252048892335
9228,-0.0209650576742714
9229,-0.0205667533481331
9230,-0.0184599030855495
9231,-0.0166975551213601
9232,-0.0156599719439184
9233,-0.0143597929868824
9234,-0.0121324303141029
9235,-0.00936872830829369
9236,-0.00684225358569179
9237,-0.00496262429046219
9238,-0.00369032137925228
9239,-0.00269626414920165
9240,-0.00156046549874951
9241,-0.000248740743001158
9242,0.000589408070029576
9243,0.000381372744901562
9244,-0.00010472512578574
9245,0.00106770110552869
9246,0.0049091427381662
9247,0.00987949386023919
9248,0.0130881959257236
9249,0.0131653038806468
9250,0.0113773888975848
9251,0.0098194580501999
9252,0.00915479600277571
9253,0.00848960211944588
9254,0.00691677173458141
9255,0.00451284874635735
9256,0.0019663867963206
9257,-0.000169874558099919
9258,-0.00176694265860436
9259,-0.00306686260856055
9260,-0.00442747194449018
9261,-0.00581379425941619
9262,-0.00659846948594983
9263,-0.00640131232711639
9264,-0.00623085013719199
9265,-0.00805436563369016
9266,-0.0125895488920209
9267,-0.0178884795228047
9268,-0.0209106391440486
9269,-0.0205400245548004
9270,-0.0184202414465138
9271,-0.0167173870349472
9272,-0.0157960974392811
9273,-0.0145162035865215
9274,-0.0121749926022369
9275,-0.00934186935369807
9276,-0.00693536350546683
9277,-0.00524293420327703
9278,-0.00400438466370138
9279,-0.0029019921324343
9280,-0.00173252829687228
9281,-0.000530714501482319
9282,0.000253317748616609
9283,0.000195891900177233
9284,-9.57565705804403E-05
9285,0.00106947862331884
9286,0.00474712528233162
9287,0.0096720582519124
9288,0.0130457034102066
9289,0.0132703108275253
9290,0.0114061363669984
9291,0.00966171781576977
9292,0.00895238714947121
9293,0.00841147835128271
9294,0.00692358821161108
9295,0.00444142705109469
9296,0.00177125313695332
9297,-0.00037616734433148
9298,-0.00189251050263698
9299,-0.00314551875726875
9300,-0.00451633214887798
9301,-0.00587734860186445
9302,-0.00656547501257826
9303,-0.00629437024271189
9304,-0.00616015962724306
9305,-0.00808064883543484
9306,-0.0126598273421359
9307,-0.0179391507436073
9308,-0.0209846927789037
9309,-0.0207386629033831
9310,-0.0187445817669131
9311,-0.0170226223375546
9312,-0.0159384645454721
9313,-0.0145093828822668
9314,-0.0121531332538965
9315,-0.00938451531962043
9316,-0.00698753099112087
9317,-0.00521899368253036
9318,-0.00390886114719211
9319,-0.00280404708187529
9320,-0.00166311518644153
9321,-0.000471345521279186
9322,0.000290411735278198
9323,0.000149414263227998
9324,-0.000246162139091257
9325,0.000890910169421468
9326,0.0046289442379377
9327,0.00960367605302789
9328,0.0129408500982921
9329,0.0130983899885906
9330,0.0112513310666833
9331,0.00963285830552798
9332,0.00906474874219425
9333,0.00857494656383189
9334,0.00702502587429956
9335,0.00441791343446414
9336,0.00162727354414903
9337,-0.000586317471955056
9338,-0.00210231778377505
9339,-0.0033279713365477
9340,-0.00470637355906887
9341,-0.00611907398857252
9342,-0.00683139764164922
9343,-0.00649005116614093
9344,-0.00623254300144912
9345,-0.00809546665669541
9346,-0.0127291652610569
9347,-0.0180807234967241
9348,-0.021102502315463
9349,-0.0207556943556962
9350,-0.0187033035587977
9351,-0.0170114711543655
9352,-0.015956108181678
9353,-0.0144722812791895
9354,-0.0120389370524129
9355,-0.00929149821659639
9356,-0.00700438272497531
9357,-0.00528416646556015
9358,-0.00387678965388588
9359,-0.00264936192383641
9360,-0.0015471201414085
9361,-0.000562677422326387
9362,2.93800813628602E-05
9363,-4.78262871212669E-05
9364,-0.000173960596674418
9365,0.00121982211531011
9366,0.00501083854237244
9367,0.00983477089174878
9368,0.0129790466661466
9369,0.0130614993254816
9370,0.0112779046073562
9371,0.00974725370404425
9372,0.00917491482379252
9373,0.00859649762863104
9374,0.00698637604464235
9375,0.00442004721277014
9376,0.00170808462385627
9377,-0.000506347367806025
9378,-0.00211367700972132
9379,-0.0034002337408824
9380,-0.00471089032315626
9381,-0.00598948884846395
9382,-0.00665601931234469
9383,-0.0064086121894027
9384,-0.00626321850635679
9385,-0.00811424946667962
9386,-0.0126302483414105
9387,-0.0179107096513064
9388,-0.0209958309564366
9389,-0.0207636046707925
9390,-0.0187456721944458
9391,-0.0170039443951726
9392,-0.0159208670633291
9393,-0.0144785086074085
9394,-0.0120784914344171
9395,-0.00929016976766323
9396,-0.00695201461491538
9397,-0.00527079436925044
9398,-0.00395786923812952
9399,-0.00273514653780792
9400,-0.00149427472927239
9401,-0.000350945030531095
9402,0.000280007134481586
9403,0.000133040500880493
9404,-6.50969296384328E-05
9405,0.00129025737833595
9406,0.00503003758169072
9407,0.00978917587983998
9408,0.0129204312467187
9409,0.0130391006280688
9410,0.0112225697164704
9411,0.00951926069183951
9412,0.00875398716728961
9413,0.0081509747489636
9414,0.00670288925249891
9415,0.0043135179379543
9416,0.00166016833806329
9417,-0.000556321656968025
9418,-0.00210389064979292
9419,-0.00328181277013806
9420,-0.00456784124593471
9421,-0.00596293886943268
9422,-0.00677926315352253
9423,-0.00657832538858316
9424,-0.00637607062160668
9425,-0.00817890149989002
9426,-0.0127121133739737
9427,-0.0180004665747322
9428,-0.0209942473278219
9429,-0.0206163925642387
9430,-0.0185522852726252
9431,-0.0169389132203484
9432,-0.0160402684263937
9433,-0.0146440489286102
9434,-0.0121014381834804
9435,-0.00912814525007502
9436,-0.00673038268053058
9437,-0.00512269418287867
9438,-0.00389026691345816
9439,-0.00266205603909354
9440,-0.00135505176565686
9441,-0.000162291383354651
9442,0.000457307497108667
9443,0.000234460056648842
9444,-8.34840783119306E-05
9445,0.00117228515320841
9446,0.00492831870664256
9447,0.00985265138761805
9448,0.0132000331944716
9449,0.0134414195787365
9450,0.0116213676250542
9451,0.00988481405298438
9452,0.0091307394837761
9453,0.00853137448629375
9454,0.00699771964131396
9455,0.00447159057187158
9456,0.00175802315127881
9457,-0.000402760562009881
9458,-0.00189112641533222
9459,-0.00311603438274263
9460,-0.00450586681210768
9461,-0.0059212270150314
9462,-0.00663923593462971
9463,-0.0063372921099935
9464,-0.0061365069167019
9465,-0.00800846591109505
9466,-0.0125832348598149
9467,-0.0178766899476513
9468,-0.0209002389373184
9469,-0.0205662083218341
9470,-0.0184561549841917
9471,-0.0166741935692454
9472,-0.0156328631624918
9473,-0.0143074490073938
9474,-0.012032297712683
9475,-0.00928044819543352
9476,-0.00684532927952884
9477,-0.00499557770494674
9478,-0.00357508279144669
9479,-0.00239297933879099
9480,-0.00128893328519917
9481,-0.000231642055181728
9482,0.000440391452100429
9483,0.000369686621834215
9484,0.000144294774348303
9485,0.0013924986174788
9486,0.00512936617823109
9487,0.0100816595019848
9488,0.0134368231624401
9489,0.0135771416380878
9490,0.0115936374587448
9491,0.00979075863501339
9492,0.00915197436878739
9493,0.0087537468788026
9494,0.00734391292030836
9495,0.00480662913828574
9496,0.00201503090780349
9497,-0.000210814798769809
9498,-0.0017334476524792
9499,-0.00297704038055356
9500,-0.00437903863627896
9501,-0.00581101563555851
9502,-0.0065676819766287
9503,-0.00631991666192864
9504,-0.00614914676973479
9505,-0.00799888175148972
9506,-0.012517259354071
9507,-0.0177591683536102
9508,-0.0207581001959059
9509,-0.0204338620601046
9510,-0.0183687607741403
9511,-0.0166355503601106
9512,-0.0155795379099291
9513,-0.0141454840357226
9514,-0.0117458834945767
9515,-0.00898881864318593
9516,-0.00671639012318807
9517,-0.00509373367964398
9518,-0.00380437005297993
9519,-0.00258580392000129
9520,-0.00134456722029041
9521,-0.000185677804443205
9522,0.000459297450592826
9523,0.000256155538658607
9524,-9.03344099966027E-05
9525,0.00114159974155055
9526,0.00493538207712059
9527,0.00990500532796526
9528,0.0132006667560119
9529,0.0133044237815405
9530,0.0114025079140682
9531,0.00972818577153741
9532,0.00908843446704811
9533,0.00850251616954078
9534,0.00686853414532441
9535,0.00425856128931807
9536,0.0015678808655169
9537,-0.000516751095856531
9538,-0.0019738661831209
9539,-0.00322358677725991
9540,-0.00463094584103296
9541,-0.00601654774314712
9542,-0.00667503200373641
9543,-0.00631883933871522
9544,-0.00609500608434796
9545,-0.00799209079240783
9546,-0.0126308944294335
9547,-0.0179795606217633
9548,-0.0210077408131676
9549,-0.0206443179699955
9550,-0.018512345902922
9551,-0.0167028234632002
9552,-0.0155747648070546
9553,-0.0141171428226926
9554,-0.0117716403741601
9555,-0.00908414837004897
9556,-0.00677897003205679
9557,-0.00499329964508906
9558,-0.00353964544257267
9559,-0.00231280894716224
9560,-0.00121993055449042
9561,-0.000197608147650786
9562,0.000477987883077399
9563,0.000451081235173729
9564,0.00026299700050292
9565,0.00150742067574624
9566,0.00519028735600253
9567,0.0100447060340572
9568,0.0133003098851807
9569,0.0134190664135014
9570,0.0115329311222087
9571,0.00987565074974704
9572,0.0093032855889543
9573,0.00884453239607872
9574,0.00732176635778189
9575,0.00471402387009408
9576,0.00190801751886717
9577,-0.000325084650474644
9578,-0.00187549898249416
9579,-0.00314461221892108
9580,-0.00453272963302607
9581,-0.00589637815718445
9582,-0.00654744062768744
9583,-0.00620695397365317
9584,-0.00602125474305158
9585,-0.00796259582490719
9586,-0.0126328447882714
9587,-0.0179957856103607
9588,-0.0210234513241834
9589,-0.0206422502422797
9590,-0.0184858588764851
9591,-0.0166833399304414
9592,-0.0156143883262664
9593,-0.0142131917256139
9594,-0.011832293580726
9595,-0.00901836434275606
9596,-0.00661828802400416
9597,-0.00487008470518934
9598,-0.00352263197964004
9599,-0.002318257770693
9600,-0.00113828547143632
9601,-7.45484601803575E-05
9602,0.000463435281068288
9603,0.000199935092746942
9604,-0.000114981256340103
9605,0.00120144401618144
9606,0.00504066999452964
9607,0.00998253475755368
9608,0.0132314835126763
9609,0.0133164969971957
9610,0.011397196031989
9611,0.0096763785415593
9612,0.00901004601205183
9613,0.00848622820187095
9614,0.00696780271268453
9615,0.00440171991319242
9616,0.00162466719115263
9617,-0.000587248449943941
9618,-0.00208367247122832
9619,-0.00326353343934735
9620,-0.00457821245417073
9621,-0.00593025211073368
9622,-0.00662387924202729
9623,-0.00632972798188885
9624,-0.00614228599403251
9625,-0.00801513243774409
9626,-0.012581904009
9627,-0.0178717096944096
9628,-0.0208990192828904
9629,-0.020566967647003
9630,-0.0184553270533964
9631,-0.016685259951788
9632,-0.0156812026773985
9633,-0.0143914014291606
9634,-0.012104982780203
9635,-0.0093045569076461
9636,-0.00686835320998129
9637,-0.00512361021774926
9638,-0.0038355973652109
9639,-0.00265556004787409
9640,-0.00138735819700097
9641,-0.000168007508172815
9642,0.000478483368972443
9643,0.000231237780179703
9644,-0.000100299946446742
9645,0.00123251919214124
9646,0.00511048919133413
9647,0.010061887326467
9648,0.0132814734284632
9649,0.0133423881459296
9650,0.0114406429542633
9651,0.00976468120223357
9652,0.00912990023847296
9653,0.00860554689042171
9654,0.0070693602069725
9655,0.00449281636518198
9656,0.00172561259209113
9657,-0.000454620555897307
9658,-0.0019055868820551
9659,-0.00304478030647125
9660,-0.00434049324430277
9661,-0.00568784807596596
9662,-0.00636928203195058
9663,-0.00607161748069875
9664,-0.00595840879598021
9665,-0.00801794492722908
9666,-0.0127865967238522
9667,-0.0181247988391458
9668,-0.0210049945915562
9669,-0.0204952446068785
9670,-0.0183600362729966
9671,-0.0166919291032124
9672,-0.0157182616217119
9673,-0.0142954490538802
9674,-0.0118443077552694
9675,-0.00900310357255684
9676,-0.00662110685591622
9677,-0.00490231801016131
9678,-0.00361578093550435
9679,-0.00252759741997451
9680,-0.00143575879721555
9681,-0.000290907616218613
9682,0.00050769205631683
9683,0.000506605664220684
9684,0.000273449241847643
9685,0.00149097593685599
9686,0.0051873474250561
9687,0.0100383411429879
9688,0.0132481441248085
9689,0.0133339560440423
9690,0.0114661733053322
9691,0.00981604487465894
9692,0.00916025622726673
9693,0.00856622781897797
9694,0.00697928149341364
9695,0.0044169476646879
9696,0.00167394067324773
9697,-0.000546849874449282
9698,-0.00207189821348458
9699,-0.00322639755453487
9700,-0.00448509161760195
9701,-0.00585855073727705
9702,-0.00666920105649862
9703,-0.00646576883212734
9704,-0.00625511768578077
9705,-0.0080643491470584
9706,-0.0126362417284649
9707,-0.017974585319239
9708,-0.0209985708473422
9709,-0.0206235849081692
9710,-0.0185225036064873
9711,-0.0167974064128532
9712,-0.0157289663956037
9713,-0.0142283065516928
9714,-0.011762113319779
9715,-0.00898343745478415
9716,-0.00670361283335557
9717,-0.0050635678544998
9718,-0.00380051946019979
9719,-0.00269734700878776
9720,-0.00158500746213174
9721,-0.000434242293419885
9722,0.000350043775917573
9723,0.000323636370887799
9724,8.55807892623148E-05
9725,0.00135864625698023
9726,0.00517710600645258
9727,0.0101653950867442
9728,0.0134547850020757
9729,0.0135339226035308
9730,0.0116128881987789
9731,0.00992466730699564
9732,0.00926588213368867
9733,0.00867747036171988
9734,0.00709239906679906
9735,0.00456718969497197
9736,0.00192474232956854
9737,-0.000203731919274849
9738,-0.00177677461665262
9739,-0.0031370995836972
9740,-0.00457956615298045
9741,-0.00591582716582698
9742,-0.00650737223822169
9743,-0.00616276188685998
9744,-0.00605847383698272
9745,-0.00809312531520897
9746,-0.012758196594712
9747,-0.0179983627172945
9748,-0.0208966666690971
9749,-0.0205031256761451
9750,-0.018448824646761
9751,-0.0167495159991589
9752,-0.015702694214249
9753,-0.0142666286627609
9754,-0.0118537603839687
9755,-0.00902072971152065
9756,-0.00659762684772308
9757,-0.00484429259276594
9758,-0.00355328572662028
9759,-0.0024586580774186
9760,-0.00136958993375259
9761,-0.000310897365209441
9762,0.000317510964200672
9763,0.00020338193130683
9764,3.63076264997994E-05
9765,0.00142485852112658
9766,0.00521520916249518
9767,0.0100326193412089
9768,0.0132003152517614
9769,0.0133205333991026
9770,0.0114998123333771
9771,0.00983312928166583
9772,0.00914526202817154
9773,0.00858823734840473
9774,0.00708506417863494
9775,0.00457403543908674
9776,0.00184810126393442
9777,-0.000348215261502225
9778,-0.00188542086139367
9779,-0.00316210285297862
9780,-0.00456591256116743
9781,-0.00589352440568326
9782,-0.0064262437483015
9783,-0.00597057176914169
9784,-0.00579360503926396
9785,-0.00785683626493717
9786,-0.0126195954200962
9787,-0.0179557938338745
9788,-0.0209049455890256
9789,-0.0205002367974734
9790,-0.0183753588226296
9791,-0.0165894136029656
9792,-0.0155089036948068
9793,-0.0141159979468693
9794,-0.0117750259156515
9795,-0.00899430145085589
9796,-0.00661899205842954
9797,-0.00493820906501379
9798,-0.00370588393724969
9799,-0.00257918412296693
9800,-0.00136571764136355
9801,-0.000189952490579437
9802,0.00045953268729138
9803,0.00029087621872536
9804,7.79721778604394E-05
9805,0.00146390447781655
9806,0.00525280136770906
9807,0.0100301063005824
9808,0.0131404707349241
9809,0.0132319850476335
9810,0.0114144079947953
9811,0.00974817753962043
9812,0.00905145610212538
9813,0.00851833744422856
9814,0.00709094014241797
9815,0.00464120322647008
9816,0.001878115683762
9817,-0.000416458811614649
9818,-0.0019538203496083
9819,-0.00304992233585872
9820,-0.00423896131629771
9821,-0.00555418711711798
9822,-0.00631332777775697
9823,-0.00610927893303245
9824,-0.00602137729847717
9825,-0.0080678369627734
9826,-0.0128648483624544
9827,-0.018271488733383
9828,-0.021169103917556
9829,-0.020574410189132
9830,-0.018329831684373
9831,-0.0166523290823745
9832,-0.0157808130650497
9833,-0.0144456392065052
9834,-0.0119614436246901
9835,-0.009021995378132
9836,-0.00662245466164534
9837,-0.00499706483554567
9838,-0.00377101393775967
9839,-0.00258626913954905
9840,-0.00133243449987272
9841,-0.000173766040912336
9842,0.000445402567211318
9843,0.000285412881165335
9844,0.000120777249356868
9845,0.00155516971364174
9846,0.00534933957289681
9847,0.0100753441917483
9848,0.013119597627411
9849,0.0131977373271346
9850,0.0114260252891761
9851,0.00977758761249979
9852,0.00899441792053121
9853,0.00832750905840709
9854,0.00686736222191159
9855,0.00455323837124167
9856,0.00200174639186704
9857,-0.000149567355258337
9858,-0.00167021644090157
9859,-0.00284233790716752
9860,-0.0041565696062532
9861,-0.00562841910814023
9862,-0.00654908055390328
9863,-0.00644871110173463
9864,-0.0063320334025243
9865,-0.00819110867554868
9866,-0.0127214939645725
9867,-0.0179556043355349
9868,-0.0209108553113937
9869,-0.0205431570054637
9870,-0.0184571168279642
9871,-0.0167011781548809
9872,-0.0156206609247178
9873,-0.0142119408402934
9874,-0.0118942305055676
9875,-0.00917844709179057
9876,-0.00681572131710604
9877,-0.00501843161655323
9878,-0.00360872586444518
9879,-0.00239898980414328
9880,-0.00125563537595694
9881,-0.000199869621599998
9882,0.000412591563770908
9883,0.000304773407970796
9884,0.000160269076098541
9885,0.00155012409626147
9886,0.00529577442324968
9887,0.0100495459858801
9888,0.0131955366701556
9889,0.0133603026007947
9890,0.0115933356664327
9891,0.00990616177686145
9892,0.00911704308096704
9893,0.0084637488210287
9894,0.00693751343682856
9895,0.00443792239397477
9896,0.00168275130099719
9897,-0.000552057100616341
9898,-0.00200857373974766
9899,-0.00305327081621659
9900,-0.00425272389341498
9901,-0.00562483875833159
9902,-0.00643934520447609
9903,-0.00624108469070045
9904,-0.0060756644255408
9905,-0.00796024665934606
9906,-0.0125802309561488
9907,-0.0179203286381337
9908,-0.0209271975764703
9909,-0.020517966524918
9910,-0.0183507080850823
9911,-0.0165841225630348
9912,-0.015596036717659
9913,-0.0142701550115246
9914,-0.0118933417015114
9915,-0.00901149257424102
9916,-0.00657082649636442
9917,-0.00490973094744841
9918,-0.00373467801152951
9919,-0.00261989667737945
9920,-0.00135277673343406
9921,-0.00013188887950559
9922,0.000466571481650954
9923,0.000167817439931737
9924,-0.00012481592534772
9925,0.00133144663902255
9926,0.00527969153717921
9927,0.0101425817623762
9928,0.0131925193105703
9929,0.0131780123002734
9930,0.0113460053425143
9931,0.00975448311970742
9932,0.00908939525582405
9933,0.00845489585674693
9934,0.00686199449474561
9935,0.00433589268307894
9936,0.0016544347174875
9937,-0.000493054781085718
9938,-0.00197730763703824
9939,-0.00317240922738774
9940,-0.00450675464138672
9941,-0.00586702692110206
9942,-0.00655502770607282
9943,-0.00627878889420287
9944,-0.00618071123846193
9945,-0.00818187450061126
9946,-0.0127939850342821
9947,-0.0179785147638648
9948,-0.0208563601297055
9949,-0.0205021121090961
9950,-0.0185054367164709
9951,-0.0168126878703621
9952,-0.0157277465211959
9953,-0.0143039260611958
9954,-0.0120088614832273
9955,-0.00931305628750177
9956,-0.00690645264811307
9957,-0.00503559209276158
9958,-0.00363061694914026
9959,-0.00253513244975317
9960,-0.00150388159047308
9961,-0.000443686766813334
9962,0.000241213514751459
9963,0.000127558602833413
9964,-0.000112110269821476
9965,0.00127203653697091
9966,0.00521570864127744
9967,0.0101984842809306
9968,0.0133186374861589
9969,0.0131919966972013
9970,0.0111964535569154
9971,0.00961554551094665
9972,0.00914356489355653
9973,0.00867935291167615
9974,0.00710758434785011
9975,0.00454309720036539
9976,0.00187514398377244
9977,-0.000261489486454284
9978,-0.00184680790555888
9979,-0.00320929321192675
9980,-0.00461812978818048
9981,-0.00591435460015718
9982,-0.00652329811838867
9983,-0.00625395651644577
9984,-0.00619798608184108
9985,-0.00819174955608496
9986,-0.012774458073008
9987,-0.0179797006005789
9988,-0.0208953106455559
9989,-0.0204958911681039
9990,-0.018379237662387
9991,-0.0166202652511333
9992,-0.0155726208845281
9993,-0.0141632284259125
9994,-0.0117490752177782
9995,-0.00891517595704442
9996,-0.00656826083721478
9997,-0.00494384745035504
9998,-0.00367589028542215
9999,-0.00238488704637841
