T,AI2_filter1
0,-2.21988844330793E-21
1,-1.56562858451094E-06
2,-1.88923243662762E-06
3,9.58677547015211E-07
4,2.8841988297391E-06
5,-7.96775754603023E-07
6,-5.10453994581247E-06
7,-8.95108987428615E-07
8,7.57352082302695E-06
9,4.71037616823628E-06
10,-8.63927490189188E-06
11,-9.39563809119826E-06
12,9.14895630236642E-06
13,1.70035786753807E-05
14,-5.44380914033649E-06
15,-2.41119204815006E-05
16,-3.68614918295198E-07
17,3.40670058232921E-05
18,1.5297539231704E-05
19,-3.74183575253459E-05
20,-3.21151058187023E-05
21,3.87713929256487E-05
22,5.73505390393331E-05
23,-2.78191014411427E-05
24,-8.30003483221185E-05
25,6.59343625979151E-06
26,0.000110071332556161
27,3.17183331081398E-05
28,-0.000130769144329719
29,-8.79365633582753E-05
30,0.000140532297001159
31,0.000166850408910954
32,-0.0001308052665905
33,-0.000276616440503105
34,9.03328759890625E-05
35,0.000445252835170839
36,5.22931934021105E-06
37,-0.000801111810929824
38,-0.00025320550910271
39,0.00269806700910127
40,0.00677986194345464
41,0.00939656809010291
42,0.00919830385327841
43,0.00707059377514163
44,0.0046267762938216
45,0.00251456048042872
46,0.000535816572616748
47,-0.00133183585492708
48,-0.00283579523676788
49,-0.00404498070468349
50,-0.00519915716482316
51,-0.00600460070172396
52,-0.00597044690126621
53,-0.00572757988962453
54,-0.0071209646894616
55,-0.0111703569731118
56,-0.0163287584617262
57,-0.0196634723760267
58,-0.0198106266623092
59,-0.0180681197705867
60,-0.0164563566029707
61,-0.0154848820212262
62,-0.0142836173499374
63,-0.0122706907468036
64,-0.00985331198402231
65,-0.00765202004648918
66,-0.00582215542558369
67,-0.00428996564504568
68,-0.00306340183230117
69,-0.00205607742898356
70,-0.00108214171042026
71,-0.000305136123498201
72,-0.000170294358774865
73,-0.000404299022619664
74,0.000446239954161561
75,0.00362189664456689
76,0.00828591122267568
77,0.0118407279680165
78,0.0124853516436586
79,0.0109694132142216
80,0.00942066497653067
81,0.00888010796631209
82,0.00856942947303806
83,0.00732171926483456
84,0.00500471568420966
85,0.00239062569124743
86,0.000191531399786042
87,-0.00144089399459483
88,-0.00275939578110285
89,-0.00405626457562168
90,-0.00529512148540406
91,-0.00600642417937142
92,-0.00589158760394509
93,-0.00573795151757712
94,-0.00723599033086064
95,-0.0112377481826027
96,-0.0163163148581156
97,-0.0197362497070929
98,-0.0200656417067149
99,-0.0183687573250488
100,-0.0166392938085977
101,-0.0156086238116665
102,-0.0145276002252743
103,-0.0126414741635497
104,-0.0101401792176918
105,-0.00769197525428025
106,-0.00569894178156658
107,-0.00421411398149178
108,-0.00312410448624116
109,-0.00216423234424483
110,-0.0011239454854491
111,-0.000271821987879928
112,-0.000130826924254972
113,-0.000418063600117386
114,0.000357810495921519
115,0.00346413291099112
116,0.00809785245271049
117,0.0116890164188216
118,0.0124025797373724
119,0.0109030551428506
120,0.00929344943001502
121,0.00871088912623994
122,0.00848150309843301
123,0.00740604019855853
124,0.00520410464165831
125,0.00255778411389029
126,0.000243179812264129
127,-0.00146565764648089
128,-0.00278499428952241
129,-0.00406956069576808
130,-0.00534511666504241
131,-0.0061278205565396
132,-0.0060407130783209
133,-0.00580051270602805
134,-0.0071189360838652
135,-0.0109851051907711
136,-0.016116719950429
137,-0.0197554970598141
138,-0.0202543578300059
139,-0.0184893292961602
140,-0.0165140851910194
141,-0.0152970441107594
142,-0.0142217397372059
143,-0.0124449401097916
144,-0.0100237995423399
145,-0.00762359521829726
146,-0.00569617923277354
147,-0.00424271210236159
148,-0.0030532847499093
149,-0.00190732242562515
150,-0.00077351434728097
151,-1.38692340720331E-05
152,-4.50838799194305E-05
153,-0.000433152780877893
154,0.000330603204303594
155,0.00344414477674971
156,0.00810000716113784
157,0.0117838103538311
158,0.0126411767511886
159,0.0112212707082372
160,0.00955734283572309
161,0.00884915729688476
162,0.00852509803441591
163,0.0074061130909926
164,0.00517308340064055
165,0.00251239868656147
166,0.000253132498545502
167,-0.00133030921846165
168,-0.00255184790233974
169,-0.00386772822766923
170,-0.00528419370198483
171,-0.00618149613327895
172,-0.00607012889087491
173,-0.0056968491413198
174,-0.0069047527418676
175,-0.0107633592221386
176,-0.0159421206719549
177,-0.0195943863951818
178,-0.0200714306528728
179,-0.0183210939801166
180,-0.0164190597655614
181,-0.0152627009693993
182,-0.0141703668965428
183,-0.0123218761648745
184,-0.0098327203038818
185,-0.00738433303261891
186,-0.00543319007150905
187,-0.00403138638038561
188,-0.00300235793154429
189,-0.00203502714187037
190,-0.000944359562211449
191,-6.82888971871708E-05
192,2.52971846472712E-05
193,-0.000359378335301175
194,0.000341422319110847
195,0.0034584908746624
196,0.00818726797834769
197,0.0118931242103983
198,0.0126753281459437
199,0.0111867189752165
200,0.00956410151229398
201,0.00897343888608256
202,0.00873621822630357
203,0.00762548805572973
204,0.00533553090016365
205,0.00255263723921634
206,0.000107974024467248
207,-0.00163956117780679
208,-0.00286739668234188
209,-0.00399388779597128
210,-0.00516046760817558
211,-0.00593751487012945
212,-0.00590482728278648
213,-0.00571765325369094
214,-0.00707534516419649
215,-0.010969354649824
216,-0.016086127115133
217,-0.0196511099365482
218,-0.0200898076140207
219,-0.0183873505331738
220,-0.0165989001264223
221,-0.0155525345706408
222,-0.0144924259157102
223,-0.0125788809954189
224,-0.00998651525595823
225,-0.00748499487198913
226,-0.0055602317179702
227,-0.0042068081080356
228,-0.00317957728783412
229,-0.00217714371454746
230,-0.00108292096966181
231,-0.000259464136051813
232,-0.000216142310839318
233,-0.000589040357370616
234,0.000166323095641445
235,0.00331484032504218
236,0.00802170550672915
237,0.0116697723029359
238,0.0123796876820963
239,0.0108261010694273
240,0.00919112736560633
241,0.00867292010192038
242,0.00854957586275331
243,0.00751429752711345
244,0.00526561445689997
245,0.00258513561413004
246,0.00033318726664945
247,-0.00126440367415682
248,-0.00253514181821921
249,-0.00386046929509758
250,-0.005191123146276
251,-0.00598636591516855
252,-0.00590028730423995
253,-0.0057006607604931
254,-0.0070807434459218
255,-0.010958892404993
256,-0.0160169431203436
257,-0.0195377229197427
258,-0.0199557483057375
259,-0.0182064582327178
260,-0.016341159885662
261,-0.0152652697222316
262,-0.0142839035355778
263,-0.0125222810487726
264,-0.0100729811349512
265,-0.00765968133469774
266,-0.00576045887166772
267,-0.00436489945172136
268,-0.00323666302911455
269,-0.00211881162712806
270,-0.000938829796806947
271,-5.6840955812394E-05
272,3.30728280782943E-05
273,-0.000337215160507672
274,0.000332687018334201
275,0.003354370667317
276,0.00802747582469854
277,0.0118036331796963
278,0.0126965061014709
279,0.0112024261291315
280,0.00946086262039795
281,0.00880775383197743
282,0.00866041979223316
283,0.00768033185667311
284,0.00541841631635917
285,0.00260217762771689
286,0.000218604600187073
287,-0.00135372235501945
288,-0.0024674227050824
289,-0.00369193513215414
290,-0.00510463237004218
291,-0.00607854682793679
292,-0.00607985266011392
293,-0.00580829649119822
294,-0.0070590005438388
295,-0.010871534529678
296,-0.0159478128702954
297,-0.0195353684606314
298,-0.0200592348850952
299,-0.0184395779148974
300,-0.0166475614235395
301,-0.0155084204769397
302,-0.0143646599496124
303,-0.0124696840214151
304,-0.00997367072247136
305,-0.00753103774489534
306,-0.00555967920727887
307,-0.00411180079326149
308,-0.00304157802901614
309,-0.00205399897423624
310,-0.000941955214885412
311,-1.72356085483101E-05
312,0.000128435849549939
313,-0.000274024456109247
314,0.000297782695812214
315,0.00324307130848849
316,0.00789737940808982
317,0.0116967094940746
318,0.0126533008503172
319,0.0112576886664906
320,0.0095773666927106
321,0.00886436886164733
322,0.00857379622033565
323,0.00751741742424629
324,0.00531931827353809
325,0.00259517761817804
326,0.000193238346874193
327,-0.00146186898560665
328,-0.00254516547236883
329,-0.00357762161329902
330,-0.00480649833502411
331,-0.00576910792747252
332,-0.00586926269671004
333,-0.00561657210678976
334,-0.00676009734994717
335,-0.010489590306428
336,-0.0156243411310681
337,-0.0193297347963558
338,-0.0198764445062827
339,-0.018172937912569
340,-0.016310408231033
341,-0.015178390578663
342,-0.0140664169845633
343,-0.0121940869683109
344,-0.00977792355994469
345,-0.00750595324175737
346,-0.00566523121003181
347,-0.00413739949289195
348,-0.00281436570300155
349,-0.00165082827017978
350,-0.000608812786716246
351,0.000120964559091077
352,0.000194288684988988
353,-9.77487465054849E-05
354,0.000597762133712885
355,0.00354048931114873
356,0.00813151686852906
357,0.0119390035060577
358,0.0129602590625874
359,0.011561132452967
360,0.00978632693343631
361,0.00901891758559873
362,0.00881476893303628
363,0.00791545720312307
364,0.00580162209302993
365,0.00304228496839192
366,0.000538709745441628
367,-0.00124398283142677
368,-0.00247291489485352
369,-0.00361500122770221
370,-0.00482832636509409
371,-0.00565369288717086
372,-0.00563104263996408
373,-0.00538850865261877
374,-0.00663148026381995
375,-0.0104155311591692
376,-0.0155222203181622
377,-0.0192131163533813
378,-0.019839148614151
379,-0.0182640760358027
380,-0.0164864367940539
381,-0.0153802606812229
382,-0.0142829625631686
383,-0.0124153062880007
384,-0.00992938185345772
385,-0.00749893547098912
386,-0.00552406498902941
387,-0.00402611533968814
388,-0.0028867037708859
389,-0.00187960202356799
390,-0.00080818809092411
391,8.29817923101281E-05
392,0.000240727868514421
393,-0.000156245845957286
394,0.000366165304757793
395,0.00326589199623096
396,0.00797251102360361
397,0.0118984839435411
398,0.0129235127780396
399,0.0114734540805834
400,0.00970509893683529
401,0.00898181998855457
402,0.00874476611863889
403,0.00771926593345023
404,0.00552010036060224
405,0.00282846009328741
406,0.000483648412374875
407,-0.00121233412058993
408,-0.00250474145813683
409,-0.00379089608302595
410,-0.00511473564788284
411,-0.00597268171734071
412,-0.00594026788816717
413,-0.00569727259813552
414,-0.00696165572274319
415,-0.0107603945747014
416,-0.0158476124658129
417,-0.0194961226363833
418,-0.0200875217371967
419,-0.0184797910313268
420,-0.01662989081552
421,-0.0154162586329758
422,-0.0142689573935657
423,-0.012490848477591
424,-0.0101785975434106
425,-0.00785213276716958
426,-0.00584002610392783
427,-0.00425239732764226
428,-0.00308498267879961
429,-0.00210020634769666
430,-0.00101056682529158
431,-4.49211905969236E-05
432,0.000159291567527342
433,-0.000271691388184052
434,0.000194418430066007
435,0.00309769645030574
436,0.00786065849103249
437,0.0118220938853787
438,0.0128304086976185
439,0.0113613343337478
440,0.00963298966615637
441,0.00900856028889843
442,0.00887234197701942
443,0.00789184460655305
444,0.00566318657115948
445,0.00288960232861503
446,0.000453491911857957
447,-0.00129822576737226
448,-0.00258130136917601
449,-0.00379892245947511
450,-0.00504430311705111
451,-0.00587070526938077
452,-0.00585484993050643
453,-0.00561413172243378
454,-0.00682960317000389
455,-0.0105944878436763
456,-0.0157614810777383
457,-0.0195809849151736
458,-0.0202852310662607
459,-0.0186483957032251
460,-0.0167360547647018
461,-0.0155774983883772
462,-0.0145659715780259
463,-0.0128207507470472
464,-0.0103801234393714
465,-0.00792897919653908
466,-0.00594902249979733
467,-0.00447124735270138
468,-0.00330828848628188
469,-0.00221574355645722
470,-0.00108362509032373
471,-0.000234694262878173
472,-0.000179708905792456
473,-0.000628350125970474
474,-6.10049096244569E-05
475,0.00292512825468174
476,0.00768756416511147
477,0.0116143137076202
478,0.0125906884944637
479,0.011055378224644
480,0.00920802111195914
481,0.00849221552646868
482,0.00840259711837337
483,0.00761298597789141
484,0.00559026150509423
485,0.00288212876538485
486,0.000334049816071012
487,-0.00158220806771948
488,-0.00291142702928582
489,-0.00401791637099465
490,-0.00513059832338497
491,-0.00594404108477874
492,-0.00599808978186303
493,-0.00574918473472431
494,-0.00682496192946762
495,-0.0104544148556456
496,-0.0156218218500219
497,-0.0195219518629746
498,-0.0202469696750963
499,-0.0185689061021005
500,-0.0166788784288895
501,-0.0156337492204827
502,-0.0146832112440868
503,-0.0128421335401696
504,-0.0102535650266466
505,-0.00777325905797673
506,-0.00587900774298531
507,-0.00444971994280931
508,-0.00323614755634542
509,-0.00209373199719362
510,-0.000982564752881189
511,-0.000137252439353882
512,2.53364567096776E-05
513,-0.000294622394543652
514,0.000239812349651288
515,0.00301993738245688
516,0.00761718452663563
517,0.0116154015710604
518,0.0128597276278864
519,0.0115851532420909
520,0.00984865772706434
521,0.00910008891231976
522,0.00889921555419154
523,0.00796759444285957
524,0.00582881205723998
525,0.00311218683426186
526,0.000688659999518376
527,-0.00107050595595896
528,-0.00236299674776967
529,-0.00360292943785957
530,-0.00492130717699834
531,-0.0058857626523137
532,-0.00600022114416306
533,-0.0057527350151467
534,-0.00677929658559197
535,-0.0103033144573821
536,-0.0153822530821603
537,-0.019342259966504
538,-0.0202828533724111
539,-0.0187640778178362
540,-0.0167517681965938
541,-0.0153728549899776
542,-0.014227547549235
543,-0.0125658584702993
544,-0.0103517067838734
545,-0.00805303068772509
546,-0.00601721506062107
547,-0.00437404661386215
548,-0.00314607426088674
549,-0.00214159415075702
550,-0.00107819722086925
551,-0.000118488624043817
552,0.000144107169780553
553,-0.000231151120263096
554,0.000191556082797564
555,0.00298160606221758
556,0.00770260730623184
557,0.0117582553490537
558,0.0128904103584221
559,0.0114343603385643
560,0.00961286169123682
561,0.00892460998573206
562,0.00885462682018743
563,0.00803390031864406
564,0.00593581611824945
565,0.00316937191493169
566,0.000625079209323366
567,-0.00124537122113991
568,-0.0025492636764923
569,-0.00369824238617999
570,-0.00491619517917112
571,-0.00584328581577575
572,-0.00594695256437925
573,-0.00563693131731008
574,-0.00655933144108389
575,-0.0100375409847472
576,-0.0151795305050641
577,-0.0192345757159837
578,-0.020207562330675
579,-0.0186940487032162
580,-0.0167842099624678
581,-0.0156176623178398
582,-0.0146188491608859
583,-0.0128667503885357
584,-0.0103902537288577
585,-0.00790933327686941
586,-0.00591793792870357
587,-0.00442598825069447
588,-0.00324665709490203
589,-0.0021586936932699
590,-0.00103353651827348
591,-0.000132913999726842
592,3.46094930664542E-05
593,-0.000344666500424989
594,0.000155665333205042
595,0.00300148587390783
596,0.00772825549213358
597,0.0118139779653267
598,0.0130356028615698
599,0.011646681279764
600,0.00977523779500445
601,0.00893619965385893
602,0.00871243424963542
603,0.00780207973254346
604,0.005684157387084
605,0.00296139970335081
606,0.000516385736781146
607,-0.00124831182434308
608,-0.00251092766462766
609,-0.00368994935765372
610,-0.00493795029688622
611,-0.005853914838577
612,-0.00597062676064107
613,-0.00577872329745717
614,-0.00687633844859867
615,-0.0104339702549307
616,-0.0154914556216194
617,-0.0194181932547279
618,-0.0203907083086391
619,-0.0190149153885947
620,-0.0172139253645073
621,-0.0159852596659598
622,-0.01480429089739
623,-0.0129235272887118
624,-0.0104615023609734
625,-0.00805748752972139
626,-0.00608102618197315
627,-0.00453305501679637
628,-0.00332375636576802
629,-0.00228819282590856
630,-0.00123927306739696
631,-0.000358428637980243
632,-0.000168351802727714
633,-0.000563280822190749
634,-0.000137966345912805
635,0.00264661621886483
636,0.00738648570989799
637,0.0115195018117437
638,0.0127403278594387
639,0.0112934575080339
640,0.00937552099735536
641,0.00854688786167779
642,0.00836362571092353
643,0.00749041607217143
644,0.00542659353812776
645,0.00280437654635702
646,0.000468906211903985
647,-0.00125720480603466
648,-0.00257512850954164
649,-0.00383820421410325
650,-0.00512633430356775
651,-0.00602662499824021
652,-0.00608482513403132
653,-0.00577185967660231
654,-0.00667772816067005
655,-0.010064549429918
656,-0.0151204098168026
657,-0.0192398339222603
658,-0.0204180036183817
659,-0.0190484788184544
660,-0.0170582294537084
661,-0.0156607059446211
662,-0.014496546617796
663,-0.0127583712428403
664,-0.0104103017376574
665,-0.00806104290845337
666,-0.0061575221057354
667,-0.00470231772315892
668,-0.00350384895387395
669,-0.00237152011565952
670,-0.00124221980146718
671,-0.000390474459921754
672,-0.000256090592316089
673,-0.000624105498520525
674,-0.000166140481982634
675,0.00249550991725822
676,0.00700443531914555
677,0.0110550477809759
678,0.0124516688950652
679,0.0112176326585516
680,0.00930747325908481
681,0.00838372621259261
682,0.00830068881759089
683,0.00774334243925567
684,0.00586498439891386
685,0.00304909159821983
686,0.00035061117151436
687,-0.00150893446376171
688,-0.00266459053437032
689,-0.00378088717275549
690,-0.00516123552889133
691,-0.0062369799792574
692,-0.00629081997477677
693,-0.00582648859687547
694,-0.00670446226482967
695,-0.0102817251485738
696,-0.0155117934819693
697,-0.0195551327113068
698,-0.0205129617037051
699,-0.0190933006075099
700,-0.0173322461379779
701,-0.0162187530778771
702,-0.0151398456254642
703,-0.01329738154291
704,-0.0108339389643797
705,-0.00842709717891077
706,-0.00644425628789795
707,-0.00486642978134691
708,-0.00361866439738116
709,-0.00258069678439349
710,-0.00157288228854751
711,-0.000718042325423294
712,-0.000488612765016503
713,-0.000827706369005576
714,-0.000439689216995399
715,0.00219660277705545
716,0.00681710483239241
717,0.0110132514855106
718,0.0124560931031833
719,0.0112126975806206
720,0.00937113671077411
721,0.0085726740682645
722,0.00849306558293149
723,0.00775110661122071
724,0.00568352711362191
725,0.00288607002878807
726,0.000375884956458302
727,-0.00135984376899038
728,-0.00258718794312845
729,-0.0038657103141262
730,-0.00533727052962721
731,-0.00641361439512153
732,-0.00645558589842087
733,-0.00598140852390352
734,-0.00679736479839648
735,-0.0102748600762109
736,-0.0154793529867728
737,-0.0196243146654373
738,-0.0206953676714411
739,-0.0192434910303749
740,-0.0173129992434517
741,-0.0160635725658153
742,-0.0149988051945599
743,-0.0132481668565479
744,-0.0108129458535625
745,-0.00834874489954255
746,-0.00631040763817962
747,-0.00470866197035294
748,-0.00338618526372153
749,-0.00217369491670346
750,-0.000995397461265112
751,-0.000127456493716364
752,-4.92551937433772E-05
753,-0.000545615166955859
754,-0.00018153625508895
755,0.00254298868754935
756,0.00724761437790865
757,0.0114632250031423
758,0.0128901992809282
759,0.0116274407597519
760,0.00974071491819007
761,0.00884425615501925
762,0.00865164110226582
763,0.00786826888914921
764,0.0058798838901516
765,0.00323411009607462
766,0.000837354882110343
767,-0.000897822954728104
768,-0.00220442073306692
769,-0.00353400871286267
770,-0.00495893679294707
771,-0.00593621811055308
772,-0.00593311985785432
773,-0.00551002912806213
774,-0.00640246514733126
775,-0.00988613354669247
776,-0.0150199967650075
777,-0.0191042846366146
778,-0.0202015364107893
779,-0.0188467520088765
780,-0.0170011441914778
781,-0.01576798779869
782,-0.0146739410316677
783,-0.0129092191470836
784,-0.0104925926009417
785,-0.00804049852522174
786,-0.00599105369180053
787,-0.0044246058615319
788,-0.0032672373357957
789,-0.00229805922972505
790,-0.00124302751980484
791,-0.000240135267691963
792,0.000114551067857069
793,-0.000242927511202023
794,-9.68965793825114E-06
795,0.00248131188937005
796,0.00711671752332814
797,0.0114949758825933
798,0.0131455088693041
799,0.0119831658086608
800,0.0100603583113883
801,0.00910223356007119
802,0.00890075408369056
803,0.00813793470389515
804,0.00612299734488922
805,0.00335836817128935
806,0.000793349201710876
807,-0.00103829705838258
808,-0.00227605334472333
809,-0.00343109102705196
810,-0.00476427242197571
811,-0.00584638583553523
812,-0.00603609576250297
813,-0.00568742999509817
814,-0.00649067842395693
815,-0.00988313519141274
816,-0.0150625719307209
817,-0.0192652278880389
818,-0.0204040881605653
819,-0.0190013264754698
820,-0.0171352540554223
821,-0.0159493918651551
822,-0.0148605511565149
823,-0.0129768618162101
824,-0.0104126054532227
825,-0.00793532060872794
826,-0.00596762812062138
827,-0.00441730212285625
828,-0.00312029102144973
829,-0.00198161031982316
830,-0.000913799251141736
831,-7.23137126151779E-05
832,0.000106512576523085
833,-0.000297952209814263
834,6.23974056238494E-06
835,0.00257230082208623
836,0.00719852597985937
837,0.0114808976372188
838,0.0130107548581632
839,0.0117776061057864
840,0.00986205805773264
841,0.00894119846587084
842,0.00873789782067536
843,0.00794565751579145
844,0.00596840582622719
845,0.00334406091834239
846,0.000903394734181794
847,-0.000962846796945928
848,-0.00235008056230909
849,-0.00356630084788954
850,-0.00478363339043467
851,-0.00573838024800968
852,-0.00598033216240492
853,-0.0057871736459815
854,-0.00658649529530198
855,-0.00974152409923306
856,-0.0147017634879296
857,-0.0189597710055274
858,-0.0203427083168223
859,-0.0190607942425154
860,-0.0170742932409968
861,-0.0157446481356089
862,-0.0147261086584621
863,-0.0130672045072139
864,-0.0106368048369935
865,-0.00811502211137629
866,-0.00607586302787375
867,-0.00456037669420613
868,-0.00333381977811649
869,-0.00216952477135958
870,-0.00100605145005868
871,-0.000137613060048131
872,-3.51618672774669E-05
873,-0.000510806283881365
874,-0.000203700816473699
875,0.00237358897871359
876,0.00695973071590879
877,0.0112221873681949
878,0.0128397055334749
879,0.0117386408437446
880,0.00986416461637793
881,0.00890183937930963
882,0.00872391288197241
883,0.00807475842957248
884,0.00621474721113444
885,0.00356335298623572
886,0.00104804584713324
887,-0.000781745386862528
888,-0.0020629544801961
889,-0.00328732079356768
890,-0.00465103447063562
891,-0.00569056970544086
892,-0.00583033792785538
893,-0.00550679793864783
894,-0.00637616850192918
895,-0.00976533238682531
896,-0.0148607050339761
897,-0.0190204690127276
898,-0.020232735049779
899,-0.0189247949836991
900,-0.0170419228851547
901,-0.0157507712771433
902,-0.014616972219068
903,-0.0128224599278982
904,-0.0104005744815432
905,-0.00801025329771105
906,-0.00606408079245964
907,-0.00452904762991499
908,-0.00327244158351579
909,-0.00217374362731533
910,-0.00109789860150077
911,-0.000172385999718996
912,0.00013312607615472
913,-0.000210792363641186
914,-1.10026805243079E-05
915,0.00233700380652436
916,0.00683261060428288
917,0.0112116276254885
918,0.0129637796324501
919,0.0118492581422511
920,0.00988015310504206
921,0.00890215051181047
922,0.00879883307834496
923,0.008186628677262
924,0.00625784677519379
925,0.0034942543848566
926,0.000900336925489442
927,-0.000964512960209664
928,-0.00224873154769462
929,-0.00344480102504473
930,-0.00477893101137194
931,-0.00583149948162036
932,-0.00598797530774537
933,-0.00556756073559254
934,-0.00620192702056678
935,-0.00938625503175021
936,-0.0144991219784836
937,-0.0188713513156732
938,-0.0202643850122696
939,-0.018950006797012
940,-0.0169561736033523
941,-0.015636264077527
942,-0.0146147153535642
943,-0.0129634256163665
944,-0.0105949218166384
945,-0.00816701037554697
946,-0.00617149970388462
947,-0.00460971488650581
948,-0.00329939689703452
949,-0.00208083841371995
950,-0.000883107796177245
951,5.67627631737582E-05
952,0.000269850530599775
953,-0.000131830201473077
954,0.00015142231287213
955,0.00264157699819618
956,0.00717506370475568
957,0.0114839924810046
958,0.0132249887893435
959,0.0122355946554794
960,0.0103648396150526
961,0.00926771241634197
962,0.00889594706724465
963,0.00812892549215762
964,0.00627976108579493
965,0.00367444612133829
966,0.00112264405713554
967,-0.000804956847692589
968,-0.0021217118328419
969,-0.00329540683060544
970,-0.00465419389662885
971,-0.00581260780134016
972,-0.00604855729240227
973,-0.00559452215999405
974,-0.00615275132850138
975,-0.00934405097551623
976,-0.0145481597644241
977,-0.0189848106152601
978,-0.020363679274307
979,-0.0190304726847814
980,-0.0170872125247631
981,-0.015846098914895
982,-0.0148381387227868
983,-0.0131187792942187
984,-0.0106629761649349
985,-0.00817141044673565
986,-0.00613770562346722
987,-0.00459872345844971
988,-0.00343900463509811
989,-0.00246153272809691
990,-0.00140018705432941
991,-0.000332097398286106
992,0.000165611668277561
993,-9.29855856430356E-05
994,5.49697913265581E-05
995,0.00232790867493823
996,0.00683025855001056
997,0.0112784627222629
998,0.0130721579160376
999,0.0119288382114554
1000,0.00989018178034136
1001,0.0088394566165959
1002,0.00867111681875087
1003,0.00801855815954345
1004,0.00611601949780572
1005,0.00346090335560464
1006,0.000991074385365303
1007,-0.00084249425569841
1008,-0.00222198344034393
1009,-0.00354718912395037
1010,-0.00492138845469056
1011,-0.00590928115041549
1012,-0.00599442710325768
1013,-0.00557781935348446
1014,-0.00626795588510268
1015,-0.00949449005084091
1016,-0.0146305822206735
1017,-0.0190508060677094
1018,-0.0205255068951154
1019,-0.0192911455104734
1020,-0.0173630936016677
1021,-0.0161122530716181
1022,-0.0151417579375673
1023,-0.0134575770133822
1024,-0.0109615598890753
1025,-0.00840223329933366
1026,-0.00635968203361591
1027,-0.00482219915995828
1028,-0.00355692013690498
1029,-0.00242337229235086
1030,-0.00138661245909262
1031,-0.000605372472177101
1032,-0.000402615593449772
1033,-0.00065768081428802
1034,-0.00024582794577494
1035,0.00221832140203793
1036,0.00664942397627365
1037,0.0109387324076827
1038,0.012753881744524
1039,0.011826937422432
1040,0.0100030516015924
1041,0.00905718346357824
1042,0.00896234583163784
1043,0.00842926377012846
1044,0.00663051619443387
1045,0.00397310853922596
1046,0.00142652578034574
1047,-0.000446665704405233
1048,-0.00178464200463439
1049,-0.0030396523766158
1050,-0.00436867943741325
1051,-0.00534227962996515
1052,-0.00544353187846523
1053,-0.00508333502306538
1054,-0.00584140045085759
1055,-0.00907288716360127
1056,-0.0141175738250074
1057,-0.0184187366582623
1058,-0.0198424089216787
1059,-0.0186260472919238
1060,-0.0166915717510106
1061,-0.0153490034088717
1062,-0.0142614721930976
1063,-0.0125544442858867
1064,-0.0101785887978581
1065,-0.00781123405638472
1066,-0.00591200815256347
1067,-0.00440048829743849
1068,-0.00306298885755033
1069,-0.00182489243397698
1070,-0.000704382714434681
1071,0.000120574777710613
1072,0.000317434853883602
1073,-1.91517702412906E-05
1074,0.000209699335762256
1075,0.00241765127775058
1076,0.00662627780099125
1077,0.0108479346249388
1078,0.0127646485845744
1079,0.0119653950157026
1080,0.0101080235896713
1081,0.00892975036922635
1082,0.008576760989386
1083,0.00796687852588509
1084,0.0062793666357065
1085,0.00372721705291263
1086,0.00113595170550275
1087,-0.000848158430513617
1088,-0.00219370924880217
1089,-0.00336289108756065
1090,-0.00469775147427387
1091,-0.00583680675809084
1092,-0.00605943718247758
1093,-0.00554971640116468
1094,-0.00597418483153916
1095,-0.00903147081384008
1096,-0.0142509681498371
1097,-0.0188806791147135
1098,-0.0204529486818158
1099,-0.0191249253704277
1100,-0.0170374454447202
1101,-0.0157136894668483
1102,-0.0147870832304831
1103,-0.0132001881786959
1104,-0.0108042945330196
1105,-0.0083428287556276
1106,-0.00638839620556644
1107,-0.00488845448267089
1108,-0.00356838019538176
1109,-0.00229439611251357
1110,-0.0010944559869996
1111,-0.000206759388666478
1112,-3.64679364277574E-07
1113,-0.000343832964207106
1114,-5.67493393397578E-05
1115,0.00231588332959744
1116,0.00673920225342275
1117,0.0111059854709191
1118,0.0130191571607816
1119,0.0121047684406538
1120,0.0101385519953165
1121,0.00893372891548089
1122,0.00859098906127929
1123,0.00792803445104416
1124,0.00611398754317468
1125,0.00347134134683524
1126,0.000910975469766848
1127,-0.000987615569037551
1128,-0.0023280823983819
1129,-0.00358201511427481
1130,-0.00495670105366928
1131,-0.00601406498382407
1132,-0.00614173789938221
1133,-0.0056648164455126
1134,-0.00620501518468058
1135,-0.00927627676446177
1136,-0.0143421097221913
1137,-0.0188040262042762
1138,-0.0203637307873816
1139,-0.0191464611769835
1140,-0.017122512770875
1141,-0.0157369025674186
1142,-0.0147101266431523
1143,-0.0130820077966375
1144,-0.0106723850289913
1145,-0.00813048734943105
1146,-0.00603304365600572
1147,-0.00445618291405429
1148,-0.00322733798555897
1149,-0.00214492218418616
1150,-0.00105075281281697
1151,-8.61141289785206E-05
1152,0.000261763567386853
1153,-8.31831568438044E-05
1154,1.42925152914329E-05
1155,0.00219897978148906
1156,0.00664629643904636
1157,0.0112339838335278
1158,0.0133533837750789
1159,0.0124818117202875
1160,0.0104638970070804
1161,0.00927536893425666
1162,0.00906156922673326
1163,0.00853545228444298
1164,0.00675819780741642
1165,0.00406007971861703
1166,0.00144812351537853
1167,-0.00041748016069241
1168,-0.00164718304137835
1169,-0.00280082563926798
1170,-0.00417521307360045
1171,-0.00532136927545662
1172,-0.00550499337699154
1173,-0.00494734762602345
1174,-0.00532160886738373
1175,-0.00830325087416317
1176,-0.0134305568660139
1177,-0.0180017634130612
1178,-0.0195871264488144
1179,-0.0183410375333844
1180,-0.0163807524389491
1181,-0.0151965251631183
1182,-0.0143677347279412
1183,-0.0127812477262889
1184,-0.010283041224565
1185,-0.00767608010288818
1186,-0.0056102557620435
1187,-0.00408460269930496
1188,-0.00284480512914278
1189,-0.00173324311665517
1190,-0.000687935408212703
1191,0.000158826326638456
1192,0.000436824951501353
1193,0.000135539661979625
1194,0.000310493008335495
1195,0.00248624462890426
1196,0.00683483685654954
1197,0.0113447476361938
1198,0.0134819487337567
1199,0.0126718541437638
1200,0.0106612704720008
1201,0.0094159058901983
1202,0.00917037573718009
1203,0.00870809546694902
1204,0.00704357886275165
1205,0.0043777578850717
1206,0.0016349730201227
1207,-0.000468649590382912
1208,-0.00188053456092114
1209,-0.00302559800831115
1210,-0.00422164464217971
1211,-0.00519624905218361
1212,-0.00539329683013046
1213,-0.00503422381895708
1214,-0.00559774244181505
1215,-0.00856975700716254
1216,-0.013526067072491
1217,-0.0180098964733524
1218,-0.0197643159875095
1219,-0.0188124100729277
1220,-0.0169535458364428
1221,-0.0155402496898498
1222,-0.0143761197445838
1223,-0.0126885525560872
1224,-0.0103930764107529
1225,-0.00804388283628814
1226,-0.00606147574072614
1227,-0.00449759937689831
1228,-0.00327657650226808
1229,-0.00222221244222981
1230,-0.0010582014500516
1231,0.000149156496102876
1232,0.000762357864074975
1233,0.000452342371005884
1234,0.000301997955937424
1235,0.00218753368206335
1236,0.00654170389689679
1237,0.0112562868030536
1238,0.0135330511749763
1239,0.0127036019986618
1240,0.0106343735136021
1241,0.00939025543714956
1242,0.00914428764720086
1243,0.00857875837522765
1244,0.00673753766873274
1245,0.00396720928829557
1246,0.00129821889190231
1247,-0.00059303800213388
1248,-0.00181387501152457
1249,-0.00295377605519995
1250,-0.00436811280347645
1251,-0.00563656000794301
1252,-0.00597305018702203
1253,-0.00550373196226558
1254,-0.00585331126050455
1255,-0.0087369498383316
1256,-0.0137867891157961
1257,-0.0183895983297165
1258,-0.0201415491984212
1259,-0.0191141645452901
1260,-0.0172588499152408
1261,-0.0159593442888384
1262,-0.0148860793839848
1263,-0.0131533256334421
1264,-0.0107298151137731
1265,-0.00829783095718853
1266,-0.00629048505704148
1267,-0.00464411855489556
1268,-0.0032342418531232
1269,-0.00203169912604505
1270,-0.000952105328350386
1271,-2.56123855902529E-05
1272,0.000399880927444138
1273,0.000223065617963584
1274,0.000400070627102196
1275,0.0024439706345754
1276,0.00660463530983719
1277,0.0109768080439685
1278,0.0130945833418107
1279,0.0123736176359007
1280,0.0104835285482384
1281,0.00930710383972045
1282,0.00905177635989422
1283,0.00853460914207519
1284,0.00682163469637179
1285,0.00414731456247402
1286,0.00144408159943873
1287,-0.000591426054744844
1288,-0.00195669715499262
1289,-0.00313568601291661
1290,-0.00446175334626723
1291,-0.00559544857009144
1292,-0.00586105543570919
1293,-0.00540657825622805
1294,-0.00577180157854824
1295,-0.00860849861741081
1296,-0.0136083306191306
1297,-0.0182528133659306
1298,-0.0201129415550399
1299,-0.0191374883702263
1300,-0.0172337100336368
1301,-0.0158763060286879
1302,-0.0148119485697864
1303,-0.0131015106023872
1304,-0.0106299781748587
1305,-0.00810993555400864
1306,-0.00607526566581979
1307,-0.00448298427105096
1308,-0.00313177514616472
1309,-0.00194379563716504
1310,-0.000872731871708819
1311,3.60055758910608E-06
1312,0.000346550606478428
1313,8.88841099563694E-05
1314,0.000208353139762
1315,0.00224772955583925
1316,0.00649187863240894
1317,0.0110126808501695
1318,0.0132498042155409
1319,0.0125487516493066
1320,0.0106115177803185
1321,0.00939824326515766
1322,0.00913768518842271
1323,0.00861599767820615
1324,0.00688805702743503
1325,0.00420506621400012
1326,0.00149607801014897
1327,-0.000558651047260675
1328,-0.00193732435552428
1329,-0.00309218496084097
1330,-0.00438732912987262
1331,-0.00555498308063186
1332,-0.005912948748863
1333,-0.00550081819603684
1334,-0.00579022818854131
1335,-0.00851041900251731
1336,-0.0134717847310038
1337,-0.0181485648632379
1338,-0.02000189022945
1339,-0.0189469406278142
1340,-0.0169961131552649
1341,-0.0157195739165405
1342,-0.0148077698377853
1343,-0.0131783256688524
1344,-0.0106613195864427
1345,-0.00805794348057774
1346,-0.00601905915452242
1347,-0.00451748715848931
1348,-0.00326292146157933
1349,-0.00208634512337916
1350,-0.000941214847153949
1351,8.47030099974055E-06
1352,0.000343732075619753
1353,8.58891154337653E-06
1354,6.83659129623363E-05
1355,0.00213020663118535
1356,0.00645668055152742
1357,0.0110564660935592
1358,0.0133458090582684
1359,0.0126875993301208
1360,0.0107750479935825
1361,0.00952194402351515
1362,0.00915138317583354
1363,0.00853324033652543
1364,0.00681693318449024
1365,0.00423976532334865
1366,0.00161651730019258
1367,-0.000443234862351067
1368,-0.00184871214076578
1369,-0.00293190678928323
1370,-0.00405161437385713
1371,-0.00507461266002623
1372,-0.0054346797366686
1373,-0.0051281274604323
1374,-0.0054832679374856
1375,-0.00816552358038694
1376,-0.0130681743675954
1377,-0.017771289467424
1378,-0.0197221409827286
1379,-0.0187245581636548
1380,-0.0167267709749371
1381,-0.0153628681960587
1382,-0.0144443022617709
1383,-0.0129373079560919
1384,-0.0105956328893605
1385,-0.00808514837982933
1386,-0.00598597982136712
1387,-0.00434119536646746
1388,-0.0030179481924149
1389,-0.00193039865156345
1390,-0.000933720194047198
1391,-9.70739120550693E-06
1392,0.000467027784457082
1393,0.000272483073686359
1394,0.000287949521762277
1395,0.0021577547806718
1396,0.00636793058408547
1397,0.0110593189169507
1398,0.0135250061904184
1399,0.0129129247785716
1400,0.0108843759551585
1401,0.00953232113976765
1402,0.00923025486168765
1403,0.00878685874971556
1404,0.00717750732885778
1405,0.00457581158019143
1406,0.00188935042488126
1407,-0.00018716082566748
1408,-0.00161135911588491
1409,-0.00281459403495775
1410,-0.00414619805808256
1411,-0.00534844645293413
1412,-0.00576631426022858
1413,-0.00543942454744244
1414,-0.00579407875350395
1415,-0.00852086337311002
1416,-0.0134565946076214
1417,-0.0181364418150427
1418,-0.020027152744744
1419,-0.018977855189422
1420,-0.0169601314641902
1421,-0.015604988124901
1422,-0.0146992871779992
1423,-0.013160616605071
1424,-0.010706487890818
1425,-0.00804682370603467
1426,-0.00587614759663894
1427,-0.00429426890359099
1428,-0.00307188897140862
1429,-0.00196863374471424
1430,-0.000819530884464268
1431,0.000244799885107221
1432,0.000712292721957787
1433,0.000390222737893165
1434,0.000289553184432468
1435,0.00210093153197678
1436,0.00623846912562458
1437,0.0107936569075745
1438,0.0131272725079671
1439,0.0124836944958095
1440,0.0105158538719317
1441,0.00921816459677989
1442,0.00890870192021309
1443,0.00844359619127078
1444,0.00686489491303205
1445,0.00433753595410847
1446,0.00171300213914439
1447,-0.000327164675751467
1448,-0.00170062101049662
1449,-0.00282670623464974
1450,-0.00410965337863848
1451,-0.00533684556447881
1452,-0.00580452578763946
1453,-0.00545548351163654
1454,-0.00570054555797582
1455,-0.00833099020326959
1456,-0.0132828205176774
1457,-0.018074509513686
1458,-0.0200764981325314
1459,-0.0190828231354137
1460,-0.0170836104040737
1461,-0.0157277138186401
1462,-0.0147854434043004
1463,-0.0131883745144024
1464,-0.0107316749989425
1465,-0.00817150725173049
1466,-0.0061233343191953
1467,-0.00455850495222051
1468,-0.00323974648118844
1469,-0.00205767577762961
1470,-0.000943104207870722
1471,3.78510095003513E-05
1472,0.000496783079991423
1473,0.00024888005221543
1474,0.000202407813798448
1475,0.00200066778746551
1476,0.00613987154279105
1477,0.0108007806894365
1478,0.0133079561621376
1479,0.0127884400686129
1480,0.0108407203155025
1481,0.00950777698363246
1482,0.00916373455933066
1483,0.00865270244354921
1484,0.00698106733289655
1485,0.00433688706482235
1486,0.0016454400838705
1487,-0.000374489827048967
1488,-0.00168891759677085
1489,-0.00279500450108017
1490,-0.00411218479279461
1491,-0.00536714563315643
1492,-0.00580121910305597
1493,-0.0053818835017578
1494,-0.00559545584061487
1495,-0.00826798918702305
1496,-0.0132976453058172
1497,-0.0181547617071028
1498,-0.0202051929145677
1499,-0.0192486872364087
1500,-0.0172447238676282
1501,-0.0158181367250055
1502,-0.0147974421475243
1503,-0.013215767154585
1504,-0.0108739157594338
1505,-0.00839975055160068
1506,-0.00630055806792142
1507,-0.00461408588094951
1508,-0.0032699268639482
1509,-0.00220331780487606
1510,-0.00119465197117617
1511,-0.000152165049602586
1512,0.000494142123838919
1513,0.00036121724146359
1514,0.000238359163033316
1515,0.00186149689331925
1516,0.0059126257781574
1517,0.0106470800060714
1518,0.0132986843626653
1519,0.0128591084482968
1520,0.0108723812875186
1521,0.00941956384431799
1522,0.00895076206466068
1523,0.00838721129839181
1524,0.00678464512679261
1525,0.0042981743278311
1526,0.00172797192125998
1527,-0.000315160010484908
1528,-0.00175209053007358
1529,-0.00292166549690273
1530,-0.00417881614098796
1531,-0.00537404411001098
1532,-0.00587598333170703
1533,-0.00556479255254338
1534,-0.00572120552828913
1535,-0.00816362861485628
1536,-0.0130534437883464
1537,-0.018066119828045
1538,-0.0204191202568406
1539,-0.0195825798931912
1540,-0.0174267345966124
1541,-0.0158197085640648
1542,-0.0148177210933635
1543,-0.0133781460338645
1544,-0.0110764693542362
1545,-0.00849406929867477
1546,-0.00629915543952364
1547,-0.00463513826184834
1548,-0.00334967084968887
1549,-0.0022744160718268
1550,-0.00123635558493837
1551,-0.000250999124961712
1552,0.000273784206109974
1553,9.53068816319101E-05
1554,7.07998035836352E-05
1555,0.00184752156881789
1556,0.00598647567451946
1557,0.0107201365347967
1558,0.0133289156768991
1559,0.0128342486997655
1560,0.0108034783165233
1561,0.009381139216428
1562,0.00905625325784205
1563,0.00865104223519875
1564,0.00703396020779498
1565,0.00430261447724861
1566,0.00143514995366467
1567,-0.00072499914722692
1568,-0.00207059322178244
1569,-0.0031211957960256
1570,-0.0043805686406624
1571,-0.00565349218315285
1572,-0.00617040617622387
1573,-0.00577146657181505
1574,-0.00582315055545267
1575,-0.00822932088363988
1576,-0.0131483144778
1577,-0.0181973477868803
1578,-0.0205513680537343
1579,-0.0196823358319715
1580,-0.0174974579892389
1581,-0.0159068385469078
1582,-0.014968921262689
1583,-0.0135892645518857
1584,-0.0112922639698525
1585,-0.00867568435321891
1586,-0.00646640819386888
1587,-0.00481482309009974
1588,-0.00350336216812989
1589,-0.0023269748303504
1590,-0.00117988826319059
1591,-0.000177094040041366
1592,0.000266858578014059
1593,-2.86033522541577E-06
1594,-6.38910207405166E-05
1595,0.00170741171988322
1596,0.00582797670365352
1597,0.0105536834943562
1598,0.0132314891745002
1599,0.0128881343568283
1600,0.0109895873776608
1601,0.00955537505634482
1602,0.00906047875961625
1603,0.00846858208528555
1604,0.00682822181811398
1605,0.00427483715294662
1606,0.00163106542976219
1607,-0.000449609368552373
1608,-0.0018778155622507
1609,-0.00301049117537114
1610,-0.00421101963717877
1611,-0.00533439786474706
1612,-0.00578604087332111
1613,-0.00549985144690232
1614,-0.00575460633453559
1615,-0.0082805954732149
1616,-0.0131402442347336
1617,-0.0180062484650228
1618,-0.0202051324567724
1619,-0.0193298580557179
1620,-0.0172773386826647
1621,-0.0158337373062718
1622,-0.014951056917345
1623,-0.0135489233577141
1624,-0.0112332767740375
1625,-0.00861671255379373
1626,-0.00636003794461236
1627,-0.00459955698781957
1628,-0.00322393839283268
1629,-0.00212081301614983
1630,-0.00110533633901093
1631,-0.000112149322213062
1632,0.000486813400213661
1633,0.000358410459598831
1634,0.000233102708673685
1635,0.00176952274480746
1636,0.00570900154063655
1637,0.0104558464468706
1638,0.0132682526114919
1639,0.0129740403900316
1640,0.0109724304022231
1641,0.00941626218837837
1642,0.00894848533178406
1643,0.00854199686394697
1644,0.00708888080014994
1645,0.00457155401964729
1646,0.00181298044415019
1647,-0.000401202807615803
1648,-0.00186932991031375
1649,-0.00296252005204564
1650,-0.00414278323693395
1651,-0.00531934703090348
1652,-0.0058404522465148
1653,-0.00553466719294952
1654,-0.00565128493080697
1655,-0.00802104927138915
1656,-0.0128570029193845
1657,-0.0178873981445263
1658,-0.0203334513482025
1659,-0.0196113269222181
1660,-0.0175278610006066
1661,-0.0159260739040728
1662,-0.0148755179268073
1663,-0.0133648263831929
1664,-0.0110151066474393
1665,-0.00845770569767201
1666,-0.00636793367274133
1667,-0.00482243458506034
1668,-0.00358459701931357
1669,-0.00247817685432689
1670,-0.00139899234002487
1671,-0.000405241389872243
1672,0.000133981809032171
1673,9.90763340579887E-06
1674,6.37826106678801E-06
1675,0.00164973914133874
1676,0.00551105081568399
1677,0.0100215026813226
1678,0.0126684417847824
1679,0.0124559546675477
1680,0.0107052387611187
1681,0.00933840126343159
1682,0.00888524321076236
1683,0.00842379612615357
1684,0.00699582204600883
1685,0.00457899827996803
1686,0.00186762982487665
1687,-0.000414222634912075
1688,-0.00198112393890526
1689,-0.00310743604624408
1690,-0.00428155788753539
1691,-0.00550065646848255
1692,-0.00609907887355683
1693,-0.00578326133909428
1694,-0.00575413602859266
1695,-0.00797499542664919
1696,-0.0128218872899048
1697,-0.0179950331973226
1698,-0.0205190476918354
1699,-0.019704887497276
1700,-0.0174964552193182
1701,-0.015945576079065
1702,-0.0151288345136503
1703,-0.013821287556618
1704,-0.0114583145320124
1705,-0.00870490261646516
1706,-0.0064086028536852
1707,-0.00475403079926327
1708,-0.00348280728725221
1709,-0.00236276598361756
1710,-0.00128199457223246
1711,-0.000316699063056326
1712,0.000169984821744496
1713,-2.86695997371106E-06
1714,-2.81844940720916E-05
1715,0.00163201121925588
1716,0.00554611240087147
1717,0.0101163242260054
1718,0.0127882773636278
1719,0.012560941926348
1720,0.0107996470529453
1721,0.00945733858237354
1722,0.00902404207196722
1723,0.00850968181621512
1724,0.00695196295806449
1725,0.00439790377870583
1726,0.00160059335918359
1727,-0.000716498240594614
1728,-0.00228037960489264
1729,-0.00334449939354188
1730,-0.00438971863500562
1731,-0.00548051283972061
1732,-0.00604733216512062
1733,-0.00580632742913218
1734,-0.0058557009623989
1735,-0.00805267672063862
1736,-0.0127750957268985
1737,-0.0178197185890873
1738,-0.0203012453878495
1739,-0.0195436560975373
1740,-0.0174362779157903
1741,-0.0159587346271768
1742,-0.0151466900180258
1743,-0.0137919430280592
1744,-0.0113869084799785
1745,-0.00863760492654838
1746,-0.00637909725589593
1747,-0.004757396936316
1748,-0.00349949101447768
1749,-0.00237950896787702
1750,-0.0012730968270389
1751,-0.000236614917818103
1752,0.000328386197648853
1753,0.000141388489030384
1754,-3.70406152331707E-05
1755,0.00143317277356936
1756,0.00529048086103275
1757,0.00998632673137993
1758,0.0128348426945468
1759,0.0126768354435981
1760,0.0108643700992568
1761,0.00945758098787082
1762,0.00901456008343018
1763,0.00851194913082265
1764,0.0069534181733696
1765,0.00443400890044788
1766,0.00175999356233529
1767,-0.000409494285737068
1768,-0.00195079410136844
1769,-0.00317957998645367
1770,-0.00446099395829383
1771,-0.00567775405538982
1772,-0.00619069983097963
1773,-0.00579858267043005
1774,-0.00572267836108298
1775,-0.0078767078020038
1776,-0.0126280303495965
1777,-0.0177482382618365
1778,-0.0203285653660571
1779,-0.0196567132277096
1780,-0.0175816220676727
1781,-0.0160743253974685
1782,-0.0152070727808736
1783,-0.0138239677128619
1784,-0.0114466505316176
1785,-0.00876951826662518
1786,-0.00657638021351831
1787,-0.00494665907253301
1788,-0.00358512823041249
1789,-0.00234215381319661
1790,-0.00122576850710977
1791,-0.000335473874355254
1792,6.04020120628686E-05
1793,-0.000132290956371054
1794,-0.000139036775720922
1795,0.00148899153050495
1796,0.0053337974878881
1797,0.00993074833493883
1798,0.0127877524745889
1799,0.0127474671868047
1800,0.0109428771210478
1801,0.00931569198833229
1802,0.00862473035625833
1803,0.0081351525447202
1804,0.00684116587844103
1805,0.00453570986655726
1806,0.00182946055504159
1807,-0.000468406804496918
1808,-0.00197615712037695
1809,-0.00299984031057244
1810,-0.00413040937733961
1811,-0.00539969599545304
1812,-0.00608369715003127
1813,-0.00582051165475442
1814,-0.005778416982403
1815,-0.00790423420405142
1816,-0.0125865727466083
1817,-0.0176164716783713
1818,-0.0201477966351996
1819,-0.0195135219644555
1820,-0.01750778543213
1821,-0.016008021558345
1822,-0.0150949006181731
1823,-0.0137231693516236
1824,-0.011468946493589
1825,-0.00894003354219846
1826,-0.00680373642319897
1827,-0.00513235720826274
1828,-0.00370539435220795
1829,-0.00240384388305541
1830,-0.00119810999231032
1831,-0.000182836751415923
1832,0.000292684310383524
1833,5.64368644686712E-05
1834,-8.31753654243844E-05
1835,0.00143896546930734
1836,0.00526983345742322
1837,0.00989457143578266
1838,0.0127416738833799
1839,0.0126605745697656
1840,0.0108639664800138
1841,0.00932282936392943
1842,0.00871527778360717
1843,0.00821015380456571
1844,0.00681254752501156
1845,0.00441626142954635
1846,0.00169577833388754
1847,-0.000570009775475397
1848,-0.00205065231829182
1849,-0.00305853522738222
1850,-0.00418356138136866
1851,-0.00548412526325061
1852,-0.00622359151131537
1853,-0.00593653497228773
1854,-0.00571633039256124
1855,-0.00762789715473254
1856,-0.0122956884970605
1857,-0.0175693546054145
1858,-0.0203603919543135
1859,-0.0197255414122984
1860,-0.0174840424163794
1861,-0.0157905695818517
1862,-0.014887791310967
1863,-0.013592513550624
1864,-0.0112713074491392
1865,-0.00854472989779727
1866,-0.00627845870422226
1867,-0.00466014198641722
1868,-0.00339345023119603
1869,-0.0022413338542305
1870,-0.0011502391397803
1871,-0.000232004126692192
1872,0.000193648535038348
1873,-1.58848985876889E-05
1874,-0.000103389157317887
1875,0.00142318774617914
1876,0.00523203879384447
1877,0.00988785609655657
1878,0.012801725409525
1879,0.0126942881762326
1880,0.0107315100117012
1881,0.00904012893618965
1882,0.00848605398195171
1883,0.00820454611080622
1884,0.00697286529733167
1885,0.00454803334474579
1886,0.0017084754953828
1887,-0.000604263684221193
1888,-0.00206710003414584
1889,-0.00311094241771713
1890,-0.00432657501670983
1891,-0.00563274943059523
1892,-0.00624151811350841
1893,-0.00584391286699519
1894,-0.00569453796973224
1895,-0.00778000100183265
1896,-0.012492143251506
1897,-0.0176111168075962
1898,-0.0202470392458516
1899,-0.0196620761763232
1900,-0.0176175759737624
1901,-0.016034176940262
1902,-0.015055208531579
1903,-0.0136423728621765
1904,-0.0113358969204985
1905,-0.0087391492444055
1906,-0.00657222874269552
1907,-0.00496469636634514
1908,-0.00369571027398703
1909,-0.00257176034620937
1910,-0.00144874865974278
1911,-0.000345266978239656
1912,0.000341845173472203
1913,0.000275155759317743
1914,0.00012456450074827
1915,0.00149644259668535
1916,0.00522055777435128
1917,0.00989352435219294
1918,0.0128576405508914
1919,0.0128085640009241
1920,0.0109480568096814
1921,0.00938178111777483
1922,0.00886839618819965
1923,0.00848735794190637
1924,0.00710796321869152
1925,0.00461798564452485
1926,0.00180224231688604
1927,-0.000491776896185795
1928,-0.00197135958333475
1929,-0.00299474612792936
1930,-0.00412403130402092
1931,-0.00538408992580092
1932,-0.00609357567087741
1933,-0.0058720185950455
1934,-0.00577652160548682
1935,-0.00770901713687544
1936,-0.0122033701903108
1937,-0.0172481927434858
1938,-0.0200011067294977
1939,-0.0195894987102446
1940,-0.0176361252897073
1941,-0.0160601629232398
1942,-0.015098274089657
1943,-0.0137668658222798
1944,-0.0115641530791083
1945,-0.00900942001855265
1946,-0.00677440858997008
1947,-0.00500539921491093
1948,-0.00355254203142611
1949,-0.00232218544406052
1950,-0.00125148849956025
1951,-0.000356239144234206
1952,7.65245600353822E-05
1953,-0.000146945243430598
1954,-0.000299000835832543
1955,0.00115857459075094
1956,0.00494858620657802
1957,0.00963189987643656
1958,0.0125919187869402
1959,0.0125550736110256
1960,0.010694187823182
1961,0.00908065866052014
1962,0.00851091383382816
1963,0.00816075640615669
1964,0.00695106069402516
1965,0.00470048867116491
1966,0.00204729247222582
1967,-0.000257116398843793
1968,-0.00187922887535653
1969,-0.00304535715042297
1970,-0.00422560126610056
1971,-0.00546382922055929
1972,-0.00614412184434147
1973,-0.0058954969595671
1974,-0.00573546159169503
1975,-0.00758138680775771
1976,-0.0120687197993534
1977,-0.0172517413691078
1978,-0.0202001367553543
1979,-0.0198750807817141
1980,-0.0178522446470331
1981,-0.0161800189382222
1982,-0.0152245475139337
1983,-0.0139519026543966
1984,-0.0116965956348026
1985,-0.00893929143557909
1986,-0.00653395581228812
1987,-0.00483811657380686
1988,-0.0036837505962185
1989,-0.00272104309949355
1990,-0.0016568853671687
1991,-0.000538208143931325
1992,0.000108956125925501
1993,-9.36364874317802E-05
1994,-0.000379979673825669
1995,0.00096128538466137
1996,0.00476170110668772
1997,0.00955478134460044
1998,0.01265038365729
1999,0.0127464364094514
2000,0.0110124136941536
2001,0.0094836052578724
2002,0.00890310365989604
2003,0.00844636202021169
2004,0.00710051502886629
2005,0.00474539197517952
2006,0.00201401014321816
2007,-0.000378769458457173
2008,-0.00208027434649919
2009,-0.0032289897006235
2010,-0.00424077207009691
2011,-0.00524481953740173
2012,-0.00580755010346298
2013,-0.00565469283092712
2014,-0.00569479085340419
2015,-0.00763875591508595
2016,-0.0120490074158798
2017,-0.0171136768435294
2018,-0.0200620600255025
2019,-0.019836991535068
2020,-0.0178517160155173
2021,-0.0160626875303827
2022,-0.0149288530911344
2023,-0.0135845021423448
2024,-0.0114326588361981
2025,-0.00887179718353182
2026,-0.00660251129596899
2027,-0.00487381434744036
2028,-0.00354044994815527
2029,-0.00240751693659898
2030,-0.00133943176558058
2031,-0.000375612367535145
2032,0.00012937549063128
2033,-7.68492016353391E-05
2034,-0.000307282216369213
2035,0.000988116474402839
2036,0.00464123415442269
2037,0.00935892120172447
2038,0.0125515737854841
2039,0.0127943902805922
2040,0.0110721036586289
2041,0.00941154875829086
2042,0.00871662022974921
2043,0.00827994760175314
2044,0.00704870926468738
2045,0.0048083091932144
2046,0.00217289862328757
2047,-0.000106995519824319
2048,-0.00170201170574003
2049,-0.00285906789990837
2050,-0.00407193666466481
2051,-0.00538523964528228
2052,-0.00614390964916874
2053,-0.00592281484057555
2054,-0.00573296659172923
2055,-0.0075533593949572
2056,-0.0120703993160255
2057,-0.0172936284339988
2058,-0.0202030772444067
2059,-0.0197661797519517
2060,-0.0176806587657377
2061,-0.0160761126195934
2062,-0.0152482975348753
2063,-0.0140490882401785
2064,-0.0118156979221109
2065,-0.00910755879405753
2066,-0.00676226060953625
2067,-0.00502132770773966
2068,-0.00369275840050303
2069,-0.00256742341305561
2070,-0.0014642575048122
2071,-0.000349944206299086
2072,0.000374412049733598
2073,0.000259640574162635
2074,-0.000124724481206693
2075,0.000926968248838577
2076,0.00451075689708393
2077,0.00937140384901972
2078,0.0126917819150342
2079,0.012872119417807
2080,0.0110057789466157
2081,0.00935199494747326
2082,0.00886297897732752
2083,0.00865264481953105
2084,0.00749729369743695
2085,0.00519620606742028
2086,0.00248676004174288
2087,0.000180931452780555
2088,-0.00142486316059414
2089,-0.00260381616926085
2090,-0.00381319604674042
2091,-0.00506945836996109
2092,-0.00577145813988776
2093,-0.00557140132786989
2094,-0.00545725578920968
2095,-0.00729088819691121
2096,-0.0117157822806635
2097,-0.0168727586996046
2098,-0.0198955047339436
2099,-0.0196985185255904
2100,-0.0177482208554654
2101,-0.0160497373037675
2102,-0.0150420639281204
2103,-0.0137985992152542
2104,-0.011684212402956
2105,-0.00910580970484573
2106,-0.00679960776389123
2107,-0.00504674035711562
2108,-0.0037034602582777
2109,-0.00253486499757341
2110,-0.00135757504918157
2111,-0.000218701472421218
2112,0.000442157071171833
2113,0.000274778103871105
2114,-5.10240815067258E-05
2115,0.00110077754473025
2116,0.00467680609975307
2117,0.00942735355646859
2118,0.0127003671814105
2119,0.0129673908892539
2120,0.0111748397716554
2121,0.00941533477015565
2122,0.00868262586310098
2123,0.00827348508295796
2124,0.0070562391208505
2125,0.00476982456998497
2126,0.00208022581923652
2127,-0.000192890998541857
2128,-0.00173614417649156
2129,-0.00286247062808675
2130,-0.0040720315617849
2131,-0.00535665278512076
2132,-0.00605632420990999
2133,-0.00580896817931581
2134,-0.00564017241308953
2135,-0.00744461163435251
2136,-0.0118625940584126
2137,-0.0170195298112845
2138,-0.0200517092067327
2139,-0.0198892315452075
2140,-0.0179924401014146
2141,-0.0163180789059529
2142,-0.0152525837773898
2143,-0.0138854979182925
2144,-0.011673206419737
2145,-0.00907967166158372
2146,-0.00677164072348378
2147,-0.00492391151713018
2148,-0.00343340060288194
2149,-0.0022495986944047
2150,-0.00127391999520631
2151,-0.000383860114702639
2152,0.000215231074442542
2153,0.000173885625955436
2154,-5.7466387984926E-05
2155,0.00102531077940223
2156,0.00448527725317104
2157,0.00924024780059577
2158,0.0126183079156044
2159,0.0129468025956641
2160,0.0111333710344276
2161,0.0093756892535485
2162,0.00873534144311553
2163,0.00843907267864834
2164,0.00726058448852686
2165,0.00494549437466645
2166,0.00222576321978496
2167,-6.23137179431569E-05
2168,-0.00163826624737617
2169,-0.00282263091502719
2170,-0.00408514321721221
2171,-0.00540411714308058
2172,-0.00613528002932345
2173,-0.00591526438111104
2174,-0.0057408505174137
2175,-0.00750565281898773
2176,-0.0119043324139159
2177,-0.0171058966971066
2178,-0.0202019280336031
2179,-0.0200257570437351
2180,-0.0180219153300063
2181,-0.0162721643915637
2182,-0.0153029310664063
2183,-0.0141692788000518
2184,-0.0121120548102643
2185,-0.0094356436941825
2186,-0.00691275459863283
2187,-0.00498203415995066
2188,-0.00363708162382472
2189,-0.00263274947522328
2190,-0.00164015554940055
2191,-0.000568482889555582
2192,0.00014804969407743
2193,5.59316028826463E-05
2194,-0.000257446876411859
2195,0.000859400432624462
2196,0.00442100326404873
2197,0.00922042391316738
2198,0.0126067884068565
2199,0.0130309329384996
2200,0.0113936336460883
2201,0.00972160552345232
2202,0.0089790883444884
2203,0.00851476762575733
2204,0.00727363271600118
2205,0.00499529194270792
2206,0.00227553397038653
2207,-8.97256412179595E-05
2208,-0.00170852971038816
2209,-0.00281533001164051
2210,-0.00395041261230371
2211,-0.00522305171120195
2212,-0.00601451744834738
2213,-0.00586761829846927
2214,-0.00568502692090169
2215,-0.00734953475905351
2216,-0.0116133266172712
2217,-0.0167261471244249
2218,-0.0198481248316971
2219,-0.0198222443691093
2220,-0.0180018496064608
2221,-0.01631742288084
2222,-0.0152169466846624
2223,-0.013853629583364
2224,-0.011683507713618
2225,-0.00914054613884528
2226,-0.00689570161616892
2227,-0.00513958193691386
2228,-0.00372370831556004
2229,-0.00251014327974006
2230,-0.00138830034183445
2231,-0.000342319138531861
2232,0.000313492147289658
2233,0.000233762145085162
2234,-6.51363140286725E-05
2235,0.000928991173162959
2236,0.00425117574378047
2237,0.00888683173974715
2238,0.0123219552459348
2239,0.012930238718357
2240,0.0114295011091675
2241,0.00976436363764127
2242,0.0089668919880576
2243,0.00849010781090409
2244,0.00731800052528685
2245,0.00515508219370279
2246,0.00252308825579111
2247,0.000154382566617775
2248,-0.00154787994409102
2249,-0.00272020954930369
2250,-0.00382104599979475
2251,-0.00500819683987087
2252,-0.00579255799887792
2253,-0.00575103925055474
2254,-0.00566953373687602
2255,-0.0073263710710325
2256,-0.0115321847439307
2257,-0.0166664867592682
2258,-0.0198888922933954
2259,-0.0199059888161886
2260,-0.0180079397660571
2261,-0.016247198695983
2262,-0.0152172650973446
2263,-0.014027376743863
2264,-0.0119403560471798
2265,-0.00929787314878561
2266,-0.00690366473596758
2267,-0.00514158259364118
2268,-0.00387585673624334
2269,-0.00278657610661209
2270,-0.00160761306897771
2271,-0.000374556484987249
2272,0.000412614862015327
2273,0.000314182289398825
2274,-5.63826481584976E-05
2275,0.000962172477983431
2276,0.00440949563918083
2277,0.00912544682607969
2278,0.0124829387909559
2279,0.0129090276476949
2280,0.0112665435597177
2281,0.00957185964632969
2282,0.00881558376013058
2283,0.00839552011579547
2284,0.00729325833566647
2285,0.00521198680248567
2286,0.00262039963371734
2287,0.000200980685535587
2288,-0.00160974166188696
2289,-0.00286423563788217
2290,-0.00399414088993189
2291,-0.00520566419935833
2292,-0.00602939797253188
2293,-0.00597081941301453
2294,-0.00574217782753382
2295,-0.00716865902169016
2296,-0.0112058508555596
2297,-0.0163288417914547
2298,-0.0196553357622063
2299,-0.0197786540931262
2300,-0.017920604890141
2301,-0.0161461120340079
2302,-0.0150974906502149
2303,-0.0139243418176251
2304,-0.0119001935962314
2305,-0.00933218646497916
2306,-0.00695662046525487
2307,-0.00512301304306938
2308,-0.00375393833401108
2309,-0.00263450191952592
2310,-0.00152696435332568
2311,-0.000378215475532303
2312,0.000401379033960234
2313,0.000338379834883409
2314,-5.96115943996631E-05
2315,0.000857963077024676
2316,0.0042586980190508
2317,0.0090846326762558
2318,0.012630362193519
2319,0.0131458596562387
2320,0.0114424463772034
2321,0.00967204858535335
2322,0.00895547312366953
2323,0.00862692952382103
2324,0.00748632691246708
2325,0.00518411768190789
2326,0.00235968767078816
2327,-9.15085333918262E-05
2328,-0.00171240122305713
2329,-0.00274180792420253
2330,-0.00380209910345175
2331,-0.00511009331460564
2332,-0.00604227277839852
2333,-0.00595818913279899
2334,-0.00558375166446327
2335,-0.0069056916182459
2336,-0.0110241401819993
2337,-0.0163813314560163
2338,-0.0199056026883073
2339,-0.0200452010395324
2340,-0.0180810561651302
2341,-0.0162574944025312
2342,-0.0152851116009284
2343,-0.0141916261555434
2344,-0.0121202329177255
2345,-0.00942822445021751
2346,-0.00701150579044442
2347,-0.00526059112045963
2348,-0.00396501129073126
2349,-0.00279578565065664
2350,-0.00157729498875079
2351,-0.000393570174528502
2352,0.000327068781772416
2353,0.000214292507455616
2354,-0.000172161252214972
2355,0.000749278415451718
2356,0.004083897886057
2357,0.00883163213801703
2358,0.0123888013373497
2359,0.0130085302845046
2360,0.0114076446413148
2361,0.00966897242323135
2362,0.0089286252786032
2363,0.00856779438787618
2364,0.00742219409220076
2365,0.00518230227365428
2366,0.00251154308653957
2367,0.000235739675507113
2368,-0.0013419244090011
2369,-0.00253610469829657
2370,-0.00383980479826001
2371,-0.00524896687961068
2372,-0.00607443265714272
2373,-0.00583348553508222
2374,-0.00543386835671469
2375,-0.00686324351050479
2376,-0.0110787903327591
2377,-0.0164293227127781
2378,-0.0198867991901789
2379,-0.0199869386003813
2380,-0.0180297300248401
2381,-0.0162173938699925
2382,-0.0152337197810719
2383,-0.0141250249744788
2384,-0.0120589429932023
2385,-0.00938504305226948
2386,-0.00697034387558257
2387,-0.00519853615927634
2388,-0.00389732552635031
2389,-0.00278801978175457
2390,-0.00169527816814454
2391,-0.000637457297469245
2392,2.63263160320376E-05
2393,-7.12724863598519E-05
2394,-0.000417279811485082
2395,0.000547388896813421
2396,0.00394625971295298
2397,0.00877527122096376
2398,0.0123760183996048
2399,0.0129653388303088
2400,0.0113020095552564
2401,0.00953502074873204
2402,0.00880277290413165
2403,0.00844314486814352
2404,0.00729145524150498
2405,0.00508169386539066
2406,0.00247009740913862
2407,0.000202840179330263
2408,-0.00145615557356194
2409,-0.00274299886092663
2410,-0.00404931225248999
2411,-0.00538733946658934
2412,-0.00618008786393429
2413,-0.00599662441359912
2414,-0.00566256627704892
2415,-0.00704969959236329
2416,-0.0111010722308212
2417,-0.0162708994848186
2418,-0.0196612299955163
2419,-0.0198532253435554
2420,-0.018066000644169
2421,-0.0163595308996424
2422,-0.0153520182782809
2423,-0.0141726962046478
2424,-0.0121146241652823
2425,-0.00952190528705328
2426,-0.0071294390436271
2427,-0.00526211044322101
2428,-0.00386932433452758
2429,-0.00280325375309752
2430,-0.001813504890505
2431,-0.000715529984723007
2432,0.000174009853256649
2433,0.000284700534016067
2434,-6.865229951331E-05
2435,0.000717985947365821
2436,0.00396781014287481
2437,0.00877740801124435
2438,0.012424294961424
2439,0.0130435499953044
2440,0.0113917715454068
2441,0.00963576985389596
2442,0.00890034374269076
2443,0.00853327732219276
2444,0.00742872886783597
2445,0.00533229511002422
2446,0.00279958545824177
2447,0.000478807006207133
2448,-0.00130705200787172
2449,-0.00262915693129706
2450,-0.0038235910743361
2451,-0.00503402019426232
2452,-0.00582036612986315
2453,-0.00570725705548463
2454,-0.00537493322795589
2455,-0.00668418238641243
2456,-0.0107432538172205
2457,-0.0161119762369875
2458,-0.0197516629156742
2459,-0.0200090724023605
2460,-0.0180846674540776
2461,-0.01626680894382
2462,-0.015331919196293
2463,-0.0142710383240954
2464,-0.0121492811349477
2465,-0.00935347234746612
2466,-0.00690308057544488
2467,-0.0052346747844659
2468,-0.00403620603871662
2469,-0.00287085040851812
2470,-0.00159109223528691
2471,-0.000381005086280005
2472,0.000317142102713648
2473,0.000206892656617961
2474,-0.000138336198358563
2475,0.000768118247580569
2476,0.00397526334121158
2477,0.0085844975050289
2478,0.0121353135949787
2479,0.0128575426669936
2480,0.0112839319799185
2481,0.00939575093475978
2482,0.00847229356251247
2483,0.00812904001150263
2484,0.00722930883414739
2485,0.00521670545532376
2486,0.00249778712354018
2487,-7.17897422041157E-05
2488,-0.00188910777838706
2489,-0.00301835388881237
2490,-0.00401391059914207
2491,-0.00516453445376832
2492,-0.00598358023701491
2493,-0.00590338178113001
2494,-0.00559018811257127
2495,-0.00691539995402207
2496,-0.0109534924767709
2497,-0.0162462195173618
2498,-0.0198203219667195
2499,-0.0200937240488203
2500,-0.0182234409309639
2501,-0.0163863528771225
2502,-0.0153552953143321
2503,-0.0142636669835524
2504,-0.012269936182137
2505,-0.00963878033353832
2506,-0.00717846733471886
2507,-0.00530845247516613
2508,-0.00394739420634331
2509,-0.00286120379296909
2510,-0.00182181397724723
2511,-0.000749036256563969
2512,4.44490693641047E-05
2513,0.000131695404767645
2514,-0.000107830702003806
2515,0.000781988109685558
2516,0.00396681870755662
2517,0.00864063365207487
2518,0.012331846611237
2519,0.0132106430141041
2520,0.0117510591554007
2521,0.00987703775589541
2522,0.00884862459671501
2523,0.00836126664889305
2524,0.00741281605390852
2525,0.00548618943686285
2526,0.00287879737557252
2527,0.00033375287775327
2528,-0.00151724542871112
2529,-0.00264510502079981
2530,-0.00363215002397209
2531,-0.00490411398623026
2532,-0.00599240376971197
2533,-0.00612249732661811
2534,-0.00574724379911638
2535,-0.00679715526433889
2536,-0.0106354997519654
2537,-0.0159976087766282
2538,-0.0198147176687609
2539,-0.0202756236063495
2540,-0.018435108886594
2541,-0.0165359455816058
2542,-0.0154332306454602
2543,-0.0142754595223423
2544,-0.0122316275430352
2545,-0.00961181140229982
2546,-0.00722912110940811
2547,-0.00541445111218403
2548,-0.00399091686794558
2549,-0.00273679747752105
2550,-0.00152629195178041
2551,-0.000362853558180058
2552,0.000416167416114314
2553,0.000379633979219376
2554,-7.20684853994854E-05
2555,0.000613888561825472
2556,0.00373226461295514
2557,0.00849354202428006
2558,0.0122908831223986
2559,0.0131761888436733
2560,0.0116816280139179
2561,0.00986795764963418
2562,0.00898217647008424
2563,0.00854596319749684
2564,0.00747146832389862
2565,0.0053906285323169
2566,0.00279405080652469
2567,0.000393133943691635
2568,-0.00139295349980771
2569,-0.00262951501696467
2570,-0.00374715864386369
2571,-0.00499370638104113
2572,-0.00594063252305542
2573,-0.00600011645198803
2574,-0.00569683107835446
2575,-0.00684243871748158
2576,-0.0106799046618875
2577,-0.0159780611142344
2578,-0.019766533455589
2579,-0.0202317354712823
2580,-0.0183399454130018
2581,-0.0163172443038427
2582,-0.0151256199500464
2583,-0.0140086458147141
2584,-0.0120908621875862
2585,-0.0095491683891535
2586,-0.00712790865310218
2587,-0.00521657316955719
2588,-0.00374811360023872
2589,-0.00255373325153468
2590,-0.00146627929910078
2591,-0.000396309869092208
2592,0.000382410743238202
2593,0.000412045404262971
2594,-2.70287453556159E-06
2595,0.000631654378253998
2596,0.0036673612134293
2597,0.00843054800841195
2598,0.0123417101848749
2599,0.013345684798224
2600,0.0118588283039033
2601,0.00995871920521323
2602,0.00901369932573544
2603,0.00861534971455603
2604,0.00761580278368099
2605,0.0055457434943495
2606,0.00287890043183646
2607,0.000403103330525837
2608,-0.00139241633035741
2609,-0.00258546553611549
2610,-0.00367446800083812
2611,-0.00494286179665323
2612,-0.00591972071352435
2613,-0.00594569005250829
2614,-0.00553720408158334
2615,-0.00658743341211321
2616,-0.0104210841448882
2617,-0.0157847021124909
2618,-0.0196084730692174
2619,-0.0200454864097896
2620,-0.018160884169473
2621,-0.0162842432655757
2622,-0.0153203848712273
2623,-0.0143315403416229
2624,-0.0123490811924543
2625,-0.00965551012421671
2626,-0.00715938934152386
2627,-0.00528006954971373
2628,-0.00385840214845475
2629,-0.00267999677741203
2630,-0.00163395296007085
2631,-0.00065932579383975
2632,5.94390661169853E-05
2633,0.000159916217609652
2634,-0.000105690353148346
2635,0.000599943744999766
2636,0.00356222127707066
2637,0.00820377279778471
2638,0.012072500820258
2639,0.013135029415263
2640,0.0117522471951782
2641,0.00996117530164498
2642,0.00910498714254253
2643,0.00872635940937181
2644,0.00765912596883504
2645,0.00552440254641862
2646,0.00291771713038605
2647,0.000599252683828585
2648,-0.00112225848224297
2649,-0.0024245696450616
2650,-0.00367426626045205
2651,-0.00496906132878881
2652,-0.0058634305226544
2653,-0.00588676231853269
2654,-0.00560783244668126
2655,-0.0067389087927301
2656,-0.0104588348948829
2657,-0.0156382498471014
2658,-0.0194429667164654
2659,-0.0200464138087985
2660,-0.0182967092233278
2661,-0.0163688461478058
2662,-0.0152601262816676
2663,-0.0142127548163147
2664,-0.0122953450204235
2665,-0.00969543625702139
2666,-0.00725956139290262
2667,-0.00542435521027819
2668,-0.00403636488499693
2669,-0.00284158348915356
2670,-0.00171996851809014
2671,-0.000667206956916979
2672,8.08580810437115E-05
2673,0.000172254734347328
2674,-0.000107023854357974
2675,0.000588554046913278
2676,0.00354645651747233
2677,0.00820725613129301
2678,0.0121096710082978
2679,0.0131528866679593
2680,0.0116473493373163
2681,0.00969667307046315
2682,0.0087915637212476
2683,0.00854281174023471
2684,0.00768390550390606
2685,0.00566746252263095
2686,0.00302502149034565
2687,0.000606896649670017
2688,-0.00115058970387268
2689,-0.00240212773686729
2690,-0.00361162245243129
2691,-0.00497319900051265
2692,-0.00601213400038506
2693,-0.00611761958862539
2694,-0.0057574825351115
2695,-0.00670686191510897
2696,-0.0103204631826682
2697,-0.0155773158231108
2698,-0.019571566942357
2699,-0.0203053113316492
2700,-0.0185353157895663
2701,-0.0165073992583761
2702,-0.0153564142641818
2703,-0.014369412730218
2704,-0.0125205051587492
2705,-0.00988072148905632
2706,-0.00730610351506633
2707,-0.00537079551560757
2708,-0.00403009931471197
2709,-0.00297980164648182
2710,-0.00195141755972211
2711,-0.000869342745197619
2712,-4.2937065182934E-05
2713,6.86220500041943E-05
2714,-0.00026699589266127
2715,0.000349780209218623
2716,0.00324786011209024
2717,0.00788521811611815
2718,0.011833515572452
2719,0.0130145933050514
2720,0.0116818613919783
2721,0.00982736852904127
2722,0.00889673890241763
2723,0.00857104281010045
2724,0.00767106474233643
2725,0.00565337364787129
2726,0.0030009426645103
2727,0.000547868003573636
2728,-0.00124978624219997
2729,-0.00253698420223355
2730,-0.0037665121988576
2731,-0.00508516974148841
2732,-0.00598531458862153
2733,-0.00592327705769896
2734,-0.00549196266399747
2735,-0.00649647642753063
2736,-0.0101839926075117
2737,-0.0154387160636088
2738,-0.0194029724323792
2739,-0.0201858030241475
2740,-0.0185433423171964
2741,-0.016617572412803
2742,-0.0154964183670598
2743,-0.0145367325815006
2744,-0.0127686325663387
2745,-0.0101986891032103
2746,-0.00758692642077533
2747,-0.00552757735699995
2748,-0.0040868967694696
2749,-0.0030017628036824
2750,-0.00192579430089623
2751,-0.000728750660898825
2752,0.000193451953809422
2753,0.000250091325476982
2754,-0.000279227063849703
2755,0.000174664838729278
2756,0.00307679658921569
2757,0.00784375183451684
2758,0.0119122047944482
2759,0.0131492082176914
2760,0.0118538737740967
2761,0.0100348560822287
2762,0.0090743089967604
2763,0.00862131301047613
2764,0.00757947119854113
2765,0.00550197456564219
2766,0.00284844986117158
2767,0.000369095467080019
2768,-0.00145372071131804
2769,-0.00264025385754792
2770,-0.00363767320816937
2771,-0.00479252157470992
2772,-0.00576932659495477
2773,-0.00592052873073163
2774,-0.00557510955378622
2775,-0.00645988881632283
2776,-0.0100166412135943
2777,-0.0153057647081445
2778,-0.0193887692992471
2779,-0.0201887191400221
2780,-0.0184531721517909
2781,-0.0164737655641034
2782,-0.0153824773010478
2783,-0.0144051548367176
2784,-0.0125028640927653
2785,-0.00983027054275113
2786,-0.00731846956038943
2787,-0.00549418227034375
2788,-0.00418992460366432
2789,-0.00305136436694395
2790,-0.00188438532468427
2791,-0.000719728841074642
2792,9.20379200790836E-05
2793,0.00011723600441503
2794,-0.000327041257136891
2795,0.000214357790323766
2796,0.00311649508522325
2797,0.00783558508359071
2798,0.0118858002270755
2799,0.0131316986535271
2800,0.0118196967112573
2801,0.00996091111306419
2802,0.0090034401769692
2803,0.00863000473825447
2804,0.00769149044704933
2805,0.00566742920269831
2806,0.00301045438211333
2807,0.000521223700861868
2808,-0.00129722303334634
2809,-0.00251255183781392
2810,-0.00362044058399507
2811,-0.00493224597421159
2812,-0.00601163477085781
2813,-0.00615386024218856
2814,-0.00574263779353561
2815,-0.00661072646792103
2816,-0.0102396954399498
2817,-0.0156271547634665
2818,-0.0197471939746529
2819,-0.0205025455714943
2820,-0.018698532915172
2821,-0.0166990296097669
2822,-0.0156583471680777
2823,-0.0147578205032117
2824,-0.012882525313301
2825,-0.0101430325289956
2826,-0.00750443065791088
2827,-0.00558622108318917
2828,-0.00429160181573707
2829,-0.00324936304880927
2830,-0.00217897949973304
2831,-0.00103197392486166
2832,-0.000139995518858043
2833,2.82166658116164E-05
2834,-0.000267451713851057
2835,0.000372665485804267
2836,0.00329012159635861
2837,0.0079493922799676
2838,0.0119091391426239
2839,0.0130771909363648
2840,0.011709742763398
2841,0.00980575913557262
2842,0.00881415448331434
2843,0.00844053765618846
2844,0.00755158405945662
2845,0.00560360906091993
2846,0.00299287204309878
2847,0.000473840889592132
2848,-0.00143752966915408
2849,-0.00273015209802661
2850,-0.00381266650789824
2851,-0.00498715181012589
2852,-0.00591106155677368
2853,-0.00599562630790821
2854,-0.00564545585276681
2855,-0.00659524126476031
2856,-0.0102153592831523
2857,-0.0154986795365943
2858,-0.0195149202411087
2859,-0.0202416324559862
2860,-0.018452854670873
2861,-0.0164350649930335
2862,-0.0153465623071745
2863,-0.0144753851812487
2864,-0.0127790151062743
2865,-0.0102729612547304
2866,-0.00771619209951666
2867,-0.00562601371728022
2868,-0.00403717377071929
2869,-0.00281952753761007
2870,-0.00179375475607478
2871,-0.000788365261228548
2872,4.01734414759236E-05
2873,0.000242154598779075
2874,-5.13657420859522E-05
2875,0.000469335596540012
2876,0.00320587526395795
2877,0.0077456261141458
2878,0.0116989465577704
2879,0.012948020121535
2880,0.0117258084348908
2881,0.0100178846613308
2882,0.00920958190921484
2883,0.00890973258466154
2884,0.00796944834380208
2885,0.00595421167056539
2886,0.00337243300635234
2887,0.000964515700139702
2888,-0.000854813102520545
2889,-0.00213222042858378
2890,-0.00326944841123562
2891,-0.00457359804957571
2892,-0.00570656561872731
2893,-0.00597505096692223
2894,-0.0055984915437704
2895,-0.00627442639583824
2896,-0.00960728758948242
2897,-0.0148672624238138
2898,-0.0191181753266833
2899,-0.0200721529193414
2900,-0.0183288056665165
2901,-0.0162725941461269
2902,-0.0152060460827089
2903,-0.0143503394047821
2904,-0.0125092923046901
2905,-0.00976640036463862
2906,-0.00715558087119701
2907,-0.0053108483341345
2908,-0.00403445073262146
2909,-0.00289403920872216
2910,-0.00170969343474954
2911,-0.000569057644299191
2912,0.000213599589335974
2913,0.000296201918251487
2914,-3.45199251988962E-05
2915,0.000508321693920121
2916,0.00321830077203831
2917,0.00771286208151063
2918,0.0117432758603785
2919,0.0131968803289884
2920,0.0121007452355191
2921,0.0102739100323997
2922,0.00921015802194851
2923,0.0087824439141836
2924,0.00793579970211455
2925,0.00605821564249667
2926,0.00344367275626486
2927,0.000823451647371143
2928,-0.00122367955729411
2929,-0.00260049311804499
2930,-0.00367545124345658
2931,-0.00479621278735357
2932,-0.00571485751144181
2933,-0.00586865919138359
2934,-0.00554852803363909
2935,-0.00635306138151314
2936,-0.00970638515787025
2937,-0.0148581472802635
2938,-0.0190616478281723
2939,-0.020162676294445
2940,-0.0186224682971713
2941,-0.0165953992756492
2942,-0.0154014065857905
2943,-0.0145128679392311
2944,-0.0128506690621687
2945,-0.0103028193596172
2946,-0.00767634202280049
2947,-0.00566612122757989
2948,-0.00430795584227987
2949,-0.00322009394482651
2950,-0.00203872468081849
2951,-0.000743106265964577
2952,0.000206049769963615
2953,0.000280888491900247
2954,-0.000186704184862187
2955,0.000295035271773115
2956,0.00310366580285979
2957,0.00773620998777684
2958,0.011804246655785
2959,0.0131905967808169
2960,0.0120022674397755
2961,0.0101107307801257
2962,0.00902463112169983
2963,0.0086240308619946
2964,0.00782724387682243
2965,0.00594928565137202
2966,0.00325181389419275
2967,0.000555762168053749
2968,-0.00143494524599784
2969,-0.00263991537318858
2970,-0.00360527465968901
2971,-0.0048096295980371
2972,-0.00591218966234842
2973,-0.00613387717669076
2974,-0.00569177218827007
2975,-0.00634337336130403
2976,-0.00969995286197487
2977,-0.0149958183703618
2978,-0.0193051643573923
2979,-0.0203697738168386
2980,-0.0187338132152929
2981,-0.0166787304771771
2982,-0.0155288872518489
2983,-0.0146762393397403
2984,-0.0130179329283541
2985,-0.0104789242411536
2986,-0.00784952890739295
2987,-0.00575768091707326
2988,-0.00427123650466176
2989,-0.00316662550944108
2990,-0.00214995998742268
2991,-0.00102738376429841
2992,-4.23834024436608E-05
2993,0.00021861753273253
2994,-0.000204625842380545
2995,5.60760566800869E-05
2996,0.00262587717730956
2997,0.00730595136923406
2998,0.0116590852056952
2999,0.0132345171004702
3000,0.0119575904361328
3001,0.00986028627388971
3002,0.00867870022205178
3003,0.00830226518395545
3004,0.00753648821644532
3005,0.00570268306233045
3006,0.00315435020069829
3007,0.000664845416464749
3008,-0.00124746385263818
3009,-0.00256354096069893
3010,-0.00365998631000921
3011,-0.00485463095296432
3012,-0.00587556336894717
3013,-0.00610356925259024
3014,-0.00573699730810838
3015,-0.00636930233879838
3016,-0.00958408300274571
3017,-0.0147994491233401
3018,-0.0192225715601991
3019,-0.0204776221027487
3020,-0.0189037291809648
3021,-0.0167628593613169
3022,-0.015530649142534
3023,-0.0146854466361163
3024,-0.013063233453508
3025,-0.010530660087763
3026,-0.00791359065245768
3027,-0.00585574621375713
3028,-0.00433701821332635
3029,-0.00307460123235455
3030,-0.0018930387775242
3031,-0.000785891494459222
3032,-4.5383267812363E-06
3033,6.75967141806659E-05
3034,-0.000362396652513547
3035,1.20865610783892E-05
3036,0.00263048726530859
3037,0.00722413489860142
3038,0.0114686202764392
3039,0.0130611380079475
3040,0.0119600173447659
3041,0.0101104498459359
3042,0.00912925212172026
3043,0.00882626680402603
3044,0.00799659108943968
3045,0.0060186625437666
3046,0.00333324765976012
3047,0.000768469288002773
3048,-0.00116782252211874
3049,-0.00250017848799754
3050,-0.00363073740858002
3051,-0.00487442756026694
3052,-0.00595324526952409
3053,-0.00624477114098824
3054,-0.00592638220039321
3055,-0.0065564206549702
3056,-0.009716130803887
3057,-0.0148781327912316
3058,-0.0193062550912157
3059,-0.0206069403384888
3060,-0.019043059368946
3061,-0.0168446286932279
3062,-0.0155497913892451
3063,-0.0147041872138038
3064,-0.0131074507789122
3065,-0.0105296098177488
3066,-0.00779371305004119
3067,-0.00567413402273019
3068,-0.00425388994307222
3069,-0.00317363542847895
3070,-0.0020759112723076
3071,-0.000879420615855031
3072,6.35446521243622E-05
3073,0.00023891034629223
3074,-0.000167350842559849
3075,0.000197042351693591
3076,0.00277592551673883
3077,0.0072773485626076
3078,0.0114168120192005
3079,0.0129766944715347
3080,0.0119239569380488
3081,0.0101097070669749
3082,0.00909080266012221
3083,0.00874956067324991
3084,0.00798169705736869
3085,0.00613360743971357
3086,0.00351000706125015
3087,0.000884053927716371
3088,-0.00113793030681453
3089,-0.00247108865158047
3090,-0.00353578929849099
3091,-0.0047338960485903
3092,-0.00580397216280776
3093,-0.0060756264804736
3094,-0.00572998854737026
3095,-0.00638627317206932
3096,-0.00961815415462785
3097,-0.0147988205286755
3098,-0.0191624557925544
3099,-0.0204490029812491
3100,-0.019039251751014
3101,-0.0170459548492739
3102,-0.0157578212844416
3103,-0.0146830318098936
3104,-0.0128948759568738
3105,-0.0104160969576553
3106,-0.00797221398979652
3107,-0.00602198841526579
3108,-0.00452821442586687
3109,-0.00332919746283223
3110,-0.00226940306880968
3111,-0.00119458003501266
3112,-0.00025030100828362
3113,6.94974876804542E-05
3114,-0.000241294808250626
3115,4.62924982943729E-05
3116,0.002483600099323
3117,0.00694888396538207
3118,0.011170215427263
3119,0.0128226580682544
3120,0.0118320029624393
3121,0.0101044769981879
3122,0.00920332592935749
3123,0.00891561875316267
3124,0.00807922640836111
3125,0.00612546411535614
3126,0.00347698501819096
3127,0.000896051128682257
3128,-0.00111332708853306
3129,-0.00248793230058116
3130,-0.00356347884297664
3131,-0.00471153585276781
3132,-0.00576474388865644
3133,-0.00610665286042192
3134,-0.00579428790204876
3135,-0.00630333365553699
3136,-0.00930399611003798
3137,-0.0144423108777271
3138,-0.0190328552788042
3139,-0.0205478349906806
3140,-0.0190873847443558
3141,-0.0168621461424599
3142,-0.0155186548042397
3143,-0.0146914219340798
3144,-0.0131683712737615
3145,-0.0106609383238123
3146,-0.00796218489214777
3147,-0.00584750135431012
3148,-0.00440335203222588
3149,-0.00328176068155029
3150,-0.00215479771965543
3151,-0.000956604775034933
3152,-1.3629518132748E-05
3153,0.0001810757881148
3154,-0.00023349751306938
3155,2.46062566204684E-05
3156,0.00243519848699611
3157,0.00687397046759335
3158,0.0111891913163252
3159,0.0130850371134052
3160,0.0122873533786805
3161,0.0104739632872802
3162,0.00924445250004816
3163,0.00866158558995291
3164,0.0077683095038008
3165,0.00594525587215813
3166,0.00344529581112617
3167,0.00095228604146689
3168,-0.00100618160568918
3169,-0.00236000055949837
3170,-0.00347463410492525
3171,-0.00469930310441141
3172,-0.00577708023839767
3173,-0.00604745812269445
3174,-0.00564501767506015
3175,-0.00615980951411821
3176,-0.00927228801077838
3177,-0.0145224627498042
3178,-0.0191307151916729
3179,-0.0205885331227426
3180,-0.019084637803368
3181,-0.0168689291155154
3182,-0.0155406688805111
3183,-0.0146801670316921
3184,-0.0130928090288425
3185,-0.0105516347278417
3186,-0.0078746414007783
3187,-0.00581134638540392
3188,-0.00443154556557584
3189,-0.00340265838076718
3190,-0.00238752417260904
3191,-0.00125331583351191
3192,-0.000270578976578666
3193,3.30039133332464E-05
3194,-0.000290025528677046
3195,9.35713746455361E-06
3196,0.00244420643558088
3197,0.00689897536471046
3198,0.0111746133427356
3199,0.0129640772414081
3200,0.0120824918421685
3201,0.0103090415908409
3202,0.00922954179529252
3203,0.00879814920174086
3204,0.00798827475210913
3205,0.00620241925606977
3206,0.00372651233099825
3207,0.00122874261782374
3208,-0.000774558054728798
3209,-0.00216237734226905
3210,-0.0032445604656056
3211,-0.00440725845286642
3212,-0.00550301151127592
3213,-0.00591638199948225
3214,-0.00568162880666119
3215,-0.00623285409662467
3216,-0.00921118219485799
3217,-0.0142961568004578
3218,-0.0188954028203837
3219,-0.0205360903566629
3220,-0.0192389450812488
3221,-0.0170531249743067
3222,-0.0155622130572645
3223,-0.014532849008008
3224,-0.0129480406246704
3225,-0.0105568934377327
3226,-0.00799583000101808
3227,-0.00588423955883177
3228,-0.00433529357749047
3229,-0.00315487240952618
3230,-0.00208893029049895
3231,-0.000981382800861507
3232,-4.20840083250998E-05
3233,0.00021692490376664
3234,-0.000187000587302911
3235,-2.3993639838077E-05
3236,0.00227024974402705
3237,0.00666718595223584
3238,0.0109915934702103
3239,0.0128572453921365
3240,0.0119861647796718
3241,0.0101629207015371
3242,0.00905917804007967
3243,0.0086681387053016
3244,0.00790016554790712
3245,0.00608494615605354
3246,0.00352440633708365
3247,0.000957989648488686
3248,-0.00107006501624688
3249,-0.00247044778071092
3250,-0.00357748573300775
3251,-0.00475752216665625
3252,-0.00582711132704407
3253,-0.00615094146786472
3254,-0.00577022986735929
3255,-0.0061694055277874
3256,-0.0090779253578464
3257,-0.0142265755716718
3258,-0.0189599605276842
3259,-0.0206777528111048
3260,-0.0193570478227496
3261,-0.0171360829524592
3262,-0.0156937333124189
3263,-0.0147726205028907
3264,-0.0132579630458763
3265,-0.0108570187347402
3266,-0.00824480343010379
3267,-0.00608180845034716
3268,-0.00449260214429105
3269,-0.00330270338691213
3270,-0.002279507169812
3271,-0.00122680980857444
3272,-0.000266825063610458
3273,0.000107781936337653
3274,-0.000180996054656359
3275,5.17028258729133E-06
3276,0.0022647640336434
3277,0.0066685976066103
3278,0.0110536525364711
3279,0.0129466015716978
3280,0.0120241467977123
3281,0.0101380278371421
3282,0.00903502118245923
3283,0.00868150782556389
3284,0.00791480760661329
3285,0.00606922118856174
3286,0.00352166406392302
3287,0.00102731451845942
3288,-0.00096044634153721
3289,-0.00243372896004182
3290,-0.00368215635020106
3291,-0.00495038500111544
3292,-0.00600304344310354
3293,-0.00626924181111048
3294,-0.00586922923721794
3295,-0.00627600970972116
3296,-0.0091431983607477
3297,-0.0141704421144273
3298,-0.0187666078788822
3299,-0.0204298798265801
3300,-0.0191762967131816
3301,-0.0170934300172604
3302,-0.0157675350593885
3303,-0.0148774852272396
3304,-0.0133130903989615
3305,-0.010838696038923
3306,-0.00818492040534599
3307,-0.00602001073547542
3308,-0.00443705328174471
3309,-0.00324195989663309
3310,-0.00222096675686344
3311,-0.00119917625591473
3312,-0.000276737614901538
3313,9.63299901072901E-05
3314,-0.000165496904643283
3315,9.39043583878372E-06
3316,0.00218485527832523
3317,0.00650552197092088
3318,0.0109261396793857
3319,0.0129890174012699
3320,0.0122485064500238
3321,0.010432453349832
3322,0.00929779666954578
3323,0.00891085821881562
3324,0.0081409109721318
3325,0.00624572733895461
3326,0.0035541187895218
3327,0.000918274917802841
3328,-0.00105407931635087
3329,-0.00233559579434772
3330,-0.00337929093542652
3331,-0.00461057392916151
3332,-0.00580851409222386
3333,-0.00625125647031253
3334,-0.00590497014522566
3335,-0.00622827755747733
3336,-0.00899302187745251
3337,-0.0140208862801913
3338,-0.0187249113465549
3339,-0.0204931766501659
3340,-0.0192490790323193
3341,-0.0171210079758237
3342,-0.0158148510894492
3343,-0.0150316379626803
3344,-0.0135260950758379
3345,-0.0109478268044074
3346,-0.00812618499992325
3347,-0.00595341724438333
3348,-0.00456942634806503
3349,-0.00353962269742641
3350,-0.00239896719586
3351,-0.00104071449351991
3352,0.00010659900642341
3353,0.000395218354614785
3354,-0.0001072586560408
3355,-4.88736092022374E-05
3356,0.00218774932445615
3357,0.00655095027802404
3358,0.0108515384392599
3359,0.0127375242844433
3360,0.0119580971263867
3361,0.010253323738859
3362,0.00920304379199147
3363,0.00876307842359056
3364,0.00791858083332775
3365,0.00611388530084274
3366,0.00367247351067155
3367,0.00122777958350073
3368,-0.000791187709721
3369,-0.00228727311902127
3370,-0.00348464046050197
3371,-0.00468398703019845
3372,-0.00575741589029236
3373,-0.00614813400716468
3374,-0.00586328691165138
3375,-0.00626063166546747
3376,-0.00901282700380138
3377,-0.0139571498975897
3378,-0.0186083581161723
3379,-0.0204287169924162
3380,-0.0193081810572882
3381,-0.017254167299089
3382,-0.0158788545816631
3383,-0.0149315311809939
3384,-0.0133378336305629
3385,-0.0108583063474032
3386,-0.00821817343334788
3387,-0.00608340577156548
3388,-0.0045220222118171
3389,-0.00329906289445616
3390,-0.00219156201956567
3391,-0.00106953114881076
3392,-9.32329620424684E-05
3393,0.000264752884127227
3394,-6.07071059645253E-05
3395,3.01604850787338E-05
3396,0.00211530483554424
3397,0.00635429353236393
3398,0.0107363540252199
3399,0.0128396461068895
3400,0.0122078762852235
3401,0.0104934461756086
3402,0.00937222646701793
3403,0.00892207006451961
3404,0.00813511901510291
3405,0.0063773859236583
3406,0.0039177462422079
3407,0.00140090899840074
3408,-0.000700038810170213
3409,-0.00224543435322481
3410,-0.00343478297355149
3411,-0.00458309796820262
3412,-0.00561693957360746
3413,-0.0060212214222758
3414,-0.00577623082817521
3415,-0.00617892023092876
3416,-0.00890265645488404
3417,-0.0138597977368422
3418,-0.0186002240337541
3419,-0.0204991166731954
3420,-0.0193305474981611
3421,-0.0171178404520585
3422,-0.015615281070426
3423,-0.0146656381194205
3424,-0.0131410142622722
3425,-0.010713730974159
3426,-0.00812142349699397
3427,-0.00608865955830795
3428,-0.00464615723101462
3429,-0.00344819774582195
3430,-0.00225898566995161
3431,-0.00107737312350118
3432,-0.000158092209335111
3433,9.98220584660918E-05
3434,-0.000243829925180687
3435,-9.75302590642251E-05
3436,0.00201029832997629
3437,0.00622459618995233
3438,0.0106435604515642
3439,0.0128948047952646
3440,0.0124049601095167
3441,0.0106867494857492
3442,0.00943450385799315
3443,0.00886329475372906
3444,0.00804246371284202
3445,0.00630231698412337
3446,0.00386692720496203
3447,0.00138827599876917
3448,-0.000662457126689247
3449,-0.002197918552335
3450,-0.00345390937123951
3451,-0.00470845584605739
3452,-0.00583083847402419
3453,-0.00629484057280885
3454,-0.00608006733097836
3455,-0.00643535878823746
3456,-0.00899893384863812
3457,-0.0137705517081406
3458,-0.0184672947134407
3459,-0.0205183237106254
3460,-0.019553192578248
3461,-0.0174205122374203
3462,-0.0158836470204974
3463,-0.0149415245057221
3464,-0.0135251247956328
3465,-0.011159105591047
3466,-0.00842243497651045
3467,-0.00611239540475697
3468,-0.00450784645872326
3469,-0.00338333032526582
3470,-0.00233933451007318
3471,-0.00113591366159743
3472,-1.99579992671072E-05
3473,0.00038482381146309
3474,-1.89151394241398E-05
3475,-3.23349828764912E-05
3476,0.00202409709525462
3477,0.00630928495310822
3478,0.0107168237891235
3479,0.0127311933405023
3480,0.0119135114344
3481,0.0100614431348392
3482,0.00899370929078938
3483,0.00876440016704628
3484,0.00818072634971824
3485,0.00646450836391172
3486,0.00393662213145064
3487,0.00139211285019885
3488,-0.000662121492128561
3489,-0.00219662670550858
3490,-0.00347651765651292
3491,-0.00472363479166998
3492,-0.00574499090414725
3493,-0.00605228427947233
3494,-0.00574666275518713
3495,-0.00614941492722949
3496,-0.00883551708103309
3497,-0.0136803991373486
3498,-0.0183627587516359
3499,-0.0203945051471788
3500,-0.0194944273073354
3501,-0.0174938877687436
3502,-0.0160590326540751
3503,-0.015128313190452
3504,-0.0136638587627485
3505,-0.0112555290903387
3506,-0.00850867935698672
3507,-0.00620827611555316
3508,-0.00462823020334159
3509,-0.00355865487221626
3510,-0.0026034572501684
3511,-0.00148572357863044
3512,-0.000394212108438078
3513,7.3539563053787E-05
3514,-0.000226014361776793
3515,-0.000192155003216174
3516,0.00179701197504119
3517,0.0059748552985395
3518,0.0104099957790342
3519,0.0126828768152001
3520,0.0122220102282163
3521,0.0105550540318207
3522,0.0093766597399337
3523,0.00891097190191872
3524,0.00823296699805772
3525,0.00660949986314732
3526,0.00414956232601899
3527,0.00148345539063826
3528,-0.000765338211316079
3529,-0.0023324446126451
3530,-0.00346915849986572
3531,-0.00464085606069074
3532,-0.00582003109205207
3533,-0.00635705390099442
3534,-0.00605728978520942
3535,-0.00619686598769977
3536,-0.00862022447716514
3537,-0.0134528455861057
3538,-0.0183181144886962
3539,-0.0204791310953228
3540,-0.0195269997858855
3541,-0.0173892521737526
3542,-0.0158734665542088
3543,-0.0149440737792831
3544,-0.0135193127056791
3545,-0.0111823465447709
3546,-0.00854525972371803
3547,-0.00632990871618008
3548,-0.00471552106186305
3549,-0.00349593066802138
3550,-0.00239564498404084
3551,-0.00123658176191559
3552,-0.000179384878083797
3553,0.000261229237417082
3554,-4.76961723223809E-05
3555,-5.66877255933023E-05
3556,0.00185651062381835
3557,0.00600045295519622
3558,0.0104826111307707
3559,0.0128157209202949
3560,0.0123395400501513
3561,0.0105884280136792
3562,0.00933330081196648
3563,0.00882626396541412
3564,0.00810091842438765
3565,0.00641730035373288
3566,0.00396083477507801
3567,0.0014133888078806
3568,-0.000684560668494134
3569,-0.00221182858648307
3570,-0.00344287686734783
3571,-0.00470620141546188
3572,-0.00584419606148499
3573,-0.00624201335189537
3574,-0.00585628969181897
3575,-0.0060529316860996
3576,-0.00862151886877251
3577,-0.0135714202108487
3578,-0.0184675858943946
3579,-0.0205980804107807
3580,-0.0196098039532418
3581,-0.0174612233776611
3582,-0.015947260041244
3583,-0.0149950895352356
3584,-0.0135095228166092
3585,-0.0111144336996471
3586,-0.00847857296766037
3587,-0.00631808410327341
3588,-0.00473838757157557
3589,-0.00348965241399744
3590,-0.00235516196379336
3591,-0.00124468149383443
3592,-0.000305904293798864
3593,5.9225488119928E-05
3594,-0.00021189551514373
3595,-0.00012830201687785
3596,0.00183198440236455
3597,0.00596190758206832
3598,0.0104268244538444
3599,0.0127618180085447
3600,0.012267301190804
3601,0.010461748124373
3602,0.00917004734721823
3603,0.00869130122363393
3604,0.00802096404227292
3605,0.00634420572158707
3606,0.00384213971340435
3607,0.00126778810295084
3608,-0.000795123580493034
3609,-0.00226666098340026
3610,-0.0034820722442859
3611,-0.00477440295137891
3612,-0.0059590702416885
3613,-0.00642376604961339
3614,-0.00612931127759619
3615,-0.00637059260342724
3616,-0.00882765892071094
3617,-0.0135205561405582
3618,-0.0182059690138311
3619,-0.0203645996690334
3620,-0.0196059823744095
3621,-0.0176524545967561
3622,-0.0161443818189901
3623,-0.0151099430712156
3624,-0.0136485643016766
3625,-0.011401814365179
3626,-0.00886687209630591
3627,-0.00664694030414299
3628,-0.00494330980138454
3629,-0.00366303363420069
3630,-0.00258815906471929
3631,-0.00148606312255503
3632,-0.000431229339876679
3633,7.81612880489172E-05
3634,-0.000153421519392893
3635,-0.00014097327746436
3636,0.00174150565606047
3637,0.00586396573706222
3638,0.010383806088093
3639,0.0128065413449123
3640,0.0124286228927413
3641,0.0107482270870187
3642,0.00951975086606824
3643,0.00899488944470049
3644,0.00823657411024229
3645,0.00656298742652275
3646,0.00419037563447017
3647,0.00174908562740586
3648,-0.000306375225935208
3649,-0.00186026378455706
3650,-0.00309724129374334
3651,-0.0042976995865725
3652,-0.00539734788576176
3653,-0.00590360705361182
3654,-0.00572582808440215
3655,-0.00601571946457497
3656,-0.00842523298975074
3657,-0.0130911643694952
3658,-0.0178564512256596
3659,-0.0201467176742255
3660,-0.019474014696716
3661,-0.0175503407059544
3662,-0.0160657268600205
3663,-0.0150556230332578
3664,-0.0135839938310862
3665,-0.0112890068712601
3666,-0.00870316273746023
3667,-0.00644468809310593
3668,-0.00470820177802526
3669,-0.00342237526570026
3670,-0.0024009295369226
3671,-0.00137761208276077
3672,-0.000346008799413422
3673,0.000204083435699766
3674,-1.4167560680945E-05
3675,-7.14004471405792E-05
3676,0.001728094561907
3677,0.00583189688439754
3678,0.0103379808369909
3679,0.012637040327603
3680,0.0120608125532904
3681,0.010292308117841
3682,0.00918044556604085
3683,0.00884299167174439
3684,0.00815215412783677
3685,0.00641480342001936
3686,0.00398887362514976
3687,0.00157779402388507
3688,-0.000447047612483256
3689,-0.00206356132340186
3690,-0.00342030587337109
3691,-0.00468362840613529
3692,-0.00573402451630583
3693,-0.00611648159644921
3694,-0.00580577552177127
3695,-0.00600522001214182
3696,-0.00840712765974658
3697,-0.0131539672245413
3698,-0.0180236537685496
3699,-0.0203480825782527
3700,-0.0196279589510867
3701,-0.0176773025738294
3702,-0.0162771572069211
3703,-0.0154090251010576
3704,-0.0139831755763743
3705,-0.0115718319199296
3706,-0.00881891486006544
3707,-0.0064990450446038
3708,-0.00481947500891941
3709,-0.0035764184493585
3710,-0.00248432769145396
3711,-0.00133040630220427
3712,-0.000231358023860076
3713,0.000282681724360867
3714,-1.64047020006904E-05
3715,-0.000148258469860112
3716,0.0015773887292279
3717,0.00561967651648022
3718,0.0101564921263144
3719,0.012636846797681
3720,0.0123080508013085
3721,0.0106660575520379
3722,0.00946020544523624
3723,0.00891344214647984
3724,0.00809674900273285
3725,0.00639199950697921
3726,0.00404102992325371
3727,0.00159833250066204
3728,-0.000556469612227463
3729,-0.00224770617907862
3730,-0.0035255179301969
3731,-0.00465069127741031
3732,-0.00568312628856303
3733,-0.00620446009647872
3734,-0.00602689360807277
3735,-0.00619014149364018
3736,-0.00842748669330661
3737,-0.0130770768585078
3738,-0.0180245746453609
3739,-0.020490840330056
3740,-0.0197765028589379
3741,-0.0176249206140776
3742,-0.0159385053933612
3743,-0.0148882220628642
3744,-0.0134874920999008
3745,-0.0112669200070173
3746,-0.00873487676822392
3747,-0.00654686057120079
3748,-0.00489943627353961
3749,-0.00367185511106618
3750,-0.00263678458280699
3751,-0.00153173213801911
3752,-0.000390422254030496
3753,0.000234363382594368
3754,-5.98280792454553E-06
3755,-0.000184840161764647
3756,0.00148900497181984
3757,0.00559468100798264
3758,0.0102675367999548
3759,0.0127886664046975
3760,0.012334613863304
3761,0.0105399610344326
3762,0.00934828909531077
3763,0.00900447930117348
3764,0.00840535903269489
3765,0.00676019669525637
3766,0.00432075676328602
3767,0.00180230492581123
3768,-0.000296306463081346
3769,-0.00185410247054723
3770,-0.00307995062657757
3771,-0.00430799310644767
3772,-0.00549604726897478
3773,-0.00606387174607486
3774,-0.00578205403527532
3775,-0.00579469927515021
3776,-0.00794264451558902
3777,-0.01256873116374
3778,-0.0175240207617639
3779,-0.0200610431607256
3780,-0.0195386975505044
3781,-0.0176489339429264
3782,-0.0161226443213376
3783,-0.0150140424027498
3784,-0.0134180167865569
3785,-0.0110594264042335
3786,-0.00853802242840391
3787,-0.00641803947371277
3788,-0.00476222625762976
3789,-0.00344339161477775
3790,-0.00234921024512283
3791,-0.0013047208626415
3792,-0.000305487307131697
3793,0.000200894294248929
3794,-8.61070185928562E-05
3795,-0.000283582590489841
3796,0.00134328322499955
3797,0.00538632377473899
3798,0.010048933887692
3799,0.0126507017476416
3800,0.0123237075886955
3801,0.0106060802091735
3802,0.00937603289982818
3803,0.00890611962268461
3804,0.00820168293244289
3805,0.00657374356576064
3806,0.00426971785743564
3807,0.00188558364765131
3808,-0.000195768036484594
3809,-0.00183732521908445
3810,-0.00312235624996982
3811,-0.00431418387824073
3812,-0.005449265755567
3813,-0.00605980342531168
3814,-0.00589282454805366
3815,-0.00596295796387519
3816,-0.00807694778384982
3817,-0.0127069854950819
3818,-0.0177978053753341
3819,-0.0204738144190818
3820,-0.0198859692310286
3821,-0.0177544176628049
3822,-0.0161036879034436
3823,-0.015185840558908
3824,-0.0139114835759485
3825,-0.0116429967124103
3826,-0.00889250496434351
3827,-0.00651494992371472
3828,-0.00486053191563711
3829,-0.00373365099335761
3830,-0.00272456116566241
3831,-0.00152613179443396
3832,-0.000299982532018946
3833,0.000287516729880769
3834,-8.86898380682917E-05
3835,-0.000413909640974647
3836,0.00115733942746303
3837,0.00524161466659222
3838,0.0100215321903388
3839,0.012761000488821
3840,0.01250318073691
3841,0.0107487297603843
3842,0.00946512953096754
3843,0.00904374297190314
3844,0.00845737254047758
3845,0.00684501747287284
3846,0.00437574325250204
3847,0.00179496253300173
3848,-0.000312229687406033
3849,-0.00180434748962906
3850,-0.00294641971718376
3851,-0.00413578018713425
3852,-0.00536955236741088
3853,-0.00607259612316183
3854,-0.00594634509936788
3855,-0.0060094061265065
3856,-0.008066140958275
3857,-0.0126060806403141
3858,-0.0176460163050187
3859,-0.0203691796022501
3860,-0.0198763706492011
3861,-0.0177631570008059
3862,-0.015994232250864
3863,-0.0148975083955834
3864,-0.013518258533213
3865,-0.0112872370785461
3866,-0.00866535899371909
3867,-0.0063824058902742
3868,-0.00469679571628746
3869,-0.00344808994644931
3870,-0.00236409139395414
3871,-0.00122408770076241
3872,-0.000110467896660578
3873,0.000459989558677274
3874,0.000180443429516098
3875,-7.45353238958897E-05
3876,0.00143750857236742
3877,0.00540071426371797
3878,0.0101098700953527
3879,0.0128063226682093
3880,0.0124359877949871
3881,0.0105314908670378
3882,0.00922924485021516
3883,0.00899566544345446
3884,0.00865887012792862
3885,0.0071678737587841
3886,0.00467698753474804
3887,0.00205183731613463
3888,-7.11338131694062E-05
3889,-0.00161454534959602
3890,-0.00287052626167717
3891,-0.00414368029215845
3892,-0.00533924904721091
3893,-0.00592357542147598
3894,-0.00571695508015532
3895,-0.00578083410039654
3896,-0.00785355813665622
3897,-0.0123595476854215
3898,-0.017333065217334
3899,-0.0200178241568597
3900,-0.0195459373528045
3901,-0.0175068199569477
3902,-0.0158540763259651
3903,-0.0148984799707051
3904,-0.0136385820527501
3905,-0.0114478097033464
3906,-0.00878213906698145
3907,-0.00644243585151189
3908,-0.00476776837865223
3909,-0.00360046981628332
3910,-0.00259063977597872
3911,-0.0014439756963003
3912,-0.000239633899033047
3913,0.000458263637030802
3914,0.000293301030101581
3915,9.36388177483809E-05
3916,0.00155911803534186
3917,0.00539457660013126
3918,0.0100269070371583
3919,0.0128411122334808
3920,0.0127458088218473
3921,0.0110256872214271
3922,0.00959992207795597
3923,0.00900382434907417
3924,0.00836168916603946
3925,0.00682631427561698
3926,0.00447340486996573
3927,0.00195701083549392
3928,-0.000170799780847334
3929,-0.00174946805211062
3930,-0.00299351538594825
3931,-0.0042450637349423
3932,-0.00547501811253255
3933,-0.00612227600134057
3934,-0.00591912029017235
3935,-0.00590828959796314
3936,-0.00791349886813648
3937,-0.0124382790275734
3938,-0.0174881893274593
3939,-0.0202128092855624
3940,-0.0197089194703191
3941,-0.017629559511262
3942,-0.0159989231781011
3943,-0.0151109282046841
3944,-0.0138847226609109
3945,-0.0116504965760914
3946,-0.00889447810476381
3947,-0.00646784678285123
3948,-0.00473379004014943
3949,-0.00354995328743944
3950,-0.00259096484819462
3951,-0.0015603404561605
3952,-0.000479566974223596
3953,0.000151942588583893
3954,-1.7990893834286E-05
3955,-0.000201918638689125
3956,0.00128574369598987
3957,0.00516876163379435
3958,0.00986096464960339
3959,0.0126911679864773
3960,0.0125508433602664
3961,0.0107935368249478
3962,0.00941239259862244
3963,0.00892083647529152
3964,0.00835035146531313
3965,0.00679863621770378
3966,0.00436230830150211
3967,0.00173994549822386
3968,-0.000479384363532911
3969,-0.00208326995810891
3970,-0.00324111407671307
3971,-0.00433606555420611
3972,-0.00546648446234454
3973,-0.00614447341904337
3974,-0.00601038906284165
3975,-0.00595069438649748
3976,-0.00777538054791444
3977,-0.0121556889734209
3978,-0.0172540645399913
3979,-0.0201870628586802
3980,-0.0198782020591064
3981,-0.0178564375431428
3982,-0.0161624298266873
3983,-0.0151755767678312
3984,-0.013876406633505
3985,-0.0116206478679492
3986,-0.00890512763631768
3987,-0.00655996218784521
3988,-0.00488232138667555
3989,-0.00366881709391491
3990,-0.00260314878083858
3991,-0.00145706042319285
3992,-0.000306178720288524
3993,0.000340509265553015
3994,0.000126506117392804
3995,-0.000176039563284449
3996,0.00114752687214182
3997,0.00492523069778327
3998,0.00966362290652265
3999,0.0126561524971734
4000,0.012656536196236
4001,0.0109365234411997
4002,0.00954762641870793
4003,0.00910031733204373
4004,0.00862628971438429
4005,0.00714923921457857
4006,0.0047424580231598
4007,0.00214651123410634
4008,-5.67941963365859E-05
4009,-0.00174571872438302
4010,-0.00311715935836015
4011,-0.00440405817942059
4012,-0.00551302509181348
4013,-0.00597377548443978
4014,-0.00567100260597323
4015,-0.00568206192056562
4016,-0.00772628176834186
4017,-0.0122250536649361
4018,-0.0172434170962634
4019,-0.0200497907573291
4020,-0.0197466116804154
4021,-0.0178438257030432
4022,-0.0162283370806889
4023,-0.0152232977431923
4024,-0.0139176557127775
4025,-0.0117610235138521
4026,-0.00917439894399502
4027,-0.00683973295150297
4028,-0.00504852409952935
4029,-0.00375842425293114
4030,-0.00276590700848719
4031,-0.00174294873431381
4032,-0.000574500440094706
4033,0.000254213240870053
4034,0.000196003925914441
4035,-0.000146252094550918
4036,0.00100637403157627
4037,0.00469059184168398
4038,0.00950250355800454
4039,0.0126175685968988
4040,0.0126443054565888
4041,0.010860474173164
4042,0.00942062016616073
4043,0.00896799051877576
4044,0.00847696169135294
4045,0.00695610006524903
4046,0.00455735934210764
4047,0.00207696744142866
4048,3.07601701431694E-05
4049,-0.00157072477415236
4050,-0.00295061439684886
4051,-0.00429442398831426
4052,-0.00549300316105931
4053,-0.00609337359543829
4054,-0.00592589715622727
4055,-0.00594247570394231
4056,-0.00783211266837304
4057,-0.0121730394126878
4058,-0.0172059557692446
4059,-0.0201621771956342
4060,-0.0199352331615508
4061,-0.0179352997421511
4062,-0.0161909530988132
4063,-0.0152027157955438
4064,-0.0140244970655384
4065,-0.0119233074303683
4066,-0.00926125956783797
4067,-0.00685442222770468
4068,-0.00509377780380855
4069,-0.00383874269365781
4070,-0.00275715660559916
4071,-0.00160630868256376
4072,-0.000485214778771434
4073,0.000115278070176863
4074,-6.14690426544362E-05
4075,-0.000183295820274455
4076,0.00134992395018428
4077,0.00516183432064065
4078,0.00971675674015009
4079,0.0125192308966639
4080,0.0125530918758135
4081,0.0110455869481539
4082,0.00976106322800703
4083,0.00912404350350709
4084,0.00831351246428022
4085,0.00666109677536506
4086,0.00435541997141842
4087,0.00196980642380018
4088,-0.000111440192664349
4089,-0.00176544416665542
4090,-0.00307364002277906
4091,-0.00426593419740985
4092,-0.00537238629828953
4093,-0.0059625595721774
4094,-0.00577716868380595
4095,-0.00574574445156908
4096,-0.0076408089016339
4097,-0.0120663862717939
4098,-0.0171509621716511
4099,-0.0200353805691061
4100,-0.0196999318518188
4101,-0.0177073468719926
4102,-0.0160775387628785
4103,-0.015148119645185
4104,-0.0138979436732121
4105,-0.011716935836525
4106,-0.00909612743971929
4107,-0.00678822510374507
4108,-0.00503181114251954
4109,-0.0036850116374145
4110,-0.00255997767280493
4111,-0.00146039578189527
4112,-0.000351346049460146
4113,0.00035601769210626
4114,0.000246824551677086
4115,-4.44897290573319E-05
4116,0.00117233329117343
4117,0.00484947471156135
4118,0.0096018437106958
4119,0.0126873464335766
4120,0.0127478880809355
4121,0.0110029621470843
4122,0.00953437436511945
4123,0.00899786206545496
4124,0.00845721575066247
4125,0.00696689262225329
4126,0.00460518529558349
4127,0.00206753659133929
4128,-9.90322326909586E-05
4129,-0.00172709845718546
4130,-0.00296268328790727
4131,-0.00413209797241845
4132,-0.00533044409526048
4133,-0.00609974048302298
4134,-0.00604046336860917
4135,-0.005938358261985
4136,-0.00759046180593405
4137,-0.0118058081812967
4138,-0.0168884600154993
4139,-0.019935345636307
4140,-0.0197339263929444
4141,-0.0177326623033365
4142,-0.0160038376718835
4143,-0.0149859809685334
4144,-0.0136970202838822
4145,-0.0115365297014305
4146,-0.00902069183579837
4147,-0.00687837720343427
4148,-0.00522375180234956
4149,-0.00380822987027708
4150,-0.00251477654027975
4151,-0.00133772572044902
4152,-0.000312525743265407
4153,0.000286845754404424
4154,0.000181557221033451
4155,-6.11887654250544E-05
4156,0.001094719525719
4157,0.00463120128650553
4158,0.00937892363606991
4159,0.0126923846607548
4160,0.0130179121674974
4161,0.0113205589016705
4162,0.00969543375556918
4163,0.00904371641032027
4164,0.00857202625920268
4165,0.00721876949891714
4166,0.00489602906760794
4167,0.00231020091854422
4168,0.000120435504884169
4169,-0.00149787313867406
4170,-0.00277651382220572
4171,-0.00403413601807018
4172,-0.00523893647900104
4173,-0.00588539296148629
4174,-0.00571151060442181
4175,-0.0056546484128843
4176,-0.0074799261400394
4177,-0.0118458398419068
4178,-0.0169936247599234
4179,-0.0200776282966561
4180,-0.0199145360303181
4181,-0.0179043612784151
4182,-0.0161237668641958
4183,-0.0151247816872541
4184,-0.0139829902408098
4185,-0.0119542756216342
4186,-0.00935269150256544
4187,-0.00692137527114843
4188,-0.00502620208421381
4189,-0.00362125979310706
4190,-0.00252101880608774
4191,-0.00149786429865858
4192,-0.000484502194506915
4193,0.000158784237530682
4194,5.25919608563965E-05
4195,-0.000209158633606284
4196,0.000993077460543798
4197,0.00463336618340881
4198,0.00943702219080486
4199,0.0126899988222415
4200,0.0128930784183429
4201,0.0111215313350158
4202,0.00951081603156129
4203,0.00890357996529365
4204,0.00843487940392095
4205,0.00704418241164394
4206,0.00470484020259845
4207,0.0021637322914897
4208,5.17877478326822E-05
4209,-0.00151829574827763
4210,-0.00280972814542239
4211,-0.00411856620119797
4212,-0.00536661085267139
4213,-0.00601616668536459
4214,-0.0058011419774885
4215,-0.00567927279241149
4216,-0.00745244621872946
4217,-0.0118138767666346
4218,-0.01701114928748
4219,-0.0201680006448543
4220,-0.0200602818138251
4221,-0.0180734135313719
4222,-0.0162976592941201
4223,-0.0152952627362467
4224,-0.0141291885071747
4225,-0.0120422842820543
4226,-0.00936796980716831
4227,-0.00689382235964595
4228,-0.00500842073400202
4229,-0.00363704888270759
4230,-0.00254369270232279
4231,-0.00148837493440687
4232,-0.000449456667406372
4233,0.000157304470051002
4234,-4.86898885303646E-05
4235,-0.000416256885105572
4236,0.000727439748868833
4237,0.0043547809080754
4238,0.00915857991722332
4239,0.0124244449044685
4240,0.0126938778381961
4241,0.0110594633083596
4242,0.0096024387600594
4243,0.00908309383715292
4244,0.00861201695522228
4245,0.0071790863251027
4246,0.00481163610327261
4247,0.00225196360559097
4248,9.37665510019655E-05
4249,-0.00155301654305996
4250,-0.0029076586377787
4251,-0.00423383529092355
4252,-0.00548215094014357
4253,-0.00617593856254212
4254,-0.00606079743577668
4255,-0.00601351821561406
4256,-0.00772209892999437
4257,-0.0118594930037902
4258,-0.0168092124234483
4259,-0.019886572390997
4260,-0.0199233887713408
4261,-0.0181523128257828
4262,-0.0164553625051831
4263,-0.0153517630041554
4264,-0.0140561260466393
4265,-0.0119665865991142
4266,-0.00940787895922081
4267,-0.00704602821529541
4268,-0.00520167141267918
4269,-0.00383731856840474
4270,-0.00275900382815464
4271,-0.00169756844563531
4272,-0.000585590675019751
4273,0.000137347381705793
4274,9.2602605616745E-06
4275,-0.000371542972312463
4276,0.000691071273434866
4277,0.00423990929862734
4278,0.00902577139333033
4279,0.0123325018258028
4280,0.0126306448618804
4281,0.0109314926747766
4282,0.00932920042630683
4283,0.00872243861951033
4284,0.00835560016397257
4285,0.00717455924525202
4286,0.00499744473361568
4287,0.00241970505296501
4288,0.000125777194411578
4289,-0.0015567710091297
4290,-0.00277545289091018
4291,-0.00395640418344769
4292,-0.00523533134620361
4293,-0.00610337232556036
4294,-0.00609353368800827
4295,-0.00595243535470552
4296,-0.00747926007215846
4297,-0.0115656002842046
4298,-0.0166681053466044
4299,-0.0199565749323233
4300,-0.0200701679720921
4301,-0.0182009175153232
4302,-0.0163555811032788
4303,-0.0151931114603701
4304,-0.013955250883921
4305,-0.0119614430681087
4306,-0.00944541473088514
4307,-0.00704447290513033
4308,-0.00512644902517041
4309,-0.00373480850969329
4310,-0.00271538059145415
4311,-0.0017434306685427
4312,-0.000644159093017871
4313,0.000175311593526427
4314,0.00014913324167607
4315,-0.000251374293778254
4316,0.000688638608400702
4317,0.00416964684063368
4318,0.00904404151853928
4319,0.0125153591354777
4320,0.0129105621122421
4321,0.0112242421045737
4322,0.00964559942583199
4323,0.00909363958718765
4324,0.00869756552781974
4325,0.00732399974850353
4326,0.00490193329990018
4327,0.00222488698473045
4328,3.21764709020537E-05
4329,-0.00149148242771447
4330,-0.00265644311778805
4331,-0.00390515123668798
4332,-0.00526943445214125
4333,-0.0061543997357325
4334,-0.0060969662918561
4335,-0.00589886716203268
4336,-0.00739472520855143
4337,-0.011461579118436
4338,-0.0165188398271204
4339,-0.0197347048501375
4340,-0.0198074516600909
4341,-0.0179913103554725
4342,-0.0162708105107583
4343,-0.0152027792605547
4344,-0.013957603562048
4345,-0.0118897228735719
4346,-0.00931011038865153
4347,-0.00687403004121504
4348,-0.00491813600141585
4349,-0.00349570693189123
4350,-0.00250924603380832
4351,-0.00164064008046449
4352,-0.000627737599336765
4353,0.000209031644583835
4354,0.000282573171078232
4355,-4.10638571371242E-05
4356,0.000876859757891445
4357,0.00425307591107519
4358,0.0090196855941426
4359,0.0124605304740762
4360,0.0129274937917982
4361,0.0113497058215877
4362,0.00980080018507169
4363,0.00916179183153328
4364,0.00868059125614498
4365,0.00737988544348444
4366,0.00516168120164754
4367,0.00258785442039336
4368,0.000231091900586395
4369,-0.00158164499655604
4370,-0.00284124619014587
4371,-0.00387396278772481
4372,-0.00494510907251664
4373,-0.00575100900782992
4374,-0.00582586469175552
4375,-0.00572624892850749
4376,-0.00716561752897152
4377,-0.0111846950869854
4378,-0.0163838617047437
4379,-0.0198285035877455
4380,-0.019944820202337
4381,-0.0179270872364256
4382,-0.0160167957532672
4383,-0.0150145850740567
4384,-0.0140164746237675
4385,-0.0121171209815719
4386,-0.00953703878341989
4387,-0.00707569345581437
4388,-0.00517511755721029
4389,-0.00378694334793895
4390,-0.00269065524725802
4391,-0.00165011963712027
4392,-0.000593115918519641
4393,0.000137556404183338
4394,0.000134024351019004
4395,-0.000112510293079087
4396,0.000943707461406968
4397,0.00436093064078782
4398,0.00906988224017912
4399,0.0124850323371936
4400,0.0130204541044991
4401,0.0115286954161264
4402,0.00999408963592139
4403,0.00930125602402667
4404,0.00875197993217463
4405,0.00740303818357826
4406,0.00518800937191552
4407,0.00271408955725845
4408,0.000534709738131974
4409,-0.00116160368359618
4410,-0.00250220509424619
4411,-0.00376559990172198
4412,-0.00500935277789514
4413,-0.00580217266917156
4414,-0.00577079506440536
4415,-0.00562682686820177
4416,-0.00707508349274541
4417,-0.0110254717030605
4418,-0.016073657533012
4419,-0.0194756507189123
4420,-0.0197968282629782
4421,-0.0180906249512701
4422,-0.0163087900143662
4423,-0.0151518079393384
4424,-0.0139082965989364
4425,-0.0119035903037152
4426,-0.00936686447465458
4427,-0.0069444998557192
4428,-0.00501163959025001
4429,-0.00361286175920694
4430,-0.00260100081547111
4431,-0.00165201372785944
4432,-0.000561483642895497
4433,0.000291365019488642
4434,0.000303414401283221
4435,-0.000136725201073846
4436,0.000671533905546651
4437,0.00403405211547644
4438,0.00891708795062728
4439,0.0125089175201811
4440,0.0130187616195647
4441,0.0113658656387843
4442,0.0097665470530357
4443,0.00919068862521443
4444,0.00878170741108504
4445,0.00742249111261192
4446,0.00507777536505484
4447,0.00251684538215266
4448,0.000362887818886514
4449,-0.00127040820950196
4450,-0.00258474196644455
4451,-0.003839889460228
4452,-0.00505300841101168
4453,-0.00580729263404154
4454,-0.0057570671946906
4455,-0.00559751884146505
4456,-0.0070147092091552
4457,-0.0109528136594379
4458,-0.0160443572792708
4459,-0.0195028325755546
4460,-0.0198086226508012
4461,-0.0180070740088057
4462,-0.01613897051767
4463,-0.0149816562405673
4464,-0.0138096981265765
4465,-0.011888050315984
4466,-0.00940694408817766
4467,-0.0069906504148141
4468,-0.00499289545302542
4469,-0.00347890309557486
4470,-0.00238600610815704
4471,-0.00145375010859236
4472,-0.000422294074514287
4473,0.000454503769548615
4474,0.000607942967888468
4475,0.000308227456958433
4476,0.00111221900164572
4477,0.00431631256260054
4478,0.00901483494291336
4479,0.0125262165441293
4480,0.0130804020854374
4481,0.0115167213374069
4482,0.00996005533656177
4483,0.00935875299497356
4484,0.00891401208642074
4485,0.00757156147445984
4486,0.00527525001665236
4487,0.00269946967158303
4488,0.000421421601586133
4489,-0.00135387358532771
4490,-0.00269187011519457
4491,-0.00385158476450553
4492,-0.00500675673018024
4493,-0.00585574646923519
4494,-0.00596152171748397
4495,-0.00582956727131915
4496,-0.00711191056131334
4497,-0.0109286791621723
4498,-0.016070087198904
4499,-0.0196899018870788
4500,-0.020093222990067
4501,-0.0182795843708492
4502,-0.016406311129062
4503,-0.015315797022697
4504,-0.0141765028763813
4505,-0.0121457786642885
4506,-0.00950902612408052
4507,-0.00709421980225549
4508,-0.0052817694050528
4509,-0.00392353949687686
4510,-0.00277729579461922
4511,-0.00167351727013618
4512,-0.000586077346284325
4513,0.000160992891225968
4514,0.000156018419653522
4515,-0.000177295310502863
4516,0.00069548587747101
4517,0.00397135426588742
4518,0.00873431499762277
4519,0.012354657748037
4520,0.0130392080963269
4521,0.0115336583553423
4522,0.00993848238054901
4523,0.00928724921911593
4524,0.00885043099968892
4525,0.00754150418019801
4526,0.005257471195891
4527,0.00271048388378392
4528,0.00053076798334748
4529,-0.00113979435959839
4530,-0.00249983687878376
4531,-0.00381486256166409
4532,-0.00507791341705285
4533,-0.0058245679715846
4534,-0.00569297923665342
4535,-0.00543584318101058
4536,-0.00683753279273866
4537,-0.0108849683149189
4538,-0.0161371993691377
4539,-0.01968277880206
4540,-0.0199666102413015
4541,-0.0181326400478186
4542,-0.0163272507024932
4543,-0.0152962355097001
4544,-0.014186040358091
4545,-0.0122163627768342
4546,-0.00968028836658748
4547,-0.00730053496055469
4548,-0.00537197211969913
4549,-0.0038217965194814
4550,-0.00257586382454549
4551,-0.0015227334753436
4552,-0.000518437675223318
4553,0.000241537076765736
4554,0.00031156951661966
4555,-3.39146626873541E-05
4556,0.00067171990568612
4557,0.00372670355954468
4558,0.00836506183972368
4559,0.0119945811872559
4560,0.012735577594279
4561,0.0112471603090301
4562,0.0096397688347677
4563,0.00901933344748953
4564,0.00868308709852216
4565,0.00747409153588658
4566,0.00518985924331303
4567,0.0025325884000073
4568,0.000244396591654649
4569,-0.00140604364583136
4570,-0.00261831155822307
4571,-0.00379854830089049
4572,-0.00507536281045463
4573,-0.00596835194043459
4574,-0.00596468017904205
4575,-0.00568799728210119
4576,-0.00693898610829438
4577,-0.0108341593760301
4578,-0.0160406777447144
4579,-0.01964153801105
4580,-0.0199912191252971
4581,-0.0181621431605171
4582,-0.0163161794480825
4583,-0.0152679524247884
4584,-0.0141923324441616
4585,-0.0122531511282089
4586,-0.00967353709429745
4587,-0.00720172304471982
4588,-0.00525904243976972
4589,-0.00386429889938418
4590,-0.00286817463125309
4591,-0.00195856314241615
4592,-0.000863664803888987
4593,0.000135077882259603
4594,0.000376529214688603
4595,1.74975512232569E-05
4596,0.000621175780392652
4597,0.00367109192988324
4598,0.00845950070920416
4599,0.01227170646594
4600,0.0130825630779129
4601,0.0115444580047329
4602,0.00987051716692389
4603,0.00923042469280974
4604,0.00889144798245366
4605,0.00766557898722356
4606,0.00538758596590173
4607,0.00279212044758739
4608,0.000555953893167415
4609,-0.00115418756623901
4610,-0.00252383999545588
4611,-0.00381504521108035
4612,-0.0050515589709819
4613,-0.0058146135936882
4614,-0.00572930908388579
4615,-0.00546071386893809
4616,-0.00673835505099431
4617,-0.0106334823260705
4618,-0.0158632130157012
4619,-0.0195604538511154
4620,-0.0200312096100193
4621,-0.0182515684588477
4622,-0.0163594514823823
4623,-0.0152361229649099
4624,-0.0141222074470054
4625,-0.01218319313819
4626,-0.00960631835757406
4627,-0.00711010372163131
4628,-0.00509760933784297
4629,-0.00358436474697926
4630,-0.00245847338341003
4631,-0.00148302683365184
4632,-0.00043963423771415
4633,0.000408883156464215
4634,0.000470096677998624
4635,-3.71296403201034E-05
4636,0.000487501037944159
4637,0.00355220888005234
4638,0.00844711042016799
4639,0.0123995316656174
4640,0.0132928812769162
4641,0.0117288310987498
4642,0.00995333776841774
4643,0.00921524303445375
4644,0.00884340069039799
4645,0.0076669795346935
4646,0.00549785035309693
4647,0.00301148986820117
4648,0.000813246124366602
4649,-0.000951149351745867
4650,-0.0023975420987894
4651,-0.00369172292275161
4652,-0.00485943504750472
4653,-0.00560594944834738
4654,-0.00565946443598861
4655,-0.00561718359901331
4656,-0.00702208251016047
4657,-0.0108559232281461
4658,-0.0159518590557465
4659,-0.0196137862193037
4660,-0.0201576894023195
4661,-0.0184170943422005
4662,-0.0164466995442599
4663,-0.0152150329606923
4664,-0.0140849037639612
4665,-0.0122154759106839
4666,-0.00970698835958919
4667,-0.00726443483204011
4668,-0.00534656176613504
4669,-0.00394692136437368
4670,-0.00283558072687504
4671,-0.00173497449375082
4672,-0.00055443903336258
4673,0.000310696051630458
4674,0.000314734485806929
4675,-0.000178639728562422
4676,0.000447992420942553
4677,0.00356530971651279
4678,0.00837438230015014
4679,0.0121815283674702
4680,0.0129996131337704
4681,0.0114658646756283
4682,0.00979244739469462
4683,0.00920222980794301
4684,0.00897205463775931
4685,0.00781253494121002
4686,0.0054669094472493
4687,0.00273838324052404
4688,0.000467757110063485
4689,-0.00113009460777082
4690,-0.00236976640363279
4691,-0.00365351886879561
4692,-0.00500269552494182
4693,-0.00589344700422099
4694,-0.005867911594907
4695,-0.00556968692752
4696,-0.00674160741849483
4697,-0.0105047471923766
4698,-0.0156607501902725
4699,-0.0193893625223602
4700,-0.0199409657559157
4701,-0.0181983610145336
4702,-0.0162931509941373
4703,-0.0151850066692435
4704,-0.0141463916624645
4705,-0.0122735054879648
4706,-0.00969433016118462
4707,-0.00717824526779756
4708,-0.00521393155286958
4709,-0.00380072915516636
4710,-0.00272216647817605
4711,-0.00168893947929083
4712,-0.000539562229694415
4713,0.000389177002685407
4714,0.000493365582078052
4715,3.98360510021254E-06
4716,0.000502874303137182
4717,0.0034872945317478
4718,0.00829647191975314
4719,0.0122207817444064
4720,0.013141887732096
4721,0.0116199103448087
4722,0.00990595208556132
4723,0.00928532975118092
4724,0.00904205933792666
4725,0.00786499690086393
4726,0.00548928363125897
4727,0.00270985611972591
4728,0.000354072571224496
4729,-0.00133595423261597
4730,-0.00259972105241465
4731,-0.00380989538006858
4732,-0.00507131441108924
4733,-0.00596147764558521
4734,-0.00599043402723899
4735,-0.00566398252059383
4736,-0.0066870340628607
4737,-0.0103381690816714
4738,-0.0155892924473805
4739,-0.0195691772245144
4740,-0.0202990269983807
4741,-0.0185316488056669
4742,-0.0165084355849244
4743,-0.0153626444897785
4744,-0.0143742753042968
4745,-0.0125145532342086
4746,-0.00986889481361697
4747,-0.00730743225889357
4748,-0.00539125014642897
4749,-0.00404369426346155
4750,-0.00294913240886908
4751,-0.00186427423960507
4752,-0.000751860112907364
4753,5.90684198115393E-05
4754,0.000125455099350782
4755,-0.000233177813577028
4756,0.000436009360751925
4757,0.00344602828364736
4758,0.00814459266412718
4759,0.0120021711375946
4760,0.0129955053757668
4761,0.0115682972689939
4762,0.00981919317181803
4763,0.00906534672352329
4764,0.00876862831216867
4765,0.0077117766046145
4766,0.00553086634106713
4767,0.00286222608978912
4768,0.000489259222848073
4769,-0.0012705168737586
4770,-0.00258280564618276
4771,-0.00381287533585763
4772,-0.00508308050482705
4773,-0.00596975404513398
4774,-0.00598266173329503
4775,-0.0056501404339781
4776,-0.00669066369127427
4777,-0.0103566187379248
4778,-0.015591187481022
4779,-0.0195457020175803
4780,-0.0202883594580377
4781,-0.0185617901290396
4782,-0.0165365468653913
4783,-0.0153197182769977
4784,-0.0142731508912191
4785,-0.0124608947850705
4786,-0.0099325077394693
4787,-0.00741802542408313
4788,-0.00541142414185937
4789,-0.00393241270527515
4790,-0.00279709077579011
4791,-0.00175957464899976
4792,-0.00067171732215544
4793,0.000179291868592028
4794,0.000256498615276513
4795,-0.0002065462386221
4796,0.00030936527862065
4797,0.0032664714525405
4798,0.00805141724062016
4799,0.0120157278243606
4800,0.0130235716871886
4801,0.0115607754931916
4802,0.0098500573387853
4803,0.00922496622102505
4804,0.00901468285678416
4805,0.00788858742092943
4806,0.00554183896570652
4807,0.0027747315429212
4808,0.000443276227723047
4809,-0.00122266135366729
4810,-0.00250496739859697
4811,-0.00377531565074439
4812,-0.00508389634351508
4813,-0.00597943703021684
4814,-0.00601012683247704
4815,-0.00571384032857086
4816,-0.00675001784067625
4817,-0.0103368936796661
4818,-0.0154895236025947
4819,-0.0194630773265706
4820,-0.020322775187292
4821,-0.0186976340481349
4822,-0.0166739027135333
4823,-0.0153920083079841
4824,-0.0142927127101257
4825,-0.0124592834135316
4826,-0.00991390415129709
4827,-0.00739301310436099
4828,-0.00542921588453058
4829,-0.00403195256442516
4830,-0.00294133208424041
4831,-0.00186055446280319
4832,-0.000684185796601943
4833,0.000214995627951364
4834,0.000263280527976013
4835,-0.00027945843579942
4836,0.000150563768236588
4837,0.00306000829434891
4838,0.00787790685354408
4839,0.0119519899662566
4840,0.0130570399672349
4841,0.0115740040043662
4842,0.00974218276389972
4843,0.00904509410057078
4844,0.00892420243854611
4845,0.00797629879570762
4846,0.00572007888334427
4847,0.00288797966572342
4848,0.000441453538211088
4849,-0.00126319075708198
4850,-0.00250925715564548
4851,-0.00375404732268931
4852,-0.00507977404882362
4853,-0.0059885908864545
4854,-0.00600435984706207
4855,-0.00571470615911527
4856,-0.00682078589432752
4857,-0.0104864717708769
4858,-0.0156265838944273
4859,-0.0194851005926208
4860,-0.0202446521781628
4861,-0.0186570495219626
4862,-0.0167956402852327
4863,-0.015665303302657
4864,-0.0145998351775988
4865,-0.0127062125987459
4866,-0.0100972872796713
4867,-0.00753858477982657
4868,-0.00551694193691734
4869,-0.00402911700548636
4870,-0.00289120565286094
4871,-0.0018728594658251
4872,-0.000807655242128721
4873,7.37485000158437E-05
4874,0.000247550009479242
4875,-0.000143430225135668
4876,0.000308767605469718
4877,0.00308885364150531
4878,0.00774854835080076
4879,0.0117575647078966
4880,0.0128947936699514
4881,0.0114592367071952
4882,0.00963526034579711
4883,0.0089359173303937
4884,0.00886697974521705
4885,0.00803514829215849
4886,0.00589064453211929
4887,0.00309078354278609
4888,0.000602349736282102
4889,-0.00114503289867541
4890,-0.00240257375594026
4891,-0.00369562265959697
4892,-0.00517693242240657
4893,-0.00628252405761175
4894,-0.00636398182685411
4895,-0.00593113687479911
4896,-0.00681941360330999
4897,-0.0104010301036187
4898,-0.015643346435958
4899,-0.0196533549111866
4900,-0.0204690676111196
4901,-0.0188359324735752
4902,-0.0169085130704806
4903,-0.0157374743928178
4904,-0.0146481133803522
4905,-0.0127445013990702
4906,-0.0101494858568937
4907,-0.00760940610138216
4908,-0.00557579480783434
4909,-0.00405801620550818
4910,-0.00292805787920315
4911,-0.00196608606858785
4912,-0.000939310825265643
4913,-3.15301443826079E-05
4914,0.000176831615976132
4915,-0.00025867194050945
4916,9.03300096185223E-05
4917,0.00283344229013317
4918,0.00759954118223314
4919,0.0117967298416044
4920,0.0130882910016998
4921,0.0117249051039938
4922,0.00990248189817473
4923,0.00912775876368355
4924,0.00889607049185539
4925,0.00788296244124415
4926,0.0056646419654857
4927,0.00293335781385756
4928,0.000536515606620154
4929,-0.001219098917875
4930,-0.00253617333849895
4931,-0.00377994739745852
4932,-0.00506274323407934
4933,-0.00597629842770078
4934,-0.00602589033130981
4935,-0.00567351665191519
4936,-0.0065851808334494
4937,-0.0100841795505885
4938,-0.0152690259190955
4939,-0.0193610994363531
4940,-0.0203332679598016
4941,-0.0187778575425137
4942,-0.0168044660052923
4943,-0.0155574787818332
4944,-0.0144593291542791
4945,-0.0126263447188672
4946,-0.0101500258935109
4947,-0.00774688736197487
4948,-0.00581521687108097
4949,-0.00429151796941705
4950,-0.00304310758014136
4951,-0.00195518968536876
4952,-0.000899882749809538
4953,-3.74137811367715E-05
4954,0.0001561619570613
4955,-0.000242238510387136
4956,0.000102763598746451
4957,0.00275089454641691
4958,0.00742978691368612
4959,0.011670501360061
4960,0.0130988104533406
4961,0.0117984737486903
4962,0.00988754241582312
4963,0.00898944984179503
4964,0.00875910272283146
4965,0.00787697066530755
4966,0.00578473962765887
4967,0.00308029679911646
4968,0.000648460888484795
4969,-0.00112778622080936
4970,-0.00244880133786923
4971,-0.0037268644097722
4972,-0.0050746943067843
4973,-0.00602520589413396
4974,-0.00604437785296185
4975,-0.00562228149001826
4976,-0.00648263026719838
4977,-0.0099846754366779
4978,-0.0152350922368644
4979,-0.0194378605751289
4980,-0.0205055639513932
4981,-0.0189494321151711
4982,-0.0168674261958871
4983,-0.0155113744479237
4984,-0.0144281158655041
4985,-0.0127160179489433
4986,-0.010309116147958
4987,-0.00782177271325966
4988,-0.00574651946047037
4989,-0.00419881161610227
4990,-0.00308123001716947
4991,-0.0021243826960769
4992,-0.00105074533558518
4993,-5.44392578866262E-05
4994,0.000228989034337631
4995,-0.000207031271839652
4996,5.21320559898255E-05
4997,0.00269379828590217
4998,0.00746653141814405
4999,0.0118025619363479
5000,0.0132333267150905
5001,0.0118601036793121
5002,0.00990333732814227
5003,0.00905171376182364
5004,0.00891400639487075
5005,0.00807177657168359
5006,0.00593419272805238
5007,0.00316625207288568
5008,0.000726934182541065
5009,-0.00101234002909272
5010,-0.00231853593166205
5011,-0.00362404357957537
5012,-0.00499167209839465
5013,-0.00591823605073363
5014,-0.00590772312806253
5015,-0.00550602759547513
5016,-0.00642318305200683
5017,-0.00994915289644831
5018,-0.0151610968285564
5019,-0.0193140849264184
5020,-0.020387950058344
5021,-0.0189029958390044
5022,-0.0169124342892362
5023,-0.0156220476507523
5024,-0.014557153193191
5025,-0.0128138980845666
5026,-0.0103419833967368
5027,-0.0077863200868792
5028,-0.00565913941442055
5029,-0.00406746223679919
5030,-0.00290599101886803
5031,-0.00193163649160648
5032,-0.00089245354258283
5033,5.98242720932961E-05
5034,0.00037846127817
5035,6.6871857560622E-05
5036,0.000408602946928605
5037,0.0029468792584376
5038,0.00746402262752722
5039,0.0116075087928851
5040,0.0130852740285226
5041,0.0119448589453712
5042,0.0101856667608016
5043,0.00934450151284147
5044,0.0090827561768098
5045,0.00814480335166422
5046,0.00603097568193347
5047,0.0033613574920947
5048,0.00100006381980081
5049,-0.000723302624143855
5050,-0.00205765844002376
5051,-0.0034189270121155
5052,-0.00487916699168533
5053,-0.00591980019937931
5054,-0.0059635574023902
5055,-0.00546864696637163
5056,-0.00616489459486684
5057,-0.00948913022068539
5058,-0.0146603179450507
5059,-0.0189278579507011
5060,-0.0201420541320858
5061,-0.0187298577648537
5062,-0.0167751953403968
5063,-0.0155495681732432
5064,-0.0145580063043841
5065,-0.0128173860382806
5066,-0.0102680372962958
5067,-0.00764590366701833
5068,-0.00553260723424068
5069,-0.00398469944366071
5070,-0.0028017808330826
5071,-0.00174889939837458
5072,-0.000690751027585189
5073,0.000155411332162326
5074,0.000338506841173878
5075,1.7499250020144E-05
5076,0.000496000757203967
5077,0.00316411699907359
5078,0.00765495439823611
5079,0.0116438714938263
5080,0.0129992803536757
5081,0.0118645845561464
5082,0.0101749334212808
5083,0.00935680145965311
5084,0.00906907447868039
5085,0.00814555842788525
5086,0.00611802024979781
5087,0.00351687722697271
5088,0.00111332726447579
5089,-0.000722232901905633
5090,-0.00210001590456327
5091,-0.00336918043540808
5092,-0.00469233383031173
5093,-0.00569287498522437
5094,-0.00582308102536999
5095,-0.00543434958791317
5096,-0.0061470318008887
5097,-0.00940615591817789
5098,-0.014524711994423
5099,-0.0188053866734461
5100,-0.0200561219190366
5101,-0.018641018994735
5102,-0.0166504522284165
5103,-0.0154148969656678
5104,-0.0144612695943431
5105,-0.0127618799959525
5106,-0.0102113780137988
5107,-0.00755852433837929
5108,-0.0054299020302061
5109,-0.00389826022822813
5110,-0.00274071303331584
5111,-0.00169231778889299
5112,-0.000597371256326864
5113,0.000326902377963344
5114,0.000577958763880215
5115,0.00021782896463339
5116,0.000511925629424502
5117,0.00297228177596171
5118,0.00743017471953329
5119,0.011603913455588
5120,0.0131629016016121
5121,0.0120310007241804
5122,0.0101754835105014
5123,0.00926296147504522
5124,0.009078501221501
5125,0.0082951395092569
5126,0.00620898414268333
5127,0.0033559854282621
5128,0.000757398307519616
5129,-0.00102502171550985
5130,-0.00218486155446201
5131,-0.00330420640959306
5132,-0.00465107598264664
5133,-0.00574077487635256
5134,-0.00587462346174895
5135,-0.00539322504992285
5136,-0.00602632414199065
5137,-0.00928842713819122
5138,-0.014443014089878
5139,-0.0187126029224124
5140,-0.019908705888836
5141,-0.0184636053504828
5142,-0.0164900923757728
5143,-0.0152678043181702
5144,-0.0142998296831896
5145,-0.0126250371925598
5146,-0.010202257710971
5147,-0.00771948143643162
5148,-0.00566675187549297
5149,-0.00408290605203036
5150,-0.00286623651980941
5151,-0.00186287890693007
5152,-0.000864680949913054
5153,4.58201695313357E-05
5154,0.000385374161526444
5155,9.57451706653486E-05
5156,0.000364723351538489
5157,0.00278698202013312
5158,0.00732084932572008
5159,0.011674977168504
5160,0.0133753157551637
5161,0.0122343711127537
5162,0.0102439618115353
5163,0.00917365592151316
5164,0.0088913252548389
5165,0.00810839230918397
5166,0.0061262589881871
5167,0.00343397231388604
5168,0.000951180617818959
5169,-0.000840375599275227
5170,-0.00210418191016224
5171,-0.00331375299706786
5172,-0.00468240018445249
5173,-0.0057854490652499
5174,-0.00599829018476389
5175,-0.00562617276088257
5176,-0.00628840998797226
5177,-0.00947012599081239
5178,-0.0145461686485516
5179,-0.018858855346398
5180,-0.0201937517503585
5181,-0.0188423843017803
5182,-0.0168330685898379
5183,-0.0154998840225051
5184,-0.0144405501196483
5185,-0.012710605327095
5186,-0.0102285754342803
5187,-0.00767784242242763
5188,-0.00558158280938261
5189,-0.00397189458826431
5190,-0.00269480958178078
5191,-0.00159114377890641
5192,-0.000529256649984753
5193,0.000349635620488638
5194,0.000612598992716387
5195,0.000295407301883757
5196,0.000590261206591867
5197,0.00300397802219529
5198,0.007444407326791
5199,0.0116790036251105
5200,0.0133245144091229
5201,0.0122190169741328
5202,0.010324509120949
5203,0.00938710298105536
5204,0.00925889667835461
5205,0.00860402554705625
5206,0.00665955152786672
5207,0.00389659275859496
5208,0.00128263972153369
5209,-0.000632411819013811
5210,-0.00196849227055904
5211,-0.00318321855983683
5212,-0.00449664708310144
5213,-0.0055153106192768
5214,-0.00565410092896521
5215,-0.00523589677383152
5216,-0.00587762447680247
5217,-0.00907082161005592
5218,-0.0142036783442612
5219,-0.0186016806188814
5220,-0.0200045019060711
5221,-0.0186847468644011
5222,-0.0167032332529759
5223,-0.0154224686631258
5224,-0.014417611054467
5225,-0.0127110068635109
5226,-0.0102353905039031
5227,-0.00770751962413365
5228,-0.00563975013266803
5229,-0.00402937597970283
5230,-0.00273624709050196
5231,-0.00164708896211808
5232,-0.000613646644388346
5233,0.00030039890514481
5234,0.000661529954922023
5235,0.0003645534662247
5236,0.000484223655413111
5237,0.0026294658706877
5238,0.00696483813927716
5239,0.0113869481083052
5240,0.0133642727629321
5241,0.0124726801437851
5242,0.0105591660866528
5243,0.00946167222334344
5244,0.00917911324888917
5245,0.00844048703107003
5246,0.00647660930425183
5247,0.00375436354646249
5248,0.00124750838663061
5249,-0.000526568233313447
5250,-0.00176530833954664
5251,-0.00298281207578712
5252,-0.00437542197947893
5253,-0.00547771789718664
5254,-0.00566832216474536
5255,-0.00529155384423509
5256,-0.00597464091806907
5257,-0.00916481088665523
5258,-0.0142184221505262
5259,-0.0185231417548604
5260,-0.0199214697412198
5261,-0.0186937831557951
5262,-0.0167991830291088
5263,-0.0155333307369517
5264,-0.0145222340393111
5265,-0.0128451602876092
5266,-0.0103788761701349
5267,-0.00776126956864223
5268,-0.00556718312334007
5269,-0.00394517143755198
5270,-0.00277228417936001
5271,-0.00177899475339479
5272,-0.000719679574691056
5273,0.000235733860786469
5274,0.000534705583819461
5275,0.000169522780823777
5276,0.000400525579945517
5277,0.00278783924598791
5278,0.0072110497967587
5279,0.0114242273491684
5280,0.0131191449236536
5281,0.0121866250447627
5282,0.0104828660103466
5283,0.00956963866546133
5284,0.00926031041522074
5285,0.00838172698330025
5286,0.00634351711396896
5287,0.00362812366458811
5288,0.00111152830560507
5289,-0.000706950449029325
5290,-0.00195283784255796
5291,-0.00312938076640145
5292,-0.00451296569990073
5293,-0.00565378891360186
5294,-0.00580744775761986
5295,-0.00522499289021478
5296,-0.00565758590242229
5297,-0.0087962083085989
5298,-0.0140619863033739
5299,-0.0186222095205796
5300,-0.0200684190250296
5301,-0.0186986542623547
5302,-0.0167111911916256
5303,-0.015536477221981
5304,-0.0146703300755597
5305,-0.0130027397097895
5306,-0.0104258401693392
5307,-0.00775393200189985
5308,-0.00564805413161677
5309,-0.00417104808906676
5310,-0.00310433634974549
5311,-0.00217864447800272
5312,-0.00114560445253162
5313,-0.000105799961075139
5314,0.0003765309585579
5315,9.59325129409795E-05
5316,0.000144635037170767
5317,0.00223413593399224
5318,0.00660069787791891
5319,0.0111096598371171
5320,0.013145739637996
5321,0.0122549671406492
5322,0.0103335152344665
5323,0.00926750860606729
5324,0.00904433623719917
5325,0.0083611761568959
5326,0.00644184529977656
5327,0.003731081163184
5328,0.00113976886406319
5329,-0.000813384267805527
5330,-0.00216475507181573
5331,-0.00325649078646195
5332,-0.00437637647413765
5333,-0.00538353448702251
5334,-0.00579747093667564
5335,-0.00566032106124667
5336,-0.00620297494686742
5337,-0.00893908909238166
5338,-0.0137285848604246
5339,-0.0182639742336784
5340,-0.0201048363550273
5341,-0.0190538452226907
5342,-0.0170062732645671
5343,-0.0155985117538517
5344,-0.0146729710521715
5345,-0.0131539415458019
5346,-0.0107078124667497
5347,-0.00801999109394348
5348,-0.00583213859715079
5349,-0.00429731400928521
5350,-0.00316689752660857
5351,-0.00213177433728777
5352,-0.00100347439196981
5353,4.2270586475265E-05
5354,0.000474378804219948
5355,0.000184546177776943
5356,0.000290862094884456
5357,0.00244489752386431
5358,0.00684607650774649
5359,0.0113913891113909
5360,0.0134829322546572
5361,0.0126078562398661
5362,0.0106015294772667
5363,0.00939366691593919
5364,0.00909174955508316
5365,0.0084465031917585
5366,0.00660522846044728
5367,0.003914048566972
5368,0.00129095522354452
5369,-0.000668465376298379
5370,-0.00199658668213714
5371,-0.0031263078259197
5372,-0.00437710086039154
5373,-0.00548123364414465
5374,-0.00581631955827923
5375,-0.00548336365768444
5376,-0.00594070310882391
5377,-0.00882340476654643
5378,-0.0138545158724015
5379,-0.0185115782977928
5380,-0.0203186026359968
5381,-0.0192103956522219
5382,-0.0171608695267675
5383,-0.0157458007724927
5384,-0.0147517332093677
5385,-0.0131622643657108
5386,-0.0107206678021749
5387,-0.00807794890167472
5388,-0.00588338763259293
5389,-0.00427944980068874
5390,-0.00309375866998581
5391,-0.00206562411062079
5392,-0.000984294240361903
5393,1.88908842589013E-06
5394,0.000368114033752504
5395,4.21659155001665E-05
5396,0.000197618537043445
5397,0.00245580420902196
5398,0.00688169505950993
5399,0.0112975448011331
5400,0.0132269738316952
5401,0.0123557295995545
5402,0.0105415995241141
5403,0.00951489863967112
5404,0.00919899673937966
5405,0.00839350819063882
5406,0.00645479230520496
5407,0.00384538223793874
5408,0.00138997822541748
5409,-0.000488967705540855
5410,-0.00188507687679046
5411,-0.00313888761490435
5412,-0.00443974636490285
5413,-0.00547710845684885
5414,-0.00569096425155406
5415,-0.00527178080658243
5416,-0.00571121127110135
5417,-0.00860760153748545
5418,-0.0136311119697096
5419,-0.0182485184779813
5420,-0.0200223129568519
5421,-0.0189329572207773
5422,-0.0169621565861455
5423,-0.0156449507314584
5424,-0.0147079127388141
5425,-0.0131019209477393
5426,-0.0105907478796468
5427,-0.00787852413583056
5428,-0.00565132890657085
5429,-0.00404934194838805
5430,-0.00288091209017839
5431,-0.00187061314036633
5432,-0.000788058041942279
5433,0.000241988803855926
5434,0.000671813286756198
5435,0.000332490313073342
5436,0.000319531770168191
5437,0.00233203226478734
5438,0.00664265086748062
5439,0.0111897097673225
5440,0.0133675702990789
5441,0.0126285601705774
5442,0.0107659100440219
5443,0.00965832988801439
5444,0.00935882585799935
5445,0.00861156032272345
5446,0.00665412403921239
5447,0.00396213612150952
5448,0.0014663137003172
5449,-0.000400954587147879
5450,-0.00183999648076449
5451,-0.00323290629343731
5452,-0.00465961892930515
5453,-0.00570094776046562
5454,-0.00583726664044132
5455,-0.00536801972160685
5456,-0.00580159435150039
5457,-0.00867783685211544
5458,-0.0136712383284072
5459,-0.018318768657062
5460,-0.0201764976555055
5461,-0.0191091846077513
5462,-0.0170356769431632
5463,-0.0155946458665812
5464,-0.0146617363736958
5465,-0.0131943655412955
5466,-0.0108242195133645
5467,-0.00815252741691986
5468,-0.00588136291105665
5469,-0.0042157208972821
5470,-0.00299636841531114
5471,-0.00196147502812379
5472,-0.000904058130124414
5473,5.39625983252783E-05
5474,0.000427758447771758
5475,0.000112632057390374
5476,0.000176722669995566
5477,0.00221160906244747
5478,0.00642895951537808
5479,0.0108416592451135
5480,0.0129802653920107
5481,0.0123299456938517
5482,0.0105633307872814
5483,0.00943315182709688
5484,0.00903284655860612
5485,0.00827122050462707
5486,0.00644913949303311
5487,0.00390172716729271
5488,0.00140738328904634
5489,-0.000533454245617373
5490,-0.00191653248735389
5491,-0.00309571430086661
5492,-0.00438679082224241
5493,-0.00556496188200145
5494,-0.00597999233057497
5495,-0.00562988127880815
5496,-0.00593791763763492
5497,-0.00865500356665535
5498,-0.0136468529564343
5499,-0.0183829497485993
5500,-0.020248309878444
5501,-0.0191035101390902
5502,-0.0170087724468458
5503,-0.0156532607015797
5504,-0.0148066139156753
5505,-0.0133469680207922
5506,-0.0109740780053945
5507,-0.00837676947919556
5508,-0.0062040459673784
5509,-0.00452800181245749
5510,-0.00316340203128096
5511,-0.00196855958130387
5512,-0.000853414559441317
5513,6.90549884594979E-05
5514,0.000400608861217507
5515,8.1250304869151E-05
5516,0.000148858781224216
5517,0.00215117921323156
5518,0.00629725269467197
5519,0.0106327416743911
5520,0.0127211422780362
5521,0.0120653220823286
5522,0.0103446351040695
5523,0.00930939758331327
5524,0.0090287912896785
5525,0.00835605012840028
5526,0.00652782935257314
5527,0.00386295177036128
5528,0.00121022577540681
5529,-0.000811126411673347
5530,-0.00213161099921479
5531,-0.00316163876782556
5532,-0.00434512120106309
5533,-0.00553078009343062
5534,-0.0060167016192757
5535,-0.00568546296075356
5536,-0.0059034002412601
5537,-0.00847308274949386
5538,-0.0133601207684252
5539,-0.0180944710979258
5540,-0.0200534328169478
5541,-0.0190439603181198
5542,-0.0170498386019485
5543,-0.0156867981792607
5544,-0.0147109317735114
5545,-0.0130875834324545
5546,-0.0106443473658769
5547,-0.00810914276942868
5548,-0.00604100237338205
5549,-0.00441346577774182
5550,-0.00305997538266991
5551,-0.00192317198315685
5552,-0.000904293811090626
5553,9.792615893529E-07
5554,0.000445780225427061
5555,0.00024752590180521
5556,0.000299466148219351
5557,0.00220246975823267
5558,0.00637416742309875
5559,0.0109420783435279
5560,0.0132854858309425
5561,0.0126685903560936
5562,0.0107685449253381
5563,0.00955035946020811
5564,0.0092282582479427
5565,0.00857846326162112
5566,0.00670831207244103
5567,0.00396777145898794
5568,0.00133149789408462
5569,-0.000592444338484217
5570,-0.00190760891353298
5571,-0.00311263785030774
5572,-0.00449535826620487
5573,-0.00568770979534943
5574,-0.00599760180713367
5575,-0.00553011785330696
5576,-0.00579081785843268
5577,-0.00847720325067842
5578,-0.0133889178033608
5579,-0.0180688956223188
5580,-0.0200391038450919
5581,-0.0191504397725624
5582,-0.0172706790740578
5583,-0.0159224106286603
5584,-0.0149181581844956
5585,-0.0133175247119792
5586,-0.0109268607605783
5587,-0.00838164458905895
5588,-0.00623193936345713
5589,-0.00454173111441133
5590,-0.00319890467538027
5591,-0.00209627202599714
5592,-0.00107342506856192
5593,-0.000146568148215774
5594,0.000277779091107847
5595,1.46039468547979E-05
5596,1.25930003424934E-05
5597,0.00190738777163073
5598,0.00609846675381415
5599,0.0106872045554993
5600,0.0130533832565526
5601,0.012466562464455
5602,0.0105867666045657
5603,0.00936180663923842
5604,0.00902493060202088
5605,0.00839755531133078
5606,0.00660755169408562
5607,0.00397316468457376
5608,0.0014171638611611
5609,-0.000471322811326239
5610,-0.00177344812634829
5611,-0.0029684757960551
5612,-0.0043619879882889
5613,-0.00561323291616743
5614,-0.00601442233195575
5615,-0.00561493655644793
5616,-0.00588606417939679
5617,-0.00854937301309568
5618,-0.0134516484954233
5619,-0.0181521781055615
5620,-0.0201545770155573
5621,-0.0192857824732688
5622,-0.0173967662265327
5623,-0.0160017687049275
5624,-0.0149317350785717
5625,-0.0132941652785605
5626,-0.0109212114410139
5627,-0.0084054703360671
5628,-0.0062368209331905
5629,-0.0045031139278351
5630,-0.00318793462774479
5631,-0.00220443576001485
5632,-0.0012619725755006
5633,-0.000243600601316998
5634,0.000381740692899219
5635,0.000213315765225938
5636,9.68300165788419E-05
5637,0.00181840861719874
5638,0.00599225597948584
5639,0.0107220576871448
5640,0.0131877552448083
5641,0.0125337730156025
5642,0.0105295910288226
5643,0.00929507792861813
5644,0.00905613122699349
5645,0.00848152943453991
5646,0.00664252482881012
5647,0.0039718887402081
5648,0.00147966390026451
5649,-0.000338701597277374
5650,-0.00169721284704062
5651,-0.00303036294804428
5652,-0.00447793512008224
5653,-0.00566417648486875
5654,-0.00602075848585565
5655,-0.0056677712868616
5656,-0.00594299122630209
5657,-0.00844720125403787
5658,-0.0131583147114375
5659,-0.0178726409161057
5660,-0.0200882341991189
5661,-0.0193657056497437
5662,-0.0173940675408771
5663,-0.0158450784834989
5664,-0.014778267302194
5665,-0.0132775411849742
5666,-0.0109777037557722
5667,-0.00841733617892467
5668,-0.00621714805564702
5669,-0.00451084927138916
5670,-0.0031418834997779
5671,-0.00195804164669528
5672,-0.000869957903867606
5673,1.8107000697919E-05
5674,0.000352409007745145
5675,8.23689602633732E-05
5676,0.000157644321439171
5677,0.00203970665667465
5678,0.00601005826097311
5679,0.0103065456728899
5680,0.0125769743789006
5681,0.0121849373078476
5682,0.010605945771622
5683,0.00954215160731533
5684,0.00917925994024127
5685,0.00848797591968999
5686,0.00672236129181043
5687,0.00415568898477717
5688,0.00158058237672179
5689,-0.000445703005105305
5690,-0.00188914327691474
5691,-0.00310350087907972
5692,-0.00440571317907114
5693,-0.00557920121029685
5694,-0.00598727461625414
5695,-0.00560477830127813
5696,-0.00579734578211448
5697,-0.00832764974837578
5698,-0.013211339152402
5699,-0.0180789334267049
5700,-0.0202799341449342
5701,-0.0194431129699119
5702,-0.0174443547643436
5703,-0.0160153052514994
5704,-0.015087850158852
5705,-0.0136005026394489
5706,-0.0111782308132154
5707,-0.00845645322663398
5708,-0.00614918514263581
5709,-0.00443599331208418
5710,-0.00316478681474784
5711,-0.00212435300784552
5712,-0.00109889855453505
5713,-0.000106829476445063
5714,0.000408763829181593
5715,0.000186496246607342
5716,9.69270928883569E-05
5717,0.0018004892551513
5718,0.00584806955406685
5719,0.0104661138349742
5720,0.0129768114942912
5721,0.0124776969463952
5722,0.0105668525432491
5723,0.00931432517787559
5724,0.00908537074297225
5725,0.00865963038705177
5726,0.00699394044985743
5727,0.00429794816870492
5728,0.00154958471359243
5729,-0.000509771360753332
5730,-0.00183671518356548
5731,-0.00290509107499391
5732,-0.00415555613774266
5733,-0.00542742971386535
5734,-0.00604443761580046
5735,-0.00584679009337245
5736,-0.00604728551064579
5737,-0.00837519968255562
5738,-0.0129910119157895
5739,-0.0177351599611002
5740,-0.0200445592906375
5741,-0.0194376989959703
5742,-0.0175855901514281
5743,-0.0161019155879788
5744,-0.0149900146777521
5745,-0.0133863667064819
5746,-0.0110569383123839
5747,-0.00858410014194052
5748,-0.0064887333961772
5749,-0.00481538240086474
5750,-0.00346076184922109
5751,-0.00236114230341197
5752,-0.00136779518169735
5753,-0.00042854823939723
5754,0.000111927827817189
5755,-3.36297255343937E-06
5756,1.00129866754353E-05
5757,0.0017364472397284
5758,0.0057421709741598
5759,0.0103477230756885
5760,0.012953432012624
5761,0.0126246297443874
5762,0.01082043799973
5763,0.00949107680648793
5764,0.00902918722417792
5765,0.00837715289213316
5766,0.00664124018061225
5767,0.00404327328376698
5768,0.0014485711993586
5769,-0.000534100748806036
5770,-0.00192099016264646
5771,-0.00313374451379672
5772,-0.00447315892268896
5773,-0.0056543666752598
5774,-0.00602201809483017
5775,-0.0055955767631636
5776,-0.00576661569379576
5777,-0.00826725676382267
5778,-0.0130925222992985
5779,-0.0179220190395405
5780,-0.0201694168463315
5781,-0.019443974236633
5782,-0.017520228887409
5783,-0.0160600713893166
5784,-0.0150411545346395
5785,-0.0135185488358967
5786,-0.0111853244862847
5787,-0.00862986236619918
5788,-0.00644432574827289
5789,-0.0047164027483556
5790,-0.0033145209896716
5791,-0.00214572397386551
5792,-0.00110100883205241
5793,-0.000193368983856108
5794,0.000229511211853362
5795,-2.89070159413194E-05
5796,-0.000125461864994294
5797,0.00155933420950568
5798,0.00561570664080457
5799,0.010340903445634
5800,0.0130236839389505
5801,0.0126119264683496
5802,0.0105994057134363
5803,0.00913181989983076
5804,0.00875680965249298
5805,0.00835508680565635
5806,0.0068262892203936
5807,0.00425981708096803
5808,0.00156887167363271
5809,-0.00049730420395465
5810,-0.00186557047892923
5811,-0.00298723226417885
5812,-0.00427892497320515
5813,-0.00554711443531679
5814,-0.00608896851166419
5815,-0.00575486349365133
5816,-0.00583078655472483
5817,-0.00815764292754356
5818,-0.0129455052169739
5819,-0.0179308189953038
5820,-0.0203530494628961
5821,-0.0196420887599119
5822,-0.0176067152523661
5823,-0.016081995552164
5824,-0.0151234876909538
5825,-0.0137027311210217
5826,-0.0114168395605474
5827,-0.00886402511184738
5828,-0.00670010282297591
5829,-0.00503219716307177
5830,-0.00369669191719801
5831,-0.00255976535946514
5832,-0.00147837552850234
5833,-0.00045593905522956
5834,9.57170277986474E-05
5835,-0.000151049827306364
5836,-0.000425225561574171
5837,0.000995043395459636
5838,0.00490796232584212
5839,0.00972015701260783
5840,0.0126330452398238
5841,0.0124295147412582
5842,0.0105277265951596
5843,0.00910015856265338
5844,0.00871844924372402
5845,0.00824730930398253
5846,0.00660528801859096
5847,0.00397534219859858
5848,0.00134700975869224
5849,-0.000574552231927964
5850,-0.00184172969329216
5851,-0.00297652728348032
5852,-0.00436166305619606
5853,-0.00574784668587834
5854,-0.00641982224051287
5855,-0.00620972889254898
5856,-0.00632837833079981
5857,-0.00855877162859191
5858,-0.0131779639108944
5859,-0.0180664996014306
5860,-0.0205110818956667
5861,-0.0198360627692604
5862,-0.0177480704349527
5863,-0.0161305690869716
5864,-0.0151574839009752
5865,-0.0138001216870881
5866,-0.0115282053023498
5867,-0.00887751720781904
5868,-0.00660974973983719
5869,-0.00495667392520896
5870,-0.00371227283856116
5871,-0.00259318611546157
5872,-0.0014254846611007
5873,-0.000353174837715844
5874,0.000115302425703058
5875,-0.000227318329152508
5876,-0.0004229340807686
5877,0.00121497246171128
5878,0.00522013923296957
5879,0.00983691550943066
5880,0.0124414373271682
5881,0.0121282925845867
5882,0.0103849218877935
5883,0.00916192800252384
5884,0.00884527491594877
5885,0.00837215377264787
5886,0.00680519394330888
5887,0.00426600602403328
5888,0.00155201856592854
5889,-0.000641349135356983
5890,-0.00213043249688039
5891,-0.00325184333503186
5892,-0.00447103351005737
5893,-0.00572407717860213
5894,-0.00631983279730772
5895,-0.00599384770966973
5896,-0.00597509361755796
5897,-0.00819423286130441
5898,-0.0129647191866239
5899,-0.0179962590538888
5900,-0.0204293296756532
5901,-0.0196803689224382
5902,-0.0176457489441472
5903,-0.0162059419806882
5904,-0.0153378774026353
5905,-0.0139111067180378
5906,-0.011533732490118
5907,-0.00890839536638345
5908,-0.00674699354366806
5909,-0.00510385409598723
5910,-0.00375160221945249
5911,-0.00258400942988609
5912,-0.00152634946962252
5913,-0.00056020843349292
5914,2.29329930008925E-05
5915,-3.66094265898007E-05
5916,-6.88415945693304E-05
5917,0.00146374857448808
5918,0.0052860158254216
5919,0.00991192209731689
5920,0.0127032819806681
5921,0.0124970046626596
5922,0.0106449495058511
5923,0.00924641854014389
5924,0.00888023271776673
5925,0.0084654629438292
5926,0.00692407182470562
5927,0.00435116028101698
5928,0.0016341266777928
5929,-0.000513466486724786
5930,-0.00199323404627772
5931,-0.00315795568993164
5932,-0.00436642025543712
5933,-0.00550648452272224
5934,-0.00600813226189355
5935,-0.00572417849745015
5936,-0.00580171499169946
5937,-0.00800140092822081
5938,-0.012642155794844
5939,-0.0176220323522484
5940,-0.0201839090981472
5941,-0.019617424028866
5942,-0.0176462227700576
5943,-0.0161576896812763
5944,-0.0152700169904426
5945,-0.0139171309869257
5946,-0.0116257560267809
5947,-0.00899767107186616
5948,-0.00674058188448676
5949,-0.00498238783469069
5950,-0.00356790410472149
5951,-0.00241406987741968
5952,-0.00141162838040303
5953,-0.000482323870812981
5954,9.30201604345016E-05
5955,-1.93027549879514E-05
5956,-0.00021436831330893
5957,0.00112415640903327
5958,0.00491188937989686
5959,0.00974976643315058
5960,0.0128456411460936
5961,0.0127855002658972
5962,0.0108405179976526
5963,0.00926498996565057
5964,0.00882986567922586
5965,0.00848326909310393
5966,0.00703558531664668
5967,0.00449723733589292
5968,0.00178073916101398
5969,-0.000344265727094688
5970,-0.00179586133697725
5971,-0.00300321317867082
5972,-0.00435444628031261
5973,-0.00566152599936942
5974,-0.00623919556116604
5975,-0.00589786871876553
5976,-0.00584371132455715
5977,-0.0079245039492588
5978,-0.012504428804948
5979,-0.0174914756985311
5980,-0.0201304596406332
5981,-0.0196824179628311
5982,-0.0177890456386849
5983,-0.0162646202831456
5984,-0.0152566270767556
5985,-0.0138096632091659
5986,-0.0115084251463282
5987,-0.00889738156567214
5988,-0.00661301006732884
5989,-0.00480762264899035
5990,-0.0033934973895782
5991,-0.0022750758984738
5992,-0.00126637785342587
5993,-0.000279448599913626
5994,0.00032499811466977
5995,0.000179727410370725
5996,-2.93481221021457E-05
5997,0.00137773324267602
5998,0.0052334583839613
5999,0.0100083395436489
6000,0.0129314216652433
6001,0.0127533988915132
6002,0.0108355241330734
6003,0.00933824254259145
6004,0.00890866443786717
6005,0.0085172420284442
6006,0.00708423582192663
6007,0.00463459148162751
6008,0.00197849653806029
6009,-0.000172310066841245
6010,-0.00166298266098483
6011,-0.00283536732062293
6012,-0.00411383986496486
6013,-0.00542295204729788
6014,-0.00610321049509538
6015,-0.00585397276410549
6016,-0.00576699936767543
6017,-0.00771750371139926
6018,-0.0122121343853019
6019,-0.0172479475600094
6020,-0.0199975228601984
6021,-0.0195758613755015
6022,-0.0175891206320819
6023,-0.0159793392869429
6024,-0.0150270960145357
6025,-0.0137404302339176
6026,-0.0115381979476976
6027,-0.0088824268565446
6028,-0.00651529935405589
6029,-0.00473916230713582
6030,-0.00346274047041719
6031,-0.00244047601920635
6032,-0.00137714971022686
6033,-0.000239055182672795
6034,0.000463346897072357
6035,0.000262420638070188
6036,-0.000134094933918476
6037,0.00107547677425261
6038,0.00486714366449576
6039,0.00977400744594334
6040,0.0129458765474609
6041,0.0129809503042493
6042,0.0111642970850098
6043,0.00970628266461218
6044,0.00931205178083621
6045,0.00891197740279815
6046,0.00736461102839193
6047,0.00475180951325633
6048,0.00202630864525013
6049,-5.51232742325113E-05
6050,-0.00144985023435929
6051,-0.00260737939475627
6052,-0.00391219690102448
6053,-0.00519001156698094
6054,-0.00580047740566759
6055,-0.00557292512742379
6056,-0.00565744936827352
6057,-0.00782149893008947
6058,-0.012413287054437
6059,-0.0173808518338888
6060,-0.0199774762634411
6061,-0.0194359606045602
6062,-0.0174333739088908
6063,-0.0159016296775977
6064,-0.0150377416572377
6065,-0.0137623555328025
6066,-0.0115071800739175
6067,-0.00885381369139458
6068,-0.00661853166953183
6069,-0.00499866652792118
6070,-0.00372218079123702
6071,-0.0025335325330447
6072,-0.00134446476585252
6073,-0.000279304634382141
6074,0.000275991127090354
6075,0.000109139320619177
6076,-5.50744882741466E-05
6077,0.00128711050595124
6078,0.00486091864449597
6079,0.00933613596726066
6080,0.012244548124995
6081,0.0123601855206143
6082,0.0107630529872468
6083,0.00938296337307034
6084,0.00892147711138309
6085,0.00852434484419934
6086,0.00714301590226013
6087,0.00469762649229021
6088,0.00196076541546706
6089,-0.000262055825140368
6090,-0.00173193623704914
6091,-0.00282788778315945
6092,-0.0040676081725012
6093,-0.00540542404147742
6094,-0.00613065867541763
6095,-0.00588564000557267
6096,-0.00576037653110911
6097,-0.00767799763204404
6098,-0.0121906900179499
6099,-0.0172898677910844
6100,-0.020097468501051
6101,-0.0196981901930481
6102,-0.0177278369270471
6103,-0.0161625540908184
6104,-0.0152507852639687
6105,-0.0139470868748044
6106,-0.0117029274699873
6107,-0.0090783258553901
6108,-0.0068166965687169
6109,-0.00507290882552009
6110,-0.00365202018433366
6111,-0.0024309195144065
6112,-0.00133448518274282
6113,-0.000349053358128366
6114,0.000234398299946811
6115,0.000109752333342898
6116,-0.000133968434958476
6117,0.00107147347353684
6118,0.00466816493748239
6119,0.00938772481087773
6120,0.0125480384900347
6121,0.012700547238972
6122,0.0109723696947836
6123,0.009507986030396
6124,0.00908462619797675
6125,0.00872965325123887
6126,0.00731340867531974
6127,0.00483471799185735
6128,0.00214509300949593
6129,-2.00102452836104E-05
6130,-0.00153220391468132
6131,-0.00274790191620582
6132,-0.00407243939945877
6133,-0.0054247286562449
6134,-0.00614837192295463
6135,-0.00590060777920032
6136,-0.00572637949299982
6137,-0.00756613224882373
6138,-0.0120767038717745
6139,-0.0172869709887477
6140,-0.0201988366811293
6141,-0.0197689720075329
6142,-0.0176812066207575
6143,-0.0160753093108865
6144,-0.0152535850478679
6145,-0.0140494057909898
6146,-0.011798061958896
6147,-0.00910633399851222
6148,-0.00684448485479428
6149,-0.00518530172234806
6150,-0.00382141156555021
6151,-0.00255546548397765
6152,-0.00138807302462816
6153,-0.000421080748314699
6154,7.86059175803591E-05
6155,-4.7930801441179E-05
6156,-0.000152448815367699
6157,0.00119312059529295
6158,0.00476639850259408
6159,0.00934908635219491
6160,0.0124725617966849
6161,0.0127619025699512
6162,0.0111525816770204
6163,0.00959206020507268
6164,0.00894493094980237
6165,0.0085010442122674
6166,0.00720308232019669
6167,0.00484001845989636
6168,0.00208072789639502
6169,-0.000243345900920673
6170,-0.0017895092041367
6171,-0.0028832600848027
6172,-0.004079202124679
6173,-0.00537597601503894
6174,-0.00604643971621127
6175,-0.00570414139165482
6176,-0.00547606802128564
6177,-0.00736223688655898
6178,-0.0119364531474413
6179,-0.0171356490620968
6180,-0.0200248656755636
6181,-0.0196738217133298
6182,-0.017711057408832
6183,-0.0161021221440531
6184,-0.0151395310926791
6185,-0.0138762496967721
6186,-0.0117851967678914
6187,-0.00928157536220052
6188,-0.00693846166547579
6189,-0.00495129695482053
6190,-0.00337410731867975
6191,-0.00225411394681049
6192,-0.0013947864169664
6193,-0.000514123961965272
6194,0.000196053681975827
6195,0.00027040337769096
6196,9.6703409207834E-05
6197,0.00122283799348262
6198,0.00473144488861291
6199,0.00946952550823661
6200,0.0127250787035977
6201,0.0129216308753632
6202,0.011101172571341
6203,0.00946553482149058
6204,0.00895418040028526
6205,0.00870015720719491
6206,0.00749519192593446
6207,0.00514447022960284
6208,0.00239864230161369
6209,8.36559009755973E-05
6210,-0.00151945003881656
6211,-0.00272819187520283
6212,-0.00401936798912154
6213,-0.00536121075196648
6214,-0.00607333199643485
6215,-0.00578521687657402
6216,-0.00555150724991389
6217,-0.00732283037385821
6218,-0.0117639990125895
6219,-0.0169652739910311
6220,-0.0200152937352179
6221,-0.0198426175763315
6222,-0.0179465532198047
6223,-0.0163134904849962
6224,-0.0153183084564942
6225,-0.014005803886472
6226,-0.0117879660997301
6227,-0.00912917183741078
6228,-0.00675382255145129
6229,-0.00489440163691439
6230,-0.00343169806514903
6231,-0.00224896019084121
6232,-0.00123930758610985
6233,-0.00035637360639437
6234,0.000156766123832625
6235,4.31391123672838E-05
6236,-0.000132774932108676
6237,0.00109681319197059
6238,0.00463861923973263
6239,0.00934268314952583
6240,0.0126428255731922
6241,0.0129868749972077
6242,0.0112617789927071
6243,0.00957245063614323
6244,0.00897050003097751
6245,0.00874093209899596
6246,0.00764485551945044
6247,0.00533147815073932
6248,0.00250022801592459
6249,9.23422128855587E-05
6250,-0.00149580541678404
6251,-0.00260181418842838
6252,-0.00380756090945212
6253,-0.00514682764721871
6254,-0.0059212309845526
6255,-0.00569678448471835
6256,-0.00547888866770935
6257,-0.00723061519154074
6258,-0.0116844916492667
6259,-0.0169665751897373
6260,-0.0200948692445967
6261,-0.0198904527092543
6262,-0.0178657084205957
6263,-0.0161564381440753
6264,-0.0152374459060376
6265,-0.0140624447415111
6266,-0.0118804864619025
6267,-0.00914693923424559
6268,-0.00674762467216109
6269,-0.00502772526756944
6270,-0.00377405843913018
6271,-0.00267128837371184
6272,-0.00152766970637412
6273,-0.000404882203523167
6274,0.00026891840805502
6275,0.000139519583145501
6276,-0.000175939756334554
6277,0.00091970393882443
6278,0.00441028632255818
6279,0.00911401813786963
6280,0.012397711998828
6281,0.0127123828077404
6282,0.0110046488102667
6283,0.0093777612049213
6284,0.00878668657740879
6285,0.00845528566299641
6286,0.0072331691024027
6287,0.0049179426826049
6288,0.00222914125718284
6289,-2.50775600341247E-05
6290,-0.00156505144076357
6291,-0.00270985346775011
6292,-0.00396358348896751
6293,-0.00534405509392469
6294,-0.0061767487585704
6295,-0.00599590553109232
6296,-0.00573344236645706
6297,-0.00734921516947824
6298,-0.0116706203626152
6299,-0.0169104583366282
6300,-0.0200783465168089
6301,-0.0199342063376524
6302,-0.0179559028443701
6303,-0.0162733777202697
6304,-0.015352128072398
6305,-0.0141548545504663
6306,-0.0119838370125309
6307,-0.00933025702547469
6308,-0.00701505422486534
6309,-0.00527095393373708
6310,-0.00388479810874703
6311,-0.00269156058802483
6312,-0.00162156991695567
6313,-0.000658278249319213
6314,-3.31080132651534E-05
6315,-2.73619532673877E-05
6316,-0.0001577303254577
6317,0.0010083726198204
6318,0.00445073995007753
6319,0.00911548929075151
6320,0.01245657979559
6321,0.0128892747031414
6322,0.0112737163894297
6323,0.00966958427663858
6324,0.00904450391214127
6325,0.00865662155724844
6326,0.00738259343505712
6327,0.00502032852142437
6328,0.00226150283421982
6329,-9.92656708896272E-05
6330,-0.0017340799931536
6331,-0.00288481871194634
6332,-0.00404947237128588
6333,-0.00533822754123986
6334,-0.00615932161860296
6335,-0.00601260170629976
6336,-0.00573054665730835
6337,-0.00725778467716555
6338,-0.0115288619207721
6339,-0.0168532036244958
6340,-0.0201999497452355
6341,-0.0201937302175719
6342,-0.0182274125363518
6343,-0.016461662131623
6344,-0.0154414726201316
6345,-0.0141739208282703
6346,-0.0119650705452039
6347,-0.00930672197237124
6348,-0.00701814843735222
6349,-0.00530003162231981
6350,-0.00388917428783473
6351,-0.00261102229477668
6352,-0.00145276414636755
6353,-0.000464483411095374
6354,0.000116772383175809
6355,5.37150631251326E-05
6356,-0.00014851516113384
6357,0.00092884866259809
6358,0.00428728850674984
6359,0.00895810144939781
6360,0.012442879320347
6361,0.0130641205290052
6362,0.0115238731943064
6363,0.00984804017981175
6364,0.00913985637191111
6365,0.00878011810844132
6366,0.00759209745906918
6367,0.00523456793945591
6368,0.00238676511852731
6369,-1.84065983831353E-05
6370,-0.0015604395263233
6371,-0.00256265765304719
6372,-0.00366326023431652
6373,-0.00499585607788135
6374,-0.00588304626977567
6375,-0.00577314441365581
6376,-0.00553157739072187
6377,-0.00712875672547503
6378,-0.0114550696838208
6379,-0.0167698293885296
6380,-0.0200626306693566
6381,-0.0200180659530124
6382,-0.0180494671791794
6383,-0.01629523035113
6384,-0.0152966578117747
6385,-0.0140850756274334
6386,-0.0119563991220609
6387,-0.00933134036922196
6388,-0.00697344882321699
6389,-0.0051310594029148
6390,-0.00366110228096244
6391,-0.00244877041946915
6392,-0.00140897972455926
6393,-0.000477115886405436
6394,0.000126604519396693
6395,7.93033531242874E-05
6396,-0.000163844882980847
6397,0.000882435279944389
6398,0.00430072905990365
6399,0.00907961583189417
6400,0.0125960412393036
6401,0.013140400504776
6402,0.0115199465735676
6403,0.00984416651096337
6404,0.00916110615454312
6405,0.00876920623796831
6406,0.00754105067319161
6407,0.00524681021929129
6408,0.00253107180329394
6409,0.000142483121546261
6410,-0.00158066636520657
6411,-0.00279687856444184
6412,-0.00392855674286418
6413,-0.0051138058916988
6414,-0.005867110579343
6415,-0.00574667405994099
6416,-0.00552871754228173
6417,-0.00706149120304126
6418,-0.0112556847095135
6419,-0.0164896662583634
6420,-0.0198259241412983
6421,-0.0199341738523337
6422,-0.0181703371137813
6423,-0.0165868359635445
6424,-0.0156176647078481
6425,-0.0142521822901912
6426,-0.0118920435165625
6427,-0.00913782997159217
6428,-0.00683076670795048
6429,-0.00513652732567259
6430,-0.00378728184182266
6431,-0.00261349501375076
6432,-0.0015274182097406
6433,-0.000472280262724386
6434,0.000270679847329608
6435,0.000245896324085089
6436,-0.000165204661830526
6437,0.000648377556890528
6438,0.00400155356477405
6439,0.00894902676561498
6440,0.0126648632733603
6441,0.0132056125121865
6442,0.011404660608163
6443,0.00962206220355494
6444,0.00906067946229883
6445,0.0088895217184661
6446,0.00774320239790135
6447,0.00533942160967531
6448,0.00249155638287481
6449,0.000102597943504565
6450,-0.00152778707914771
6451,-0.0027012882717954
6452,-0.00389247643634261
6453,-0.00516165795067979
6454,-0.00594138437288196
6455,-0.00579141477048754
6456,-0.00553062017944363
6457,-0.0070318425763272
6458,-0.0112254698596003
6459,-0.0165141342791704
6460,-0.0199285897974421
6461,-0.020029821180104
6462,-0.0181144339032409
6463,-0.0163583112023654
6464,-0.0154067225632326
6465,-0.0142827179891937
6466,-0.0121615137084256
6467,-0.00941367878861088
6468,-0.00692402916512155
6469,-0.00509580838469262
6470,-0.00377016932418609
6471,-0.00264828718250449
6472,-0.0015124425610022
6473,-0.000379437221500299
6474,0.000331624331681839
6475,0.000207722919697019
6476,-0.000206196671068009
6477,0.00070003835847457
6478,0.00403099729149008
6479,0.00873671401503833
6480,0.0122083952103083
6481,0.0127940268116123
6482,0.0112968380412709
6483,0.00974405149839551
6484,0.00912819778607763
6485,0.00877932961350258
6486,0.00761667300368943
6487,0.0053952767153247
6488,0.0027240684243066
6489,0.000369537861186711
6490,-0.00128861670494822
6491,-0.00243299483797694
6492,-0.00357164088329766
6493,-0.00488252889262593
6494,-0.00580699704404223
6495,-0.00577298810750785
6496,-0.00547954975105816
6497,-0.00681708487233315
6498,-0.0108381349096851
6499,-0.0160547397970367
6500,-0.019516715480208
6501,-0.0197188705482849
6502,-0.0178698056347291
6503,-0.0161091205448208
6504,-0.0151239877628418
6505,-0.0140104616620736
6506,-0.0119735271634417
6507,-0.00934448984573736
6508,-0.00694127796962208
6509,-0.00513050320271359
6510,-0.00377030192744266
6511,-0.0026073623567359
6512,-0.00144564840230707
6513,-0.000273716468070968
6514,0.000520652613760289
6515,0.000483297399612587
6516,6.20827857905158E-05
6517,0.000843700593796217
6518,0.00405829763168886
6519,0.00880579182757052
6520,0.0124570752447632
6521,0.0131799111753142
6522,0.0116624364221312
6523,0.0100183420937728
6524,0.00938469488887001
6525,0.009087575688223
6526,0.00792432984588065
6527,0.00561379338941819
6528,0.00286946810656868
6529,0.000534343830361834
6530,-0.00108410497138537
6531,-0.0022786022328342
6532,-0.0035416081386238
6533,-0.00493778752575675
6534,-0.0058533852447427
6535,-0.00576510965935846
6536,-0.00542632836205022
6537,-0.00672917175171423
6538,-0.010735150961602
6539,-0.0160091249935108
6540,-0.019614722443327
6541,-0.0199502166231444
6542,-0.0181045487212333
6543,-0.0162270897233068
6544,-0.0151429367100812
6545,-0.0140431840812798
6546,-0.0120697867233207
6547,-0.00943186480853208
6548,-0.00693929199184357
6549,-0.00507547464452569
6550,-0.00377894119931005
6551,-0.00273664455937409
6552,-0.00164488457539546
6553,-0.000482747611041563
6554,0.000283626421959388
6555,0.000173007372975274
6556,-0.000290450098589779
6557,0.000547431087121204
6558,0.00387183886085407
6559,0.00868624125680951
6560,0.0123414534822899
6561,0.0130606809311694
6562,0.0115501808113966
6563,0.0098698883214448
6564,0.00913454838221085
6565,0.00874631354603727
6566,0.00758220234890391
6567,0.00532373826490337
6568,0.00257653563049129
6569,0.000163396636027335
6570,-0.00150256703065587
6571,-0.00262695532897206
6572,-0.00375817303964071
6573,-0.00509265956344132
6574,-0.00606467437322792
6575,-0.00607608075256207
6576,-0.0057888581090027
6577,-0.00707669551850512
6578,-0.0110309242200696
6579,-0.0162379330916699
6580,-0.0197819121855024
6581,-0.0201064583857299
6582,-0.0183270778094817
6583,-0.0165339641077859
6584,-0.0154455182094168
6585,-0.0142324600384835
6586,-0.0121535506749625
6587,-0.00953880589088859
6588,-0.00716575266359084
6589,-0.00537208292297862
6590,-0.00403420925244252
6591,-0.0029375584409271
6592,-0.00187642994466969
6593,-0.000761611629095325
6594,8.69111883764942E-05
6595,0.00018238556879808
6596,-0.000138400901711732
6597,0.000646497054607336
6598,0.00382292111011933
6599,0.00859135558261418
6600,0.0123353282406078
6601,0.013123886812184
6602,0.0115519549134141
6603,0.00976308049324711
6604,0.00903088941964858
6605,0.00878846933875585
6606,0.00779316849135207
6607,0.00560073890865613
6608,0.00279629574965156
6609,0.000275210207766349
6610,-0.00145409451568474
6611,-0.0025456795382362
6612,-0.00358743554282422
6613,-0.00488470672078701
6614,-0.0059300438175786
6615,-0.00603432727378135
6616,-0.00570985000481418
6617,-0.00682939094948037
6618,-0.0106717352713725
6619,-0.0159715778941818
6620,-0.0197195434841236
6621,-0.0201439635079889
6622,-0.0183154030819201
6623,-0.0164988271863582
6624,-0.0155391282817241
6625,-0.0144904309069205
6626,-0.0124155222080728
6627,-0.00964606646097727
6628,-0.0071418985866597
6629,-0.00533352103038495
6630,-0.0039916390690074
6631,-0.00280207964780984
6632,-0.00164703787058559
6633,-0.000579560243403448
6634,0.000121995889266207
6635,0.000153689121465821
6636,-0.000100769324175954
6637,0.00070241900114851
6638,0.00370327111032792
6639,0.00823079770874732
6640,0.0119397672362503
6641,0.01297396709739
6642,0.0117116851555197
6643,0.0100432972840331
6644,0.00921223728675722
6645,0.00881508251097489
6646,0.00775571712835916
6647,0.00560736866906683
6648,0.00289317238872918
6649,0.000441861945094267
6650,-0.00128603639336274
6651,-0.00245340499870036
6652,-0.00359234515796636
6653,-0.00492277254150807
6654,-0.00591445847983969
6655,-0.00595159538095637
6656,-0.00562747726676905
6657,-0.00680548740009829
6658,-0.0106893085548831
6659,-0.0159823024139132
6660,-0.0197244205593213
6661,-0.0201887032439288
6662,-0.0184067150143974
6663,-0.0165659997280512
6664,-0.015506423507337
6665,-0.0143740510489134
6666,-0.0123193709773869
6667,-0.00965837706955762
6668,-0.0072546294431924
6669,-0.0054697679621812
6670,-0.00408796460855362
6671,-0.00283948509672166
6672,-0.00161889164641103
6673,-0.000477325680091605
6674,0.000269408608701745
6675,0.000262532158984719
6676,-9.6559568426285E-05
6677,0.000644734881774039
6678,0.00370681617241979
6679,0.00835234172886743
6680,0.0120841390949926
6681,0.0130020747426739
6682,0.0116272177913405
6683,0.010018192786465
6684,0.00939766080566561
6685,0.00916082901068376
6686,0.00806105371535855
6687,0.00573939000318193
6688,0.00290749332283414
6689,0.000477238427272646
6690,-0.00118160397619368
6691,-0.00234822034939751
6692,-0.00354853279979141
6693,-0.00490875935402241
6694,-0.00585266981575989
6695,-0.00580292268488583
6696,-0.00539202432106072
6697,-0.00647353163471997
6698,-0.010255167835895
6699,-0.015513174494447
6700,-0.0193573721081542
6701,-0.0200165400307925
6702,-0.0183871583041134
6703,-0.0165798856664329
6704,-0.0154906709570412
6705,-0.0143521663046426
6706,-0.0123023111026811
6707,-0.00957686616011648
6708,-0.007039053362226
6709,-0.00517326841593073
6710,-0.00387306485545623
6711,-0.00282538047292548
6712,-0.00176815201429208
6713,-0.000646982862292871
6714,0.000187536064872348
6715,0.000268540690066215
6716,-6.9165069195292E-05
6717,0.000641461594077166
6718,0.00367873690921772
6719,0.00835372696607969
6720,0.0121690576282769
6721,0.01316133907811
6722,0.0117654911295318
6723,0.0100215234045538
6724,0.00925140897842547
6725,0.00898705657241346
6726,0.00800545140576615
6727,0.00581724644541019
6728,0.00299076096034224
6729,0.000447748195075924
6730,-0.0012952724564293
6731,-0.00241757700729045
6732,-0.00351191418470304
6733,-0.00484228475046136
6734,-0.00586104466836478
6735,-0.00588478275893789
6736,-0.00545769531413849
6737,-0.00647428005559066
6738,-0.0102303518867765
6739,-0.0154947085027196
6740,-0.0192904768034992
6741,-0.019832600021186
6742,-0.0181261085067257
6743,-0.0163659168675059
6744,-0.0153790289311328
6745,-0.0142715588826423
6746,-0.0121898036413136
6747,-0.00951036673257857
6748,-0.00715396230486139
6749,-0.00546057221585056
6750,-0.0041430763180064
6751,-0.0029009260423912
6752,-0.00165700787299898
6753,-0.00048769647008699
6754,0.000292538399891207
6755,0.00030274717054745
6756,-0.000108422147455934
6757,0.000521696381356672
6758,0.00354039686902746
6759,0.0083302755130094
6760,0.0123253586840189
6761,0.0133855606427005
6762,0.0118654444443405
6763,0.00992222619077091
6764,0.00904966088535824
6765,0.00882012341201043
6766,0.00792482198466757
6767,0.00580371992305769
6768,0.00302838600673537
6769,0.000533717189956896
6770,-0.00118189440073071
6771,-0.00230415874037288
6772,-0.00339877013327181
6773,-0.00472285703742007
6774,-0.0057671478608143
6775,-0.00586169208511627
6776,-0.00548874280333757
6777,-0.0064864077458933
6778,-0.0102053592218182
6779,-0.015527393950215
6780,-0.0194807026227832
6781,-0.0201410023497822
6782,-0.0184013110479293
6783,-0.0165235918855321
6784,-0.0154945666065291
6785,-0.0144602562223952
6786,-0.0124369110603352
6787,-0.0096753222671441
6788,-0.00713562916605502
6789,-0.00530752575447963
6790,-0.00398849377904839
6791,-0.00282822672061911
6792,-0.00165446369530018
6793,-0.000504587886547209
6794,0.000287841918239217
6795,0.000314830813525649
6796,-9.34874273672305E-05
6797,0.000507067280507788
6798,0.00346244613032354
6799,0.00819444730920085
6800,0.012187806387199
6801,0.0133023462260603
6802,0.0118358846486823
6803,0.00990478869070413
6804,0.00902943797185814
6805,0.00882467660596857
6806,0.00796031532499246
6807,0.00580899131012392
6808,0.00293293918785586
6809,0.000352716479646002
6810,-0.00134893892140934
6811,-0.00237902055670052
6812,-0.00339855921371968
6813,-0.00471402423776304
6814,-0.00577428786005241
6815,-0.00585076632100599
6816,-0.00542232695325241
6817,-0.00635677074786749
6818,-0.0100142337636519
6819,-0.0152712787497253
6820,-0.0191717681484854
6821,-0.0198166095564919
6822,-0.0180931486369353
6823,-0.0162367906258429
6824,-0.015239173356425
6825,-0.0142842590966862
6826,-0.012390104102026
6827,-0.00973778984359213
6828,-0.0072142096198141
6829,-0.00532017745689826
6830,-0.00393247825769475
6831,-0.00274566934733259
6832,-0.00154955048012701
6833,-0.000329239857719405
6834,0.000561558880345843
6835,0.000634188658355605
6836,0.000165602311941673
6837,0.000623680633480928
6838,0.00342322250997088
6839,0.00805485032905749
6840,0.0120630124634097
6841,0.0133373927423658
6842,0.0121141121865146
6843,0.0103430040280337
6844,0.00940748275854594
6845,0.00899455064043947
6846,0.00803014524444671
6847,0.00605395551351895
6848,0.00348635947573675
6849,0.00103240811898177
6850,-0.000860123965358751
6851,-0.0022132121211414
6852,-0.00342499613213474
6853,-0.00475147174794216
6854,-0.00577892903358472
6855,-0.00585899797324909
6856,-0.0054066868186323
6857,-0.00625012823281821
6858,-0.00986275245013216
6859,-0.0152570118174065
6860,-0.0194295100602453
6861,-0.0202719619501791
6862,-0.0185328423318363
6863,-0.0165217684243094
6864,-0.0154044475826437
6865,-0.0144349197033526
6866,-0.0125510841753602
6867,-0.00983807060517013
6868,-0.00719905944398863
6869,-0.00523788787609057
6870,-0.00389393268667584
6871,-0.00281347860856062
6872,-0.00168466452990501
6873,-0.000443075014252681
6874,0.000523141532647298
6875,0.000662706900598813
6876,0.000221005413889484
6877,0.000665680833446408
6878,0.00341632853578366
6879,0.00797024561768885
6880,0.0118924083391819
6881,0.0131034904761503
6882,0.0118655447417589
6883,0.0101432888243038
6884,0.0093149503361437
6885,0.00902207833918091
6886,0.00811437936531206
6887,0.00608812580801445
6888,0.0034104737699462
6889,0.000890832151530882
6890,-0.000957892776829859
6891,-0.00218304203861126
6892,-0.00326127165703608
6893,-0.00451969943164214
6894,-0.005575634821008
6895,-0.00575352422422633
6896,-0.00538396977815716
6897,-0.00621640107503232
6898,-0.00973852761814367
6899,-0.0150584257357647
6900,-0.0192238681559424
6901,-0.0200668601120297
6902,-0.018271973506201
6903,-0.0162070647362147
6904,-0.0151534074185748
6905,-0.0143600384950012
6906,-0.0126213576975806
6907,-0.00992694636800648
6908,-0.00724921634052549
6909,-0.00530139168074151
6910,-0.00400716681376829
6911,-0.00291972340124485
6912,-0.00172904175403362
6913,-0.000478408549548325
6914,0.000401498581456603
6915,0.000464002392519283
6916,6.41503817930414E-05
6917,0.000633237420096391
6918,0.00347209175431195
6919,0.0080489374208908
6920,0.012006246598857
6921,0.0132946590797949
6922,0.012085966056878
6923,0.0102663242051623
6924,0.00929294008639361
6925,0.00897194333814415
6926,0.00818927391237918
6927,0.00628431702586953
6928,0.00356087216346135
6929,0.000860661194292319
6930,-0.00111867027707411
6931,-0.00231702904833761
6932,-0.003298929136243
6933,-0.00454060615270793
6934,-0.00567525637966692
6935,-0.00590540246499543
6936,-0.00546878473906983
6937,-0.00615859007313246
6938,-0.00957834695914461
6939,-0.0149062733797886
6940,-0.019185505706193
6941,-0.0202019328040992
6942,-0.0185607597513728
6943,-0.0165241921535551
6944,-0.0153214464831334
6945,-0.0142952587750734
6946,-0.0124276935926765
6947,-0.00979625138217599
6948,-0.00725042090225032
6949,-0.00530865141307674
6950,-0.00386668713245009
6951,-0.00265491197184544
6952,-0.00152390868925098
6953,-0.000464198742226622
6954,0.000279027646928269
6955,0.000336132086817505
6956,-4.01231220804574E-05
6957,0.000480875134076125
6958,0.0032599787617662
6959,0.0078888424145341
6960,0.0119910460313478
6961,0.0133541539820297
6962,0.0120582874139415
6963,0.0100967945461382
6964,0.0090927204605068
6965,0.0088729500480827
6966,0.00820315131770416
6967,0.00632703517949024
6968,0.00355774992816166
6969,0.000783088749450825
6970,-0.00127501349063016
6971,-0.00252467539319647
6972,-0.00348347361364827
6973,-0.00463236690902589
6974,-0.00568246419410839
6975,-0.00589619755044273
6976,-0.00548388279118491
6977,-0.00619020229679438
6978,-0.00963244665758791
6979,-0.0150147975284548
6980,-0.0193283982566237
6981,-0.0202866260400836
6982,-0.0185410099455246
6983,-0.0164963618950657
6984,-0.0154281348062346
6985,-0.0145497080782896
6986,-0.0127061501966136
6987,-0.0100004680821298
6988,-0.00739979443772153
6989,-0.0054536905761417
6990,-0.00399572902848706
6991,-0.00273974477226114
6992,-0.00159659710036528
6993,-0.000570868278347274
6994,0.000171194563601508
6995,0.000305143926026257
6996,2.00359263997324E-06
6997,0.000491896335339328
6998,0.00316599128895906
6999,0.0077375524220299
7000,0.0118797832346848
7001,0.0133199052301019
7002,0.0120895042434249
7003,0.0102083242780135
7004,0.00930529405102177
7005,0.009119153496306
7006,0.00834187911664615
7007,0.00630991965232009
7008,0.0035397460393254
7009,0.000991848992931494
7010,-0.000789723558610424
7011,-0.00196267369441243
7012,-0.00309130511552907
7013,-0.0044660695985835
7014,-0.00560404583636964
7015,-0.00576747139773513
7016,-0.00529240290530938
7017,-0.00598188204601505
7018,-0.00940752370429519
7019,-0.0147591816422618
7020,-0.0191046757718302
7021,-0.0201957362838052
7022,-0.0185759264023774
7023,-0.0165134836679675
7024,-0.0153168707414926
7025,-0.0143793477753721
7026,-0.0126361968376678
7027,-0.0100692634696315
7028,-0.00748114873257242
7029,-0.00543152081264761
7030,-0.00390313620813734
7031,-0.00267497411747994
7032,-0.00154892189571726
7033,-0.000408941164126379
7034,0.000525384604032713
7035,0.000736054253829077
7036,0.000268440439437299
7037,0.000439279198684149
7038,0.00287384629052657
7039,0.00746312070131169
7040,0.0118472840820375
7041,0.0135444481421657
7042,0.0123933152434284
7043,0.010399320328581
7044,0.00933015405795217
7045,0.00905294015554598
7046,0.00827634849124788
7047,0.00628986069593418
7048,0.00358180458315236
7049,0.00109779916455249
7050,-0.000657743080214051
7051,-0.00187311830316577
7052,-0.00307531195325854
7053,-0.00448418081593252
7054,-0.00560762901159659
7055,-0.0057619881309619
7056,-0.00530270997273172
7057,-0.00598750100798234
7058,-0.00937738540183022
7059,-0.0147422066782746
7060,-0.0192064109134571
7061,-0.020436187658583
7062,-0.0188384292949186
7063,-0.0166879540215193
7064,-0.0154384851813849
7065,-0.0145476525895675
7066,-0.0128316442815607
7067,-0.0101600462874094
7068,-0.00743073143723599
7069,-0.0053914813929574
7070,-0.00402918265603764
7071,-0.00292616310139542
7072,-0.00177127945031887
7073,-0.00057543847912531
7074,0.000291177026759966
7075,0.000394211896664878
7076,-1.41275296517322E-05
7077,0.000380659224633132
7078,0.00294443342754948
7079,0.00738845509764037
7080,0.0115050628584837
7081,0.0131067532255796
7082,0.0121072557545091
7083,0.0103258424007639
7084,0.0093692923768359
7085,0.00914928644814367
7086,0.00847316481609009
7087,0.00657793612085893
7088,0.00380500359917443
7089,0.00108070901597365
7090,-0.00092473113977851
7091,-0.00222876037249364
7092,-0.00335165649160207
7093,-0.00463665334042943
7094,-0.00569689487631115
7095,-0.00586055294488933
7096,-0.00543458829543808
7097,-0.00612227249037435
7098,-0.00945103915595176
7099,-0.0146968807436436
7100,-0.0190399439869663
7101,-0.0202196325032753
7102,-0.0186713016321916
7103,-0.0166239158753604
7104,-0.0154509286525876
7105,-0.0145667250831934
7106,-0.0128150332887507
7107,-0.0101320493189404
7108,-0.00745315288760184
7109,-0.0054911752343567
7110,-0.00415331499355238
7111,-0.00298105911711453
7112,-0.00171595296285006
7113,-0.000468579527365095
7114,0.000354971688757785
7115,0.000395371882883406
7116,6.03360222132035E-06
7117,0.000505329813631949
7118,0.00315350925222868
7119,0.00756703347882066
7120,0.0115609121662083
7121,0.0130509205493747
7122,0.0120081453526935
7123,0.0102090840077837
7124,0.00919674453933598
7125,0.00889215685496939
7126,0.00816870911209361
7127,0.00629264555896222
7128,0.00356763736354457
7129,0.000885307308745579
7130,-0.00106029000344232
7131,-0.00225656652440833
7132,-0.0032684101364941
7133,-0.00453015328703908
7134,-0.00567435399578565
7135,-0.00593422100107301
7136,-0.00551342813923854
7137,-0.0061215041849419
7138,-0.00937877554098598
7139,-0.01462587956157
7140,-0.0190351370515596
7141,-0.0203199078124862
7142,-0.0188953673820645
7143,-0.0169301861374829
7144,-0.015710222519967
7145,-0.014659131439626
7146,-0.0127814900997812
7147,-0.0101577603093181
7148,-0.0076444361033535
7149,-0.00572468382938301
7150,-0.00423116070238674
7151,-0.00290340168959344
7152,-0.00168612870069585
7153,-0.000611500610889747
7154,0.000154190733129809
7155,0.00029107472062105
7156,-6.94505061219125E-05
7157,0.000250931520555808
7158,0.00269407110444005
7159,0.00714893115403976
7160,0.011425982825785
7161,0.0131832904500135
7162,0.0122300428709134
7163,0.0104260392893488
7164,0.00942363609996785
7165,0.00909796239334579
7166,0.00826193266613076
7167,0.00628905544704171
7168,0.00363071743279298
7169,0.00111568117005641
7170,-0.00078527773739092
7171,-0.00213114759842493
7172,-0.00330489256645539
7173,-0.00457376796046662
7174,-0.00564670478514359
7175,-0.00592556273328044
7176,-0.00559894155859673
7177,-0.00621147902436517
7178,-0.00934470069455763
7179,-0.0144949023834191
7180,-0.0189310925177672
7181,-0.0202333727762405
7182,-0.0186577477259447
7183,-0.0164743835549327
7184,-0.0152493681832554
7185,-0.014486794758324
7186,-0.0129195391555291
7187,-0.0103160820933623
7188,-0.00756273160160479
7189,-0.0054711474364027
7190,-0.00409625136265674
7191,-0.00304805860736943
7192,-0.00198430936533008
7193,-0.000836920025038993
7194,8.08276031810603E-05
7195,0.000289809025185604
7196,-7.23751710414843E-05
7197,0.000266374198777433
7198,0.0027728953770212
7199,0.00728685198852042
7200,0.0115938107939525
7201,0.0133694486843486
7202,0.0124164156833264
7203,0.0105600501357719
7204,0.00947343904562476
7205,0.00911950980228034
7206,0.00834911481929289
7207,0.00644259452896642
7208,0.00372892193968778
7209,0.00105038638385677
7210,-0.000968477222465174
7211,-0.00226299322354014
7212,-0.00325451810700164
7213,-0.00436066139215238
7214,-0.00540497833455097
7215,-0.00578475130166199
7216,-0.00559340233320472
7217,-0.00627331900999906
7218,-0.00937458249425946
7219,-0.0144627073005294
7220,-0.0189233421417824
7221,-0.0203871026630029
7222,-0.0190247224575588
7223,-0.016950070857174
7224,-0.0156523465870068
7225,-0.0147175164122979
7226,-0.0130392320766021
7227,-0.0104657546329472
7228,-0.00781017884079914
7229,-0.00574785909500449
7230,-0.00428785142016515
7231,-0.00313132772903376
7232,-0.00205134108565401
7233,-0.000981183689921622
7234,-0.000131181931134893
7235,8.31428881315889E-05
7236,-0.000261541895526912
7237,1.47205474789998E-05
7238,0.00240215487079333
7239,0.00687107140843319
7240,0.0112807461390279
7241,0.0132214862720117
7242,0.0123508687411892
7243,0.0104613532513808
7244,0.00932541954679552
7245,0.00899434019501046
7246,0.00829049639806306
7247,0.00641714984472797
7248,0.0037065765906141
7249,0.0010805470225286
7250,-0.000817402463367715
7251,-0.00203019751005708
7252,-0.00309132525283692
7253,-0.00437080247040242
7254,-0.00551031688742924
7255,-0.00579889042266126
7256,-0.0054272341173742
7257,-0.00602206816986062
7258,-0.00918676178384962
7259,-0.0143663826123476
7260,-0.0188186913108341
7261,-0.0201826777982196
7262,-0.0187318957257177
7263,-0.0166502646776398
7264,-0.0154246299698675
7265,-0.0146133387781195
7266,-0.0130763913096661
7267,-0.0106004335388135
7268,-0.0079318794893158
7269,-0.00574478205428073
7270,-0.00412650221548129
7271,-0.00285707818103728
7272,-0.00172046586872672
7273,-0.000620599500158879
7274,0.000238820882089327
7275,0.000424219878355933
7276,1.40500634106905E-05
7277,0.000216764999012126
7278,0.0025389754425183
7279,0.00693922908012601
7280,0.0112694246214553
7281,0.0131404078405695
7282,0.0122344100168074
7283,0.0103380433527176
7284,0.00919959625498817
7285,0.00887223411367018
7286,0.00821932957175665
7287,0.00647193305022396
7288,0.00391393126807489
7289,0.00135850906578382
7290,-0.000613238458408638
7291,-0.00198279866842962
7292,-0.0031618791958574
7293,-0.00448348717403997
7294,-0.00566617118771198
7295,-0.00604624698214542
7296,-0.00571846334774642
7297,-0.00618082591397753
7298,-0.00908632876664743
7299,-0.0141111209223937
7300,-0.0186739323552682
7301,-0.0203122578031474
7302,-0.0190547857987293
7303,-0.0169663679061699
7304,-0.0156213450079568
7305,-0.0147120993692462
7306,-0.013131320343923
7307,-0.0106269926767686
7308,-0.00793276787476133
7309,-0.00574718326641499
7310,-0.00417163464663536
7311,-0.00297889190279564
7312,-0.00193871491865896
7313,-0.000916016134225663
7314,-4.34403238160952E-05
7315,0.000278643208958746
7316,4.52041685440347E-05
7317,0.0003173615062919
7318,0.00255285332598969
7319,0.00682976690528837
7320,0.0111560761406423
7321,0.0131570866306323
7322,0.0123869250315173
7323,0.0105292074846439
7324,0.00936248783863342
7325,0.00902034582400615
7326,0.00835565741326896
7327,0.00651267201980609
7328,0.00376513706777811
7329,0.00105955157608591
7330,-0.000884114220653774
7331,-0.00207366387151599
7332,-0.00308533636285064
7333,-0.00436067016951535
7334,-0.00556653797594488
7335,-0.00593471615396778
7336,-0.00555064811153816
7337,-0.00598533080250493
7338,-0.00892326787257468
7339,-0.0139924502871858
7340,-0.0185670025191906
7341,-0.0202011583553259
7342,-0.0189557764884985
7343,-0.0168890087176941
7344,-0.0155523149460379
7345,-0.0146412786923988
7346,-0.013064206799503
7347,-0.0105725472627962
7348,-0.00791273316136682
7349,-0.00581717345561152
7350,-0.00438030874648045
7351,-0.0032794930997775
7352,-0.00218563812051886
7353,-0.00100280809526686
7354,-3.07937753626236E-05
7355,0.000220994661530862
7356,-0.000169771347753978
7357,3.87143118685079E-05
7358,0.0023832050614662
7359,0.00685479454084963
7360,0.0113222519600811
7361,0.0133433384870949
7362,0.0124920190104986
7363,0.0105137815722575
7364,0.00926639592106248
7365,0.00895641261201512
7366,0.00844274705544575
7367,0.00675998531478295
7368,0.00402002297956551
7369,0.00111312647570208
7370,-0.0011030374845635
7371,-0.00241785529192956
7372,-0.00333157697384599
7373,-0.00443612011981331
7374,-0.00560226009656348
7375,-0.00608306856881287
7376,-0.00578901256664061
7377,-0.00614402265784499
7378,-0.00889059245918582
7379,-0.0138368423976934
7380,-0.018447812811444
7381,-0.0202063214499428
7382,-0.0190493221437939
7383,-0.016973513219237
7384,-0.0155455756637182
7385,-0.0145279061469407
7386,-0.0129250086907218
7387,-0.0105422919934985
7388,-0.00804632739734739
7389,-0.00599662793956109
7390,-0.00441396083269238
7391,-0.00310929800758047
7392,-0.00194312979361482
7393,-0.000837742093578284
7394,5.20326566176809E-05
7395,0.000306666340882078
7396,-6.68287966686499E-05
7397,7.83656248428665E-05
7398,0.00230218532029671
7399,0.00668348943004917
7400,0.0111218336993907
7401,0.0131585111260677
7402,0.0123746163806073
7403,0.0105100352689091
7404,0.00932975978691513
7405,0.00894874713102774
7406,0.00830954071915407
7407,0.00666681539189296
7408,0.00420582739552747
7409,0.00159506919270494
7410,-0.000586229186070982
7411,-0.0021251266953086
7412,-0.00325367883040272
7413,-0.0043680288258676
7414,-0.00541511839710579
7415,-0.00582684037776531
7416,-0.00555111219771923
7417,-0.00593023113252567
7418,-0.00869068449602481
7419,-0.013709851549104
7420,-0.0184440464564242
7421,-0.0202475939448777
7422,-0.0190000467234358
7423,-0.0168452056880096
7424,-0.0155293573585433
7425,-0.0147591419741637
7426,-0.0132784856865303
7427,-0.0107496176228795
7428,-0.00799711628839542
7429,-0.00583554610316192
7430,-0.00433006309860178
7431,-0.00311974944073179
7432,-0.00193579385940302
7433,-0.000754530449450849
7434,0.000166714223396912
7435,0.000414634654163912
7436,5.80162493592249E-05
7437,0.000228012638824191
7438,0.00241530756363221
7439,0.00670675011657421
7440,0.0110937097817737
7441,0.0131615157165718
7442,0.0124383955612353
7443,0.0106201189223597
7444,0.00950071994230509
7445,0.00919979269033852
7446,0.00856220186872056
7447,0.00676581753792934
7448,0.00410593344664367
7449,0.00146386735390348
7450,-0.000538214782070454
7451,-0.00189700613395451
7452,-0.00304869196472112
7453,-0.00432653732721638
7454,-0.00544490468249264
7455,-0.00575380339606315
7456,-0.00536858496866296
7457,-0.00579951181437338
7458,-0.00870826212321875
7459,-0.0137802300589867
7460,-0.0184303924834103
7461,-0.0201722886793211
7462,-0.0190083341965722
7463,-0.0169920515771384
7464,-0.0156940618546455
7465,-0.0148002388934551
7466,-0.0132066724974142
7467,-0.0106911787441264
7468,-0.00802505519644768
7469,-0.00590868844929375
7470,-0.00439364011698187
7471,-0.00319013363933298
7472,-0.00204692869123775
7473,-0.000870679242657382
7474,0.000122935408485878
7475,0.000456191202672042
7476,0.000105862250494544
7477,0.00020012608252706
7478,0.00230880106352724
7479,0.00657767768785369
7480,0.0109854413846332
7481,0.0130730910859536
7482,0.0123356276403898
7483,0.0104508514480167
7484,0.00922612080708599
7485,0.00886083220711595
7486,0.00830768018211322
7487,0.00674552748032867
7488,0.00429622076276985
7489,0.00164533728601351
7490,-0.000563016008919307
7491,-0.00207352609975448
7492,-0.00313226511741276
7493,-0.00419898620636068
7494,-0.00529213460859441
7495,-0.00584677057546486
7496,-0.0057022081867732
7497,-0.00606654903557483
7498,-0.0086721419849399
7499,-0.0135752499303793
7500,-0.018386359716872
7501,-0.0203809211727303
7502,-0.0191977373589055
7503,-0.0168755647309486
7504,-0.01534013890219
7505,-0.0145568090915287
7506,-0.0133020973825832
7507,-0.0110198028910101
7508,-0.0083336420377869
7509,-0.00608412917823832
7510,-0.00450284495604755
7511,-0.00331250995025149
7512,-0.00217760027721521
7513,-0.000981545164612332
7514,2.35689271597658E-05
7515,0.000364969796485117
7516,6.20420388245479E-05
7517,0.00022506494273342
7518,0.00234450372753957
7519,0.00655544308202795
7520,0.0109533091630368
7521,0.0131867345512182
7522,0.0126889091028159
7523,0.0109494465143209
7524,0.0096661165124827
7525,0.00911541962264228
7526,0.00840424735898025
7527,0.0067772739431269
7528,0.00430913304628939
7529,0.00162732876471528
7530,-0.000621623713020937
7531,-0.00214752658944177
7532,-0.00318248383580635
7533,-0.00420153792594069
7534,-0.00524574471308
7535,-0.00576496968235126
7536,-0.00559446156336203
7537,-0.00590949546766757
7538,-0.00840559094647251
7539,-0.0131623289584058
7540,-0.0179000197618934
7541,-0.0200046947107179
7542,-0.0190916300599742
7543,-0.0170228272606532
7544,-0.015551331778609
7545,-0.0146500081501483
7546,-0.0132639727110879
7547,-0.0109631761069913
7548,-0.00831898492186121
7549,-0.00605013328910779
7550,-0.00439715764825925
7551,-0.00322036043363205
7552,-0.00223053234636783
7553,-0.00115594355881164
7554,-8.98915186803706E-05
7555,0.000412521240058616
7556,0.000135632677800055
7557,0.000137643579469629
7558,0.00213785771873319
7559,0.00646537902323252
7560,0.0110850004152434
7561,0.0133643400681282
7562,0.012711693369697
7563,0.010895193310487
7564,0.00980212445488592
7565,0.00953531017598951
7566,0.00888898288042482
7567,0.00704351465391211
7568,0.00428624520891595
7569,0.00143951230051311
7570,-0.000839863508293381
7571,-0.00231744242518416
7572,-0.00323529462034659
7573,-0.00410474410508114
7574,-0.00508193715213182
7575,-0.00567597277888878
7576,-0.00561010393925702
7577,-0.00591200826163298
7578,-0.0083067907448496
7579,-0.0130363722094043
7580,-0.0178686372621197
7581,-0.0200511602928967
7582,-0.0190908426657584
7583,-0.0169366642156223
7584,-0.0154827634838075
7585,-0.0146734732188875
7586,-0.0133004728936309
7587,-0.01089821514197
7588,-0.00818660333301767
7589,-0.00600009350451438
7590,-0.00448442629014678
7591,-0.00331854650698539
7592,-0.00219406499709056
7593,-0.00100488394740573
7594,2.81864859460623E-05
7595,0.000415541492926158
7596,8.91461198048208E-05
7597,0.000136257110411574
7598,0.00217346431181378
7599,0.00646498305252674
7600,0.0110447656429738
7601,0.0133712661505421
7602,0.0128120850435409
7603,0.0109955909023351
7604,0.00975648899475005
7605,0.00932190320515155
7606,0.00865809427209014
7607,0.00698251573092974
7608,0.00446945096447816
7609,0.00181272221690808
7610,-0.00038717177090841
7611,-0.0019145243463481
7612,-0.00301960258201663
7613,-0.00414684995024379
7614,-0.00527968159598853
7615,-0.00578410569489397
7616,-0.0054494205603566
7617,-0.00555097328133279
7618,-0.00799518854559226
7619,-0.012958464947594
7620,-0.0179966551915736
7621,-0.0202377438386242
7622,-0.0192454985675053
7623,-0.0170759174842509
7624,-0.015647966121933
7625,-0.014859693596716
7626,-0.0134617454611873
7627,-0.0109773703165434
7628,-0.00813543770499346
7629,-0.00581763631702927
7630,-0.00425543417398017
7631,-0.00316949920760569
7632,-0.0021673911433592
7633,-0.00100274040070719
7634,0.000126404189069996
7635,0.000588997808983124
7636,0.000185920104610901
7637,5.74150190441667E-05
7638,0.00198587821908507
7639,0.00629275816848351
7640,0.0109044687013363
7641,0.0131896479750358
7642,0.0125841773264581
7643,0.0108254127953333
7644,0.00970740232549978
7645,0.00931558248156691
7646,0.0086027965844656
7647,0.00694792901533355
7648,0.00461342080963752
7649,0.00212794250811246
7650,-0.000127093377274436
7651,-0.00188070195945531
7652,-0.00309390366596542
7653,-0.00409101097471784
7654,-0.00510219955866548
7655,-0.0057743870198183
7656,-0.00578708269719599
7657,-0.00601617768517619
7658,-0.00820394920551815
7659,-0.0128290936527663
7660,-0.0178286793583505
7661,-0.0203122718035242
7662,-0.019491039301344
7663,-0.0172065812062848
7664,-0.0155293596935752
7665,-0.0146216495026486
7666,-0.0133050872648711
7667,-0.0109985137822212
7668,-0.00833111516677365
7669,-0.00611967050946668
7670,-0.00451146063783972
7671,-0.00321016946373397
7672,-0.00199158706303011
7673,-0.000823539614876814
7674,0.000124580919895878
7675,0.00048607388445029
7676,0.000190214445044764
7677,0.000160943157569819
7678,0.00192680225387862
7679,0.00591863951002835
7680,0.0104138273733479
7681,0.0128778308651729
7682,0.0124536291251153
7683,0.0106352144951126
7684,0.00937902219351655
7685,0.00907041144764511
7686,0.00861706979254316
7687,0.00705606931213417
7688,0.00453071334567136
7689,0.00187353875927102
7690,-0.000245835257212012
7691,-0.00171579064886134
7692,-0.00288307415862952
7693,-0.0041251859607575
7694,-0.00530953653334112
7695,-0.00581381560680336
7696,-0.00551607056891839
7697,-0.00568274784178425
7698,-0.00811900204242324
7699,-0.0129826746343955
7700,-0.0179432248769494
7701,-0.0202132664371752
7702,-0.0192988001202683
7703,-0.0171537709031702
7704,-0.0156844299090504
7705,-0.0148397306272813
7706,-0.0133962640641204
7707,-0.0108923361390666
7708,-0.00810141369986993
7709,-0.00590284866619928
7710,-0.00440157915454257
7711,-0.00319445499054202
7712,-0.00196982675171016
7713,-0.000702257618209384
7714,0.000352243644699876
7715,0.00075703150315857
7716,0.000451763745641125
7717,0.000406059016592939
7718,0.00215733027882
7719,0.00611994055476939
7720,0.0105913323135654
7721,0.0130828586067812
7722,0.0127273763871391
7723,0.0109358226177388
7724,0.00960934299426712
7725,0.00918783528595345
7726,0.00867617229219248
7727,0.0071186203243509
7728,0.00456538753075083
7729,0.00178739924420935
7730,-0.000480310741479228
7731,-0.00200175390328869
7732,-0.00308041492412235
7733,-0.00417594572179604
7734,-0.00527507698436002
7735,-0.00579870525216233
7736,-0.00555834265051715
7737,-0.00570966288621219
7738,-0.00801576247778111
7739,-0.0127267457152562
7740,-0.0176697029172468
7741,-0.0201085027798864
7742,-0.0194038893433752
7743,-0.0173048918498102
7744,-0.0156956731262478
7745,-0.0147321977791599
7746,-0.0133837489776636
7747,-0.0111180369241579
7748,-0.0084501473690639
7749,-0.00613616803480883
7750,-0.00445441072248224
7751,-0.00325853944030125
7752,-0.00225926009227982
7753,-0.00119933111677157
7754,-0.000139115054310469
7755,0.000424466837810543
7756,0.000228649365826766
7757,0.000166856168226661
7758,0.00189745314401097
7759,0.00596711203639397
7760,0.010645326526556
7761,0.0133052469734011
7762,0.0129924075707799
7763,0.0111347359623643
7764,0.00968321781432769
7765,0.00911412226034848
7766,0.00848424037383248
7767,0.00690313454108783
7768,0.00442816409123331
7769,0.00175542710690716
7770,-0.000449020603880459
7771,-0.00194108712742047
7772,-0.00300297295175775
7773,-0.00414172418754702
7774,-0.00539202316426319
7775,-0.00609178032325291
7776,-0.00588882897555295
7777,-0.0059103432934563
7778,-0.00809236904230814
7779,-0.0128365557171309
7780,-0.0178914129798391
7781,-0.0203340652888027
7782,-0.0195149741538521
7783,-0.0173705007217578
7784,-0.0158892102638644
7785,-0.0150857218230717
7786,-0.0137409111019249
7787,-0.011349773104912
7788,-0.00861176188969316
7789,-0.00634752124045173
7790,-0.00469855008305797
7791,-0.00339882314906144
7792,-0.00224029008840015
7793,-0.00113854243525957
7794,-0.000190978101574197
7795,0.000234397469060398
7796,-6.27692389129391E-06
7797,-3.53195333607957E-05
7798,0.00171758730534145
7799,0.00575886576235242
7800,0.0103856044285883
7801,0.0130071812315231
7802,0.0126850391357539
7803,0.0108583927254038
7804,0.00948287839701003
7805,0.00900629526513856
7806,0.0084349657457255
7807,0.00686455572386961
7808,0.00440052168641419
7809,0.00178670538254875
7810,-0.00033793576675346
7811,-0.00180673327471719
7812,-0.00292411865877693
7813,-0.00412081388771178
7814,-0.00534453081796518
7815,-0.00594735951553003
7816,-0.00568019688904724
7817,-0.00573989913095726
7818,-0.0080226591373299
7819,-0.0128403622032718
7820,-0.017907284149258
7821,-0.0203378778146353
7822,-0.0195158127511742
7823,-0.0173572787584561
7824,-0.0158211949554999
7825,-0.0149515327391859
7826,-0.0136036558713215
7827,-0.0113021809595668
7828,-0.00868192905544314
7829,-0.00647218063442547
7830,-0.00480115210850095
7831,-0.00346763152626002
7832,-0.00229699373200549
7833,-0.00115089718727398
7834,-8.52677315297176E-05
7835,0.000440986843714061
7836,0.000127278402271499
7837,-0.000161378917093945
7838,0.00134629465003561
7839,0.00536782674642324
7840,0.0101860247491986
7841,0.0130056775642164
7842,0.0127415080691903
7843,0.0108743336174691
7844,0.00946648549222362
7845,0.00898782140852395
7846,0.00841639124592504
7847,0.00687455758408032
7848,0.00450994278725785
7849,0.00200014342577411
7850,-0.000156370610053384
7851,-0.00180868027339786
7852,-0.00307966020199763
7853,-0.00422825136732019
7854,-0.0052686490297469
7855,-0.00577725180760481
7856,-0.00558645147150088
7857,-0.00572245561129839
7858,-0.00790154179698321
7859,-0.0125079420039109
7860,-0.0174927521048851
7861,-0.0200524878437222
7862,-0.019393421714349
7863,-0.0172466186906385
7864,-0.0156220440249225
7865,-0.0147447008410007
7866,-0.0134991183014547
7867,-0.0112535108247848
7868,-0.00855236513376597
7869,-0.00623947467877278
7870,-0.00457541934880706
7871,-0.00329879268668027
7872,-0.00208568584827248
7873,-0.000806433789780887
7874,0.000335412085627365
7875,0.000856251105288436
7876,0.000613898607765357
7877,0.000534044205881834
7878,0.00216817215217757
7879,0.00599429875922126
7880,0.0104033936221819
7881,0.0129762404699341
7882,0.0128193222588094
7883,0.0112153871700675
7884,0.00993789217478121
7885,0.00942189193205935
7886,0.00879681331691109
7887,0.00723319770639829
7888,0.00478716660498422
7889,0.00212993802627701
7890,-8.80251077224022E-05
7891,-0.00162573206110126
7892,-0.00274595327105117
7893,-0.0039157695192191
7894,-0.00515470928837349
7895,-0.0058402397334051
7896,-0.00565631463532246
7897,-0.00569253656396704
7898,-0.00782729211125585
7899,-0.0125088783017355
7900,-0.0176222864838743
7901,-0.0202849749657229
7902,-0.0196901310405847
7903,-0.01758450350459
7904,-0.0159707817776274
7905,-0.0150675874599995
7906,-0.013795544599135
7907,-0.0115635593255679
7908,-0.00888563700435309
7909,-0.00652675046305483
7910,-0.00474772736129915
7911,-0.00341314848980886
7912,-0.00230292575898985
7913,-0.00120433137593473
7914,-0.000128327253138689
7915,0.000488099117415545
7916,0.000328887872548026
7917,0.000165817102445296
7918,0.00164108460338801
7919,0.00544182858816998
7920,0.00998152837638173
7921,0.0126393937070123
7922,0.0123831720657265
7923,0.0106105835804821
7924,0.00929562996319268
7925,0.00890067719732875
7926,0.00842295893297577
7927,0.00694890740228999
7928,0.0045619317069392
7929,0.00194480277889251
7930,-0.000305685394801937
7931,-0.00194289449336949
7932,-0.0031035761438177
7933,-0.00416282796566352
7934,-0.00523551124330684
7935,-0.00587741048881831
7936,-0.00579472995376535
7937,-0.00590596555404571
7938,-0.00794574237818325
7939,-0.012424131518358
7940,-0.0174035590742807
7941,-0.0200819986006184
7942,-0.0195778210862315
7943,-0.0175336683004066
7944,-0.0159265470690787
7945,-0.0149987194774683
7946,-0.0136789860211066
7947,-0.0113843182188042
7948,-0.00867757872106447
7949,-0.00636944081206199
7950,-0.0046803296339388
7951,-0.00337731707391976
7952,-0.00222011226402881
7953,-0.00109734601400595
7954,-0.000102290946978091
7955,0.000399688205284001
7956,0.000233243158121475
7957,0.000182474229011261
7958,0.00175931087188677
7959,0.00557972459069004
7960,0.0101572937400216
7961,0.0129794776688562
7962,0.012930621094901
7963,0.0112103166792513
7964,0.00973644138179463
7965,0.00912904367142914
7966,0.00855189524340434
7967,0.00708635456306571
7968,0.00471030851258027
7969,0.00206750470183508
7970,-0.000203865333663518
7971,-0.00184167583882329
7972,-0.00302053276818041
7973,-0.00412822846146962
7974,-0.00523220678184595
7975,-0.0058426941128378
7976,-0.00567372776827473
7977,-0.00568676097271139
7978,-0.00766812844558363
7979,-0.0121840656460652
7980,-0.0173184721508613
7981,-0.0201900734245409
7982,-0.0197666077064185
7983,-0.0176205296337179
7984,-0.0158377183209213
7985,-0.0148409557178782
7986,-0.0136126517985091
7987,-0.0114521271398248
7988,-0.00878936817058777
7989,-0.00643209850308939
7990,-0.00469419624813208
7991,-0.00339545082019433
7992,-0.0022545012181575
7993,-0.00110434499388935
7994,-5.97481017954609E-05
7995,0.00042929405377084
7996,0.000141715983227284
7997,-7.67237462416294E-05
7998,0.00140712051510219
7999,0.00527207119601708
8000,0.00997507014182521
8001,0.0128902025195231
8002,0.0128471797903585
8003,0.0110901084866409
8004,0.00961676691305923
8005,0.00907950562063849
8006,0.00861136407132308
8007,0.00724305253614444
8008,0.00492306638860407
8009,0.00229438398777683
8010,1.00273583038365E-05
8011,-0.00165107907903931
8012,-0.00285194522995004
8013,-0.00397617058746502
8014,-0.0050973097816215
8015,-0.00574165417517945
8016,-0.00563466339883636
8017,-0.00571739047863285
8018,-0.00772302434125774
8019,-0.0121862084702804
8020,-0.0172387584462104
8021,-0.0200983611751562
8022,-0.0197710685109623
8023,-0.0177434572010941
8024,-0.0159717114729135
8025,-0.0148470117584664
8026,-0.0134532612079378
8027,-0.0112147951185508
8028,-0.00859065539857201
8029,-0.0063207186120658
8030,-0.00464463242099711
8031,-0.00336715868745839
8032,-0.00223570565432699
8033,-0.00110767146243865
8034,-9.7987834178613E-05
8035,0.00035443324147649
8036,3.7729555239714E-05
8037,-0.000195678685808195
8038,0.00128794156287574
8039,0.00515155879971082
8040,0.00983143822244386
8041,0.0127172668339354
8042,0.0127040447021585
8043,0.0110796809201437
8044,0.00977158574439933
8045,0.00928035648678145
8046,0.00867534558807115
8047,0.00711650151062804
8048,0.00474625244198769
8049,0.00224019318225013
8050,9.0677186167831E-05
8051,-0.00157482751056991
8052,-0.00289740559044823
8053,-0.00413434085111634
8054,-0.00528590181363084
8055,-0.00588158484780396
8056,-0.00565381219279513
8057,-0.00556279407166686
8058,-0.00743593104142925
8059,-0.0119166619499044
8060,-0.0171039132714045
8061,-0.0200392549115794
8062,-0.0196274015360783
8063,-0.0174776703917706
8064,-0.0157457540549036
8065,-0.0148438144023847
8066,-0.0136804355282769
8067,-0.0115322452238916
8068,-0.00888798967146872
8069,-0.00660356048107334
8070,-0.00496343396311418
8071,-0.00372553240880041
8072,-0.00257868175446882
8073,-0.00135400388611205
8074,-0.000174401931636483
8075,0.000459793045010011
8076,0.000224646504690726
8077,-9.69724434140542E-05
8078,0.00120477599387152
8079,0.00496694624517926
8080,0.0097110508722829
8081,0.0127185088604964
8082,0.0127078809389419
8083,0.0109386587175838
8084,0.00950202107424996
8085,0.0090676391489699
8086,0.00868150116144965
8087,0.00730971758405603
8088,0.00494076976300063
8089,0.00229078957243392
8090,1.86859113017807E-05
8091,-0.00164620495069506
8092,-0.00289499719687004
8093,-0.00409280368424091
8094,-0.0052734012298201
8095,-0.00591043713419883
8096,-0.00567802421997859
8097,-0.00553657587802709
8098,-0.00735585503909995
8099,-0.011825267108897
8100,-0.0170739788815297
8101,-0.0201376293925835
8102,-0.0198590089910692
8103,-0.0177653240438076
8104,-0.0159953516776582
8105,-0.0150365850525148
8106,-0.0138671973771435
8107,-0.0117215819604616
8108,-0.00898301052825218
8109,-0.00649938512435949
8110,-0.00469603232391236
8111,-0.00346850522737904
8112,-0.00247367382203661
8113,-0.00138116800710339
8114,-0.000214249996112274
8115,0.000472897458192384
8116,0.000254113841946178
8117,-0.000104042027109767
8118,0.0011717224720341
8119,0.00496692628769407
8120,0.00980026253639505
8121,0.0129300990466853
8122,0.0130394251601655
8123,0.0113238878359318
8124,0.0098276416002969
8125,0.00927054970783349
8126,0.00881965744093629
8127,0.00748467273044521
8128,0.00515187354197976
8129,0.00242896814349409
8130,3.40239193941028E-05
8131,-0.00163123285327306
8132,-0.00270633272403294
8133,-0.00372310063064175
8134,-0.00491412065378298
8135,-0.00575286238324467
8136,-0.00572579602714908
8137,-0.00563237364388159
8138,-0.00735073289018189
8139,-0.0116909990333813
8140,-0.0168849184638707
8141,-0.0199924710721113
8142,-0.0198139363019826
8143,-0.017798075508128
8144,-0.0160233436692108
8145,-0.0149987848582905
8146,-0.0137992941386909
8147,-0.0117211424286239
8148,-0.00908316524839323
8149,-0.00661053709663243
8150,-0.00470968936796342
8151,-0.00340256867527595
8152,-0.00246177917574576
8153,-0.00150432123754203
8154,-0.000390818001891322
8155,0.000387298511554839
8156,0.000282629363325935
8157,-8.43870047068722E-05
8158,0.00107855837890041
8159,0.00480452523600276
8160,0.00968096883684022
8161,0.0128721214652759
8162,0.0129539939845383
8163,0.0111580346363927
8164,0.00963834197029543
8165,0.00912524043230014
8166,0.00869829665579752
8167,0.00735196498290354
8168,0.0050768906864749
8169,0.00252411983508305
8170,0.000265583263072749
8171,-0.00146797220469782
8172,-0.00276647269520374
8173,-0.00393292059776213
8174,-0.00508025039535779
8175,-0.00579791716767194
8176,-0.00572889148351106
8177,-0.00566513231774121
8178,-0.00738550050871417
8179,-0.0116937318327391
8180,-0.0168987833073285
8181,-0.020066706074482
8182,-0.0199152103679373
8183,-0.0178649728825289
8184,-0.0160642653509558
8185,-0.0150575395397849
8186,-0.0138512874530916
8187,-0.0116945100039512
8188,-0.00898434812829506
8189,-0.00653741284464531
8190,-0.00471279425602193
8191,-0.00341587036171054
8192,-0.00242627539908706
8193,-0.00149066521775028
8194,-0.000513581940678272
8195,0.000144527232055855
8196,6.50048651831138E-05
8197,-0.00018468206121552
8198,0.00103321272739656
8199,0.0047042095979009
8200,0.00951626122819724
8201,0.012732067743673
8202,0.0129137585378574
8203,0.0112113241919221
8204,0.00972097237073133
8205,0.0091685255301891
8206,0.00867219948087351
8207,0.0072879892652662
8208,0.00503526243394894
8209,0.00250643305312842
8210,0.000179753402136354
8211,-0.00170448583283717
8212,-0.00308886759873909
8213,-0.00415529583656394
8214,-0.00509235923081769
8215,-0.00569760142881722
8216,-0.00571339414039768
8217,-0.00580709474570776
8218,-0.00755932348096473
8219,-0.0117223432885228
8220,-0.0167337928592609
8221,-0.0198113844508631
8222,-0.0197039783815085
8223,-0.0177489134421833
8224,-0.0160040885178425
8225,-0.0150000509158615
8226,-0.0138013260187469
8227,-0.0117158602646198
8228,-0.0091314025047169
8229,-0.00678446956570578
8230,-0.00495497178586693
8231,-0.00354502677516771
8232,-0.00239981615876997
8233,-0.00132236501977262
8234,-0.000220973638946366
8235,0.000540906756206981
8236,0.000475596694086741
8237,5.98160739393301E-05
8238,0.000956604201263521
8239,0.00434741641072055
8240,0.00913736472728572
8241,0.0126042138760513
8242,0.0130873107739163
8243,0.0114969636357154
8244,0.00990632969865302
8245,0.00921410335985557
8246,0.00868029116065875
8247,0.00733572905948535
8248,0.00511290815866121
8249,0.00261089101151625
8250,0.00037823206026301
8251,-0.00136597084365516
8252,-0.00270285285308073
8253,-0.00390236793827615
8254,-0.00505343323136888
8255,-0.00575016998435491
8256,-0.00563618396655572
8257,-0.00548122070588508
8258,-0.00707169916162879
8259,-0.0112946083099114
8260,-0.0165463315460187
8261,-0.0198608126831999
8262,-0.0198168046000318
8263,-0.0177568964494849
8264,-0.0159119751568133
8265,-0.0149507223697108
8266,-0.0138726183586474
8267,-0.011814991345081
8268,-0.00913615861535303
8269,-0.00672775789144689
8270,-0.00497624690030552
8271,-0.0036783403848736
8272,-0.00252448527590701
8273,-0.00135769430129848
8274,-0.00026343312931588
8275,0.000359297292882804
8276,0.000197617588937363
8277,-0.000138323743070002
8278,0.000921200600039882
8279,0.00438893670213279
8280,0.00915736164220762
8281,0.0126068974863613
8282,0.0130959241203393
8283,0.0114657748111457
8284,0.00980931371221296
8285,0.00914888829347203
8286,0.00876293421660738
8287,0.0075131945469192
8288,0.00519927273246336
8289,0.002531976970885
8290,0.000274908034400934
8291,-0.00132513715118789
8292,-0.00252279671294409
8293,-0.00370427255788709
8294,-0.00489130059728889
8295,-0.00559047357209698
8296,-0.00548503797598386
8297,-0.00540458540764579
8298,-0.00706549835251974
8299,-0.0112431693660192
8300,-0.0163762456759907
8301,-0.0196643125276848
8302,-0.0197416896549927
8303,-0.0178199409392153
8304,-0.0160159130395262
8305,-0.0150624263968402
8306,-0.0140633605025612
8307,-0.0120845604573819
8308,-0.00930678978250155
8309,-0.00661971292005522
8310,-0.00465207371598927
8311,-0.00340313416961019
8312,-0.00246860688377825
8313,-0.0014257187297106
8314,-0.000256673018947103
8315,0.000490341439275957
8316,0.000339479997644397
8317,-7.28934584736388E-05
8318,0.000943029933289768
8319,0.00441351165274059
8320,0.00914160089358208
8321,0.01248434549713
8322,0.0128905281196898
8323,0.0112636745359372
8324,0.00964003564203545
8325,0.00897580024197139
8326,0.00859909678602033
8327,0.00746237402647444
8328,0.00532846360298834
8329,0.00275073143664634
8330,0.000411899394460117
8331,-0.00133806134285039
8332,-0.00260441816230249
8333,-0.00376766066450986
8334,-0.00496890612646901
8335,-0.00577644919306036
8336,-0.00579080376900497
8337,-0.00572548798930857
8338,-0.00728483158624168
8339,-0.0113311542325311
8340,-0.0163897228492885
8341,-0.0196921373222643
8342,-0.0198601850076266
8343,-0.0180523964510591
8344,-0.016295340310881
8345,-0.0152650309621187
8346,-0.0141354652264375
8347,-0.0121355584134981
8348,-0.00952170940803381
8349,-0.00705668814473519
8350,-0.00516897508616305
8351,-0.00381893027890341
8352,-0.00276133705314172
8353,-0.00171631725473039
8354,-0.000615087437729811
8355,0.000146495124046992
8356,0.000127158690094765
8357,-0.000159789196887541
8358,0.000870088676804212
8359,0.00428708906303895
8360,0.00901331164941891
8361,0.0124537084240443
8362,0.0130065522612938
8363,0.0115004587793621
8364,0.00991707551236156
8365,0.00918147151761777
8366,0.00864420906711255
8367,0.00735502613000417
8368,0.00516921215349582
8369,0.00261344311890252
8370,0.000251859544585962
8371,-0.00160363486260551
8372,-0.00294071079145894
8373,-0.00402057959416635
8374,-0.00504235808760337
8375,-0.00574744193420324
8376,-0.00580050949903182
8377,-0.00580113240100818
8378,-0.00733778219658535
8379,-0.0113129240686348
8380,-0.0163704481937156
8381,-0.0197615132455621
8382,-0.0200099005194111
8383,-0.0181992241257423
8384,-0.016388079442059
8385,-0.0153223330768615
8386,-0.0141933596840057
8387,-0.0121989138730627
8388,-0.00956604440897099
8389,-0.0070464122097409
8390,-0.00507741711147834
8391,-0.00366502344896546
8392,-0.00262352015055016
8393,-0.00166328927067914
8394,-0.000610820870983241
8395,0.000216193643924418
8396,0.000297099256132365
8397,-1.64815421533338E-05
8398,0.00084174026394462
8399,0.00413273559622225
8400,0.008951057639542
8401,0.0126182982286223
8402,0.0132774283181991
8403,0.0116418969459425
8404,0.00985414949429395
8405,0.00906756412172094
8406,0.00865842255032233
8407,0.00750122673584979
8408,0.00530619023885302
8409,0.00263525785483208
8410,0.000190247768257467
8411,-0.00164118733468305
8412,-0.00289123557434541
8413,-0.00391856765607568
8414,-0.00497461777494292
8415,-0.00575810486042413
8416,-0.00582770527503251
8417,-0.00572041433462803
8418,-0.00709671187442292
8419,-0.0110157547795583
8420,-0.016187450947845
8421,-0.0197419377556503
8422,-0.0200268972542573
8423,-0.0181091236720365
8424,-0.0162027037225857
8425,-0.0151677922247309
8426,-0.0141198010854364
8427,-0.0121178205528371
8428,-0.00940934728942616
8429,-0.00691562127505316
8430,-0.00514825393931509
8431,-0.00395323704528884
8432,-0.00292378716438664
8433,-0.00175434293597604
8434,-0.000476597779640888
8435,0.000406323193376999
8436,0.000389543718035006
8437,-3.85439864117253E-05
8438,0.000757852284617628
8439,0.0040001202406807
8440,0.00874899570177105
8441,0.0123700487132249
8442,0.0130609596996563
8443,0.0115136309866114
8444,0.00979624121946499
8445,0.00902731992710789
8446,0.00861888571713905
8447,0.00749574024673135
8448,0.00537869270994578
8449,0.00280644901597283
8450,0.000449964663165911
8451,-0.00133589470864709
8452,-0.00261262197416771
8453,-0.00373193101474186
8454,-0.00488275493517349
8455,-0.00568982677302134
8456,-0.00570030851015067
8457,-0.00551433276000515
8458,-0.00686057804836103
8459,-0.0108067025389771
8460,-0.0160254558971627
8461,-0.0196205996378823
8462,-0.0199427718501723
8463,-0.018066991665833
8464,-0.0162138642987644
8465,-0.0152631988617044
8466,-0.0143418678840804
8467,-0.0124528853389673
8468,-0.00972510730473232
8469,-0.00701872593532699
8470,-0.00495053481159457
8471,-0.00356946914390708
8472,-0.00257043617281189
8473,-0.00155595851876306
8474,-0.00040059486285038
8475,0.000437363733917772
8476,0.000385455498354887
8477,-0.000102564991405228
8478,0.000672044201114229
8479,0.00399022823507284
8480,0.00886535523129946
8481,0.0125575499693053
8482,0.0132288759684823
8483,0.0116374777045684
8484,0.00993023450355862
8485,0.00923139847341611
8486,0.00889051378583481
8487,0.00776397537755728
8488,0.00555736895564762
8489,0.00286987575854279
8490,0.00046939787321951
8491,-0.0012556623695947
8492,-0.00245879638224826
8493,-0.00362398766161402
8494,-0.00494424444559274
8495,-0.00588559280020977
8496,-0.00585197466023847
8497,-0.0054918123508597
8498,-0.00671089411609677
8499,-0.010666740287154
8500,-0.0159589514203233
8501,-0.0195975871042115
8502,-0.019941064320806
8503,-0.0180997479674091
8504,-0.0162411903392129
8505,-0.0151705950506529
8506,-0.0140809347253786
8507,-0.0121615005009302
8508,-0.00962058547959904
8509,-0.00716544346066801
8510,-0.00519606124930281
8511,-0.00372916055842451
8512,-0.00261487130320318
8513,-0.00157961912776343
8514,-0.000459499235530507
8515,0.00038436442289744
8516,0.000385689984432323
8517,-7.20499664690648E-05
8518,0.000681226969124553
8519,0.00397158133430815
8520,0.00885292955003566
8521,0.0125692501489371
8522,0.0132462890516481
8523,0.0116288593568957
8524,0.00986402435024997
8525,0.00908095587122674
8526,0.00867293264227587
8527,0.00758390760920423
8528,0.00556247259606434
8529,0.00311415721305693
8530,0.000832120561170275
8531,-0.000969733042569446
8532,-0.00232496900622726
8533,-0.00353451750311807
8534,-0.00475651394272139
8535,-0.0056015826564175
8536,-0.00561120125276215
8537,-0.00540192315965446
8538,-0.00673829970871109
8539,-0.0107038830239522
8540,-0.0159395931231547
8541,-0.0195044201949757
8542,-0.0197544285998548
8543,-0.0178257650369782
8544,-0.0159807564538074
8545,-0.015055848317019
8546,-0.0140942432520048
8547,-0.0120969575221262
8548,-0.00931162047627926
8549,-0.00670797344950134
8550,-0.00484519577134055
8551,-0.00358314916024684
8552,-0.0025138522332415
8553,-0.00134931975802694
8554,-0.000144061729442543
8555,0.000618419175703794
8556,0.000498795761254835
8557,3.4643994215899E-05
8558,0.000847403133274936
8559,0.00411405307454904
8560,0.0088822266825735
8561,0.012537908322303
8562,0.0132880138899973
8563,0.0118109407473617
8564,0.010169449807487
8565,0.00948666514153912
8566,0.00914719326582634
8567,0.00801056984412106
8568,0.0057688944634967
8569,0.00303082261466816
8570,0.000585314298259821
8571,-0.0011697274346447
8572,-0.0023747276429261
8573,-0.00349439240789107
8574,-0.00474111929261049
8575,-0.00564699615958223
8576,-0.00564319390096968
8577,-0.00530759106566654
8578,-0.00647300213470185
8579,-0.0103539991900575
8580,-0.0156832075696939
8581,-0.0194812327261135
8582,-0.0199468148957313
8583,-0.0180625400655525
8584,-0.0160700168563968
8585,-0.0149374625365998
8586,-0.0138868109574254
8587,-0.0119956328816712
8588,-0.0094127131878727
8589,-0.00691465641431959
8590,-0.00496439423951339
8591,-0.00353701132072472
8592,-0.00243084605020166
8593,-0.00140852076956289
8594,-0.000352114676132938
8595,0.000424599881874019
8596,0.000417258029330128
8597,-4.54825611440858E-05
8598,0.000611321595298043
8599,0.00377246432176487
8600,0.00867450335632994
8601,0.0126017015531565
8602,0.013477775831134
8603,0.011863793505895
8604,0.00999439895606895
8605,0.00921715693229748
8606,0.00894373556184261
8607,0.00790936564168823
8608,0.00573666976113022
8609,0.00306798012912153
8610,0.000700830493134962
8611,-0.00103478963168165
8612,-0.00230417489723961
8613,-0.00347657238646677
8614,-0.0046726095220207
8615,-0.00549183117310058
8616,-0.00552353107759215
8617,-0.00536736734735381
8618,-0.00667759491171308
8619,-0.0105060022212342
8620,-0.0156564394846697
8621,-0.0193758404224751
8622,-0.0199661347744828
8623,-0.0182777648292867
8624,-0.016371335760131
8625,-0.0152021204726318
8626,-0.0141118637862161
8627,-0.0122307307450504
8628,-0.00963243945798276
8629,-0.00703962907001413
8630,-0.00499329680317317
8631,-0.00357242155853486
8632,-0.00254265232680229
8633,-0.00152973016239355
8634,-0.000362891477148478
8635,0.000540224708224229
8636,0.000554175510283034
8637,1.15150977095952E-05
8638,0.000570296407810954
8639,0.00364976551230511
8640,0.0084717701888931
8641,0.0123569737778074
8642,0.0133113804758903
8643,0.0118847697664906
8644,0.0101593235886777
8645,0.00936109608987213
8646,0.00898789978788287
8647,0.00797402802456716
8648,0.00597876075051452
8649,0.00344175623258118
8650,0.000977325999882559
8651,-0.000988419849066548
8652,-0.00235440106047159
8653,-0.00340443511447668
8654,-0.00446902286275806
8655,-0.00535932776140585
8656,-0.00557611608541369
8657,-0.00544815098188659
8658,-0.00655935853482386
8659,-0.0102020674482876
8660,-0.0154070888944655
8661,-0.0193281693592384
8662,-0.019994535037129
8663,-0.0181863129599188
8664,-0.0161783794674822
8665,-0.0151079105533814
8666,-0.0142155900409085
8667,-0.012406554337357
8668,-0.00971796127619672
8669,-0.00704381847678044
8670,-0.00504362395472767
8671,-0.00372165852068606
8672,-0.00272609824640883
8673,-0.00169476814878538
8674,-0.000540149248769871
8675,0.000320627069617368
8676,0.000339318663343184
8677,-0.000134607002295514
8678,0.000483720372322121
8679,0.00356804855696573
8680,0.00838313096792226
8681,0.0122905641290208
8682,0.0132585201037028
8683,0.0117930995217912
8684,0.0100209318665919
8685,0.00923761194007417
8686,0.00890290340831187
8687,0.00783686376813713
8688,0.00569384833125525
8689,0.0030772887513736
8690,0.000730304706594112
8691,-0.00103419932076623
8692,-0.00236865591603273
8693,-0.00363570702746138
8694,-0.0049514413725052
8695,-0.00586662188569768
8696,-0.00587740636868376
8697,-0.00554171448271159
8698,-0.00661264959789924
8699,-0.0103165602184298
8700,-0.0155252350389757
8701,-0.0193719735121441
8702,-0.0200123068272104
8703,-0.0182994024364811
8704,-0.0164077512808143
8705,-0.0153217337082425
8706,-0.0142764959619797
8707,-0.0123388100003645
8708,-0.00968870506698929
8709,-0.00718021782397641
8710,-0.00530069544680761
8711,-0.00394749584453395
8712,-0.00282897997666313
8713,-0.0017053962664555
8714,-0.000513518413889292
8715,0.00040577565740544
8716,0.000537770726459104
8717,0.000148015537264541
8718,0.000724769218079641
8719,0.00366477697236176
8720,0.00834699320925669
8721,0.0121976040129077
8722,0.0131500667240789
8723,0.0116643916777722
8724,0.00987831232811116
8725,0.00911130336321364
8726,0.0088094384535737
8727,0.00778014874431051
8728,0.00570607711020875
8729,0.00319749239461616
8730,0.000919602516680981
8731,-0.000892387452378927
8732,-0.00233125214077584
8733,-0.00361295204084056
8734,-0.00483478196582457
8735,-0.00571673973401699
8736,-0.0058817381367191
8737,-0.00576312532605842
8738,-0.00688235281175905
8739,-0.010449558440045
8740,-0.0155680830552304
8741,-0.0195227490185065
8742,-0.020318194841123
8743,-0.018569963050865
8744,-0.0164819892899552
8745,-0.0153159261075402
8746,-0.014457110447688
8747,-0.0127882250138549
8748,-0.0102117129613838
8749,-0.00755707662120507
8750,-0.00553125456169274
8751,-0.00418532980661171
8752,-0.00314734337213058
8753,-0.00202585346940879
8754,-0.00075257569773361
8755,0.000210723643169045
8756,0.000281761852845271
8757,-0.000216837137797335
8758,0.00029554214214385
8759,0.00325948006785677
8760,0.00805522981555602
8761,0.0120816474053559
8762,0.0131959687258133
8763,0.0117668039345711
8764,0.00993074697828451
8765,0.00912293083501601
8766,0.00888074015572012
8767,0.00794104613138532
8768,0.00583319223309386
8769,0.00314402422912032
8770,0.000691647432224971
8771,-0.00115492361253896
8772,-0.00253504651976101
8773,-0.00378945383866069
8774,-0.00501690629435079
8775,-0.00582121355054148
8776,-0.00578994655332907
8777,-0.0054851647461994
8778,-0.00656044588454727
8779,-0.0101989547437019
8780,-0.0153872708565392
8781,-0.0193789515175813
8782,-0.0202394358976303
8783,-0.0185840348378867
8784,-0.0165099666704616
8785,-0.0152224798893917
8786,-0.0142184189748335
8787,-0.0125303012722824
8788,-0.0100345244603725
8789,-0.00737363542764972
8790,-0.00515637501678565
8791,-0.00358027328136064
8792,-0.00250798117370991
8793,-0.00159607424439987
8794,-0.000587511909370739
8795,0.000260345254454754
8796,0.000377502689356287
8797,-5.19363656142954E-05
8798,0.000459401446928294
8799,0.00339595749781356
8800,0.00822221133196259
8801,0.0123340873054454
8802,0.0135042023150385
8803,0.0120416205298843
8804,0.0101119478211117
8805,0.00922630130733103
8806,0.00896611926560077
8807,0.00804891773998934
8808,0.00595412550362029
8809,0.00324660624673079
8810,0.000784519168008009
8811,-0.000992799930649022
8812,-0.0022112369631237
8813,-0.00330761889160586
8814,-0.0045118236170211
8815,-0.0054479132240984
8816,-0.00557406672492697
8817,-0.00531269659735513
8818,-0.00632143451678269
8819,-0.00990327862289648
8820,-0.0151197820072679
8821,-0.0191855054586684
8822,-0.0201069458952459
8823,-0.0185068059689796
8824,-0.0165041462315979
8825,-0.0152608037333542
8826,-0.014213612931259
8827,-0.0124262327002276
8828,-0.00988183264063654
8829,-0.00727523698255442
8830,-0.00515813508958185
8831,-0.00365023521974814
8832,-0.00259873205671211
8833,-0.00167523674927966
8834,-0.000616896468116188
8835,0.000311737967900256
8836,0.000482329502613375
8837,3.24839799363681E-05
8838,0.000489426656277575
8839,0.00340444682800271
8840,0.00821786887892239
8841,0.0122430722466835
8842,0.0132727233350835
8843,0.0117670077834741
8844,0.0099776538453489
8845,0.00928982949040135
8846,0.00908883553047956
8847,0.00807734420485834
8848,0.00590346272637305
8849,0.0032367358671614
8850,0.000837301205619721
8851,-0.00099830446120634
8852,-0.00237782750676333
8853,-0.00359863182890104
8854,-0.00482741568523649
8855,-0.00575662984083403
8856,-0.00590549670054427
8857,-0.00565752183197352
8858,-0.00661890000938812
8859,-0.0101319894003216
8860,-0.015328951526767
8861,-0.0193996203464314
8862,-0.0202513879680215
8863,-0.0184914852333925
8864,-0.0163690775398223
8865,-0.0151781533532866
8866,-0.0143240111561142
8867,-0.012710249632389
8868,-0.0102180015374273
8869,-0.00758694237254428
8870,-0.00545381761107578
8871,-0.00393378848496666
8872,-0.002809826322957
8873,-0.00175483825367724
8874,-0.000595722072078462
8875,0.000335722719180475
8876,0.000440107026231749
8877,-8.37884352030829E-05
8878,0.000299391532079144
8879,0.00312757803858583
8880,0.00789038714823395
8881,0.0119861121643781
8882,0.01320191723651
8883,0.0118622839806852
8884,0.0100817436546439
8885,0.00925158526702534
8886,0.00889688709994891
8887,0.00785639860851331
8888,0.00580430073862097
8889,0.00332724123986138
8890,0.00106528016625319
8891,-0.000752879095210502
8892,-0.00219125667391731
8893,-0.00342986082886541
8894,-0.00457759749287341
8895,-0.00541215936805168
8896,-0.00557824818884373
8897,-0.00544487585521262
8898,-0.00646260068644952
8899,-0.0098891884438639
8900,-0.014983735092872
8901,-0.0191292203827881
8902,-0.0202429525535882
8903,-0.0187376617603166
8904,-0.0166851485425829
8905,-0.0153837318403109
8906,-0.0143593011215221
8907,-0.0126086475968887
8908,-0.0100459874570774
8909,-0.00742442773478273
8910,-0.00536770045769501
8911,-0.0039293691029659
8912,-0.00283365654452739
8913,-0.00176248770277231
8914,-0.000581750492171378
8915,0.000389423130314922
8916,0.000584137928861129
8917,0.000145684961652075
8918,0.000491304433522675
8919,0.00315387090441012
8920,0.00778656877778137
8921,0.0119163964148755
8922,0.0132324947989238
8923,0.0118664777895552
8924,0.00994302453826289
8925,0.00908925989592637
8926,0.0089686041578316
8927,0.0082399011462383
8928,0.00628365418647232
8929,0.00363645190567583
8930,0.00116079487144217
8931,-0.00072661972505331
8932,-0.00214246034594858
8933,-0.00341872245222597
8934,-0.00467964309324547
8935,-0.00557926581503783
8936,-0.0056882799388647
8937,-0.00544580327522713
8938,-0.00641566404123748
8939,-0.00987993180001838
8940,-0.0150249321583945
8941,-0.0191495281945088
8942,-0.0201508915999868
8943,-0.0185040913450526
8944,-0.0163883375878002
8945,-0.0151731925582133
8946,-0.0143475467879496
8947,-0.0127772948904657
8948,-0.0102617963173135
8949,-0.00755564442457561
8950,-0.00539137191406161
8951,-0.00393485991942446
8952,-0.00293348959219164
8953,-0.00199654640992801
8954,-0.000890363164531587
8955,0.000109958033058933
8956,0.000395585601464431
8957,2.54069906456597E-05
8958,0.00036760054332271
8959,0.00297972556942396
8960,0.0075818280316901
8961,0.0117485114000027
8962,0.0131626485010891
8963,0.0119027157100113
8964,0.0100269669587147
8965,0.0091264202173519
8966,0.00888789034545458
8967,0.00803280036019224
8968,0.00599073672554938
8969,0.00331036184656589
8970,0.000858225359030069
8971,-0.000938971881671062
8972,-0.00222472232372741
8973,-0.00342025752623943
8974,-0.00472392597561554
8975,-0.00574265071435129
8976,-0.00590136541969879
8977,-0.00554866463501606
8978,-0.00631252567202361
8979,-0.00962221282713829
8980,-0.0147565444508954
8981,-0.0190057654540318
8982,-0.0201975160611504
8983,-0.0187099986984744
8984,-0.0166266769312095
8985,-0.0152944768650114
8986,-0.0143037748880456
8987,-0.012664975881968
8988,-0.0102075344653411
8989,-0.00757182365934577
8990,-0.00537585042046464
8991,-0.00379461399393678
8992,-0.00265781533602189
8993,-0.0016175539218068
8994,-0.000448923970329249
8995,0.000523944942068978
8996,0.000635929977054566
8997,7.67485738790335E-06
8998,0.000189380536379428
8999,0.00285750241121826
9000,0.00764558983703481
9001,0.0119353790644072
9002,0.0133243312141374
9003,0.0119669685972811
9004,0.0100201180076125
9005,0.00908857767280457
9006,0.00884301727793755
9007,0.00803762255755867
9008,0.00612468526800221
9009,0.0035629129402696
9010,0.00107432308233322
9011,-0.000919130245280371
9012,-0.00236539865062301
9013,-0.00349539735478406
9014,-0.00455907220723941
9015,-0.00540596249984628
9016,-0.00560538321241465
9017,-0.00539698667615158
9018,-0.00622129655248797
9019,-0.00949210015891619
9020,-0.014631091873505
9021,-0.0189994845708354
9022,-0.0203238921194384
9023,-0.0188682541531231
9024,-0.0167478912532562
9025,-0.0154171127624249
9026,-0.0144844211839765
9027,-0.0128887792038145
9028,-0.0104375266826434
9029,-0.00783015873056931
9030,-0.00570812279483782
9031,-0.00418188357486055
9032,-0.00303762822364349
9033,-0.00198327245187868
9034,-0.000845435894146949
9035,0.000122280716397824
9036,0.000360114949495704
9037,-5.64385803024343E-05
9038,0.000242787450252584
9039,0.00285015019109442
9040,0.00753551798339797
9041,0.011866263732801
9042,0.0134375982000177
9043,0.0122287751497406
9044,0.0102722371292101
9045,0.00922486804895518
9046,0.00888076019233217
9047,0.00803947233008004
9048,0.00612239092118594
9049,0.00357450033263604
9050,0.00113864902975922
9051,-0.000781796301035584
9052,-0.00221731551113399
9053,-0.00345773687465672
9054,-0.00469954532132986
9055,-0.00566501356779752
9056,-0.00585388659207989
9057,-0.0055618725465262
9058,-0.00633471177593185
9059,-0.0096146521479972
9060,-0.0147491630593825
9061,-0.0190234433578121
9062,-0.0201901722222045
9063,-0.0186266914637018
9064,-0.0165331328933805
9065,-0.0153295177163425
9066,-0.0145007173486199
9067,-0.0128926129782369
9068,-0.0103381322819773
9069,-0.00765259409547384
9070,-0.0055643205582405
9071,-0.00415617386318544
9072,-0.00311257951396794
9073,-0.00208482074491816
9074,-0.000945380044613549
9075,-2.58454198324212E-05
9076,0.000105838193865461
9077,-0.000406602700734195
9078,-0.000130509045314599
9079,0.00252797417438453
9080,0.00730217285727045
9081,0.0117249004486948
9082,0.0133644139818501
9083,0.0121851244188128
9084,0.0102464738282277
9085,0.00926714123912824
9086,0.00906014112319332
9087,0.00834354202549231
9088,0.00642547009028108
9089,0.00374024798327113
9090,0.00114976841227745
9091,-0.000816306303299244
9092,-0.00217492750038132
9093,-0.00329969220647816
9094,-0.00446939813359145
9095,-0.00543020409828306
9096,-0.00565533517287986
9097,-0.00538477117788405
9098,-0.00611087964338051
9099,-0.00928871988534758
9100,-0.0143751997942084
9101,-0.0187685002887551
9102,-0.020189719548762
9103,-0.0188327317182691
9104,-0.0167452562735715
9105,-0.0153885087088239
9106,-0.014419345387126
9107,-0.0127824556877881
9108,-0.0102530344343037
9109,-0.00754620625390885
9110,-0.0053785094906842
9111,-0.0038938393575874
9112,-0.00281344393347725
9113,-0.00177023944033773
9114,-0.000604135573186518
9115,0.000374215681814722
9116,0.000604709325513228
9117,0.000195948381255846
9118,0.000479431765906047
9119,0.00295872429841482
9120,0.00741993995651546
9121,0.0115942239154394
9122,0.01320799583862
9123,0.0121756294693252
9124,0.0103623853397221
9125,0.00936974555957886
9126,0.00907193602760096
9127,0.00830797663339988
9128,0.00641268732951074
9129,0.00375683843372602
9130,0.00116128614544538
9131,-0.000819333999932189
9132,-0.00217625441290999
9133,-0.00330982852609461
9134,-0.00453363616912539
9135,-0.00556483637262302
9136,-0.00579725422925936
9137,-0.00543469047750054
9138,-0.00603389903637254
9139,-0.00915499088459966
9140,-0.0142875282319773
9141,-0.0187614375817823
9142,-0.0202215574372502
9143,-0.018870768313602
9144,-0.0168185630187878
9145,-0.0155334333828378
9146,-0.0146082566044529
9147,-0.0129584715076508
9148,-0.0104251662780606
9149,-0.00778951964718925
9150,-0.00571817931530453
9151,-0.00424584029494299
9152,-0.00308727805169049
9153,-0.00198844561230896
9154,-0.000853203897464901
9155,8.96578547817242E-05
9156,0.00036916468990291
9157,2.50205320635051E-05
9158,0.000247995273416817
9159,0.00256572353074573
9160,0.00697962845314046
9161,0.0113628524215732
9162,0.0133047013700158
9163,0.0124472487126997
9164,0.0105559934533207
9165,0.00938103812913694
9166,0.00898207867363763
9167,0.00823292656991908
9168,0.00640151984402327
9169,0.00382396950813094
9170,0.00132023311687584
9171,-0.000602609656106669
9172,-0.00200474581751417
9173,-0.0032614161798941
9174,-0.00456213547477271
9175,-0.005551678616555
9176,-0.00569638004814115
9177,-0.0053080398315531
9178,-0.00593603546999458
9179,-0.00905509726239704
9180,-0.0141508723931493
9181,-0.0186483421731552
9182,-0.0202192631512013
9183,-0.0189402742167094
9184,-0.0168022829681416
9185,-0.0153501043684915
9186,-0.0143691444229583
9187,-0.012826556981902
9188,-0.0104041418996748
9189,-0.00773758661621241
9190,-0.00556496260235933
9191,-0.00410226234424896
9192,-0.00309540522670924
9193,-0.00212783814582088
9194,-0.000973811494825179
9195,6.17787486002746E-05
9196,0.000344657133090615
9197,-9.97067635869664E-05
9198,7.8901574204884E-05
9199,0.00252165510750975
9200,0.00713085143920868
9201,0.0115782243689866
9202,0.0133946819823574
9203,0.0123734112793014
9204,0.0104498829576278
9205,0.00936756712574488
9206,0.00904629944383307
9207,0.00828581171787159
9208,0.00641652218500749
9209,0.00384233581943191
9210,0.00134414870725303
9211,-0.000635831373115846
9212,-0.00211896366462861
9213,-0.00338433025934098
9214,-0.00462327571162535
9215,-0.00558678817825466
9216,-0.00578544623351591
9217,-0.0054412596964681
9218,-0.00602448746615963
9219,-0.00906738156235762
9220,-0.0141480506090531
9221,-0.0186618526119518
9222,-0.0201912427300628
9223,-0.0188444157563704
9224,-0.0167384287525382
9225,-0.0154175338184684
9226,-0.0144937628957148
9227,-0.012835768995401
9228,-0.0102667289350435
9229,-0.0075998659644468
9230,-0.00551140944475647
9231,-0.00401292753782504
9232,-0.00283860715462803
9233,-0.00179185423912469
9234,-0.000750461709630946
9235,0.000195351753422313
9236,0.000647323315193787
9237,0.000499157765629552
9238,0.000712917797220737
9239,0.00279009476207938
9240,0.00695742611800085
9241,0.011298544934603
9242,0.0133670876270977
9243,0.0126130759164762
9244,0.0107066549137152
9245,0.00947861271527142
9246,0.00909492900460288
9247,0.00841881718106443
9248,0.00662235561154266
9249,0.00398426530402941
9250,0.0013659153409065
9251,-0.000629184622734627
9252,-0.00200000141351123
9253,-0.00315904265513284
9254,-0.00440588084077463
9255,-0.00545359908585691
9256,-0.00570478806708152
9257,-0.00533864611386033
9258,-0.00586677790313003
9259,-0.00887274219458545
9260,-0.0139559713415467
9261,-0.0185180401249651
9262,-0.0201288299400457
9263,-0.0188469323437753
9264,-0.0167426846350611
9265,-0.0153892590776431
9266,-0.0144875530144481
9267,-0.012940865908416
9268,-0.0104987809734684
9269,-0.00788999743240724
9270,-0.00580110931739172
9271,-0.00430017703810869
9272,-0.00310552357247993
9273,-0.00195612096157578
9274,-0.000770850427146483
9275,0.000181101016428261
9276,0.000388205557452699
9277,-0.000108309790520396
9278,-4.52573314156425E-05
9279,0.00220852964391966
9280,0.00668739849796819
9281,0.0111806022747596
9282,0.0131708142428654
9283,0.0122987955594832
9284,0.0104189242829906
9285,0.009324374974056
9286,0.00901596806091445
9287,0.00830206796486205
9288,0.00645739661154245
9289,0.00384906490198151
9290,0.00129649612336664
9291,-0.000669352198094594
9292,-0.0020227773789192
9293,-0.0031125510592146
9294,-0.00427675025864075
9295,-0.00534112042147939
9296,-0.00571910594732288
9297,-0.00545525589850785
9298,-0.00596217021895659
9299,-0.00890312246135171
9300,-0.014020069726661
9301,-0.0187119157730609
9302,-0.0204046302025713
9303,-0.0190715407757766
9304,-0.0168585051284249
9305,-0.0154554156854593
9306,-0.0145780663059146
9307,-0.0130629950017932
9308,-0.0106153165644845
9309,-0.00796551868791803
9310,-0.00580755842241041
9311,-0.00422458771423618
9312,-0.00298541177494931
9313,-0.00186865145695814
9314,-0.000739807426445156
9315,0.000250476341466309
9316,0.000625858842298429
9317,0.000303611413266581
9318,0.000385240085437904
9319,0.00248232202173739
9320,0.0067655251264694
9321,0.0111588581117661
9322,0.0131573115289594
9323,0.012335805801182
9324,0.0105101621407848
9325,0.00947721567627692
9326,0.00922618290365386
9327,0.00853059187742927
9328,0.00666406612851077
9329,0.004035496555066
9330,0.00147992217692346
9331,-0.000515715411531093
9332,-0.0019527671449331
9333,-0.00312180400387858
9334,-0.00428928504180458
9335,-0.00531405545923934
9336,-0.00570845278605107
9337,-0.0055111950225186
9338,-0.00598844354297034
9339,-0.00871993886382012
9340,-0.0135976113400747
9341,-0.0182598795822115
9342,-0.0201577336745312
9343,-0.019028178231852
9344,-0.0168141067466192
9345,-0.0152808666652506
9346,-0.0143720375257134
9347,-0.0129959340521372
9348,-0.0107007283445877
9349,-0.00805705076572172
9350,-0.00578755161266184
9351,-0.00411853930815148
9352,-0.00288799638389232
9353,-0.0018257639292566
9354,-0.000738257945039935
9355,0.000218786814930188
9356,0.000542440655063185
9357,0.000161029135288328
9358,0.000212532201082922
9359,0.00232557072341098
9360,0.00665875794215335
9361,0.0111149405238504
9362,0.0131686284697072
9363,0.0123756642557874
9364,0.0105452807360612
9365,0.00948696712485815
9366,0.00920730270516172
9367,0.00848594540988776
9368,0.00659849931432711
9369,0.00396283402885663
9370,0.00141297538721926
9371,-0.000591410125449147
9372,-0.0020725354272203
9373,-0.00328283936789372
9374,-0.00441154366520097
9375,-0.00530065543334329
9376,-0.00555549237120984
9377,-0.00532301078800634
9378,-0.00585816716758542
9379,-0.00861948980704648
9380,-0.0134260738365741
9381,-0.0179963685310531
9382,-0.01992175115641
9383,-0.018962669307335
9384,-0.0169248997287957
9385,-0.0154182087942055
9386,-0.0143748829158715
9387,-0.0128479806286939
9388,-0.0105428098203084
9389,-0.00804509752614132
9390,-0.005936594747348
9391,-0.00429327968466363
9392,-0.0029577590413597
9393,-0.00181186079615446
9394,-0.000770348627107324
9395,9.29464319723603E-05
9396,0.000440150214700921
9397,0.000208258935058131
9398,0.000347387462069881
9399,0.00234980061596807
9400,0.00649954101931353
9401,0.0109460758911033
9402,0.0132030403913359
9403,0.012587338588834
9404,0.0106902706286728
9405,0.00939811861460531
9406,0.00897551677436686
9407,0.00831060866934722
9408,0.00654334814613025
9409,0.0039514918698258
9410,0.00142550255292448
9411,-0.000452764258390879
9412,-0.00176861822306327
9413,-0.00299327368222766
9414,-0.00438247154213753
9415,-0.00553692614850265
9416,-0.00576994348419903
9417,-0.00524932755188454
9418,-0.00555377825734999
9419,-0.00838371083810673
9420,-0.0134467611823579
9421,-0.0181662124062258
9422,-0.0200151849827483
9423,-0.0189054659803813
9424,-0.0168305290067103
9425,-0.0154154286597004
9426,-0.0144829010970184
9427,-0.0130065403401123
9428,-0.0106834579963275
9429,-0.00811601012414348
9430,-0.00592476979829842
9431,-0.00425967304205809
9432,-0.00299659816818511
9433,-0.00192412104535969
9434,-0.000818294900300278
9435,0.000234219450660014
9436,0.000698192285056462
9437,0.000356016981854059
9438,0.000254581622771074
9439,0.00213135558441081
9440,0.00637111539361992
9441,0.0109767946578359
9442,0.0132732550177331
9443,0.0125746652125445
9444,0.0106210745845325
9445,0.00939174772413858
9446,0.00909875536019378
9447,0.00854140749922205
9448,0.00684430802721404
9449,0.00430294750342052
9450,0.00177533315769576
9451,-0.00019812951174052
9452,-0.00164370272717761
9453,-0.00289702397090411
9454,-0.00417728513111078
9455,-0.0052341125736558
9456,-0.00555013171306844
9457,-0.0052580534920181
9458,-0.00572156206628901
9459,-0.00850814427365549
9460,-0.0134343445439647
9461,-0.0181241290441678
9462,-0.0200901634453874
9463,-0.0190961993188168
9464,-0.0170070674833438
9465,-0.0154895004855344
9466,-0.0144967937275598
9467,-0.0130474074084272
9468,-0.010753351711464
9469,-0.00811771765249137
9470,-0.00577408066445337
9471,-0.0039993791243882
9472,-0.0027868313321999
9473,-0.00190108344790523
9474,-0.000958074148540534
9475,8.85712453086904E-05
9476,0.000658155228337596
9477,0.000367019083425825
9478,0.000190535167318669
9479,0.00198242673863224
9480,0.00626563587533641
9481,0.0110021739840555
9482,0.0133482291272158
9483,0.0125537278479034
9484,0.0104805450137952
9485,0.00923667034604473
9486,0.0089999647884422
9487,0.00844942351972992
9488,0.00668869194392742
9489,0.00410474382781688
9490,0.0016019700692526
9491,-0.000347700456992305
9492,-0.00183559624876095
9493,-0.00315102243570034
9494,-0.00442835904036863
9495,-0.005426566643523
9496,-0.00571130639441863
9497,-0.00543002953373267
9498,-0.00585699276706179
9499,-0.00850281205139822
9500,-0.0132672786855088
9501,-0.0179084943289028
9502,-0.0199608723044401
9503,-0.0190867543078172
9504,-0.0170644297783555
9505,-0.0155625555903144
9506,-0.014553076045709
9507,-0.0130361106124749
9508,-0.0106448371586576
9509,-0.0079993472491883
9510,-0.00581531599548087
9511,-0.00425395112593387
9512,-0.00308663350868531
9513,-0.00203934886084329
9514,-0.000953141811601354
9515,2.03185043950141E-05
9516,0.000409261179469932
9517,9.87036055613768E-05
9518,0.000103599346038789
9519,0.00201468689952973
9520,0.00615693849030914
9521,0.0106559046638774
9522,0.0129927108249628
9523,0.0124790483599552
9524,0.0107028343032244
9525,0.00951950346934701
9526,0.00916424361514719
9527,0.00854854435298703
9528,0.00686231408919964
9529,0.00436511755528898
9530,0.00184356593698258
9531,-0.000172228245629326
9532,-0.00164327902474151
9533,-0.00284930169210608
9534,-0.00404478166024899
9535,-0.00507213896372468
9536,-0.00544403562961018
9537,-0.00521029088212188
9538,-0.0056407712253294
9539,-0.00832860457718162
9540,-0.0132151007311714
9541,-0.0179964372292486
9542,-0.0201234934338773
9543,-0.0192532455645685
9544,-0.0172149719472965
9545,-0.0156940186643133
9546,-0.0146333607372886
9547,-0.0130356943940131
9548,-0.0105954775281299
9549,-0.00797329973296548
9550,-0.00584146737301036
9551,-0.00429082389552977
9552,-0.00308762522698931
9553,-0.00200140296238667
9554,-0.000873662066045561
9555,0.000193044215519592
9556,0.00071954624417963
9557,0.000479200204422214
9558,0.000387598678417751
9559,0.00209016376615947
9560,0.00608530319829348
9561,0.010605831794976
9562,0.0130687946643165
9563,0.0126471711800961
9564,0.010876049723146
9565,0.00966994208123515
9566,0.00932423742854022
9567,0.00872980875906096
9568,0.00701860544482513
9569,0.0044436721520609
9570,0.00184793568904455
9571,-0.000189288364648186
9572,-0.00164220658746148
9573,-0.00284703149229552
9574,-0.00409809479079993
9575,-0.00522205188823873
9576,-0.00566554608340199
9577,-0.00540435251321423
9578,-0.00568641892229944
9579,-0.0081711413259377
9580,-0.0129158982676695
9581,-0.0176812487766075
9582,-0.0198670488277851
9583,-0.0190238154336861
9584,-0.0169503847030811
9585,-0.0154248179626501
9586,-0.0145005525566204
9587,-0.0131656927149555
9588,-0.0109638377083488
9589,-0.00840691779661143
9590,-0.0061597620427545
9591,-0.00444216471556017
9592,-0.00315137405212981
9593,-0.00207288660442004
9594,-0.000967588986736666
9595,0.000119064734844248
9596,0.000668555676669291
9597,0.000384222539171124
9598,0.000199857150280484
9599,0.00187190845216165
9600,0.00596932922100189
9601,0.010655626809035
9602,0.0132134579173918
9603,0.0127705153587804
9604,0.0109316220990123
9605,0.00967860416244773
9606,0.00930370450073758
9607,0.00869515265194114
9608,0.00703923625201695
9609,0.00461013103168394
9610,0.0021411520931083
9611,6.93797332620807E-05
9612,-0.00155735989460311
9613,-0.0028919106171776
9614,-0.00412060915535971
9615,-0.00517577263096991
9616,-0.00564988956173288
9617,-0.00547113391633524
9618,-0.00571315589017805
9619,-0.00801731859918736
9620,-0.012651913913577
9621,-0.0175476733781481
9622,-0.0199930633694886
9623,-0.0192787003380312
9624,-0.0171207633394542
9625,-0.0154729378348749
9626,-0.0145718534188357
9627,-0.0133640544217428
9628,-0.0111994875726101
9629,-0.00849574709321111
9630,-0.00603449444763865
9631,-0.0042317168902068
9632,-0.00305721276674404
9633,-0.00217901706239908
9634,-0.00116821519555501
9635,6.0390468002904E-06
9636,0.00071000684372506
9637,0.000460912117596952
9638,0.000144148241663885
9639,0.0016670935259603
9640,0.0057731221101013
9641,0.0106138562890492
9642,0.0132953637521707
9643,0.0128308945969205
9644,0.0109080672300744
9645,0.00965781560718693
9646,0.00937595118385209
9647,0.00880388189568149
9648,0.0070295089580477
9649,0.00440747180546947
9650,0.0018281057613916
9651,-0.00022235892213524
9652,-0.00178110327637744
9653,-0.00308034222634803
9654,-0.00428147933880356
9655,-0.00525808305854028
9656,-0.00563237941810929
9657,-0.005438017389896
9658,-0.00578667013885246
9659,-0.00821364233185149
9660,-0.0128528900805786
9661,-0.0176490815476327
9662,-0.0200540534462905
9663,-0.0194679641742722
9664,-0.0174976155462898
9665,-0.0158649093157179
9666,-0.0147211261207098
9667,-0.0132008989320608
9668,-0.0109364152680135
9669,-0.00842743103356887
9670,-0.00625461551848474
9671,-0.00456366023681348
9672,-0.00325669846937625
9673,-0.00217614861228253
9674,-0.00109438588757212
9675,7.61534967630854E-06
9676,0.000650738833735258
9677,0.00045457518176676
9678,0.000215674137642696
9679,0.00168005566950277
9680,0.00558544671326591
9681,0.0102702466740466
9682,0.0129990758236561
9683,0.0127131138274052
9684,0.0108812626348603
9685,0.00953988282629876
9686,0.00912489070386556
9687,0.00856854300288062
9688,0.00697412117273865
9689,0.00455203879497829
9690,0.00208636759280419
9691,8.81466961746543E-05
9692,-0.00143262915528724
9693,-0.00275109210008283
9694,-0.00409936840961872
9695,-0.00530659992741795
9696,-0.00582771114380499
9697,-0.00556629777825222
9698,-0.00568782458045018
9699,-0.00792897842397563
9700,-0.0125832705937747
9701,-0.0175560686976024
9702,-0.0200980118893257
9703,-0.0194566943585799
9704,-0.0173073480793389
9705,-0.0155921316702865
9706,-0.0145796436067265
9707,-0.0132767645788209
9708,-0.0110973381326567
9709,-0.00848927557112063
9710,-0.00617770447668459
9711,-0.00443700919754294
9712,-0.00314117483775288
9713,-0.00205408101163665
9714,-0.000965660716435881
9715,8.17839166834367E-05
9716,0.000646130582730194
9717,0.000446789871898603
9718,0.00026396136298263
9719,0.00169083919194033
9720,0.0053924373047201
9721,0.00986126324839967
9722,0.012580885025364
9723,0.0125104058519783
9724,0.010924566519439
9725,0.00969784695809287
9726,0.0092981521595174
9727,0.00877448876548843
9728,0.00724171102832313
9729,0.00480748873052886
9730,0.00219054263305338
9731,-2.99115209058882E-05
9732,-0.00170688684003879
9733,-0.00303183321876279
9734,-0.0042559901166481
9735,-0.00529695215718663
9736,-0.00571067670078332
9737,-0.00546538066043422
9738,-0.00571075396018466
9739,-0.00808051698612513
9740,-0.0127532316425913
9741,-0.0176229361708028
9742,-0.0200596767290873
9743,-0.0194383218681166
9744,-0.0174235260446517
9745,-0.0158250975257188
9746,-0.0148217455642745
9747,-0.013464897593699
9748,-0.011245812045966
9749,-0.00859542470105623
9750,-0.00617826109963552
9751,-0.00430740189961389
9752,-0.00297836073727437
9753,-0.00198117984845916
9754,-0.000979976766136286
9755,8.11584281762505E-05
9756,0.000684160466645124
9757,0.000433413653998512
9758,0.000176502857716459
9759,0.00169859180753696
9760,0.00569037591011025
9761,0.0104060025728935
9762,0.0130929599602154
9763,0.0127535434986528
9764,0.0109083591317797
9765,0.00958463276781779
9766,0.00919747868859431
9767,0.00869286715750756
9768,0.00717673896769825
9769,0.00479546893816403
9770,0.00226074668163157
9771,0.000121760787410742
9772,-0.00146526302021916
9773,-0.00268234296499838
9774,-0.00384251636490839
9775,-0.00494401923238591
9776,-0.00550856623448248
9777,-0.00534830539454453
9778,-0.00550771782566738
9779,-0.00770374991334635
9780,-0.0122993793680528
9781,-0.0172661262940706
9782,-0.0198739138358639
9783,-0.0193543767958549
9784,-0.0173379808522351
9785,-0.015704650434339
9786,-0.0146981441962472
9787,-0.0133753473452364
9788,-0.0112073008954833
9789,-0.00861092325020623
9790,-0.00623178234161844
9791,-0.00436276135813949
9792,-0.00301491950226902
9793,-0.00202438802021335
9794,-0.00106049183937224
9795,-3.77008905484892E-06
9796,0.000669215272843865
9797,0.000490425392455315
9798,0.000190824156060267
9799,0.0015620953833021
9800,0.0054517673103264
9801,0.0102432102233466
9802,0.0131288545661157
9803,0.0129430738866366
9804,0.0111195196009766
9805,0.00974507105153789
9806,0.0093291499175563
9807,0.00883949043406536
9808,0.00734753841948285
9809,0.00497467114585201
9810,0.00243034683922905
9811,0.00026764269488418
9812,-0.0013433224355542
9813,-0.00256337396811277
9814,-0.00371471839841017
9815,-0.00484617882793144
9816,-0.00550590838834985
9817,-0.00545074301642011
9818,-0.00564428429656013
9819,-0.00780871007225132
9820,-0.0123993033126358
9821,-0.0174389992491386
9822,-0.0201299625856233
9823,-0.0196088792011023
9824,-0.017516345925263
9825,-0.0158300828123069
9826,-0.0148413983160231
9827,-0.0135534905293296
9828,-0.0113892292543668
9829,-0.00881091360765984
9830,-0.00652139429759763
9831,-0.00475331668060418
9832,-0.0033843868239851
9833,-0.00222894441684035
9834,-0.00110074752607124
9835,-8.52899328139582E-06
9836,0.000629250214429096
9837,0.000492453487776966
9838,0.000317908768284561
9839,0.0017400197052276
9840,0.00551548307588499
9841,0.0101441811826357
9842,0.0129837688932736
9843,0.0128633840407694
9844,0.0110816278304855
9845,0.00967259137852367
9846,0.00922338143424942
9847,0.00874533433454915
9848,0.00723633973060009
9849,0.00476194133273363
9850,0.00210866106842177
9851,-7.15962664234861E-05
9852,-0.00164717983736228
9853,-0.002894713630104
9854,-0.0041391056605417
9855,-0.005300448026999
9856,-0.00584810718114359
9857,-0.00561046646890682
9858,-0.00566007068079898
9859,-0.00774097799401029
9860,-0.0122861989860591
9861,-0.0173397149033794
9862,-0.020123143046077
9863,-0.0197004309297917
9864,-0.0176073457073253
9865,-0.0158369133643852
9866,-0.01481815353581
9867,-0.0136256578997183
9868,-0.0115659476783834
9869,-0.00893350484601433
9870,-0.00644350857641561
9871,-0.00454507876710535
9872,-0.00330200142508391
9873,-0.00245957885461888
9874,-0.00155605984142871
9875,-0.000402242695364472
9876,0.00048849339075954
9877,0.000503137370889435
9878,0.000201403124822752
9879,0.0013466267136214
9880,0.00498439547287741
9881,0.00975147973652831
9882,0.0128660872026378
9883,0.0129175035825173
9884,0.0111022916230691
9885,0.00953386757850809
9886,0.00893260628732253
9887,0.00839264521005208
9888,0.00693901496924321
9889,0.00462496248969527
9890,0.00217339073672829
9891,0.000136201389435737
9892,-0.00142123124317013
9893,-0.00275251406366981
9894,-0.00409623039820941
9895,-0.00530197829033995
9896,-0.00583798422907733
9897,-0.00558891259656191
9898,-0.00567729934684673
9899,-0.0078275331246335
9900,-0.0123884623474446
9901,-0.0173503676285466
9902,-0.0200012827970945
9903,-0.019545965405069
9904,-0.017570265552794
9905,-0.0159404751887055
9906,-0.014906857061425
9907,-0.013521226610424
9908,-0.0112622042873944
9909,-0.00860818646325828
9910,-0.00627620525766567
9911,-0.00454116812035219
9912,-0.00330071813899302
9913,-0.00230396549252857
9914,-0.00125356601212293
9915,-0.000122681721700373
9916,0.000579696351464969
9917,0.000421434374900249
9918,0.000144658916554362
9919,0.00149412012846517
9920,0.00528920243102455
9921,0.009963329637431
9922,0.0127868130657267
9923,0.0126232874987424
9924,0.0108874683601234
9925,0.00963447118738574
9926,0.00932448473725403
9927,0.00885644382663511
9928,0.00728428287185858
9929,0.00482322394236296
9930,0.00230028370087733
9931,0.000245716427365033
9932,-0.00133325351969658
9933,-0.00269193014046975
9934,-0.00403404189213903
9935,-0.00521127098958941
9936,-0.00573567215414847
9937,-0.00551024518925486
9938,-0.00562092879083128
9939,-0.00775647124857268
9940,-0.0122865158526176
9941,-0.0172478254021906
9942,-0.0199326537952632
9943,-0.0195077618805596
9944,-0.0175446718825434
9945,-0.0159426517134462
9946,-0.0149758883328667
9947,-0.0136626820185745
9948,-0.0114284423287143
9949,-0.00874420265646969
9950,-0.00636100829236211
9951,-0.00457382134721758
9952,-0.00327468842955916
9953,-0.00222358898932874
9954,-0.00115486824822392
9955,-3.80751165048479E-05
9956,0.000671900475228932
9957,0.000562387773621496
9958,0.000292717667057093
9959,0.00151383443789887
9960,0.00510680874413612
9961,0.00971645993394273
9962,0.012736301896223
9963,0.0128716761919138
9964,0.011232048807824
9965,0.00976642563809637
9966,0.00916340185560577
9967,0.00861984011375641
9968,0.00721089393864222
9969,0.00490190275049235
9970,0.00233566823728607
9971,0.000144757898441893
9972,-0.0014450623495965
9973,-0.00266068122219844
9974,-0.00389272800289335
9975,-0.00512469741492006
9976,-0.00576185305260367
9977,-0.00550229964410919
9978,-0.00538926233132837
9979,-0.0072813689872461
9980,-0.0117444035747065
9981,-0.0168583731063132
9982,-0.0197999848466725
9983,-0.0195735865063513
9984,-0.017649559014841
9985,-0.0159439286591717
9986,-0.0148557091285257
9987,-0.0135418956982682
9988,-0.0114524847717918
9989,-0.00893652583054168
9990,-0.00659898645355891
9991,-0.00472012863167492
9992,-0.00331954874629792
9993,-0.00227748263706396
9994,-0.00130935912565511
9995,-0.000267422820331492
9996,0.000453145804447195
9997,0.000374558122313467
9998,7.77846454767191E-05
9999,0.0012610917238253
